speaker,start_time,end_time,emotion,scores,text
MATT,00:00:00,00:00:21,Happy,"{'Angry': 2.5999321223935112e-05, 'Disgusted': 5.913246423006058e-05, 'Fearful': 6.949890575924655e-06, 'Happy': 0.9992932081222534, 'Neutral': 0.00010551598825259134, 'Other': 8.052666817093268e-05, 'Sad': 1.3021889571973588e-05, 'Surprised': 0.00037551141576841474, 'Unknown': 4.019533298560418e-05}","Welcome, and hello everyone to the next episode of Critical Role. A silly show where a bunch of us voice actors get together and play Dungeons and Dragons on Geek and Sundry's twitch stream. So for returning fans, welcome, and to all the new folks tuning in finally, welcome to you as well. So before we get into the meat, a few announcements and such, let's roll that intro."
TRAVIS,00:00:21,00:01:29,Sad,"{'Angry': 5.254293711232094e-08, 'Disgusted': 1.945938166159067e-08, 'Fearful': 4.78540007620154e-09, 'Happy': 2.2272535815659467e-08, 'Neutral': 3.014518767940899e-07, 'Other': 1.7203715119151752e-09, 'Sad': 0.9999996423721313, 'Surprised': 1.4406089654528387e-08, 'Unknown': 1.2075772326536338e-10}",Silly? [dramatic music]
MATT,00:01:29,00:01:59,Happy,"{'Angry': 7.18281626177486e-07, 'Disgusted': 1.8469221458872198e-06, 'Fearful': 7.418824310434502e-08, 'Happy': 0.9493036270141602, 'Neutral': 0.05067985877394676, 'Other': 1.4459654948950629e-06, 'Sad': 1.069961490429705e-05, 'Surprised': 2.2070797456308355e-07, 'Unknown': 1.4663652336821542e-06}","And welcome back. So, a couple things I want to get off the bat to you guys. Our subscription giveaways this evening. For every hundred subscribers, we are giving away special care packages with D&D books signed by the Critical Role crew, as well as a signed photo, comics, other goodies. So the next one will be at 5,300, we will do another giveaway. Remember, you have to be in the chat room to be able to acquire one of these packages. So tune in to get something. Keep that in mind."
LAURA,00:01:59,00:02:00,Neutral,"{'Angry': 0.00666033523157239, 'Disgusted': 0.0033420042600482702, 'Fearful': 0.0002837481733877212, 'Happy': 0.000773426319938153, 'Neutral': 0.9862421751022339, 'Other': 2.6465075279702432e-05, 'Sad': 0.0025459397584199905, 'Surprised': 7.384343189187348e-05, 'Unknown': 5.201008025323972e-05}",Yeah.
MATT,00:02:00,00:03:20,Happy,"{'Angry': 1.618793703528354e-07, 'Disgusted': 5.476637738865975e-07, 'Fearful': 9.70435110048129e-08, 'Happy': 0.9999953508377075, 'Neutral': 1.266367462449125e-06, 'Other': 3.255819933656312e-07, 'Sad': 4.3212480704823975e-07, 'Surprised': 1.7948386812349781e-06, 'Unknown': 8.935276696320216e-08}","Also, for those who may not remember from last week, we are in a very interesting month of Critical Role, as the party has been split due to a circumstance where, in the city of Vasselheim, the party, chasing after a hydra that seemed to be harrying the outside walls of the city and slaying it, got in the way and accidentally broke the laws of the Vasselheim by hunting and slaying when they weren't approved to do so. Being called skags by a band of hunters that works for the Slayer's Take guildhall. A guild that pretty much regulates most hunting of monsters and creatures within the vicinity of Vasselheim. So, as opposed to going up and dealing with charges at the seat of justice, they instead were given the option by the head of the guild hall to possibly join, but in order to do so, they would have to fulfill a contract and prove themselves worthy of being a member of the guild. And the guild master, our fantastic Huntmaster Vanessa Cyndrial, hand-picked two different groups, splitting up the twins, and they have all set out to return the next day to join, and figure out what their contract will be. So, this week we have playing: we have Grog. We have Vex'ahlia. We have Percy. We have the shortly arriving here Scanlan, who has been fighting L.A. traffic."
TRAVIS,00:03:20,00:03:22,Happy,"{'Angry': 9.863670129561797e-05, 'Disgusted': 0.0001477017067372799, 'Fearful': 8.724704821361229e-05, 'Happy': 0.88725346326828, 'Neutral': 0.11020577698945999, 'Other': 7.714518142165616e-05, 'Sad': 0.00010956127516692504, 'Surprised': 0.0012252886081114411, 'Unknown': 0.0007951471488922834}",He's here! (cheering)
MATT,00:03:22,00:03:24,Neutral,"{'Angry': 2.0078156914848933e-09, 'Disgusted': 1.2787306769013185e-09, 'Fearful': 5.080951215319374e-10, 'Happy': 1.1188854287524919e-08, 'Neutral': 1.0, 'Other': 1.8197589268797998e-10, 'Sad': 5.206646225275335e-09, 'Surprised': 1.506419877728149e-09, 'Unknown': 1.1799378141219563e-09}","Quite literally shortly arriving, Scanlan."
TRAVIS,00:03:24,00:03:26,Happy,"{'Angry': 0.013313091360032558, 'Disgusted': 0.02097870223224163, 'Fearful': 0.0028404537588357925, 'Happy': 0.8662833571434021, 'Neutral': 0.0036452068015933037, 'Other': 0.023499082773923874, 'Sad': 3.327646118123084e-05, 'Surprised': 0.002480653580278158, 'Unknown': 0.06692620366811752}","Like Superman, that was amazing."
MATT,00:03:26,00:03:50,Neutral,"{'Angry': 1.2782434615984939e-12, 'Disgusted': 5.909382277133682e-14, 'Fearful': 1.726755437041986e-14, 'Happy': 1.8394350712741536e-12, 'Neutral': 1.0, 'Other': 7.158332188453558e-15, 'Sad': 5.867170898427032e-12, 'Surprised': 5.069771642426946e-13, 'Unknown': 4.750477897337568e-14}","And eventually to join the party as they slowly make their way there-- mysterious head kiss. This is the best Thursday ever. We have joining us eventually at some point we have the very wonderful and talented Mary Elizabeth McGlynn. A fantastic, talented voice actress and director and amazing person."
MARY,00:03:50,00:03:53,Neutral,"{'Angry': 4.7534499572066125e-06, 'Disgusted': 3.865497092192527e-06, 'Fearful': 4.1410166318200936e-07, 'Happy': 1.0387907423137221e-05, 'Neutral': 0.9999643564224243, 'Other': 2.0478307760640746e-06, 'Sad': 2.295131253049476e-06, 'Surprised': 1.7628967441396526e-07, 'Unknown': 1.1740592526621185e-05}","Hello, sorry."
MATT,00:03:53,00:04:00,Neutral,"{'Angry': 3.7629624785040505e-06, 'Disgusted': 3.1852384836383862e-06, 'Fearful': 3.206596090876701e-07, 'Happy': 3.1316973036155105e-05, 'Neutral': 0.9999284744262695, 'Other': 7.0268283707264345e-06, 'Sad': 2.2922686184756458e-06, 'Surprised': 8.400208173497958e-08, 'Unknown': 2.3558093744213693e-05}","So look her stuff up online. She is also a great musician, singer, and this is her first time playing Dungeons and Dragons."
TRAVIS,00:04:00,00:04:01,Neutral,"{'Angry': 9.259905709768645e-06, 'Disgusted': 4.7049252316355705e-06, 'Fearful': 1.3147343452146742e-05, 'Happy': 0.00010340644075768068, 'Neutral': 0.999821126461029, 'Other': 3.3462157489339006e-07, 'Sad': 4.547083881334402e-05, 'Surprised': 1.8658033695828635e-06, 'Unknown': 6.812817332502163e-07}",Newbie!
MARY,00:04:01,00:04:02,Neutral,"{'Angry': 0.00901890080422163, 'Disgusted': 0.0006287320866249502, 'Fearful': 7.207331509562209e-05, 'Happy': 0.33789265155792236, 'Neutral': 0.6510406732559204, 'Other': 0.0006105025531724095, 'Sad': 0.0003613123844843358, 'Surprised': 0.00012949340452905744, 'Unknown': 0.0002456462534610182}",Newbie!
MATT,00:04:02,00:04:04,Happy,"{'Angry': 2.8280101815880698e-08, 'Disgusted': 3.502638179497808e-09, 'Fearful': 1.5323154967106234e-09, 'Happy': 1.0, 'Neutral': 7.09503744644735e-09, 'Other': 1.258357862354842e-10, 'Sad': 1.8150316805076727e-09, 'Surprised': 8.048814059691267e-09, 'Unknown': 3.5729597058775653e-10}","Yeah, I'm super excited."
TRAVIS,00:04:04,00:04:05,Neutral,"{'Angry': 0.0011453096522018313, 'Disgusted': 0.0009450053912587464, 'Fearful': 6.371596828103065e-05, 'Happy': 0.004362521227449179, 'Neutral': 0.9879229664802551, 'Other': 2.170648440369405e-05, 'Sad': 0.00021394721989054233, 'Surprised': 0.005318467039614916, 'Unknown': 6.388368092302699e-06}",I'm going to kill you.
MARY,00:04:05,00:04:06,Neutral,"{'Angry': 0.03001243621110916, 'Disgusted': 0.0026781780179589987, 'Fearful': 0.03332136943936348, 'Happy': 0.14722852408885956, 'Neutral': 0.7730669379234314, 'Other': 0.00032997006201185286, 'Sad': 0.005788085050880909, 'Surprised': 0.006526286248117685, 'Unknown': 0.0010481476783752441}",Yes.
MATT,00:04:06,00:04:19,Happy,"{'Angry': 4.975345135882492e-10, 'Disgusted': 3.5684664112523024e-09, 'Fearful': 7.578743188574322e-10, 'Happy': 1.0, 'Neutral': 1.6373638445088545e-08, 'Other': 3.4924978464800915e-09, 'Sad': 6.27609120229522e-09, 'Surprised': 4.163484002006612e-10, 'Unknown': 1.3997717651648145e-08}","Probably. And in the middle of the other table, we have our other illustrious guest this evening. The so-called headmaster of Geek and Sundry herself, Felicia Day. Thank you for joining us, Felicia. (cheering)"
FELICIA,00:04:19,00:04:21,Neutral,"{'Angry': 3.149642111566209e-07, 'Disgusted': 5.793979198642774e-07, 'Fearful': 1.215378375718501e-07, 'Happy': 3.709623115355498e-06, 'Neutral': 0.9999897480010986, 'Other': 8.227980856645445e-07, 'Sad': 8.845233310239564e-07, 'Surprised': 1.3117214869851068e-08, 'Unknown': 3.865510279865703e-06}","I like to refer to myself as Duchess, Grand Duchess."
MATT,00:04:21,00:04:23,Unknown,"{'Angry': 0.0004673873772844672, 'Disgusted': 0.0029461130034178495, 'Fearful': 0.01231345720589161, 'Happy': 0.09687073528766632, 'Neutral': 0.41947677731513977, 'Other': 0.0013760579749941826, 'Sad': 0.0035163643769919872, 'Surprised': 2.908742317231372e-05, 'Unknown': 0.4630040228366852}","Grand Duchess, also viable."
SAM,00:04:23,00:04:24,Neutral,"{'Angry': 0.0003268115979153663, 'Disgusted': 0.0018940344452857971, 'Fearful': 0.0038414616137742996, 'Happy': 0.03385645151138306, 'Neutral': 0.9228573441505432, 'Other': 0.00018724938854575157, 'Sad': 0.0015019432175904512, 'Surprised': 5.596722985501401e-05, 'Unknown': 0.03547878563404083}",Golf claps.
FELICIA,00:04:24,00:04:26,Neutral,"{'Angry': 0.0021017719991505146, 'Disgusted': 0.0069756824523210526, 'Fearful': 0.0005745113594457507, 'Happy': 0.004805536475032568, 'Neutral': 0.982155978679657, 'Other': 0.00024332039174623787, 'Sad': 0.0013136351481080055, 'Surprised': 0.0006839071284048259, 'Unknown': 0.00114558229688555}","Golf claps, very appropriate."
MATT,00:04:26,00:04:30,Happy,"{'Angry': 0.0004012924910057336, 'Disgusted': 0.0011655786074697971, 'Fearful': 0.0005031920154578984, 'Happy': 0.9323602318763733, 'Neutral': 0.03252561762928963, 'Other': 0.0004542515380308032, 'Sad': 0.0005976572865620255, 'Surprised': 9.025655344885308e-06, 'Unknown': 0.03198319673538208}","(laughs) So yeah, thank you so much for joining."
FELICIA,00:04:30,00:04:35,Neutral,"{'Angry': 4.075638935319148e-05, 'Disgusted': 0.00013697384565602988, 'Fearful': 1.3968066923553124e-05, 'Happy': 0.0004313208337407559, 'Neutral': 0.9980058073997498, 'Other': 0.0001241660356754437, 'Sad': 5.583039819612168e-05, 'Surprised': 3.0693106509716017e-06, 'Unknown': 0.0011880769161507487}","I'm so excited to be here. I'm a huge fan of the show, so I spend my Thursdays watching you guys."
SAM,00:04:35,00:04:37,Neutral,"{'Angry': 4.0033705772657413e-07, 'Disgusted': 3.7648374018317554e-07, 'Fearful': 5.259500994725386e-07, 'Happy': 1.3064582162769511e-05, 'Neutral': 0.9999808073043823, 'Other': 2.626406114814017e-07, 'Sad': 3.3357364372932352e-06, 'Surprised': 8.652782526041847e-07, 'Unknown': 4.209892949802452e-07}",Who is your favorite character on the show?
LAURA,00:04:37,00:04:39,Neutral,"{'Angry': 0.0035966585855931044, 'Disgusted': 0.0037871410604566336, 'Fearful': 0.01117002870887518, 'Happy': 0.452240526676178, 'Neutral': 0.496103972196579, 'Other': 0.0002724790829233825, 'Sad': 0.014670630916953087, 'Surprised': 0.015813155099749565, 'Unknown': 0.0023453955072909594}","Say Trinket, say Trinket"
FELICIA,00:04:39,00:04:42,Neutral,"{'Angry': 0.022490244358778, 'Disgusted': 0.011959507130086422, 'Fearful': 0.011876808479428291, 'Happy': 0.42121627926826477, 'Neutral': 0.4544824957847595, 'Other': 0.001377725275233388, 'Sad': 0.012080960907042027, 'Surprised': 0.009647599421441555, 'Unknown': 0.05486833304166794}",Not the one with the scatological problem.
SAM,00:04:42,00:04:46,Happy,"{'Angry': 2.5924343227679003e-10, 'Disgusted': 7.086378150944483e-10, 'Fearful': 3.5137034948284906e-10, 'Happy': 1.0, 'Neutral': 1.4294633254863243e-09, 'Other': 2.2836212087984364e-10, 'Sad': 7.170771754161365e-10, 'Surprised': 9.798573064045968e-10, 'Unknown': 2.5035076789414745e-10}",I think of it more as a gift. (laughter)
TALIESIN,00:04:46,00:04:48,Neutral,"{'Angry': 0.001623731222935021, 'Disgusted': 0.0021820433903485537, 'Fearful': 0.0026220730505883694, 'Happy': 0.014537492766976357, 'Neutral': 0.9290544390678406, 'Other': 0.0005457179504446685, 'Sad': 0.0006870446959510446, 'Surprised': 1.3441434930427931e-05, 'Unknown': 0.04873396456241608}",That keeps giving and giving and...
MARY,00:04:48,00:04:50,Neutral,"{'Angry': 2.21626614802517e-05, 'Disgusted': 4.172821354586631e-05, 'Fearful': 4.07895386160817e-05, 'Happy': 0.0015191148268058896, 'Neutral': 0.9978682994842529, 'Other': 1.4642784663010389e-05, 'Sad': 5.475339276017621e-05, 'Surprised': 1.2114152923459187e-05, 'Unknown': 0.00042643409688025713}",The one who likes to talk to poo.
TRAVIS,00:04:50,00:04:53,Neutral,"{'Angry': 0.1128503605723381, 'Disgusted': 0.01182517409324646, 'Fearful': 0.025725416839122772, 'Happy': 0.08036026358604431, 'Neutral': 0.5907589197158813, 'Other': 0.014006548561155796, 'Sad': 0.02085943892598152, 'Surprised': 0.012290443293750286, 'Unknown': 0.1313234567642212}","Well that's a lot of us, actually."
MATT,00:04:53,00:05:03,Neutral,"{'Angry': 1.5042201928494592e-09, 'Disgusted': 2.465869453072145e-10, 'Fearful': 4.849124574102248e-11, 'Happy': 2.5523721092213236e-07, 'Neutral': 0.9999997615814209, 'Other': 2.3468700940942888e-11, 'Sad': 1.0888131285469171e-08, 'Surprised': 8.032950415959306e-10, 'Unknown': 3.273187276775502e-11}","Before we get into the nitty gritty, do we have any announcements we want to make? Anything in particular coming up? I believe, Laura, you're bolting at the end of the game."
LAURA,00:05:03,00:05:10,Neutral,"{'Angry': 1.0579737633924571e-13, 'Disgusted': 3.237510696270547e-15, 'Fearful': 5.250367075478079e-16, 'Happy': 1.1707910303141583e-13, 'Neutral': 1.0, 'Other': 3.9026495120304133e-16, 'Sad': 3.080390218075657e-13, 'Surprised': 4.2404776657298596e-14, 'Unknown': 1.5033669084670172e-15}","I'm leaving probably during the game, to catch my flight to go to GenCon for the Titansgrave panel. Tomorrow!"
MATT,00:05:10,00:05:20,Neutral,"{'Angry': 1.727274323570782e-08, 'Disgusted': 1.4646321933042827e-09, 'Fearful': 1.3631987205720009e-10, 'Happy': 1.706891197272853e-07, 'Neutral': 0.9999997615814209, 'Other': 8.584886967977212e-11, 'Sad': 1.671186922180823e-08, 'Surprised': 1.1457705895168147e-08, 'Unknown': 3.3604351939997557e-11}","Yeah! Which for the record, I want to point out guys, this is how much Laura loves you. She was going to miss today's game but then bit the bullet, changed her flight, just so she could be here to play with everyone."
FELICIA,00:05:20,00:05:24,Neutral,"{'Angry': 0.0010128678986802697, 'Disgusted': 0.0015570438699796796, 'Fearful': 0.0023220027796924114, 'Happy': 0.03186884522438049, 'Neutral': 0.9114326238632202, 'Other': 0.0018735540797933936, 'Sad': 0.0096140680834651, 'Surprised': 0.00014124216977506876, 'Unknown': 0.04017764329910278}",Golf claps.
LAURA,00:05:24,00:05:28,Neutral,"{'Angry': 4.8230742316635045e-12, 'Disgusted': 6.095725053195666e-13, 'Fearful': 9.276375511919205e-14, 'Happy': 1.1305968314334613e-11, 'Neutral': 1.0, 'Other': 5.902510468239197e-14, 'Sad': 1.4360697526971666e-11, 'Surprised': 2.0776728861665594e-12, 'Unknown': 3.28588908469693e-13}","Well, after I saw my glorious Trinket yesterday, there was no choice really."
MATT,00:05:28,00:05:51,Neutral,"{'Angry': 8.929582605027991e-14, 'Disgusted': 3.2972239779531336e-15, 'Fearful': 5.661623805984907e-16, 'Happy': 1.2281515594011333e-13, 'Neutral': 1.0, 'Other': 6.213169309589545e-16, 'Sad': 3.129012890804028e-13, 'Surprised': 4.4139601777229073e-14, 'Unknown': 2.2321711028226807e-15}","(laughs) The Trinket that devours, by the way. Every person that's hugged that bear has vanished, temporarily, within its physical form. It is a new wonderful addition to the chat room-- I mean to the whole show, and thank you to the Critters for making that happen. It's ridiculous. It's-- you guys are the best, I have no words. Anything else anyone wants to announce? Anything coming up?"
MARY,00:05:51,00:06:00,Neutral,"{'Angry': 0.0019052003044635057, 'Disgusted': 0.001671124016866088, 'Fearful': 6.530413520522416e-05, 'Happy': 0.1221681460738182, 'Neutral': 0.8632057905197144, 'Other': 0.0019601648673415184, 'Sad': 0.0009921608725562692, 'Surprised': 4.470042767934501e-05, 'Unknown': 0.007987392134964466}","I'm off to San Antonio tomorrow morning, very early, for San Japan. With Steve Blum. So come on out and have some fun in San Antonio."
MATT,00:06:00,00:06:04,Neutral,"{'Angry': 4.961591554275557e-11, 'Disgusted': 3.021434231281761e-12, 'Fearful': 8.595940257337398e-13, 'Happy': 5.76705246058129e-11, 'Neutral': 1.0, 'Other': 1.166682581706796e-13, 'Sad': 7.194866230575414e-11, 'Surprised': 1.0716981989344898e-11, 'Unknown': 7.679923320555448e-13}","Heck yeah. It's a great convention, I went there last year. They're really, really good, so all you folks out there."
MARY,00:06:04,00:06:06,Neutral,"{'Angry': 0.0007426327792927623, 'Disgusted': 0.0008601571898907423, 'Fearful': 0.00037447642534971237, 'Happy': 0.005656504072248936, 'Neutral': 0.9883628487586975, 'Other': 0.00014499160170089453, 'Sad': 0.003391377395018935, 'Surprised': 0.00010991987073794007, 'Unknown': 0.00035706712515093386}",We were both there last year.
MARY,00:06:06,00:06:07,Neutral,"{'Angry': 4.786076956975194e-08, 'Disgusted': 5.6488826061240616e-08, 'Fearful': 7.065057161526056e-08, 'Happy': 1.510896225909164e-07, 'Neutral': 0.9999992847442627, 'Other': 1.4002220716236025e-08, 'Sad': 2.3478094135498395e-07, 'Surprised': 1.549114614363134e-07, 'Unknown': 4.782168439021461e-09}",Yes!
MATT,00:06:07,00:06:40,Fearful,"{'Angry': 0.0002961372956633568, 'Disgusted': 0.0011416462948545814, 'Fearful': 0.6034585237503052, 'Happy': 0.32364484667778015, 'Neutral': 0.0003736061917152256, 'Other': 0.0383993498980999, 'Sad': 0.01569816656410694, 'Surprised': 0.014961316250264645, 'Unknown': 0.0020264715421944857}","So go check out Mary in San Antonio. You guys should go. Also, we've had a lot of questions through twitter, from a lot of the fans, and I like the idea of transparency, and mentioning how first off, no game or game master is infallible and rules do shift and change and there have been a couple of minor alterations to the rules. Which, you know, you house rule things in a game and you test it out and balance can shift. For those who have looked at the gunslinger martial archetype that Percy plays with, I have made a few adjustments to it, balancing out a few elements there. DCs for different shots and--"
TALIESIN,00:06:40,00:06:46,Neutral,"{'Angry': 3.3155571145471185e-05, 'Disgusted': 2.8519780244096182e-05, 'Fearful': 1.5685342305005179e-06, 'Happy': 1.2292928659007885e-05, 'Neutral': 0.9998776912689209, 'Other': 1.284715017391136e-05, 'Sad': 3.2461130103911273e-06, 'Surprised': 1.991443951965266e-07, 'Unknown': 3.045124321943149e-05}",Definitely some foam darts that I'm shooting now. That's all I'm saying. I'm saying there is a lot of pump action and then a foam dart comes out.
TRAVIS,00:06:46,00:06:48,Happy,"{'Angry': 1.0168475089722406e-10, 'Disgusted': 7.280736014081413e-10, 'Fearful': 1.4717538299180433e-09, 'Happy': 1.0, 'Neutral': 3.3389638276482003e-10, 'Other': 1.406834426731507e-09, 'Sad': 9.556484492634354e-10, 'Surprised': 9.045637017202068e-10, 'Unknown': 4.618112281473685e-10}",Really?
TALIESIN,00:06:48,00:06:50,Neutral,"{'Angry': 2.0650443854908218e-10, 'Disgusted': 5.3693358786910395e-11, 'Fearful': 1.7797575913025554e-11, 'Happy': 2.5489924060373426e-10, 'Neutral': 1.0, 'Other': 3.4479149136484866e-12, 'Sad': 7.2586348043302e-10, 'Surprised': 6.516753803254005e-11, 'Unknown': 5.7410391544887585e-12}",With a suction thing at the end.
MATT,00:06:50,00:07:31,Happy,"{'Angry': 3.2786331427558935e-09, 'Disgusted': 1.0244367132372645e-08, 'Fearful': 6.135957519859403e-09, 'Happy': 0.9999998807907104, 'Neutral': 1.4912574286540803e-08, 'Other': 1.1727136595141019e-08, 'Sad': 3.276803184348864e-08, 'Surprised': 3.6527205704572907e-09, 'Unknown': 8.817327312726775e-09}","You don't get foam darts until level 18. That is a higher level ability. The noise happens at level 19-- you level up to get the actual sound. So check out the gunslinger archetype, there's been some changes to it. Also, for the sorcerer points, we had house ruled a configuration where sorcerer points would be one point per spell level of spell cast. As the levels got higher it got a little overpowered in some combat circumstances, so we narrowed that down. Which is still a bonus over the actual rules which allow you to only cast one spell per round and a cantrip. We made it so that you can cast, with quickened spell, any spell and then a 2nd-level spell maximum in the same round. Slight variation."
LAURA,00:07:31,00:07:32,Neutral,"{'Angry': 0.0032383797224611044, 'Disgusted': 0.01184450089931488, 'Fearful': 0.011106396093964577, 'Happy': 0.08562085777521133, 'Neutral': 0.6593008041381836, 'Other': 0.0002125614118995145, 'Sad': 0.22196613252162933, 'Surprised': 0.006320502143353224, 'Unknown': 0.0003898336144629866}",I don't understand anything you just said.
TALIESIN,00:07:32,00:07:33,Neutral,"{'Angry': 4.1691009755595587e-07, 'Disgusted': 5.067601094310703e-08, 'Fearful': 2.556975076117851e-09, 'Happy': 2.7633395802695304e-05, 'Neutral': 0.9999715089797974, 'Other': 1.6840530081552174e-09, 'Sad': 2.2436819335780456e-07, 'Surprised': 1.2434244922587823e-07, 'Unknown': 3.56149526536953e-10}",Made no sense to me.
MARY,00:07:33,00:07:35,Neutral,"{'Angry': 1.480000378251134e-06, 'Disgusted': 1.0674173154257005e-06, 'Fearful': 9.103968636736681e-07, 'Happy': 1.6155007642737473e-06, 'Neutral': 0.9999898672103882, 'Other': 2.3696200912581844e-07, 'Sad': 2.6319273729313863e-06, 'Surprised': 2.035625357166282e-06, 'Unknown': 6.832698318248731e-08}",Two spells at once? Two spells.
MATT,00:07:35,00:07:52,Happy,"{'Angry': 1.7517225003871317e-08, 'Disgusted': 5.967639538084768e-08, 'Fearful': 1.576085217891432e-08, 'Happy': 0.9999996423721313, 'Neutral': 7.183000860777611e-08, 'Other': 6.927405138412723e-08, 'Sad': 6.25810230303614e-08, 'Surprised': 8.794012629209647e-09, 'Unknown': 9.267470346685514e-08}","That's okay. It's for the sorcerer, you don't have to worry about it. Minor house rule adjustments, so all you guys out there who GM and DM don't be afraid to adjust balance as you go, as long as you talk to the players about it. Anyway, that's it and that's all on my end. Shall we go ahead and begin?"
TRAVIS,00:07:52,00:07:54,Happy,"{'Angry': 1.8790458966577717e-08, 'Disgusted': 8.880916624320889e-08, 'Fearful': 1.1069540839514502e-08, 'Happy': 0.9999984502792358, 'Neutral': 1.21462596780475e-06, 'Other': 7.443371252691122e-09, 'Sad': 1.2808439464606636e-07, 'Surprised': 3.521860847399694e-08, 'Unknown': 2.395816522948735e-08}",(loud maniacal laughter)
MATT,00:07:54,00:07:56,Happy,"{'Angry': 0.00012000999413430691, 'Disgusted': 0.00012942803732585162, 'Fearful': 5.5001040891511366e-05, 'Happy': 0.9496606588363647, 'Neutral': 0.04927738010883331, 'Other': 9.899427823256701e-06, 'Sad': 0.00018882994481828064, 'Surprised': 0.0005343195516616106, 'Unknown': 2.4450317141599953e-05}","Calm down, Phillip."
TRAVIS,00:07:56,00:07:59,Happy,"{'Angry': 5.7333145377924666e-05, 'Disgusted': 0.00017060583923012018, 'Fearful': 3.368712714291178e-05, 'Happy': 0.9153148531913757, 'Neutral': 0.08341658115386963, 'Other': 4.0578594052931294e-05, 'Sad': 0.00021830790501553565, 'Surprised': 7.0998094088281505e-06, 'Unknown': 0.0007409985410049558}","All right, but I'm not Phillip right now, he lost. I'm a winner."
LAURA,00:07:59,00:08:01,Neutral,"{'Angry': 4.7259418352041394e-05, 'Disgusted': 0.00010560786904534325, 'Fearful': 0.0001278891577385366, 'Happy': 0.0008611711673438549, 'Neutral': 0.997349739074707, 'Other': 4.4955268094781786e-05, 'Sad': 0.00022579386131837964, 'Surprised': 8.326172974193469e-06, 'Unknown': 0.001229170593433082}",Phillip doesn't exist anymore.
TRAVIS,00:08:01,00:08:03,Surprised,"{'Angry': 8.903006346372422e-06, 'Disgusted': 5.055610472481931e-06, 'Fearful': 0.00022793925018049777, 'Happy': 0.00020220874284859747, 'Neutral': 1.0139123332919553e-05, 'Other': 2.9388093025772832e-05, 'Sad': 2.9775910661555827e-05, 'Surprised': 0.9994797110557556, 'Unknown': 6.976596523600165e-06}",(cries)
LAURA,00:08:03,00:08:06,Happy,"{'Angry': 0.0001277380797546357, 'Disgusted': 0.00014589550846721977, 'Fearful': 0.00012952822726219893, 'Happy': 0.9879978895187378, 'Neutral': 0.009077728725969791, 'Other': 5.712287747883238e-05, 'Sad': 7.397058652713895e-05, 'Surprised': 3.7499448808375746e-05, 'Unknown': 0.0023525780998170376}","Phillip's legacy is 1,000 gold to repay."
TRAVIS,00:08:06,00:08:10,Happy,"{'Angry': 3.746120924574825e-08, 'Disgusted': 6.266014196398828e-08, 'Fearful': 8.654664895857422e-08, 'Happy': 0.9999985694885254, 'Neutral': 2.0583988202815817e-07, 'Other': 2.6932987395866803e-08, 'Sad': 1.2109400593374176e-08, 'Surprised': 3.347550014964895e-09, 'Unknown': 9.135679306382372e-07}",Phillip is training to an 80s training montage right now. In a beef locker somewhere.
MARY,00:08:10,00:08:12,Neutral,"{'Angry': 0.0005843544495292008, 'Disgusted': 0.000150087580550462, 'Fearful': 5.140960274729878e-05, 'Happy': 0.004221775569021702, 'Neutral': 0.9941399097442627, 'Other': 0.00012361700646579266, 'Sad': 6.0879538068547845e-05, 'Surprised': 1.4457027646130882e-05, 'Unknown': 0.0006534481071867049}",Because everyone needs a montage.
TRAVIS,00:08:12,00:08:13,Angry,"{'Angry': 0.9351138472557068, 'Disgusted': 0.008670111186802387, 'Fearful': 0.0005356253241188824, 'Happy': 0.0030695591121912003, 'Neutral': 0.046038318425416946, 'Other': 6.714777555316687e-05, 'Sad': 0.006271964870393276, 'Surprised': 0.00010821543401107192, 'Unknown': 0.00012515865091700107}",Yep.
MATT,00:08:13,00:09:15,Happy,"{'Angry': 1.3054020087110985e-09, 'Disgusted': 7.3963248858888164e-09, 'Fearful': 1.7928662998656364e-09, 'Happy': 0.9999998807907104, 'Neutral': 3.1223311935946185e-08, 'Other': 1.1178165948422247e-08, 'Sad': 1.812423988667433e-08, 'Surprised': 5.96215188330973e-10, 'Unknown': 1.3751004779294362e-08}","Glorious. I think that is an important circumstance. All right, so getting this started. The party has found themselves in the city of Vasselheim; a very deity and religion based city, in a very harsh environment. It's far up north in this continent and the weather itself is very cold, the landscape is very harsh and rugged, and outside of the city itself, there is an extremely dark, oppressive, almost unnaturally fast-growing forest known as the Vesper Timberland. This is where you encountered the hydra, last time. You just barely trekked out of the the city and found that creature. Who knows what else lies out there, but the city seems very well prepared to defend itself against whatever atrocities make their way towards the outskirts of the city. So, after Grog fought very gloriously in the Crucible and just barely lost due to a test of strength that just didn't fall in his favor, he sulked via ale and ladies back at the tavern."
TRAVIS,00:09:15,00:09:16,Neutral,"{'Angry': 5.482160059244734e-09, 'Disgusted': 2.588313730012004e-10, 'Fearful': 1.1122133596053185e-11, 'Happy': 1.733792553970659e-09, 'Neutral': 1.0, 'Other': 6.007108872829736e-12, 'Sad': 2.1103705449831978e-09, 'Surprised': 1.3906027718224578e-10, 'Unknown': 1.0824980668788786e-11}",Yeah.
MATT,00:09:16,00:09:50,Neutral,"{'Angry': 0.0034402236342430115, 'Disgusted': 0.023401059210300446, 'Fearful': 0.0013119872892275453, 'Happy': 0.20066431164741516, 'Neutral': 0.47300535440444946, 'Other': 0.19403551518917084, 'Sad': 0.002027892041951418, 'Surprised': 0.060427092015743256, 'Unknown': 0.04168657213449478}","Now, after defeating the hydra, being called on their law breakage in Vasselheim, have been tasked to return the next morning, as separate groups, to figure out what contract is being given to them and what members of their team await them as they arrive. So, you guys have taken the evening to rest. The next morning has come about. You find yourselves awakening within your respective tavern rooms, the members of Vox Machina. What preparation would you like to embark in this morning for whatever mysterious trek awaits you?"
TRAVIS,00:09:50,00:09:53,Neutral,"{'Angry': 1.0352988466522106e-09, 'Disgusted': 1.4068123055377413e-10, 'Fearful': 7.964660181380978e-11, 'Happy': 5.698177574231522e-08, 'Neutral': 1.0, 'Other': 7.780629439346765e-12, 'Sad': 8.744289736739574e-09, 'Surprised': 6.07048689094114e-10, 'Unknown': 8.511968907498613e-12}",Do they have a weapons closet?
LAURA,00:09:53,00:09:56,Neutral,"{'Angry': 4.309754331188742e-07, 'Disgusted': 5.10483687321539e-07, 'Fearful': 1.73164025341066e-07, 'Happy': 1.2568754755193368e-05, 'Neutral': 0.9999822378158569, 'Other': 2.8968725018785335e-07, 'Sad': 1.571182110637892e-06, 'Surprised': 3.573812890067529e-08, 'Unknown': 2.1744265268353047e-06}",In the tavern room?
TRAVIS,00:09:56,00:09:58,Neutral,"{'Angry': 1.0244927871544754e-13, 'Disgusted': 4.167588871256027e-15, 'Fearful': 7.462589493601737e-16, 'Happy': 1.4090042067121944e-13, 'Neutral': 1.0, 'Other': 9.40054740796478e-16, 'Sad': 3.5684180762184103e-13, 'Surprised': 5.371212440205726e-14, 'Unknown': 3.562511732417865e-15}","Oh shit, I thought we were in the guildhall."
MATT,00:09:58,00:10:04,Happy,"{'Angry': 0.00032609846675768495, 'Disgusted': 0.001229632180184126, 'Fearful': 0.00048605885240249336, 'Happy': 0.9841628074645996, 'Neutral': 0.007894308306276798, 'Other': 0.0003723999543581158, 'Sad': 0.00042711017886176705, 'Surprised': 0.0027021728456020355, 'Unknown': 0.0023994790390133858}","Not yet. You can go there if you want to, but if there is anything you want to do before arriving at the guildhall, that's up to you."
TRAVIS,00:10:04,00:10:06,Neutral,"{'Angry': 2.601848609629087e-05, 'Disgusted': 8.810784493107349e-05, 'Fearful': 0.00011622928286669776, 'Happy': 0.0019124839454889297, 'Neutral': 0.9969056248664856, 'Other': 1.620490183995571e-05, 'Sad': 0.00034676099312491715, 'Surprised': 1.0509792446100619e-05, 'Unknown': 0.0005780885112471879}",Scanlan.
SAM,00:10:06,00:10:07,Neutral,"{'Angry': 1.036745379678905e-05, 'Disgusted': 3.147167444694787e-05, 'Fearful': 4.26064980274532e-06, 'Happy': 8.877497748471797e-05, 'Neutral': 0.999819815158844, 'Other': 2.4203447992476868e-06, 'Sad': 3.7380916182883084e-05, 'Surprised': 9.918780961015727e-07, 'Unknown': 4.477672518987674e-06}",Oi!
TRAVIS,00:10:07,00:10:09,Neutral,"{'Angry': 1.31776067922168e-12, 'Disgusted': 4.9024708446455956e-14, 'Fearful': 1.2852120694181908e-14, 'Happy': 1.587480689436982e-12, 'Neutral': 1.0, 'Other': 4.140602401556505e-15, 'Sad': 4.148070342074872e-12, 'Surprised': 3.606434812244985e-13, 'Unknown': 3.4825044730553076e-14}",Do you want anything from the tavern before we leave?
SAM,00:10:09,00:10:11,Neutral,"{'Angry': 7.555578385165518e-10, 'Disgusted': 1.330473620164696e-09, 'Fearful': 1.4807069459443767e-10, 'Happy': 1.3691696665318887e-09, 'Neutral': 1.0, 'Other': 1.521425624373407e-10, 'Sad': 2.8015199049491457e-09, 'Surprised': 5.41039824053513e-10, 'Unknown': 1.3838609425054216e-10}",What time is it?
TRAVIS,00:10:11,00:10:12,Neutral,"{'Angry': 1.4572218560715555e-06, 'Disgusted': 1.1315288475088892e-06, 'Fearful': 3.2698594623070676e-06, 'Happy': 1.712437551759649e-05, 'Neutral': 0.999935507774353, 'Other': 7.560226435998629e-07, 'Sad': 3.523754276102409e-05, 'Surprised': 1.703563441424194e-07, 'Unknown': 5.349428192857886e-06}",What time is it?
LAURA,00:10:12,00:10:15,Neutral,"{'Angry': 3.307135557406582e-06, 'Disgusted': 3.839924374915427e-06, 'Fearful': 7.958089440762706e-07, 'Happy': 0.00010113973257830366, 'Neutral': 0.9998593330383301, 'Other': 2.431935399727081e-06, 'Sad': 4.097014880244387e-06, 'Surprised': 1.0760288660094375e-07, 'Unknown': 2.489513462933246e-05}",What difference does it make? I want to take a shot with my brother.
MATT,00:10:15,00:10:40,Neutral,"{'Angry': 2.537898780019532e-09, 'Disgusted': 9.561556879589261e-09, 'Fearful': 6.903630445087572e-10, 'Happy': 5.1207670992425847e-08, 'Neutral': 0.9999998807907104, 'Other': 1.1203138861048956e-08, 'Sad': 2.566263823666759e-08, 'Surprised': 2.5603528186479707e-08, 'Unknown': 1.858846521152202e-09}","All right. So as you and Vax'ildan get together at the bar, you have the strongest form of nasty Vasselheim liquor that they could possibly muster. It looks somewhat murky, it has elements of blue and gray to it. The barkeep assured you that this is-- ""This is what you're looking for to wake up in the morning, trust me."""
LAURA,00:10:40,00:10:43,Angry,"{'Angry': 0.9575563073158264, 'Disgusted': 0.009893525391817093, 'Fearful': 0.0007044774247333407, 'Happy': 0.0029703709296882153, 'Neutral': 0.018100203946232796, 'Other': 0.0003623483353294432, 'Sad': 0.0011373490560799837, 'Surprised': 6.280310481088236e-05, 'Unknown': 0.009212575852870941}",Does it taste like NyQuil?
MATT,00:10:43,00:10:50,Happy,"{'Angry': 0.00787364225834608, 'Disgusted': 0.0015732087194919586, 'Fearful': 0.0004598929372150451, 'Happy': 0.8081663250923157, 'Neutral': 0.09829269349575043, 'Other': 0.002116684103384614, 'Sad': 0.07843215763568878, 'Surprised': 0.0019811266101896763, 'Unknown': 0.0011043073609471321}","As you down the shot, it's-- not knowing what NyQuil tastes like because there is no such thing as NyQuil in this world."
LAURA,00:10:50,00:10:51,Neutral,"{'Angry': 0.0010644440772011876, 'Disgusted': 0.00031404622131958604, 'Fearful': 7.892768189776689e-05, 'Happy': 0.000494389736559242, 'Neutral': 0.9962781071662903, 'Other': 1.3519272215489764e-05, 'Sad': 0.0012767434818670154, 'Surprised': 0.00047642813296988606, 'Unknown': 3.3705737223499455e-06}",Right.
TALIESIN,00:10:51,00:10:52,Happy,"{'Angry': 1.8052454834105447e-05, 'Disgusted': 0.00039085993194021285, 'Fearful': 5.611010055872612e-05, 'Happy': 0.9994097948074341, 'Neutral': 2.4830223992466927e-05, 'Other': 1.5536223145318218e-05, 'Sad': 1.4425638255488593e-05, 'Surprised': 6.712400499964133e-05, 'Unknown': 3.295616807008628e-06}",Ye olde NyQuil.
MATT,00:10:52,00:11:00,Neutral,"{'Angry': 0.002815960207954049, 'Disgusted': 0.007628506049513817, 'Fearful': 0.00689959991723299, 'Happy': 0.06348982453346252, 'Neutral': 0.8487940430641174, 'Other': 0.0030050117056816816, 'Sad': 0.009555916301906109, 'Surprised': 0.005343228578567505, 'Unknown': 0.05246791988611221}",The flavor would be reminiscent of licking a wagon wheel that has seen at least 100 miles of travel.
LAURA,00:11:00,00:11:04,Happy,"{'Angry': 0.005563798360526562, 'Disgusted': 0.002096758922562003, 'Fearful': 0.0006267615244723856, 'Happy': 0.9593425989151001, 'Neutral': 0.025477569550275803, 'Other': 7.350828673224896e-05, 'Sad': 0.003339180490002036, 'Surprised': 0.0033694191370159388, 'Unknown': 0.00011031071335310116}","Tastes like your feet smell, brother."
MATT,00:11:04,00:11:12,Neutral,"{'Angry': 1.080266974895494e-05, 'Disgusted': 3.0175851861713454e-06, 'Fearful': 1.4342019483137847e-07, 'Happy': 0.04002320021390915, 'Neutral': 0.9599360823631287, 'Other': 1.6718540791771375e-06, 'Sad': 2.321583633602131e-05, 'Surprised': 4.967255904375634e-07, 'Unknown': 1.3416389492704184e-06}","Of which, Vax immediately cringes his face. ""Oh well, that is rather uncouth, dear sister"""
TALIESIN,00:11:12,00:11:16,Happy,"{'Angry': 2.8714919608319178e-05, 'Disgusted': 9.983622476283927e-06, 'Fearful': 0.00010029844270320609, 'Happy': 0.9982048273086548, 'Neutral': 5.667173354595434e-06, 'Other': 2.1163677956792526e-06, 'Sad': 9.81700031843502e-06, 'Surprised': 0.0016348246717825532, 'Unknown': 3.6395338156580692e-06}","And not having Liam here, I'll just-- like that."
TRAVIS,00:11:16,00:11:18,Happy,"{'Angry': 0.010259948670864105, 'Disgusted': 0.06459665298461914, 'Fearful': 0.022485345602035522, 'Happy': 0.3926362693309784, 'Neutral': 0.32476943731307983, 'Other': 0.0017824377864599228, 'Sad': 0.025296183302998543, 'Surprised': 0.07712419331073761, 'Unknown': 0.0810495987534523}",Get rid of it. Put it down.
MATT,00:11:18,00:11:26,Happy,"{'Angry': 9.939483680554417e-10, 'Disgusted': 3.640917123348686e-09, 'Fearful': 1.933344595528297e-09, 'Happy': 1.0, 'Neutral': 2.9415054836334775e-09, 'Other': 7.989631733984481e-10, 'Sad': 2.214401551015044e-09, 'Surprised': 2.3577397811891387e-09, 'Unknown': 2.19807838597319e-09}","The foot's healed now. The foot is healed. So you finish your shots, you say adieu to each other and--"
LAURA,00:11:26,00:11:28,Happy,"{'Angry': 5.582532594416989e-06, 'Disgusted': 1.2799540627383976e-06, 'Fearful': 4.012349847926089e-07, 'Happy': 0.9999877214431763, 'Neutral': 1.4407745538846939e-06, 'Other': 7.732748485977936e-08, 'Sad': 5.690279749615001e-07, 'Surprised': 2.7534049422683893e-06, 'Unknown': 2.2846859337732894e-07}",See you on the other side
MATT,00:11:28,00:11:30,Happy,"{'Angry': 0.0019810551311820745, 'Disgusted': 0.008078990504145622, 'Fearful': 0.010386334732174873, 'Happy': 0.5202451944351196, 'Neutral': 0.29741573333740234, 'Other': 0.0016423219349235296, 'Sad': 0.022301968187093735, 'Surprised': 0.0004250493075232953, 'Unknown': 0.13752327859401703}","""Indeed, stay safe."""
TRAVIS,00:11:30,00:11:33,Happy,"{'Angry': 3.0025150863366434e-06, 'Disgusted': 6.933642907824833e-06, 'Fearful': 4.585524948197417e-06, 'Happy': 0.9994283318519592, 'Neutral': 0.000461718620499596, 'Other': 1.0607602689560736e-06, 'Sad': 1.2033736311423127e-05, 'Surprised': 8.647012350593286e-07, 'Unknown': 8.148822234943509e-05}",Bye Vax! (laughs)
MATT,00:11:33,00:11:40,Neutral,"{'Angry': 1.3581523035099963e-06, 'Disgusted': 4.1481629864392744e-07, 'Fearful': 5.021879800892748e-08, 'Happy': 0.002050622832030058, 'Neutral': 0.9979409575462341, 'Other': 1.62688735372285e-07, 'Sad': 5.594788945018081e-06, 'Surprised': 9.33403896397067e-08, 'Unknown': 8.28971792543598e-07}","""Bye Grog."" And he gives you a silent finger as he leaves the tavern, in true Vax fashion."
TRAVIS,00:11:40,00:11:44,Happy,"{'Angry': 0.0017036300851032138, 'Disgusted': 0.0060759955085814, 'Fearful': 0.011922832578420639, 'Happy': 0.8056901097297668, 'Neutral': 0.03296585753560066, 'Other': 0.0004627050366252661, 'Sad': 0.0033546003978699446, 'Surprised': 0.0010001184418797493, 'Unknown': 0.1368241012096405}",He always mixes those fingers up.
MATT,00:11:44,00:11:46,Neutral,"{'Angry': 0.004656242672353983, 'Disgusted': 0.004112903028726578, 'Fearful': 0.02252061292529106, 'Happy': 0.19245846569538116, 'Neutral': 0.7456143498420715, 'Other': 0.0003650433209259063, 'Sad': 0.022270862013101578, 'Surprised': 0.005740607623010874, 'Unknown': 0.0022608640138059855}",Any preparation on your guys' end?
SAM,00:11:46,00:11:50,Neutral,"{'Angry': 4.476172762224451e-06, 'Disgusted': 2.5131621441687457e-06, 'Fearful': 7.845591767363658e-07, 'Happy': 1.496448112447979e-05, 'Neutral': 0.9999444484710693, 'Other': 5.596512892225292e-06, 'Sad': 1.0941756954707671e-05, 'Surprised': 1.6250375267645722e-07, 'Unknown': 1.61462103278609e-05}",I'm going to load up my-- whatever this thing is.
MATT,00:11:50,00:11:52,Unknown,"{'Angry': 0.01796068251132965, 'Disgusted': 0.015059570781886578, 'Fearful': 0.02002205327153206, 'Happy': 0.024051647633314133, 'Neutral': 0.3760001063346863, 'Other': 0.01809912547469139, 'Sad': 0.10984310507774353, 'Surprised': 0.001174548757262528, 'Unknown': 0.41778919100761414}",Your Ioun Stone?
SAM,00:11:52,00:11:59,Neutral,"{'Angry': 0.00011430995800765231, 'Disgusted': 0.0002906102454289794, 'Fearful': 2.1709987777285278e-05, 'Happy': 0.00894661620259285, 'Neutral': 0.9893335700035095, 'Other': 0.00030295870965346694, 'Sad': 0.0002965178282465786, 'Surprised': 6.643679807893932e-05, 'Unknown': 0.0006273033795878291}",Is that what I have? That's the thing here. I'm going to load that up with an Invisibility spell. Is that a thing I could do?
MATT,00:11:59,00:12:01,Neutral,"{'Angry': 0.0012403345899656415, 'Disgusted': 0.001457743695937097, 'Fearful': 0.00016977949417196214, 'Happy': 0.0999358668923378, 'Neutral': 0.8667586445808411, 'Other': 0.0001267126208404079, 'Sad': 0.0011017796350643039, 'Surprised': 0.029120076447725296, 'Unknown': 8.901439287001267e-05}","Yeah, you can put up to three spell levels into that."
SAM,00:12:01,00:12:03,Neutral,"{'Angry': 0.00024468140327371657, 'Disgusted': 0.0020817741751670837, 'Fearful': 8.016548963496462e-05, 'Happy': 0.00027778674848377705, 'Neutral': 0.9947153925895691, 'Other': 0.00012167090608272702, 'Sad': 0.0009998597670346498, 'Surprised': 3.261324991399306e-06, 'Unknown': 0.0014754008734598756}","That's two in there, right?"
MATT,00:12:03,00:12:11,Other,"{'Angry': 0.002721996745094657, 'Disgusted': 0.04325488954782486, 'Fearful': 0.0005382709205150604, 'Happy': 0.09438486397266388, 'Neutral': 0.2432621568441391, 'Other': 0.35219159722328186, 'Sad': 0.002172746229916811, 'Surprised': 0.005842640995979309, 'Unknown': 0.25563085079193115}","You may have even been able to do before you slept the night before, so then you would have all your spells back. So we'll say you did that. So you have an extra Invisibility spell in your Ioun Stone."
SAM,00:12:11,00:12:13,Disgusted,"{'Angry': 0.01783943548798561, 'Disgusted': 0.976732075214386, 'Fearful': 0.00038258734275586903, 'Happy': 0.0014487025327980518, 'Neutral': 0.0025589989963918924, 'Other': 0.00011023391562048346, 'Sad': 0.000647221109829843, 'Surprised': 0.00018638225446920842, 'Unknown': 9.433150989934802e-05}","And I can store three spells in there, right?"
MATT,00:12:13,00:12:14,Neutral,"{'Angry': 0.0005165623733773828, 'Disgusted': 0.0023674187250435352, 'Fearful': 2.0245055566192605e-05, 'Happy': 0.0005988823249936104, 'Neutral': 0.9955706000328064, 'Other': 0.00018022433505393565, 'Sad': 0.00022094164160080254, 'Surprised': 0.0004748876381199807, 'Unknown': 5.026100552640855e-05}",Three spell levels.
SAM,00:12:14,00:12:17,Unknown,"{'Angry': 0.01506603043526411, 'Disgusted': 0.028148969635367393, 'Fearful': 0.0007753350073471665, 'Happy': 0.027058560401201248, 'Neutral': 0.04163433611392975, 'Other': 0.10129079967737198, 'Sad': 8.802305819699541e-05, 'Surprised': 0.010327398777008057, 'Unknown': 0.7756105661392212}",Three spell level-- So only one spell at a time?
MATT,00:12:17,00:12:19,Happy,"{'Angry': 1.1165121049927507e-09, 'Disgusted': 2.051473879660648e-09, 'Fearful': 9.32037780287942e-10, 'Happy': 1.0, 'Neutral': 1.5213539317215918e-09, 'Other': 2.06371453259635e-09, 'Sad': 1.995731579995663e-09, 'Surprised': 4.268981168564778e-09, 'Unknown': 1.2531889415079434e-10}",Or you can do three 1st-level spells.
SAM,00:12:19,00:12:25,Happy,"{'Angry': 8.90799239927631e-11, 'Disgusted': 3.6341848974608126e-10, 'Fearful': 1.4251584634639158e-10, 'Happy': 1.0, 'Neutral': 9.495128017178445e-10, 'Other': 1.4465359465809513e-10, 'Sad': 7.827316572672771e-10, 'Surprised': 2.0541471301704917e-10, 'Unknown': 2.3052222630770558e-10}","Oh! Then never mind. I thought it was three different spells. I've already got an extra Lightning Bolt in there. I won't add to it, never mind."
MATT,00:12:25,00:12:30,Neutral,"{'Angry': 0.001399837899953127, 'Disgusted': 0.0003775842778850347, 'Fearful': 3.427637921049609e-06, 'Happy': 0.01869618147611618, 'Neutral': 0.9792441725730896, 'Other': 6.114292773418128e-05, 'Sad': 0.00010721824219217524, 'Surprised': 1.1057313713536132e-05, 'Unknown': 9.9390912509989e-05}","Then yeah, that is a full Ioun Stone. That thing is pulsing with energy and going, ""I'm good."""
SAM,00:12:30,00:12:32,Neutral,"{'Angry': 0.0002440720854792744, 'Disgusted': 0.001529564498923719, 'Fearful': 6.233475141925737e-05, 'Happy': 0.000792667968198657, 'Neutral': 0.9965399503707886, 'Other': 0.00017214361287187785, 'Sad': 0.0002464310673531145, 'Surprised': 9.854351810645312e-05, 'Unknown': 0.00031432684045284986}","I'm good, didn't understand."
MATT,00:12:32,00:12:33,Angry,"{'Angry': 0.6735124588012695, 'Disgusted': 0.01607208512723446, 'Fearful': 0.0019745081663131714, 'Happy': 0.016186553984880447, 'Neutral': 0.28410741686820984, 'Other': 0.0001723517634673044, 'Sad': 0.006789078004658222, 'Surprised': 0.0010079320054501295, 'Unknown': 0.00017758891044650227}",Fair enough. Percy.
TALIESIN,00:12:33,00:12:41,Happy,"{'Angry': 3.076337795615558e-10, 'Disgusted': 1.3284831013038456e-09, 'Fearful': 1.736466637147771e-09, 'Happy': 1.0, 'Neutral': 2.063883730585303e-09, 'Other': 5.452769902269949e-10, 'Sad': 2.6470281522250616e-09, 'Surprised': 4.596968083969699e-10, 'Unknown': 3.0272362394612173e-09}",Other than just tinkering on a few plans that I have rolling around. I don't really have the equipment to build anything particularly interesting before we head out.
SAM,00:12:41,00:12:45,Happy,"{'Angry': 3.2405676364533065e-08, 'Disgusted': 2.569782111550012e-07, 'Fearful': 1.3305611901159864e-07, 'Happy': 0.9999979734420776, 'Neutral': 3.0708139320267946e-07, 'Other': 4.7802046765355044e-08, 'Sad': 1.1786005416070111e-07, 'Surprised': 7.860897710543213e-08, 'Unknown': 9.298976237914758e-07}",Grog might have something in the bag of holding that you could use.
TRAVIS,00:12:45,00:12:53,Happy,"{'Angry': 3.393319181199672e-09, 'Disgusted': 1.5430620337042456e-08, 'Fearful': 6.472536284718444e-09, 'Happy': 0.9999998807907104, 'Neutral': 1.731087095890871e-08, 'Other': 6.00774763270806e-09, 'Sad': 2.3620255973355597e-08, 'Surprised': 7.116762734682425e-09, 'Unknown': 9.857343385988315e-09}","Oh yeah! I've got lots of shit. We have a salt lick rock, we've got three firewood bundles, dried food rations..."
SAM,00:12:53,00:12:55,Neutral,"{'Angry': 0.03922295570373535, 'Disgusted': 0.0483948215842247, 'Fearful': 0.0017527216114103794, 'Happy': 0.01619665138423443, 'Neutral': 0.8845905661582947, 'Other': 3.4648859582375735e-05, 'Sad': 0.003339446149766445, 'Surprised': 0.006408731918781996, 'Unknown': 5.9537571360124275e-05}",How many fancy cloaks left?
TRAVIS,00:12:55,00:12:56,Disgusted,"{'Angry': 0.030591076239943504, 'Disgusted': 0.44913268089294434, 'Fearful': 0.012658076360821724, 'Happy': 0.06330826878547668, 'Neutral': 0.1470295935869217, 'Other': 0.20300394296646118, 'Sad': 0.028146442025899887, 'Surprised': 0.06375855952501297, 'Unknown': 0.0023713232949376106}",There's... two.
SAM,00:12:56,00:12:58,Happy,"{'Angry': 0.031067315489053726, 'Disgusted': 0.006426418665796518, 'Fearful': 0.0031957579776644707, 'Happy': 0.8384057283401489, 'Neutral': 0.09095621854066849, 'Other': 0.003455932717770338, 'Sad': 0.004313493613153696, 'Surprised': 0.0051116058602929115, 'Unknown': 0.01706748828291893}","Well, that's something."
TALIESIN,00:12:58,00:13:02,Happy,"{'Angry': 0.022323276847600937, 'Disgusted': 0.06405489146709442, 'Fearful': 0.010108555667102337, 'Happy': 0.8734800219535828, 'Neutral': 0.0018388350727036595, 'Other': 0.0018202116480097175, 'Sad': 0.0009706661221571267, 'Surprised': 0.017564278095960617, 'Unknown': 0.007839323952794075}",And we've got that leather from that weird bat creature from the Underdark.
TRAVIS,00:13:02,00:13:04,Fearful,"{'Angry': 0.033234283328056335, 'Disgusted': 0.02395823411643505, 'Fearful': 0.5243209004402161, 'Happy': 0.061662741005420685, 'Neutral': 0.07644136250019073, 'Other': 0.005825268104672432, 'Sad': 0.029293976724147797, 'Surprised': 0.2445417046546936, 'Unknown': 0.0007216122467070818}","Yeah, I'm sure it doesn't smell bad."
LAURA,00:13:04,00:13:05,Angry,"{'Angry': 0.9634121656417847, 'Disgusted': 0.00453729834407568, 'Fearful': 0.027074813842773438, 'Happy': 0.000547414121683687, 'Neutral': 0.0003341232077218592, 'Other': 0.00016675567894708365, 'Sad': 0.0019145781407132745, 'Surprised': 0.0017853380413725972, 'Unknown': 0.00022749928757548332}","Oh, yeah."
TALIESIN,00:13:05,00:13:09,Happy,"{'Angry': 1.9598040523760574e-07, 'Disgusted': 7.579088787679211e-07, 'Fearful': 8.057683231754709e-08, 'Happy': 0.9999792575836182, 'Neutral': 1.3984678844281007e-05, 'Other': 2.181392574129859e-06, 'Sad': 8.170086971404089e-07, 'Surprised': 9.862993266551712e-08, 'Unknown': 2.5749311589606805e-06}","Is there any metal canisters in there, of any kind?"
TRAVIS,00:13:09,00:13:14,Happy,"{'Angry': 6.284016507152046e-08, 'Disgusted': 4.6068223014117393e-07, 'Fearful': 1.528435973341402e-07, 'Happy': 0.999993085861206, 'Neutral': 2.8509050480352016e-06, 'Other': 3.618982589159714e-07, 'Sad': 6.476988119175076e-07, 'Surprised': 3.7142832809422544e-08, 'Unknown': 2.3646221052331384e-06}","I mean, I've got my hooded lantern, but you can't have that. It's dark in places."
TALIESIN,00:13:14,00:13:15,Neutral,"{'Angry': 1.8035056781329217e-09, 'Disgusted': 2.0276769152616225e-10, 'Fearful': 1.567595706020164e-11, 'Happy': 1.872626498311547e-08, 'Neutral': 1.0, 'Other': 1.923518115620748e-11, 'Sad': 1.2176090136151174e-09, 'Surprised': 3.3935701471143886e-10, 'Unknown': 3.630088937778275e-11}","No, I don't want that."
LAURA,00:13:15,00:13:18,Happy,"{'Angry': 8.846233967574335e-09, 'Disgusted': 1.7564941501291287e-08, 'Fearful': 5.813153958200701e-09, 'Happy': 0.9999998807907104, 'Neutral': 8.376344595717455e-08, 'Other': 3.050792285463899e-09, 'Sad': 1.730278320621892e-08, 'Surprised': 2.9624969144492752e-08, 'Unknown': 3.342775611869797e-09}","I bet Tiberius has metal canisters, he's got so many canisters."
TRAVIS,00:13:18,00:13:20,Neutral,"{'Angry': 0.0008796679321676493, 'Disgusted': 0.0021022623404860497, 'Fearful': 0.00020704514463432133, 'Happy': 0.00404907064512372, 'Neutral': 0.9913060069084167, 'Other': 2.7436050004325807e-05, 'Sad': 0.0009292261675000191, 'Surprised': 0.0004548111464828253, 'Unknown': 4.4385385990608484e-05}",Two pieces of armor. Just armor
TALIESIN,00:13:20,00:13:28,Neutral,"{'Angry': 8.812766338905931e-08, 'Disgusted': 7.131598067644518e-08, 'Fearful': 1.1184297044053437e-08, 'Happy': 4.1481221160211135e-06, 'Neutral': 0.9999951124191284, 'Other': 8.936620332633538e-08, 'Sad': 3.6385216617418337e-07, 'Surprised': 1.097121682391844e-08, 'Unknown': 1.2095559043245885e-07}",I may take a piece of armor and see if I can put together some sort of frag grenade thing.
SAM,00:13:28,00:13:30,Happy,"{'Angry': 0.2919255793094635, 'Disgusted': 0.013952895067632198, 'Fearful': 0.003914382308721542, 'Happy': 0.6582391858100891, 'Neutral': 0.020276343449950218, 'Other': 0.00010457646567374468, 'Sad': 0.006835527252405882, 'Surprised': 0.004540379624813795, 'Unknown': 0.00021105837367940694}",A what?
TALIESIN,00:13:30,00:13:31,Neutral,"{'Angry': 0.00637595122680068, 'Disgusted': 9.914578549796715e-05, 'Fearful': 7.690750862821005e-06, 'Happy': 0.021276939660310745, 'Neutral': 0.9721274971961975, 'Other': 2.9896148134866962e-06, 'Sad': 5.379272624850273e-05, 'Surprised': 5.5013850214891136e-05, 'Unknown': 8.874775403455715e-07}",I just want to make a--
SAM,00:13:31,00:13:32,Angry,"{'Angry': 0.8100517392158508, 'Disgusted': 0.0010124744148924947, 'Fearful': 2.801809614538797e-06, 'Happy': 0.0020292026456445456, 'Neutral': 0.186152845621109, 'Other': 0.00034150105784647167, 'Sad': 0.00023475302441511303, 'Surprised': 0.00010368339280830696, 'Unknown': 7.096202170941979e-05}",Is that a thing?
TALIESIN,00:13:32,00:13:35,Neutral,"{'Angry': 3.4493834871751616e-11, 'Disgusted': 5.958170762321302e-11, 'Fearful': 2.8634475433136908e-12, 'Happy': 6.629625320941912e-11, 'Neutral': 1.0, 'Other': 9.44548085579644e-12, 'Sad': 1.751795819515678e-09, 'Surprised': 1.469370979056972e-11, 'Unknown': 7.896843769172879e-12}",You don't know me. (laughter)
TALIESIN,00:13:35,00:13:45,Neutral,"{'Angry': 7.598122706096305e-14, 'Disgusted': 2.778172564029302e-15, 'Fearful': 4.2604981682348977e-16, 'Happy': 1.0071657456601699e-13, 'Neutral': 1.0, 'Other': 5.302478130579939e-16, 'Sad': 2.3005276611649805e-13, 'Surprised': 3.8199495243406226e-14, 'Unknown': 1.856318231928714e-15}","Just make a canister, put some black powder in there, put the thing together. It doesn't even have a fuse, it's something I can toss and shoot to trigger."
TRAVIS,00:13:45,00:13:46,Neutral,"{'Angry': 0.04588773474097252, 'Disgusted': 8.7511602032464e-05, 'Fearful': 2.1960262529319152e-05, 'Happy': 0.0007201491971500218, 'Neutral': 0.9528439044952393, 'Other': 0.00015379769320134073, 'Sad': 2.7564128686208278e-05, 'Surprised': 5.082227744424017e-06, 'Unknown': 0.0002523288712836802}",Ooh.
MATT,00:13:46,00:13:56,Neutral,"{'Angry': 5.3701675403619933e-14, 'Disgusted': 1.8870189411019462e-15, 'Fearful': 2.80770457949356e-16, 'Happy': 7.143768134551878e-14, 'Neutral': 1.0, 'Other': 4.010406661299941e-16, 'Sad': 1.8057186605344167e-13, 'Surprised': 2.7414219643819536e-14, 'Unknown': 1.2348822399011112e-15}","Interesting. I will say, due to time constraints, you would probably have to skip a decent breakfast to do this. So, be aware you may be hungry later on."
LAURA,00:13:56,00:13:57,Neutral,"{'Angry': 1.6440943051421186e-09, 'Disgusted': 2.445350588686779e-10, 'Fearful': 5.0640849152960854e-11, 'Happy': 1.994144849248869e-09, 'Neutral': 1.0, 'Other': 1.8155180483980793e-11, 'Sad': 1.573864927273405e-09, 'Surprised': 2.600213933057205e-10, 'Unknown': 1.077484837463949e-10}",I've got food.
TALIESIN,00:13:57,00:13:58,Neutral,"{'Angry': 1.0374910743848886e-05, 'Disgusted': 1.8487613715478801e-06, 'Fearful': 1.1080678632424679e-06, 'Happy': 0.0005518042598851025, 'Neutral': 0.9994125366210938, 'Other': 1.418873409875232e-07, 'Sad': 1.1926606930501293e-05, 'Surprised': 1.028692986437818e-05, 'Unknown': 3.559698313893023e-08}",Done
TRAVIS,00:13:58,00:14:00,Neutral,"{'Angry': 1.45412390462063e-10, 'Disgusted': 1.0771520481123176e-10, 'Fearful': 3.464575501488376e-11, 'Happy': 1.5781393969405144e-09, 'Neutral': 1.0, 'Other': 4.2047729881256046e-11, 'Sad': 1.5204140169089442e-09, 'Surprised': 9.57136592205643e-11, 'Unknown': 7.25724688677154e-11}",We've got dried food rations in the bag.
TALIESIN,00:14:00,00:14:02,Neutral,"{'Angry': 2.318688757441123e-06, 'Disgusted': 5.624473487841897e-06, 'Fearful': 1.309626895817928e-06, 'Happy': 9.199432679452002e-05, 'Neutral': 0.9998354911804199, 'Other': 9.727899850986432e-06, 'Sad': 9.033634341903962e-06, 'Surprised': 2.1704086350382568e-07, 'Unknown': 4.4320062443148345e-05}",I'll have a granola bar.
MATT,00:14:02,00:14:05,Neutral,"{'Angry': 0.00016222668637055904, 'Disgusted': 0.00023268815129995346, 'Fearful': 3.8071535527706146e-05, 'Happy': 0.001317483838647604, 'Neutral': 0.9977051615715027, 'Other': 5.1902861741837114e-05, 'Sad': 3.044241930183489e-05, 'Surprised': 0.00021358509548008442, 'Unknown': 0.0002484636497683823}",Go ahead and make an investigation check.
TRAVIS,00:14:05,00:14:08,Neutral,"{'Angry': 2.195255262293916e-12, 'Disgusted': 9.705216773465974e-14, 'Fearful': 2.2529858363586237e-14, 'Happy': 3.740842271365841e-12, 'Neutral': 1.0, 'Other': 7.997646971492477e-15, 'Sad': 7.209011599479398e-12, 'Surprised': 6.41963207852897e-13, 'Unknown': 5.754144177198134e-14}","Roll good, you're starting us off. Roll good."
SAM,00:14:08,00:14:10,Neutral,"{'Angry': 3.0213620494379256e-10, 'Disgusted': 3.735410938898731e-11, 'Fearful': 6.788742311358842e-12, 'Happy': 4.388131524812877e-10, 'Neutral': 1.0, 'Other': 4.983792892265804e-12, 'Sad': 4.461215008522146e-10, 'Surprised': 3.142593130167626e-11, 'Unknown': 3.3439525454204144e-11}",I'm going to try to inspire him.
TRAVIS,00:14:10,00:14:11,Neutral,"{'Angry': 2.3819940906832926e-05, 'Disgusted': 3.686552418002975e-06, 'Fearful': 6.617467107616903e-08, 'Happy': 3.9602888136869296e-05, 'Neutral': 0.9999252557754517, 'Other': 3.5100588320347015e-06, 'Sad': 1.2073977586624096e-06, 'Surprised': 1.0879832501586861e-07, 'Unknown': 2.5939173156075412e-06}",Roll good.
TALIESIN,00:14:11,00:14:13,Neutral,"{'Angry': 8.385695783597047e-12, 'Disgusted': 8.004537245705212e-13, 'Fearful': 2.6845973361000475e-13, 'Happy': 1.8079881342059068e-11, 'Neutral': 1.0, 'Other': 7.525000723452094e-14, 'Sad': 4.239926465476884e-11, 'Surprised': 2.3393435626128944e-12, 'Unknown': 6.782500451031626e-13}",You're going to inspire me?
SAM,00:14:13,00:14:22,Neutral,"{'Angry': 6.914027049454916e-14, 'Disgusted': 2.9487090954317995e-15, 'Fearful': 4.753745305755778e-16, 'Happy': 9.88094290632971e-14, 'Neutral': 1.0, 'Other': 6.815194800476986e-16, 'Sad': 2.167354159641685e-13, 'Surprised': 4.182793366769126e-14, 'Unknown': 2.318922311456335e-15}","I'm going to inspire him with a little, (sings) Boom, clap, the sound of your gun, the beat goes on and on and on and on. Boom, clap-- That's all I got"
MATT,00:14:22,00:14:35,Neutral,"{'Angry': 4.472675756237582e-13, 'Disgusted': 1.490078846172905e-14, 'Fearful': 3.241798800566022e-15, 'Happy': 5.57864301628519e-13, 'Neutral': 1.0, 'Other': 1.4938543049528778e-15, 'Sad': 1.4973624553812903e-12, 'Surprised': 1.427180178507556e-13, 'Unknown': 9.022197695700545e-15}","You can take your d10 bardic inspiration, as his song blares into your left ear as you search the town for a decent location to possibly construct this."
TALIESIN,00:14:35,00:14:36,Neutral,"{'Angry': 2.855874647877954e-08, 'Disgusted': 3.0246084747886925e-08, 'Fearful': 1.181826991825119e-08, 'Happy': 6.394190563696611e-07, 'Neutral': 0.9999990463256836, 'Other': 4.5985910190893264e-08, 'Sad': 1.6458923823847726e-07, 'Surprised': 4.498501127159216e-09, 'Unknown': 7.98113362066033e-08}",19.
MATT,00:14:36,00:14:37,Neutral,"{'Angry': 5.523220335951207e-12, 'Disgusted': 4.682481073887967e-13, 'Fearful': 1.793417031634853e-13, 'Happy': 1.0562065978769741e-11, 'Neutral': 1.0, 'Other': 3.611347671101696e-14, 'Sad': 2.6763126437234774e-11, 'Surprised': 3.0613734203904786e-12, 'Unknown': 1.4762771896863897e-13}",Total of 19?
TALIESIN,00:14:37,00:14:38,Neutral,"{'Angry': 3.2279953302349895e-05, 'Disgusted': 6.571051926584914e-05, 'Fearful': 0.0011873178882524371, 'Happy': 0.00010385502537246794, 'Neutral': 0.9980862140655518, 'Other': 2.1769515115011018e-06, 'Sad': 0.0005031885812059045, 'Surprised': 1.719574174785521e-05, 'Unknown': 2.091007900162367e-06}",Total of 19.
MATT,00:14:38,00:15:16,Neutral,"{'Angry': 4.7345289203803986e-05, 'Disgusted': 0.00011459719098638743, 'Fearful': 5.421502919489285e-06, 'Happy': 0.24632947146892548, 'Neutral': 0.7432622313499451, 'Other': 0.0026833615265786648, 'Sad': 0.006718126591295004, 'Surprised': 4.0734030335443094e-06, 'Unknown': 0.0008353283628821373}","All right. Asking around and speaking to a few folks around Vasselheim, you eventually find a few folks that point you toward this long abandoned workshop that's been burned down, and it hasn't really been touched. As you go to it, you have to push some of the burned wood out of the way, but there is indeed a currently functional, if for a long time unused, forge and anvil available. In poor condition, but functional. Given about two, two and a half hours, you might be pushing your arrival time at the guildhall, but you could probably do it. Do you want to go ahead and give it a shot?"
TALIESIN,00:15:16,00:15:17,Neutral,"{'Angry': 4.011251803603955e-06, 'Disgusted': 1.8624481867846043e-07, 'Fearful': 3.30568212802973e-08, 'Happy': 2.2199430532054976e-05, 'Neutral': 0.9999700784683228, 'Other': 1.4343946475037228e-08, 'Sad': 3.147407824144466e-06, 'Surprised': 2.4112262053677114e-07, 'Unknown': 6.244115779985293e-10}",I'm going to give it a shot.
MATT,00:15:17,00:15:21,Neutral,"{'Angry': 1.6862615904306155e-12, 'Disgusted': 7.743712761949448e-14, 'Fearful': 2.3130880755705893e-14, 'Happy': 2.0379689689292713e-12, 'Neutral': 1.0, 'Other': 6.945878114073814e-15, 'Sad': 6.448474133141646e-12, 'Surprised': 6.397739326161056e-13, 'Unknown': 4.145551022144249e-14}",All right. Do you want to use another one of your bardic inspirations on this?
SAM,00:15:21,00:15:22,Neutral,"{'Angry': 2.7141878078396076e-08, 'Disgusted': 1.2671711457912238e-09, 'Fearful': 2.426241985098443e-10, 'Happy': 9.931856226330638e-08, 'Neutral': 0.9999998807907104, 'Other': 9.753572949300349e-11, 'Sad': 1.672800742369418e-08, 'Surprised': 4.649153062530331e-09, 'Unknown': 2.925365852335382e-11}",Can I do that?
MATT,00:15:22,00:15:24,Unknown,"{'Angry': 0.00109491019975394, 'Disgusted': 0.006445573177188635, 'Fearful': 0.006075746845453978, 'Happy': 0.017596859484910965, 'Neutral': 0.13372057676315308, 'Other': 0.0006764598656445742, 'Sad': 0.00028313457733020186, 'Surprised': 1.866383513515757e-06, 'Unknown': 0.8341048955917358}",You can use it up to-- I think it's like five or six times.
SAM,00:15:24,00:15:27,Neutral,"{'Angry': 3.024237804627461e-11, 'Disgusted': 1.0871075090471138e-12, 'Fearful': 1.1852338229791093e-13, 'Happy': 1.2082313448347204e-11, 'Neutral': 1.0, 'Other': 3.630076586005025e-14, 'Sad': 2.473608297359764e-11, 'Surprised': 6.8738903458154255e-12, 'Unknown': 1.14708644059075e-13}",He's fine. (laughter)
TRAVIS,00:15:27,00:15:28,Neutral,"{'Angry': 5.321325079421513e-05, 'Disgusted': 2.953886450995924e-06, 'Fearful': 6.247901751521567e-07, 'Happy': 0.00022999737120699137, 'Neutral': 0.999609649181366, 'Other': 2.830425387401192e-07, 'Sad': 9.469078213442117e-05, 'Surprised': 8.580004760005977e-06, 'Unknown': 2.0742570328025067e-08}",Stingy motherfucker!
SAM,00:15:28,00:15:30,Neutral,"{'Angry': 3.9330583928576246e-11, 'Disgusted': 2.3604989490833006e-12, 'Fearful': 3.631588031596106e-13, 'Happy': 7.76808894986658e-11, 'Neutral': 1.0, 'Other': 1.4361997919057345e-13, 'Sad': 7.013119251997324e-11, 'Surprised': 9.163276908086271e-12, 'Unknown': 3.362336179878883e-13}",At this point I'm probably drunk.
TALIESIN,00:15:30,00:15:36,Neutral,"{'Angry': 1.4014592437938678e-13, 'Disgusted': 4.9672917350001254e-15, 'Fearful': 8.914496609424213e-16, 'Happy': 1.82597277684389e-13, 'Neutral': 1.0, 'Other': 7.501748885544487e-16, 'Sad': 4.192436057603305e-13, 'Surprised': 6.150836133825277e-14, 'Unknown': 3.2695435765115735e-15}","I don't get a montage then, never mind. It's all right, save it for later. We're going to need it for later."
MATT,00:15:36,00:15:57,Neutral,"{'Angry': 2.2989395347394748e-06, 'Disgusted': 6.866901003377279e-06, 'Fearful': 3.0980353926679527e-07, 'Happy': 4.033260665892158e-06, 'Neutral': 0.9999724626541138, 'Other': 3.7077904835314257e-06, 'Sad': 4.2173219299002085e-06, 'Surprised': 7.93721639524847e-08, 'Unknown': 5.99161694481154e-06}","So it takes you a while to rummage through the ground to get everything set up. You have the tools from your tinker's kit that you usually keep with you anyway, and you begin hammering away at the metal, preparing yourself a nice little spherical container. Using your black powder, which you're starting to get a little low on black powder between your bullets you've been constructing and other stuff."
TALIESIN,00:15:57,00:15:58,Surprised,"{'Angry': 0.001510460744611919, 'Disgusted': 0.00980686116963625, 'Fearful': 0.00016974665049929172, 'Happy': 0.010228943079710007, 'Neutral': 0.18263588845729828, 'Other': 6.031546217855066e-05, 'Sad': 0.0005114857340231538, 'Surprised': 0.7950571775436401, 'Unknown': 1.9078330296906643e-05}","Got to get home, I know."
MATT,00:15:58,00:16:21,Sad,"{'Angry': 5.674207386618946e-06, 'Disgusted': 0.0001183319982374087, 'Fearful': 1.032910518006247e-06, 'Happy': 3.437856139498763e-05, 'Neutral': 0.12357153743505478, 'Other': 0.0009332356858067214, 'Sad': 0.8752908706665039, 'Surprised': 7.357405706898135e-07, 'Unknown': 4.418489697854966e-05}","So something you can either, some point in the future try to scavenge up the materials for or make yourself. But just letting you know, you're starting to run a little low. So go ahead and make a-- I'm going to say make a tinkering check with your proficiency bonus of four and we will say with your dexterity. Since this is very meticulous, to make sure this doesn't detonate during construction."
SAM,00:16:21,00:16:25,Neutral,"{'Angry': 2.445999236488916e-10, 'Disgusted': 2.5624256189127337e-11, 'Fearful': 7.711970818891078e-12, 'Happy': 4.18825446546478e-10, 'Neutral': 1.0, 'Other': 7.236312243863452e-13, 'Sad': 2.518720565447552e-09, 'Surprised': 3.5937419706755236e-11, 'Unknown': 1.8112939533659889e-12}","Wow, you could really use some inspiration right now."
TALIESIN,00:16:25,00:16:27,Happy,"{'Angry': 0.002791901119053364, 'Disgusted': 0.010933883488178253, 'Fearful': 0.000211005870369263, 'Happy': 0.6922600865364075, 'Neutral': 0.2880198061466217, 'Other': 0.0006134341238066554, 'Sad': 0.0017798123881220818, 'Surprised': 0.0032268157228827477, 'Unknown': 0.00016320798022206873}","No, I don't. That is a 29."
SAM,00:16:27,00:16:30,Neutral,"{'Angry': 0.00011213750258320943, 'Disgusted': 3.283610203652643e-05, 'Fearful': 7.840087164368015e-06, 'Happy': 0.08339161425828934, 'Neutral': 0.9162325859069824, 'Other': 3.0074122605583398e-06, 'Sad': 0.00018513682880438864, 'Surprised': 3.402553193154745e-05, 'Unknown': 8.238840791818802e-07}",Stingy works.
TRAVIS,00:16:30,00:16:31,Neutral,"{'Angry': 8.889390301192179e-05, 'Disgusted': 1.1028941116819624e-05, 'Fearful': 9.420246897207107e-06, 'Happy': 0.00011170312791364267, 'Neutral': 0.9993820190429688, 'Other': 9.496005986875389e-06, 'Sad': 0.0003731902106665075, 'Surprised': 1.2657122169912327e-05, 'Unknown': 1.510052356934466e-06}",Like two-nine?
TALIESIN,00:16:31,00:16:34,Neutral,"{'Angry': 0.00013033635332249105, 'Disgusted': 0.00019379598961677402, 'Fearful': 5.020546086598188e-05, 'Happy': 0.002351855393499136, 'Neutral': 0.9947434663772583, 'Other': 0.00022852090478409082, 'Sad': 9.77090749074705e-05, 'Surprised': 1.984473556149169e-06, 'Unknown': 0.0022022302728146315}","Like two-nine. Not two nines, but two-nine."
MATT,00:16:34,00:16:35,Neutral,"{'Angry': 2.8435260901460424e-07, 'Disgusted': 9.190186034402359e-08, 'Fearful': 2.2369622598716887e-08, 'Happy': 1.5561790860374458e-06, 'Neutral': 0.9999967813491821, 'Other': 1.1719767378792767e-08, 'Sad': 1.039541416503198e-06, 'Surprised': 2.471742277521116e-07, 'Unknown': 1.2876747446100012e-09}",What did you roll?
TALIESIN,00:16:35,00:16:36,Neutral,"{'Angry': 5.907241302338662e-06, 'Disgusted': 6.405617568816524e-06, 'Fearful': 2.8455458505050046e-06, 'Happy': 4.989216904505156e-05, 'Neutral': 0.9998958110809326, 'Other': 6.720331839460414e-06, 'Sad': 1.4443971849686932e-05, 'Surprised': 1.302663434898932e-07, 'Unknown': 1.786089524102863e-05}",I rolled 19.
MATT,00:16:36,00:16:40,Neutral,"{'Angry': 1.2522326058028721e-11, 'Disgusted': 1.7044667543694714e-12, 'Fearful': 5.60384312738027e-13, 'Happy': 3.6952243348542524e-11, 'Neutral': 1.0, 'Other': 2.028648652058554e-13, 'Sad': 7.12044936901357e-11, 'Surprised': 5.587996211586788e-12, 'Unknown': 6.235771447815619e-13}",Yeah. That'll do it. (laughter)
MATT,00:16:40,00:17:11,Neutral,"{'Angry': 0.0004980191588401794, 'Disgusted': 0.006338890176266432, 'Fearful': 0.00027276005130261183, 'Happy': 0.025930704548954964, 'Neutral': 0.7226058840751648, 'Other': 0.022521311417222023, 'Sad': 0.08975455164909363, 'Surprised': 2.3692165996180847e-05, 'Unknown': 0.1320541948080063}","All right, so, in spite of the terrible materials at your disposal-- As far as the forge itself, you barely get it lit, but you can manage to heat it at enough, at least, to ply a soft metal. There is an aluminum base type that you construct as the container, and then coat that with chunks of very, very hard steel that you think will work as shrapnel. You manage to complete it. You're not sure how effective it will be, but at least you know it will travel safe, and that is really more important than anything else with these type of makeshift explosives."
TALIESIN,00:17:11,00:17:15,Neutral,"{'Angry': 4.981763631717144e-14, 'Disgusted': 1.9559191421304528e-15, 'Fearful': 3.056291544155956e-16, 'Happy': 6.604952858518115e-14, 'Neutral': 1.0, 'Other': 5.165537784601745e-16, 'Sad': 1.566718353359156e-13, 'Surprised': 3.060716624266914e-14, 'Unknown': 1.5091473789364358e-15}",I made a holy hand grenade. (laughter)
TRAVIS,00:17:15,00:17:16,Neutral,"{'Angry': 1.9311671621835558e-06, 'Disgusted': 2.0764011878782185e-06, 'Fearful': 3.3604837312850577e-07, 'Happy': 5.217029320192523e-05, 'Neutral': 0.9999359846115112, 'Other': 6.261527687456692e-07, 'Sad': 5.7733450375963e-06, 'Surprised': 5.465558956530003e-07, 'Unknown': 5.508205731530325e-07}",Awesome.
MATT,00:17:16,00:17:43,Neutral,"{'Angry': 1.216334624132287e-07, 'Disgusted': 4.825853466172703e-06, 'Fearful': 1.0769721257020137e-06, 'Happy': 5.787327972939238e-05, 'Neutral': 0.9991542100906372, 'Other': 6.5439912759757135e-06, 'Sad': 0.0006363202119246125, 'Surprised': 0.00013872276758775115, 'Unknown': 3.880373071751819e-07}","Indeed. All right, as the rest of you gather up, you've had your breakfast, you rested, you make your way towards the Slayer's Take guildhall. Approaching the front steps again, the wooden engraving on the front doors, you step into the main foyer area and are greeted again by Mertin, the gruff looking halfling, who is in the process of thumbing through some books. He has some dried fruit on the side of his chin. He's a little groggy, like he didn't sleep well the night before."
TRAVIS,00:17:43,00:17:44,Neutral,"{'Angry': 0.0024311279412359, 'Disgusted': 0.00698474794626236, 'Fearful': 0.0014540757983922958, 'Happy': 0.00908228661864996, 'Neutral': 0.9348471760749817, 'Other': 1.856828930613119e-05, 'Sad': 0.04473234713077545, 'Surprised': 0.00043843721505254507, 'Unknown': 1.1203575013496447e-05}",He's a little what?
MATT,00:17:44,00:17:46,Neutral,"{'Angry': 0.09291142970323563, 'Disgusted': 0.030867518857121468, 'Fearful': 0.1617145985364914, 'Happy': 0.06982346624135971, 'Neutral': 0.570175051689148, 'Other': 0.0010943914530798793, 'Sad': 0.05718202888965607, 'Surprised': 0.008936351165175438, 'Unknown': 0.007295181974768639}",He's a little groggy.
TRAVIS,00:17:46,00:17:48,Neutral,"{'Angry': 3.505116932377844e-13, 'Disgusted': 1.0815389314927475e-14, 'Fearful': 2.8883906087084e-15, 'Happy': 4.154180797098783e-13, 'Neutral': 1.0, 'Other': 1.319479020233424e-15, 'Sad': 1.0981987888514233e-12, 'Surprised': 1.501196627944068e-13, 'Unknown': 7.035479376816742e-15}",Lucky chap.
MATT,00:17:48,00:17:59,Happy,"{'Angry': 9.618764451602146e-09, 'Disgusted': 3.61522793923541e-08, 'Fearful': 6.50666898138752e-09, 'Happy': 0.999998927116394, 'Neutral': 7.879943382249621e-07, 'Other': 1.7748734038036673e-08, 'Sad': 2.0379565057737636e-07, 'Surprised': 9.469006911899669e-09, 'Unknown': 2.4125643705019684e-08}","He looks up as you guys approach. ""Very nice you all could finally make it, it appears you are only a grand total of 25 minutes late."""
LAURA,00:17:59,00:18:00,Neutral,"{'Angry': 2.8967859179829247e-05, 'Disgusted': 2.7664847948472016e-05, 'Fearful': 7.003206064837286e-06, 'Happy': 5.012572728446685e-05, 'Neutral': 0.9998207688331604, 'Other': 4.813880423171213e-06, 'Sad': 2.5261446353397332e-05, 'Surprised': 3.321003896417096e-05, 'Unknown': 2.1201212803134695e-06}",25?!
MATT,00:18:00,00:18:01,Neutral,"{'Angry': 0.2683243155479431, 'Disgusted': 0.03075430542230606, 'Fearful': 0.002471523592248559, 'Happy': 0.01700141467154026, 'Neutral': 0.6440675258636475, 'Other': 7.486776303267106e-05, 'Sad': 0.006504485383629799, 'Surprised': 0.030743632465600967, 'Unknown': 5.790029899799265e-05}","""It's not too much of a problem."""
SAM,00:18:01,00:18:03,Neutral,"{'Angry': 8.670526102649845e-11, 'Disgusted': 2.404578793024914e-11, 'Fearful': 6.5267648056976935e-12, 'Happy': 6.650576755973248e-10, 'Neutral': 1.0, 'Other': 4.79890432947272e-12, 'Sad': 7.529424306262911e-10, 'Surprised': 2.721347973355659e-11, 'Unknown': 1.4608451601172412e-11}",What's a minute?
MATT,00:18:03,00:18:13,Neutral,"{'Angry': 5.8558558002630434e-09, 'Disgusted': 1.402320704002591e-09, 'Fearful': 8.487872071860636e-10, 'Happy': 1.4353083770402009e-06, 'Neutral': 0.9999983310699463, 'Other': 3.1731628435949233e-10, 'Sad': 2.0509894227416225e-07, 'Surprised': 4.455104285483458e-09, 'Unknown': 2.6013852183481845e-10}","""It's... All right, there is not too much going on at the moment. I will not mention this to the wife. I mean the Huntmaster. Don't mention to her that I referred to her as my wife."""
TRAVIS,00:18:13,00:18:19,Happy,"{'Angry': 8.268393608679148e-11, 'Disgusted': 2.2787957631997813e-10, 'Fearful': 1.2567795415474592e-10, 'Happy': 1.0, 'Neutral': 5.772041178353504e-10, 'Other': 1.9950492646803042e-10, 'Sad': 6.926752504909928e-10, 'Surprised': 2.5238650058767576e-10, 'Unknown': 1.2272168004034967e-10}","Kord's strength to you, sir, you've got a little bit right here."
LAURA,00:18:19,00:18:21,Happy,"{'Angry': 0.002952311187982559, 'Disgusted': 0.20687389373779297, 'Fearful': 0.16907067596912384, 'Happy': 0.5647084712982178, 'Neutral': 0.004235695116221905, 'Other': 0.011437990702688694, 'Sad': 0.021788720041513443, 'Surprised': 0.0171690471470356, 'Unknown': 0.0017632200615480542}","Oh, that's lovely."
MATT,00:18:21,00:18:22,Surprised,"{'Angry': 2.7911857614526525e-05, 'Disgusted': 1.650027115829289e-05, 'Fearful': 0.00011466146679595113, 'Happy': 0.00014875843771733344, 'Neutral': 1.312907988904044e-05, 'Other': 1.3609933375846595e-06, 'Sad': 8.648099537822418e-06, 'Surprised': 0.9996689558029175, 'Unknown': 1.4451040897256462e-07}","""I appreciate the heads up."""
TRAVIS,00:18:22,00:18:23,Happy,"{'Angry': 0.026990555226802826, 'Disgusted': 0.0017323341453447938, 'Fearful': 0.003206793451681733, 'Happy': 0.9539859294891357, 'Neutral': 0.0033516744151711464, 'Other': 9.054302790900692e-05, 'Sad': 0.0002848855219781399, 'Surprised': 0.009676172398030758, 'Unknown': 0.0006811002385802567}","Not a problem, not a problem."
MATT,00:18:23,00:19:00,Happy,"{'Angry': 3.2366038794862106e-05, 'Disgusted': 4.815416832570918e-05, 'Fearful': 3.941746854252415e-06, 'Happy': 0.9391112923622131, 'Neutral': 0.06031171977519989, 'Other': 0.00025296997046098113, 'Sad': 0.00014999741688370705, 'Surprised': 3.1450945243705064e-05, 'Unknown': 5.8051064115716144e-05}","""I hate to lose papaya. So. Let's see, we have the four of you here. This is the required necessary group for the first travel this morning, I am excited to see what the mistress has available for you. First, and foremost, let me introduce to you one of your traveling companions for this. Another hopeful for the Slayer's Take. Let me retrieve her."" And you see Mertin walks off to one of the back rooms, opens the door and whispers out, ""Hey quick, your team is here."" Opens the door, and walking out-- if you want to describe yourself."
MARY,00:19:00,00:19:02,Neutral,"{'Angry': 4.259168235876132e-06, 'Disgusted': 3.546125299180858e-05, 'Fearful': 3.0363262339960784e-06, 'Happy': 8.370706927962601e-05, 'Neutral': 0.9998611211776733, 'Other': 1.335730644314026e-06, 'Sad': 4.997484211344272e-06, 'Surprised': 5.253811195871094e-06, 'Unknown': 8.927182761908625e-07}",I walk out in a black cloak.
SAM,00:19:02,00:19:04,Neutral,"{'Angry': 5.563823037846305e-07, 'Disgusted': 9.96492701688112e-08, 'Fearful': 4.871174752452134e-08, 'Happy': 8.099515866888396e-07, 'Neutral': 0.999997615814209, 'Other': 8.955254315878847e-09, 'Sad': 5.710689947591163e-07, 'Surprised': 2.4223422201430367e-07, 'Unknown': 7.109203448152357e-09}",This is exciting.
MARY,00:19:04,00:19:39,Neutral,"{'Angry': 0.004985168110579252, 'Disgusted': 0.0014291104162111878, 'Fearful': 0.00022783050371799618, 'Happy': 0.2303238809108734, 'Neutral': 0.5939792990684509, 'Other': 0.010238103568553925, 'Sad': 0.1520330160856247, 'Surprised': 0.0005002670222893357, 'Unknown': 0.006283278577029705}","My hair is white, and I have silver eyes, and a long staff with four dragons and a moonstone planet, as it were, in their midst. I walk out slowly and I look them all over, one by one. Saying, I don't know you, I don't know you-- as my tail whips back and forth. I don't know you-- almost hitting you with my horns. You, I know. I saw you at the Crucible, didn't I?"
TRAVIS,00:19:39,00:19:41,Neutral,"{'Angry': 4.252620419720188e-05, 'Disgusted': 1.2456680451577995e-05, 'Fearful': 3.3705185842336505e-07, 'Happy': 0.10166314244270325, 'Neutral': 0.8982524275779724, 'Other': 3.1562294680043124e-06, 'Sad': 2.0517234588623978e-05, 'Surprised': 2.840976321749622e-06, 'Unknown': 2.58612180914497e-06}",Maybe.
MARY,00:19:41,00:19:45,Happy,"{'Angry': 2.4514676510989375e-07, 'Disgusted': 1.73755367427475e-07, 'Fearful': 4.223037208817004e-08, 'Happy': 0.9999953508377075, 'Neutral': 3.6735514186148066e-06, 'Other': 1.629874901709627e-08, 'Sad': 2.986785148095805e-07, 'Surprised': 1.3762232242697792e-07, 'Unknown': 2.4853715530070986e-08}",Well done against the Hammer.
TRAVIS,00:19:45,00:19:51,Neutral,"{'Angry': 1.170206265221907e-09, 'Disgusted': 5.666113134239481e-10, 'Fearful': 7.499808413191644e-11, 'Happy': 6.431385646266108e-09, 'Neutral': 1.0, 'Other': 1.1547031386616169e-10, 'Sad': 2.5996449437570845e-09, 'Surprised': 1.3588566938338431e-09, 'Unknown': 3.8908643668067455e-11}","Thank you, I often get confused with Phillip the Terrible."
MARY,00:19:51,00:19:58,Neutral,"{'Angry': 1.1387593090717019e-09, 'Disgusted': 7.558821346620448e-10, 'Fearful': 1.2192165332880478e-10, 'Happy': 4.817161336490017e-09, 'Neutral': 1.0, 'Other': 2.12471554239535e-10, 'Sad': 3.7629104276959424e-09, 'Surprised': 5.536209823908678e-10, 'Unknown': 4.493966587748588e-10}","Yes, I'll bet you do. You don't look that terrible to me, though."
TRAVIS,00:19:58,00:20:04,Neutral,"{'Angry': 9.831784275604605e-10, 'Disgusted': 4.111429599551464e-11, 'Fearful': 3.911652252108766e-12, 'Happy': 2.977229351941446e-09, 'Neutral': 1.0, 'Other': 8.577256960240476e-12, 'Sad': 1.5448048396038416e-09, 'Surprised': 3.8960550063915633e-11, 'Unknown': 1.3881323174258497e-11}","Grog begins to blush, a large blue color on his cheeks."
LAURA,00:20:04,00:20:06,Neutral,"{'Angry': 3.3982558989009704e-08, 'Disgusted': 1.0685359264073213e-08, 'Fearful': 9.419621527229083e-09, 'Happy': 7.916718658407262e-08, 'Neutral': 0.9999997615814209, 'Other': 4.668773367910717e-09, 'Sad': 9.980698223444051e-08, 'Surprised': 3.923091185242811e-08, 'Unknown': 1.420664585971565e-09}","What's your name, woman?"
MARY,00:20:06,00:20:07,Neutral,"{'Angry': 0.0011019145604223013, 'Disgusted': 2.365013824601192e-05, 'Fearful': 2.1169460524106398e-05, 'Happy': 0.00959581509232521, 'Neutral': 0.9885777235031128, 'Other': 3.29239378515922e-06, 'Sad': 0.0003530785033944994, 'Surprised': 0.0003228488494642079, 'Unknown': 4.544692444596876e-07}",Zahra.
MARY,00:20:07,00:20:09,Unknown,"{'Angry': 0.0006366100860759616, 'Disgusted': 0.0037517836317420006, 'Fearful': 0.02575037069618702, 'Happy': 0.22256115078926086, 'Neutral': 0.19973891973495483, 'Other': 0.0021180049516260624, 'Sad': 0.029152987524867058, 'Surprised': 0.00015674193855375051, 'Unknown': 0.5161333680152893}",Zahra. Zahra Hydris.
LAURA,00:20:09,00:20:11,Happy,"{'Angry': 0.01411091722548008, 'Disgusted': 0.011250789277255535, 'Fearful': 0.0009107096120715141, 'Happy': 0.9139367938041687, 'Neutral': 0.04935239627957344, 'Other': 0.00032456376357004046, 'Sad': 0.0020560917910188437, 'Surprised': 0.007945994846522808, 'Unknown': 0.00011165816249558702}",Lovely.
MARY,00:20:11,00:20:15,Neutral,"{'Angry': 0.024251161143183708, 'Disgusted': 0.040284086018800735, 'Fearful': 0.0032516124192625284, 'Happy': 0.029573341831564903, 'Neutral': 0.7423236966133118, 'Other': 0.09890904277563095, 'Sad': 0.0036699161864817142, 'Surprised': 0.020961761474609375, 'Unknown': 0.0367753766477108}",And what's yours?
SAM,00:20:15,00:20:16,Angry,"{'Angry': 0.7608020305633545, 'Disgusted': 0.0005872001056559384, 'Fearful': 0.00036903287400491536, 'Happy': 0.2249816656112671, 'Neutral': 0.004541858099400997, 'Other': 0.0002966896281577647, 'Sad': 0.0071826898492872715, 'Surprised': 0.001146580558270216, 'Unknown': 9.227000555256382e-05}",Me?
MARY,00:20:16,00:20:17,Neutral,"{'Angry': 0.20965072512626648, 'Disgusted': 0.1894146054983139, 'Fearful': 0.009336521849036217, 'Happy': 0.1598120778799057, 'Neutral': 0.32306018471717834, 'Other': 0.002705172635614872, 'Sad': 0.003745155641809106, 'Surprised': 0.09973607212305069, 'Unknown': 0.0025395378470420837}",Yes.
SAM,00:20:17,00:20:20,Neutral,"{'Angry': 7.260308620971045e-08, 'Disgusted': 7.610248786704688e-08, 'Fearful': 1.4092005073962355e-07, 'Happy': 1.8637634013884963e-07, 'Neutral': 0.999968409538269, 'Other': 4.672665099292317e-08, 'Sad': 3.060435119550675e-05, 'Surprised': 2.2169854840825565e-09, 'Unknown': 3.5966255040875694e-07}","Well, I'm known by different names in different places."
TRAVIS,00:20:20,00:20:21,Neutral,"{'Angry': 0.005368047393858433, 'Disgusted': 0.04344402626156807, 'Fearful': 0.003493937896564603, 'Happy': 0.010036267340183258, 'Neutral': 0.9079428911209106, 'Other': 4.9759793910197914e-05, 'Sad': 0.02769998274743557, 'Surprised': 0.0019214908825233579, 'Unknown': 4.3576703319558874e-05}",Ain't that the truth.
MARY,00:20:21,00:20:23,Neutral,"{'Angry': 1.7497320925485838e-07, 'Disgusted': 2.1711981901262334e-07, 'Fearful': 5.275397541026905e-08, 'Happy': 6.021789999977045e-07, 'Neutral': 0.99998939037323, 'Other': 1.8168742599300458e-07, 'Sad': 8.11884910945082e-06, 'Surprised': 1.8315344796349109e-09, 'Unknown': 1.2256740546945366e-06}",Really?
SAM,00:20:23,00:20:26,Happy,"{'Angry': 0.02659963257610798, 'Disgusted': 0.18923407793045044, 'Fearful': 0.015355746261775494, 'Happy': 0.29741188883781433, 'Neutral': 0.19945724308490753, 'Other': 0.005406985525041819, 'Sad': 0.02085220068693161, 'Surprised': 0.21492592990398407, 'Unknown': 0.030756305903196335}",Some call me Kingslayer. (laughter)
SAM,00:20:26,00:20:35,Happy,"{'Angry': 5.4845542763359845e-05, 'Disgusted': 0.00029017910128459334, 'Fearful': 2.1432930225273594e-05, 'Happy': 0.9915101528167725, 'Neutral': 0.005897680763155222, 'Other': 0.0005492306081578135, 'Sad': 8.518015238223597e-05, 'Surprised': 2.6608466214383952e-05, 'Unknown': 0.0015647436957806349}",Some call me Scanlan. Some just call me when they want a good time. (laughter)
TALIESIN,00:20:35,00:20:38,Happy,"{'Angry': 6.239360317294995e-08, 'Disgusted': 1.991282232438607e-07, 'Fearful': 2.0560634084176854e-08, 'Happy': 0.9999967813491821, 'Neutral': 2.5209103569068247e-06, 'Other': 2.574438262570311e-08, 'Sad': 2.136961683163463e-07, 'Surprised': 6.756736325996826e-08, 'Unknown': 8.468576595532795e-08}",Mostly we just call him Scanlan.
MARY,00:20:38,00:20:41,Happy,"{'Angry': 1.049548814080481e-06, 'Disgusted': 1.0252547326672357e-06, 'Fearful': 5.909173594886852e-08, 'Happy': 0.9962437152862549, 'Neutral': 0.003749577095732093, 'Other': 7.963922712406202e-07, 'Sad': 1.8799589724949328e-06, 'Surprised': 2.2808993094258767e-07, 'Unknown': 1.7111608485720353e-06}",I'll keep the good time in mind. And you?
TALIESIN,00:20:41,00:20:45,Neutral,"{'Angry': 5.6042767648811775e-11, 'Disgusted': 8.680763573243322e-12, 'Fearful': 1.8115667386325862e-12, 'Happy': 7.419179853807023e-11, 'Neutral': 1.0, 'Other': 1.0837019216031196e-12, 'Sad': 1.8549922708999134e-10, 'Surprised': 1.8980757937603343e-11, 'Unknown': 3.4063030174280584e-12}",Percival Fredrickstein Von Musel Klossowski de Rolo III.
TRAVIS,00:20:45,00:20:47,Neutral,"{'Angry': 1.45973999110538e-07, 'Disgusted': 3.569634827726986e-07, 'Fearful': 1.4316425733795768e-07, 'Happy': 2.4530222617613617e-06, 'Neutral': 0.9999935626983643, 'Other': 3.5481644999890705e-07, 'Sad': 7.240747095238476e-07, 'Surprised': 1.039691621684824e-08, 'Unknown': 2.265840066684177e-06}",You can call him Percy.
TALIESIN,00:20:47,00:20:49,Neutral,"{'Angry': 4.064041464468815e-11, 'Disgusted': 1.2938809095322523e-12, 'Fearful': 2.6863285359189637e-13, 'Happy': 2.6467050773248957e-09, 'Neutral': 1.0, 'Other': 2.2713017379968718e-14, 'Sad': 1.3180435909365684e-10, 'Surprised': 8.233279509550773e-12, 'Unknown': 4.162919602134288e-14}",They just call me Percy.
MARY,00:20:49,00:20:50,Neutral,"{'Angry': 6.596795287805435e-07, 'Disgusted': 6.305920408067323e-08, 'Fearful': 1.711956443273266e-08, 'Happy': 1.9912647985620424e-05, 'Neutral': 0.9999784231185913, 'Other': 6.151014986244263e-08, 'Sad': 7.527169145760126e-07, 'Surprised': 5.4770694646322227e-08, 'Unknown': 1.0886965107204105e-08}",I see you have many weapons on you.
TALIESIN,00:20:50,00:20:51,Neutral,"{'Angry': 1.5540916820100392e-06, 'Disgusted': 1.2817399692721665e-06, 'Fearful': 6.855044887288386e-08, 'Happy': 0.0001237781543750316, 'Neutral': 0.9998675584793091, 'Other': 1.2686248851423443e-07, 'Sad': 3.1478143682761583e-06, 'Surprised': 2.4383443815167993e-06, 'Unknown': 2.0325252592101606e-08}","Yes, I dabble"
MARY,00:20:51,00:20:52,Neutral,"{'Angry': 0.0002500757691450417, 'Disgusted': 6.69449073029682e-05, 'Fearful': 1.235413833455823e-06, 'Happy': 0.00021364876010920852, 'Neutral': 0.9994093179702759, 'Other': 3.0459493700618623e-06, 'Sad': 4.776882633450441e-05, 'Surprised': 3.4349959605606273e-06, 'Unknown': 4.578271727950778e-06}",You dabble a bit?
TALIESIN,00:20:52,00:20:53,Neutral,"{'Angry': 2.546922132751206e-06, 'Disgusted': 5.831166163261514e-07, 'Fearful': 6.333100373012712e-07, 'Happy': 6.389136251527816e-05, 'Neutral': 0.9998452663421631, 'Other': 3.1089200547285145e-07, 'Sad': 8.642605098430067e-05, 'Surprised': 1.0958766694102451e-07, 'Unknown': 2.6391504093226104e-07}",I do dabble.
MARY,00:20:53,00:20:55,Neutral,"{'Angry': 1.7167957366837072e-07, 'Disgusted': 3.6448275864131574e-07, 'Fearful': 2.695476553071785e-07, 'Happy': 2.259490202050074e-06, 'Neutral': 0.9999910593032837, 'Other': 2.3519203296018532e-07, 'Sad': 2.234099156339653e-06, 'Surprised': 1.0241931747145827e-08, 'Unknown': 3.411731768210302e-06}",Yes. Any forging?
TALIESIN,00:20:55,00:21:01,Neutral,"{'Angry': 0.00010634363570716232, 'Disgusted': 1.4871799066895619e-05, 'Fearful': 4.1945836528611835e-06, 'Happy': 6.726301944581792e-05, 'Neutral': 0.9997199177742004, 'Other': 8.658378646941856e-06, 'Sad': 5.707085074391216e-05, 'Surprised': 4.224073109071469e-06, 'Unknown': 1.7469101294409484e-05}","Yes, actually. I just picked it up recently. I've been working on things. I pull out the holy hand grenade."
MARY,00:21:01,00:21:02,Neutral,"{'Angry': 0.00036870711483061314, 'Disgusted': 0.0002086159511236474, 'Fearful': 1.2135841643612366e-05, 'Happy': 0.277243047952652, 'Neutral': 0.7216619849205017, 'Other': 4.3700139940483496e-05, 'Sad': 0.0003064243064727634, 'Surprised': 2.9171487767598592e-05, 'Unknown': 0.00012618250912055373}",Ah.
TALIESIN,00:21:02,00:21:04,Neutral,"{'Angry': 2.7391699404688552e-05, 'Disgusted': 3.2225514587480575e-05, 'Fearful': 1.3408289305516519e-05, 'Happy': 0.0001808047090889886, 'Neutral': 0.9992120265960693, 'Other': 6.882812158437446e-05, 'Sad': 9.993357525672764e-05, 'Surprised': 8.082578233370441e-07, 'Unknown': 0.00036450690822675824}",Getting better.
MARY,00:21:04,00:21:05,Neutral,"{'Angry': 0.0162639319896698, 'Disgusted': 0.0013525442918762565, 'Fearful': 0.00040489877574145794, 'Happy': 0.058430448174476624, 'Neutral': 0.9134853482246399, 'Other': 5.132942533236928e-05, 'Sad': 0.008905281312763691, 'Surprised': 0.0010831980034708977, 'Unknown': 2.3138103642850183e-05}",I saw one of those in Antioch once
TALIESIN,00:21:05,00:21:10,Neutral,"{'Angry': 4.776353307534009e-05, 'Disgusted': 4.337588507041801e-06, 'Fearful': 8.471776595797564e-07, 'Happy': 0.00020642754680011421, 'Neutral': 0.9997208714485168, 'Other': 2.4316705093951896e-06, 'Sad': 1.1297426681267098e-05, 'Surprised': 1.1728193385351915e-06, 'Unknown': 4.776274181494955e-06}",It's where I've seen them written of. It's something new.
MARY,00:21:10,00:21:12,Happy,"{'Angry': 4.356413114692259e-07, 'Disgusted': 7.845912364246033e-07, 'Fearful': 3.821721463737049e-07, 'Happy': 0.9999881982803345, 'Neutral': 1.626537368792924e-06, 'Other': 2.4237263573922974e-07, 'Sad': 2.978227939820499e-07, 'Surprised': 2.7890070697367264e-08, 'Unknown': 7.998740329639986e-06}",We'll have to compare notes sometime.
TALIESIN,00:21:12,00:21:14,Neutral,"{'Angry': 7.017560710664839e-05, 'Disgusted': 5.510195842362009e-05, 'Fearful': 1.0425322216178756e-05, 'Happy': 0.015658752992749214, 'Neutral': 0.9838607311248779, 'Other': 9.673199201643001e-06, 'Sad': 0.0003100649337284267, 'Surprised': 1.6008418242563494e-05, 'Unknown': 8.989265552372672e-06}","Absolutely, charmed."
MARY,00:21:14,00:21:17,Neutral,"{'Angry': 6.002357622492127e-05, 'Disgusted': 7.439938781317323e-05, 'Fearful': 1.4703981833008584e-05, 'Happy': 0.003415746381506324, 'Neutral': 0.9955853223800659, 'Other': 6.624504749197513e-05, 'Sad': 7.674036896787584e-05, 'Surprised': 2.1556854790105717e-06, 'Unknown': 0.0007046468672342598}",I'd love to see your technique.
MATT,00:21:17,00:21:31,Happy,"{'Angry': 1.0647996532497928e-05, 'Disgusted': 1.8944652765640058e-05, 'Fearful': 8.223160875786562e-06, 'Happy': 0.999833345413208, 'Neutral': 2.5744093363755383e-05, 'Other': 2.157446215278469e-05, 'Sad': 6.893492536619306e-05, 'Surprised': 8.404370419157203e-06, 'Unknown': 4.0761901800578926e-06}","There is something mildly off-putting by her intense red skin, her relatively pointed incisors and the very prominent tiefling demonic blood in her body."
TRAVIS,00:21:31,00:21:33,Neutral,"{'Angry': 1.3046906133240554e-07, 'Disgusted': 2.0430819702710323e-08, 'Fearful': 1.4694478522869758e-08, 'Happy': 2.200065500801429e-05, 'Neutral': 0.999976396560669, 'Other': 5.575948147651388e-09, 'Sad': 1.168329390566214e-06, 'Surprised': 2.76359259032688e-07, 'Unknown': 2.2537720578696963e-09}",You're a tiefling?!
MATT,00:21:33,00:21:45,Happy,"{'Angry': 1.4895972810791136e-07, 'Disgusted': 9.753219387675927e-08, 'Fearful': 1.9423385566597062e-08, 'Happy': 0.9999945163726807, 'Neutral': 3.7153301946091233e-06, 'Other': 1.6512736067397782e-08, 'Sad': 1.3413114174909424e-06, 'Surprised': 1.7282826547670993e-07, 'Unknown': 8.956952513017313e-09}","Nevertheless, there is an elegance to the way she walks, and there is this look of silent judgment as she continuously passes her eyes over the rest of the group."
LAURA,00:21:45,00:21:47,Neutral,"{'Angry': 6.730755397477139e-10, 'Disgusted': 3.0091698577372483e-10, 'Fearful': 3.068337597889048e-11, 'Happy': 7.539354140995158e-10, 'Neutral': 1.0, 'Other': 2.8236510352108724e-11, 'Sad': 8.717894850462926e-09, 'Surprised': 1.1042386449666708e-10, 'Unknown': 6.607344532616466e-11}",Did you want to know my name?
MARY,00:21:47,00:21:51,Happy,"{'Angry': 3.200014180038124e-05, 'Disgusted': 0.00033643317874521017, 'Fearful': 9.96208909782581e-05, 'Happy': 0.9985546469688416, 'Neutral': 2.1356308934628032e-05, 'Other': 6.902828317834064e-05, 'Sad': 0.0008557048859074712, 'Surprised': 2.5059969630092382e-05, 'Unknown': 6.055335234123049e-06}","Yes I would. Now I'm not so sure, but please. Humor me"
LAURA,00:21:51,00:21:54,Neutral,"{'Angry': 1.603413175886928e-13, 'Disgusted': 4.962386567202576e-15, 'Fearful': 1.0198905606905112e-15, 'Happy': 1.7456885546482392e-13, 'Neutral': 1.0, 'Other': 8.289880220437907e-16, 'Sad': 5.605008102614606e-13, 'Surprised': 6.250521747321741e-14, 'Unknown': 3.327816266909117e-15}",Vex'ahlia. It's a pleasure
MARY,00:21:54,00:21:56,Neutral,"{'Angry': 1.453967935632905e-11, 'Disgusted': 1.0691272086388315e-12, 'Fearful': 3.0800202340842964e-13, 'Happy': 4.081722460025361e-11, 'Neutral': 1.0, 'Other': 6.710642241544718e-14, 'Sad': 6.082305492594031e-11, 'Surprised': 4.783405442576605e-12, 'Unknown': 2.4166782399033526e-13}",The pleasure is all mine.
LAURA,00:21:56,00:21:57,Neutral,"{'Angry': 9.978086268347397e-08, 'Disgusted': 2.4699286171880885e-08, 'Fearful': 7.4167494368282405e-09, 'Happy': 1.1762138996118665e-07, 'Neutral': 0.9999994039535522, 'Other': 1.7653591921629186e-09, 'Sad': 2.2512465136514948e-07, 'Surprised': 9.638240783260699e-08, 'Unknown': 5.76513892180941e-10}",Yes.
TRAVIS,00:21:57,00:22:00,Neutral,"{'Angry': 3.504168510914951e-09, 'Disgusted': 1.3983539881579077e-09, 'Fearful': 1.7211822245233321e-10, 'Happy': 1.3240089025146062e-08, 'Neutral': 1.0, 'Other': 3.457190644873265e-10, 'Sad': 5.757101462222636e-09, 'Surprised': 4.07052919149109e-10, 'Unknown': 1.2731673493249218e-09}","Oh that's an icy hand grip, isn't it."
LAURA,00:22:00,00:22:03,Neutral,"{'Angry': 4.50039955117703e-14, 'Disgusted': 1.7612920407959775e-15, 'Fearful': 2.772210987327849e-16, 'Happy': 5.838318923364477e-14, 'Neutral': 1.0, 'Other': 5.471318266747323e-16, 'Sad': 1.8342735642017105e-13, 'Surprised': 2.385043524439842e-14, 'Unknown': 1.5081689500032387e-15}",I love being out here without my brother. I just love it.
MARY,00:22:03,00:22:05,Neutral,"{'Angry': 0.0003056977002415806, 'Disgusted': 0.002092436421662569, 'Fearful': 0.001156811136752367, 'Happy': 0.14634013175964355, 'Neutral': 0.7238847017288208, 'Other': 0.0021547838114202023, 'Sad': 0.0025208855513483286, 'Surprised': 3.222515806555748e-05, 'Unknown': 0.12151239067316055}",You have a brother?
LAURA,00:22:05,00:22:07,Neutral,"{'Angry': 2.402083957089851e-12, 'Disgusted': 9.344763596827801e-14, 'Fearful': 2.369301417115121e-14, 'Happy': 3.300186079274736e-12, 'Neutral': 1.0, 'Other': 6.672400821558554e-15, 'Sad': 6.6850223273684506e-12, 'Surprised': 5.90590347893799e-13, 'Unknown': 5.575045159138432e-14}",I do.
MARY,00:22:07,00:22:10,Happy,"{'Angry': 6.575490260729566e-05, 'Disgusted': 5.900963515159674e-05, 'Fearful': 0.00013558470527641475, 'Happy': 0.6117299795150757, 'Neutral': 0.38631701469421387, 'Other': 5.986617907183245e-05, 'Sad': 0.0009305936400778592, 'Surprised': 5.91732577959192e-06, 'Unknown': 0.0006962795741856098}",Oh. How fascinating.
TRAVIS,00:22:10,00:22:14,Neutral,"{'Angry': 6.982181499637363e-11, 'Disgusted': 4.121100162512992e-12, 'Fearful': 1.1093420019397948e-12, 'Happy': 3.600556797156429e-10, 'Neutral': 1.0, 'Other': 1.4960856989029714e-13, 'Sad': 1.4192584607553016e-10, 'Surprised': 1.5398640695885035e-11, 'Unknown': 1.2443701668043983e-12}","I am Grog, the unintimidated."
MARY,00:22:14,00:22:18,Neutral,"{'Angry': 4.978024890078814e-07, 'Disgusted': 2.9372446874731395e-07, 'Fearful': 8.423488395692402e-08, 'Happy': 8.661145898258837e-07, 'Neutral': 0.999995231628418, 'Other': 2.1919200321462995e-07, 'Sad': 8.51685570069094e-07, 'Surprised': 9.59671986322519e-09, 'Unknown': 1.921880084410077e-06}",It's nice to know your true name Phillip-- I mean Grog.
TRAVIS,00:22:18,00:22:21,Neutral,"{'Angry': 1.2097285673196012e-10, 'Disgusted': 2.8005393143404334e-11, 'Fearful': 4.4867161201611605e-12, 'Happy': 1.8065585138948848e-10, 'Neutral': 1.0, 'Other': 1.4006662583249119e-12, 'Sad': 4.945910347942117e-10, 'Surprised': 5.99292074299207e-11, 'Unknown': 9.825151759887407e-13}",(whispered) I think she knows.
TALIESIN,00:22:21,00:22:24,Neutral,"{'Angry': 0.00018245409592054784, 'Disgusted': 0.000260032044025138, 'Fearful': 6.530421524075791e-05, 'Happy': 0.006561917718499899, 'Neutral': 0.9908474683761597, 'Other': 0.00012508222425822169, 'Sad': 0.00014836723858024925, 'Surprised': 6.100024620536715e-06, 'Unknown': 0.0018032388761639595}",I would like to run a quick perception test.
MATT,00:22:24,00:22:25,Neutral,"{'Angry': 0.0028254843782633543, 'Disgusted': 0.0032332546543329954, 'Fearful': 1.519165380159393e-05, 'Happy': 0.00010959395876852795, 'Neutral': 0.9928941130638123, 'Other': 5.680182766809594e-06, 'Sad': 0.0008653034456074238, 'Surprised': 4.901223655906506e-05, 'Unknown': 2.307286422364996e-06}",What are you trying to do?
TALIESIN,00:22:25,00:22:33,Neutral,"{'Angry': 1.2587543854469807e-13, 'Disgusted': 4.202230824732834e-15, 'Fearful': 8.607952738834922e-16, 'Happy': 1.476068887344001e-13, 'Neutral': 1.0, 'Other': 8.322547634235546e-16, 'Sad': 4.731779204569797e-13, 'Surprised': 5.709452686021924e-14, 'Unknown': 3.063167810561326e-15}",I'm trying to figure out if she's titled. She certainly strikes me as titled. I think she has blood. She may not have blue blood but--
LAURA,00:22:33,00:22:35,Neutral,"{'Angry': 1.0375507961471464e-12, 'Disgusted': 3.656545687980364e-14, 'Fearful': 9.310084712714495e-15, 'Happy': 1.1963567072767467e-12, 'Neutral': 1.0, 'Other': 3.4125081266897592e-15, 'Sad': 3.2965876122642568e-12, 'Surprised': 2.9041374340066373e-13, 'Unknown': 2.598617291672562e-14}",(whispers) She's got blood.
MATT,00:22:35,00:22:36,Angry,"{'Angry': 0.45202335715293884, 'Disgusted': 0.0013105949619784951, 'Fearful': 0.00014910120808053762, 'Happy': 0.0026161526329815388, 'Neutral': 0.06027992069721222, 'Other': 0.0009771957993507385, 'Sad': 0.45167040824890137, 'Surprised': 0.030959628522396088, 'Unknown': 1.376319232804235e-05}",This would be more of an insight check.
TALIESIN,00:22:36,00:22:37,Neutral,"{'Angry': 0.016928354278206825, 'Disgusted': 0.01616407185792923, 'Fearful': 0.0024496414698660374, 'Happy': 0.06334229558706284, 'Neutral': 0.60182785987854, 'Other': 0.0013790276134386659, 'Sad': 0.28706008195877075, 'Surprised': 0.010631096549332142, 'Unknown': 0.00021764707344118506}","Insight check, all right."
TRAVIS,00:22:37,00:22:39,Neutral,"{'Angry': 3.0295814212877303e-05, 'Disgusted': 5.226259418122936e-06, 'Fearful': 2.5477534109086264e-06, 'Happy': 2.7797292204922996e-05, 'Neutral': 0.9999208450317383, 'Other': 1.0646090231603011e-06, 'Sad': 9.727171345730312e-06, 'Surprised': 9.44884732234641e-07, 'Unknown': 1.4779448065382894e-06}",(whispers) She's a tiefling!
TALIESIN,00:22:39,00:22:41,Neutral,"{'Angry': 3.981509200568119e-14, 'Disgusted': 1.729038402593073e-15, 'Fearful': 2.5541338847277566e-16, 'Happy': 5.387505627165931e-14, 'Neutral': 1.0, 'Other': 5.679621667927285e-16, 'Sad': 1.2827244691773765e-13, 'Surprised': 2.6064701341265567e-14, 'Unknown': 1.550970689498301e-15}",Ten.
MATT,00:22:41,00:23:04,Neutral,"{'Angry': 1.197162486331338e-12, 'Disgusted': 5.483317589588012e-14, 'Fearful': 1.5360630790332147e-14, 'Happy': 1.8633484512309284e-12, 'Neutral': 1.0, 'Other': 5.998375200813892e-15, 'Sad': 4.700146955666229e-12, 'Surprised': 5.260539725181201e-13, 'Unknown': 3.416221773240406e-14}","Best you can tell. From her posture, the way she walks, there is definitely a, for lack of a better term, a non-arrogant self importance to how she holds herself. But there is something about it that... there is a mild hint of insecurity there."
TALIESIN,00:23:04,00:23:06,Neutral,"{'Angry': 1.1405600422453865e-11, 'Disgusted': 1.1884284788904464e-12, 'Fearful': 2.9381800269699665e-13, 'Happy': 2.2630543272672554e-11, 'Neutral': 1.0, 'Other': 1.0350657234526467e-13, 'Sad': 3.5650340318715834e-11, 'Surprised': 3.974002116963193e-12, 'Unknown': 4.202034770486862e-13}",Interesting. All right.
TRAVIS,00:23:06,00:23:09,Happy,"{'Angry': 0.00885535217821598, 'Disgusted': 0.08575397729873657, 'Fearful': 0.0030418059322983027, 'Happy': 0.714889645576477, 'Neutral': 0.16595564782619476, 'Other': 0.0014399599749594927, 'Sad': 0.009119154885411263, 'Surprised': 0.0023592819925397635, 'Unknown': 0.008585210889577866}",Could I ask you what your weapon of choice is?
MARY,00:23:09,00:23:12,Angry,"{'Angry': 0.9724134206771851, 'Disgusted': 0.0025230434257537127, 'Fearful': 0.000524701492395252, 'Happy': 0.015815982595086098, 'Neutral': 0.006558521650731564, 'Other': 0.0001745756162563339, 'Sad': 0.0002841126697603613, 'Surprised': 0.0003234377654734999, 'Unknown': 0.001382272457703948}",That would be my staff.
TRAVIS,00:23:12,00:23:15,Angry,"{'Angry': 0.9958251714706421, 'Disgusted': 3.957127410103567e-05, 'Fearful': 4.731497392640449e-05, 'Happy': 0.003781416453421116, 'Neutral': 6.328200834104791e-05, 'Other': 1.4116772035777103e-05, 'Sad': 2.0393434169818647e-05, 'Surprised': 0.00019870066898874938, 'Unknown': 1.005054400593508e-05}","Oh, right, yeah."
MARY,00:23:15,00:23:17,Fearful,"{'Angry': 0.10718965530395508, 'Disgusted': 0.13606345653533936, 'Fearful': 0.5437387824058533, 'Happy': 0.030475202947854996, 'Neutral': 0.05897147208452225, 'Other': 0.09485198557376862, 'Sad': 0.002971168141812086, 'Surprised': 0.004535490181297064, 'Unknown': 0.021202800795435905}",It took many years to forge it.
LAURA,00:23:17,00:23:18,Neutral,"{'Angry': 0.038571517914533615, 'Disgusted': 0.05028403922915459, 'Fearful': 0.000511322112288326, 'Happy': 0.2960160970687866, 'Neutral': 0.5743308067321777, 'Other': 0.0003562874626368284, 'Sad': 0.028136184439063072, 'Surprised': 0.011705686338245869, 'Unknown': 8.814583998173475e-05}",You made it yourself?
MARY,00:23:18,00:23:20,Happy,"{'Angry': 0.007344196084886789, 'Disgusted': 0.02276093326508999, 'Fearful': 0.022459588944911957, 'Happy': 0.5861801505088806, 'Neutral': 0.29832226037979126, 'Other': 0.00013753528764937073, 'Sad': 0.04560496658086777, 'Surprised': 0.016205832362174988, 'Unknown': 0.0009844908490777016}",I did.
LAURA,00:23:20,00:23:21,Happy,"{'Angry': 0.033927831798791885, 'Disgusted': 0.035518914461135864, 'Fearful': 0.0034840398002415895, 'Happy': 0.581191897392273, 'Neutral': 0.1450643390417099, 'Other': 0.04795290529727936, 'Sad': 0.041545893996953964, 'Surprised': 0.10937731713056564, 'Unknown': 0.001936847809702158}","Damn, that's impressive."
MARY,00:23:21,00:23:23,Neutral,"{'Angry': 0.002749779960140586, 'Disgusted': 0.0013471409911289811, 'Fearful': 0.00024112114624585956, 'Happy': 0.003377218497917056, 'Neutral': 0.9880967140197754, 'Other': 1.5959911252139136e-05, 'Sad': 0.003739604027941823, 'Surprised': 0.0004121885576751083, 'Unknown': 2.0334540749900043e-05}",Thank you.
MATT,00:23:23,00:23:34,Neutral,"{'Angry': 1.0334865775674107e-11, 'Disgusted': 9.11192779215475e-13, 'Fearful': 1.7473441313656246e-13, 'Happy': 1.7010217887025725e-11, 'Neutral': 1.0, 'Other': 1.1257733975719372e-13, 'Sad': 3.595078748586111e-11, 'Surprised': 6.375267935093687e-12, 'Unknown': 3.566309031942383e-13}","At this point Mertin is looking angrily at a small pocket watch that he pulls out and looks at. ""This is very unusual. Let me see who is supposed to be leading your group. Hold on just a moment."" And he gets up and exits the room briefly."
LAURA,00:23:34,00:23:35,Neutral,"{'Angry': 0.0020719068124890327, 'Disgusted': 0.0012608838733285666, 'Fearful': 6.738113734172657e-05, 'Happy': 0.007076220121234655, 'Neutral': 0.9868804216384888, 'Other': 0.00025166719569824636, 'Sad': 0.0002517569810152054, 'Surprised': 0.0001833811547840014, 'Unknown': 0.0019564107060432434}",Leading?
MATT,00:23:35,00:23:47,Neutral,"{'Angry': 2.1301101073983864e-12, 'Disgusted': 9.562154263927439e-14, 'Fearful': 2.6426325117436845e-14, 'Happy': 2.848021948484436e-12, 'Neutral': 1.0, 'Other': 8.65441514296978e-15, 'Sad': 7.437482053840316e-12, 'Surprised': 7.866997526508046e-13, 'Unknown': 6.534717564158146e-14}","He comes back after about two minutes with a small handbook and reads through. ""Yes, well, it is customary that as a part of these trials, there is a member of the Slayers Take is to accompany you on this journey to make sure that you--"""
SAM,00:23:47,00:23:49,Neutral,"{'Angry': 0.002733072731643915, 'Disgusted': 0.001091469544917345, 'Fearful': 5.6371289247181267e-05, 'Happy': 0.0018728377763181925, 'Neutral': 0.9922990202903748, 'Other': 0.00011217015708098188, 'Sad': 0.00013926823157817125, 'Surprised': 9.677217894932255e-05, 'Unknown': 0.0015989651437848806}",I volunteer to be leader of the group.
MATT,00:23:49,00:23:54,Neutral,"{'Angry': 7.25672302738685e-14, 'Disgusted': 2.7916645283296423e-15, 'Fearful': 4.934013504568398e-16, 'Happy': 9.209138714192516e-14, 'Neutral': 1.0, 'Other': 6.378709723031781e-16, 'Sad': 2.3627589685118466e-13, 'Surprised': 4.2080718792338045e-14, 'Unknown': 2.059457484987503e-15}","""That is not up for discussion. I am sorry, small man."" (laughter)"
SAM,00:23:54,00:23:56,Neutral,"{'Angry': 1.7450160783027968e-07, 'Disgusted': 2.3593983655700868e-08, 'Fearful': 4.255319208112951e-09, 'Happy': 3.5799087072518887e-07, 'Neutral': 0.999998927116394, 'Other': 4.989311630509974e-09, 'Sad': 4.863135245614103e-07, 'Surprised': 5.5063091863871705e-09, 'Unknown': 1.5411252718422475e-08}",I magically make a cup appear.
MATT,00:23:56,00:24:29,Neutral,"{'Angry': 8.870784949976951e-05, 'Disgusted': 0.00041383272036910057, 'Fearful': 4.884541795036057e-06, 'Happy': 0.0432155467569828, 'Neutral': 0.9544904232025146, 'Other': 0.000876474950928241, 'Sad': 0.0005319981137290597, 'Surprised': 4.642932253773324e-05, 'Unknown': 0.00033172022085636854}","He looks slightly impressed, but only slightly. By the way, being called 'small man' by a halfling is a feat within itself. ""All right, so, the assigned leader to be your guide slayer for this venture... Oh... really. Well, this should be curious indeed. She's late, it seems."" At which point, the door opens to the guild hall and in comes stumbling a human female."
FELICIA,00:24:29,00:24:56,Neutral,"{'Angry': 1.5892576143983206e-10, 'Disgusted': 8.564233350272232e-11, 'Fearful': 1.891072715087816e-11, 'Happy': 8.805761120278532e-10, 'Neutral': 1.0, 'Other': 3.423029915072817e-11, 'Sad': 1.4013632476661542e-09, 'Surprised': 3.263923853413786e-11, 'Unknown': 1.5624236626710086e-10}","And I run and I-- Oh my gosh I'm so sorry I'm late, I'm so sorry-- and then I trip, ridiculously, and I spill cut papaya everywhere. Oh my gosh, that is disappointing. That is just disappointing. Oh my gosh, you are so impressive, how lovely. Mertin, I brought you some papaya. I'm sorry. It's all over the floor right now. I-- you know what, I will go get a broom, I'll clean it up right now--"
MATT,00:24:56,00:24:57,Neutral,"{'Angry': 0.01093371119350195, 'Disgusted': 0.008832545951008797, 'Fearful': 0.0014470405876636505, 'Happy': 0.04655565693974495, 'Neutral': 0.8964415788650513, 'Other': 3.055586785194464e-05, 'Sad': 0.005576428957283497, 'Surprised': 0.030157046392560005, 'Unknown': 2.549364580772817e-05}","""No, no, don't worry about it, I insist--"""
FELICIA,00:24:57,00:24:59,Angry,"{'Angry': 1.0, 'Disgusted': 5.754178244998798e-10, 'Fearful': 7.616696162671133e-10, 'Happy': 1.903610380438181e-09, 'Neutral': 1.9434192033429554e-09, 'Other': 9.378645429714005e-12, 'Sad': 1.620541922875418e-09, 'Surprised': 5.430941807382794e-10, 'Unknown': 3.5479225894002875e-13}",Somebody might slip--
MATT,00:24:59,00:25:03,Happy,"{'Angry': 1.2398394574120175e-05, 'Disgusted': 9.501954991719685e-06, 'Fearful': 6.525325261463877e-06, 'Happy': 0.999812662601471, 'Neutral': 1.936837361427024e-05, 'Other': 9.986880513679353e-07, 'Sad': 0.0001301690354011953, 'Surprised': 7.82412007538369e-06, 'Unknown': 5.019559239372029e-07}","""Stay. With your group. We have important business to discuss. I appreciate the papaya."""
TRAVIS,00:25:03,00:25:05,Happy,"{'Angry': 0.00038474585744552314, 'Disgusted': 0.004520815797150135, 'Fearful': 0.00035218900302425027, 'Happy': 0.9904400110244751, 'Neutral': 0.00280390284024179, 'Other': 8.501594857079908e-05, 'Sad': 0.001194301643408835, 'Surprised': 0.00017765782831702381, 'Unknown': 4.1323841287521645e-05}",(under his breath) She's the leader?
FELICIA,00:25:05,00:25:09,Neutral,"{'Angry': 7.745205032883007e-10, 'Disgusted': 7.581631156217128e-11, 'Fearful': 2.6443156692090852e-11, 'Happy': 7.487391817662115e-10, 'Neutral': 1.0, 'Other': 2.28655774869857e-11, 'Sad': 1.2983575325975494e-09, 'Surprised': 8.545093799217085e-11, 'Unknown': 1.3799732190289404e-10}",Well I just wanted to-- this is my group. Yay! (desultory yays)
FELICIA,00:25:09,00:25:12,Neutral,"{'Angry': 1.791661437267056e-11, 'Disgusted': 8.413760682092486e-13, 'Fearful': 1.7366751754125526e-13, 'Happy': 1.8348633376574774e-11, 'Neutral': 1.0, 'Other': 4.104058605003229e-14, 'Sad': 3.3727062809241204e-11, 'Surprised': 3.530131048590235e-12, 'Unknown': 1.3522608597119068e-13}",So nice to meet all of you. You are large. You are not. You are so pretty.
LAURA,00:25:12,00:25:13,Neutral,"{'Angry': 1.7904198124085724e-09, 'Disgusted': 5.092991584021433e-10, 'Fearful': 8.705319451407512e-12, 'Happy': 4.79647743745204e-09, 'Neutral': 1.0, 'Other': 3.550925178896769e-11, 'Sad': 1.1028520319200652e-09, 'Surprised': 4.134252384879744e-10, 'Unknown': 2.9246632893276114e-11}","Oh, you are too."
FELICIA,00:25:13,00:25:15,Neutral,"{'Angry': 8.351116775884293e-07, 'Disgusted': 1.1075393331339e-06, 'Fearful': 3.7770311678286816e-07, 'Happy': 1.9661329133668914e-06, 'Neutral': 0.9999909400939941, 'Other': 3.90320536780564e-07, 'Sad': 2.1666521661245497e-06, 'Surprised': 9.599136774340877e-08, 'Unknown': 2.14904912354541e-06}","Oh my gosh, I've heard about her, she is something."
LAURA,00:25:15,00:25:16,Neutral,"{'Angry': 0.09781977534294128, 'Disgusted': 0.16118288040161133, 'Fearful': 0.002994910813868046, 'Happy': 0.041030604392290115, 'Neutral': 0.379042387008667, 'Other': 0.00013986560225021094, 'Sad': 0.3129411041736603, 'Surprised': 0.004773619584739208, 'Unknown': 7.493424345739186e-05}",She is... yeah.
FELICIA,00:25:16,00:25:18,Neutral,"{'Angry': 9.774513642923921e-09, 'Disgusted': 3.3861031756288185e-09, 'Fearful': 4.066524339485511e-10, 'Happy': 7.756239739364901e-08, 'Neutral': 0.9999997615814209, 'Other': 8.961129616125163e-10, 'Sad': 9.700711700588727e-08, 'Surprised': 1.2505795288220156e-09, 'Unknown': 1.013204187216843e-09}","Anyway. Nice to meet you, nice to meet you."
ALL,00:25:18,00:25:19,Neutral,"{'Angry': 0.011962422169744968, 'Disgusted': 0.014985259622335434, 'Fearful': 0.0020008189603686333, 'Happy': 0.22769808769226074, 'Neutral': 0.634208083152771, 'Other': 8.083695865934715e-05, 'Sad': 0.011637908406555653, 'Surprised': 0.09736660122871399, 'Unknown': 5.9985166444676e-05}",Hi.
FELICIA,00:25:19,00:25:20,Neutral,"{'Angry': 0.003145264694467187, 'Disgusted': 0.04702000319957733, 'Fearful': 0.0029703492764383554, 'Happy': 0.013523495756089687, 'Neutral': 0.8473818898200989, 'Other': 0.00019940963829867542, 'Sad': 0.08325761556625366, 'Surprised': 0.00188693858217448, 'Unknown': 0.0006149886175990105}","Hi, I'm Lyra."
ALL,00:25:20,00:25:21,Angry,"{'Angry': 0.5104449987411499, 'Disgusted': 0.0005710846744477749, 'Fearful': 0.0009349443134851754, 'Happy': 9.49448804021813e-05, 'Neutral': 0.0047807851806283, 'Other': 2.700742697925307e-06, 'Sad': 0.4830545485019684, 'Surprised': 0.00011349421401973814, 'Unknown': 2.4334901809197618e-06}",Lyra? Lyra.
FELICIA,00:25:21,00:25:23,Fearful,"{'Angry': 0.010763055644929409, 'Disgusted': 0.07033288478851318, 'Fearful': 0.582677960395813, 'Happy': 0.01262141577899456, 'Neutral': 0.04902295395731926, 'Other': 0.00025974115123972297, 'Sad': 0.267278254032135, 'Surprised': 0.006866478826850653, 'Unknown': 0.00017726146325003356}","Yes, very nice to meet you all."
MATT,00:25:23,00:25:43,Happy,"{'Angry': 0.0007035500602796674, 'Disgusted': 0.0011314689181745052, 'Fearful': 0.00015496459673158824, 'Happy': 0.9507297277450562, 'Neutral': 0.03510681912302971, 'Other': 0.0016736401012167335, 'Sad': 0.002660437487065792, 'Surprised': 8.729170804144815e-05, 'Unknown': 0.007752113975584507}","And you can see from her-- she is dressed in a nice blouse, her just-past-shoulder-length, somewhat curly hair, is kept as much as a frazzled woman would keep. A large pair of glasses adorn the front of her face, and she definitely is not who you were expecting to be considered leading this group into its journey."
TRAVIS,00:25:43,00:25:44,Surprised,"{'Angry': 0.0019910193514078856, 'Disgusted': 0.0007201351691037416, 'Fearful': 0.0027099582366645336, 'Happy': 0.0018746538553386927, 'Neutral': 0.05371331423521042, 'Other': 1.2341431101958733e-05, 'Sad': 0.0017782547511160374, 'Surprised': 0.9371973276138306, 'Unknown': 2.9198240554251242e-06}",Nope.
MARY,00:25:44,00:25:45,Neutral,"{'Angry': 0.01270608976483345, 'Disgusted': 0.005127999000251293, 'Fearful': 0.0002025933936238289, 'Happy': 0.004425873979926109, 'Neutral': 0.965965747833252, 'Other': 8.501673437422141e-05, 'Sad': 0.011019961908459663, 'Surprised': 0.0003458607825450599, 'Unknown': 0.00012080848682671785}",No.
LAURA,00:25:45,00:25:47,Neutral,"{'Angry': 0.0031407075002789497, 'Disgusted': 0.08314122259616852, 'Fearful': 0.002719151321798563, 'Happy': 0.01675301231443882, 'Neutral': 0.79811692237854, 'Other': 0.0005078764515928924, 'Sad': 0.002006404334679246, 'Surprised': 0.09320730715990067, 'Unknown': 0.00040738092502579093}","What sort of fighter are you, Lyra?"
FELICIA,00:25:47,00:25:51,Neutral,"{'Angry': 0.0003590131236705929, 'Disgusted': 0.0024595437571406364, 'Fearful': 0.0022324565798044205, 'Happy': 0.0005940817063674331, 'Neutral': 0.8141703009605408, 'Other': 0.0007749578799121082, 'Sad': 0.17096154391765594, 'Surprised': 9.434816456632689e-05, 'Unknown': 0.008353743702173233}","Oh, this is so exciting. This is-- I'm getting out Mertin, they are letting me out! This is so exciting."
MATT,00:25:51,00:25:55,Neutral,"{'Angry': 2.1664843530277977e-11, 'Disgusted': 2.5779300569239716e-12, 'Fearful': 1.024217819931006e-12, 'Happy': 8.05619390642498e-11, 'Neutral': 1.0, 'Other': 2.3841033856310256e-13, 'Sad': 1.3696442591193403e-10, 'Surprised': 8.532353643064816e-12, 'Unknown': 9.072474759300175e-13}","""This is probably a technicality. I'll have to make sure this was maybe not--"""
TALIESIN,00:25:55,00:25:57,Neutral,"{'Angry': 8.69846098794369e-06, 'Disgusted': 0.00012411019997671247, 'Fearful': 1.5167418496275786e-05, 'Happy': 6.422684236895293e-05, 'Neutral': 0.9995577931404114, 'Other': 3.4771301216096617e-06, 'Sad': 0.00020978150132577866, 'Surprised': 1.5474330211873166e-05, 'Unknown': 1.2166988199169282e-06}","Please, yes."
FELICIA,00:25:57,00:25:58,Neutral,"{'Angry': 0.08427535742521286, 'Disgusted': 0.08107764273881912, 'Fearful': 0.00506690563634038, 'Happy': 0.13191895186901093, 'Neutral': 0.48569750785827637, 'Other': 0.0963597521185875, 'Sad': 0.09587658196687698, 'Surprised': 0.017917728051543236, 'Unknown': 0.001809502486139536}","Oh, no, I don't think so."
MARY,00:25:58,00:26:06,Neutral,"{'Angry': 2.0533429123670288e-11, 'Disgusted': 4.555694363417295e-12, 'Fearful': 7.32231007598283e-13, 'Happy': 6.210353759028564e-11, 'Neutral': 1.0, 'Other': 1.0508910365178425e-12, 'Sad': 1.0700749314418445e-10, 'Surprised': 1.5188414762001834e-11, 'Unknown': 2.09671798152844e-12}",Do you find yourself sitting behind a wooden structure most of the day? Something flat like this? Like a desk or a table?
FELICIA,00:26:06,00:26:10,Neutral,"{'Angry': 5.130898136918027e-11, 'Disgusted': 4.682036442577031e-12, 'Fearful': 4.4139792190235616e-13, 'Happy': 4.770360842454302e-11, 'Neutral': 1.0, 'Other': 4.70200918131769e-13, 'Sad': 8.959111230666394e-11, 'Surprised': 8.780209198588906e-12, 'Unknown': 9.536568583434768e-13}",Oh my gosh! Do you have psy abilities?
MARY,00:26:10,00:26:13,Neutral,"{'Angry': 7.32902107059008e-12, 'Disgusted': 4.3721927120432547e-13, 'Fearful': 1.0023975600308502e-13, 'Happy': 1.0397741695422624e-11, 'Neutral': 1.0, 'Other': 4.0429749934185744e-14, 'Sad': 1.9220914790341048e-11, 'Surprised': 1.9534764431061724e-12, 'Unknown': 2.50854187682642e-13}","Just intuition, I guess."
FELICIA,00:26:13,00:26:21,Neutral,"{'Angry': 9.281694336726876e-12, 'Disgusted': 9.9114878630846e-13, 'Fearful': 3.420429087533372e-13, 'Happy': 4.0774893877992824e-11, 'Neutral': 1.0, 'Other': 9.730925917481037e-14, 'Sad': 5.572204156423233e-11, 'Surprised': 6.3005854873676714e-12, 'Unknown': 2.361848780788045e-13}","Oh, no. This is so funny. I've seen you from afar, but I'm very busy in the back room. You know, I'm very-- I'm invaluable. Right, Mertin?"
MATT,00:26:21,00:26:24,Neutral,"{'Angry': 3.572090540027162e-12, 'Disgusted': 3.076702846487034e-13, 'Fearful': 7.685341349861902e-14, 'Happy': 4.68027786665326e-12, 'Neutral': 1.0, 'Other': 2.5364506637615483e-14, 'Sad': 1.4162507104564792e-11, 'Surprised': 1.8330994274590173e-12, 'Unknown': 1.1987088296798454e-13}","""She is. Useful. Yes."""
FELICIA,00:26:24,00:26:32,Happy,"{'Angry': 0.0008091492927633226, 'Disgusted': 0.000974970986135304, 'Fearful': 0.00014354575250763446, 'Happy': 0.9254816174507141, 'Neutral': 0.06325709819793701, 'Other': 0.0015908564673736691, 'Sad': 0.003671942511573434, 'Surprised': 0.0003480111190583557, 'Unknown': 0.0037227682769298553}","Yes. I'm very good at alphabetizing. Listen, we are going to catch up so much. I'm just really excited. They are letting me out, Mertin!"
SAM,00:26:32,00:26:34,Neutral,"{'Angry': 9.571172085998114e-07, 'Disgusted': 4.314200907629129e-07, 'Fearful': 3.67726016747838e-07, 'Happy': 1.1049622798964265e-06, 'Neutral': 0.999993085861206, 'Other': 4.554473420625982e-08, 'Sad': 3.820696292677894e-06, 'Surprised': 1.6503290112268587e-07, 'Unknown': 4.024602162644442e-08}",Have you led a group like this before?
FELICIA,00:26:34,00:26:37,Neutral,"{'Angry': 6.723743090075729e-12, 'Disgusted': 3.998108539116779e-13, 'Fearful': 8.766813365751816e-14, 'Happy': 1.1000190341947658e-11, 'Neutral': 1.0, 'Other': 3.268180065224731e-14, 'Sad': 1.8811509641669666e-11, 'Surprised': 1.816455731488975e-12, 'Unknown': 2.6071625327389603e-13}","No, it's so funny. You wouldn't be able to tell, right?"
"TRAVIS, LAURA",00:26:37,00:26:38,Neutral,"{'Angry': 0.0009484501788392663, 'Disgusted': 0.0018673945451155305, 'Fearful': 2.256021434732247e-05, 'Happy': 0.003033105982467532, 'Neutral': 0.9936109185218811, 'Other': 9.718665387481451e-05, 'Sad': 0.0002135140384780243, 'Surprised': 8.387286652578041e-05, 'Unknown': 0.00012307260476518422}",Not at all.
MARY,00:26:38,00:26:41,Neutral,"{'Angry': 3.574571411438243e-12, 'Disgusted': 2.4403940782243005e-13, 'Fearful': 7.544200588674096e-14, 'Happy': 6.3385056751907864e-12, 'Neutral': 1.0, 'Other': 2.0243726603342248e-14, 'Sad': 1.4850251237041867e-11, 'Surprised': 1.647843428549678e-12, 'Unknown': 8.40934445559341e-14}",You seem very experienced.
TRAVIS,00:26:41,00:26:42,Neutral,"{'Angry': 0.001292205648496747, 'Disgusted': 0.00045805913396179676, 'Fearful': 1.3503792615665589e-05, 'Happy': 0.0697704404592514, 'Neutral': 0.9275336861610413, 'Other': 0.00010339039727114141, 'Sad': 0.0002998083655256778, 'Surprised': 0.0005016518989577889, 'Unknown': 2.721381315495819e-05}",Veteran.
LAURA,00:26:42,00:26:43,Disgusted,"{'Angry': 0.19430263340473175, 'Disgusted': 0.5620868802070618, 'Fearful': 0.00041909803985618055, 'Happy': 0.0030075623653829098, 'Neutral': 0.22465026378631592, 'Other': 5.672354018315673e-05, 'Sad': 0.015134567394852638, 'Surprised': 0.00022968642588239163, 'Unknown': 0.00011253851698711514}",Very in-charge.
FELICIA,00:26:43,00:26:57,Happy,"{'Angry': 0.0012554514687508345, 'Disgusted': 0.012210278771817684, 'Fearful': 0.0030723013915121555, 'Happy': 0.40564632415771484, 'Neutral': 0.3464580178260803, 'Other': 0.011686867102980614, 'Sad': 0.020922310650348663, 'Surprised': 1.921783223224338e-05, 'Unknown': 0.1987292617559433}","Thank you. Thank you. I mean, listen. I just wanted to welcome everybody. No, no. They don't actually let me out a lot and I was-- you know-- when I got the scroll in front ... it was just-- This is my best robe."
MARY,00:26:57,00:27:00,Neutral,"{'Angry': 1.0281376715704643e-13, 'Disgusted': 2.95144374130201e-15, 'Fearful': 6.25065898783502e-16, 'Happy': 1.2126305276756455e-13, 'Neutral': 1.0, 'Other': 4.717867107692454e-16, 'Sad': 3.870055046827775e-13, 'Surprised': 4.155589379008749e-14, 'Unknown': 1.7527129734688307e-15}",You've got a little papaya juice on the front of it
FELICIA,00:27:00,00:27:09,Neutral,"{'Angry': 1.9074891000059324e-08, 'Disgusted': 2.81570606830428e-08, 'Fearful': 3.742338883228058e-09, 'Happy': 5.297666575643234e-06, 'Neutral': 0.9999940395355225, 'Other': 9.005426626629287e-09, 'Sad': 5.566547542912303e-07, 'Surprised': 5.374517186851335e-08, 'Unknown': 8.348920665923742e-09}","Oh no, oh no, oh no! And then I'm like brushing it and accidentally-- the robe falls off. (gasp) Oh my god! That was inadvertent."
MATT,00:27:09,00:27:30,Neutral,"{'Angry': 5.576430872622495e-09, 'Disgusted': 1.4999173014729195e-09, 'Fearful': 1.1398060273393185e-10, 'Happy': 1.937265636797747e-08, 'Neutral': 1.0, 'Other': 6.453057532773698e-10, 'Sad': 8.964725850546529e-09, 'Surprised': 2.6052540125220958e-09, 'Unknown': 5.378030243363696e-10}","You hear this awkward smack sound as Mertin has face-palmed, as unbelievably hard as he can, at the edge of his desk. ""I shall retrieve the Huntmaster."" Then he gets up and leaves. You guys are left alone in the foyer for a moment."
SAM,00:27:30,00:27:36,Happy,"{'Angry': 1.6818448855815404e-08, 'Disgusted': 3.4926991077099956e-08, 'Fearful': 1.2158944073803468e-08, 'Happy': 0.9999998807907104, 'Neutral': 7.652832323401526e-08, 'Other': 1.4604904841064581e-08, 'Sad': 4.1234120118360806e-08, 'Surprised': 1.1178848069448577e-08, 'Unknown': 2.359323936218516e-08}","So Lyra, you are already a full fledged slayer?"
FELICIA,00:27:36,00:27:37,Neutral,"{'Angry': 7.594610906380694e-06, 'Disgusted': 7.691495738981757e-06, 'Fearful': 4.625692042736773e-07, 'Happy': 3.164926965837367e-06, 'Neutral': 0.9999704360961914, 'Other': 2.2302469915302936e-06, 'Sad': 7.4511281127342954e-06, 'Surprised': 1.7935217044851015e-07, 'Unknown': 9.047048479260411e-07}","I am, in fact."
SAM,00:27:37,00:27:39,Unknown,"{'Angry': 0.005565560422837734, 'Disgusted': 0.01210277620702982, 'Fearful': 0.004548282828181982, 'Happy': 0.08530702441930771, 'Neutral': 0.3837384879589081, 'Other': 0.002867709845304489, 'Sad': 0.0011945012956857681, 'Surprised': 2.9177097530919127e-05, 'Unknown': 0.5046464204788208}",Have you slain?
FELICIA,00:27:39,00:27:42,Neutral,"{'Angry': 6.285102426772937e-05, 'Disgusted': 0.0002493441861588508, 'Fearful': 4.78740366816055e-05, 'Happy': 0.000373100396245718, 'Neutral': 0.992490828037262, 'Other': 0.0008098940015770495, 'Sad': 0.0013896803138777614, 'Surprised': 2.1201885829214007e-06, 'Unknown': 0.004574324004352093}","I am a member of the guild. Well, if you want to be technical--"
SAM,00:27:42,00:27:44,Neutral,"{'Angry': 1.1899543750359953e-07, 'Disgusted': 1.5777088435697806e-07, 'Fearful': 3.341052945415868e-08, 'Happy': 4.949082494931645e-07, 'Neutral': 0.9999988079071045, 'Other': 5.760151466915886e-08, 'Sad': 2.594082388895913e-07, 'Surprised': 3.233593304230453e-08, 'Unknown': 1.5959501808993082e-07}",You seem like someone from The Guild.
FELICIA,00:27:44,00:27:50,Neutral,"{'Angry': 1.9117824998863414e-13, 'Disgusted': 5.9493345342667096e-15, 'Fearful': 1.2778003405473025e-15, 'Happy': 2.2405849690789598e-13, 'Neutral': 1.0, 'Other': 9.13317616420804e-16, 'Sad': 7.164376513921211e-13, 'Surprised': 7.291950788849977e-14, 'Unknown': 3.918210089606626e-15}","Yes, I'm a guild member. It's funny because it's kind of a technicality. I don't know how that happened, but I'm here."
LAURA,00:27:50,00:27:53,Neutral,"{'Angry': 0.01378043182194233, 'Disgusted': 0.03029514290392399, 'Fearful': 0.094769187271595, 'Happy': 0.2845296561717987, 'Neutral': 0.34407320618629456, 'Other': 0.00022113772865850478, 'Sad': 0.10301420837640762, 'Surprised': 0.12902607023715973, 'Unknown': 0.0002909829781856388}",What do you normally do? Bookkeeping? Storage?
FELICIA,00:27:53,00:27:57,Neutral,"{'Angry': 2.1404069489028288e-11, 'Disgusted': 3.5872001983433544e-12, 'Fearful': 1.1673688274718708e-12, 'Happy': 6.499449589636441e-11, 'Neutral': 1.0, 'Other': 3.453830374911676e-13, 'Sad': 1.0907557496109277e-10, 'Surprised': 1.5791796689756943e-11, 'Unknown': 6.621758263242183e-13}","Oh, well. It's a really long story. Can I tell you all about it?"
SAM,00:27:57,00:27:58,Angry,"{'Angry': 0.9664821624755859, 'Disgusted': 0.010148839093744755, 'Fearful': 0.00014910764002706856, 'Happy': 0.0014336054446175694, 'Neutral': 0.014224079437553883, 'Other': 2.706909435801208e-05, 'Sad': 0.007439189590513706, 'Surprised': 8.033290214370936e-05, 'Unknown': 1.5708697901573032e-05}",Abridged. Abridged.
LAURA,00:27:58,00:28:00,Neutral,"{'Angry': 2.792674713703036e-08, 'Disgusted': 9.114863530612638e-09, 'Fearful': 1.9119608118955966e-09, 'Happy': 3.12683766878763e-07, 'Neutral': 0.9999996423721313, 'Other': 3.889761401865144e-09, 'Sad': 4.1993118315986067e-08, 'Surprised': 2.0644028708716178e-09, 'Unknown': 8.594724931754172e-09}","Grog look, papaya."
TRAVIS,00:28:00,00:28:01,Neutral,"{'Angry': 0.006664583459496498, 'Disgusted': 0.01582312397658825, 'Fearful': 0.00036045475280843675, 'Happy': 0.017795469611883163, 'Neutral': 0.8260973691940308, 'Other': 3.2668245694367215e-05, 'Sad': 0.13257326185703278, 'Surprised': 0.0006429168279282749, 'Unknown': 1.014880672300933e-05}",Rah!
FELICIA,00:28:01,00:28:03,Angry,"{'Angry': 0.9911015033721924, 'Disgusted': 1.3615718899018248e-06, 'Fearful': 2.8707924570881005e-07, 'Happy': 8.047940355027094e-06, 'Neutral': 0.00882053840905428, 'Other': 4.0651467969610167e-08, 'Sad': 6.722359830746427e-05, 'Surprised': 1.088271119442652e-06, 'Unknown': 9.636416997693686e-09}",I guess some of it's still clean.
SAM,00:28:03,00:28:05,Neutral,"{'Angry': 3.0113861404501563e-10, 'Disgusted': 3.6206364295576776e-11, 'Fearful': 6.518815001688161e-12, 'Happy': 2.6594113577971257e-09, 'Neutral': 1.0, 'Other': 4.5414665951482025e-12, 'Sad': 9.950561485894127e-10, 'Surprised': 4.582573556732861e-11, 'Unknown': 2.654082856268225e-11}",He doesn't care.
TRAVIS,00:28:05,00:28:06,Neutral,"{'Angry': 0.0011443495750427246, 'Disgusted': 0.0005133235827088356, 'Fearful': 6.0256850701989606e-05, 'Happy': 0.0027535581029951572, 'Neutral': 0.9924572706222534, 'Other': 1.056173368851887e-05, 'Sad': 0.00025659168022684753, 'Surprised': 0.002802873495966196, 'Unknown': 1.2625108638530946e-06}",It's still good.
FELICIA,00:28:06,00:28:07,Neutral,"{'Angry': 0.06052476912736893, 'Disgusted': 0.012127814814448357, 'Fearful': 0.00025083599030040205, 'Happy': 0.0009267108980566263, 'Neutral': 0.9216861724853516, 'Other': 0.0003162957145832479, 'Sad': 0.0007807908696122468, 'Surprised': 1.6668256648699753e-05, 'Unknown': 0.0033699283376336098}","Yes, so."
LAURA,00:28:07,00:28:11,Neutral,"{'Angry': 1.7741147075867048e-06, 'Disgusted': 7.536259545304347e-06, 'Fearful': 1.1823071872640867e-05, 'Happy': 3.329164246679284e-05, 'Neutral': 0.9998144507408142, 'Other': 1.4105147783993743e-05, 'Sad': 1.2397860700730234e-05, 'Surprised': 6.998925528023392e-07, 'Unknown': 0.00010392616968601942}","And Trinket, Trinket too. This is my bear."
SAM,00:28:11,00:28:12,Neutral,"{'Angry': 0.0010921426583081484, 'Disgusted': 0.0018134864512830973, 'Fearful': 0.0016569242579862475, 'Happy': 0.008675106801092625, 'Neutral': 0.9275230765342712, 'Other': 0.0012420604471117258, 'Sad': 0.0009967865189537406, 'Surprised': 1.231938131240895e-05, 'Unknown': 0.05698804557323456}","Oh, do we get Trinket?"
LAURA,00:28:12,00:28:14,Sad,"{'Angry': 0.15966078639030457, 'Disgusted': 0.15499478578567505, 'Fearful': 0.13924388587474823, 'Happy': 0.09010162204504013, 'Neutral': 0.21370026469230652, 'Other': 0.00020460279483813792, 'Sad': 0.23933976888656616, 'Surprised': 0.0007820490282028913, 'Unknown': 0.001972232712432742}","Yes, of course we get Trinket! Scanlan Do we get Trinket on the trip?"
MATT,00:28:14,00:28:25,Neutral,"{'Angry': 6.991280656620802e-07, 'Disgusted': 2.4041892174864188e-06, 'Fearful': 5.617608280772401e-07, 'Happy': 8.834238542476669e-06, 'Neutral': 0.9999250173568726, 'Other': 5.78067056267173e-06, 'Sad': 4.905231253360398e-05, 'Surprised': 2.4995594571919355e-07, 'Unknown': 7.373837888735579e-06}","As you turn, you see that the door after you pass, and the giant armored bear has made its way in and pushes past your shoulder abruptly. And immediately goes nose down and joins Grog, eating papaya off of the ground."
TRAVIS,00:28:25,00:28:26,Neutral,"{'Angry': 0.00015760511450935155, 'Disgusted': 4.5014025090495124e-05, 'Fearful': 2.6121928385691717e-05, 'Happy': 0.00011009810987161472, 'Neutral': 0.9992972612380981, 'Other': 1.2072978279320523e-06, 'Sad': 0.00032542162807658315, 'Surprised': 3.696937710628845e-05, 'Unknown': 2.3804277304861898e-07}","Hey, get your own papaya."
LAURA,00:28:26,00:28:27,Neutral,"{'Angry': 0.0007752352394163609, 'Disgusted': 6.468560604844242e-05, 'Fearful': 5.1074357543257065e-06, 'Happy': 0.0015095343114808202, 'Neutral': 0.9970988035202026, 'Other': 4.681789505411871e-06, 'Sad': 0.0004920615465380251, 'Surprised': 4.920158244203776e-05, 'Unknown': 6.795673925807932e-07}",This is Trinket.
MARY,00:28:27,00:28:29,Neutral,"{'Angry': 0.0064811669290065765, 'Disgusted': 0.0007611973560415208, 'Fearful': 6.755104550393298e-05, 'Happy': 0.00017576789832673967, 'Neutral': 0.9919718503952026, 'Other': 3.2304992600984406e-06, 'Sad': 0.0004863507056143135, 'Surprised': 4.8992777010425925e-05, 'Unknown': 3.946963261114433e-06}",Fascinating. What kind of bear is he?
TALIESIN,00:28:29,00:28:30,Neutral,"{'Angry': 0.009765156544744968, 'Disgusted': 0.028936294838786125, 'Fearful': 0.0013612244511023164, 'Happy': 0.005087006837129593, 'Neutral': 0.909791886806488, 'Other': 4.792807521880604e-05, 'Sad': 0.03998114913702011, 'Surprised': 0.004999998956918716, 'Unknown': 2.9265478588058613e-05}",A big one.
LAURA,00:28:30,00:28:31,Neutral,"{'Angry': 0.007764204405248165, 'Disgusted': 0.01654352806508541, 'Fearful': 0.0005855842609889805, 'Happy': 0.0010914430022239685, 'Neutral': 0.9645656943321228, 'Other': 1.6785374100436457e-05, 'Sad': 0.008786222897469997, 'Surprised': 0.0006367599708028138, 'Unknown': 9.799098734220024e-06}",A brown one.
TRAVIS,00:28:31,00:28:34,Neutral,"{'Angry': 1.9464263800728077e-07, 'Disgusted': 4.2406856692878137e-08, 'Fearful': 3.33147340825235e-08, 'Happy': 8.888184311217628e-06, 'Neutral': 0.9999829530715942, 'Other': 1.1044168246598929e-08, 'Sad': 7.282905244210269e-06, 'Surprised': 5.790608952338516e-07, 'Unknown': 3.599240905316492e-09}",We start to wrestle. Gently. That's my papaya you-- let go!
FELICIA,00:28:34,00:28:40,Neutral,"{'Angry': 1.1833172462727415e-11, 'Disgusted': 5.657962163022057e-13, 'Fearful': 1.9207739240280353e-13, 'Happy': 2.3730089074303073e-11, 'Neutral': 1.0, 'Other': 3.7316097477660404e-14, 'Sad': 2.5869797623534474e-11, 'Surprised': 2.753934450275275e-12, 'Unknown': 5.565729626309801e-13}","Does anyone have any allergies, if I take some to-go lunches?"
LAURA,00:28:40,00:28:42,Neutral,"{'Angry': 1.132723468799668e-06, 'Disgusted': 2.6776886443258263e-05, 'Fearful': 2.8195001959829824e-06, 'Happy': 7.890120286901947e-06, 'Neutral': 0.9999425411224365, 'Other': 1.2741284081130289e-06, 'Sad': 1.2308201803534757e-05, 'Surprised': 4.898484348814236e-06, 'Unknown': 3.250312090585794e-07}","Oh, that would be lovely actually."
TRAVIS,00:28:42,00:28:43,Sad,"{'Angry': 0.08099056035280228, 'Disgusted': 0.003178094979375601, 'Fearful': 0.002132703782990575, 'Happy': 0.044727224856615067, 'Neutral': 0.03265117481350899, 'Other': 0.010455576702952385, 'Sad': 0.7433279752731323, 'Surprised': 0.08244820684194565, 'Unknown': 8.843136311043054e-05}",Cats.
LAURA,00:28:43,00:28:44,Neutral,"{'Angry': 3.3143921635003792e-12, 'Disgusted': 1.3623366215513577e-13, 'Fearful': 3.461518384754135e-14, 'Happy': 7.214761340440523e-12, 'Neutral': 1.0, 'Other': 9.146953790369842e-15, 'Sad': 1.577562906696084e-11, 'Surprised': 1.0856197668260292e-12, 'Unknown': 4.133770826727015e-14}",Actually I think Percy is quite hungry.
TALIESIN,00:28:44,00:28:54,Neutral,"{'Angry': 0.00019756703113671392, 'Disgusted': 0.0003350468759890646, 'Fearful': 7.785888010403141e-05, 'Happy': 0.0010200393153354526, 'Neutral': 0.9960991144180298, 'Other': 0.0006290192250162363, 'Sad': 0.000938013952691108, 'Surprised': 6.813277650508098e-06, 'Unknown': 0.0006965769571252167}","I actually am quite hungry. I was-- I don't know if I am quite capable of eating papaya off the floor, but if there is, I don't know, something brunchy?"
TRAVIS,00:28:54,00:28:56,Neutral,"{'Angry': 0.0005209119408391416, 'Disgusted': 0.0039943670853972435, 'Fearful': 8.556825196137652e-05, 'Happy': 0.002425604034215212, 'Neutral': 0.7899715304374695, 'Other': 7.121492672013119e-05, 'Sad': 0.00018158023885916919, 'Surprised': 0.2027171403169632, 'Unknown': 3.206618930562399e-05}",I have some dried food rations. Would you want one of those?
TALIESIN,00:28:56,00:28:58,Neutral,"{'Angry': 0.026079580187797546, 'Disgusted': 0.1159980446100235, 'Fearful': 0.00026811996940523386, 'Happy': 0.03612522408366203, 'Neutral': 0.8102876543998718, 'Other': 0.0005750192794948816, 'Sad': 0.006484977900981903, 'Surprised': 0.004021487198770046, 'Unknown': 0.00015988782979547977}",It will do in a pinch.
FELICIA,00:28:58,00:28:59,Angry,"{'Angry': 0.48344042897224426, 'Disgusted': 0.47359904646873474, 'Fearful': 0.0005176114500500262, 'Happy': 0.0042850300669670105, 'Neutral': 0.0320269875228405, 'Other': 0.000782670162152499, 'Sad': 0.004527456592768431, 'Surprised': 0.0005979244597256184, 'Unknown': 0.0002229188394267112}",Here is a crumbled biscuit.
TALIESIN,00:28:59,00:29:02,Neutral,"{'Angry': 2.334657800417972e-08, 'Disgusted': 1.869285348732319e-08, 'Fearful': 1.578582065064893e-08, 'Happy': 2.3395847392748692e-07, 'Neutral': 0.9999995231628418, 'Other': 7.440667637581555e-09, 'Sad': 2.3375507396394823e-07, 'Surprised': 1.4656580837879574e-08, 'Unknown': 8.30479773838988e-09}","A crumbled biscuit sounds-- I like her already, that will do."
TRAVIS,00:29:02,00:29:03,Happy,"{'Angry': 0.007964069955050945, 'Disgusted': 0.007943665608763695, 'Fearful': 0.0017687234794721007, 'Happy': 0.5297080278396606, 'Neutral': 0.2902720272541046, 'Other': 0.0002620629675220698, 'Sad': 0.15081457793712616, 'Surprised': 0.01112823560833931, 'Unknown': 0.00013857973681297153}",I will remember this slight.
SAM,00:29:03,00:29:06,Happy,"{'Angry': 5.501376776351208e-08, 'Disgusted': 2.993929015815411e-08, 'Fearful': 2.4658927344489712e-08, 'Happy': 0.9999891519546509, 'Neutral': 8.137466465996113e-06, 'Other': 3.0644777382349275e-08, 'Sad': 2.3220814000524115e-06, 'Surprised': 1.2068963428646384e-07, 'Unknown': 1.412215677731865e-08}",So have you slain-- have you had any battle experience at all?
FELICIA,00:29:06,00:29:16,Neutral,"{'Angry': 3.764558651787875e-14, 'Disgusted': 1.5170723250700654e-15, 'Fearful': 2.2420438012185216e-16, 'Happy': 4.9650872470516014e-14, 'Neutral': 1.0, 'Other': 4.288266290526058e-16, 'Sad': 1.1736507490693604e-13, 'Surprised': 2.4185213158339422e-14, 'Unknown': 1.1553963504934124e-15}","Well, it's funny. I'm actually from this city, but I was in Emon, and I was studying. I'm a wizard. You know, the wizardly arts."
SAM,00:29:16,00:29:17,Neutral,"{'Angry': 0.001037932001054287, 'Disgusted': 0.0025962963700294495, 'Fearful': 0.0009673315798863769, 'Happy': 0.017410675063729286, 'Neutral': 0.9760465621948242, 'Other': 3.346940138726495e-05, 'Sad': 0.0007639914401806891, 'Surprised': 0.0008915352518670261, 'Unknown': 0.00025221818941645324}","Oh, I've heard of them yes."
FELICIA,00:29:17,00:29:18,Neutral,"{'Angry': 1.2521034477686044e-05, 'Disgusted': 1.857494135037996e-05, 'Fearful': 3.972160811827052e-06, 'Happy': 7.779653242323548e-05, 'Neutral': 0.9997851252555847, 'Other': 8.42538611323107e-07, 'Sad': 1.820625584514346e-05, 'Surprised': 8.247837831731886e-05, 'Unknown': 4.626056693268765e-07}",Yes absolutely.
SAM,00:29:18,00:29:20,Neutral,"{'Angry': 2.0928698774014265e-08, 'Disgusted': 1.4726666108799691e-08, 'Fearful': 4.3941534855207465e-09, 'Happy': 9.672589129650078e-08, 'Neutral': 0.9999996423721313, 'Other': 6.252777406956511e-09, 'Sad': 1.081142286807335e-07, 'Surprised': 1.4777925549935844e-09, 'Unknown': 4.7186222928985444e-08}",I dabble with them myself.
FELICIA,00:29:20,00:29:26,Neutral,"{'Angry': 5.4681759564800814e-08, 'Disgusted': 3.7000095431949376e-08, 'Fearful': 1.6851062767386793e-08, 'Happy': 1.3413209387636016e-07, 'Neutral': 0.9999992847442627, 'Other': 2.6154053145432954e-08, 'Sad': 3.254265266150469e-07, 'Surprised': 5.275397452209063e-09, 'Unknown': 3.781111601597331e-08}","Exactly. My uncle is actually the diplomat from Emon here, in Vasselheim."
SAM,00:29:26,00:29:28,Neutral,"{'Angry': 2.8481721869866305e-07, 'Disgusted': 3.4310721730435034e-07, 'Fearful': 3.390801452951564e-07, 'Happy': 9.392471838509664e-06, 'Neutral': 0.9999880790710449, 'Other': 1.6538434977064753e-07, 'Sad': 1.1230049494770356e-06, 'Surprised': 1.5804234010374785e-07, 'Unknown': 1.5682950049722422e-07}","Oh, we are from Emon, as well."
FELICIA,00:29:28,00:29:29,Surprised,"{'Angry': 0.00048437819350510836, 'Disgusted': 0.001048973179422319, 'Fearful': 0.00010534037573961541, 'Happy': 0.00020636133558582515, 'Neutral': 0.013992475345730782, 'Other': 2.0449226212804206e-05, 'Sad': 0.0004112648020964116, 'Surprised': 0.9837296605110168, 'Unknown': 1.158011627921951e-06}",That's so funny.
LAURA,00:29:29,00:29:30,Happy,"{'Angry': 0.01022664736956358, 'Disgusted': 0.05677779018878937, 'Fearful': 0.003832925111055374, 'Happy': 0.8933325409889221, 'Neutral': 0.021208666265010834, 'Other': 5.097832399769686e-05, 'Sad': 0.009354029782116413, 'Surprised': 0.005193440243601799, 'Unknown': 2.2875996364746243e-05}",Perhaps you've heard of us?
SAM,00:29:30,00:29:31,Neutral,"{'Angry': 6.985110303503461e-06, 'Disgusted': 3.2639150049362797e-07, 'Fearful': 3.559561889687757e-07, 'Happy': 0.0003144211077596992, 'Neutral': 0.9996606111526489, 'Other': 4.89933640324125e-08, 'Sad': 1.5520037777605467e-05, 'Surprised': 1.711461550257809e-06, 'Unknown': 6.251849704597134e-09}",Vox Machina?
LAURA,00:29:31,00:29:33,Neutral,"{'Angry': 0.00011296414595562965, 'Disgusted': 0.0006375305238179862, 'Fearful': 3.436740598772303e-06, 'Happy': 4.1381947085028514e-05, 'Neutral': 0.9991105198860168, 'Other': 1.9210452592233196e-05, 'Sad': 1.985572998819407e-05, 'Surprised': 5.310056963026e-07, 'Unknown': 5.450844400911592e-05}",Castle Greyskull Keep.
SAM,00:29:33,00:29:36,Neutral,"{'Angry': 5.3811954892069025e-12, 'Disgusted': 3.754614891562924e-13, 'Fearful': 1.0889082197778135e-13, 'Happy': 1.0720927617891007e-11, 'Neutral': 1.0, 'Other': 3.5801084183805995e-14, 'Sad': 2.066950430257286e-11, 'Surprised': 2.1766848306431497e-12, 'Unknown': 1.7083325043205227e-13}",Castle Greyskull. Some know us as the S.H.I.Ts.
TALIESIN,00:29:36,00:29:37,Neutral,"{'Angry': 0.002236307365819812, 'Disgusted': 0.0003954147978220135, 'Fearful': 8.75391488079913e-05, 'Happy': 0.01647825725376606, 'Neutral': 0.977799117565155, 'Other': 6.221504008863121e-06, 'Sad': 0.00023396391770802438, 'Surprised': 0.0027596675790846348, 'Unknown': 3.541196065270924e-06}",Kind of a big deal.
FELICIA,00:29:37,00:29:52,Neutral,"{'Angry': 6.504343730284745e-09, 'Disgusted': 2.801936904717195e-09, 'Fearful': 1.2567372698057966e-09, 'Happy': 9.094922575059172e-07, 'Neutral': 0.9999982118606567, 'Other': 1.3258987241471232e-09, 'Sad': 8.843949785841687e-07, 'Surprised': 3.5586587010527637e-09, 'Unknown': 8.215124136512486e-10}","No. No, but I would love to hear all about it. I'll put it on a scroll. Anyway, so I came here because my boyfriend, Aldor, is here. He is going to be my boyfriend. It's a long story."
SAM,00:29:52,00:29:55,Neutral,"{'Angry': 0.0017342432402074337, 'Disgusted': 3.5017124901060015e-05, 'Fearful': 8.475308277411386e-06, 'Happy': 0.0008214867557398975, 'Neutral': 0.9970923662185669, 'Other': 6.745180144207552e-06, 'Sad': 0.00027104088803753257, 'Surprised': 2.1500036382349208e-05, 'Unknown': 9.1489737314987e-06}",We've met Aldor.
LAURA,00:29:55,00:29:57,Neutral,"{'Angry': 1.433608395018382e-05, 'Disgusted': 8.84161090652924e-06, 'Fearful': 4.83315716337529e-07, 'Happy': 0.01046059001237154, 'Neutral': 0.9893748760223389, 'Other': 6.409479169633414e-07, 'Sad': 0.0001373119739582762, 'Surprised': 2.7832138584926724e-06, 'Unknown': 1.472266433211189e-07}",We have?!
SAM,00:29:57,00:29:58,Disgusted,"{'Angry': 0.0017521929694339633, 'Disgusted': 0.9124630689620972, 'Fearful': 0.00041241696453653276, 'Happy': 0.001976878847926855, 'Neutral': 0.0645507425069809, 'Other': 3.3665271530480823e-06, 'Sad': 0.018665263429284096, 'Surprised': 0.0001725003676256165, 'Unknown': 3.599748197302688e-06}",We have.
LAURA,00:29:58,00:29:59,Disgusted,"{'Angry': 0.007827570661902428, 'Disgusted': 0.7011783123016357, 'Fearful': 0.0007782210595905781, 'Happy': 0.006872557103633881, 'Neutral': 0.014973555691540241, 'Other': 0.21577493846416473, 'Sad': 0.0015997416339814663, 'Surprised': 0.05063727870583534, 'Unknown': 0.0003577924508135766}",Where did we meet Aldor?
SAM,00:29:59,00:30:01,Neutral,"{'Angry': 1.0394186844564501e-08, 'Disgusted': 3.778278578892014e-09, 'Fearful': 1.951665495880661e-09, 'Happy': 3.59810918837411e-08, 'Neutral': 0.9999998807907104, 'Other': 3.0259525440889945e-10, 'Sad': 6.54004850275669e-08, 'Surprised': 5.537109881714741e-09, 'Unknown': 1.1996779958334258e-10}","Yes, we met Aldor."
MATT,00:30:01,00:30:03,Neutral,"{'Angry': 7.576968386047156e-09, 'Disgusted': 2.1538415495570007e-09, 'Fearful': 5.605679254117035e-10, 'Happy': 9.120626032199652e-08, 'Neutral': 0.9999998807907104, 'Other': 4.3846001829273007e-10, 'Sad': 3.383103575060886e-08, 'Surprised': 1.0720815346587642e-09, 'Unknown': 5.899584154533954e-10}",He was the leader of the team that found you guys in the forest.
TRAVIS,00:30:03,00:30:04,Neutral,"{'Angry': 3.0261451122726157e-09, 'Disgusted': 5.873558861502204e-10, 'Fearful': 2.8238303362293493e-10, 'Happy': 1.6832476745776148e-08, 'Neutral': 1.0, 'Other': 1.499942253735398e-10, 'Sad': 1.1955790135687039e-08, 'Surprised': 1.247197234377495e-09, 'Unknown': 3.251149349736693e-11}",That's right!
LAURA,00:30:04,00:30:05,Disgusted,"{'Angry': 0.007239715661853552, 'Disgusted': 0.5757161378860474, 'Fearful': 0.00013551791198551655, 'Happy': 0.010933809913694859, 'Neutral': 0.07317100465297699, 'Other': 0.02415313385426998, 'Sad': 0.001980234170332551, 'Surprised': 0.30641281604766846, 'Unknown': 0.00025766307953745127}",(gasps) That guy!
SAM,00:30:05,00:30:10,Neutral,"{'Angry': 1.9529354262221021e-13, 'Disgusted': 7.681907817106912e-15, 'Fearful': 1.36260549098464e-15, 'Happy': 3.127032053434897e-13, 'Neutral': 1.0, 'Other': 8.711779919926986e-16, 'Sad': 5.725792019337095e-13, 'Surprised': 8.991777862652622e-14, 'Unknown': 4.413806102429802e-15}",We tangled with him. Our first run in with Aldor was not fortuitous.
FELICIA,00:30:10,00:30:12,Neutral,"{'Angry': 4.262806396582164e-05, 'Disgusted': 1.994968806684483e-05, 'Fearful': 3.155864078507875e-06, 'Happy': 0.002321554347872734, 'Neutral': 0.9973980188369751, 'Other': 2.7967353162239306e-06, 'Sad': 4.1816798329818994e-05, 'Surprised': 0.00016984279500320554, 'Unknown': 3.0566263831133256e-07}",Did he look good? Did he look healthy?
LAURA,00:30:12,00:30:14,Neutral,"{'Angry': 1.751468414745716e-09, 'Disgusted': 8.846816335061902e-11, 'Fearful': 1.3248481305072612e-11, 'Happy': 8.154458219777894e-10, 'Neutral': 1.0, 'Other': 2.8281231523319406e-12, 'Sad': 1.1159287938156126e-09, 'Surprised': 1.8852537586599993e-10, 'Unknown': 2.1549151352218132e-12}","I mean, he looked kind of like a dick. If you want my personal opinion but--"
SAM,00:30:14,00:30:16,Neutral,"{'Angry': 0.004800559487193823, 'Disgusted': 0.01617606356739998, 'Fearful': 0.004127840511500835, 'Happy': 0.01993499882519245, 'Neutral': 0.8784679174423218, 'Other': 3.860523065668531e-05, 'Sad': 0.06864117085933685, 'Surprised': 0.007781353313475847, 'Unknown': 3.150935663143173e-05}",She means he was--
TALIESIN,00:30:16,00:30:17,Neutral,"{'Angry': 0.01688344217836857, 'Disgusted': 0.006262546870857477, 'Fearful': 0.0009019908029586077, 'Happy': 0.22748206555843353, 'Neutral': 0.7356606125831604, 'Other': 4.016083767055534e-05, 'Sad': 0.0022098300978541374, 'Surprised': 0.01053619384765625, 'Unknown': 2.307466093043331e-05}",Strapping!
SAM,00:30:17,00:30:19,Neutral,"{'Angry': 0.005803653970360756, 'Disgusted': 0.0027481322176754475, 'Fearful': 0.0006361170671880245, 'Happy': 0.00662188371643424, 'Neutral': 0.9605527520179749, 'Other': 0.0001416205195710063, 'Sad': 0.005411176942288876, 'Surprised': 0.01801239885389805, 'Unknown': 7.22557379049249e-05}","Strapping, like a dick."
FELICIA,00:30:19,00:30:28,Neutral,"{'Angry': 2.8691414399872883e-07, 'Disgusted': 5.970151164547133e-07, 'Fearful': 2.8898039516889185e-08, 'Happy': 6.486702659458388e-07, 'Neutral': 0.9999973773956299, 'Other': 2.6538484121374495e-07, 'Sad': 4.1007641016221896e-07, 'Surprised': 3.116171853889682e-08, 'Unknown': 3.276809081853571e-07}","Well he is very large, and we won't talk about that area. I have seen it, but let's not talk about that either."
TRAVIS,00:30:28,00:30:32,Neutral,"{'Angry': 6.042611750594132e-14, 'Disgusted': 1.8584296733079823e-15, 'Fearful': 3.2901734874584256e-16, 'Happy': 7.052384799191222e-14, 'Neutral': 1.0, 'Other': 3.584552906133961e-16, 'Sad': 2.1213998439850723e-13, 'Surprised': 2.878009245851909e-14, 'Unknown': 1.0836568950257095e-15}","What is your weapon of choice, Lyra?"
FELICIA,00:30:32,00:30:38,Neutral,"{'Angry': 0.0002019223029492423, 'Disgusted': 3.5016262700082734e-05, 'Fearful': 1.0640247637638822e-05, 'Happy': 0.00032847977126948535, 'Neutral': 0.9992782473564148, 'Other': 2.3254206098499708e-05, 'Sad': 4.1414208681089804e-05, 'Surprised': 3.8887425034772605e-05, 'Unknown': 4.221886774757877e-05}","Oh, I have a wand. I have a wand. It's right here. See? It's not very long."
MARY,00:30:38,00:30:39,Neutral,"{'Angry': 4.420967525220476e-05, 'Disgusted': 4.366094344732119e-06, 'Fearful': 1.141935535997618e-05, 'Happy': 0.0005297402385622263, 'Neutral': 0.9899463057518005, 'Other': 3.228328569093719e-05, 'Sad': 0.0004302749293856323, 'Surprised': 0.009000808000564575, 'Unknown': 5.041670760874695e-07}",What's it made of?
FELICIA,00:30:39,00:30:46,Neutral,"{'Angry': 6.312537152552977e-06, 'Disgusted': 5.461618457047734e-06, 'Fearful': 2.922377291270095e-07, 'Happy': 0.0039140284061431885, 'Neutral': 0.9960576295852661, 'Other': 2.101336349369376e-06, 'Sad': 9.900111763272434e-06, 'Surprised': 3.020653593921452e-06, 'Unknown': 1.277929186471738e-06}","Oh, it's ash. Which-- it's lovely. It's very nice. Do you want to know more about it?"
MARY,00:30:46,00:30:47,Happy,"{'Angry': 0.0023532796185463667, 'Disgusted': 0.003156329970806837, 'Fearful': 0.00036423790152184665, 'Happy': 0.6860308051109314, 'Neutral': 0.0733008161187172, 'Other': 0.014376665465533733, 'Sad': 0.00027280388167127967, 'Surprised': 0.21992003917694092, 'Unknown': 0.0002249639801448211}",I would love to.
MATT,00:30:47,00:31:05,Happy,"{'Angry': 0.0028709336183965206, 'Disgusted': 0.0016526225954294205, 'Fearful': 0.00019208886078558862, 'Happy': 0.7191979885101318, 'Neutral': 0.2638818621635437, 'Other': 0.005167864728718996, 'Sad': 0.0025360288564115763, 'Surprised': 8.794409950496629e-05, 'Unknown': 0.004412670619785786}","At which point the Huntmaster arrives. Vanessa Cyndrial steps into the room and looks about the rest. ""Very nice to see that you've all gathered your teams for the day, and I am also curious to see your first foray into leading a group of slayers yourself, Lyra."""
FELICIA,00:31:05,00:31:21,Happy,"{'Angry': 2.432646029060237e-10, 'Disgusted': 1.5682464216126846e-09, 'Fearful': 2.4462790126911216e-10, 'Happy': 1.0, 'Neutral': 1.1297082380679058e-08, 'Other': 9.14914033423031e-10, 'Sad': 2.755604411319723e-09, 'Surprised': 2.233369322812706e-10, 'Unknown': 2.7506368294183403e-09}","Well, I just want to thank you. Thank you, Vanessa. Thank you for entrusting me with this group. I have been reading up a lot, lately. I'm very excited to use the commanding presence of a guild leader, and prove my membership of the guild."
LAURA,00:31:21,00:31:23,Neutral,"{'Angry': 0.00015652725414838642, 'Disgusted': 7.197401282610372e-05, 'Fearful': 3.540065517881885e-05, 'Happy': 0.00033059329143725336, 'Neutral': 0.9992421865463257, 'Other': 4.052553777000867e-06, 'Sad': 7.168260344769806e-05, 'Surprised': 8.175526454579085e-05, 'Unknown': 5.844521638209699e-06}","I would like to thank you very much, as well."
TRAVIS,00:31:23,00:31:24,Sad,"{'Angry': 0.328605592250824, 'Disgusted': 0.015573369339108467, 'Fearful': 0.0005151815712451935, 'Happy': 0.005719685927033424, 'Neutral': 0.018616968765854836, 'Other': 0.005371848586946726, 'Sad': 0.6183741688728333, 'Surprised': 0.006942652631551027, 'Unknown': 0.0002804916293825954}","(muffled) Yeah, me too."
LAURA,00:31:24,00:31:28,Neutral,"{'Angry': 0.00011931090557482094, 'Disgusted': 5.636057903757319e-05, 'Fearful': 3.112495278401184e-06, 'Happy': 0.0015087303472682834, 'Neutral': 0.9980510473251343, 'Other': 5.0647493480937555e-05, 'Sad': 0.00019250265904702246, 'Surprised': 1.2676287042268086e-05, 'Unknown': 5.6657049753994215e-06}",For putting us in her capable hands.
MATT,00:31:28,00:31:46,Neutral,"{'Angry': 1.8897638938142336e-06, 'Disgusted': 4.6831512889866644e-08, 'Fearful': 1.3706248580547253e-08, 'Happy': 1.49892130139051e-05, 'Neutral': 0.9999822378158569, 'Other': 3.358123779051425e-09, 'Sad': 5.280053869682888e-07, 'Surprised': 2.408630734862527e-07, 'Unknown': 7.601888007968682e-10}","""This was a... more of a choice of convenience, and a test universally. As you are a team of unproven fighters, in the eyes of the guildhall, and, well. We have a relatively unproven member, as well."""
FELICIA,00:31:46,00:31:48,Happy,"{'Angry': 0.0008422345272265375, 'Disgusted': 0.0003526782093103975, 'Fearful': 3.867593113682233e-05, 'Happy': 0.7745540142059326, 'Neutral': 0.22290554642677307, 'Other': 0.00014226959319785237, 'Sad': 0.0007981351809576154, 'Surprised': 7.972180901560932e-05, 'Unknown': 0.0002868481387849897}","Well. I mean, I'm a member."
MATT,00:31:48,00:31:57,Happy,"{'Angry': 7.928889544928097e-08, 'Disgusted': 2.1721969005739084e-06, 'Fearful': 3.4918502933578566e-07, 'Happy': 0.9999833106994629, 'Neutral': 5.207277354202233e-06, 'Other': 2.7003845843864838e-06, 'Sad': 1.5858822735026479e-06, 'Surprised': 9.934591105320578e-08, 'Unknown': 4.444630121724913e-06}","""Technically, yes. However, I think that her knowledge and experience would be of very good use on such a trek."""
MARY,00:31:57,00:32:02,Neutral,"{'Angry': 1.8719522459909044e-11, 'Disgusted': 1.9765562884327403e-12, 'Fearful': 4.950385262304791e-13, 'Happy': 3.2464090443662386e-11, 'Neutral': 1.0, 'Other': 9.55271086300509e-14, 'Sad': 5.484016019075e-11, 'Surprised': 7.315418236453208e-12, 'Unknown': 1.2153403283754471e-12}","Yes, it should prove to be quite educational, I would think."
SAM,00:32:02,00:32:05,Neutral,"{'Angry': 3.4509120561132534e-10, 'Disgusted': 1.1191275683941626e-10, 'Fearful': 3.783409696644924e-11, 'Happy': 2.185111647179383e-09, 'Neutral': 1.0, 'Other': 3.948647658846838e-11, 'Sad': 2.9922302413609714e-09, 'Surprised': 7.29207319527525e-11, 'Unknown': 2.9943467150239655e-10}",We'll learn a lot from hearing her talk.
FELICIA,00:32:05,00:32:06,Neutral,"{'Angry': 2.1730904791184003e-06, 'Disgusted': 2.4434609713352984e-07, 'Fearful': 3.1340090345111093e-07, 'Happy': 0.00029711154638789594, 'Neutral': 0.9996851682662964, 'Other': 3.3254815434702323e-07, 'Sad': 1.421734214090975e-05, 'Surprised': 3.3258493203902617e-07, 'Unknown': 1.2208052169171424e-07}",Yay! Thank you.
SAM,00:32:06,00:32:09,Neutral,"{'Angry': 2.585225047369022e-06, 'Disgusted': 7.42835891287541e-06, 'Fearful': 1.2412554042384727e-06, 'Happy': 6.483834113168996e-06, 'Neutral': 0.9999493360519409, 'Other': 3.7639849779225187e-06, 'Sad': 5.508974936674349e-06, 'Surprised': 4.171925738205573e-08, 'Unknown': 2.3475380658055656e-05}",You're welcome.
TALIESIN,00:32:09,00:32:12,Neutral,"{'Angry': 2.8930705487512087e-12, 'Disgusted': 1.0182685180075077e-13, 'Fearful': 2.156076288643491e-14, 'Happy': 7.708661833860653e-12, 'Neutral': 1.0, 'Other': 5.412366044167845e-15, 'Sad': 8.013997451761234e-12, 'Surprised': 8.733005095983015e-13, 'Unknown': 2.7890580808959987e-14}",You should try the biscuits. They are slaying me. That's all I know.
LAURA,00:32:12,00:32:16,Neutral,"{'Angry': 1.845174360526336e-11, 'Disgusted': 1.4526587398255852e-12, 'Fearful': 5.351254920953064e-13, 'Happy': 3.440985690827958e-11, 'Neutral': 1.0, 'Other': 2.110599835094401e-13, 'Sad': 1.0113311577075734e-10, 'Surprised': 4.482260049232245e-12, 'Unknown': 8.386363435294863e-13}",What do you eat? Do you eat-- does it get stuck in your teeth a lot?
MARY,00:32:16,00:32:27,Neutral,"{'Angry': 3.311509053083306e-13, 'Disgusted': 1.2188211187926304e-14, 'Fearful': 2.85028916091677e-15, 'Happy': 3.9884130611893276e-13, 'Neutral': 1.0, 'Other': 1.949780694361701e-15, 'Sad': 1.3431591993143255e-12, 'Surprised': 1.3095267600328475e-13, 'Unknown': 9.3628667237897e-15}","Well, it does sometimes, but you grab a twig and just work it out after a while. Gives you a little something later to chew on."
TRAVIS,00:32:27,00:32:29,Neutral,"{'Angry': 7.897073373897001e-06, 'Disgusted': 2.1981590180075727e-05, 'Fearful': 5.5968416745599825e-06, 'Happy': 7.564099360024557e-05, 'Neutral': 0.9997132420539856, 'Other': 1.456622158002574e-05, 'Sad': 1.388399050483713e-05, 'Surprised': 2.418634323930746e-07, 'Unknown': 0.0001470384595450014}",Twigs work great. Don't they? I like twigs.
SAM,00:32:29,00:32:32,Neutral,"{'Angry': 2.254322978290091e-10, 'Disgusted': 2.952160738090015e-10, 'Fearful': 9.933452671528897e-11, 'Happy': 5.4326543263982785e-09, 'Neutral': 1.0, 'Other': 6.246324291137029e-11, 'Sad': 1.0737596367604851e-09, 'Surprised': 4.635727357538144e-10, 'Unknown': 1.3268465492988213e-10}",Don't we have some guilds to prove membership to?
TRAVIS,00:32:32,00:32:35,Neutral,"{'Angry': 4.711657699738546e-14, 'Disgusted': 1.7774844520112828e-15, 'Fearful': 2.755478910246024e-16, 'Happy': 5.6509809852334225e-14, 'Neutral': 1.0, 'Other': 4.899988720472785e-16, 'Sad': 1.621398057049389e-13, 'Surprised': 2.6135591222687174e-14, 'Unknown': 1.3650611453778485e-15}","Yeah, can we kill something now please, before we learn anything else."
MATT,00:32:35,00:33:22,Happy,"{'Angry': 6.952173521312943e-07, 'Disgusted': 2.2084734609961743e-06, 'Fearful': 1.9762824194913264e-06, 'Happy': 0.9999834299087524, 'Neutral': 1.019152932713041e-06, 'Other': 9.627545978219132e-07, 'Sad': 1.2853491853093146e-06, 'Surprised': 8.004119990800973e-06, 'Unknown': 4.027256181871053e-07}","She snaps her fingers loudly, and Mertin comes rushing from around the corner carrying something in his arms. ""As you are on this journey for us, and for the guild, and your own personal name and title within our establishment, we would like to provide you with a semblance of protection, or at least a useful little package. A gift, from us to you."" She puts her hand on the table and Mertin comes over and hands you what looks like a small leather chest. It's made of sculpted leather. Rolls back, and pushes it forward. You can hear the clinking of glass as he does so, and on the inside you can see there are four glass vials, prepared with some sort of a swirling red, silver-ish liquid inside. You recognize these as healing-based potions."
SAM,00:33:22,00:33:24,Neutral,"{'Angry': 0.001325217424891889, 'Disgusted': 0.00038503753603436053, 'Fearful': 0.0015158567111939192, 'Happy': 0.0003956181462854147, 'Neutral': 0.9582602381706238, 'Other': 0.0008580107241868973, 'Sad': 0.008389654569327831, 'Surprised': 0.02850506454706192, 'Unknown': 0.00036529445787891746}",Like Moderate Healing?
LAURA,00:33:24,00:33:26,Neutral,"{'Angry': 0.00016056327149271965, 'Disgusted': 9.757024236023426e-05, 'Fearful': 2.3834349121898413e-05, 'Happy': 0.0008737895404919982, 'Neutral': 0.9975898265838623, 'Other': 0.000584324065130204, 'Sad': 4.244934461894445e-05, 'Surprised': 2.6910567612503655e-05, 'Unknown': 0.0006007414776831865}",Superior? Perhaps.
MATT,00:33:26,00:33:33,Neutral,"{'Angry': 2.7174473871127702e-06, 'Disgusted': 4.952878043695819e-06, 'Fearful': 1.8880962215916952e-07, 'Happy': 5.891987893846817e-05, 'Neutral': 0.999919056892395, 'Other': 2.8082170047127875e-06, 'Sad': 7.021185410849284e-07, 'Surprised': 4.299891998016392e-07, 'Unknown': 1.023053118842654e-05}","These would constitute as Greater Healing Potions, and there are four in total. You can distribute as you see fit."
SAM,00:33:33,00:33:35,Unknown,"{'Angry': 0.04908817261457443, 'Disgusted': 0.03892769291996956, 'Fearful': 0.00612093647941947, 'Happy': 0.3826010525226593, 'Neutral': 0.0532095767557621, 'Other': 0.0026115807704627514, 'Sad': 0.0008275259169749916, 'Surprised': 4.09879103244748e-05, 'Unknown': 0.46657246351242065}",I think the members of Vox Machina should get them.
LAURA,00:33:35,00:33:39,Neutral,"{'Angry': 5.651186540944764e-08, 'Disgusted': 4.0738396478445793e-07, 'Fearful': 6.244317205528205e-07, 'Happy': 7.162518613768043e-07, 'Neutral': 0.99998939037323, 'Other': 1.1950653799885913e-07, 'Sad': 7.745257789792959e-06, 'Surprised': 1.409538441521363e-08, 'Unknown': 9.339655093754118e-07}",That doesn't seem really--
MARY,00:33:39,00:33:41,Neutral,"{'Angry': 4.517229079399436e-14, 'Disgusted': 1.8067227588010803e-15, 'Fearful': 2.6637116254382893e-16, 'Happy': 5.563784364324455e-14, 'Neutral': 1.0, 'Other': 4.847707729385882e-16, 'Sad': 1.397897910707796e-13, 'Surprised': 2.7208092482039307e-14, 'Unknown': 1.3799460553599483e-15}",Is that what you think?
SAM,00:33:41,00:33:44,Neutral,"{'Angry': 3.900845479964943e-10, 'Disgusted': 4.5114265101453555e-10, 'Fearful': 4.28890707671048e-11, 'Happy': 1.1482297779252804e-08, 'Neutral': 1.0, 'Other': 2.645966501457764e-10, 'Sad': 7.267115798015311e-09, 'Surprised': 4.475225467981403e-10, 'Unknown': 2.6183294421500136e-10}","Well, just because I-- I defer to--"
FELICIA,00:33:44,00:33:50,Neutral,"{'Angry': 3.737838414963335e-05, 'Disgusted': 2.0309254011863231e-07, 'Fearful': 9.407612466816317e-09, 'Happy': 3.8933995938350563e-07, 'Neutral': 0.9999618530273438, 'Other': 2.5509587775474074e-09, 'Sad': 1.3606151583189785e-07, 'Surprised': 4.146101062474372e-08, 'Unknown': 1.2774532542891848e-09}","As the leader, I enjoy being hospitable, and I agree with this small person."
MARY,00:33:50,00:33:53,Neutral,"{'Angry': 4.2915522158182284e-07, 'Disgusted': 6.548573878717434e-07, 'Fearful': 6.243174510700555e-08, 'Happy': 4.488713784667198e-06, 'Neutral': 0.999991774559021, 'Other': 4.6727006974833785e-07, 'Sad': 4.424007329362212e-07, 'Surprised': 1.480755518201704e-08, 'Unknown': 1.7632821709412383e-06}","Well Scanlan, if you feel you need it."
TALIESIN,00:33:53,00:33:57,Neutral,"{'Angry': 6.600554824931493e-11, 'Disgusted': 7.845663355099397e-12, 'Fearful': 1.948653478162088e-12, 'Happy': 2.3633078827245413e-10, 'Neutral': 1.0, 'Other': 1.6739847355506932e-12, 'Sad': 1.5904130790111992e-10, 'Surprised': 1.3852149462201258e-11, 'Unknown': 7.210001692903312e-12}","I already have a couple, so I will gladly give one to somebody who is going to need it."
LAURA,00:33:57,00:33:58,Neutral,"{'Angry': 3.9837338289272495e-11, 'Disgusted': 3.949368609923454e-12, 'Fearful': 8.342410963424474e-13, 'Happy': 7.242119404171632e-11, 'Neutral': 1.0, 'Other': 4.941131596762627e-13, 'Sad': 8.421990188578476e-11, 'Surprised': 6.302244316691574e-12, 'Unknown': 2.9187548645365213e-12}",I've got plenty. Take it. If you need it.
MARY,00:33:58,00:34:00,Neutral,"{'Angry': 0.007409004960209131, 'Disgusted': 7.884250226197764e-05, 'Fearful': 1.2414280945449718e-06, 'Happy': 5.756002792622894e-05, 'Neutral': 0.9923804998397827, 'Other': 3.1625018891645595e-05, 'Sad': 1.6327769117197022e-05, 'Surprised': 3.0244464142015204e-06, 'Unknown': 2.1888992705498822e-05}",I have plenty myself. Thank you very much.
SAM,00:34:00,00:34:02,Neutral,"{'Angry': 3.712048002313395e-09, 'Disgusted': 6.406345454124107e-10, 'Fearful': 8.026346948186713e-11, 'Happy': 7.441665061946878e-09, 'Neutral': 1.0, 'Other': 1.0595424537740428e-10, 'Sad': 2.5778750245564197e-09, 'Surprised': 4.4702436197141537e-10, 'Unknown': 4.5296882911216585e-10}",I will. More for me.
MATT,00:34:02,00:34:12,Disgusted,"{'Angry': 0.003972443286329508, 'Disgusted': 0.4884800314903259, 'Fearful': 0.000532342994119972, 'Happy': 0.006145169492810965, 'Neutral': 0.06915953755378723, 'Other': 0.11295822262763977, 'Sad': 0.003357818117365241, 'Surprised': 5.30757024534978e-05, 'Unknown': 0.3153412640094757}","""Very well. Now that we have this situated. Has everyone gathered the provisions they require for this journey? Are you ready to embark?"""
TRAVIS,00:34:12,00:34:15,Neutral,"{'Angry': 8.004413393791765e-05, 'Disgusted': 3.678378197946586e-05, 'Fearful': 1.0329915312468074e-05, 'Happy': 0.02789081633090973, 'Neutral': 0.971662163734436, 'Other': 2.3991449779714458e-05, 'Sad': 9.357018279843032e-05, 'Surprised': 5.232356215856271e-06, 'Unknown': 0.0001971027086256072}","I mean, we don't have a body bag for some of these chumps."
SAM,00:34:15,00:34:17,Neutral,"{'Angry': 4.1478574530628975e-07, 'Disgusted': 5.353730969659409e-08, 'Fearful': 1.2637161539430508e-08, 'Happy': 7.399625019388623e-07, 'Neutral': 0.9999985694885254, 'Other': 4.471009162898554e-08, 'Sad': 5.532238134264844e-08, 'Surprised': 3.878335164131386e-08, 'Unknown': 1.558767515064119e-08}","Did you eat enough, Percy?"
TALIESIN,00:34:17,00:34:19,Neutral,"{'Angry': 5.624367548843871e-14, 'Disgusted': 2.143303158853838e-15, 'Fearful': 3.386737890423376e-16, 'Happy': 7.429122692460127e-14, 'Neutral': 1.0, 'Other': 4.084531308607553e-16, 'Sad': 1.4768855626304256e-13, 'Surprised': 3.355677891049742e-14, 'Unknown': 1.3582152133399025e-15}",The biscuit was very filling. It was extremely filling.
FELICIA,00:34:19,00:34:25,Neutral,"{'Angry': 3.1021727409097366e-08, 'Disgusted': 2.855150005309781e-10, 'Fearful': 1.0908972336576284e-10, 'Happy': 2.097690199320823e-08, 'Neutral': 1.0, 'Other': 2.2009500125208525e-11, 'Sad': 4.400286357508776e-09, 'Surprised': 8.566213849370286e-10, 'Unknown': 8.335818840743414e-11}",You're very welcome. I can get some more. Can I just go to the kitchen and grab some-- no?
MATT,00:34:25,00:35:26,Neutral,"{'Angry': 1.9624038505305919e-10, 'Disgusted': 1.3016894506723276e-10, 'Fearful': 3.278530225081511e-11, 'Happy': 6.032098709418676e-10, 'Neutral': 1.0, 'Other': 1.8039649635204213e-11, 'Sad': 1.4513897861334613e-09, 'Surprised': 1.7004063435077654e-10, 'Unknown': 7.070726643076952e-11}","""Anyway. This is a secondary gift. Temporarily lent out for your contracts."" Mertin brings up what looks like another satchel. It has a series of metal snaps across the top. These little buttons that snap together and enclose it entirely. It's an over-the-shoulder-type throw. As he opens it and you look inside, it resembles the bag of holding, but it's not quite a bag of holding. ""This is used for the transportation of, how do you say, perishable aspects of your quarry. Things that you would harvest from the creature you have been assigned tend to, depending on the creature, rot away within a very short period of time. When placed within this, they should be sustained for a few weeks at the very least. So, please do be very mindful and careful of this. Should it be lost, there is a very small chance you will be able to fulfill your contract. So, who shall be taking this on the journey?"""
SAM,00:35:26,00:35:28,Neutral,"{'Angry': 1.1442936738603748e-05, 'Disgusted': 1.693733975116629e-05, 'Fearful': 1.3435696928354446e-05, 'Happy': 0.009224765934050083, 'Neutral': 0.9905667901039124, 'Other': 3.8269276956270915e-06, 'Sad': 7.71467384765856e-05, 'Surprised': 7.207212911453098e-05, 'Unknown': 1.3592581126431469e-05}",You've already go the bag of holding.
LAURA,00:35:28,00:35:29,Neutral,"{'Angry': 7.490717507607769e-06, 'Disgusted': 1.4719913679073215e-06, 'Fearful': 5.23343203440163e-07, 'Happy': 1.2202150173834525e-05, 'Neutral': 0.999972939491272, 'Other': 2.5990766516770236e-07, 'Sad': 4.2234219108649995e-06, 'Surprised': 7.007034810158075e-07, 'Unknown': 1.563307705509942e-07}",I'll hold onto it.
MARY,00:35:29,00:35:30,Neutral,"{'Angry': 0.0010969946160912514, 'Disgusted': 0.00014824596291873604, 'Fearful': 9.867554035736248e-05, 'Happy': 0.0003715125494636595, 'Neutral': 0.9974240064620972, 'Other': 1.8732069293037057e-05, 'Sad': 0.0001242804282810539, 'Surprised': 0.0007140786619856954, 'Unknown': 3.5101516004942823e-06}",I shall.
TALIESIN,00:35:30,00:35:31,Neutral,"{'Angry': 0.2213938683271408, 'Disgusted': 0.08774083107709885, 'Fearful': 0.0014660650631412864, 'Happy': 0.022044587880373, 'Neutral': 0.6540926098823547, 'Other': 0.0003683357499539852, 'Sad': 0.010084573179483414, 'Surprised': 0.0019595182966440916, 'Unknown': 0.0008496475638821721}",You're kind of stealthy aren't you?
MARY,00:35:31,00:35:32,Neutral,"{'Angry': 0.0011293009156361222, 'Disgusted': 0.0005942564457654953, 'Fearful': 2.133971247531008e-05, 'Happy': 0.00039459747495129704, 'Neutral': 0.9967477321624756, 'Other': 4.4359644562064204e-06, 'Sad': 0.001086296048015356, 'Surprised': 1.5033562704047654e-05, 'Unknown': 6.94984146321076e-06}",I shall take it.
LAURA,00:35:32,00:35:33,Neutral,"{'Angry': 4.454621375771239e-06, 'Disgusted': 1.7045550748662208e-06, 'Fearful': 2.78421794064343e-07, 'Happy': 0.00010579876834526658, 'Neutral': 0.999882698059082, 'Other': 1.31355577082104e-07, 'Sad': 3.3176183933392167e-06, 'Surprised': 1.559156544317375e-06, 'Unknown': 4.961159660865633e-08}",I shall take it.
MARY,00:35:33,00:35:34,Neutral,"{'Angry': 0.0001747986243572086, 'Disgusted': 0.000141446667839773, 'Fearful': 5.36135230504442e-05, 'Happy': 0.004568097181618214, 'Neutral': 0.9946267008781433, 'Other': 3.07416521536652e-05, 'Sad': 0.00014762241335120052, 'Surprised': 3.144079164485447e-05, 'Unknown': 0.00022559092030860484}",I shall take it.
LAURA,00:35:34,00:35:35,Happy,"{'Angry': 3.926659246644704e-06, 'Disgusted': 4.119866389373783e-06, 'Fearful': 7.723508588242112e-07, 'Happy': 0.99986732006073, 'Neutral': 9.238445636583492e-05, 'Other': 1.4769766494282521e-06, 'Sad': 2.462259362800978e-05, 'Surprised': 4.874532351095695e-06, 'Unknown': 4.614495878740854e-07}",I will--
TRAVIS,00:35:35,00:35:36,Neutral,"{'Angry': 0.003510723588988185, 'Disgusted': 0.012679549865424633, 'Fearful': 0.0019674855284392834, 'Happy': 0.0601668618619442, 'Neutral': 0.882060706615448, 'Other': 0.0004944105166941881, 'Sad': 0.003466782858595252, 'Surprised': 0.03556213527917862, 'Unknown': 9.142958879237995e-05}",Roll for it.
SAM,00:35:36,00:35:38,Neutral,"{'Angry': 8.405148577139698e-09, 'Disgusted': 1.022105844405985e-09, 'Fearful': 2.7238056254930143e-10, 'Happy': 1.5837700928500453e-08, 'Neutral': 1.0, 'Other': 2.33346342248808e-10, 'Sad': 5.7760636273940236e-09, 'Surprised': 5.295782701253415e-10, 'Unknown': 9.4226926261598e-10}",Why don't we roll for-- Why don't we flip a coin for it?
MARY,00:35:38,00:35:40,Neutral,"{'Angry': 9.781169865163974e-06, 'Disgusted': 6.610669061046792e-06, 'Fearful': 5.7773331718635745e-06, 'Happy': 7.326672857743688e-06, 'Neutral': 0.9998883008956909, 'Other': 1.5981047454260988e-06, 'Sad': 2.672545815585181e-05, 'Surprised': 5.330855492502451e-05, 'Unknown': 4.2392593968543224e-07}",Do you know Roshambo?
SAM,00:35:40,00:35:41,Angry,"{'Angry': 0.5923622250556946, 'Disgusted': 0.30551543831825256, 'Fearful': 0.0016685319133102894, 'Happy': 0.05268312245607376, 'Neutral': 0.028456632047891617, 'Other': 0.0004777638823725283, 'Sad': 0.01604311354458332, 'Surprised': 0.0023231131490319967, 'Unknown': 0.00047007345710881054}",That would be great.
LAURA,00:35:41,00:35:43,Neutral,"{'Angry': 0.015372435562312603, 'Disgusted': 0.1807624250650406, 'Fearful': 0.037362128496170044, 'Happy': 0.3187691867351532, 'Neutral': 0.3889397084712982, 'Other': 0.0009386332239955664, 'Sad': 0.036202773451805115, 'Surprised': 0.0006675755721516907, 'Unknown': 0.020985186100006104}",Ha!
MARY,00:35:43,00:35:47,Neutral,"{'Angry': 3.196310717612505e-05, 'Disgusted': 4.355294004199095e-05, 'Fearful': 5.166460596228717e-06, 'Happy': 1.3062429388810415e-05, 'Neutral': 0.9996691942214966, 'Other': 6.722631951561198e-05, 'Sad': 0.00014996438403613865, 'Surprised': 1.3635938557854388e-05, 'Unknown': 6.194522939040326e-06}","Congratulations, I'm so happy for you."
SAM,00:35:47,00:35:49,Neutral,"{'Angry': 0.00012146012886660174, 'Disgusted': 0.00012561770563479513, 'Fearful': 5.5589040130143985e-05, 'Happy': 0.0002374226023675874, 'Neutral': 0.9989228844642639, 'Other': 2.4449349439237267e-05, 'Sad': 6.826069147791713e-05, 'Surprised': 0.0004112716706003994, 'Unknown': 3.295040369266644e-05}","Oh, wait. Should we ask the leader of the group, here?"
MARY,00:35:49,00:35:50,Neutral,"{'Angry': 0.0024454710073769093, 'Disgusted': 0.0009102419135160744, 'Fearful': 0.0007911836728453636, 'Happy': 0.0023318349849432707, 'Neutral': 0.9882297515869141, 'Other': 1.2014096682833042e-05, 'Sad': 0.004848608281463385, 'Surprised': 0.000420542637584731, 'Unknown': 1.041196082951501e-05}",I'm so sorry.
LAURA,00:35:50,00:35:51,Neutral,"{'Angry': 9.028408953781764e-08, 'Disgusted': 1.4467975972820568e-07, 'Fearful': 2.5465956809966883e-07, 'Happy': 6.165045647321676e-07, 'Neutral': 0.999994158744812, 'Other': 4.6182488944168654e-08, 'Sad': 8.714544037502492e-07, 'Surprised': 3.783682359426166e-06, 'Unknown': 4.760648320001337e-09}",Sorry Lyra.
FELICIA,00:35:51,00:35:53,Neutral,"{'Angry': 1.7098437865570304e-07, 'Disgusted': 1.1894443652238351e-08, 'Fearful': 7.696915882426936e-10, 'Happy': 4.211641524420884e-08, 'Neutral': 0.9999998807907104, 'Other': 5.832921368131849e-10, 'Sad': 1.9598621392447058e-08, 'Surprised': 3.4816096672329877e-09, 'Unknown': 4.2980066727871247e-10}",Oh that's quite all right. Thank you for actually including me.
LAURA,00:35:53,00:35:54,Neutral,"{'Angry': 4.809063284483273e-06, 'Disgusted': 1.0173440387006849e-05, 'Fearful': 3.868552994390484e-06, 'Happy': 3.2669209758751094e-05, 'Neutral': 0.9998562335968018, 'Other': 2.5237527552235406e-06, 'Sad': 8.652472024550661e-05, 'Surprised': 2.621381099743303e-06, 'Unknown': 5.822411139888573e-07}",Of course.
FELICIA,00:35:54,00:35:57,Neutral,"{'Angry': 0.037725236266851425, 'Disgusted': 0.014339802786707878, 'Fearful': 0.0017192744417116046, 'Happy': 0.016044534742832184, 'Neutral': 0.8470067381858826, 'Other': 0.006374318152666092, 'Sad': 0.010125902481377125, 'Surprised': 0.04916685074567795, 'Unknown': 0.017497358843684196}","As the leader of this party, I will agree with the roshambo."
SAM,00:35:57,00:36:00,Neutral,"{'Angry': 1.5723580872872844e-05, 'Disgusted': 1.3060778655926697e-05, 'Fearful': 6.797181413276121e-06, 'Happy': 7.807784277247265e-05, 'Neutral': 0.9998469352722168, 'Other': 1.1817927543233964e-06, 'Sad': 2.85680107481312e-05, 'Surprised': 8.84622750163544e-06, 'Unknown': 6.699677328469988e-07}",(chuckles) So it is decreed.
MARY,00:36:00,00:36:08,Neutral,"{'Angry': 1.4281747442654313e-12, 'Disgusted': 6.561069775586764e-14, 'Fearful': 1.958548544156967e-14, 'Happy': 2.745600621856248e-12, 'Neutral': 1.0, 'Other': 7.339305012799176e-15, 'Sad': 5.367387957699865e-12, 'Surprised': 7.410290913875683e-13, 'Unknown': 3.575393155369824e-14}","Oh, I'm so sorry, I didn't mean for my tail to hit you in your rear end so sharply. Sometimes it has a mind of its own."
LAURA,00:36:08,00:36:09,Neutral,"{'Angry': 0.005259132012724876, 'Disgusted': 7.85714146331884e-05, 'Fearful': 3.766199733945541e-05, 'Happy': 0.4342437982559204, 'Neutral': 0.5596774816513062, 'Other': 0.00023279417655430734, 'Sad': 0.00028215846396051347, 'Surprised': 3.165411908412352e-05, 'Unknown': 0.00015675972099415958}",It's like a whip.
MARY,00:36:09,00:36:11,Neutral,"{'Angry': 1.4959672389736056e-11, 'Disgusted': 1.965038808754427e-12, 'Fearful': 5.425601374425826e-13, 'Happy': 2.8705633356440607e-11, 'Neutral': 1.0, 'Other': 1.5754835858226152e-13, 'Sad': 1.22087576159835e-10, 'Surprised': 5.3970456576069026e-12, 'Unknown': 5.737237941672024e-13}",I know.
MATT,00:36:11,00:36:26,Neutral,"{'Angry': 3.54232696508916e-07, 'Disgusted': 3.2578563491370005e-07, 'Fearful': 4.1084401658508796e-08, 'Happy': 4.918568947687163e-07, 'Neutral': 0.9999959468841553, 'Other': 1.4314595091491356e-06, 'Sad': 1.2012956176477019e-06, 'Surprised': 2.5309668671980035e-07, 'Unknown': 4.8362746696284376e-08}","At which point Vanessa is just watching with a grin on her face. ""It is good to see you have already established a pecking order within your traveling companions. This bodes well for your journey, most certainly. To you."" And she hands you the satchel."
LAURA,00:36:26,00:36:31,Neutral,"{'Angry': 6.643553206231445e-05, 'Disgusted': 4.3706368160201237e-05, 'Fearful': 3.096000227742479e-06, 'Happy': 9.050514199770987e-05, 'Neutral': 0.999582827091217, 'Other': 4.745964542962611e-05, 'Sad': 2.9445553082041442e-05, 'Surprised': 1.2902355592814274e-06, 'Unknown': 0.00013528300041798502}",(gasps) But I won. I won. Give it to me. What? Please.
MARY,00:36:31,00:36:33,Neutral,"{'Angry': 0.00024827939341776073, 'Disgusted': 0.001106520532630384, 'Fearful': 3.342705895192921e-05, 'Happy': 0.0007501179352402687, 'Neutral': 0.9781315922737122, 'Other': 5.357229383662343e-05, 'Sad': 0.00102377706207335, 'Surprised': 0.01864611543715, 'Unknown': 6.612528977711918e-06}","I'm sorry, I don't think it was given to you."
LAURA,00:36:33,00:36:38,Happy,"{'Angry': 8.16372994449921e-05, 'Disgusted': 0.0002512628270778805, 'Fearful': 8.419935329584405e-05, 'Happy': 0.9073792695999146, 'Neutral': 0.06747186928987503, 'Other': 0.012893729843199253, 'Sad': 0.009374432265758514, 'Surprised': 9.644457895774394e-05, 'Unknown': 0.002367086475715041}",I already have it. I already have it on my shoulder. It's too late. I'm writing it down.
MARY,00:36:38,00:36:43,Neutral,"{'Angry': 5.9285421016852524e-09, 'Disgusted': 8.458555633694687e-09, 'Fearful': 4.9235096000188605e-09, 'Happy': 5.3144656675385704e-08, 'Neutral': 0.9999996423721313, 'Other': 3.1881104423092665e-09, 'Sad': 2.4347843918803846e-07, 'Surprised': 1.2792815695661375e-09, 'Unknown': 1.260549531423294e-08}",I certainly hope you don't lose it during our quest.
TRAVIS,00:36:43,00:36:50,Neutral,"{'Angry': 4.77282047217642e-10, 'Disgusted': 1.6190394858117685e-10, 'Fearful': 2.730175981124905e-11, 'Happy': 2.435525781052661e-09, 'Neutral': 1.0, 'Other': 3.319125876921625e-11, 'Sad': 1.2144685257453602e-09, 'Surprised': 1.3444909074955547e-10, 'Unknown': 1.3082281091758574e-10}","Vanessa, I have a question. What happens if we don't come back with all of the members we left with?"
MATT,00:36:50,00:36:53,Neutral,"{'Angry': 0.00041933561442419887, 'Disgusted': 0.00015875452663749456, 'Fearful': 1.3566017514676787e-05, 'Happy': 0.00017310136172454804, 'Neutral': 0.9986679553985596, 'Other': 8.262083429144695e-05, 'Sad': 4.912665099254809e-05, 'Surprised': 1.0489246051292866e-05, 'Unknown': 0.00042495038360357285}","""Well, then I suppose they would not be allowed into the guildhall."""
TRAVIS,00:36:53,00:36:54,Neutral,"{'Angry': 0.0006029348587617278, 'Disgusted': 0.0008121421560645103, 'Fearful': 3.93697882827837e-05, 'Happy': 0.00032407307298853993, 'Neutral': 0.9960857629776001, 'Other': 1.3989792932989076e-05, 'Sad': 0.0005190338706597686, 'Surprised': 0.0015959189040586352, 'Unknown': 6.655434845015407e-06}","Oh, good."
MATT,00:36:54,00:37:01,Angry,"{'Angry': 0.8645800948143005, 'Disgusted': 0.005250891204923391, 'Fearful': 0.0005108821205794811, 'Happy': 0.11333254724740982, 'Neutral': 0.010368803516030312, 'Other': 0.00011661787721095607, 'Sad': 0.0009408701444044709, 'Surprised': 0.00479651615023613, 'Unknown': 0.00010277221008436754}","""Mostly for no longer returning to the city of Vasselheim, but that is not our problem. There is danger in this which I should get to, actually."""
SAM,00:37:01,00:37:03,Happy,"{'Angry': 0.0017190681537613273, 'Disgusted': 0.0035294825211167336, 'Fearful': 0.0002912705240305513, 'Happy': 0.9118460416793823, 'Neutral': 0.07012657821178436, 'Other': 0.00025443133199587464, 'Sad': 0.009911809116601944, 'Surprised': 0.002270431024953723, 'Unknown': 5.089771730126813e-05}","Yes, please tell us. Where are we going?"
MATT,00:37:03,00:37:55,Neutral,"{'Angry': 1.996298487938475e-05, 'Disgusted': 0.00021486112382262945, 'Fearful': 4.035855909023667e-06, 'Happy': 0.0005377407069317997, 'Neutral': 0.9983131885528564, 'Other': 0.0006449535139836371, 'Sad': 4.19868592871353e-05, 'Surprised': 6.727728759869933e-05, 'Unknown': 0.00015591697592753917}","""You have now received your gifts and your various required implements for this journey. A contract has just recently come to us from the Crown of Erathis, within this portion of the city. It has been approved for slaying. This will prove quite a challenge. Based on how highly you spoke of your abilities, I will warn you. The quarry is quite dangerous. Should you find yourself in trouble, I wish to remind you that it is better to live and fail, than to be foolish and die. Let me pass on to you the contract that has been selected for you."" Then she reaches out and hands this over to you, Percy."
SAM,00:37:55,00:37:58,Neutral,"{'Angry': 0.017284326255321503, 'Disgusted': 0.00301113142631948, 'Fearful': 0.0006961346371099353, 'Happy': 0.009779064916074276, 'Neutral': 0.9629163146018982, 'Other': 7.438682951033115e-05, 'Sad': 0.004294679034501314, 'Surprised': 0.0018104043556377292, 'Unknown': 0.00013361590390559286}",Should Lyra?
FELICIA,00:37:58,00:38:03,Happy,"{'Angry': 1.0738943762023112e-10, 'Disgusted': 1.08500042284021e-09, 'Fearful': 6.843794975175399e-10, 'Happy': 1.0, 'Neutral': 3.5420202326719163e-09, 'Other': 7.515348343645201e-10, 'Sad': 3.6753848853265936e-09, 'Surprised': 2.408504784501275e-10, 'Unknown': 4.064743652776315e-09}","Oh no, let me try. Oh no! Maybe you should read it."
MARY,00:38:03,00:38:06,Happy,"{'Angry': 3.4453732951078564e-05, 'Disgusted': 0.00044953866745345294, 'Fearful': 0.00024048055638559163, 'Happy': 0.9948624968528748, 'Neutral': 0.0015067040221765637, 'Other': 3.4388409403618425e-05, 'Sad': 0.00038793307612650096, 'Surprised': 6.527326149807777e-06, 'Unknown': 0.002477580215781927}",I cast Mending on it.
SAM,00:38:06,00:38:09,Happy,"{'Angry': 1.4319097317638807e-05, 'Disgusted': 1.6966896509984508e-05, 'Fearful': 2.4537434001103975e-05, 'Happy': 0.9779730439186096, 'Neutral': 0.021677538752555847, 'Other': 6.070261861168547e-06, 'Sad': 0.00016770116053521633, 'Surprised': 9.066033089766279e-05, 'Unknown': 2.902177584473975e-05}",You can do that? So sexy.
MATT,00:38:09,00:38:19,Happy,"{'Angry': 9.429625080770165e-09, 'Disgusted': 8.484810365416706e-08, 'Fearful': 1.0137261341469639e-07, 'Happy': 0.9999988079071045, 'Neutral': 8.639823079192865e-08, 'Other': 1.1645215636235662e-07, 'Sad': 2.7436726668383926e-07, 'Surprised': 3.348542421122147e-08, 'Unknown': 4.4580349367606686e-07}","As she flicks her wrist a small spark of purple-ish dark energy shoots from her finger, slams into the side of the contract, and the tear in the contract repairs itself immediately."
FELICIA,00:38:19,00:38:21,Happy,"{'Angry': 8.284797331725713e-06, 'Disgusted': 9.160229819826782e-05, 'Fearful': 3.3915806852746755e-05, 'Happy': 0.9980416297912598, 'Neutral': 0.0011402900563552976, 'Other': 1.4524886864819564e-05, 'Sad': 3.58187171514146e-05, 'Surprised': 2.5890547476592474e-05, 'Unknown': 0.0006079934537410736}",Oh wow.
TALIESIN,00:38:21,00:38:24,Neutral,"{'Angry': 0.00016182333638425916, 'Disgusted': 6.942050094949082e-05, 'Fearful': 6.282870344875846e-06, 'Happy': 0.00015046296175569296, 'Neutral': 0.9991711378097534, 'Other': 4.2843024857575074e-05, 'Sad': 2.7433165087131783e-05, 'Surprised': 1.208472440339392e-06, 'Unknown': 0.0003694226033985615}",Scotch tape would do it too.
MARY,00:38:24,00:38:29,Happy,"{'Angry': 3.291521366577399e-08, 'Disgusted': 1.2337279997609585e-07, 'Fearful': 9.040115322989095e-09, 'Happy': 0.9999991655349731, 'Neutral': 1.9242470727931504e-07, 'Other': 2.703248469515529e-08, 'Sad': 1.6687808468418552e-08, 'Surprised': 3.2934539540008245e-09, 'Unknown': 4.1523838945067837e-07}",The Scots have nothing to do with it.
TALIESIN,00:38:29,00:38:51,Happy,"{'Angry': 7.418772383971373e-06, 'Disgusted': 1.33201992866816e-05, 'Fearful': 1.1203534313608543e-06, 'Happy': 0.9992971420288086, 'Neutral': 0.000596041267272085, 'Other': 1.9812960090348497e-05, 'Sad': 2.2606425773119554e-05, 'Surprised': 1.3955821032141102e-06, 'Unknown': 4.112217720830813e-05}","""Ordered and paid in advance by the alchemist Oswind Grund, the client... This contract, binding in honor of the elements, set upon the agreed members of the Slayer's Take guildhall the task of locating and slaying the below-mentioned entity and the recovering of the below-listed harvested anatomy items. Any anatomy items not recovered or not in functional condition will be deducted from the final payment, and will be refunded to the client. This client--"""
MARY,00:38:51,00:38:54,Neutral,"{'Angry': 0.0699506476521492, 'Disgusted': 0.007734329905360937, 'Fearful': 0.002182669471949339, 'Happy': 0.034771546721458435, 'Neutral': 0.8226228952407837, 'Other': 0.004471801687031984, 'Sad': 0.002342534950003028, 'Surprised': 0.0005855757044628263, 'Unknown': 0.0553380586206913}","I'm sorry, could you go over, again, what we are harvesting, please?"
TALIESIN,00:38:54,00:38:55,Neutral,"{'Angry': 0.026396892964839935, 'Disgusted': 8.08583790785633e-05, 'Fearful': 7.198967068688944e-05, 'Happy': 0.04456322267651558, 'Neutral': 0.9200965762138367, 'Other': 6.580582703463733e-05, 'Sad': 0.008509586565196514, 'Surprised': 0.00021107163047417998, 'Unknown': 3.950074642489199e-06}","Ah, we haven't gotten to that yet."
MARY,00:38:55,00:38:56,Neutral,"{'Angry': 7.481296961486805e-06, 'Disgusted': 5.1840054027252336e-08, 'Fearful': 6.689878429000373e-09, 'Happy': 0.028135351836681366, 'Neutral': 0.9718487858772278, 'Other': 1.2749902467135144e-08, 'Sad': 7.340842330449959e-06, 'Surprised': 9.309632673648593e-07, 'Unknown': 2.131494009072199e-10}",Sorry.
TALIESIN,00:38:56,00:39:07,Happy,"{'Angry': 1.2271028708710219e-06, 'Disgusted': 4.638808150048135e-06, 'Fearful': 1.232543695550703e-06, 'Happy': 0.9999833106994629, 'Neutral': 2.3586237603012705e-06, 'Other': 1.340203198196832e-06, 'Sad': 2.4050539195741294e-06, 'Surprised': 1.7313497835402814e-07, 'Unknown': 3.421930387048633e-06}","Oh, it's all right. ""This contract is good for three days, and should the contract not be fulfilled within that time period, then all payments are null and void, this contract is null and void, and the membership within the Slayer's Take is revoked, outside of the Huntmaster's willful forgiveness."""
SAM,00:39:07,00:39:09,Neutral,"{'Angry': 4.677341847170169e-12, 'Disgusted': 2.331093217761149e-13, 'Fearful': 6.094954320976301e-14, 'Happy': 6.902939591463264e-12, 'Neutral': 1.0, 'Other': 1.7030547775514528e-14, 'Sad': 1.2673198428181376e-11, 'Surprised': 1.2878192436061031e-12, 'Unknown': 1.3782139492157786e-13}","This is the fine print, get to the details."
TALIESIN,00:39:09,00:39:17,Neutral,"{'Angry': 0.0013476499589160085, 'Disgusted': 3.1544259400106966e-06, 'Fearful': 4.274061780051852e-07, 'Happy': 0.00014550273772329092, 'Neutral': 0.9984734654426575, 'Other': 4.3935233406955376e-07, 'Sad': 2.7036265237256885e-05, 'Surprised': 2.0447034785320284e-06, 'Unknown': 2.1280690987168782e-07}","""Quarry has been approved for hunting by the Holy Paramounts of the Crown of Erathis. The quarry: one adult white dragon--"" One adult white dragon?!"
LAURA,00:39:17,00:39:23,Neutral,"{'Angry': 0.005896135699003935, 'Disgusted': 0.003401978174224496, 'Fearful': 0.0003888153296429664, 'Happy': 0.03679075837135315, 'Neutral': 0.9334359765052795, 'Other': 0.004028867930173874, 'Sad': 0.0013976837508380413, 'Surprised': 0.010212930850684643, 'Unknown': 0.00444683525711298}","A white dragon? Would I know? I would know, because I've studied them."
MATT,00:39:23,00:39:42,Neutral,"{'Angry': 5.552886432269588e-05, 'Disgusted': 0.00015137052105274051, 'Fearful': 3.400142668397166e-05, 'Happy': 0.0009339583339169621, 'Neutral': 0.9955897331237793, 'Other': 0.0015407638857141137, 'Sad': 0.0009247391717508435, 'Surprised': 0.0001457670732634142, 'Unknown': 0.0006241811206564307}","Yes, having dragons being a very favored enemy for you. White dragons are one of the chromatic dragon circle. They are considered largely very spiteful, arrogant, a little more bestial, and very, very dangerous foes."
MARY,00:39:42,00:39:44,Neutral,"{'Angry': 0.01663154363632202, 'Disgusted': 0.0017085307044908404, 'Fearful': 0.06102040782570839, 'Happy': 0.036389999091625214, 'Neutral': 0.7558046579360962, 'Other': 0.00022854251437820494, 'Sad': 0.12162239104509354, 'Surprised': 0.0065668486058712006, 'Unknown': 2.69866668531904e-05}","Yes, they are glorious."
LAURA,00:39:44,00:39:46,Sad,"{'Angry': 0.00012306784628890455, 'Disgusted': 7.29990642867051e-05, 'Fearful': 0.00012249842984601855, 'Happy': 0.001997939310967922, 'Neutral': 0.051227323710918427, 'Other': 1.0293412742612418e-05, 'Sad': 0.9246790409088135, 'Surprised': 0.021766209974884987, 'Unknown': 6.833491283941839e-07}",Didn't we kill a white dragon?
"TRAVIS, TALIESIN",00:39:46,00:39:47,Neutral,"{'Angry': 0.004448231775313616, 'Disgusted': 0.00025802719756029546, 'Fearful': 8.384732791455463e-05, 'Happy': 0.004809531848877668, 'Neutral': 0.9770007133483887, 'Other': 2.8544600354507565e-05, 'Sad': 0.013278777711093426, 'Surprised': 7.605500286445022e-05, 'Unknown': 1.6153606338775717e-05}",No.
SAM,00:39:47,00:39:49,Neutral,"{'Angry': 2.8792862191706625e-12, 'Disgusted': 1.3502042637159734e-13, 'Fearful': 4.694040769688372e-14, 'Happy': 3.944791542032089e-12, 'Neutral': 1.0, 'Other': 9.237034050244442e-15, 'Sad': 1.0289332753876668e-11, 'Surprised': 1.300784675285771e-12, 'Unknown': 5.49304186663567e-14}",Platinum dragon?
LAURA,00:39:49,00:39:51,Neutral,"{'Angry': 0.010777903720736504, 'Disgusted': 0.03988892212510109, 'Fearful': 0.0016822078032419086, 'Happy': 0.004314599558711052, 'Neutral': 0.6476555466651917, 'Other': 8.046523726079613e-05, 'Sad': 0.044221293181180954, 'Surprised': 0.25134381651878357, 'Unknown': 3.5270593798486516e-05}","No, I thought the ice dragon thing-- wasn't she white?"
MATT,00:39:51,00:39:56,Neutral,"{'Angry': 0.00017972469504456967, 'Disgusted': 0.00011002812971128151, 'Fearful': 0.00027243548538535833, 'Happy': 0.0009974027052521706, 'Neutral': 0.9971432089805603, 'Other': 1.3995070730743464e-05, 'Sad': 0.00046488846419379115, 'Surprised': 0.000812500948086381, 'Unknown': 5.853206857864279e-06}","Once upon a time, you battled, back at Westruun."
SAM,00:39:56,00:39:58,Happy,"{'Angry': 0.0010675350204110146, 'Disgusted': 0.012457768432796001, 'Fearful': 0.0002716810558922589, 'Happy': 0.9260247349739075, 'Neutral': 0.04289260506629944, 'Other': 0.0004371142713353038, 'Sad': 0.009378137066960335, 'Surprised': 0.007361419964581728, 'Unknown': 0.0001090844816644676}",I don't see race so I don't know.
FELICIA,00:39:58,00:40:01,Neutral,"{'Angry': 0.12863217294216156, 'Disgusted': 0.03193725273013115, 'Fearful': 0.02511274442076683, 'Happy': 0.0418509878218174, 'Neutral': 0.756221354007721, 'Other': 9.728296572575346e-05, 'Sad': 0.0061940280720591545, 'Surprised': 0.009343236684799194, 'Unknown': 0.0006107758963480592}",What kind of element is a white dragon?
MATT,00:40:01,00:40:03,Angry,"{'Angry': 0.4513721466064453, 'Disgusted': 0.002075043972581625, 'Fearful': 0.0068139624781906605, 'Happy': 0.14381098747253418, 'Neutral': 0.04220075532793999, 'Other': 0.0002707432140596211, 'Sad': 0.3514581322669983, 'Surprised': 0.0016708901384845376, 'Unknown': 0.0003273349429946393}",Ice and frost.
TALIESIN,00:40:03,00:40:05,Neutral,"{'Angry': 0.019608937203884125, 'Disgusted': 0.09904847294092178, 'Fearful': 0.032331619411706924, 'Happy': 0.02183675765991211, 'Neutral': 0.7144024968147278, 'Other': 0.00015241341316141188, 'Sad': 0.10803218930959702, 'Surprised': 0.004441616591066122, 'Unknown': 0.00014546536840498447}","Oh, that's right."
LAURA,00:40:05,00:40:08,Neutral,"{'Angry': 0.005460786633193493, 'Disgusted': 0.0059774210676550865, 'Fearful': 0.004904526751488447, 'Happy': 0.36325541138648987, 'Neutral': 0.3859466016292572, 'Other': 0.003383311443030834, 'Sad': 0.0012351215118542314, 'Surprised': 6.273355393204838e-05, 'Unknown': 0.2297741025686264}","Yeah, the woman and then she turned into a dragon."
TRAVIS,00:40:08,00:40:10,Neutral,"{'Angry': 0.01923931948840618, 'Disgusted': 0.061150308698415756, 'Fearful': 0.0026936919894069433, 'Happy': 0.03368452936410904, 'Neutral': 0.8328494429588318, 'Other': 0.0007088377024047077, 'Sad': 0.023493103682994843, 'Surprised': 0.02554319240152836, 'Unknown': 0.0006376476376317441}","Yeah, Ashley killed her. I mean, Pike."
MATT,00:40:10,00:40:16,Neutral,"{'Angry': 3.471256059128791e-05, 'Disgusted': 1.159062776423525e-05, 'Fearful': 2.126360050169751e-05, 'Happy': 0.0005987368058413267, 'Neutral': 0.999085545539856, 'Other': 2.0147301256656647e-05, 'Sad': 3.3263248042203486e-05, 'Surprised': 0.00017244087939616293, 'Unknown': 2.2264097424340434e-05}","""This bodes well. If you have already defeated such a creature, then this should be a very simple task."""
TRAVIS,00:40:16,00:40:18,Neutral,"{'Angry': 8.122171857394278e-05, 'Disgusted': 6.999016022746218e-06, 'Fearful': 6.667503839707933e-06, 'Happy': 2.104115810652729e-05, 'Neutral': 0.999455988407135, 'Other': 6.709898116241675e-06, 'Sad': 0.00017577687685843557, 'Surprised': 0.00024471181677654386, 'Unknown': 8.844162948662415e-07}","Yeah, no problem."
FELICIA,00:40:18,00:40:19,Neutral,"{'Angry': 0.00022384291514754295, 'Disgusted': 0.0009341739933006465, 'Fearful': 8.438705117441714e-05, 'Happy': 0.00156113610137254, 'Neutral': 0.9960327744483948, 'Other': 3.8326193134707864e-06, 'Sad': 0.00025977822951972485, 'Surprised': 0.0008977276738733053, 'Unknown': 2.269482820338453e-06}",This is going to be easy.
TRAVIS,00:40:19,00:40:20,Neutral,"{'Angry': 0.0007725621690042317, 'Disgusted': 0.0005451333709061146, 'Fearful': 6.639181083301082e-05, 'Happy': 0.03643671050667763, 'Neutral': 0.96101313829422, 'Other': 4.741429802379571e-05, 'Sad': 0.0005257794982753694, 'Surprised': 0.000551923643797636, 'Unknown': 4.090471702511422e-05}",What do we have to bring back?
TALIESIN,00:40:20,00:40:23,Happy,"{'Angry': 6.650399120289308e-10, 'Disgusted': 1.2655263503802416e-09, 'Fearful': 3.391732450452878e-10, 'Happy': 1.0, 'Neutral': 7.0451964262474576e-09, 'Other': 1.264994775596051e-10, 'Sad': 1.6812251590891947e-09, 'Surprised': 1.0300477137903385e-09, 'Unknown': 4.021287747235647e-10}","They want eyes, tongue, heart, claws, and teeth."
LAURA,00:40:23,00:40:25,Happy,"{'Angry': 0.06978801637887955, 'Disgusted': 0.001569960149936378, 'Fearful': 0.0015953860711306334, 'Happy': 0.9225958585739136, 'Neutral': 0.0009952719556167722, 'Other': 0.0007030830602161586, 'Sad': 0.0005556461401283741, 'Surprised': 0.0018699427600950003, 'Unknown': 0.00032684352481737733}",So anything else we get to keep ourselves?
TALIESIN,00:40:25,00:40:30,Happy,"{'Angry': 3.6963754279639716e-10, 'Disgusted': 3.1195859229171674e-09, 'Fearful': 1.3458411052269525e-09, 'Happy': 1.0, 'Neutral': 7.985903494045488e-09, 'Other': 9.487470808977605e-10, 'Sad': 3.353376909487338e-09, 'Surprised': 7.132660018172032e-10, 'Unknown': 1.5146547127642407e-08}","Two eyes, one tongue, one heart, six claws, and 20 teeth, is what they are requesting."
SAM,00:40:30,00:40:33,Happy,"{'Angry': 1.8703767423744466e-09, 'Disgusted': 2.257706244179758e-09, 'Fearful': 9.0046337053451e-10, 'Happy': 1.0, 'Neutral': 1.3534331877451677e-08, 'Other': 2.873917770429557e-10, 'Sad': 7.629713749679468e-09, 'Surprised': 9.025598934897516e-09, 'Unknown': 9.638985443150005e-11}",And do we get paid for such items?
TALIESIN,00:40:33,00:40:47,Happy,"{'Angry': 1.753662400005851e-05, 'Disgusted': 2.829132972692605e-05, 'Fearful': 2.6241757495881757e-06, 'Happy': 0.9951960444450378, 'Neutral': 0.004666525404900312, 'Other': 1.3936580216977745e-05, 'Sad': 4.8847661673789844e-05, 'Surprised': 1.0361450222262647e-05, 'Unknown': 1.5842779248487204e-05}","Yes. There are individual prices for each individual object. Eyes, 900 gold each. Tongue is 1,200 gold. The heart is 3,500. Claws, 250 gold each, and teeth are 50 gold each."
FELICIA,00:40:47,00:40:50,Happy,"{'Angry': 0.00020838287309743464, 'Disgusted': 0.00012243539094924927, 'Fearful': 3.8790341932326555e-05, 'Happy': 0.9961477518081665, 'Neutral': 0.0018725059926509857, 'Other': 0.00027001023408956826, 'Sad': 3.8675570976920426e-05, 'Surprised': 9.397999383509159e-05, 'Unknown': 0.0012074632104486227}","If there are any remaining organs, we can roshambo for it."
MATT,00:40:50,00:40:53,Happy,"{'Angry': 1.439991046936484e-05, 'Disgusted': 2.1003481379011646e-05, 'Fearful': 5.494684501172742e-06, 'Happy': 0.999288022518158, 'Neutral': 0.0004617347731254995, 'Other': 1.5362547856057063e-05, 'Sad': 6.959842721698806e-06, 'Surprised': 3.7389315821201308e-06, 'Unknown': 0.00018342646944802254}","""Very good."""
LAURA,00:40:53,00:40:55,Neutral,"{'Angry': 0.008095580153167248, 'Disgusted': 0.00673004612326622, 'Fearful': 0.00016008989769034088, 'Happy': 0.0012683564564213157, 'Neutral': 0.9790898561477661, 'Other': 0.00016767263878136873, 'Sad': 0.0003281280805822462, 'Surprised': 0.004106543026864529, 'Unknown': 5.366033656173386e-05}","And scales, definitely. There will be plenty of scales."
TALIESIN,00:40:55,00:40:56,Neutral,"{'Angry': 0.0034968825057148933, 'Disgusted': 0.0024649156257510185, 'Fearful': 6.862837471999228e-05, 'Happy': 0.43459567427635193, 'Neutral': 0.554776132106781, 'Other': 6.322287663351744e-05, 'Sad': 0.0021800340618938208, 'Surprised': 0.002338005695492029, 'Unknown': 1.6530826542293653e-05}",Plenty of scales.
MARY,00:40:56,00:40:58,Neutral,"{'Angry': 0.019263090565800667, 'Disgusted': 0.010623455978929996, 'Fearful': 0.002274650614708662, 'Happy': 0.005063398275524378, 'Neutral': 0.9225637912750244, 'Other': 0.0013324606698006392, 'Sad': 0.007582888938486576, 'Surprised': 0.0001671197242103517, 'Unknown': 0.0311291366815567}","Yes, there will be plenty of scales. Very good for armor and--"
TALIESIN,00:40:58,00:41:00,Happy,"{'Angry': 0.006240115966647863, 'Disgusted': 0.00011194383114343509, 'Fearful': 2.2222864572540857e-05, 'Happy': 0.9929694533348083, 'Neutral': 0.0004416243464220315, 'Other': 5.181875621929066e-06, 'Sad': 0.00014965147420298308, 'Surprised': 5.881291872356087e-05, 'Unknown': 1.0148247611141414e-06}",Very good for armor.
TRAVIS,00:41:00,00:41:02,Surprised,"{'Angry': 0.005174510646611452, 'Disgusted': 0.006264389492571354, 'Fearful': 0.0017189703648909926, 'Happy': 0.01658354327082634, 'Neutral': 0.20078256726264954, 'Other': 0.03426004946231842, 'Sad': 0.015294969081878662, 'Surprised': 0.7187992930412292, 'Unknown': 0.00112170132342726}",Does it say where this dragon lives?
TALIESIN,00:41:02,00:41:04,Surprised,"{'Angry': 0.45387494564056396, 'Disgusted': 0.011416841298341751, 'Fearful': 0.0033828013110905886, 'Happy': 0.010839917697012424, 'Neutral': 0.0034792993683367968, 'Other': 8.1671925727278e-05, 'Sad': 0.003068573772907257, 'Surprised': 0.5136973857879639, 'Unknown': 0.00015864937449805439}",No.
MATT,00:41:04,00:41:54,Neutral,"{'Angry': 0.00041232677176594734, 'Disgusted': 0.00011883586557814851, 'Fearful': 7.67418896430172e-06, 'Happy': 7.876632298575714e-05, 'Neutral': 0.9987429976463318, 'Other': 0.00018955429550260305, 'Sad': 0.0003098820161540061, 'Surprised': 2.6672960302676074e-05, 'Unknown': 0.00011327119136694819}","""Ah, see. That is part of the job. To find one's quarry is why we are so specialized, in the Slayer's Take. You may now embark. Once we signify the pact of the contract."" And as she reaches out and touches the edge of it, you can see there are these arcane sigils that are on the contract itself. They glow and pulse briefly and she just walks across the group. First, to you Percy, as you were holding it. ""Place your hand against the contract."" As you do they light up, and you feel a surge of warm energy go through your torso. At which point, you now see, at the bottom of the contract, your name inscribe itself, magically, into the contract. She then takes it and passes it to each one of you to the same point. As the spell binds--"
LAURA,00:41:54,00:41:58,Happy,"{'Angry': 0.00010749377543106675, 'Disgusted': 0.0007659303955733776, 'Fearful': 0.00014048487355466932, 'Happy': 0.9057117700576782, 'Neutral': 0.009817540645599365, 'Other': 0.0032176831737160683, 'Sad': 0.0001546018902445212, 'Surprised': 3.550130713847466e-05, 'Unknown': 0.08004900068044662}",What about Trinket? Does he use his paw?
MATT,00:41:58,00:42:03,Neutral,"{'Angry': 4.97260344012318e-10, 'Disgusted': 1.4498147127284255e-10, 'Fearful': 2.9064677747880907e-11, 'Happy': 3.457528707784263e-09, 'Neutral': 1.0, 'Other': 2.107050298127966e-11, 'Sad': 9.454881322312758e-10, 'Surprised': 2.3799998083440244e-10, 'Unknown': 3.141939833306573e-11}","""I suppose he is part of your band."" And she reaches out the paper."
LAURA,00:42:03,00:42:05,Neutral,"{'Angry': 1.863412035163492e-05, 'Disgusted': 2.0335748558863997e-05, 'Fearful': 2.7779151423601434e-06, 'Happy': 2.2389795049093664e-05, 'Neutral': 0.9998950958251953, 'Other': 1.8265818653162569e-06, 'Sad': 3.2284620829159394e-05, 'Surprised': 5.985448296996765e-06, 'Unknown': 6.252190019040427e-07}",Trinket. Shake.
MATT,00:42:05,00:42:29,Neutral,"{'Angry': 3.1313716064573782e-09, 'Disgusted': 2.2969721680254906e-09, 'Fearful': 5.332921881873176e-10, 'Happy': 7.01216418264039e-09, 'Neutral': 1.0, 'Other': 3.202939302671126e-10, 'Sad': 2.0799451050379503e-08, 'Surprised': 2.844432467341562e-09, 'Unknown': 2.8012886454931163e-10}","Slams it out of her hand, knocking the contract onto the ground, and there is a brief moment where she pulls the paw back and the paper is wrecked a little bit, but there is indeed a paw that inscribes itself on the bottom of the contract for Trinket's insignia. ""Now, I have a busy day to attend. I wish you the utmost of safety, good luck, and safe travels."""
SAM,00:42:29,00:42:31,Angry,"{'Angry': 0.9999675750732422, 'Disgusted': 3.4626040701368765e-07, 'Fearful': 1.3695185430151469e-07, 'Happy': 2.716707058425527e-05, 'Neutral': 2.003782583415159e-06, 'Other': 6.25773353135628e-08, 'Sad': 1.5483500419577467e-06, 'Surprised': 1.203529791382607e-06, 'Unknown': 2.909071872281288e-09}","Thank you, I guess."
FELICIA,00:42:31,00:42:39,Neutral,"{'Angry': 7.46137520764023e-05, 'Disgusted': 2.0420227428985527e-06, 'Fearful': 4.015991805772501e-07, 'Happy': 2.357841140110395e-06, 'Neutral': 0.9999146461486816, 'Other': 1.7536171981191728e-07, 'Sad': 4.363113021099707e-06, 'Surprised': 1.1626399327724357e-06, 'Unknown': 2.2759141415917838e-07}",Bye! I'll alphabetize the rest of those ingredients when I get back. Don't worry. It's going to be fine.
MATT,00:42:39,00:42:41,Neutral,"{'Angry': 8.296388114104047e-05, 'Disgusted': 3.061924144276418e-05, 'Fearful': 3.0041193895158358e-05, 'Happy': 0.00019495200831443071, 'Neutral': 0.9995527863502502, 'Other': 2.011314336414216e-06, 'Sad': 6.76882264087908e-05, 'Surprised': 3.7970014091115445e-05, 'Unknown': 8.765932761889417e-07}","""I'd appreciate that, good luck."""
FELICIA,00:42:41,00:42:43,Disgusted,"{'Angry': 0.07505101710557938, 'Disgusted': 0.3429144322872162, 'Fearful': 0.011607124470174313, 'Happy': 0.23415754735469818, 'Neutral': 0.10794538259506226, 'Other': 0.002407316816970706, 'Sad': 0.013679691590368748, 'Surprised': 0.21154895424842834, 'Unknown': 0.0006885544280521572}","Okay, great. Bye-bye. Thanks again for giving me a chance."
MATT,00:42:43,00:42:45,Happy,"{'Angry': 0.00021491243387572467, 'Disgusted': 0.0003830338828265667, 'Fearful': 0.015215425752103329, 'Happy': 0.974895715713501, 'Neutral': 7.930291030788794e-05, 'Other': 0.007824293337762356, 'Sad': 0.0009226095280610025, 'Surprised': 0.00041933395550586283, 'Unknown': 4.537526911008172e-05}","""That's great. Please, go."""
FELICIA,00:42:45,00:42:46,Angry,"{'Angry': 0.7354576587677002, 'Disgusted': 0.002557893982157111, 'Fearful': 0.0065127708949148655, 'Happy': 0.02014695294201374, 'Neutral': 0.05305962637066841, 'Other': 0.00037935833097435534, 'Sad': 0.023002151399850845, 'Surprised': 0.15885843336582184, 'Unknown': 2.5198673029080965e-05}",Okay.
SAM,00:42:46,00:42:47,Angry,"{'Angry': 0.9999732971191406, 'Disgusted': 2.7120745471620467e-06, 'Fearful': 8.509726967531606e-07, 'Happy': 1.795669595594518e-05, 'Neutral': 1.884466655610595e-06, 'Other': 4.067182430844696e-07, 'Sad': 1.7638249119045213e-06, 'Surprised': 9.436843697585573e-07, 'Unknown': 1.213460194549043e-07}",Are you the housekeeper here?
FELICIA,00:42:47,00:42:52,Happy,"{'Angry': 3.164959683221724e-10, 'Disgusted': 7.559484149766149e-10, 'Fearful': 3.890183453147955e-10, 'Happy': 1.0, 'Neutral': 7.619718744855675e-10, 'Other': 2.791788744627155e-10, 'Sad': 6.043811007216959e-10, 'Surprised': 7.639524013391963e-10, 'Unknown': 3.2738578514823757e-10}","No, no. Listen. No, I am a guild member. On a technicality, but I am a guild member."
MARY,00:42:52,00:42:54,Happy,"{'Angry': 0.0010108316782861948, 'Disgusted': 0.0004053490119986236, 'Fearful': 8.882555994205177e-05, 'Happy': 0.9149672985076904, 'Neutral': 0.07923801243305206, 'Other': 0.00025797635316848755, 'Sad': 0.00011745677329599857, 'Surprised': 0.00015841332788113505, 'Unknown': 0.003755764802917838}","Tell me again, what have you slain?"
FELICIA,00:42:54,00:42:56,Angry,"{'Angry': 0.9117408990859985, 'Disgusted': 0.004208772908896208, 'Fearful': 0.0008485765429213643, 'Happy': 0.0585927814245224, 'Neutral': 0.012790098786354065, 'Other': 0.0006370287737809122, 'Sad': 0.0023950007744133472, 'Surprised': 8.196770795620978e-05, 'Unknown': 0.008704893290996552}","Well, well, it's--"
MARY,00:42:56,00:43:02,Neutral,"{'Angry': 7.330481301181038e-14, 'Disgusted': 2.737355740367012e-15, 'Fearful': 4.260937037180694e-16, 'Happy': 9.223517945505105e-14, 'Neutral': 1.0, 'Other': 4.715366242915686e-16, 'Sad': 2.026297559647519e-13, 'Surprised': 3.7773400401487633e-14, 'Unknown': 1.6617093418026048e-15}","No, very abbreviated, just a short-- can you say the word of what it is."
LAURA,00:43:02,00:43:04,Neutral,"{'Angry': 0.0016741773579269648, 'Disgusted': 0.0001275973190786317, 'Fearful': 0.0001098452412406914, 'Happy': 0.00028522187494672835, 'Neutral': 0.9972702860832214, 'Other': 1.2083316505595576e-05, 'Sad': 0.0004650674818549305, 'Surprised': 4.9230511649511755e-05, 'Unknown': 6.520984243252315e-06}",Just the biggest one.
FELICIA,00:43:04,00:43:11,Neutral,"{'Angry': 0.00029474039911292493, 'Disgusted': 1.1118103429907933e-05, 'Fearful': 2.549525959238963e-07, 'Happy': 6.383880827343091e-05, 'Neutral': 0.9996174573898315, 'Other': 2.5539513899275335e-06, 'Sad': 2.5514464141451754e-06, 'Surprised': 3.3445004987697757e-07, 'Unknown': 7.112186267477227e-06}","It was a worg. Who almost absconded with my boyfriend, Aldor. And at the last minute I interceded."
LAURA,00:43:11,00:43:13,Happy,"{'Angry': 0.01538035087287426, 'Disgusted': 0.16327610611915588, 'Fearful': 0.0009229781571775675, 'Happy': 0.74631267786026, 'Neutral': 0.05294259265065193, 'Other': 0.0017105753067880869, 'Sad': 0.0055700247175991535, 'Surprised': 0.013259703293442726, 'Unknown': 0.0006250619771890342}",You killed someone who was sleeping with your boyfriend?
FELICIA,00:43:13,00:43:15,Unknown,"{'Angry': 0.0514024943113327, 'Disgusted': 0.016729729250073433, 'Fearful': 0.004193737171590328, 'Happy': 0.05611474812030792, 'Neutral': 0.10261375457048416, 'Other': 0.008365749381482601, 'Sad': 0.000410320091759786, 'Surprised': 2.9963099223095924e-05, 'Unknown': 0.7601394653320312}","No, no. It was worg. A worg!"
LAURA,00:43:15,00:43:16,Neutral,"{'Angry': 1.774616862348921e-07, 'Disgusted': 3.0781995974393794e-07, 'Fearful': 6.666380159003893e-08, 'Happy': 7.789259370838408e-07, 'Neutral': 0.9999959468841553, 'Other': 3.600532139103052e-08, 'Sad': 2.591890279290965e-06, 'Surprised': 8.769714554546226e-08, 'Unknown': 2.5323341645844266e-08}",Okay.
SAM,00:43:16,00:43:18,Neutral,"{'Angry': 0.01590839773416519, 'Disgusted': 0.007062546908855438, 'Fearful': 0.002908295951783657, 'Happy': 0.03467172756791115, 'Neutral': 0.8887880444526672, 'Other': 0.001127752591855824, 'Sad': 0.005036140792071819, 'Surprised': 0.0002285902010044083, 'Unknown': 0.044268470257520676}",Is that a thing?
FELICIA,00:43:18,00:43:19,Neutral,"{'Angry': 0.00046206056140363216, 'Disgusted': 2.9491549867088906e-05, 'Fearful': 1.2088369658158626e-05, 'Happy': 0.43241021037101746, 'Neutral': 0.5669340491294861, 'Other': 1.8362243281444535e-05, 'Sad': 4.4049567804904655e-05, 'Surprised': 7.703415030846372e-05, 'Unknown': 1.262038858840242e-05}",It's a thing
SAM,00:43:19,00:43:21,Neutral,"{'Angry': 0.0015827303286641836, 'Disgusted': 0.043423134833574295, 'Fearful': 0.009809950366616249, 'Happy': 0.008236853405833244, 'Neutral': 0.585728108882904, 'Other': 0.0037920158356428146, 'Sad': 0.18359878659248352, 'Surprised': 9.121104085352272e-05, 'Unknown': 0.16373714804649353}","We haven't encountered one of those, I don't think."
LAURA,00:43:21,00:43:22,Neutral,"{'Angry': 0.4140816330909729, 'Disgusted': 0.030392669141292572, 'Fearful': 0.0015382159035652876, 'Happy': 0.0069244676269590855, 'Neutral': 0.5338529944419861, 'Other': 0.0013136101188138127, 'Sad': 0.0021755811758339405, 'Surprised': 0.0001748345821397379, 'Unknown': 0.009545995853841305}","It's a person that changes into animals, am I right?"
MARY,00:43:22,00:43:26,Neutral,"{'Angry': 9.942446171917751e-13, 'Disgusted': 3.854332624548748e-14, 'Fearful': 9.412501160432907e-15, 'Happy': 1.1762150498376145e-12, 'Neutral': 1.0, 'Other': 3.2583254721581375e-15, 'Sad': 2.992579274663232e-12, 'Surprised': 3.268618015139779e-13, 'Unknown': 2.4637776085793817e-14}","No, it's something that-- it projects itself into animals?"
MATT,00:43:26,00:43:34,Neutral,"{'Angry': 7.716538589748814e-14, 'Disgusted': 2.832610524516389e-15, 'Fearful': 4.441148325967171e-16, 'Happy': 1.0417502364218345e-13, 'Neutral': 1.0, 'Other': 4.785421691005129e-16, 'Sad': 2.344845780218041e-13, 'Surprised': 4.0872321260994326e-14, 'Unknown': 1.6402962430168977e-15}","In certain book series, yes. (laughter)"
MARY,00:43:34,00:43:39,Neutral,"{'Angry': 8.342259388882667e-05, 'Disgusted': 0.00038813636638224125, 'Fearful': 9.134962965617888e-06, 'Happy': 0.0013821444008499384, 'Neutral': 0.9956965446472168, 'Other': 0.000327240617480129, 'Sad': 5.4346906836144626e-05, 'Surprised': 0.001198002602905035, 'Unknown': 0.0008610031800344586}",I'm a very prolific reader. And I've never read of worgs other than in that circumstance.
SAM,00:43:39,00:43:42,Neutral,"{'Angry': 0.0022397467400878668, 'Disgusted': 0.000910501868929714, 'Fearful': 3.698912405525334e-05, 'Happy': 0.0003374298685230315, 'Neutral': 0.9940409064292908, 'Other': 0.0002758884511422366, 'Sad': 9.993160347221419e-05, 'Surprised': 8.645716661703773e-06, 'Unknown': 0.0020500519312918186}","In Twilight, that's true."
MARY,00:43:42,00:43:45,Neutral,"{'Angry': 4.23610105326766e-12, 'Disgusted': 2.433510207580647e-13, 'Fearful': 6.396613246679658e-14, 'Happy': 6.326548659951747e-12, 'Neutral': 1.0, 'Other': 2.2607556695837874e-14, 'Sad': 1.4107616116976196e-11, 'Surprised': 1.1209572766540665e-12, 'Unknown': 1.7236236851854436e-13}",That could have been the fairy tale section of the library.
TRAVIS,00:43:45,00:43:47,Neutral,"{'Angry': 1.5230141798383556e-05, 'Disgusted': 3.200018181814812e-05, 'Fearful': 1.1557102880033199e-05, 'Happy': 0.00018588185776025057, 'Neutral': 0.999371349811554, 'Other': 1.7938014934770763e-05, 'Sad': 3.1075061997398734e-05, 'Surprised': 8.2942875678782e-07, 'Unknown': 0.0003342486743349582}",It also sparkles. Sparkles in the sunlight.
MARY,00:43:47,00:43:48,Neutral,"{'Angry': 8.574979837305818e-09, 'Disgusted': 3.3407423494224986e-09, 'Fearful': 6.219566528464782e-10, 'Happy': 6.005562624977756e-08, 'Neutral': 0.9999998807907104, 'Other': 4.928911168100569e-10, 'Sad': 9.509359522041905e-09, 'Surprised': 3.2948070938232377e-09, 'Unknown': 5.119921708818254e-10}",But only in the sun.
MATT,00:43:48,00:43:54,Neutral,"{'Angry': 4.73401808205598e-13, 'Disgusted': 2.0495054831319755e-14, 'Fearful': 5.213805004188965e-15, 'Happy': 5.564042065628327e-13, 'Neutral': 1.0, 'Other': 2.8760654322929026e-15, 'Sad': 1.6535863390371164e-12, 'Surprised': 2.2130543654141216e-13, 'Unknown': 1.5754738280030628e-14}","Worgs in this world are essentially a side breed of large bulbous, wolf-like entities."
ALL,00:43:54,00:43:56,Neutral,"{'Angry': 0.004314891993999481, 'Disgusted': 0.004721181467175484, 'Fearful': 0.0006350151379592717, 'Happy': 0.016561949625611305, 'Neutral': 0.9633051753044128, 'Other': 0.00027547834906727076, 'Sad': 0.008285551331937313, 'Surprised': 0.00022415549028664827, 'Unknown': 0.0016764688771218061}",Oh!
MARY,00:43:56,00:43:57,Angry,"{'Angry': 0.859592080116272, 'Disgusted': 0.0533718578517437, 'Fearful': 0.006553794257342815, 'Happy': 0.011327051557600498, 'Neutral': 0.014903881587088108, 'Other': 0.0037736897356808186, 'Sad': 0.045913852751255035, 'Surprised': 0.004210814367979765, 'Unknown': 0.00035291549284011126}",A bulbous dire wolf.
LAURA,00:43:57,00:43:59,Neutral,"{'Angry': 0.011947347782552242, 'Disgusted': 0.0021615251898765564, 'Fearful': 0.00041832163697108626, 'Happy': 0.002543338341638446, 'Neutral': 0.9741396903991699, 'Other': 0.000994165544398129, 'Sad': 0.0014456099597737193, 'Surprised': 5.408883225754835e-05, 'Unknown': 0.006295888219028711}",Oh you killed a wolf?
MARY,00:43:59,00:44:00,Neutral,"{'Angry': 0.0045858947560191154, 'Disgusted': 0.0013477311003953218, 'Fearful': 5.153178426553495e-05, 'Happy': 0.0005651065148413181, 'Neutral': 0.9913924932479858, 'Other': 7.276088581420481e-06, 'Sad': 0.0019075021846219897, 'Surprised': 0.0001383679627906531, 'Unknown': 4.109771452931454e-06}","A bloated wolf, basically?"
FELICIA,00:44:00,00:44:01,Neutral,"{'Angry': 0.01000261027365923, 'Disgusted': 0.03765217587351799, 'Fearful': 0.0005621368181891739, 'Happy': 0.15142689645290375, 'Neutral': 0.7269296050071716, 'Other': 0.04542795568704605, 'Sad': 0.007524165790528059, 'Surprised': 0.020045248791575432, 'Unknown': 0.0004292260273359716}",It's a large wolf.
MATT,00:44:01,00:44:03,Happy,"{'Angry': 1.9007798982784152e-05, 'Disgusted': 1.3035816664341837e-05, 'Fearful': 7.866582905080577e-07, 'Happy': 0.9996944665908813, 'Neutral': 0.0002525320742279291, 'Other': 2.750491319147841e-07, 'Sad': 1.5839106708881445e-05, 'Surprised': 4.027680915896781e-06, 'Unknown': 4.234015449355866e-08}",It's not quite dire wolf sized.
LAURA,00:44:03,00:44:04,Neutral,"{'Angry': 0.02062261663377285, 'Disgusted': 0.007500768173485994, 'Fearful': 0.002647755667567253, 'Happy': 0.26823100447654724, 'Neutral': 0.6914554238319397, 'Other': 0.00011898383672814816, 'Sad': 0.008448894135653973, 'Surprised': 0.0007403793279081583, 'Unknown': 0.0002342218067497015}","No, yeah, that's great."
MARY,00:44:04,00:44:05,Neutral,"{'Angry': 0.0009029231150634587, 'Disgusted': 0.00037582690129056573, 'Fearful': 0.001472616451792419, 'Happy': 0.002426357939839363, 'Neutral': 0.8834246397018433, 'Other': 1.5486488337046467e-05, 'Sad': 0.11095777153968811, 'Surprised': 0.0004010244447272271, 'Unknown': 2.342990592296701e-05}",A gaseous wolf?
MATT,00:44:05,00:44:10,Sad,"{'Angry': 0.0003004538011737168, 'Disgusted': 0.000690148735884577, 'Fearful': 0.0008851895108819008, 'Happy': 0.011518330313265324, 'Neutral': 0.001277997624129057, 'Other': 0.0015143475029617548, 'Sad': 0.9831599593162537, 'Surprised': 0.00010282086441293359, 'Unknown': 0.0005507994210347533}","For instance-- out of character here, outside of the world. In Lord of the Rings, the things that the orcs ride."
ALL,00:44:10,00:44:11,Neutral,"{'Angry': 0.0024719738867133856, 'Disgusted': 0.001131149590946734, 'Fearful': 0.00023416390467900783, 'Happy': 0.18769694864749908, 'Neutral': 0.8053785562515259, 'Other': 3.971717524109408e-05, 'Sad': 0.0022959578782320023, 'Surprised': 0.0007278944831341505, 'Unknown': 2.3640470317332074e-05}",Oh!
LAURA,00:44:11,00:44:12,Neutral,"{'Angry': 0.0018153806449845433, 'Disgusted': 0.0005875221104361117, 'Fearful': 7.190847827587277e-05, 'Happy': 0.19902941584587097, 'Neutral': 0.7974572777748108, 'Other': 4.618939055944793e-05, 'Sad': 0.0006638693157583475, 'Surprised': 0.00031826956546865404, 'Unknown': 1.0174794624617789e-05}","Oh, they're really scary."
FELICIA,00:44:12,00:44:21,Angry,"{'Angry': 0.9998348951339722, 'Disgusted': 6.469013897003606e-05, 'Fearful': 2.026702532020863e-06, 'Happy': 5.864729973836802e-05, 'Neutral': 2.9677526981686242e-05, 'Other': 2.3015802526060725e-06, 'Sad': 1.932807208504528e-06, 'Surprised': 4.0246218304673675e-06, 'Unknown': 1.7608331290830392e-06}","It was quite a situation. It was either the worg or Aldor, and I would do anything to save Aldor. What did he look like, when you saw him?"
TRAVIS,00:44:21,00:44:22,Neutral,"{'Angry': 0.000188793710549362, 'Disgusted': 5.641493044095114e-05, 'Fearful': 2.727833361859666e-06, 'Happy': 4.510591315920465e-05, 'Neutral': 0.9992765784263611, 'Other': 9.56655867412337e-07, 'Sad': 0.00042124465107917786, 'Surprised': 7.927397746243514e-06, 'Unknown': 2.7134524316352326e-07}","Oh god, here we go again."
SAM,00:44:22,00:44:24,Surprised,"{'Angry': 0.009107907302677631, 'Disgusted': 0.053332313895225525, 'Fearful': 0.00480886222794652, 'Happy': 0.1493784785270691, 'Neutral': 0.05499282106757164, 'Other': 0.004079489037394524, 'Sad': 0.0043408130295574665, 'Surprised': 0.7089059352874756, 'Unknown': 0.011053355410695076}",He was a little dirty.
LAURA,00:44:24,00:44:26,Neutral,"{'Angry': 0.22977660596370697, 'Disgusted': 0.0035875593312084675, 'Fearful': 0.0006654493045061827, 'Happy': 0.003730163676664233, 'Neutral': 0.7526763677597046, 'Other': 2.1571304387180135e-05, 'Sad': 0.008874012157320976, 'Surprised': 0.0006077613797970116, 'Unknown': 6.055160702089779e-05}","I mean, he looked actually kind of frightened."
FELICIA,00:44:26,00:44:30,Neutral,"{'Angry': 0.00010515211033634841, 'Disgusted': 0.00022832499234937131, 'Fearful': 3.467862552497536e-05, 'Happy': 0.06868219375610352, 'Neutral': 0.9282872676849365, 'Other': 0.0003553757269401103, 'Sad': 0.00020209034846629947, 'Surprised': 0.00020032135944347829, 'Unknown': 0.0019045434892177582}","Was he wearing armor? Like, a red-ish sort of very fantastic armor?"
SAM,00:44:30,00:44:34,Happy,"{'Angry': 0.25276240706443787, 'Disgusted': 0.024051206186413765, 'Fearful': 0.01528128795325756, 'Happy': 0.618317723274231, 'Neutral': 0.030238782986998558, 'Other': 0.008465250954031944, 'Sad': 0.004917190410196781, 'Surprised': 0.022446032613515854, 'Unknown': 0.02352018840610981}",It was hard to focus on his armor with all of his screaming and panting.
LAURA,00:44:34,00:44:35,Angry,"{'Angry': 0.6309670805931091, 'Disgusted': 0.05714917182922363, 'Fearful': 0.13417097926139832, 'Happy': 0.09021823853254318, 'Neutral': 0.021498151123523712, 'Other': 0.000273849000222981, 'Sad': 0.05088113620877266, 'Surprised': 0.014754172414541245, 'Unknown': 8.707302913535386e-05}","And whimpering, really."
FELICIA,00:44:35,00:44:37,Neutral,"{'Angry': 1.4211633470040397e-06, 'Disgusted': 1.7656901718510198e-06, 'Fearful': 8.507481652486604e-07, 'Happy': 1.3665109008798026e-06, 'Neutral': 0.9997065663337708, 'Other': 2.772360296887655e-08, 'Sad': 0.00028185072005726397, 'Surprised': 6.123389539425261e-06, 'Unknown': 8.1159514664364e-09}",He is very brave. He must have been injured.
LAURA,00:44:37,00:44:39,Happy,"{'Angry': 0.032390497624874115, 'Disgusted': 0.00938940979540348, 'Fearful': 0.0014377912739291787, 'Happy': 0.5757075548171997, 'Neutral': 0.363972544670105, 'Other': 0.0002000439417315647, 'Sad': 0.014356504194438457, 'Surprised': 0.0024720923975110054, 'Unknown': 7.363740587607026e-05}","No, yes, he seems like he would have been had he hadn't--"
SAM,00:44:39,00:44:42,Neutral,"{'Angry': 0.09242142736911774, 'Disgusted': 0.017909424379467964, 'Fearful': 0.013966163620352745, 'Happy': 0.015868287533521652, 'Neutral': 0.776216983795166, 'Other': 0.003391684265807271, 'Sad': 0.017499977722764015, 'Surprised': 0.0001128472649725154, 'Unknown': 0.06261318176984787}","We tease because we love. He did fine. He fought well. He fought bravely, and he treated us fairly."
LAURA,00:44:42,00:44:44,Neutral,"{'Angry': 0.00012110094394301996, 'Disgusted': 5.603323734248988e-05, 'Fearful': 9.660254363552667e-06, 'Happy': 0.001861184136942029, 'Neutral': 0.9975639581680298, 'Other': 0.00017751845007296652, 'Sad': 3.171516800648533e-05, 'Surprised': 3.854558235616423e-05, 'Unknown': 0.00014025975542608649}",Especially when he got burned by Tiberius.
FELICIA,00:44:44,00:44:47,Neutral,"{'Angry': 0.0003030135703738779, 'Disgusted': 0.0013997997157275677, 'Fearful': 0.0007295492687262595, 'Happy': 0.06687112897634506, 'Neutral': 0.8850458264350891, 'Other': 0.0005190149531699717, 'Sad': 0.001358167384751141, 'Surprised': 1.739638355502393e-05, 'Unknown': 0.04375601187348366}",You burned my.... kind-of-boyfriend?!
SAM,00:44:47,00:44:49,Neutral,"{'Angry': 0.23003478348255157, 'Disgusted': 0.041021544486284256, 'Fearful': 0.01672585867345333, 'Happy': 0.1349867582321167, 'Neutral': 0.5129462480545044, 'Other': 8.916742081055418e-05, 'Sad': 0.03203807398676872, 'Surprised': 0.03175000101327896, 'Unknown': 0.0004076153563801199}",Not the face. Not the face.
LAURA,00:44:49,00:44:50,Happy,"{'Angry': 0.010744347237050533, 'Disgusted': 0.016813332214951515, 'Fearful': 0.0009845674503594637, 'Happy': 0.5600090622901917, 'Neutral': 0.38672521710395813, 'Other': 0.0036705511156469584, 'Sad': 0.0008883902919478714, 'Surprised': 0.017859485000371933, 'Unknown': 0.002304916735738516}",His face is fine.
SAM,00:44:50,00:44:51,Neutral,"{'Angry': 0.07343558222055435, 'Disgusted': 0.1451735645532608, 'Fearful': 0.009484443813562393, 'Happy': 0.17919950187206268, 'Neutral': 0.3681655526161194, 'Other': 0.001830575056374073, 'Sad': 0.029507629573345184, 'Surprised': 0.19293829798698425, 'Unknown': 0.0002648585941642523}",I didn't do it.
FELICIA,00:44:51,00:44:53,Neutral,"{'Angry': 1.3961519440552905e-10, 'Disgusted': 1.4911643100856686e-11, 'Fearful': 5.6427475539355676e-12, 'Happy': 6.97294888496458e-10, 'Neutral': 1.0, 'Other': 9.294747046681429e-13, 'Sad': 4.2626405183376903e-10, 'Surprised': 5.333010769104085e-11, 'Unknown': 2.244264453096778e-12}","We need to talk about this more on the road, but we should get going."
SAM,00:44:53,00:44:55,Neutral,"{'Angry': 5.251577395171125e-09, 'Disgusted': 9.717536775255553e-10, 'Fearful': 1.5142662124212336e-10, 'Happy': 1.3766542572568596e-08, 'Neutral': 1.0, 'Other': 2.7985169737121396e-10, 'Sad': 3.776766011043264e-09, 'Surprised': 2.656505015963262e-10, 'Unknown': 1.1990816117801728e-09}",Let's certainly start talking.
MARY,00:44:55,00:44:56,Neutral,"{'Angry': 1.5909716239548288e-05, 'Disgusted': 7.725373507128097e-06, 'Fearful': 2.489427788532339e-05, 'Happy': 6.0799844504799694e-05, 'Neutral': 0.9998507499694824, 'Other': 2.999816615556483e-06, 'Sad': 2.9199887649156153e-05, 'Surprised': 4.602221906679915e-06, 'Unknown': 3.027092134288978e-06}","Yes, let's do."
MATT,00:44:56,00:45:08,Neutral,"{'Angry': 2.382976260761893e-09, 'Disgusted': 3.2565442009691026e-10, 'Fearful': 1.1793021420514194e-11, 'Happy': 3.6345615406219167e-09, 'Neutral': 1.0, 'Other': 1.1333107195754533e-11, 'Sad': 8.764088899049227e-10, 'Surprised': 8.435498966008481e-10, 'Unknown': 3.453450199419894e-12}","As you all leave, the Huntmaster expectantly waiting for you to exit the guildhall, you find yourself out amongst the streets of Vasselheim. With no particular direction in where to find the white dragon in three days."
LAURA,00:45:08,00:45:09,Surprised,"{'Angry': 0.007081175688654184, 'Disgusted': 0.0013189016608521342, 'Fearful': 0.000601260457187891, 'Happy': 0.021307574585080147, 'Neutral': 0.059672772884368896, 'Other': 4.099923535250127e-05, 'Sad': 0.0025526282843202353, 'Surprised': 0.9073163866996765, 'Unknown': 0.00010827324877027422}",Three days?
MATT,00:45:09,00:45:10,Happy,"{'Angry': 0.0023193489760160446, 'Disgusted': 0.0065152267925441265, 'Fearful': 0.00021229749836493284, 'Happy': 0.7316884994506836, 'Neutral': 0.2502095699310303, 'Other': 0.00032408832339569926, 'Sad': 0.0028207392897456884, 'Surprised': 0.00581948459148407, 'Unknown': 9.073475666809827e-05}","Three days to slay it, yes."
SAM,00:45:10,00:45:14,Happy,"{'Angry': 1.039685866999207e-05, 'Disgusted': 1.618595706531778e-05, 'Fearful': 4.2253764149791095e-06, 'Happy': 0.9991503953933716, 'Neutral': 0.0005343689117580652, 'Other': 3.7297418202797417e-06, 'Sad': 0.00026335680740885437, 'Surprised': 6.325655249383999e-06, 'Unknown': 1.1063556485169102e-05}","Hey, Vex. Can any of us sense a dragon within six miles of here?"
LAURA,00:45:14,00:45:15,Angry,"{'Angry': 1.0, 'Disgusted': 2.25193794167744e-10, 'Fearful': 3.508002915930675e-11, 'Happy': 3.175014695599998e-10, 'Neutral': 3.8897898790857255e-10, 'Other': 7.644661813299702e-12, 'Sad': 7.84990406010877e-11, 'Surprised': 4.605672093704882e-11, 'Unknown': 4.0580112512476896e-13}",That's what I'm doing. I'm checking that out.
FELICIA,00:45:15,00:45:17,Disgusted,"{'Angry': 0.00985291600227356, 'Disgusted': 0.9885029196739197, 'Fearful': 5.6251581554533914e-05, 'Happy': 0.00034572576987557113, 'Neutral': 0.0007121036178432405, 'Other': 6.344240682665259e-05, 'Sad': 0.0003701844543684274, 'Surprised': 1.5062859347381163e-05, 'Unknown': 8.141212310874835e-05}","Oh, yes. I can cast Locate Creature too."
LAURA,00:45:17,00:45:18,Happy,"{'Angry': 0.39143335819244385, 'Disgusted': 0.04850362241268158, 'Fearful': 0.007474509067833424, 'Happy': 0.40241339802742004, 'Neutral': 0.11245939880609512, 'Other': 0.00033286158577539027, 'Sad': 0.032033905386924744, 'Surprised': 0.005116033833473921, 'Unknown': 0.0002329653943888843}","Oh, that works too."
FELICIA,00:45:18,00:45:20,Neutral,"{'Angry': 0.0014283556956797838, 'Disgusted': 0.0015907182823866606, 'Fearful': 0.0009873524541035295, 'Happy': 0.017108308151364326, 'Neutral': 0.9768635034561157, 'Other': 0.00017672656395006925, 'Sad': 0.0009922032477334142, 'Surprised': 0.0007752564270049334, 'Unknown': 7.754023681627586e-05}","Yeah, let's do it. Together."
SAM,00:45:20,00:45:23,Neutral,"{'Angry': 6.795664376113564e-05, 'Disgusted': 1.4147572073852643e-06, 'Fearful': 1.101403626080355e-07, 'Happy': 1.526843880128581e-05, 'Neutral': 0.9999111890792847, 'Other': 2.88514513613336e-07, 'Sad': 2.8306706099101575e-06, 'Surprised': 3.921444431398413e-07, 'Unknown': 4.624575637990347e-07}",Do we need some sort of-- anything for you to cast the spell?
FELICIA,00:45:23,00:45:24,Neutral,"{'Angry': 0.0694848969578743, 'Disgusted': 0.05948162451386452, 'Fearful': 0.07321282476186752, 'Happy': 0.049501728266477585, 'Neutral': 0.560204029083252, 'Other': 0.0021118097938597202, 'Sad': 0.035785041749477386, 'Surprised': 0.149576336145401, 'Unknown': 0.0006417375989258289}","Oh no, I have all of my ingredients."
SAM,00:45:24,00:45:29,Neutral,"{'Angry': 2.3649572540307418e-05, 'Disgusted': 1.632362909731455e-05, 'Fearful': 1.0363735782448202e-05, 'Happy': 7.480772183043882e-05, 'Neutral': 0.9996174573898315, 'Other': 4.149932283326052e-05, 'Sad': 7.204493158496916e-05, 'Surprised': 2.0098032109672204e-06, 'Unknown': 0.0001418076135450974}","No, but do you need to know something of what you are trying to locate? Or does it work on name alone?"
MATT,00:45:29,00:45:38,Neutral,"{'Angry': 1.6907219981682209e-12, 'Disgusted': 9.488500344592352e-14, 'Fearful': 2.646324728360766e-14, 'Happy': 1.9081223146671933e-12, 'Neutral': 1.0, 'Other': 9.437920619180008e-15, 'Sad': 6.64003747818942e-12, 'Surprised': 8.510601620138891e-13, 'Unknown': 5.246268304222139e-14}","As per the Locate Creature spell, it can only locate creatures within 1,000 feet of the ritual that is completed. But it locates them with pinpoint accuracy."
LAURA,00:45:38,00:45:45,Neutral,"{'Angry': 8.76524453019556e-08, 'Disgusted': 8.037980592234817e-08, 'Fearful': 1.1943472877362638e-08, 'Happy': 4.3473386313053197e-07, 'Neutral': 0.9999991655349731, 'Other': 3.368941037251716e-08, 'Sad': 1.0461749866408354e-07, 'Surprised': 1.9927147931753098e-08, 'Unknown': 4.266171771405425e-08}","Oh, that's great. Well then we can use it in conjunction. Because I can use Primeval Awareness and find any dragons within six miles."
FELICIA,00:45:45,00:45:46,Neutral,"{'Angry': 0.1419777274131775, 'Disgusted': 0.03566480427980423, 'Fearful': 0.0016085254028439522, 'Happy': 0.1875862032175064, 'Neutral': 0.3468206226825714, 'Other': 0.001217196579091251, 'Sad': 0.022756019607186317, 'Surprised': 0.2621743977069855, 'Unknown': 0.00019455466826912016}",Oh you are very skilled.
TRAVIS,00:45:46,00:45:50,Neutral,"{'Angry': 0.0093287518247962, 'Disgusted': 0.0014208643697202206, 'Fearful': 0.0002137559640686959, 'Happy': 0.06517186760902405, 'Neutral': 0.918184220790863, 'Other': 0.0007145967683754861, 'Sad': 0.0004493783344514668, 'Surprised': 0.0002792280283756554, 'Unknown': 0.004237351939082146}","Can I try to grow my beard, real quick?"
MARY,00:45:50,00:45:51,Angry,"{'Angry': 0.6745173335075378, 'Disgusted': 0.004378446377813816, 'Fearful': 0.0005010421737097204, 'Happy': 0.0022308439947664738, 'Neutral': 0.31368690729141235, 'Other': 7.234912482090294e-05, 'Sad': 0.00424967659637332, 'Surprised': 0.00024301005760207772, 'Unknown': 0.00012036617408739403}",You can grow a beard?
MATT,00:45:51,00:45:52,Neutral,"{'Angry': 0.022693369537591934, 'Disgusted': 0.0015210615238174796, 'Fearful': 0.00250187492929399, 'Happy': 0.007464291527867317, 'Neutral': 0.9601104855537415, 'Other': 2.5774934329092503e-05, 'Sad': 0.003863085526973009, 'Surprised': 0.0017580987187102437, 'Unknown': 6.201570067787543e-05}",Yes.
SAM,00:45:52,00:45:53,Neutral,"{'Angry': 0.0023102527484297752, 'Disgusted': 0.000480028975289315, 'Fearful': 8.74957549967803e-05, 'Happy': 0.1710411161184311, 'Neutral': 0.8254477977752686, 'Other': 5.326945029082708e-05, 'Sad': 0.00021648776601068676, 'Surprised': 0.00011676290159812197, 'Unknown': 0.00024679463240318}",Sometimes.
TALIESIN,00:45:53,00:45:54,Neutral,"{'Angry': 3.015975198650267e-05, 'Disgusted': 1.2200281162222382e-05, 'Fearful': 9.853088158706669e-07, 'Happy': 0.00032597457175143063, 'Neutral': 0.999586284160614, 'Other': 3.4934947734655e-07, 'Sad': 2.6330879336455837e-05, 'Surprised': 1.760347186063882e-05, 'Unknown': 7.913189392638742e-08}",Not really.
TRAVIS,00:45:54,00:45:55,Neutral,"{'Angry': 0.022673020139336586, 'Disgusted': 0.05580522119998932, 'Fearful': 0.000332983850967139, 'Happy': 0.021282173693180084, 'Neutral': 0.8933358192443848, 'Other': 5.2088980737607926e-05, 'Sad': 0.005750310607254505, 'Surprised': 0.0007458082982338965, 'Unknown': 2.2595510017708875e-05}",33.
SAM,00:45:55,00:45:56,Neutral,"{'Angry': 0.0002809267316479236, 'Disgusted': 0.0002642243343871087, 'Fearful': 0.00028817434213124216, 'Happy': 0.0003371619386598468, 'Neutral': 0.8825905323028564, 'Other': 7.449872100551147e-06, 'Sad': 0.1161433532834053, 'Surprised': 8.46758484840393e-05, 'Unknown': 3.4807460451702354e-06}","That's better, that's better."
MATT,00:45:56,00:46:12,Neutral,"{'Angry': 3.4396258286051307e-08, 'Disgusted': 2.7773636168682003e-10, 'Fearful': 1.7989479697555488e-11, 'Happy': 8.077206814505189e-08, 'Neutral': 0.9999998807907104, 'Other': 9.634035756656001e-12, 'Sad': 5.881296338827724e-09, 'Surprised': 4.1976105924490525e-10, 'Unknown': 2.3236898516465487e-12}","At this point, and you guys noticed it and didn't make a mention, because for some of you this was just a very dire morning. But since Grog woke up this morning he had a very, very nice coat of somewhat bristly, translucent-- not very attractive facial hair, but facial hair by definition."
LAURA,00:46:12,00:46:15,Neutral,"{'Angry': 4.923526475408835e-08, 'Disgusted': 5.0326768530339905e-08, 'Fearful': 3.187110797497894e-09, 'Happy': 9.620626997275394e-07, 'Neutral': 0.9999988079071045, 'Other': 1.1591406057220865e-08, 'Sad': 1.4287324745509977e-07, 'Surprised': 1.8392016798429722e-08, 'Unknown': 5.603099761941621e-09}",It's like fishing line coming out of his face.
TRAVIS,00:46:15,00:46:17,Happy,"{'Angry': 3.4352756750344327e-10, 'Disgusted': 1.0953344897757233e-09, 'Fearful': 1.0756860679972391e-10, 'Happy': 1.0, 'Neutral': 1.3401423970549331e-08, 'Other': 4.48938108910113e-11, 'Sad': 1.3774520413178948e-09, 'Surprised': 7.993198880562602e-10, 'Unknown': 8.64199545258515e-11}",I'm a damn pirate now. Watch out.
TALIESIN,00:46:17,00:46:22,Happy,"{'Angry': 5.3407639200031554e-08, 'Disgusted': 1.561504170410899e-08, 'Fearful': 3.0726203803510543e-09, 'Happy': 0.9999996423721313, 'Neutral': 1.7683440489690838e-07, 'Other': 2.361560058616874e-09, 'Sad': 9.143040102799205e-08, 'Surprised': 1.39236862040093e-08, 'Unknown': 1.0178896614476685e-09}",Like a 14 year old whose father doesn't love him enough to teach him how to groom himself.
TRAVIS,00:46:22,00:46:26,Happy,"{'Angry': 6.929219864559855e-08, 'Disgusted': 2.2368884344814433e-07, 'Fearful': 1.7535066376694886e-07, 'Happy': 0.9999984502792358, 'Neutral': 4.3256855519757664e-07, 'Other': 5.386311840993585e-08, 'Sad': 1.4974112616528146e-07, 'Surprised': 3.238018564388767e-07, 'Unknown': 1.5954231002979213e-07}",(laughs) Jesus... Oh. Wow.
SAM,00:46:26,00:46:27,Happy,"{'Angry': 1.3411280974651163e-07, 'Disgusted': 3.405303061754239e-07, 'Fearful': 3.019808048065897e-08, 'Happy': 0.9999918937683105, 'Neutral': 6.037575531081529e-06, 'Other': 7.644262041139882e-07, 'Sad': 5.7811668341400946e-08, 'Surprised': 1.623193810473822e-07, 'Unknown': 7.070872243275517e-07}",That's dark.
TRAVIS,00:46:27,00:46:29,Neutral,"{'Angry': 0.0008832307066768408, 'Disgusted': 0.015145514160394669, 'Fearful': 6.195480091264471e-05, 'Happy': 0.0025292448699474335, 'Neutral': 0.9787164330482483, 'Other': 0.00013351299276109785, 'Sad': 6.563594070030376e-05, 'Surprised': 0.0023009139113128185, 'Unknown': 0.00016353627142962068}",There's a story there.
LAURA,00:46:29,00:46:33,Neutral,"{'Angry': 7.760418002655811e-11, 'Disgusted': 7.425603534838565e-12, 'Fearful': 1.63747910630202e-12, 'Happy': 2.416903066571052e-10, 'Neutral': 1.0, 'Other': 4.59817134455115e-13, 'Sad': 1.4372213141822243e-10, 'Surprised': 3.5071268805753064e-11, 'Unknown': 1.7246801859924221e-12}",Percy's seen some shit.
MARY,00:46:33,00:46:35,Neutral,"{'Angry': 5.679964942828519e-07, 'Disgusted': 6.260678446778911e-07, 'Fearful': 1.4840124151760392e-07, 'Happy': 8.02269914856879e-06, 'Neutral': 0.9999853372573853, 'Other': 2.9062093176435155e-07, 'Sad': 8.642001034786517e-07, 'Surprised': 2.0751992124701246e-08, 'Unknown': 4.205219283903716e-06}",Yeah!
TALIESIN,00:46:35,00:46:37,Neutral,"{'Angry': 1.4921425645297859e-05, 'Disgusted': 0.0001224521838594228, 'Fearful': 7.65096556278877e-05, 'Happy': 0.0011466745054349303, 'Neutral': 0.995715320110321, 'Other': 3.7874484405620024e-05, 'Sad': 3.657118577393703e-05, 'Surprised': 7.498926493099134e-07, 'Unknown': 0.002848922275006771}",There's no parental issues over here. None.
LAURA,00:46:37,00:46:40,Angry,"{'Angry': 0.6043817400932312, 'Disgusted': 0.07569532096385956, 'Fearful': 0.008222420699894428, 'Happy': 0.035046037286520004, 'Neutral': 0.04979347065091133, 'Other': 0.0019161381060257554, 'Sad': 0.00403518695384264, 'Surprised': 0.0001690771314315498, 'Unknown': 0.22074061632156372}","So, can I do that then?"
MATT,00:46:40,00:46:45,Neutral,"{'Angry': 2.855057363486749e-14, 'Disgusted': 1.1636191345871204e-15, 'Fearful': 1.605326487789504e-16, 'Happy': 3.790930853194048e-14, 'Neutral': 1.0, 'Other': 3.491965852251962e-16, 'Sad': 9.821118663331033e-14, 'Surprised': 1.815300703809572e-14, 'Unknown': 8.545919222151569e-16}","You can. You, along with Trinket by your side, you find a small space--"
LAURA,00:46:45,00:46:48,Neutral,"{'Angry': 2.573562456892331e-12, 'Disgusted': 1.0638602358000598e-13, 'Fearful': 2.7411134749825636e-14, 'Happy': 3.8600754537210236e-12, 'Neutral': 1.0, 'Other': 7.339864901577311e-15, 'Sad': 7.769003322610768e-12, 'Surprised': 6.972858705364682e-13, 'Unknown': 4.497276371293914e-14}","I can't find his exact location, but I can..."
MATT,00:46:48,00:46:49,Neutral,"{'Angry': 0.033841054886579514, 'Disgusted': 0.24121959507465363, 'Fearful': 0.000353713781805709, 'Happy': 0.019165541976690292, 'Neutral': 0.6140657663345337, 'Other': 0.003908981569111347, 'Sad': 0.08082704991102219, 'Surprised': 0.005930985324084759, 'Unknown': 0.000687354477122426}",You can gather the general--
MARY,00:46:49,00:46:51,Sad,"{'Angry': 0.026177367195487022, 'Disgusted': 0.0001821448386181146, 'Fearful': 0.0001693686645012349, 'Happy': 0.002192397601902485, 'Neutral': 0.014027505181729794, 'Other': 7.292591817531502e-06, 'Sad': 0.9571649432182312, 'Surprised': 7.108338468242437e-05, 'Unknown': 8.02543854661053e-06}","How far away are we, from the wood, at this point?"
MATT,00:46:51,00:47:04,Neutral,"{'Angry': 4.754965630127117e-06, 'Disgusted': 2.6309484724151844e-07, 'Fearful': 6.619292491905071e-08, 'Happy': 0.0009804032742977142, 'Neutral': 0.9990057349205017, 'Other': 9.838400316652951e-09, 'Sad': 8.455940587737132e-06, 'Surprised': 2.5564798988853e-07, 'Unknown': 1.0519046966805945e-08}","You are still in the city of Vasselheim. You are in the Quadroads district, which is the most central portion of the city-- it's the Erathis driven area. You are about a 15 minute walk from the nearest walls that exit out into the Vesper Timberlands."
TRAVIS,00:47:04,00:47:05,Neutral,"{'Angry': 0.1189224049448967, 'Disgusted': 0.061475228518247604, 'Fearful': 0.004991783294826746, 'Happy': 0.07000304013490677, 'Neutral': 0.5353565812110901, 'Other': 0.002402067417278886, 'Sad': 0.09673117846250534, 'Surprised': 0.1094525009393692, 'Unknown': 0.0006652318988926709}",15.
FELICIA,00:47:05,00:47:08,Neutral,"{'Angry': 3.062470932491124e-05, 'Disgusted': 1.035348486766452e-05, 'Fearful': 1.552443609398324e-05, 'Happy': 0.0014935965882614255, 'Neutral': 0.9982621073722839, 'Other': 1.8010963685810566e-05, 'Sad': 3.436756014707498e-05, 'Surprised': 8.886950695341511e-07, 'Unknown': 0.0001344978518318385}",Do I know anything about where the dragon might be?
MATT,00:47:08,00:47:14,Happy,"{'Angry': 0.0803099051117897, 'Disgusted': 0.014326398260891438, 'Fearful': 0.0013050050474703312, 'Happy': 0.8404083251953125, 'Neutral': 0.012757793068885803, 'Other': 0.004989024251699448, 'Sad': 0.0007651292835362256, 'Surprised': 0.0004942166269756854, 'Unknown': 0.04464418813586235}",You have no idea. This would be one of those occasions where your best bet would be research or asking around.
TRAVIS,00:47:14,00:47:16,Neutral,"{'Angry': 0.05245961248874664, 'Disgusted': 0.16742190718650818, 'Fearful': 0.007114339619874954, 'Happy': 0.2311117947101593, 'Neutral': 0.4591672420501709, 'Other': 0.006354444194585085, 'Sad': 0.03839202597737312, 'Surprised': 0.019881775602698326, 'Unknown': 0.018096866086125374}",Dragon! Drag--!
SAM,00:47:16,00:47:18,Neutral,"{'Angry': 0.21525074541568756, 'Disgusted': 0.00022753946541342884, 'Fearful': 5.530571797862649e-06, 'Happy': 0.0007513802265748382, 'Neutral': 0.7836363911628723, 'Other': 4.555430859909393e-05, 'Sad': 4.229199112160131e-05, 'Surprised': 1.5744168194942176e-05, 'Unknown': 2.4862558348104358e-05}","No, don't do that."
LAURA,00:47:18,00:47:20,Angry,"{'Angry': 0.4419238865375519, 'Disgusted': 0.011977192014455795, 'Fearful': 0.003148785326629877, 'Happy': 0.11214351654052734, 'Neutral': 0.42031440138816833, 'Other': 0.0005320369964465499, 'Sad': 0.0021641741041094065, 'Surprised': 0.0016690291231498122, 'Unknown': 0.0061268978752195835}",So can I--?
MATT,00:47:20,00:47:41,Happy,"{'Angry': 0.0012823834549635649, 'Disgusted': 0.0007775164558552206, 'Fearful': 0.0004650885530281812, 'Happy': 0.9968339800834656, 'Neutral': 9.136266453424469e-05, 'Other': 1.6871857951628044e-05, 'Sad': 6.0568887420231476e-05, 'Surprised': 0.00045053905341774225, 'Unknown': 2.179162038373761e-05}","So, you take a moment, you ground yourself, and you place your hands on the dirt and take in the general feel of all natural creatures and unnatural beasts that you are attuned to in the vicinity. You focus on the essence of what is dragon and dragonkin, dragon kind. And find that within the six mile radius, there is nothing that catches your attention."
LAURA,00:47:41,00:47:43,Other,"{'Angry': 0.0021392209455370903, 'Disgusted': 0.009021087549626827, 'Fearful': 0.03939729183912277, 'Happy': 0.008425962179899216, 'Neutral': 0.003147898707538843, 'Other': 0.8838639855384827, 'Sad': 0.045421052724123, 'Surprised': 0.006312477868050337, 'Unknown': 0.002271024277433753}",Shit.
SAM,00:47:43,00:47:47,Happy,"{'Angry': 3.777435697571718e-09, 'Disgusted': 1.5064347991256e-08, 'Fearful': 3.266425707693088e-08, 'Happy': 0.9999998807907104, 'Neutral': 6.344078595788005e-09, 'Other': 5.524650958932398e-09, 'Sad': 3.837926598748709e-08, 'Surprised': 3.0245935533912416e-08, 'Unknown': 9.211263973796235e-10}",All right. Lyra. Lira? Lyra.
FELICIA,00:47:47,00:47:50,Surprised,"{'Angry': 0.004335206933319569, 'Disgusted': 0.03271322324872017, 'Fearful': 0.0015044600004330277, 'Happy': 0.06146776303648949, 'Neutral': 0.018941104412078857, 'Other': 0.06903526186943054, 'Sad': 0.00016587297432124615, 'Surprised': 0.7356478571891785, 'Unknown': 0.07618928700685501}",Lyra. Thank you for asking because some people just don't care.
SAM,00:47:50,00:47:57,Happy,"{'Angry': 5.56671202189829e-11, 'Disgusted': 1.4555058547305322e-10, 'Fearful': 3.222005301450892e-11, 'Happy': 1.0, 'Neutral': 2.914987140556491e-09, 'Other': 1.5540532402602558e-11, 'Sad': 4.2295414393045405e-10, 'Surprised': 9.035217712893839e-11, 'Unknown': 9.274054441066326e-11}","Yes, well I want to get it right. Who-- you've been living here for quite some time, I imagine, as a guild member."
FELICIA,00:47:57,00:48:01,Happy,"{'Angry': 6.704394309053896e-06, 'Disgusted': 1.5986871630957467e-06, 'Fearful': 2.72444111715231e-07, 'Happy': 0.9554979801177979, 'Neutral': 0.044479552656412125, 'Other': 3.795361180891632e-07, 'Sad': 1.2198640433780383e-05, 'Surprised': 4.805639264304773e-07, 'Unknown': 9.373886769026285e-07}","Well, I grew up here, with my uncle-- Uncle Randy. Do you want to meet him?"
SAM,00:48:01,00:48:11,Happy,"{'Angry': 0.0011181689333170652, 'Disgusted': 0.00036689089029096067, 'Fearful': 9.915841474139597e-06, 'Happy': 0.9980284571647644, 'Neutral': 0.00020942457194905728, 'Other': 5.591516674030572e-05, 'Sad': 1.5822743080207147e-05, 'Surprised': 1.2121389772801194e-05, 'Unknown': 0.00018324507982470095}","No. Unless he is knowledgeable about dragons. I was going to ask you where should we go to ask who might know things about the woods, about the wilds, about where dragons might keep?"
FELICIA,00:48:11,00:48:14,Happy,"{'Angry': 6.456208345717585e-10, 'Disgusted': 4.189558477918354e-09, 'Fearful': 6.982344147310471e-10, 'Happy': 0.9999998807907104, 'Neutral': 7.682022840072023e-08, 'Other': 5.9557980769398e-10, 'Sad': 4.026915689792077e-09, 'Surprised': 7.109879907041261e-10, 'Unknown': 1.6091432186726706e-08}","That's a very good question. I would say Aldor, but he will not talk to me."
SAM,00:48:14,00:48:18,Happy,"{'Angry': 3.1505260267294943e-07, 'Disgusted': 2.3851000605645822e-06, 'Fearful': 1.6018349242585828e-06, 'Happy': 0.9999613761901855, 'Neutral': 4.981287474947749e-06, 'Other': 1.4348187278301339e-06, 'Sad': 1.5853968307055766e-06, 'Surprised': 1.0699209695985701e-07, 'Unknown': 2.6214829631499015e-05}",That's unfortunate.
FELICIA,00:48:18,00:48:22,Neutral,"{'Angry': 1.2793692494295072e-10, 'Disgusted': 1.7527432630282114e-11, 'Fearful': 3.855013096937254e-12, 'Happy': 6.703287924736401e-10, 'Neutral': 1.0, 'Other': 3.526012815058266e-12, 'Sad': 4.439586198667911e-10, 'Surprised': 3.908872531210861e-11, 'Unknown': 1.3330862455585013e-11}","It is, really. Do you want to talk about it, because I could use some advice."
SAM,00:48:22,00:48:27,Neutral,"{'Angry': 1.5056943539204504e-11, 'Disgusted': 1.4016951661866006e-12, 'Fearful': 3.648180932694367e-13, 'Happy': 2.9984029148444336e-11, 'Neutral': 1.0, 'Other': 1.2662336186086004e-13, 'Sad': 4.492070257433589e-11, 'Surprised': 1.3207455962227499e-11, 'Unknown': 2.706230964148737e-13}","We can have some girl talk later, but right now, focus on the dragon."
LAURA,00:48:27,00:48:30,Neutral,"{'Angry': 9.803510003791871e-09, 'Disgusted': 1.9230437686701407e-08, 'Fearful': 2.8742158875161294e-08, 'Happy': 5.919709167301335e-08, 'Neutral': 0.9999978542327881, 'Other': 2.943008947653425e-09, 'Sad': 1.9410026652622037e-06, 'Surprised': 2.3198767351573224e-08, 'Unknown': 2.289051170834e-09}","Zahra, what about you, do you know about dragons?"
MARY,00:48:30,00:48:43,Happy,"{'Angry': 2.76594528259011e-05, 'Disgusted': 9.234953904524446e-05, 'Fearful': 8.431892638327554e-06, 'Happy': 0.9939126372337341, 'Neutral': 0.005436708219349384, 'Other': 0.00032243237365037203, 'Sad': 4.5987973862793297e-05, 'Surprised': 1.300876829191111e-05, 'Unknown': 0.00014069527969695628}","I don't know where the dragons are, but-- I'm so sorry. I do not mean to interrupt-- but I can use Beast Speech, so if we come close to anything, I could ask, potentially, to understand. Maybe get an idea, or--"
FELICIA,00:48:43,00:48:57,Neutral,"{'Angry': 6.355931948288929e-14, 'Disgusted': 2.455566301782109e-15, 'Fearful': 3.863087250042125e-16, 'Happy': 8.326653033524298e-14, 'Neutral': 1.0, 'Other': 6.235797265379851e-16, 'Sad': 2.25472811536849e-13, 'Surprised': 3.2915581745689496e-14, 'Unknown': 1.9725159056989535e-15}",There may be somebody at the Abundant Terrace who might know something about the woods and direction. That might be a good place to start. It's a section of town where they concentrate on-- yes. So we can go there.
LAURA,00:48:57,00:48:59,Neutral,"{'Angry': 2.6543678366408585e-09, 'Disgusted': 3.1160801716723086e-10, 'Fearful': 8.438028054058577e-12, 'Happy': 4.5761740352645575e-07, 'Neutral': 0.9999995231628418, 'Other': 1.102640114630793e-11, 'Sad': 9.696577762952074e-09, 'Surprised': 1.965497986589071e-09, 'Unknown': 3.182169805437951e-12}","All right, let's do that."
TRAVIS,00:48:59,00:49:02,Neutral,"{'Angry': 2.9091593023444773e-10, 'Disgusted': 2.1090174051607846e-10, 'Fearful': 5.580755649270408e-11, 'Happy': 4.3758139334215684e-09, 'Neutral': 1.0, 'Other': 2.1358883411926044e-11, 'Sad': 3.0716549304088403e-09, 'Surprised': 1.0701713959448966e-09, 'Unknown': 1.875941242623913e-11}","Let's go there. Please, god."
MATT,00:49:02,00:49:41,Neutral,"{'Angry': 5.52815781974976e-14, 'Disgusted': 2.1988894842591648e-15, 'Fearful': 3.2779089797777754e-16, 'Happy': 7.577961966698937e-14, 'Neutral': 1.0, 'Other': 5.199541392873677e-16, 'Sad': 1.7620735599799264e-13, 'Surprised': 3.1616768529424064e-14, 'Unknown': 1.617405918771179e-15}","All right, so in following Lyra towards the Abundant Terrace, which is on the western side of town. This area is very different in visual style. As soon as you approach this small hill that leads into the terrace proper, it is almost entirely farmland. In this strange, harsh environment there is something about this entire district that is structured to be the source of vegetation and crops, and to be essentially feeding a large portion of the population here. You also see there are a series of small temple towers and statues that are focused around a particular deity. I want you guys to go ahead and roll religion real fast."
LAURA,00:49:41,00:49:44,Neutral,"{'Angry': 0.0038966007996350527, 'Disgusted': 0.010922878980636597, 'Fearful': 0.000752749911043793, 'Happy': 0.019919361919164658, 'Neutral': 0.9291414022445679, 'Other': 0.00142944254912436, 'Sad': 0.005973422899842262, 'Surprised': 0.0003877625858876854, 'Unknown': 0.027576418593525887}","Roll a d20, and add your religion."
MARY,00:49:44,00:49:48,Neutral,"{'Angry': 2.491403472415499e-10, 'Disgusted': 4.3603939903213984e-12, 'Fearful': 2.0258193993843987e-12, 'Happy': 2.054080378011136e-10, 'Neutral': 1.0, 'Other': 2.1080489784330858e-13, 'Sad': 1.2133728743979333e-10, 'Surprised': 3.103682935656771e-11, 'Unknown': 3.035117296379397e-12}",Starting off well.
LAURA,00:49:48,00:49:52,Neutral,"{'Angry': 6.464560831087596e-11, 'Disgusted': 3.75667986302064e-12, 'Fearful': 2.2188626803976153e-12, 'Happy': 1.1644790687270756e-10, 'Neutral': 1.0, 'Other': 1.8930050669357934e-13, 'Sad': 1.3603600190759124e-10, 'Surprised': 1.4282871760307181e-11, 'Unknown': 5.319284075711028e-12}",Great first roll.
FELICIA,00:49:52,00:49:55,Angry,"{'Angry': 0.9163724184036255, 'Disgusted': 0.003714659484103322, 'Fearful': 0.0004248721816111356, 'Happy': 0.0029447348788380623, 'Neutral': 0.053254615515470505, 'Other': 0.004937356803566217, 'Sad': 0.0008639672887511551, 'Surprised': 2.054934884654358e-05, 'Unknown': 0.017466826364398003}",That roll is not good.
SAM,00:49:55,00:49:56,Unknown,"{'Angry': 0.18295852839946747, 'Disgusted': 0.022063210606575012, 'Fearful': 0.10440146923065186, 'Happy': 0.1649242341518402, 'Neutral': 0.10856812447309494, 'Other': 0.012227666564285755, 'Sad': 0.01570788398385048, 'Surprised': 0.011728617362678051, 'Unknown': 0.37742024660110474}",23.
TALIESIN,00:49:56,00:49:57,Neutral,"{'Angry': 3.441564558670507e-06, 'Disgusted': 2.4181952539947815e-05, 'Fearful': 4.5187783825895167e-07, 'Happy': 1.1534114491951186e-05, 'Neutral': 0.9999234676361084, 'Other': 2.076434839182184e-06, 'Sad': 1.2619925655599218e-05, 'Surprised': 2.20585243368987e-05, 'Unknown': 9.779927978570413e-08}",22.
MATT,00:49:57,00:50:56,Happy,"{'Angry': 2.1780670600435315e-09, 'Disgusted': 3.975926254895512e-09, 'Fearful': 4.729728830810132e-10, 'Happy': 1.0, 'Neutral': 1.1414693190658909e-08, 'Other': 6.542116626206962e-09, 'Sad': 4.26026947053515e-09, 'Surprised': 2.4386900832062963e-10, 'Unknown': 1.1414475586946082e-08}","Which, you know this information. But before you can even say it, as you are eager to mention, you sense that there is worship of Melora here. Melora which is considered the goddess of wilderness and the sea and is one of the five-- soon to be six if Pike's temple raises-- deities that essentially rule the belief system and lifestyle of the city of Vasselheim. So through the blessing and touch of Melora in this district they are able to treat the land as magically fertile territory to grow. You gather upon stepping inside that there's a cluster of dirty looking, but very, very cluttered and busy taverns, inns and general stores, like the entire portion of the district that isn't farmland is jammed into this one little corner. Go ahead and make an investigation check."
TRAVIS,00:50:56,00:50:59,Neutral,"{'Angry': 9.452569793211296e-05, 'Disgusted': 2.9080736567266285e-05, 'Fearful': 1.978788714041002e-05, 'Happy': 0.00017327291425317526, 'Neutral': 0.9992105960845947, 'Other': 5.317227987688966e-05, 'Sad': 0.00012227192928548902, 'Surprised': 4.144666490901727e-06, 'Unknown': 0.00029302321490831673}",Six.
FELICIA,00:50:59,00:51:00,Angry,"{'Angry': 0.5906206369400024, 'Disgusted': 0.008919955231249332, 'Fearful': 7.225132139865309e-05, 'Happy': 0.06493361294269562, 'Neutral': 0.33183732628822327, 'Other': 5.2883642638335004e-05, 'Sad': 0.0029835922177881002, 'Surprised': 0.0005675078136846423, 'Unknown': 1.2201343452034052e-05}",21.
SAM,00:51:00,00:51:01,Neutral,"{'Angry': 0.0824577659368515, 'Disgusted': 0.1816861927509308, 'Fearful': 0.002911506686359644, 'Happy': 0.06314695626497269, 'Neutral': 0.48476800322532654, 'Other': 0.0021222669165581465, 'Sad': 0.17692230641841888, 'Surprised': 0.005497475154697895, 'Unknown': 0.0004875491140410304}",22.
LAURA,00:51:01,00:51:02,Disgusted,"{'Angry': 0.04151628166437149, 'Disgusted': 0.46851712465286255, 'Fearful': 0.0010572236496955156, 'Happy': 0.007904880680143833, 'Neutral': 0.4670511782169342, 'Other': 0.00022393582912627608, 'Sad': 0.012201778590679169, 'Surprised': 0.0006881033768877387, 'Unknown': 0.000839429849293083}",20.
MATT,00:51:02,00:51:04,Neutral,"{'Angry': 0.00011083741264883429, 'Disgusted': 0.00011372800508979708, 'Fearful': 4.5958553528180346e-05, 'Happy': 0.0027046927716583014, 'Neutral': 0.9951162338256836, 'Other': 0.000156001842697151, 'Sad': 0.00021595062571577728, 'Surprised': 2.9656337119376985e-06, 'Unknown': 0.0015335847856476903}",Percy?
TALIESIN,00:51:04,00:51:05,Neutral,"{'Angry': 0.0031905416399240494, 'Disgusted': 0.025355441495776176, 'Fearful': 0.0004759935545735061, 'Happy': 0.011204827576875687, 'Neutral': 0.6175374984741211, 'Other': 8.084411092568189e-05, 'Sad': 0.0029114072676748037, 'Surprised': 0.33921536803245544, 'Unknown': 2.8129736165283248e-05}",17.
MARY,00:51:05,00:51:07,Happy,"{'Angry': 4.227116733090952e-06, 'Disgusted': 4.091123173566302e-06, 'Fearful': 1.093266405405302e-06, 'Happy': 0.9999767541885376, 'Neutral': 1.9435938156675547e-06, 'Other': 1.198378868139116e-06, 'Sad': 1.1818356142612174e-06, 'Surprised': 2.5509638845733207e-08, 'Unknown': 9.552072697260883e-06}",17.
MATT,00:51:07,00:51:54,Happy,"{'Angry': 1.1699447810542551e-07, 'Disgusted': 3.4837546536437003e-07, 'Fearful': 1.931335305016546e-07, 'Happy': 0.9999986886978149, 'Neutral': 1.2852662223394873e-07, 'Other': 1.3333871606846515e-07, 'Sad': 2.670522007974796e-07, 'Surprised': 3.860453645643247e-08, 'Unknown': 7.297278870055379e-08}","17, all right. You guys split up a bit briefly to try and find more information. One of the groups that coalesces is Vex, Scanlan, and Lyra. The three of you come upon a place called The Midnight Breath Tavern. You step inside and speak for a bit and eventually you meet the co-owner, a gentleman named Dagon, who is an older human who has what looks like a reddish, but somewhat patchy red and brown beard, a couple scars on his body, but nothing battle worn-- more just a person who has existed in this harsh landscape for a while. You guys are asking around and talking about dragons, mentioning dragons, and somebody points in his direction and says, ""Ah, dragon. You're gonna want to talk to Dagon about that. He's the one who sees dragons."""
LAURA,00:51:54,00:51:55,Neutral,"{'Angry': 1.336263153461914e-07, 'Disgusted': 4.1157978358796754e-08, 'Fearful': 5.128075297733403e-09, 'Happy': 1.575888745719567e-06, 'Neutral': 0.9999979734420776, 'Other': 3.0116114047018527e-09, 'Sad': 2.4095558615044865e-07, 'Surprised': 1.657571502278188e-08, 'Unknown': 7.307479066298583e-09}",Sees them?
SAM,00:51:55,00:51:56,Neutral,"{'Angry': 1.5375356099411874e-08, 'Disgusted': 7.097890275531427e-09, 'Fearful': 1.0376884906904138e-09, 'Happy': 4.681956795593578e-07, 'Neutral': 0.9999995231628418, 'Other': 5.579457451609926e-10, 'Sad': 2.1251826964885367e-08, 'Surprised': 2.3999844334099407e-09, 'Unknown': 9.772270770369573e-10}",Let's go.
FELICIA,00:51:56,00:51:58,Neutral,"{'Angry': 7.634342182427645e-06, 'Disgusted': 4.237300572640379e-07, 'Fearful': 1.510152998207559e-07, 'Happy': 0.00019005702051799744, 'Neutral': 0.9997923970222473, 'Other': 1.582237416641874e-07, 'Sad': 6.819209829700412e-06, 'Surprised': 2.4192977434722707e-06, 'Unknown': 2.7284055903464832e-08}",That's nice.
TRAVIS,00:51:58,00:51:59,Neutral,"{'Angry': 1.1978643669863231e-05, 'Disgusted': 7.587490836158395e-05, 'Fearful': 5.259115596345509e-07, 'Happy': 1.0317691703676246e-05, 'Neutral': 0.9997395873069763, 'Other': 1.322327989328187e-06, 'Sad': 6.142741767689586e-06, 'Surprised': 0.00015420722775161266, 'Unknown': 9.315454718716865e-08}",I walk over to Dagon--
SAM,00:51:59,00:52:01,Neutral,"{'Angry': 0.005347307305783033, 'Disgusted': 0.018267454579472542, 'Fearful': 0.0004488904378376901, 'Happy': 0.014670168049633503, 'Neutral': 0.9529197812080383, 'Other': 0.00017371847934555262, 'Sad': 0.0059096934273839, 'Surprised': 0.002080368809401989, 'Unknown': 0.00018258517957292497}","You're not with us, are you?"
TRAVIS,00:52:01,00:52:02,Neutral,"{'Angry': 2.242847813249682e-06, 'Disgusted': 1.9108236415377178e-07, 'Fearful': 5.699738458986303e-09, 'Happy': 0.0019175278721377254, 'Neutral': 0.9980770349502563, 'Other': 6.500462035319288e-08, 'Sad': 1.8653431652637664e-06, 'Surprised': 1.0276901321049081e-06, 'Unknown': 1.2980574393139932e-09}",What?
LAURA,00:52:02,00:52:03,Neutral,"{'Angry': 0.05768151581287384, 'Disgusted': 0.16662661731243134, 'Fearful': 0.0030176574364304543, 'Happy': 0.10456299781799316, 'Neutral': 0.5984072089195251, 'Other': 0.0005290580447763205, 'Sad': 0.043536461889743805, 'Surprised': 0.025409359484910965, 'Unknown': 0.0002291543351020664}",You're not with us.
TALIESIN,00:52:03,00:52:05,Neutral,"{'Angry': 5.814084147459653e-07, 'Disgusted': 1.4983827156811458e-07, 'Fearful': 3.9888355729544855e-08, 'Happy': 5.0789069064194337e-05, 'Neutral': 0.9999451637268066, 'Other': 3.36095489217314e-08, 'Sad': 8.320359938807087e-07, 'Surprised': 2.400120820311713e-06, 'Unknown': 3.7625960125353686e-09}",You're with me. We're still wandering about like idiots.
MATT,00:52:05,00:52:06,Neutral,"{'Angry': 0.06098392233252525, 'Disgusted': 0.11389880627393723, 'Fearful': 0.0011746466625481844, 'Happy': 0.20292942225933075, 'Neutral': 0.5450320839881897, 'Other': 0.0011906762374565005, 'Sad': 0.06238635256886482, 'Surprised': 0.012123544700443745, 'Unknown': 0.0002805030671879649}",You guys are wandering about.
MARY,00:52:06,00:52:07,Happy,"{'Angry': 1.726051124251171e-07, 'Disgusted': 5.248771799415408e-07, 'Fearful': 1.3979794211138596e-08, 'Happy': 0.9999890327453613, 'Neutral': 9.060752745426726e-06, 'Other': 5.171241923562775e-07, 'Sad': 7.550273295464649e-08, 'Surprised': 7.8331076736049e-08, 'Unknown': 4.6957342192399665e-07}",Are we outside?
MATT,00:52:07,00:52:10,Neutral,"{'Angry': 6.387793746398529e-06, 'Disgusted': 3.421780274948105e-05, 'Fearful': 3.682200031107641e-06, 'Happy': 0.00037137739127501845, 'Neutral': 0.9994783997535706, 'Other': 2.513367508072406e-05, 'Sad': 1.2930478987982497e-05, 'Surprised': 4.698060729424469e-05, 'Unknown': 2.1073519747005776e-05}",You guys are in the process of asking around. You'll meet up with them in just a moment.
FELICIA,00:52:10,00:52:13,Happy,"{'Angry': 6.64919862174429e-05, 'Disgusted': 8.684665772307198e-06, 'Fearful': 2.2562363710676436e-07, 'Happy': 0.998536229133606, 'Neutral': 0.0013708971673622727, 'Other': 2.4137475520547014e-06, 'Sad': 2.149064357581665e-06, 'Surprised': 1.8906401066942635e-07, 'Unknown': 1.2713305295619648e-05}","Vex, you're very attractive. Use your wiles."
LAURA,00:52:13,00:52:15,Angry,"{'Angry': 0.9932703375816345, 'Disgusted': 6.528341327793896e-05, 'Fearful': 7.864401413826272e-05, 'Happy': 0.005671537481248379, 'Neutral': 0.0006405409658327699, 'Other': 2.7294023311696947e-05, 'Sad': 0.0001465075765736401, 'Surprised': 7.763769099256024e-05, 'Unknown': 2.211153150710743e-05}","Oh, thank you."
SAM,00:52:15,00:52:18,Neutral,"{'Angry': 1.0010554885031553e-11, 'Disgusted': 9.96773735599532e-13, 'Fearful': 5.179871288840676e-13, 'Happy': 1.470893545851837e-11, 'Neutral': 1.0, 'Other': 7.054322132948182e-14, 'Sad': 5.3379873438119674e-11, 'Surprised': 1.1261869041490069e-11, 'Unknown': 1.404472241631205e-13}",Her wiles kill.
LAURA,00:52:18,00:52:21,Neutral,"{'Angry': 1.4022394356771883e-10, 'Disgusted': 4.918484716731619e-11, 'Fearful': 5.3626504278869724e-12, 'Happy': 2.506637397647893e-10, 'Neutral': 1.0, 'Other': 1.5152825175168694e-11, 'Sad': 6.255710949254478e-10, 'Surprised': 5.924163937187643e-11, 'Unknown': 1.862631576754481e-11}","Dagon, is that your name?"
MATT,00:52:21,00:52:26,Neutral,"{'Angry': 1.5748587989250495e-09, 'Disgusted': 1.7921818196153794e-10, 'Fearful': 3.7220691806449935e-11, 'Happy': 5.1686899205094505e-09, 'Neutral': 1.0, 'Other': 5.056836199779369e-11, 'Sad': 1.1911784891793786e-09, 'Surprised': 3.3544816924191423e-10, 'Unknown': 1.2817652494945264e-10}","""That's my name."" He's cleaning a glass."
LAURA,00:52:26,00:52:31,Neutral,"{'Angry': 6.782872596922118e-10, 'Disgusted': 2.0052198790310172e-10, 'Fearful': 5.609035458320477e-11, 'Happy': 1.4642665968622737e-09, 'Neutral': 1.0, 'Other': 3.51906732920515e-11, 'Sad': 1.2151798456372376e-09, 'Surprised': 6.407014502274322e-11, 'Unknown': 3.417767180380338e-10}",I've heard many things about your knowledge of dragons.
MATT,00:52:31,00:52:32,Neutral,"{'Angry': 6.749426262331326e-08, 'Disgusted': 5.651122680916387e-09, 'Fearful': 9.685040547324775e-10, 'Happy': 5.186744189700221e-08, 'Neutral': 0.9999996423721313, 'Other': 4.041472934090962e-09, 'Sad': 6.74875693107424e-08, 'Surprised': 3.266985970640235e-08, 'Unknown': 3.161699027587339e-11}","""Correct."""
LAURA,00:52:32,00:52:33,Neutral,"{'Angry': 1.4646360568804084e-08, 'Disgusted': 3.58291646351816e-10, 'Fearful': 9.341196566259313e-11, 'Happy': 3.444523954954093e-08, 'Neutral': 1.0, 'Other': 7.663640555488627e-12, 'Sad': 5.768942656914078e-08, 'Surprised': 1.303396834906323e-09, 'Unknown': 5.183936613306628e-12}",Yes.
MATT,00:52:33,00:52:35,Angry,"{'Angry': 0.9990729093551636, 'Disgusted': 0.0006850400241091847, 'Fearful': 4.117400385439396e-05, 'Happy': 4.16707516706083e-05, 'Neutral': 8.126185275614262e-05, 'Other': 6.64247318127309e-06, 'Sad': 8.205503945646342e-06, 'Surprised': 1.6598891306784935e-05, 'Unknown': 4.6412842493737116e-05}","""Y--You've seen it? You've seen the dragon?"""
LAURA,00:52:35,00:52:37,Neutral,"{'Angry': 0.018039170652627945, 'Disgusted': 0.00011109593469882384, 'Fearful': 4.20399510403513e-06, 'Happy': 0.0059971073642373085, 'Neutral': 0.9754055738449097, 'Other': 0.00015716708730906248, 'Sad': 3.194032615283504e-05, 'Surprised': 3.5571590615290916e-06, 'Unknown': 0.0002500748378224671}","I have seen dragons, and they suck."
MATT,00:52:37,00:52:41,Happy,"{'Angry': 0.1155877411365509, 'Disgusted': 0.009215121157467365, 'Fearful': 0.0021231069695204496, 'Happy': 0.33402884006500244, 'Neutral': 0.16859619319438934, 'Other': 0.2200964242219925, 'Sad': 0.004268414806574583, 'Surprised': 0.00117728381883353, 'Unknown': 0.1449069082736969}","You hear a couple of snickers down the bar and he goes, ""Shut the hell up!"""
LAURA,00:52:41,00:52:43,Neutral,"{'Angry': 8.048250310821459e-05, 'Disgusted': 0.0007377676665782928, 'Fearful': 9.342449629912153e-05, 'Happy': 0.0002138463023584336, 'Neutral': 0.9920310974121094, 'Other': 0.00027700146893039346, 'Sad': 0.0010144890984520316, 'Surprised': 6.763070246051939e-07, 'Unknown': 0.0055511039681732655}",Unless you like them. Do you like them?
MATT,00:52:43,00:53:00,Neutral,"{'Angry': 1.6292132158923778e-06, 'Disgusted': 8.376494520234701e-07, 'Fearful': 7.57946807539156e-08, 'Happy': 0.13090667128562927, 'Neutral': 0.86907958984375, 'Other': 6.4019951651062e-07, 'Sad': 9.192084689857438e-06, 'Surprised': 2.6359396088082576e-07, 'Unknown': 1.1170454854436684e-06}","""No, no one around here likes a dragon proper. At least, none that I've come across. No, I swears it. I swears it. I saw this one. I was up north, about two days' travel northwest of here via the Glasswalk Road. That's two days' travel horseback, mind you."""
LAURA,00:53:00,00:53:02,Neutral,"{'Angry': 0.2739459276199341, 'Disgusted': 0.00017662298341747373, 'Fearful': 2.9197917683632113e-05, 'Happy': 0.00043857781565748155, 'Neutral': 0.7238612174987793, 'Other': 0.00011452910985099152, 'Sad': 0.0012601111084222794, 'Surprised': 2.5841045498964377e-05, 'Unknown': 0.0001480939972680062}",The Glasswalk...? The Glasswalk... Road?
MATT,00:53:02,00:53:03,Happy,"{'Angry': 0.007328239735215902, 'Disgusted': 0.0001812310511013493, 'Fearful': 5.053776112617925e-05, 'Happy': 0.9894049763679504, 'Neutral': 0.0020764139480888844, 'Other': 3.06995352730155e-05, 'Sad': 0.0005354122840799391, 'Surprised': 0.00038807577220723033, 'Unknown': 4.405621893965872e-06}","""The Glasswalk Road, yeah."""
LAURA,00:53:03,00:53:04,Neutral,"{'Angry': 0.04442214593291283, 'Disgusted': 0.0005537498509511352, 'Fearful': 0.00029322333284653723, 'Happy': 0.07439572364091873, 'Neutral': 0.875544011592865, 'Other': 0.0003144681395497173, 'Sad': 0.002985707251355052, 'Surprised': 0.001433665631338954, 'Unknown': 5.7221190218115225e-05}","Yes, of course."
MATT,00:53:04,00:53:41,Happy,"{'Angry': 0.3498706519603729, 'Disgusted': 0.050781771540641785, 'Fearful': 0.002459817100316286, 'Happy': 0.35376888513565063, 'Neutral': 0.2006908506155014, 'Other': 0.01419722381979227, 'Sad': 0.00489356555044651, 'Surprised': 0.000637670571450144, 'Unknown': 0.02269955724477768}","""I was heading to Muldire to, you know, visit my brother and some of my family lives up in that northern area. It's freezing cold, too chilly for my tastes but-- I was going to visit and no more than two days up there, a nasty blizzard blows in out of nowhere, just starts wrecking the entire roadside, slick with ice. We decide to go ahead and make camp, me and a couple of the others who were journeying with me. We head off the road, set up a small camp, throw up some tents, and thankfully, at least within the canopy of the forest, it's easy enough to escape the barrage of the elements, but it was a very, very cold night. Our fire began to go out, and we were a little worried."""
LAURA,00:53:41,00:53:43,Happy,"{'Angry': 0.1265133023262024, 'Disgusted': 0.06361638754606247, 'Fearful': 0.022095879539847374, 'Happy': 0.4626469016075134, 'Neutral': 0.19705212116241455, 'Other': 0.0010446545202285051, 'Sad': 0.09401781111955643, 'Surprised': 0.03247307613492012, 'Unknown': 0.0005399182555265725}",And then there was a dragon?
SAM,00:53:43,00:53:44,Disgusted,"{'Angry': 0.0034269774332642555, 'Disgusted': 0.6851344108581543, 'Fearful': 0.0008315626182593405, 'Happy': 0.17775030434131622, 'Neutral': 0.01062207855284214, 'Other': 0.06530041247606277, 'Sad': 0.006158243399113417, 'Surprised': 0.05063232406973839, 'Unknown': 0.00014372738951351494}","Yeah, get to the dragon. I'm sorry."
MATT,00:53:44,00:53:46,Neutral,"{'Angry': 5.277434667050329e-08, 'Disgusted': 1.0449829090930507e-07, 'Fearful': 3.8069110530614125e-08, 'Happy': 6.787979600630933e-07, 'Neutral': 0.9999977350234985, 'Other': 7.26989028976277e-08, 'Sad': 1.089203465198807e-06, 'Surprised': 1.9202441592369723e-07, 'Unknown': 1.3242661189849514e-08}","""Hold on, let me tell my story."""
FELICIA,00:53:46,00:53:47,Neutral,"{'Angry': 3.442739664313507e-14, 'Disgusted': 1.1638720798009942e-15, 'Fearful': 1.7633347930971793e-16, 'Happy': 4.245430436779045e-14, 'Neutral': 1.0, 'Other': 3.217391387372212e-16, 'Sad': 1.1429697249418225e-13, 'Surprised': 2.1157256719153694e-14, 'Unknown': 7.824456791745351e-16}",That was very rude. I am so sorry.
SAM,00:53:47,00:53:48,Neutral,"{'Angry': 0.10883424431085587, 'Disgusted': 0.004457262344658375, 'Fearful': 0.00029669248033314943, 'Happy': 0.05081196129322052, 'Neutral': 0.822820246219635, 'Other': 1.662446084083058e-05, 'Sad': 0.010635824874043465, 'Surprised': 0.002121047116816044, 'Unknown': 6.15463522990467e-06}","I'm sorry, I'm so sorry."
MATT,00:53:48,00:53:54,Angry,"{'Angry': 0.5348990559577942, 'Disgusted': 0.0015098213916644454, 'Fearful': 0.44481751322746277, 'Happy': 0.01488979160785675, 'Neutral': 9.898048301693052e-05, 'Other': 8.70417061378248e-05, 'Sad': 0.000797053799033165, 'Surprised': 0.002757153008133173, 'Unknown': 0.000143589117215015}","""It's all right, I'm used to it."" And a voice over there says, ""Yeah, he is!"" ""You. I will kick you out. I will kick you--"""
LAURA,00:53:54,00:53:59,Happy,"{'Angry': 3.1873166790319374e-06, 'Disgusted': 1.6788595758043812e-06, 'Fearful': 1.309584331465885e-05, 'Happy': 0.9999674558639526, 'Neutral': 7.277983513631625e-07, 'Other': 5.118631065670343e-07, 'Sad': 4.893106506642653e-06, 'Surprised': 8.369007446162868e-06, 'Unknown': 1.2448005293208553e-07}",I believe that you saw a dragon and I believe that it was white because you were in a blizzard. Right? Am I right?
MATT,00:53:59,00:54:36,Neutral,"{'Angry': 2.4823600952572633e-08, 'Disgusted': 1.2927042547516976e-08, 'Fearful': 7.004112290154296e-10, 'Happy': 1.1388438991843941e-07, 'Neutral': 0.9999998807907104, 'Other': 1.3285444744326469e-08, 'Sad': 2.9046761440554292e-08, 'Surprised': 8.733038292518813e-09, 'Unknown': 4.735716263581935e-09}","""I'll get to that. Patience. Now, we're sitting there--"" And you get the feeling around you that, there's like eight other people in this tavern who are all face in their hands, like this story has probably been told dozens of times. Over and over again. ""So partway into the night, we're trying to keep warm when suddenly we hear this terrifying roar, that streaks across the sky. We could hear it over the blistering sound of the snow and sleet battered against our tent. I rush outside to take a look. Not sure what to find, but instead, I see what looks like a pack of four dire wolves converging on our camp. Large, nasty beasts--"""
LAURA,00:54:36,00:54:38,Neutral,"{'Angry': 3.593593476125534e-07, 'Disgusted': 2.3811375626792142e-07, 'Fearful': 1.0281100060183235e-07, 'Happy': 1.624963488211506e-06, 'Neutral': 0.9999966621398926, 'Other': 2.0318350379966432e-07, 'Sad': 2.99246579515966e-07, 'Surprised': 1.93235827339322e-08, 'Unknown': 6.258289317884191e-07}","Very much like a worg, if you will."
MATT,00:54:38,00:54:40,Neutral,"{'Angry': 0.0669008269906044, 'Disgusted': 0.31974926590919495, 'Fearful': 0.009513876400887966, 'Happy': 0.21518783271312714, 'Neutral': 0.34996432065963745, 'Other': 0.0020345000084489584, 'Sad': 0.028162695467472076, 'Surprised': 0.0063237957656383514, 'Unknown': 0.0021628800313919783}","""Worg-like, a little larger, yes."""
FELICIA,00:54:40,00:54:46,Neutral,"{'Angry': 3.2244489738854354e-13, 'Disgusted': 1.2089026170901667e-14, 'Fearful': 2.1995101476512654e-15, 'Happy': 4.878882129029372e-13, 'Neutral': 1.0, 'Other': 1.0387411730525373e-15, 'Sad': 9.51082853965779e-13, 'Surprised': 1.267192866480707e-13, 'Unknown': 6.121374549150583e-15}","How large? Do you want to tell-- How large proportionally would you say the...? No? Okay, keep going."
MATT,00:54:46,00:54:51,Neutral,"{'Angry': 2.1530191518515096e-10, 'Disgusted': 5.395949798092659e-10, 'Fearful': 1.4329075426200433e-10, 'Happy': 2.5190953767406654e-09, 'Neutral': 1.0, 'Other': 1.5265415320708797e-10, 'Sad': 4.2946684430944515e-08, 'Surprised': 2.3365276380360456e-10, 'Unknown': 5.2817587109510455e-11}","""Well, no. I mean, if you want to get into-- if you're talking worg versus dire wolf, worg is still pretty large. About a good three, four--"""
FELICIA,00:54:51,00:54:54,Neutral,"{'Angry': 8.067313906744839e-14, 'Disgusted': 3.059407619550227e-15, 'Fearful': 5.23640585492496e-16, 'Happy': 9.794740702100818e-14, 'Neutral': 1.0, 'Other': 6.771425431718805e-16, 'Sad': 2.83249985966183e-13, 'Surprised': 4.04347609811017e-14, 'Unknown': 2.2547299195486677e-15}","I know, I've seen one. You know what happened with me? I got into the guild because..."
TRAVIS,00:54:54,00:54:55,Disgusted,"{'Angry': 0.0076782600954174995, 'Disgusted': 0.788011908531189, 'Fearful': 0.0005301390192471445, 'Happy': 0.014292906038463116, 'Neutral': 0.1634693294763565, 'Other': 0.001981960143893957, 'Sad': 0.021183455362915993, 'Surprised': 0.002279906300827861, 'Unknown': 0.0005721506313420832}","Oh god, here we go."
LAURA,00:54:55,00:54:57,Neutral,"{'Angry': 1.8982931546118742e-11, 'Disgusted': 9.606360845682005e-13, 'Fearful': 1.6096335148010205e-13, 'Happy': 4.563872196827745e-11, 'Neutral': 1.0, 'Other': 4.1192730108018105e-14, 'Sad': 3.068869811051478e-11, 'Surprised': 4.601665402892419e-12, 'Unknown': 3.2959697254461573e-13}",Well. Actually. Dragon.
MATT,00:54:57,00:55:11,Happy,"{'Angry': 2.5945211746147834e-05, 'Disgusted': 3.498603973639547e-06, 'Fearful': 3.4664628856262425e-07, 'Happy': 0.9998779296875, 'Neutral': 7.327369530685246e-05, 'Other': 5.085547400085488e-06, 'Sad': 1.8422426819597604e-06, 'Surprised': 6.60264305452074e-08, 'Unknown': 1.1909877684956882e-05}","""So, this pack of dire wolves are converging on me. I myself am fearful, but I know that, if I'm gonna make a stand, now is the time to do it. So I reach over and draw my dagger, and prepare myself to defend--"""
LAURA,00:55:11,00:55:14,Happy,"{'Angry': 6.984542415011674e-05, 'Disgusted': 6.353508797474205e-05, 'Fearful': 1.4911338439560495e-05, 'Happy': 0.5643265247344971, 'Neutral': 0.43503519892692566, 'Other': 3.877567723975517e-05, 'Sad': 0.00011336728493915871, 'Surprised': 4.55663985121646e-06, 'Unknown': 0.0003332455235067755}","That's a giant dagger, if I've ever seen one."
MATT,00:55:14,00:55:41,Neutral,"{'Angry': 0.0001603987766429782, 'Disgusted': 0.00033622662886045873, 'Fearful': 2.6247937057632953e-05, 'Happy': 0.30157238245010376, 'Neutral': 0.6937685608863831, 'Other': 0.0010682357242330909, 'Sad': 0.0008712048875167966, 'Surprised': 0.0019361954182386398, 'Unknown': 0.00026068175793625414}","""Thank you."" He re-sheathes it, a little blush to his cheeks. ""I prepared myself to accept possible defeat at these terrifying beasts. Then a secondary roar breaks out. This time not from around, but above. Incoming, streaking out of the clouds above, I see, believe me, a dragon. Wing-span huge, claws and teeth gnashing--"""
LAURA,00:55:41,00:55:44,Neutral,"{'Angry': 4.3344942923795315e-07, 'Disgusted': 8.933852200243564e-07, 'Fearful': 6.974273105697648e-07, 'Happy': 2.3121592676034197e-06, 'Neutral': 0.999936580657959, 'Other': 2.1742289391113445e-07, 'Sad': 5.838816650793888e-05, 'Surprised': 3.0327683475661615e-07, 'Unknown': 1.524025350363445e-07}",I would never have guessed that's where that was going. White dragon?
MATT,00:55:44,00:56:05,Neutral,"{'Angry': 0.0003558566968422383, 'Disgusted': 0.0002436315844533965, 'Fearful': 4.678959612647304e-06, 'Happy': 0.0026448871940374374, 'Neutral': 0.9952974915504456, 'Other': 0.0006529769743792713, 'Sad': 0.00020838715136051178, 'Surprised': 6.2366111706069205e-06, 'Unknown': 0.000585876521654427}","""White as the snow that encased the skyline. It streaks down and snatch! Takes one of the worgs in its jaws. Lifts up the worg, screeching about angrily. It throws it into the air, and from its mouth cascades a blistering, freezing cascade of ice and sleet. The worg itself freezes in mid-air."""
LAURA,00:56:05,00:56:06,Angry,"{'Angry': 0.9999761581420898, 'Disgusted': 2.2303470359474886e-06, 'Fearful': 9.345955049866461e-07, 'Happy': 1.5700887161074206e-05, 'Neutral': 1.9229837562306784e-06, 'Other': 2.771364506770624e-07, 'Sad': 2.3825505195418373e-06, 'Surprised': 1.9505661441598932e-07, 'Unknown': 2.740255524713575e-07}",Whoa.
MATT,00:56:06,00:56:20,Happy,"{'Angry': 2.6124282612727256e-06, 'Disgusted': 9.077101822185796e-06, 'Fearful': 1.4901499980624067e-06, 'Happy': 0.999846339225769, 'Neutral': 7.300318975467235e-05, 'Other': 2.0810572095797397e-05, 'Sad': 1.538408105261624e-05, 'Surprised': 7.496261673622939e-07, 'Unknown': 3.0544728360837325e-05}","""Before it can plummet, the creature then closes its jaws, snatching down on that worg, and biting it in two. Only one fell stroke. As the pieces of ice clatter to the ground, the rest of the worgs scatter. I believe that dragon saved our lives that night."""
LAURA,00:56:20,00:56:26,Neutral,"{'Angry': 3.533551489603992e-13, 'Disgusted': 1.2362121451557715e-14, 'Fearful': 2.3053395028724017e-15, 'Happy': 4.2784691262932883e-13, 'Neutral': 1.0, 'Other': 1.0195753585550142e-15, 'Sad': 9.024238062545209e-13, 'Surprised': 1.234765734754381e-13, 'Unknown': 6.280035255116102e-15}","That's great. How did you make it back, without dying?"
MATT,00:56:26,00:56:33,Neutral,"{'Angry': 2.682990816538222e-05, 'Disgusted': 7.659748916921671e-06, 'Fearful': 3.8699857896062895e-07, 'Happy': 2.763719976428547e-06, 'Neutral': 0.9999551773071289, 'Other': 1.7418216202713666e-06, 'Sad': 3.7717288705607643e-06, 'Surprised': 2.253498792015307e-07, 'Unknown': 1.3679749599759816e-06}","""Well apparently the dragon had its fill and the dire wolves went off. So we packed up and went right on back. Never made it to Muldire."""
LAURA,00:56:33,00:56:42,Happy,"{'Angry': 0.00032391396234743297, 'Disgusted': 5.9999427321599796e-05, 'Fearful': 4.02236082663876e-06, 'Happy': 0.8276858925819397, 'Neutral': 0.17160765826702118, 'Other': 0.0001025163583108224, 'Sad': 0.00013992817548569292, 'Surprised': 6.114579718996538e-06, 'Unknown': 7.000496407272294e-05}",Did the dragon keep flying in the direction of the Glasswalk Road? Or did it go east or west? Or which way?
MATT,00:56:42,00:56:47,Neutral,"{'Angry': 2.7152171355737664e-07, 'Disgusted': 8.680292751250818e-08, 'Fearful': 1.802576043985482e-08, 'Happy': 2.41528198330343e-07, 'Neutral': 0.999998927116394, 'Other': 4.869573899668467e-08, 'Sad': 1.8072864804707933e-07, 'Surprised': 1.023066875660561e-08, 'Unknown': 2.418222777578194e-07}","""I have no idea, actually. We just ran. We turned tail and got the hell out of there as fast as we could."""
SAM,00:56:47,00:56:49,Neutral,"{'Angry': 1.3411954569164664e-07, 'Disgusted': 2.515255062007782e-07, 'Fearful': 5.187220963875916e-08, 'Happy': 5.848664386576274e-06, 'Neutral': 0.9999924898147583, 'Other': 6.005301145250996e-08, 'Sad': 8.760659966355888e-07, 'Surprised': 2.231191764678897e-08, 'Unknown': 2.3826380868285923e-07}","That was quite a story, quite a story."
FELICIA,00:56:49,00:56:50,Angry,"{'Angry': 0.9992770552635193, 'Disgusted': 4.437809911905788e-05, 'Fearful': 2.426037099212408e-05, 'Happy': 0.0003093946725130081, 'Neutral': 9.248209971701726e-05, 'Other': 3.106513395323418e-05, 'Sad': 5.18005117555731e-06, 'Surprised': 3.915933120879345e-06, 'Unknown': 0.00021244052913971245}",That was stirring.
MATT,00:56:50,00:56:52,Angry,"{'Angry': 0.759886622428894, 'Disgusted': 0.052982743829488754, 'Fearful': 0.0001192182389786467, 'Happy': 0.011053885333240032, 'Neutral': 0.15505577623844147, 'Other': 0.007313387002795935, 'Sad': 0.000829651951789856, 'Surprised': 0.00022958121553529054, 'Unknown': 0.012529128231108189}","""You believe me? You believe me on this?!"""
LAURA,00:56:52,00:56:53,Happy,"{'Angry': 0.00088471983326599, 'Disgusted': 0.004800349939614534, 'Fearful': 0.00016679240798112005, 'Happy': 0.6532601714134216, 'Neutral': 0.3367236852645874, 'Other': 0.00047456411994062364, 'Sad': 0.0014578010886907578, 'Surprised': 0.00015066773630678654, 'Unknown': 0.002081170678138733}",We believe you.
SAM,00:56:53,00:56:59,Neutral,"{'Angry': 5.565176763866475e-09, 'Disgusted': 7.043326366584779e-09, 'Fearful': 3.1802758204690917e-09, 'Happy': 2.36075393900137e-07, 'Neutral': 0.9999996423721313, 'Other': 3.833095174599066e-09, 'Sad': 1.3301117007813446e-07, 'Surprised': 2.2504180741123037e-09, 'Unknown': 8.737984558138123e-09}","Not only do we believe you, but we want to tell others of this. In fact, I'm a bit of a performer. I may write a song about your exploits."
MATT,00:56:59,00:57:00,Disgusted,"{'Angry': 0.0010814123088493943, 'Disgusted': 0.9953657388687134, 'Fearful': 8.760992386669386e-06, 'Happy': 0.0008917946252040565, 'Neutral': 0.0020651116501539946, 'Other': 9.11994866328314e-05, 'Sad': 5.953044819761999e-05, 'Surprised': 0.0004206529993098229, 'Unknown': 1.571286156831775e-05}","""Could you?"""
LAURA,00:57:00,00:57:06,Angry,"{'Angry': 0.6308208703994751, 'Disgusted': 0.0020148626063019037, 'Fearful': 0.001127209048718214, 'Happy': 0.006530944723635912, 'Neutral': 0.34849587082862854, 'Other': 0.00014558699331246316, 'Sad': 0.009988795965909958, 'Surprised': 0.00018351306789554656, 'Unknown': 0.0006923479377292097}","Actually, could I roll for perception or insight to see if he's telling the truth on everything?"
MATT,00:57:06,00:57:08,Neutral,"{'Angry': 5.490834897869945e-09, 'Disgusted': 8.431058073909981e-10, 'Fearful': 1.651772191246792e-10, 'Happy': 9.607593653981894e-08, 'Neutral': 0.9999998807907104, 'Other': 1.4988353613798466e-10, 'Sad': 1.321856313296621e-08, 'Surprised': 9.076675522301514e-10, 'Unknown': 8.078924196297521e-10}",Go ahead and roll insight.
SAM,00:57:08,00:57:12,Neutral,"{'Angry': 3.249778046665597e-08, 'Disgusted': 1.3320149427897832e-09, 'Fearful': 8.421701530592074e-11, 'Happy': 8.817530705584886e-09, 'Neutral': 1.0, 'Other': 8.682971008866502e-11, 'Sad': 3.4535740933705483e-09, 'Surprised': 4.3810394201315717e-10, 'Unknown': 2.069113214098195e-10}",Roll! Two.
LAURA,00:57:12,00:57:16,Neutral,"{'Angry': 0.0010622841073200107, 'Disgusted': 0.002288652816787362, 'Fearful': 0.00028788368217647076, 'Happy': 0.02469112165272236, 'Neutral': 0.9548931121826172, 'Other': 0.0011532217031344771, 'Sad': 0.0006115323049016297, 'Surprised': 3.513451156322844e-05, 'Unknown': 0.014977073296904564}","Oh yeah, two. No, 17."
MATT,00:57:16,00:57:17,Neutral,"{'Angry': 0.0017727568047121167, 'Disgusted': 0.0006876212428323925, 'Fearful': 1.0567014214757364e-05, 'Happy': 8.38083287817426e-05, 'Neutral': 0.9971810579299927, 'Other': 2.139238131348975e-05, 'Sad': 7.629605534020811e-05, 'Surprised': 0.00016270033665932715, 'Unknown': 3.7867653190915007e-06}",17.
LAURA,00:57:17,00:57:19,Neutral,"{'Angry': 0.011852621100842953, 'Disgusted': 0.0016569040017202497, 'Fearful': 0.0008653149707242846, 'Happy': 0.46706902980804443, 'Neutral': 0.49866870045661926, 'Other': 0.0027635733131319284, 'Sad': 0.0006618498009629548, 'Surprised': 0.00013671164924744517, 'Unknown': 0.0163252055644989}","No, is that a 17 or an 11?"
TRAVIS,00:57:19,00:57:20,Disgusted,"{'Angry': 0.3884246349334717, 'Disgusted': 0.38945990800857544, 'Fearful': 0.0011640515876933932, 'Happy': 0.03907042741775513, 'Neutral': 0.16884170472621918, 'Other': 9.94929505395703e-05, 'Sad': 0.00991477444767952, 'Surprised': 0.002940424019470811, 'Unknown': 8.455670467810705e-05}",11.
MARY,00:57:20,00:57:21,Angry,"{'Angry': 0.9999649524688721, 'Disgusted': 6.911307536938693e-06, 'Fearful': 6.251648869692872e-07, 'Happy': 2.1434412701637484e-05, 'Neutral': 2.5746437586349202e-06, 'Other': 7.883358534854779e-07, 'Sad': 1.3180076621210901e-06, 'Surprised': 3.778157804390503e-07, 'Unknown': 9.469796964367561e-07}",That's 11.
LAURA,00:57:21,00:57:22,Angry,"{'Angry': 0.6580507755279541, 'Disgusted': 0.00179761101026088, 'Fearful': 0.0010071871802210808, 'Happy': 0.007933974266052246, 'Neutral': 0.3244827091693878, 'Other': 0.00011289372923783958, 'Sad': 0.005339016672223806, 'Surprised': 0.0010927639668807387, 'Unknown': 0.00018320269009564072}",17.
MATT,00:57:22,00:57:54,Happy,"{'Angry': 7.553458303277694e-09, 'Disgusted': 3.8043253880459815e-08, 'Fearful': 2.3889827005518782e-08, 'Happy': 0.9999992847442627, 'Neutral': 8.543911178549024e-08, 'Other': 2.5087726385208953e-07, 'Sad': 3.279854468019039e-07, 'Surprised': 1.1001458410930809e-08, 'Unknown': 2.8994822542927068e-08}","17. All right. He's not the most complicated man. So, reading his intent is easier than a lot of individuals you've had to keep an eye on previously. He is eager to tell the story and is in full belief. The frustration, and the only things that detract from his child-like excitement at telling this tale, is his moments of side looking frustration to the other members of the tavern that do not take him seriously, it seems. Dagon does seem to be truthful in, at least, believing what he is saying to you."
FELICIA,00:57:54,00:58:02,Angry,"{'Angry': 0.811181366443634, 'Disgusted': 0.016332700848579407, 'Fearful': 0.00038139362004585564, 'Happy': 0.06749006360769272, 'Neutral': 0.018392961472272873, 'Other': 0.012896792963147163, 'Sad': 0.0006799721159040928, 'Surprised': 0.0001219648402184248, 'Unknown': 0.07252269983291626}","Thank you so much for your information-- I take a gold coin and I'm just like, is this enough? Yes, that's good. Thank you. So we-- we'll be going. Yeah?"
LAURA,00:58:02,00:58:07,Neutral,"{'Angry': 2.7082010245482735e-11, 'Disgusted': 1.8752245849879e-12, 'Fearful': 5.999433805650711e-13, 'Happy': 4.3157817597450077e-11, 'Neutral': 1.0, 'Other': 1.9622511623386407e-13, 'Sad': 5.046170079014978e-11, 'Surprised': 5.776385012673524e-12, 'Unknown': 1.9101031520363243e-12}",Can I perception and see how heavy that bag of gold actually looks? I just want to know.
MATT,00:58:07,00:58:09,Neutral,"{'Angry': 0.1615869402885437, 'Disgusted': 0.03508618101477623, 'Fearful': 0.0201092679053545, 'Happy': 0.013518786989152431, 'Neutral': 0.574229896068573, 'Other': 0.00592483626678586, 'Sad': 0.010873855091631413, 'Surprised': 0.00030700801289640367, 'Unknown': 0.17836317420005798}",Make a perception check.
LAURA,00:58:09,00:58:15,Neutral,"{'Angry': 1.0183369989272273e-12, 'Disgusted': 4.306187432459238e-14, 'Fearful': 9.735060624109764e-15, 'Happy': 1.4800559866232077e-12, 'Neutral': 1.0, 'Other': 2.4882865492598322e-15, 'Sad': 2.309220089452557e-12, 'Surprised': 3.796975212543019e-13, 'Unknown': 2.220456552458859e-14}","Okay, I'm going to roll the gold dice. 24."
MATT,00:58:15,00:58:31,Happy,"{'Angry': 0.0005258222809061408, 'Disgusted': 0.001163869514130056, 'Fearful': 0.00014506389561574906, 'Happy': 0.7369057536125183, 'Neutral': 0.2521263659000397, 'Other': 0.0027146190404891968, 'Sad': 0.00031582656083628535, 'Surprised': 1.75910481630126e-05, 'Unknown': 0.0060851420275866985}","24. As she reaches into the pouch-- there is a rather large, visibly bulging pouch to her side that is, in no way shape or form, even attempting to be covertly hidden."
SAM,00:58:31,00:58:36,Neutral,"{'Angry': 4.987235017323011e-12, 'Disgusted': 2.759611929161604e-13, 'Fearful': 7.601325845889642e-14, 'Happy': 9.507315074097633e-12, 'Neutral': 1.0, 'Other': 2.1745499078165177e-14, 'Sad': 1.694196345713994e-11, 'Surprised': 1.7311662086488822e-12, 'Unknown': 1.2004270190726918e-13}",She's got a Scrooge McDuck bag? (laughter)
MATT,00:58:36,00:58:38,Neutral,"{'Angry': 3.1903940822530785e-08, 'Disgusted': 1.606515098728778e-08, 'Fearful': 7.633725873645858e-10, 'Happy': 1.3631709805395076e-07, 'Neutral': 0.9999998807907104, 'Other': 3.7195813096246866e-09, 'Sad': 1.4289459393523885e-08, 'Surprised': 5.289263693697421e-09, 'Unknown': 1.2547543448704346e-08}",Seemingly.
MARY,00:58:38,00:58:43,Neutral,"{'Angry': 3.7911609979346395e-05, 'Disgusted': 0.00010990792361553758, 'Fearful': 2.8024580387864262e-05, 'Happy': 0.0017873714677989483, 'Neutral': 0.9972495436668396, 'Other': 8.209230873035267e-05, 'Sad': 6.498403672594577e-05, 'Surprised': 1.910048013087362e-05, 'Unknown': 0.0006209901766851544}",Does it make her limp? So sorry.
FELICIA,00:58:43,00:58:48,Neutral,"{'Angry': 1.9360067368690004e-11, 'Disgusted': 2.067939135902419e-12, 'Fearful': 1.0953830073892612e-12, 'Happy': 2.2811126251798264e-11, 'Neutral': 1.0, 'Other': 1.580561175646908e-13, 'Sad': 1.4110636270547872e-10, 'Surprised': 2.8627064260766666e-11, 'Unknown': 2.8225607072961123e-13}",Oh goodness. Guys. We are going to have to get some warm clothing. It seems like that. So let's go shopping.
LAURA,00:58:48,00:58:50,Neutral,"{'Angry': 3.197063733750838e-06, 'Disgusted': 3.798705847657402e-07, 'Fearful': 1.3582344138285407e-07, 'Happy': 1.7698414467304247e-06, 'Neutral': 0.9999929666519165, 'Other': 3.042387675122882e-08, 'Sad': 1.070867938324227e-06, 'Surprised': 3.991395374214335e-07, 'Unknown': 2.0276802459306964e-08}",I love this plan.
TRAVIS,00:58:50,00:58:51,Happy,"{'Angry': 0.0003300836542621255, 'Disgusted': 0.0002362577070016414, 'Fearful': 0.0001969539007404819, 'Happy': 0.9091987609863281, 'Neutral': 0.08309200406074524, 'Other': 2.3430859073414467e-05, 'Sad': 0.0011289201211184263, 'Surprised': 0.005787690635770559, 'Unknown': 5.931468422204489e-06}",Oh God.
SAM,00:58:51,00:58:52,Neutral,"{'Angry': 0.0001568654115544632, 'Disgusted': 4.033884761156514e-05, 'Fearful': 1.5633305849860335e-07, 'Happy': 1.8913815438281745e-05, 'Neutral': 0.9997281432151794, 'Other': 4.872385034104809e-06, 'Sad': 2.0042239157191943e-06, 'Surprised': 4.797767905984074e-05, 'Unknown': 6.553031539624499e-07}",Dagon. Dagon?
MATT,00:58:52,00:58:53,Neutral,"{'Angry': 0.0054435343481600285, 'Disgusted': 0.19394667446613312, 'Fearful': 0.0005865716375410557, 'Happy': 0.00775296101346612, 'Neutral': 0.4698125720024109, 'Other': 0.0712820366024971, 'Sad': 8.642592001706362e-05, 'Surprised': 0.0747978538274765, 'Unknown': 0.1762913167476654}","""It is! Dagon. Remember the name Dagon for your song."""
SAM,00:58:53,00:58:55,Neutral,"{'Angry': 5.604632757894024e-09, 'Disgusted': 2.571166168863215e-09, 'Fearful': 5.592733498538394e-10, 'Happy': 2.7365410915081156e-07, 'Neutral': 0.9999996423721313, 'Other': 7.150814385070703e-10, 'Sad': 1.1799902921438843e-07, 'Surprised': 1.379076186580619e-09, 'Unknown': 5.555914617261237e-10}",I will definitely write a song for you.
MATT,00:58:55,00:58:57,Neutral,"{'Angry': 1.2007707050898375e-09, 'Disgusted': 7.876859164923644e-10, 'Fearful': 1.25081056623344e-10, 'Happy': 2.977537505444161e-08, 'Neutral': 1.0, 'Other': 2.5951749083041875e-10, 'Sad': 6.355415305137058e-09, 'Surprised': 1.7886440939474113e-10, 'Unknown': 1.0171253839175165e-09}","""I can write it down for you."""
SAM,00:58:57,00:59:06,Neutral,"{'Angry': 9.089791697114435e-10, 'Disgusted': 8.302940973647921e-11, 'Fearful': 1.4287721179784274e-11, 'Happy': 1.8885884855990298e-08, 'Neutral': 1.0, 'Other': 2.8328255539944447e-12, 'Sad': 1.4058527675331334e-09, 'Surprised': 1.19832879730275e-10, 'Unknown': 1.4429639774715675e-11}","No, I can remember that. Will we have any trouble finding this place? Will we need a guide? Someone who's possibly been there before? Would that make the journey--"
MATT,00:59:06,00:59:15,Angry,"{'Angry': 0.6399667263031006, 'Disgusted': 0.02185841277241707, 'Fearful': 0.0023170909844338894, 'Happy': 0.05830160155892372, 'Neutral': 0.01125209778547287, 'Other': 0.0028161543887108564, 'Sad': 0.00037795252865180373, 'Surprised': 2.313494769623503e-05, 'Unknown': 0.26308685541152954}","""Oh, I ain't going back! Y'all's crazy if you're going back there. I would say just look for where the blizzard is coming from. That seemed to be the harbinger of the beast."""
LAURA,00:59:15,00:59:17,Neutral,"{'Angry': 3.6591336538549513e-06, 'Disgusted': 7.208821557469491e-07, 'Fearful': 3.1120256608119234e-05, 'Happy': 8.963326763478108e-06, 'Neutral': 0.999951958656311, 'Other': 1.8362045217656942e-10, 'Sad': 2.459715915392735e-06, 'Surprised': 9.401178999723925e-07, 'Unknown': 1.7290976472850161e-07}",Go to the blizzard.
TRAVIS,00:59:17,00:59:19,Unknown,"{'Angry': 0.002390821697190404, 'Disgusted': 0.003686880460008979, 'Fearful': 0.001767622889019549, 'Happy': 0.0061419946141541, 'Neutral': 0.2217492312192917, 'Other': 0.0013283812440931797, 'Sad': 0.00024328596191480756, 'Surprised': 4.06035667310789e-07, 'Unknown': 0.7626913785934448}","Two days on horseback, or two days walking?"
MATT,00:59:19,00:59:21,Neutral,"{'Angry': 7.252606337715406e-08, 'Disgusted': 4.1806913486652775e-08, 'Fearful': 1.4559956795778817e-08, 'Happy': 3.6917106172040803e-06, 'Neutral': 0.9999959468841553, 'Other': 4.502195505295958e-09, 'Sad': 1.5819530574390228e-07, 'Surprised': 2.7415916648010352e-08, 'Unknown': 5.175811779167816e-09}","""Two days on horseback. Up the Glasswalk."""
FELICIA,00:59:21,00:59:25,Neutral,"{'Angry': 0.0003764000430237502, 'Disgusted': 0.0012263203971087933, 'Fearful': 0.0002747541293501854, 'Happy': 0.011685979552567005, 'Neutral': 0.9736167788505554, 'Other': 0.0004548273282125592, 'Sad': 0.00022399151930585504, 'Surprised': 3.1641669920645654e-05, 'Unknown': 0.012109272181987762}","Oh my gosh, we'll have to get horses, too. Well, let's go."
LAURA,00:59:25,00:59:29,Neutral,"{'Angry': 9.987967484331728e-13, 'Disgusted': 3.511271067196779e-14, 'Fearful': 9.717696448691051e-15, 'Happy': 1.1920039608148691e-12, 'Neutral': 1.0, 'Other': 3.3741794623100285e-15, 'Sad': 3.5989191227853157e-12, 'Surprised': 3.1631804380677364e-13, 'Unknown': 2.3409478362387305e-14}",Does the guild give you money for..?
FELICIA,00:59:29,00:59:30,Neutral,"{'Angry': 2.2843567421659827e-05, 'Disgusted': 9.967640835384373e-06, 'Fearful': 1.6212201217058464e-06, 'Happy': 0.002480036113411188, 'Neutral': 0.9973000884056091, 'Other': 4.4635413360083476e-05, 'Sad': 0.00011986605386482552, 'Surprised': 2.8869994821434375e-06, 'Unknown': 1.802073893486522e-05}",Um.
MATT,00:59:30,00:59:42,Other,"{'Angry': 0.2395777404308319, 'Disgusted': 0.07544128596782684, 'Fearful': 0.0005990138743072748, 'Happy': 0.03741755336523056, 'Neutral': 0.20125043392181396, 'Other': 0.3138924539089203, 'Sad': 0.0022864097263664007, 'Surprised': 0.002295244485139847, 'Unknown': 0.12723994255065918}","As far as you know, horses are provided to full-fledged hunting members. You got the feeling, in your very, very brief preparation for this, that part of the test was to secure your own transportation."
LAURA,00:59:42,00:59:43,Neutral,"{'Angry': 0.028637100011110306, 'Disgusted': 0.00202942849136889, 'Fearful': 0.011513822712004185, 'Happy': 0.008116114884614944, 'Neutral': 0.928027868270874, 'Other': 2.8653101253439672e-05, 'Sad': 0.006459528114646673, 'Surprised': 0.0151711730286479, 'Unknown': 1.6384912669309415e-05}",Lovely.
FELICIA,00:59:43,00:59:53,Neutral,"{'Angry': 0.00012341493857093155, 'Disgusted': 0.0007374132401309907, 'Fearful': 0.00010446696251165122, 'Happy': 0.3149726688861847, 'Neutral': 0.6675208210945129, 'Other': 0.0026573357172310352, 'Sad': 0.005813888739794493, 'Surprised': 0.00011871573951793835, 'Unknown': 0.007951238192617893}","I think we are on our own. I mean, I think it's part of our perseverance to prove that we are worthy of being-- I mean I am in the guild, just to be clear."
SAM,00:59:53,00:59:54,Neutral,"{'Angry': 0.03553994372487068, 'Disgusted': 0.0321568064391613, 'Fearful': 0.0014826591359451413, 'Happy': 0.3389056921005249, 'Neutral': 0.392461895942688, 'Other': 0.00029306579381227493, 'Sad': 0.022928161546587944, 'Surprised': 0.17615914344787598, 'Unknown': 7.256356911966577e-05}",You're a member?
FELICIA,00:59:54,00:59:59,Neutral,"{'Angry': 1.6043725376002627e-11, 'Disgusted': 5.2299588271242925e-12, 'Fearful': 1.1220139400913709e-12, 'Happy': 4.193720024026071e-11, 'Neutral': 1.0, 'Other': 7.632871114673923e-13, 'Sad': 9.030863834524894e-10, 'Surprised': 8.520416143464882e-12, 'Unknown': 5.856144562332855e-13}","We are just going to have to-- Yes, I am a member. Did you hear how I got in? It is really a fascinating story."
SAM,00:59:59,01:00:00,Disgusted,"{'Angry': 0.08595847338438034, 'Disgusted': 0.6267548203468323, 'Fearful': 0.0005479706451296806, 'Happy': 0.03607134148478508, 'Neutral': 0.1541016548871994, 'Other': 0.0001015995949273929, 'Sad': 0.0928376242518425, 'Surprised': 0.0035894850734621286, 'Unknown': 3.706224015331827e-05}","No, I heard it was sort of a technicality."
FELICIA,01:00:00,01:00:01,Neutral,"{'Angry': 5.384907126426697e-05, 'Disgusted': 2.31566059483157e-06, 'Fearful': 7.963060397742083e-07, 'Happy': 0.0007568728178739548, 'Neutral': 0.9981775283813477, 'Other': 6.499781193269882e-07, 'Sad': 0.0009854001691564918, 'Surprised': 2.258738641103264e-05, 'Unknown': 1.3867731851746612e-08}","Oh, well it was but--"
SAM,01:00:01,01:00:03,Angry,"{'Angry': 0.5624352693557739, 'Disgusted': 0.022440016269683838, 'Fearful': 0.001862428500317037, 'Happy': 0.007918775081634521, 'Neutral': 0.05540991947054863, 'Other': 7.443704816978425e-05, 'Sad': 0.04781702533364296, 'Surprised': 0.3020254075527191, 'Unknown': 1.667099422775209e-05}",I can't wait to hear it.
FELICIA,01:00:03,01:00:04,Neutral,"{'Angry': 0.0067456248216331005, 'Disgusted': 0.026192832738161087, 'Fearful': 0.0006112828850746155, 'Happy': 0.0634351372718811, 'Neutral': 0.8834646344184875, 'Other': 4.129271110286936e-05, 'Sad': 0.009767220355570316, 'Surprised': 0.009711750783026218, 'Unknown': 3.0297067496576346e-05}",Maybe around the campfire!
SAM,01:00:04,01:00:05,Neutral,"{'Angry': 0.002699892269447446, 'Disgusted': 0.0011875996133312583, 'Fearful': 1.3572634088632185e-05, 'Happy': 0.00029370523407123983, 'Neutral': 0.9947919249534607, 'Other': 1.1047877706005238e-05, 'Sad': 0.0004346224304754287, 'Surprised': 0.0005631667445413768, 'Unknown': 4.50268362328643e-06}",Yes.
FELICIA,01:00:05,01:00:07,Happy,"{'Angry': 1.700078827715501e-10, 'Disgusted': 6.716879275003862e-10, 'Fearful': 2.0054800875524137e-10, 'Happy': 1.0, 'Neutral': 3.2635041335993265e-09, 'Other': 9.640548082057165e-11, 'Sad': 1.1512160114079961e-09, 'Surprised': 7.139124291732912e-10, 'Unknown': 9.420172281116024e-11}",You could sing!
SAM,01:00:07,01:00:16,Sad,"{'Angry': 4.717981312296615e-07, 'Disgusted': 5.374739657781902e-07, 'Fearful': 5.602313422059524e-07, 'Happy': 1.0298402230546344e-05, 'Neutral': 3.2102227578434395e-06, 'Other': 1.4061379260965623e-05, 'Sad': 0.9999700784683228, 'Surprised': 6.847984934665874e-08, 'Unknown': 7.476860446331557e-07}","I could, if you told me the details. You know what, I do forget a lot. Maybe you could just write them down quietly to yourself and just give me a note later."
FELICIA,01:00:16,01:00:21,Happy,"{'Angry': 0.0005629287916235626, 'Disgusted': 0.0012754767667502165, 'Fearful': 0.0010338157881051302, 'Happy': 0.7392538785934448, 'Neutral': 0.00030339969089254737, 'Other': 0.24706624448299408, 'Sad': 0.00017405441030859947, 'Surprised': 0.000736476737074554, 'Unknown': 0.00959379505366087}","Okay, as long as it's a love story between me and Aldor-- I'll tell you how to spell it. Okay! Well, let's go meet the rest of the group!"
SAM,01:00:21,01:00:22,Happy,"{'Angry': 6.685539344353231e-10, 'Disgusted': 1.618425948812785e-09, 'Fearful': 1.475415345453257e-10, 'Happy': 1.0, 'Neutral': 8.393870487566346e-09, 'Other': 9.479511620114067e-10, 'Sad': 1.1099066110631384e-09, 'Surprised': 7.878662167115635e-10, 'Unknown': 3.04682529206346e-10}","Thank you, Dagon."
LAURA,01:00:22,01:00:37,Neutral,"{'Angry': 1.3969501999611111e-08, 'Disgusted': 6.131911423068459e-09, 'Fearful': 8.799013184734861e-10, 'Happy': 6.964155909372494e-05, 'Neutral': 0.999929666519165, 'Other': 2.7078999043084195e-09, 'Sad': 5.702845555788372e-07, 'Surprised': 2.531432485852747e-08, 'Unknown': 4.696657507352597e-10}","As we're leaving, I walk up behind Lyra and I put my hand on her shoulder, and then I reach down and grab her bag of gold and I (clears throat) and look down to it and say, you might want to keep a better eye on this, darling. There are very very nasty people around."
FELICIA,01:00:37,01:00:38,Happy,"{'Angry': 0.06590330600738525, 'Disgusted': 0.01041827816516161, 'Fearful': 0.0009765445138327777, 'Happy': 0.7756074666976929, 'Neutral': 0.1381334662437439, 'Other': 0.0002568846975918859, 'Sad': 0.005416533909738064, 'Surprised': 0.003253897652029991, 'Unknown': 3.360550545039587e-05}",Oh my goodness.
SAM,01:00:38,01:00:40,Neutral,"{'Angry': 1.0228511200693902e-05, 'Disgusted': 1.0022602509707212e-05, 'Fearful': 8.17496948002372e-06, 'Happy': 0.00029724734486080706, 'Neutral': 0.9996129870414734, 'Other': 4.167485258221859e-06, 'Sad': 4.272837031749077e-06, 'Surprised': 3.0375085202649643e-07, 'Unknown': 5.2737574151251465e-05}",You're traveling with some of them.
LAURA,01:00:40,01:00:43,Unknown,"{'Angry': 0.1086941733956337, 'Disgusted': 0.029841169714927673, 'Fearful': 0.017287593334913254, 'Happy': 0.18632054328918457, 'Neutral': 0.1707407683134079, 'Other': 0.016062546521425247, 'Sad': 0.0029350125696510077, 'Surprised': 0.000639214413240552, 'Unknown': 0.4674789011478424}","I didn't take anything, I'm simply letting you know."
FELICIA,01:00:43,01:00:46,Neutral,"{'Angry': 2.554003913246561e-06, 'Disgusted': 4.679679648234014e-07, 'Fearful': 1.9518601845902595e-07, 'Happy': 1.2791471817763522e-05, 'Neutral': 0.9999746084213257, 'Other': 8.080119187070522e-07, 'Sad': 1.4146417015581392e-06, 'Surprised': 2.9803082668422576e-08, 'Unknown': 7.131187430786667e-06}",That is so nice of you! I'm going to buy you the prettiest cloak as thanks.
LAURA,01:00:46,01:00:50,Neutral,"{'Angry': 3.6573549744289835e-10, 'Disgusted': 6.645957395523538e-11, 'Fearful': 1.7499841853396703e-11, 'Happy': 1.010579619986629e-09, 'Neutral': 1.0, 'Other': 1.1027520910311672e-11, 'Sad': 1.0311446141386682e-09, 'Surprised': 5.386866647194566e-11, 'Unknown': 8.448697991214615e-11}","Thank you so much, darling. You have lovely eyes."
FELICIA,01:00:50,01:00:54,Neutral,"{'Angry': 1.2243347100593382e-06, 'Disgusted': 1.0275547310811817e-06, 'Fearful': 9.906269724524464e-07, 'Happy': 1.2586484444909729e-05, 'Neutral': 0.999967098236084, 'Other': 7.26680809748359e-07, 'Sad': 9.82291476248065e-06, 'Surprised': 4.0391391564753576e-08, 'Unknown': 6.382188985298853e-06}",Thank you! I've never had a friend before! This is so great!
LAURA,01:00:54,01:00:57,Neutral,"{'Angry': 2.091084805311283e-10, 'Disgusted': 2.9121500350060003e-11, 'Fearful': 7.374438733276367e-12, 'Happy': 7.541482993644877e-10, 'Neutral': 1.0, 'Other': 6.2507672649037005e-12, 'Sad': 7.042210703467333e-10, 'Surprised': 3.4264986681353804e-11, 'Unknown': 4.4472790033944776e-11}",Maybe when we shop you can tell me all about Aldor.
FELICIA,01:00:57,01:01:01,Neutral,"{'Angry': 6.769255833205534e-06, 'Disgusted': 3.190569941580179e-06, 'Fearful': 4.453336714504985e-06, 'Happy': 0.00010146193380933255, 'Neutral': 0.9997908473014832, 'Other': 1.7570324416738003e-05, 'Sad': 1.9880888430634513e-05, 'Surprised': 1.930072386358006e-07, 'Unknown': 5.569143468164839e-05}","Oh my gosh, he is so handsome."
MATT,01:01:01,01:01:06,Neutral,"{'Angry': 0.12532320618629456, 'Disgusted': 0.004528494086116552, 'Fearful': 8.578520646551624e-05, 'Happy': 0.0013781298184767365, 'Neutral': 0.8649003505706787, 'Other': 0.0007960892980918288, 'Sad': 0.000375005038222298, 'Surprised': 2.8302396458457224e-05, 'Unknown': 0.002584627131000161}","As you guys step out of the tavern, you walk up to the other members of your party: Zahra, Grog and Percy."
TALIESIN,01:01:06,01:01:08,Happy,"{'Angry': 5.813603274873458e-05, 'Disgusted': 7.1377246058546e-05, 'Fearful': 3.162564826197922e-05, 'Happy': 0.9996602535247803, 'Neutral': 3.4675202186917886e-05, 'Other': 1.3342039892449975e-05, 'Sad': 1.0311975529475603e-05, 'Surprised': 0.00011826476111309603, 'Unknown': 1.9974247607024154e-06}","Oh, thank god."
MARY,01:01:08,01:01:09,Happy,"{'Angry': 1.560688906465657e-05, 'Disgusted': 3.206622204743326e-05, 'Fearful': 8.644230547361076e-06, 'Happy': 0.9998860359191895, 'Neutral': 1.2982368389202747e-05, 'Other': 2.174786823161412e-05, 'Sad': 1.4651028322987258e-05, 'Surprised': 5.902886641706573e-06, 'Unknown': 2.385946345384582e-06}",What have you discovered?
SAM,01:01:09,01:01:11,Happy,"{'Angry': 0.0017389894928783178, 'Disgusted': 0.00032689605723135173, 'Fearful': 5.4050258768256754e-05, 'Happy': 0.9512425065040588, 'Neutral': 0.04619869217276573, 'Other': 2.4500153813278303e-05, 'Sad': 0.00031862917239777744, 'Surprised': 7.670766353840008e-05, 'Unknown': 1.903330303321127e-05}",Northwest. Cold.
LAURA,01:01:11,01:01:12,Angry,"{'Angry': 0.8118590712547302, 'Disgusted': 0.029929334297776222, 'Fearful': 0.015933459624648094, 'Happy': 0.06090928241610527, 'Neutral': 0.03157336264848709, 'Other': 0.005032570566982031, 'Sad': 0.02208254486322403, 'Surprised': 0.021849853917956352, 'Unknown': 0.0008304363000206649}",Blizzards.
SAM,01:01:12,01:01:13,Happy,"{'Angry': 0.24525073170661926, 'Disgusted': 0.10127368569374084, 'Fearful': 0.0029560751281678677, 'Happy': 0.506059467792511, 'Neutral': 0.13186442852020264, 'Other': 0.000592661090195179, 'Sad': 0.005286624189466238, 'Surprised': 0.006008939817547798, 'Unknown': 0.0007073583547025919}",Dragon. Blizzard.
LAURA,01:01:13,01:01:14,Angry,"{'Angry': 0.9781855344772339, 'Disgusted': 4.792274921783246e-05, 'Fearful': 0.0002347984118387103, 'Happy': 0.02042418345808983, 'Neutral': 0.0001569491723785177, 'Other': 3.3748037822078913e-05, 'Sad': 0.00036085539613850415, 'Surprised': 0.0005524801090359688, 'Unknown': 3.4680244880291866e-06}",It ices things.
SAM,01:01:14,01:01:15,Sad,"{'Angry': 0.12417293339967728, 'Disgusted': 0.1520300805568695, 'Fearful': 0.012064056470990181, 'Happy': 0.2779463529586792, 'Neutral': 0.07560023665428162, 'Other': 0.00012600111949723214, 'Sad': 0.33266299962997437, 'Surprised': 0.025322524830698967, 'Unknown': 7.476961764041334e-05}",Two days. We need horses.
MARY,01:01:15,01:01:16,Happy,"{'Angry': 0.1015114113688469, 'Disgusted': 0.006703242193907499, 'Fearful': 0.025674017146229744, 'Happy': 0.6690590977668762, 'Neutral': 0.05559799075126648, 'Other': 0.0008606414776295424, 'Sad': 0.008159132674336433, 'Surprised': 0.1323048621416092, 'Unknown': 0.00012965162750333548}",Two days?
LAURA,01:01:16,01:01:19,Neutral,"{'Angry': 0.0010415402939543128, 'Disgusted': 0.001548350672237575, 'Fearful': 0.0006488312501460314, 'Happy': 0.01071333047002554, 'Neutral': 0.9676542282104492, 'Other': 0.016040759161114693, 'Sad': 0.0003613790904637426, 'Surprised': 0.0011770011624321342, 'Unknown': 0.0008145166211761534}",We'll definitely need some sort of protection against ice attacks.
MARY,01:01:19,01:01:20,Surprised,"{'Angry': 5.4455900681205094e-05, 'Disgusted': 0.00017739950271788985, 'Fearful': 0.0021132745314389467, 'Happy': 0.003758948063477874, 'Neutral': 7.798632577760145e-05, 'Other': 0.00018076319247484207, 'Sad': 0.000586656853556633, 'Surprised': 0.9930393099784851, 'Unknown': 1.125554263126105e-05}",Right.
TRAVIS,01:01:20,01:01:25,Sad,"{'Angry': 3.541182991284586e-07, 'Disgusted': 1.3720016340812435e-06, 'Fearful': 3.1978412152966484e-05, 'Happy': 0.00012305429845582694, 'Neutral': 4.912281383440131e-06, 'Other': 8.482607518089935e-05, 'Sad': 0.9997454285621643, 'Surprised': 2.5343499601149233e-06, 'Unknown': 5.598746156465495e-06}","I have a question. I'm not good with numbers, but it's a two days' journey there? And a two days' journey back?"
LAURA,01:01:25,01:01:26,Neutral,"{'Angry': 1.5268190267647697e-08, 'Disgusted': 2.1190103893786727e-08, 'Fearful': 6.499664806369765e-09, 'Happy': 4.395253583311387e-08, 'Neutral': 0.9999995231628418, 'Other': 3.1261901956014526e-09, 'Sad': 3.0536207873410603e-07, 'Surprised': 1.9032983189504193e-08, 'Unknown': 6.816875952608825e-10}",Yeah.
TALIESIN,01:01:26,01:01:27,Neutral,"{'Angry': 0.0009513234253972769, 'Disgusted': 0.002040271880105138, 'Fearful': 0.0005477133090607822, 'Happy': 0.004012619145214558, 'Neutral': 0.8631746768951416, 'Other': 5.7573455706005916e-05, 'Sad': 0.12682202458381653, 'Surprised': 0.00238021370023489, 'Unknown': 1.3504110938811209e-05}",We do have an airship.
TRAVIS,01:01:27,01:01:29,Neutral,"{'Angry': 0.00652171578258276, 'Disgusted': 7.077216287143528e-05, 'Fearful': 1.0064533853437752e-05, 'Happy': 0.2846134901046753, 'Neutral': 0.7077824473381042, 'Other': 6.957252480788156e-06, 'Sad': 0.0008745332015678287, 'Surprised': 0.00011811259901151061, 'Unknown': 1.9550009255908662e-06}","Is that four, and we have three days to do this in?"
TALIESIN,01:01:29,01:01:30,Happy,"{'Angry': 0.022649113088846207, 'Disgusted': 0.04826054349541664, 'Fearful': 0.0005126437754370272, 'Happy': 0.5272579193115234, 'Neutral': 0.36735114455223083, 'Other': 0.000338361511239782, 'Sad': 0.022210506722331047, 'Surprised': 0.01137013453990221, 'Unknown': 4.957467535859905e-05}",Don't we have an airship?
LAURA,01:01:30,01:01:33,Neutral,"{'Angry': 2.899082755902782e-05, 'Disgusted': 1.0509850653761532e-05, 'Fearful': 5.841529400640866e-06, 'Happy': 0.001027991995215416, 'Neutral': 0.9988229870796204, 'Other': 1.6457756828458514e-06, 'Sad': 7.74518121033907e-05, 'Surprised': 2.3667807909077965e-05, 'Unknown': 8.496688224113313e-07}",How are we going to do that exactly?
TRAVIS,01:01:33,01:01:35,Happy,"{'Angry': 0.20608967542648315, 'Disgusted': 0.014896111562848091, 'Fearful': 0.04747258126735687, 'Happy': 0.6532840728759766, 'Neutral': 0.04114428162574768, 'Other': 0.0007052819710224867, 'Sad': 0.009538435377180576, 'Surprised': 0.021991539746522903, 'Unknown': 0.004878111183643341}","I mean, I'm not the brightest in the bunch, but."
MATT,01:01:35,01:01:39,Neutral,"{'Angry': 0.000581617234274745, 'Disgusted': 0.0002746868703979999, 'Fearful': 5.324987068888731e-05, 'Happy': 0.002322430955246091, 'Neutral': 0.9943132400512695, 'Other': 0.001113347476348281, 'Sad': 0.0003941571631003171, 'Surprised': 0.00017682122415862978, 'Unknown': 0.0007705033640377223}",You know that contracts are complete upon the quarry being slain.
ALL,01:01:39,01:01:41,Happy,"{'Angry': 1.5668627284526337e-08, 'Disgusted': 5.935433478043706e-09, 'Fearful': 1.6653759482565533e-09, 'Happy': 0.9999998807907104, 'Neutral': 9.359845876133477e-08, 'Other': 9.510280341018529e-10, 'Sad': 3.066299925080784e-08, 'Surprised': 1.4535152637051851e-08, 'Unknown': 1.375605462872187e-10}",Oh!
FELICIA,01:01:41,01:01:46,Happy,"{'Angry': 1.1410893757668461e-10, 'Disgusted': 2.682717936686174e-10, 'Fearful': 1.169803975908934e-10, 'Happy': 1.0, 'Neutral': 2.733305137780917e-09, 'Other': 4.713184009741411e-11, 'Sad': 1.4242923507268301e-09, 'Surprised': 4.2758321883162864e-10, 'Unknown': 5.1239741616360135e-11}",We have three days to get home. It's hard. You were reading it a little bit fast
MARY,01:01:46,01:01:48,Happy,"{'Angry': 7.307145466484144e-08, 'Disgusted': 7.41330268283491e-08, 'Fearful': 4.519499086086398e-08, 'Happy': 0.9999995231628418, 'Neutral': 5.278350201365356e-08, 'Other': 9.485805918529877e-09, 'Sad': 1.4807295656282804e-07, 'Surprised': 3.2954300621668153e-08, 'Unknown': 3.1548104129086596e-09}",Two days to get there and one day to slay it?
LAURA,01:01:48,01:01:49,Angry,"{'Angry': 0.7645996809005737, 'Disgusted': 0.0027694208547472954, 'Fearful': 0.0003388447512406856, 'Happy': 0.0017590740462765098, 'Neutral': 0.012522307224571705, 'Other': 0.0006217390182428062, 'Sad': 0.0015428238548338413, 'Surprised': 0.21582697331905365, 'Unknown': 1.9226385120418854e-05}","Thereabouts, yes."
MARY,01:01:49,01:01:50,Neutral,"{'Angry': 3.34526521328371e-05, 'Disgusted': 1.4273620763560757e-05, 'Fearful': 2.7942037377215456e-06, 'Happy': 0.00014081822882872075, 'Neutral': 0.9996733665466309, 'Other': 1.2979094208276365e-06, 'Sad': 1.4531370652548503e-05, 'Surprised': 0.00011900941899511963, 'Unknown': 4.871511691817432e-07}",Is that about it?
MATT,01:01:50,01:01:57,Neutral,"{'Angry': 1.5265765040961554e-10, 'Disgusted': 9.040953749539504e-12, 'Fearful': 2.7784627897042835e-12, 'Happy': 4.279422372022168e-10, 'Neutral': 1.0, 'Other': 7.212157845763734e-13, 'Sad': 2.6552082754705e-10, 'Surprised': 3.8747709901754135e-11, 'Unknown': 2.6942220156256358e-12}","Once the creature is actually slain, and the pieces are harvested, then the contract is completed. Then you can take your time returning."
TRAVIS,01:01:57,01:01:58,Angry,"{'Angry': 0.47692835330963135, 'Disgusted': 0.06120232120156288, 'Fearful': 0.004802327137440443, 'Happy': 0.026616761460900307, 'Neutral': 0.2751311957836151, 'Other': 0.00019516062457114458, 'Sad': 0.15318796038627625, 'Surprised': 0.0017138762632384896, 'Unknown': 0.00022210320457816124}",Thank God.
MARY,01:01:58,01:02:00,Surprised,"{'Angry': 0.0001885774836409837, 'Disgusted': 0.0022168182767927647, 'Fearful': 0.0001074255706043914, 'Happy': 0.0012508878717198968, 'Neutral': 0.000724245619494468, 'Other': 6.988708628341556e-05, 'Sad': 0.00026195176178589463, 'Surprised': 0.9951657056808472, 'Unknown': 1.46250922625768e-05}",Great. We can ride it down the mountain.
TRAVIS,01:02:00,01:02:01,Neutral,"{'Angry': 0.0012082374887540936, 'Disgusted': 0.001782314502634108, 'Fearful': 4.035451638628729e-05, 'Happy': 0.0033752850722521544, 'Neutral': 0.9886296987533569, 'Other': 7.193057535914704e-05, 'Sad': 0.0005452600307762623, 'Surprised': 0.004333887714892626, 'Unknown': 1.3120072253514081e-05}",Really?
MARY,01:02:01,01:02:02,Sad,"{'Angry': 0.2129499614238739, 'Disgusted': 0.030322350561618805, 'Fearful': 0.07422325015068054, 'Happy': 0.005361257586628199, 'Neutral': 0.019961349666118622, 'Other': 3.98849333578255e-05, 'Sad': 0.5757816433906555, 'Surprised': 0.08128932863473892, 'Unknown': 7.105954136932269e-05}",No.
SAM,01:02:02,01:02:04,Happy,"{'Angry': 1.983978654607199e-05, 'Disgusted': 2.722977842495311e-05, 'Fearful': 2.691036024771165e-05, 'Happy': 0.9992017149925232, 'Neutral': 2.0866331396973692e-05, 'Other': 0.0001364283380098641, 'Sad': 1.4932644262444228e-05, 'Surprised': 0.0004816114669665694, 'Unknown': 7.051230204524472e-05}",We need to get some horses up in this joint?
FELICIA,01:02:04,01:02:06,Unknown,"{'Angry': 0.022224102169275284, 'Disgusted': 0.039482373744249344, 'Fearful': 0.028612149879336357, 'Happy': 0.03247127681970596, 'Neutral': 0.022938791662454605, 'Other': 0.00880490429699421, 'Sad': 0.002957349643111229, 'Surprised': 0.0005320521886460483, 'Unknown': 0.841977059841156}","We need horses, we need cloaks, we need furs, wools..."
LAURA,01:02:06,01:02:14,Neutral,"{'Angry': 3.289293772468227e-06, 'Disgusted': 2.765703129625763e-06, 'Fearful': 4.020865276288532e-07, 'Happy': 0.0022012509871274233, 'Neutral': 0.9977729916572571, 'Other': 3.077436531384592e-06, 'Sad': 7.516913683502935e-06, 'Surprised': 1.2821006976082572e-06, 'Unknown': 7.246173481689766e-06}","We definitely need warm things. Actually, I have warm cloaks for the party and half of our party isn't here so we can have them."
SAM,01:02:14,01:02:18,Neutral,"{'Angry': 3.358308504175511e-06, 'Disgusted': 1.2368136594886892e-05, 'Fearful': 8.895449354895391e-07, 'Happy': 9.843830775935203e-05, 'Neutral': 0.9998144507408142, 'Other': 8.563685696572065e-06, 'Sad': 5.677892204403179e-06, 'Surprised': 4.021318318336853e-07, 'Unknown': 5.5928536312421784e-05}","Will you need some cold weather clothes, Zahra?"
MARY,01:02:18,01:02:20,Neutral,"{'Angry': 0.00015948315558489412, 'Disgusted': 0.0003225226537324488, 'Fearful': 5.466529182740487e-05, 'Happy': 0.0052460599690675735, 'Neutral': 0.9926542043685913, 'Other': 0.00047661439748480916, 'Sad': 0.00048593594692647457, 'Surprised': 5.553445953410119e-05, 'Unknown': 0.000545018701814115}","I believe, it would be nice."
SAM,01:02:20,01:02:23,Neutral,"{'Angry': 1.461671388369723e-07, 'Disgusted': 8.173687859880374e-08, 'Fearful': 1.4894705913093276e-08, 'Happy': 1.1758319487853441e-05, 'Neutral': 0.9999873638153076, 'Other': 1.6193048679724598e-08, 'Sad': 4.841089094043127e-07, 'Surprised': 2.536373067130171e-08, 'Unknown': 1.5018507326658437e-07}",And Lyra did you bring anything?
FELICIA,01:02:23,01:02:25,Happy,"{'Angry': 0.005246655084192753, 'Disgusted': 0.0007792037213221192, 'Fearful': 0.0003435216785874218, 'Happy': 0.6184119582176208, 'Neutral': 0.2210543304681778, 'Other': 5.93592703808099e-05, 'Sad': 0.0004778705770149827, 'Surprised': 0.1535889059305191, 'Unknown': 3.818218465312384e-05}",Well I can go by my uncle's house and get pretty much anything.
SAM,01:02:25,01:02:27,Neutral,"{'Angry': 0.0021061867009848356, 'Disgusted': 0.0005549075431190431, 'Fearful': 0.00011627800995483994, 'Happy': 0.03539680317044258, 'Neutral': 0.9581174850463867, 'Other': 0.000997695024125278, 'Sad': 0.0003403533482924104, 'Surprised': 4.3410156649770215e-05, 'Unknown': 0.0023268756922334433}",Yeah? Oh wait! Would he have enough for us?
FELICIA,01:02:27,01:02:32,Neutral,"{'Angry': 1.3637789508802456e-10, 'Disgusted': 2.3309000563020987e-11, 'Fearful': 3.7585789515459656e-12, 'Happy': 4.0614089868995507e-10, 'Neutral': 1.0, 'Other': 5.847263211816722e-12, 'Sad': 3.038201634719684e-10, 'Surprised': 1.5591838584128048e-11, 'Unknown': 2.710821150886389e-11}",Oh! Well goodness he's a trade ambassador to here. It's funny. We have a lot of warehouses. It's so funny.
SAM,01:02:32,01:02:34,Neutral,"{'Angry': 0.0033565941266715527, 'Disgusted': 0.01712195575237274, 'Fearful': 0.0019394572591409087, 'Happy': 0.04459965229034424, 'Neutral': 0.9048154354095459, 'Other': 0.014268288388848305, 'Sad': 0.00513436971232295, 'Surprised': 0.0053849597461521626, 'Unknown': 0.003379352390766144}",Let's go do that!
LAURA,01:02:34,01:02:37,Happy,"{'Angry': 4.865062797065889e-10, 'Disgusted': 5.946502179554614e-10, 'Fearful': 9.503674930355643e-11, 'Happy': 1.0, 'Neutral': 8.254342209745857e-10, 'Other': 6.525634893561616e-11, 'Sad': 1.6025840376965306e-10, 'Surprised': 4.1364606184757235e-10, 'Unknown': 8.270980428326524e-11}","Seriously? Wait, so does he give discounts to family members?"
FELICIA,01:02:37,01:02:43,Happy,"{'Angry': 6.483769965370811e-09, 'Disgusted': 6.640367899990451e-08, 'Fearful': 1.0721498355792392e-08, 'Happy': 0.9999982118606567, 'Neutral': 1.058034172274347e-06, 'Other': 2.5629724120790343e-08, 'Sad': 4.264459363412243e-08, 'Surprised': 4.709082901399597e-09, 'Unknown': 5.890026386623504e-07}","Oh I can just, you know. I can persuade him to-- because he's nice and--"
LAURA,01:02:43,01:02:45,Happy,"{'Angry': 2.659888593825599e-07, 'Disgusted': 8.997558325063437e-07, 'Fearful': 4.552488519493636e-07, 'Happy': 0.9999924898147583, 'Neutral': 2.819850806190516e-06, 'Other': 1.851227438010028e-07, 'Sad': 3.9533287576887233e-07, 'Surprised': 2.3456173039448913e-06, 'Unknown': 1.2823481654322677e-07}","Lyra, I think we're going to be best friends!"
SAM,01:02:45,01:02:46,Angry,"{'Angry': 0.6917235851287842, 'Disgusted': 0.11956917494535446, 'Fearful': 0.002942970721051097, 'Happy': 0.002429208718240261, 'Neutral': 0.15053574740886688, 'Other': 0.0008155645919032395, 'Sad': 0.002219642512500286, 'Surprised': 0.0001189663089462556, 'Unknown': 0.029645076021552086}",Way to bury the lede!
MARY,01:02:46,01:02:48,Neutral,"{'Angry': 1.718564135444467e-06, 'Disgusted': 3.361744347785134e-06, 'Fearful': 9.638284836910316e-07, 'Happy': 0.0005067738820798695, 'Neutral': 0.9994686245918274, 'Other': 1.9724395770026604e-06, 'Sad': 9.561697879689746e-06, 'Surprised': 1.2451854445316712e-06, 'Unknown': 5.8007126426673494e-06}","Lyra, does he have access to horses?"
FELICIA,01:02:48,01:02:49,Happy,"{'Angry': 1.4515855184527027e-10, 'Disgusted': 1.9853126087543416e-10, 'Fearful': 2.7828730986279027e-10, 'Happy': 1.0, 'Neutral': 6.23322449211372e-10, 'Other': 4.4078251465462515e-11, 'Sad': 7.723623407507318e-10, 'Surprised': 1.3271408416670738e-09, 'Unknown': 1.3727611061775669e-11}",Um. I don't--
MATT,01:02:49,01:02:57,Neutral,"{'Angry': 1.89195858979474e-09, 'Disgusted': 6.702980948070092e-10, 'Fearful': 6.73937225470489e-11, 'Happy': 4.941716369444293e-09, 'Neutral': 1.0, 'Other': 2.08161390902184e-10, 'Sad': 3.227569322916679e-09, 'Surprised': 1.8721031669333144e-10, 'Unknown': 8.809221130334777e-10}","You haven't ever had any sort of discussions with him in regards to horses. You know there are a few liveries throughout town, but you don't think you have any family ties to them directly."
FELICIA,01:02:57,01:03:02,Neutral,"{'Angry': 0.00043819984421133995, 'Disgusted': 0.0014554343651980162, 'Fearful': 0.0002197910362156108, 'Happy': 0.0011167175834998488, 'Neutral': 0.9892617464065552, 'Other': 0.00037351774517446756, 'Sad': 0.0005072018830105662, 'Surprised': 1.200117367261555e-05, 'Unknown': 0.006615329533815384}","Not directly. I mean, it's trade more than that, but I know some places."
SAM,01:03:02,01:03:04,Neutral,"{'Angry': 0.0015025355387479067, 'Disgusted': 0.06267223507165909, 'Fearful': 0.000798261258751154, 'Happy': 0.026833288371562958, 'Neutral': 0.8686771988868713, 'Other': 0.02443852461874485, 'Sad': 0.0024529858492314816, 'Surprised': 0.0011488720774650574, 'Unknown': 0.011476083658635616}",Is this your Uncle Randy?
FELICIA,01:03:04,01:03:05,Neutral,"{'Angry': 1.6545854855491704e-13, 'Disgusted': 4.656878300270421e-15, 'Fearful': 9.451967601819037e-16, 'Happy': 2.3214118344619394e-13, 'Neutral': 1.0, 'Other': 5.093005823932767e-16, 'Sad': 4.1883437365032583e-13, 'Surprised': 8.589789578412887e-14, 'Unknown': 2.2757973230127767e-15}","Uncle Randy! Yes, you know about him?"
SAM,01:03:05,01:03:08,Sad,"{'Angry': 0.11328572779893875, 'Disgusted': 0.12401808053255081, 'Fearful': 0.02626941166818142, 'Happy': 0.14483767747879028, 'Neutral': 0.04153494909405708, 'Other': 0.0001538694923510775, 'Sad': 0.5465294122695923, 'Surprised': 0.001269172178581357, 'Unknown': 0.002101684920489788}",He's legend. His legend has been sung far and wide.
FELICIA,01:03:08,01:03:15,Neutral,"{'Angry': 7.961348941210034e-11, 'Disgusted': 9.5245937872801e-12, 'Fearful': 1.9995270630207562e-12, 'Happy': 4.805880138292196e-10, 'Neutral': 1.0, 'Other': 8.653004528180741e-13, 'Sad': 1.717401221235093e-10, 'Surprised': 3.624215511033313e-11, 'Unknown': 8.258077381639861e-13}",He's so fantastic. He's so kind-hearted. He took me in when I was-- anyway we'll talk about it over fire camps!
TALIESIN,01:03:15,01:03:16,Neutral,"{'Angry': 4.021298918854832e-12, 'Disgusted': 2.1305520010988371e-13, 'Fearful': 4.5492296453335246e-14, 'Happy': 6.017131237712192e-12, 'Neutral': 1.0, 'Other': 2.5925821819233752e-14, 'Sad': 9.051081932553995e-12, 'Surprised': 2.431256801785353e-12, 'Unknown': 5.4286009552612785e-14}","Come on, everybody."
LAURA,01:03:16,01:03:19,Neutral,"{'Angry': 0.001007188344374299, 'Disgusted': 0.0006814593798480928, 'Fearful': 0.00039491121424362063, 'Happy': 0.0061289481818675995, 'Neutral': 0.9501187801361084, 'Other': 0.0011118812253698707, 'Sad': 9.762716217665002e-05, 'Surprised': 4.827641078009037e-06, 'Unknown': 0.040454357862472534}",So can we find horses in the area?
MATT,01:03:19,01:03:33,Neutral,"{'Angry': 6.559174835274462e-06, 'Disgusted': 3.3102953693742165e-06, 'Fearful': 1.288237569951889e-07, 'Happy': 1.6538113413844258e-05, 'Neutral': 0.9999474287033081, 'Other': 1.3081805718684336e-06, 'Sad': 1.9827980395348277e-06, 'Surprised': 2.2031508706277236e-05, 'Unknown': 7.514885851378494e-07}","You briefly look about and you find a livery not too far from the outskirts of this district. As you enter, the gentleman who runs it there is eager, ""Have you come to buy some horses? Well, certainly."""
SAM,01:03:33,01:03:35,Neutral,"{'Angry': 1.9025919728576923e-11, 'Disgusted': 1.2372464164300823e-12, 'Fearful': 1.7934820837652021e-13, 'Happy': 1.1873670102691136e-10, 'Neutral': 1.0, 'Other': 8.731102456695575e-14, 'Sad': 6.54443166325791e-11, 'Surprised': 6.307114552850379e-12, 'Unknown': 1.5621886922077832e-13}",Rent them. Let's rent them for a week.
MATT,01:03:35,01:03:40,Neutral,"{'Angry': 1.6717111748221214e-06, 'Disgusted': 6.63299104530779e-08, 'Fearful': 2.232610540886526e-08, 'Happy': 6.97813302394934e-05, 'Neutral': 0.9999262094497681, 'Other': 1.2885702460607718e-07, 'Sad': 1.7941737269211444e-06, 'Surprised': 1.5830822874818296e-08, 'Unknown': 3.0309902854241955e-07}","""The thing about renting is, in this area if you're riding out with horses, a lot of them don't make their way back."""
LAURA,01:03:40,01:03:43,Neutral,"{'Angry': 6.48123022983782e-05, 'Disgusted': 0.00015591614646837115, 'Fearful': 8.313712169183418e-05, 'Happy': 0.0006088817026466131, 'Neutral': 0.9868636131286621, 'Other': 0.0003249190340284258, 'Sad': 0.00015101580356713384, 'Surprised': 8.233593007389572e-07, 'Unknown': 0.01174697745591402}","How about we rent them, and if they don't make their way back we'll pay you the difference?"
SAM,01:03:43,01:03:45,Surprised,"{'Angry': 0.09797327220439911, 'Disgusted': 0.0005823983228765428, 'Fearful': 0.0002112052752636373, 'Happy': 0.0005575784598477185, 'Neutral': 0.0006908972281962633, 'Other': 0.00015149162209127098, 'Sad': 0.00042527372715994716, 'Surprised': 0.8993610143661499, 'Unknown': 4.692257061833516e-05}",We'll leave you a hefty deposit.
MATT,01:03:45,01:03:50,Neutral,"{'Angry': 0.11504319310188293, 'Disgusted': 0.012750773690640926, 'Fearful': 0.003161198692396283, 'Happy': 0.04076825827360153, 'Neutral': 0.6663088202476501, 'Other': 0.02629835344851017, 'Sad': 0.009912867099046707, 'Surprised': 0.0015699317445978522, 'Unknown': 0.12418664246797562}","""That could possibly work, yes."""
MARY,01:03:50,01:03:53,Neutral,"{'Angry': 2.532034137914252e-09, 'Disgusted': 1.4813799076307532e-09, 'Fearful': 4.0938408218949007e-10, 'Happy': 1.4839597994864562e-08, 'Neutral': 1.0, 'Other': 1.7122007978098708e-10, 'Sad': 1.0383724990958854e-08, 'Surprised': 4.770454031799432e-10, 'Unknown': 8.276713203692054e-10}",May I cast Suggestion?
LAURA,01:03:53,01:03:54,Neutral,"{'Angry': 4.342965439718682e-06, 'Disgusted': 8.553845418646233e-07, 'Fearful': 1.9173742771272373e-07, 'Happy': 8.112537216220517e-06, 'Neutral': 0.9999821186065674, 'Other': 5.4028820528628785e-08, 'Sad': 1.4259189811127726e-06, 'Surprised': 2.8772947189281695e-06, 'Unknown': 6.1080345226116606e-09}","Oh, try it. Do it!"
MARY,01:03:54,01:03:57,Neutral,"{'Angry': 1.0045595445262734e-05, 'Disgusted': 7.053286481095711e-06, 'Fearful': 7.3527530730643775e-06, 'Happy': 6.229215796338394e-05, 'Neutral': 0.9998519420623779, 'Other': 1.911750587169081e-06, 'Sad': 5.319222509569954e-06, 'Surprised': 5.2716135542141274e-05, 'Unknown': 1.3595986274594907e-06}",Are you all right? Am I all right to--
SAM,01:03:57,01:03:58,Neutral,"{'Angry': 6.500739530013178e-11, 'Disgusted': 3.178472762765949e-11, 'Fearful': 7.85667017555447e-12, 'Happy': 4.0989972527327723e-10, 'Neutral': 1.0, 'Other': 4.01396537536014e-12, 'Sad': 6.144610376068727e-10, 'Surprised': 3.5652789748263913e-11, 'Unknown': 4.159003003101347e-12}",Go for it.
MARY,01:03:58,01:04:00,Neutral,"{'Angry': 5.728537002397394e-12, 'Disgusted': 2.503494373612414e-13, 'Fearful': 4.034916999584755e-14, 'Happy': 4.603667273783696e-12, 'Neutral': 1.0, 'Other': 1.2879997395508994e-14, 'Sad': 8.573790115373736e-12, 'Surprised': 1.268274331042707e-12, 'Unknown': 6.56317177254867e-14}",I cast Suggestion.
MATT,01:04:00,01:04:16,Neutral,"{'Angry': 0.012452101334929466, 'Disgusted': 0.0018147494411095977, 'Fearful': 0.00013016203592997044, 'Happy': 0.008351696655154228, 'Neutral': 0.9639514088630676, 'Other': 0.0030454741790890694, 'Sad': 0.0003729121235664934, 'Surprised': 1.674372651905287e-05, 'Unknown': 0.009864763356745243}","Okay, so while you guys are in this conversation, you stay back and make a few symbols with your fingers, whispering under your breath, you complete the Suggestion spell. What's the DC of your spell? It should be on the top of your spell page. The top of your actual sheet that has all your things listed."
LAURA,01:04:16,01:04:18,Neutral,"{'Angry': 4.600846814639681e-09, 'Disgusted': 1.153935391684513e-09, 'Fearful': 3.7596795121608295e-10, 'Happy': 1.7193963230965892e-07, 'Neutral': 0.9999998807907104, 'Other': 2.899929463229256e-10, 'Sad': 1.439227848010205e-08, 'Surprised': 1.0822555074341267e-09, 'Unknown': 7.721928096948716e-10}",DC 17.
MATT,01:04:18,01:04:21,Neutral,"{'Angry': 2.4625360310892574e-06, 'Disgusted': 1.485020561631245e-06, 'Fearful': 4.5672084070247365e-07, 'Happy': 8.848206562106498e-06, 'Neutral': 0.999975323677063, 'Other': 6.552701847795106e-07, 'Sad': 2.513675781301572e-06, 'Surprised': 8.006277312233578e-06, 'Unknown': 2.5822330940172833e-07}",All right. What do you want to suggest?
MARY,01:04:21,01:04:33,Neutral,"{'Angry': 1.3788326214125846e-05, 'Disgusted': 3.809430381807033e-06, 'Fearful': 5.8119290713420924e-08, 'Happy': 0.0001970126759260893, 'Neutral': 0.9997695088386536, 'Other': 1.0204485079157166e-05, 'Sad': 9.018004334393481e-07, 'Surprised': 1.072410782398947e-06, 'Unknown': 3.609772647905629e-06}","You shall lend us the horses, knowing that we shall take very good care of them. We may keep them for as long as we like."
MATT,01:04:33,01:04:47,Happy,"{'Angry': 0.00011823599197668955, 'Disgusted': 0.0006917397840879858, 'Fearful': 5.416771091404371e-05, 'Happy': 0.9936777949333191, 'Neutral': 0.004316439852118492, 'Other': 0.0002128645865013823, 'Sad': 0.0005643597105517983, 'Surprised': 7.439492037519813e-05, 'Unknown': 0.00029001946677453816}","As you're having this conversation he looks over at the group and goes, ""You know what? You all look like a very trustworthy group. I wouldn't wanna breed any sort of ill will for future business."""
LAURA,01:04:47,01:04:49,Angry,"{'Angry': 0.8378111720085144, 'Disgusted': 0.10988381505012512, 'Fearful': 0.0020313740242272615, 'Happy': 0.011889019049704075, 'Neutral': 0.026336049661040306, 'Other': 0.000943613238632679, 'Sad': 0.0038124893326312304, 'Surprised': 0.0005492393393069506, 'Unknown': 0.006743243429809809}","Right. I mean, Uncle Randy after all."
MATT,01:04:49,01:04:59,Neutral,"{'Angry': 0.0032345782965421677, 'Disgusted': 0.02177496813237667, 'Fearful': 0.0009012685040943325, 'Happy': 0.10495796799659729, 'Neutral': 0.7208515405654907, 'Other': 0.07187240570783615, 'Sad': 0.0006794074433855712, 'Surprised': 0.026346152648329735, 'Unknown': 0.04938167706131935}","""Tell you what. I'll give you the horses, rental, half price. I trust you'll bring 'em back. Don't worry about any sort of deposit. I believe you're trustworthy folk."""
SAM,01:04:59,01:05:01,Happy,"{'Angry': 0.0003335201181471348, 'Disgusted': 5.986910036881454e-05, 'Fearful': 4.881322638539132e-06, 'Happy': 0.9932560920715332, 'Neutral': 0.006294314283877611, 'Other': 2.0590850908774883e-06, 'Sad': 3.7457695725606754e-05, 'Surprised': 8.402761523029767e-06, 'Unknown': 3.4404122288833605e-06}","Wow. Thank you, sir!"
LAURA,01:05:01,01:05:02,Surprised,"{'Angry': 0.14430712163448334, 'Disgusted': 0.007111384533345699, 'Fearful': 0.0007269844645634294, 'Happy': 0.06465455144643784, 'Neutral': 0.22798389196395874, 'Other': 0.00019547442207112908, 'Sad': 0.005565295927226543, 'Surprised': 0.5493745803833008, 'Unknown': 8.070486364886165e-05}",That's lovely.
MATT,01:05:02,01:05:09,Happy,"{'Angry': 0.0006189234554767609, 'Disgusted': 0.00037643208634108305, 'Fearful': 0.07548582553863525, 'Happy': 0.9179854393005371, 'Neutral': 0.00012867656187154353, 'Other': 0.0020780530758202076, 'Sad': 0.00043659997754730284, 'Surprised': 0.0015160915208980441, 'Unknown': 0.0013740429421886802}","""So for six horses, we're look for a rental price of around... Say, 50 gold for the lot, rental."""
TRAVIS,01:05:09,01:05:10,Happy,"{'Angry': 0.21053606271743774, 'Disgusted': 0.19060856103897095, 'Fearful': 0.0027829990722239017, 'Happy': 0.40944769978523254, 'Neutral': 0.16365447640419006, 'Other': 0.00012528046499937773, 'Sad': 0.00847730040550232, 'Surprised': 0.014291121624410152, 'Unknown': 7.648599421372637e-05}",Done!
LAURA,01:05:10,01:05:11,Neutral,"{'Angry': 0.0043411520309746265, 'Disgusted': 0.008164924569427967, 'Fearful': 0.0007680087583139539, 'Happy': 0.006171859800815582, 'Neutral': 0.9627446532249451, 'Other': 7.052522414596751e-05, 'Sad': 0.001701589673757553, 'Surprised': 0.015873732045292854, 'Unknown': 0.00016362129827030003}","Wait, well--"
SAM,01:05:11,01:05:14,Neutral,"{'Angry': 1.252171810683933e-09, 'Disgusted': 1.8076684593637538e-10, 'Fearful': 3.8256862955332593e-11, 'Happy': 2.6261881558298228e-09, 'Neutral': 1.0, 'Other': 1.3601466307411325e-11, 'Sad': 1.4342863563499009e-09, 'Surprised': 2.992285863534505e-10, 'Unknown': 5.7006253884051006e-11}",We can save a little if I shared a horse with you.
FELICIA,01:05:14,01:05:19,Happy,"{'Angry': 3.4030064853141084e-05, 'Disgusted': 3.0102135497145355e-05, 'Fearful': 4.027486738777952e-06, 'Happy': 0.9843283891677856, 'Neutral': 0.015031080693006516, 'Other': 0.0001103415634133853, 'Sad': 0.00013232958735898137, 'Surprised': 2.606851239761454e-06, 'Unknown': 0.00032711433595977724}","Oh. Wha-- no. No, I'd rather have my own horse. Thank you."
LAURA,01:05:19,01:05:21,Happy,"{'Angry': 0.00035464364918880165, 'Disgusted': 0.0008491279440931976, 'Fearful': 0.00018377626838628203, 'Happy': 0.9469316601753235, 'Neutral': 0.039406053721904755, 'Other': 0.0004854348080698401, 'Sad': 0.0001449900446459651, 'Surprised': 7.328311767196283e-05, 'Unknown': 0.011570988222956657}","You can ride with me, Scanlan."
SAM,01:05:21,01:05:24,Neutral,"{'Angry': 0.0006510608945973217, 'Disgusted': 0.0038126767612993717, 'Fearful': 0.0017438336508348584, 'Happy': 0.13640981912612915, 'Neutral': 0.798029363155365, 'Other': 0.0008054450154304504, 'Sad': 0.001596276299096644, 'Surprised': 3.756976002478041e-05, 'Unknown': 0.056913938373327255}","No, thanks. (laughter)"
LAURA,01:05:24,01:05:26,Neutral,"{'Angry': 3.730886817265855e-07, 'Disgusted': 3.081899890844397e-08, 'Fearful': 5.533199232132802e-09, 'Happy': 2.1053826912975637e-06, 'Neutral': 0.9999972581863403, 'Other': 7.947589253376464e-09, 'Sad': 2.1787842285903025e-07, 'Surprised': 7.821120640016943e-09, 'Unknown': 2.4179040991612055e-08}","But, Trinket--"
TRAVIS,01:05:26,01:05:28,Happy,"{'Angry': 0.02761058881878853, 'Disgusted': 0.006023839581757784, 'Fearful': 0.0015332124894484878, 'Happy': 0.5238475799560547, 'Neutral': 0.3555584251880646, 'Other': 0.06677298992872238, 'Sad': 0.006219740491360426, 'Surprised': 0.00489252433180809, 'Unknown': 0.007541110273450613}",Shut down!
LAURA,01:05:28,01:05:30,Happy,"{'Angry': 0.0006203805678524077, 'Disgusted': 0.007602417841553688, 'Fearful': 0.0009429060155525804, 'Happy': 0.913857638835907, 'Neutral': 0.04933231323957443, 'Other': 0.0001615518267499283, 'Sad': 0.0020217036362737417, 'Surprised': 0.02536776289343834, 'Unknown': 9.335904906038195e-05}",Does he ride-- is he as fast as a horse?
MATT,01:05:30,01:05:35,Neutral,"{'Angry': 2.7658322210299957e-07, 'Disgusted': 1.341340833960203e-07, 'Fearful': 2.1071111078185822e-08, 'Happy': 3.9103076687752036e-07, 'Neutral': 0.9999988079071045, 'Other': 1.2126322168626302e-08, 'Sad': 1.762170711572253e-07, 'Surprised': 2.0361379426958592e-07, 'Unknown': 8.518031613391486e-09}",(chuckles) Trinket would probably be struggling to keep up with you guys.
LAURA,01:05:35,01:05:36,Disgusted,"{'Angry': 0.11656136810779572, 'Disgusted': 0.6235905885696411, 'Fearful': 0.011976444162428379, 'Happy': 0.10019957274198532, 'Neutral': 0.030207457020878792, 'Other': 0.012192264199256897, 'Sad': 0.027898617088794708, 'Surprised': 0.07684913277626038, 'Unknown': 0.0005245617940090597}","Well, how--"
SAM,01:05:36,01:05:37,Neutral,"{'Angry': 0.34615859389305115, 'Disgusted': 0.058867815881967545, 'Fearful': 0.0034844561014324427, 'Happy': 0.09304648637771606, 'Neutral': 0.43028751015663147, 'Other': 0.0002356596087338403, 'Sad': 0.055681195110082626, 'Surprised': 0.012154239229857922, 'Unknown': 8.395744953304529e-05}",Should we leave Trinket?
LAURA,01:05:37,01:05:38,Happy,"{'Angry': 0.0009881150908768177, 'Disgusted': 0.0012074722908437252, 'Fearful': 0.0003823302104137838, 'Happy': 0.7466651797294617, 'Neutral': 0.21865931153297424, 'Other': 5.4333522712113336e-05, 'Sad': 0.0018338292138651013, 'Surprised': 0.030187614262104034, 'Unknown': 2.1755175112048164e-05}",No!
SAM,01:05:38,01:05:39,Neutral,"{'Angry': 0.22728078067302704, 'Disgusted': 0.05397314205765724, 'Fearful': 0.09277903288602829, 'Happy': 0.0707983523607254, 'Neutral': 0.340648889541626, 'Other': 0.00036693402216769755, 'Sad': 0.1446860134601593, 'Surprised': 0.06923636049032211, 'Unknown': 0.00023051751486491412}",I always want to leave Trinket!
LAURA,01:05:39,01:05:41,Neutral,"{'Angry': 6.548459168698173e-06, 'Disgusted': 5.928210612182738e-06, 'Fearful': 3.22113942274882e-06, 'Happy': 8.42500667204149e-05, 'Neutral': 0.9998449087142944, 'Other': 4.176028141955612e-06, 'Sad': 6.5221020122407936e-06, 'Surprised': 5.78151684749173e-07, 'Unknown': 4.384576095617376e-05}",Why do you always wanna leave my wonderful bear?!
SAM,01:05:41,01:05:44,Unknown,"{'Angry': 0.0032426039688289165, 'Disgusted': 0.012211874127388, 'Fearful': 0.005494565702974796, 'Happy': 0.06397739797830582, 'Neutral': 0.26552680134773254, 'Other': 0.0029939005617052317, 'Sad': 0.000610032060649246, 'Surprised': 5.202028478379361e-05, 'Unknown': 0.6458908319473267}",Because he only almost dies every time.
LAURA,01:05:44,01:05:48,Neutral,"{'Angry': 2.937716259490686e-12, 'Disgusted': 1.346226054894581e-13, 'Fearful': 3.425696006162035e-14, 'Happy': 3.625734478276965e-12, 'Neutral': 1.0, 'Other': 1.0406614602714338e-14, 'Sad': 7.768396169394176e-12, 'Surprised': 9.572212814057401e-13, 'Unknown': 8.057257253968678e-14}","I know, he almost dies every time I put him in battle. It's ridiculous."
FELICIA,01:05:48,01:05:50,Angry,"{'Angry': 0.7227805256843567, 'Disgusted': 0.0061579435132443905, 'Fearful': 0.0014122551074251533, 'Happy': 0.013473598286509514, 'Neutral': 0.14979270100593567, 'Other': 0.00011772815923905, 'Sad': 0.10530204325914383, 'Surprised': 0.0007729107746854424, 'Unknown': 0.0001902093063108623}","I think he's adorable, and it would be really nice to have him along."
LAURA,01:05:50,01:05:51,Neutral,"{'Angry': 5.073700322100194e-06, 'Disgusted': 8.96271740202792e-06, 'Fearful': 1.9544968381524086e-06, 'Happy': 0.0008503313874825835, 'Neutral': 0.9990328550338745, 'Other': 7.545720291091129e-05, 'Sad': 1.3253897122922353e-05, 'Surprised': 6.306618161033839e-06, 'Unknown': 5.791098828922259e-06}","He is adorable, isn't he?"
FELICIA,01:05:51,01:05:56,Happy,"{'Angry': 0.0002164453617297113, 'Disgusted': 0.001646952354349196, 'Fearful': 0.0014857123605906963, 'Happy': 0.7812235355377197, 'Neutral': 0.11227842420339584, 'Other': 0.0012280463706701994, 'Sad': 0.003434000303968787, 'Surprised': 3.526462023728527e-05, 'Unknown': 0.09845160692930222}","You guys, it's so beautiful to see the friendship that you have. If I had that with another person-- say, Aldor-- it would be--"
SAM,01:05:56,01:05:57,Angry,"{'Angry': 0.9647197723388672, 'Disgusted': 4.365526183391921e-05, 'Fearful': 9.47542503126897e-06, 'Happy': 0.034755971282720566, 'Neutral': 0.0002877238439396024, 'Other': 1.668243385211099e-05, 'Sad': 9.655425674282014e-05, 'Surprised': 5.379540380090475e-05, 'Unknown': 1.632793828321155e-05}",Aldor is--
TRAVIS,01:05:57,01:06:01,Neutral,"{'Angry': 6.651900548604317e-06, 'Disgusted': 2.7484084057505243e-06, 'Fearful': 2.618454573166673e-07, 'Happy': 0.008070540614426136, 'Neutral': 0.9918930530548096, 'Other': 5.419811714091338e-06, 'Sad': 1.5141900803428143e-05, 'Surprised': 3.406534290206764e-07, 'Unknown': 5.8980135690944735e-06}",Oh God. Do you have any Clydesdales or giant horses for me?
TALIESIN,01:06:01,01:06:03,Neutral,"{'Angry': 7.385073108601148e-10, 'Disgusted': 4.5197273007557826e-11, 'Fearful': 4.314380450121114e-12, 'Happy': 3.073549237342377e-08, 'Neutral': 1.0, 'Other': 6.044458553469689e-13, 'Sad': 1.275515248977399e-09, 'Surprised': 1.9517838734106618e-10, 'Unknown': 8.016500332476417e-13}","Have you thought of getting a cat, by any chance?"
FELICIA,01:06:03,01:06:04,Neutral,"{'Angry': 4.5182758185546845e-05, 'Disgusted': 4.721370260085678e-06, 'Fearful': 1.7549146491546708e-07, 'Happy': 0.3121291399002075, 'Neutral': 0.6877188086509705, 'Other': 3.1019848734104016e-07, 'Sad': 9.411706560058519e-05, 'Surprised': 7.644473953405395e-06, 'Unknown': 2.4720675284584104e-08}",Hm?
TALIESIN,01:06:04,01:06:05,Neutral,"{'Angry': 3.7940224046906224e-06, 'Disgusted': 2.634592192407581e-06, 'Fearful': 3.476247059097659e-07, 'Happy': 1.0524337085371371e-05, 'Neutral': 0.999971866607666, 'Other': 2.8554933351188083e-07, 'Sad': 9.787221642909572e-06, 'Surprised': 5.752949618909042e-07, 'Unknown': 1.4183763141772943e-07}",Just a suggestion. I don't know.
MATT,01:06:05,01:06:11,Happy,"{'Angry': 3.82896603312588e-10, 'Disgusted': 9.767933129012363e-10, 'Fearful': 1.8309662119797565e-10, 'Happy': 1.0, 'Neutral': 3.928915859319204e-09, 'Other': 1.7084883507934023e-10, 'Sad': 9.572903580945535e-10, 'Surprised': 2.3028361162413802e-10, 'Unknown': 7.135095292376548e-10}","""I think we could... probably facilitate. I can't say that it'll have much of a shelf life, depending on how much you ride it, but--"""
TRAVIS,01:06:11,01:06:13,Neutral,"{'Angry': 0.00010870164987863973, 'Disgusted': 3.13113268930465e-05, 'Fearful': 1.3402823242358863e-05, 'Happy': 0.09821545332670212, 'Neutral': 0.9012346267700195, 'Other': 3.625353201641701e-05, 'Sad': 0.00014460741658695042, 'Surprised': 0.00019158265786245465, 'Unknown': 2.4109420337481424e-05}",That's what people say about me. That's fine.
MATT,01:06:13,01:06:22,Neutral,"{'Angry': 1.3440440600753778e-11, 'Disgusted': 5.397475543768293e-13, 'Fearful': 1.9998656593592234e-13, 'Happy': 1.3879548552142573e-11, 'Neutral': 1.0, 'Other': 3.137617390295416e-14, 'Sad': 2.0027382530152238e-11, 'Surprised': 4.20822101124263e-12, 'Unknown': 3.6574400192473933e-13}","He pulls out a very, very nice looking warhorse that looks like it's designed to carry very heavy soldiers. Still unproven as to whether or not it will be able to carry you, but we shall see."
TRAVIS,01:06:22,01:06:23,Neutral,"{'Angry': 0.004925855435431004, 'Disgusted': 0.005095428787171841, 'Fearful': 0.0011355418246239424, 'Happy': 0.04749457910656929, 'Neutral': 0.9327595829963684, 'Other': 0.0001861899218056351, 'Sad': 0.007063556462526321, 'Surprised': 0.0003840834251604974, 'Unknown': 0.0009551575058139861}",Yeah!
MATT,01:06:23,01:06:26,Angry,"{'Angry': 0.3007430136203766, 'Disgusted': 0.1387840211391449, 'Fearful': 0.025392791256308556, 'Happy': 0.09832728654146194, 'Neutral': 0.10265351831912994, 'Other': 0.23979568481445312, 'Sad': 0.03467598557472229, 'Surprised': 0.005713334307074547, 'Unknown': 0.05391443148255348}","And once again, the horse travel wasn't two days of straight gallop. It was--"
LAURA,01:06:26,01:06:27,Happy,"{'Angry': 0.04070374742150307, 'Disgusted': 0.03644926846027374, 'Fearful': 0.01386476494371891, 'Happy': 0.5279340147972107, 'Neutral': 0.33717983961105347, 'Other': 0.0028654150664806366, 'Sad': 0.01388583891093731, 'Surprised': 0.026779089123010635, 'Unknown': 0.00033800420351326466}",Oh! Okay.
MATT,01:06:27,01:06:32,Unknown,"{'Angry': 0.013304739259183407, 'Disgusted': 0.016984857618808746, 'Fearful': 0.0038982536643743515, 'Happy': 0.010905973613262177, 'Neutral': 0.02637922763824463, 'Other': 0.0019663439597934484, 'Sad': 0.0001532018941361457, 'Surprised': 1.9013788232769002e-06, 'Unknown': 0.9264054894447327}","A casual trot, in which Trinket could probably keep up, but you guys might have to take a break every now and then, because he's still a bear."
LAURA,01:06:32,01:06:34,Neutral,"{'Angry': 8.459500655533247e-09, 'Disgusted': 4.4594083981053245e-09, 'Fearful': 4.176172185843541e-10, 'Happy': 1.1785178912759875e-06, 'Neutral': 0.9999988079071045, 'Other': 8.945956198047611e-10, 'Sad': 3.8732647311690016e-08, 'Surprised': 3.100110745890561e-08, 'Unknown': 3.771850332068283e-10}","Okay. Well, it's doable."
TRAVIS,01:06:34,01:06:36,Angry,"{'Angry': 0.9881885647773743, 'Disgusted': 0.0017964697908610106, 'Fearful': 5.609849176835269e-05, 'Happy': 0.008335551247000694, 'Neutral': 0.0011046197032555938, 'Other': 3.185343666700646e-05, 'Sad': 0.00032127570011653006, 'Surprised': 0.0001527813437860459, 'Unknown': 1.2797885574400425e-05}",Make him earn it!
TALIESIN,01:06:36,01:06:37,Neutral,"{'Angry': 0.004927396774291992, 'Disgusted': 0.001815378898754716, 'Fearful': 0.0013232427882030606, 'Happy': 0.008259681984782219, 'Neutral': 0.9777786135673523, 'Other': 8.941314263211098e-06, 'Sad': 0.00514102540910244, 'Surprised': 0.0007372488616965711, 'Unknown': 8.417389835813083e-06}",At the bear-est mean.
MATT,01:06:37,01:06:38,Neutral,"{'Angry': 0.00010896662570303306, 'Disgusted': 9.972878615371883e-06, 'Fearful': 1.6044482435972895e-06, 'Happy': 4.9485595809528604e-05, 'Neutral': 0.9998063445091248, 'Other': 5.590147225120745e-07, 'Sad': 1.8799279132508673e-05, 'Surprised': 4.075504875800107e-06, 'Unknown': 1.5345234771757532e-07}",Oh.
TALIESIN,01:06:38,01:06:41,Neutral,"{'Angry': 2.472113919793628e-05, 'Disgusted': 0.00036018769606016576, 'Fearful': 0.0001659061963437125, 'Happy': 0.06520463526248932, 'Neutral': 0.9304382801055908, 'Other': 0.0005325828678905964, 'Sad': 0.0010369038209319115, 'Surprised': 6.466104241553694e-05, 'Unknown': 0.002172224223613739}","I've got, like, five more. I've been saving them up for this entire game."
SAM,01:06:41,01:06:43,Neutral,"{'Angry': 9.348491585114971e-05, 'Disgusted': 1.9953919036197476e-05, 'Fearful': 2.926549768744735e-06, 'Happy': 0.0035362406633794308, 'Neutral': 0.9962471127510071, 'Other': 1.5662465102650458e-06, 'Sad': 6.271517486311495e-05, 'Surprised': 3.5172510251868516e-05, 'Unknown': 8.431887295046181e-07}",I missed...
TALIESIN,01:06:43,01:06:45,Neutral,"{'Angry': 0.00024757845676504076, 'Disgusted': 1.6690210031811148e-05, 'Fearful': 6.718269105476793e-07, 'Happy': 0.16494736075401306, 'Neutral': 0.8347375392913818, 'Other': 1.100073745874397e-06, 'Sad': 4.146884384681471e-05, 'Surprised': 7.101637947926065e-06, 'Unknown': 4.5005714355284e-07}",Nothing. No-- it's nothing.
TRAVIS,01:06:45,01:06:46,Happy,"{'Angry': 4.4051666918676347e-05, 'Disgusted': 0.00014406139962375164, 'Fearful': 1.0188167834712658e-05, 'Happy': 0.9873069524765015, 'Neutral': 0.012109912931919098, 'Other': 3.0022698410903104e-05, 'Sad': 7.40500254323706e-05, 'Surprised': 0.00026347223320044577, 'Unknown': 1.7295556972385384e-05}","Oh, puns yeah."
MATT,01:06:46,01:06:48,Neutral,"{'Angry': 6.637153326938261e-11, 'Disgusted': 1.0782799132746934e-11, 'Fearful': 2.5667337179291483e-12, 'Happy': 3.647574187137792e-10, 'Neutral': 1.0, 'Other': 8.119959240583674e-13, 'Sad': 1.9392155936603928e-10, 'Surprised': 2.8144889197001532e-11, 'Unknown': 1.1567696670336525e-12}","For every bear pun that happens, an angel loses its wings."
MARY,01:06:48,01:06:49,Neutral,"{'Angry': 1.8451543071229537e-10, 'Disgusted': 5.006184009004322e-11, 'Fearful': 1.902802568287676e-11, 'Happy': 8.447928467880672e-10, 'Neutral': 1.0, 'Other': 1.596152723881694e-11, 'Sad': 1.2358262191369818e-09, 'Surprised': 1.949198302764188e-10, 'Unknown': 1.2391765565056279e-11}",So do we give you our gold and--
SAM,01:06:49,01:06:51,Happy,"{'Angry': 4.725207958244937e-08, 'Disgusted': 3.056706532333919e-08, 'Fearful': 3.870483489265553e-09, 'Happy': 0.9999942779541016, 'Neutral': 5.57800331080216e-06, 'Other': 1.0937667438426502e-09, 'Sad': 4.720451585171759e-08, 'Surprised': 7.074349106517275e-09, 'Unknown': 1.6908575872776055e-08}","Yes, yes. Here's our gold."
MATT,01:06:51,01:06:52,Neutral,"{'Angry': 1.966556510524242e-06, 'Disgusted': 2.16833171862163e-07, 'Fearful': 8.269391393866954e-09, 'Happy': 5.637789217871614e-05, 'Neutral': 0.9999403953552246, 'Other': 3.5133908227180655e-08, 'Sad': 6.03838486767927e-07, 'Surprised': 3.6251060464564944e-07, 'Unknown': 4.175787271520903e-09}","Certainly, certainly! I'll get you your horses."
LAURA,01:06:52,01:06:54,Neutral,"{'Angry': 3.206271867384203e-05, 'Disgusted': 1.2659511412493885e-05, 'Fearful': 2.094076080538798e-06, 'Happy': 0.002759393770247698, 'Neutral': 0.9971523284912109, 'Other': 2.538725539125153e-06, 'Sad': 1.784655796654988e-05, 'Surprised': 1.5285104382201098e-05, 'Unknown': 5.7383294915780425e-06}","Wait, who's-- who's paying?"
TRAVIS,01:06:54,01:06:55,Happy,"{'Angry': 0.0003848871565423906, 'Disgusted': 1.270937673325534e-06, 'Fearful': 2.0416234747244744e-06, 'Happy': 0.9520809054374695, 'Neutral': 0.047478873282670975, 'Other': 9.468908501730766e-08, 'Sad': 3.800832564593293e-05, 'Surprised': 1.3853189557266887e-05, 'Unknown': 3.9358200032424406e-10}",The party is.
LAURA,01:06:55,01:06:56,Happy,"{'Angry': 0.004136791452765465, 'Disgusted': 0.0011464564595371485, 'Fearful': 3.929512604372576e-05, 'Happy': 0.962837815284729, 'Neutral': 0.0269734226167202, 'Other': 0.000427617400418967, 'Sad': 8.024236740311608e-05, 'Surprised': 7.775113772368059e-06, 'Unknown': 0.004350503906607628}","But it-- half our party isn't here, so--"
TRAVIS,01:06:56,01:06:57,Neutral,"{'Angry': 1.8458018447020663e-10, 'Disgusted': 2.261643303191896e-11, 'Fearful': 3.3055977659984803e-12, 'Happy': 1.0613836476380811e-09, 'Neutral': 1.0, 'Other': 1.3559161389162244e-12, 'Sad': 5.125980750975145e-10, 'Surprised': 6.470000923908259e-11, 'Unknown': 1.3136526371901325e-12}",Vex.
FELICIA,01:06:57,01:06:58,Neutral,"{'Angry': 0.0019426930230110884, 'Disgusted': 0.0013512175064533949, 'Fearful': 0.00019564251124393195, 'Happy': 0.0026025387924164534, 'Neutral': 0.9348188042640686, 'Other': 6.812911578890635e-06, 'Sad': 0.0005337198381312191, 'Surprised': 0.058545637875795364, 'Unknown': 2.8747795113304164e-06}","I'll just-- Don't, don't-- I'll just do it!"
SAM,01:06:58,01:06:59,Neutral,"{'Angry': 0.00020858795323874801, 'Disgusted': 0.001206047018058598, 'Fearful': 5.768260234617628e-05, 'Happy': 0.014279047027230263, 'Neutral': 0.9831334948539734, 'Other': 0.0004249820194672793, 'Sad': 0.0002945185697171837, 'Surprised': 3.33354837493971e-05, 'Unknown': 0.00036228541284799576}","Oh, thank you!"
FELICIA,01:06:59,01:07:01,Disgusted,"{'Angry': 0.05647193640470505, 'Disgusted': 0.661138117313385, 'Fearful': 0.0013286493485793471, 'Happy': 0.03743528202176094, 'Neutral': 0.22500815987586975, 'Other': 0.0012787273153662682, 'Sad': 0.013955757021903992, 'Surprised': 0.0024410628248006105, 'Unknown': 0.000942352635320276}","There you go. Thank you! Bye-bye, nice to meet you!"
MATT,01:07:01,01:07:02,Neutral,"{'Angry': 5.365906417864608e-06, 'Disgusted': 3.584418664104305e-06, 'Fearful': 8.09400944490335e-07, 'Happy': 0.00018805268337018788, 'Neutral': 0.9997734427452087, 'Other': 5.4139627536642365e-06, 'Sad': 1.8450960851623677e-05, 'Surprised': 2.1448802272061585e-06, 'Unknown': 2.6834331947611645e-06}","""Thank you kindly."""
TALIESIN,01:07:02,01:07:04,Angry,"{'Angry': 0.5491122603416443, 'Disgusted': 0.35325151681900024, 'Fearful': 0.004407251253724098, 'Happy': 0.01239936426281929, 'Neutral': 0.048796795308589935, 'Other': 0.0006018975982442498, 'Sad': 0.022786950692534447, 'Surprised': 0.008367138914763927, 'Unknown': 0.00027675076853483915}",Oh! You're so kind! That's excellent.
TRAVIS,01:07:04,01:07:05,Angry,"{'Angry': 0.9494938254356384, 'Disgusted': 0.0016256592934951186, 'Fearful': 0.0004159261006861925, 'Happy': 0.007311219349503517, 'Neutral': 0.03594975918531418, 'Other': 0.00018951474339701235, 'Sad': 0.004735127091407776, 'Surprised': 0.00019861258624587208, 'Unknown': 8.025722490856424e-05}","Thanks, Lyra"
MARY,01:07:05,01:07:07,Happy,"{'Angry': 0.004472919274121523, 'Disgusted': 0.005377340130507946, 'Fearful': 0.0009703126270323992, 'Happy': 0.8851601481437683, 'Neutral': 0.09321600198745728, 'Other': 0.0025269004981964827, 'Sad': 0.002648141235113144, 'Surprised': 0.004209085833281279, 'Unknown': 0.0014191196532920003}","Well done, Lyra. Very good."
FELICIA,01:07:07,01:07:13,Neutral,"{'Angry': 8.806960977381095e-05, 'Disgusted': 4.7580499085597694e-05, 'Fearful': 5.820176284032641e-06, 'Happy': 0.009852892719209194, 'Neutral': 0.9898779392242432, 'Other': 6.331840995699167e-05, 'Sad': 9.912896530295257e-06, 'Surprised': 2.6370913474238478e-05, 'Unknown': 2.8195647246320732e-05}","Now, I need to talk with you. Can-- can we go out? Are we leaving yet? (laughter)"
MATT,01:07:13,01:07:23,Neutral,"{'Angry': 7.943994795311937e-09, 'Disgusted': 2.10501727160306e-09, 'Fearful': 1.5160618593856867e-10, 'Happy': 3.0065132250456372e-06, 'Neutral': 0.9999969005584717, 'Other': 5.21368281880541e-10, 'Sad': 3.674877646631103e-08, 'Surprised': 5.783522993851875e-08, 'Unknown': 1.686611961204676e-10}","Yes. The stable boy is bringing the horses over, the rest of you begin like putting your materials up and strapping them to the saddles. And what did you want to do?"
FELICIA,01:07:23,01:07:36,Happy,"{'Angry': 0.014251462183892727, 'Disgusted': 0.03215974196791649, 'Fearful': 0.0004842052876483649, 'Happy': 0.8970507979393005, 'Neutral': 0.006243040319532156, 'Other': 0.012943210080265999, 'Sad': 0.0006651286385022104, 'Surprised': 0.0002009260788327083, 'Unknown': 0.0360015407204628}","Listen, missy. I am a leader of this, and the fact that you pulled out a spell and did not say-- and it is just-- it's just not even the way I want to conduct my team. So. You. If you're going to use underhanded tactics you need to clear them with me first because I am the leader."
MARY,01:07:36,01:07:39,Unknown,"{'Angry': 0.004307959694415331, 'Disgusted': 0.003828072687610984, 'Fearful': 0.004894881509244442, 'Happy': 0.0024350027088075876, 'Neutral': 0.4097520112991333, 'Other': 0.004053400829434395, 'Sad': 0.0016829189844429493, 'Surprised': 1.1332948588460567e-06, 'Unknown': 0.5690445899963379}","My spellcasting is actually overhand, but..."
FELICIA,01:07:39,01:07:41,Neutral,"{'Angry': 0.0016712667420506477, 'Disgusted': 0.005594287998974323, 'Fearful': 0.10876250267028809, 'Happy': 0.00473729707300663, 'Neutral': 0.7596627473831177, 'Other': 0.0007292609079740942, 'Sad': 0.01098993606865406, 'Surprised': 3.3502532460261136e-05, 'Unknown': 0.10781916230916977}",Wha--?
MARY,01:07:41,01:07:45,Neutral,"{'Angry': 0.0011644938495010138, 'Disgusted': 0.002960793673992157, 'Fearful': 0.004767308477312326, 'Happy': 0.317726194858551, 'Neutral': 0.6270045042037964, 'Other': 0.0011240922613069415, 'Sad': 0.004493966232985258, 'Surprised': 0.005509111098945141, 'Unknown': 0.03524955362081528}","I understand. And I shall keep that in mind, and I do apologize."
FELICIA,01:07:45,01:07:46,Angry,"{'Angry': 0.9999279975891113, 'Disgusted': 1.1913905836991034e-05, 'Fearful': 2.7795224468718516e-06, 'Happy': 1.891609645099379e-05, 'Neutral': 2.3456706912838854e-05, 'Other': 1.1166101785420324e-06, 'Sad': 9.071015483641531e-06, 'Surprised': 3.901774562109495e-06, 'Unknown': 8.938079076870054e-07}",Really?
MARY,01:07:46,01:07:53,Happy,"{'Angry': 0.0003649991122074425, 'Disgusted': 0.0006318755331449211, 'Fearful': 0.0001559088850626722, 'Happy': 0.9747071862220764, 'Neutral': 0.015583396889269352, 'Other': 0.0006129852845333517, 'Sad': 0.00021349052258301526, 'Surprised': 1.8973658370669e-05, 'Unknown': 0.0077111124992370605}","Yes, I apologize very deeply. Very, very sincerely."
FELICIA,01:07:53,01:07:54,Happy,"{'Angry': 0.0055605825036764145, 'Disgusted': 0.2534758746623993, 'Fearful': 0.0009753888589330018, 'Happy': 0.3212990164756775, 'Neutral': 0.0995333343744278, 'Other': 0.021385565400123596, 'Sad': 0.002623096341267228, 'Surprised': 0.29363295435905457, 'Unknown': 0.0015142131596803665}",I was just a leader! I did it.
TALIESIN,01:07:54,01:07:55,Happy,"{'Angry': 2.0424850699640729e-10, 'Disgusted': 3.3373465102570776e-10, 'Fearful': 5.293296009845072e-11, 'Happy': 1.0, 'Neutral': 1.287457696008687e-09, 'Other': 1.1395197008212676e-09, 'Sad': 7.816395863891046e-10, 'Surprised': 1.1665064747479192e-10, 'Unknown': 1.2765440093875924e-10}","Oh, well done!"
FELICIA,01:07:55,01:07:58,Happy,"{'Angry': 3.207387180736987e-06, 'Disgusted': 3.2620557703921804e-06, 'Fearful': 5.164449135008908e-07, 'Happy': 0.9984810948371887, 'Neutral': 0.001494340831413865, 'Other': 1.94743620340887e-07, 'Sad': 1.3705062883673236e-05, 'Surprised': 3.476817937553278e-06, 'Unknown': 2.0292489466555708e-07}",Yay! We're going to have a great journey!
SAM,01:07:58,01:08:00,Neutral,"{'Angry': 6.338197744426566e-10, 'Disgusted': 3.9045655597647055e-11, 'Fearful': 6.472404209811877e-12, 'Happy': 2.413504507359221e-09, 'Neutral': 1.0, 'Other': 4.360726623547917e-12, 'Sad': 1.2511834901474117e-09, 'Surprised': 1.105359692665786e-10, 'Unknown': 1.0001545598659067e-11}",That was impressive. You put her in her place.
FELICIA,01:08:00,01:08:01,Neutral,"{'Angry': 0.30124402046203613, 'Disgusted': 0.01489539910107851, 'Fearful': 0.002841643989086151, 'Happy': 0.13710857927799225, 'Neutral': 0.515350878238678, 'Other': 0.0003092294791713357, 'Sad': 0.00700011383742094, 'Surprised': 0.021154217422008514, 'Unknown': 9.591983689460903e-05}",I did!
SAM,01:08:01,01:08:02,Neutral,"{'Angry': 0.009080554358661175, 'Disgusted': 0.0723056048154831, 'Fearful': 0.0002543238515499979, 'Happy': 0.050333958119153976, 'Neutral': 0.8407644629478455, 'Other': 0.008999515324831009, 'Sad': 0.007474231068044901, 'Surprised': 0.010529650375247002, 'Unknown': 0.00025769282365217805}","Asserted yourself, but you were--"
FELICIA,01:08:02,01:08:03,Neutral,"{'Angry': 0.005158878862857819, 'Disgusted': 0.019935982301831245, 'Fearful': 0.00047220996930263937, 'Happy': 0.008603713475167751, 'Neutral': 0.9253701567649841, 'Other': 0.0003789940965361893, 'Sad': 0.03250151872634888, 'Surprised': 0.0074754091911017895, 'Unknown': 0.00010313418169971555}","Firm, but polite, right?"
TALIESIN,01:08:03,01:08:04,Neutral,"{'Angry': 3.220225125509339e-14, 'Disgusted': 1.2793758218291955e-15, 'Fearful': 1.7984154567011042e-16, 'Happy': 3.943215179835931e-14, 'Neutral': 1.0, 'Other': 3.4978852890642893e-16, 'Sad': 9.501485698486939e-14, 'Surprised': 2.196400816756837e-14, 'Unknown': 8.852752672129703e-16}","You were firm, but fair."
SAM,01:08:04,01:08:06,Neutral,"{'Angry': 3.111115438514389e-05, 'Disgusted': 4.62492425867822e-05, 'Fearful': 9.476880222791806e-06, 'Happy': 0.0003289433952886611, 'Neutral': 0.9994468092918396, 'Other': 2.129049062205013e-05, 'Sad': 4.426596569828689e-05, 'Surprised': 2.8335429306025617e-05, 'Unknown': 4.3451822421047837e-05}","Firm, but fair. Yes."
LAURA,01:08:06,01:08:09,Neutral,"{'Angry': 4.7541757197677725e-08, 'Disgusted': 4.4008771737935604e-07, 'Fearful': 2.560872935930547e-08, 'Happy': 8.860417892719852e-07, 'Neutral': 0.9999949932098389, 'Other': 1.747560673948101e-07, 'Sad': 2.901732841564808e-06, 'Surprised': 7.800736945284825e-09, 'Unknown': 4.36422311622664e-07}","I am very, very nervous that somebody is going to die when we fight this dragon."
TRAVIS,01:08:09,01:08:11,Neutral,"{'Angry': 4.6598805056419224e-05, 'Disgusted': 9.17260240385076e-06, 'Fearful': 2.444207211738103e-06, 'Happy': 0.00010496166214579716, 'Neutral': 0.9998010993003845, 'Other': 6.645704615948489e-06, 'Sad': 7.27283577361959e-06, 'Surprised': 3.2913496852415847e-06, 'Unknown': 1.8510338122723624e-05}","Oh, I hope it's me."
MATT,01:08:11,01:08:26,Angry,"{'Angry': 0.4728749096393585, 'Disgusted': 0.010133040137588978, 'Fearful': 0.002362641040235758, 'Happy': 0.27654018998146057, 'Neutral': 0.13301430642604828, 'Other': 0.04299008101224899, 'Sad': 0.001141283893957734, 'Surprised': 0.00039015509537421167, 'Unknown': 0.06055338680744171}","So. Horses ready and mounted up? You guys gather all the rest of your materials, you ride up back through the Braving Grounds to the northwestern exit to the outside wall. Anything else?"
LAURA,01:08:26,01:08:30,Neutral,"{'Angry': 1.1099976493511576e-09, 'Disgusted': 7.503313942391898e-11, 'Fearful': 1.7332453181029273e-11, 'Happy': 1.8232340082136034e-09, 'Neutral': 1.0, 'Other': 2.1559932658621328e-11, 'Sad': 8.593084022123776e-10, 'Surprised': 1.0453046761504936e-10, 'Unknown': 9.216884200302644e-11}","Ooh! So, protection against ice magic. Does anybody have stuff that works for that?"
SAM,01:08:30,01:08:31,Neutral,"{'Angry': 3.182251684386017e-11, 'Disgusted': 1.714009142950168e-12, 'Fearful': 6.162405113106784e-13, 'Happy': 4.933988287381119e-11, 'Neutral': 1.0, 'Other': 1.2781111889334507e-13, 'Sad': 1.0839325270683986e-10, 'Surprised': 1.88891333130492e-11, 'Unknown': 6.619598532514592e-13}",Didn't we need to go to Uncle Randy's?
LAURA,01:08:31,01:08:32,Surprised,"{'Angry': 0.001891470979899168, 'Disgusted': 0.004584789741784334, 'Fearful': 0.00026397229521535337, 'Happy': 0.007906243205070496, 'Neutral': 0.028568990528583527, 'Other': 0.000837496598251164, 'Sad': 0.0003371737839188427, 'Surprised': 0.9553572535514832, 'Unknown': 0.0002525008167140186}",Lyra do you know any--
FELICIA,01:08:32,01:08:34,Neutral,"{'Angry': 0.00010367544746259227, 'Disgusted': 0.0038931837771087885, 'Fearful': 4.101986633031629e-05, 'Happy': 0.0007846118533052504, 'Neutral': 0.994669497013092, 'Other': 0.0001738429127726704, 'Sad': 0.00016569359286222607, 'Surprised': 6.25363682047464e-05, 'Unknown': 0.00010591957834549248}","Well, we were going to go and get some..."
MATT,01:08:34,01:08:35,Neutral,"{'Angry': 0.0010541308438405395, 'Disgusted': 0.0036140321753919125, 'Fearful': 4.452310531632975e-05, 'Happy': 0.004796445369720459, 'Neutral': 0.9895250797271729, 'Other': 0.0004493726883083582, 'Sad': 0.00010738385026343167, 'Surprised': 0.0002499660768080503, 'Unknown': 0.00015900922880973667}",That's right.
FELICIA,01:08:35,01:08:38,Neutral,"{'Angry': 1.41429565541501e-12, 'Disgusted': 5.291450396881399e-14, 'Fearful': 1.3705796073808577e-14, 'Happy': 1.6268851500342296e-12, 'Neutral': 1.0, 'Other': 4.473405034664509e-15, 'Sad': 4.134452762788454e-12, 'Surprised': 3.8392788839596015e-13, 'Unknown': 3.803939246384801e-14}","Yeah, we're going to go to the warehouse that's on the edge of the district."
FELICIA,01:08:38,01:08:41,Neutral,"{'Angry': 2.0322018373652995e-11, 'Disgusted': 1.070429118607552e-12, 'Fearful': 3.217752670217622e-13, 'Happy': 2.594332387806375e-11, 'Neutral': 1.0, 'Other': 8.939518640312463e-14, 'Sad': 4.542092396642161e-11, 'Surprised': 4.64597284255408e-12, 'Unknown': 7.70029710567971e-13}","Where we're going, we're going to get some furs and all that sort of stuff."
MATT,01:08:41,01:09:09,Neutral,"{'Angry': 3.7588868053717306e-06, 'Disgusted': 4.431683464645175e-06, 'Fearful': 2.415811195533024e-07, 'Happy': 6.039223080733791e-06, 'Neutral': 0.9999738931655884, 'Other': 3.7186355257290415e-06, 'Sad': 2.74184003501432e-06, 'Surprised': 4.2034394027723465e-06, 'Unknown': 1.0452614560563234e-06}","Easy enough. You guys follow Lyra down to the outside of the Quadroads. There is one warehouse she goes to, she knocks on the door and as it opens up, you can see a rather comely looking gentleman with a nice soft, almost a purple-blue beret. Little bit of a heavyset neck bulge that rests over the top of his little doublet. And he opens it and he looks up. ""Eh, what can I-- oh Lyra."""
FELICIA,01:09:09,01:09:12,Neutral,"{'Angry': 2.326660419882387e-09, 'Disgusted': 2.5634987466105486e-09, 'Fearful': 1.0719242160561748e-09, 'Happy': 6.0161307047224e-09, 'Neutral': 1.0, 'Other': 7.655887035440401e-11, 'Sad': 2.6970912614388e-08, 'Surprised': 1.1847909320295003e-09, 'Unknown': 1.093038437538496e-10}",Hi! Oh my gosh. How are you?!
MATT,01:09:12,01:09:14,Neutral,"{'Angry': 1.6966741345214587e-09, 'Disgusted': 1.7118438611074538e-10, 'Fearful': 1.945159137928254e-11, 'Happy': 6.042629934199795e-07, 'Neutral': 0.9999994039535522, 'Other': 5.452127464777856e-12, 'Sad': 1.0989149146212185e-08, 'Surprised': 5.73259439917706e-10, 'Unknown': 3.0595914256997814e-12}","(groans) ""What do you want this time?"""
FELICIA,01:09:14,01:09:21,Angry,"{'Angry': 0.998237133026123, 'Disgusted': 7.012017158558592e-05, 'Fearful': 0.0008123488514684141, 'Happy': 0.0004157149523962289, 'Neutral': 5.875825445400551e-05, 'Other': 3.0052581223571906e-06, 'Sad': 0.000329266709741205, 'Surprised': 6.880236469442025e-05, 'Unknown': 4.916002126265084e-06}","Well, it's funny. Because I finally got an assignment with the guild! Can you believe it? It's like whoa! Uncle Randy's going to be so--"
MATT,01:09:21,01:09:23,Angry,"{'Angry': 0.9999995231628418, 'Disgusted': 2.6870964120462304e-07, 'Fearful': 5.8640363675976914e-08, 'Happy': 4.326187408310034e-08, 'Neutral': 5.089624721676955e-08, 'Other': 1.2290913176116192e-08, 'Sad': 7.397257917318711e-08, 'Surprised': 1.4802784775724831e-08, 'Unknown': 2.1587678311618674e-09}","""No, I can't believe it."""
FELICIA,01:09:23,01:09:24,Neutral,"{'Angry': 0.02490396425127983, 'Disgusted': 0.03614355996251106, 'Fearful': 0.00622224248945713, 'Happy': 0.0762440636754036, 'Neutral': 0.48448455333709717, 'Other': 0.000258037616731599, 'Sad': 0.05997578427195549, 'Surprised': 0.31159329414367676, 'Unknown': 0.0001745185727486387}",Oh. Really?
MATT,01:09:24,01:09:25,Happy,"{'Angry': 6.958893663977506e-06, 'Disgusted': 9.396810014550283e-07, 'Fearful': 5.847311967954738e-07, 'Happy': 0.9999486207962036, 'Neutral': 3.6116955016041175e-05, 'Other': 4.7036297701197327e-07, 'Sad': 3.6976875890104566e-06, 'Surprised': 2.5505519261059817e-06, 'Unknown': 3.67932919687064e-08}","""But good for you."""
FELICIA,01:09:25,01:09:28,Happy,"{'Angry': 0.003880513831973076, 'Disgusted': 0.0020816600881516933, 'Fearful': 0.0003850621869787574, 'Happy': 0.9100160598754883, 'Neutral': 0.06233528256416321, 'Other': 0.002060893690213561, 'Sad': 0.000615781988017261, 'Surprised': 9.198950283462182e-05, 'Unknown': 0.018532762303948402}","Thank you! So anyway, me and my friends-- these are my friends now."
SAM,01:09:28,01:09:30,Angry,"{'Angry': 0.9947867393493652, 'Disgusted': 7.733174425084144e-05, 'Fearful': 7.392520637949929e-05, 'Happy': 0.0004119730438105762, 'Neutral': 0.0029867845587432384, 'Other': 0.00032310798997059464, 'Sad': 6.612882134504616e-05, 'Surprised': 4.4864314077130985e-06, 'Unknown': 0.0012694650795310736}",You know what? She's sort of our leader.
TALIESIN,01:09:30,01:09:31,Angry,"{'Angry': 1.0, 'Disgusted': 1.0707001951715256e-09, 'Fearful': 1.5043009060633494e-09, 'Happy': 3.347339827541873e-08, 'Neutral': 1.2042070451911968e-08, 'Other': 1.482454048407078e-09, 'Sad': 5.285338833260766e-10, 'Surprised': 5.6456950225936e-09, 'Unknown': 7.644870153589167e-11}",Hello.
SAM,01:09:31,01:09:32,Angry,"{'Angry': 0.9962553977966309, 'Disgusted': 0.00020293954003136605, 'Fearful': 0.0009818613762035966, 'Happy': 0.0013053988805040717, 'Neutral': 0.0009549628011882305, 'Other': 7.574254414066672e-05, 'Sad': 0.00010666946036508307, 'Surprised': 2.3899709049146622e-05, 'Unknown': 9.310896712122485e-05}","If you must know, Randy."
FELICIA,01:09:32,01:09:33,Angry,"{'Angry': 0.999994158744812, 'Disgusted': 3.774975994019769e-07, 'Fearful': 2.054462377998334e-08, 'Happy': 1.7155072100649704e-06, 'Neutral': 3.2599248243059264e-06, 'Other': 8.507193172135885e-09, 'Sad': 4.298025544358097e-07, 'Surprised': 6.602692792512244e-08, 'Unknown': 1.024469287180807e-09}",Right?!
MATT,01:09:33,01:09:41,Neutral,"{'Angry': 0.0007423356873914599, 'Disgusted': 1.2504540791269392e-05, 'Fearful': 7.170341405071667e-07, 'Happy': 5.170778968022205e-05, 'Neutral': 0.9991844296455383, 'Other': 1.3577429172073607e-06, 'Sad': 1.2437538998710806e-06, 'Surprised': 5.1105639613524545e-06, 'Unknown': 6.760464543731359e-07}","He gives a very, very long, judgmental, mistrusting look across all five of you."
LAURA,01:09:41,01:09:43,Happy,"{'Angry': 0.0056411330588161945, 'Disgusted': 0.0015670943539589643, 'Fearful': 0.00021336437202990055, 'Happy': 0.5954216718673706, 'Neutral': 0.38314834237098694, 'Other': 0.0013552173040807247, 'Sad': 0.0004891018033958972, 'Surprised': 0.0002552656806074083, 'Unknown': 0.011908850632607937}",Should we call you uncle?
MATT,01:09:43,01:09:47,Neutral,"{'Angry': 2.994029720329583e-12, 'Disgusted': 1.5654608143643445e-13, 'Fearful': 4.065074083012439e-14, 'Happy': 6.891586259993865e-12, 'Neutral': 1.0, 'Other': 1.2862763663164158e-14, 'Sad': 1.0940868870601417e-11, 'Surprised': 1.066931157138462e-12, 'Unknown': 7.696371751714226e-14}","""Please, don't."" (laughter)"
SAM,01:09:47,01:09:51,Neutral,"{'Angry': 0.00023286046052817255, 'Disgusted': 0.0003564596700016409, 'Fearful': 0.00010169747838517651, 'Happy': 0.05118550360202789, 'Neutral': 0.9412094354629517, 'Other': 0.0005003766273148358, 'Sad': 0.0002228425582870841, 'Surprised': 9.272638635593466e-06, 'Unknown': 0.00618167407810688}","You know what, Mister Randy? We had our doubts about your--"
FELICIA,01:09:51,01:09:56,Angry,"{'Angry': 0.9996578693389893, 'Disgusted': 2.1549250959651545e-05, 'Fearful': 0.0002389005821896717, 'Happy': 2.809217585308943e-05, 'Neutral': 8.802212505543139e-06, 'Other': 2.93169750875677e-06, 'Sad': 1.0155080417462159e-05, 'Surprised': 2.9607201213366352e-05, 'Unknown': 2.0215625227137934e-06}","Oh, no that's not-- No no no no, he's not my uncle. No-- my uncle is not here, he's just-- this is just one of his--"
LAURA,01:09:56,01:09:57,Angry,"{'Angry': 1.0, 'Disgusted': 3.2173788078182497e-09, 'Fearful': 3.333187947873739e-09, 'Happy': 1.3068651938397124e-08, 'Neutral': 2.1319668253028112e-09, 'Other': 9.896448105450872e-10, 'Sad': 1.357923884448553e-09, 'Surprised': 3.316794172647519e-09, 'Unknown': 3.0266324169136993e-11}",Oh!
FELICIA,01:09:57,01:09:59,Angry,"{'Angry': 0.9998687505722046, 'Disgusted': 3.084566560573876e-05, 'Fearful': 2.728924300754443e-06, 'Happy': 8.781701035331935e-05, 'Neutral': 2.5050517251656856e-06, 'Other': 2.265142256874242e-06, 'Sad': 1.3009752137804753e-06, 'Surprised': 1.907619434859953e-06, 'Unknown': 1.8291624428456998e-06}","Managers. Yeah, very important."
SAM,01:09:59,01:10:00,Angry,"{'Angry': 1.0, 'Disgusted': 2.359671832929955e-11, 'Fearful': 1.9070136095256096e-11, 'Happy': 3.359520994727916e-10, 'Neutral': 1.0887105800216901e-10, 'Other': 5.854829208257195e-12, 'Sad': 2.3296954643203804e-11, 'Surprised': 4.128852121310089e-11, 'Unknown': 4.0061524383223565e-14}","Oh, okay."
FELICIA,01:10:00,01:10:06,Happy,"{'Angry': 5.600444183073705e-06, 'Disgusted': 7.026145340205403e-06, 'Fearful': 9.198433872370515e-06, 'Happy': 0.999858021736145, 'Neutral': 7.748494681436568e-06, 'Other': 4.520752099779202e-06, 'Sad': 2.5831359380390495e-06, 'Surprised': 1.42977921768761e-06, 'Unknown': 0.00010386540088802576}","He's going to be-- Uncle Randy is going to eat his hat, isn't he? I got a leadership position! Anyway, can you help us out?"
MATT,01:10:06,01:10:07,Neutral,"{'Angry': 0.09533119946718216, 'Disgusted': 0.052380114793777466, 'Fearful': 0.005778954830020666, 'Happy': 0.032009661197662354, 'Neutral': 0.6321029663085938, 'Other': 0.00017924148414749652, 'Sad': 0.028628787025809288, 'Surprised': 0.15295487642288208, 'Unknown': 0.0006342516280710697}","""What do you need, Lyra?"""
FELICIA,01:10:07,01:10:15,Happy,"{'Angry': 0.010556445457041264, 'Disgusted': 0.01381427887827158, 'Fearful': 0.003531199647113681, 'Happy': 0.7571030855178833, 'Neutral': 0.16426703333854675, 'Other': 0.0072080278769135475, 'Sad': 0.0069622197188436985, 'Surprised': 0.0008506381418555975, 'Unknown': 0.035707101225852966}","We're going into the cold-- we're going into a blizzard, can you believe that? And you know how much I hate the cold, but we do need to be provisioned, so what do we have in the crates that we can help...?"
MATT,01:10:15,01:10:20,Happy,"{'Angry': 0.07349731773138046, 'Disgusted': 0.023400144651532173, 'Fearful': 0.04261806234717369, 'Happy': 0.8563252687454224, 'Neutral': 0.0003310509491711855, 'Other': 0.0009759128442965448, 'Sad': 0.0009247818379662931, 'Surprised': 0.0012188961263746023, 'Unknown': 0.0007086029509082437}",He closes the door. (laughter)
MATT,01:10:20,01:10:22,Neutral,"{'Angry': 0.0010051514254882932, 'Disgusted': 0.00270843761973083, 'Fearful': 0.0008912369958125055, 'Happy': 0.013863114640116692, 'Neutral': 0.9772132039070129, 'Other': 4.713925955002196e-05, 'Sad': 0.0021614274010062218, 'Surprised': 0.0020720516331493855, 'Unknown': 3.824209125014022e-05}",A minute goes by.
SAM,01:10:22,01:10:23,Surprised,"{'Angry': 3.105530049651861e-05, 'Disgusted': 1.0524139725021087e-05, 'Fearful': 0.0007985784905031323, 'Happy': 0.00606573885306716, 'Neutral': 3.43521787726786e-05, 'Other': 1.4814773749094456e-05, 'Sad': 1.3948575542599428e-05, 'Surprised': 0.9930279850959778, 'Unknown': 3.075938593610772e-06}",Did you--
LAURA,01:10:23,01:10:24,Surprised,"{'Angry': 4.3390714381530415e-06, 'Disgusted': 5.198212875257013e-06, 'Fearful': 2.619490260258317e-06, 'Happy': 2.6507535949349403e-05, 'Neutral': 8.446871106571052e-06, 'Other': 1.0160363672184758e-05, 'Sad': 1.007438982014719e-06, 'Surprised': 0.9999414682388306, 'Unknown': 2.3277206651073357e-07}","Um, I thought--"
MATT,01:10:24,01:10:25,Happy,"{'Angry': 8.193079338525422e-06, 'Disgusted': 7.648538485227618e-06, 'Fearful': 1.924679963849485e-06, 'Happy': 0.9999078512191772, 'Neutral': 5.32578669663053e-05, 'Other': 1.9583318078275624e-07, 'Sad': 1.6396374121541157e-05, 'Surprised': 4.45193882114836e-06, 'Unknown': 9.150296165216787e-08}",Two minutes go by.
FELICIA,01:10:25,01:10:26,Neutral,"{'Angry': 0.01159659307450056, 'Disgusted': 0.062226492911577225, 'Fearful': 0.0009850646601989865, 'Happy': 0.07657165080308914, 'Neutral': 0.8063088059425354, 'Other': 0.002270146505907178, 'Sad': 0.011683021672070026, 'Surprised': 0.028181394562125206, 'Unknown': 0.0001767953799571842}","Oh, he's going to hook us up. He's going to hook us up, really."
SAM,01:10:26,01:10:27,Happy,"{'Angry': 0.03859376534819603, 'Disgusted': 0.014898319728672504, 'Fearful': 0.03567155823111534, 'Happy': 0.6228541135787964, 'Neutral': 0.09042717516422272, 'Other': 0.02019622176885605, 'Sad': 0.03118111751973629, 'Surprised': 0.14590699970722198, 'Unknown': 0.0002706469385884702}",Really?
FELICIA,01:10:27,01:10:29,Neutral,"{'Angry': 0.29423660039901733, 'Disgusted': 0.00017801659123506397, 'Fearful': 8.51684217195725e-06, 'Happy': 0.04076321795582771, 'Neutral': 0.6627951264381409, 'Other': 1.9344382963026874e-05, 'Sad': 0.0012444118037819862, 'Surprised': 0.000747328856959939, 'Unknown': 7.4956788012059405e-06}",Uh! (Knocks)
MARY,01:10:29,01:10:38,Neutral,"{'Angry': 2.6298760391618714e-10, 'Disgusted': 2.8621877437573495e-11, 'Fearful': 4.3191726237234995e-12, 'Happy': 2.5672663994669165e-09, 'Neutral': 1.0, 'Other': 1.687397292206294e-12, 'Sad': 3.2046379438988026e-10, 'Surprised': 3.736857698277696e-11, 'Unknown': 3.660240513458923e-12}",I use Mask of Many Faces and I disguise myself as Uncle Frank.
LAURA,01:10:38,01:10:39,Neutral,"{'Angry': 0.004588000476360321, 'Disgusted': 0.00035550809116102755, 'Fearful': 0.00011672652908600867, 'Happy': 8.091959170997143e-05, 'Neutral': 0.9944381713867188, 'Other': 7.190703036030754e-05, 'Sad': 0.00024368603772018105, 'Surprised': 1.717529448796995e-05, 'Unknown': 8.797914779279381e-05}",Uncle Randy?
MARY,01:10:39,01:10:41,Angry,"{'Angry': 1.0, 'Disgusted': 4.442243448088412e-11, 'Fearful': 4.971699787970074e-11, 'Happy': 1.4110071444584094e-10, 'Neutral': 1.7267787200125895e-10, 'Other': 9.33793146973283e-12, 'Sad': 2.426472391070522e-11, 'Surprised': 2.6207563896818442e-11, 'Unknown': 8.964156457055839e-14}",Uncle Randy! (laughter)
MARY,01:10:41,01:10:43,Neutral,"{'Angry': 2.69655880957842e-10, 'Disgusted': 7.588821238080357e-11, 'Fearful': 1.0693216277724016e-11, 'Happy': 5.873873054618173e-10, 'Neutral': 1.0, 'Other': 1.0620589477317033e-11, 'Sad': 1.4337776521600176e-09, 'Surprised': 7.473049262740616e-11, 'Unknown': 1.5762276900366246e-11}","Frankly, my dear! I am Uncle Randy."
TRAVIS,01:10:43,01:10:45,Unknown,"{'Angry': 0.03260105848312378, 'Disgusted': 0.011199605651199818, 'Fearful': 0.23467572033405304, 'Happy': 0.21016338467597961, 'Neutral': 0.12594546377658844, 'Other': 0.006528973579406738, 'Sad': 0.0047683860175311565, 'Surprised': 3.6889385228278115e-05, 'Unknown': 0.37408047914505005}",Bob? Peter?
TALIESIN,01:10:45,01:10:46,Neutral,"{'Angry': 0.2221927046775818, 'Disgusted': 0.0010907023679465055, 'Fearful': 0.0007983684772625566, 'Happy': 0.006235172506421804, 'Neutral': 0.7682006359100342, 'Other': 0.00014479909441433847, 'Sad': 0.0007591316243633628, 'Surprised': 0.0005386249395087361, 'Unknown': 3.979386747232638e-05}",Don't talk to Frank anymore.
MATT,01:10:46,01:10:47,Neutral,"{'Angry': 0.0007541540544480085, 'Disgusted': 0.0007595233619213104, 'Fearful': 0.0006496597197838128, 'Happy': 0.0037252833135426044, 'Neutral': 0.9868378043174744, 'Other': 5.907745799049735e-05, 'Sad': 0.007160866167396307, 'Surprised': 1.4395003745448776e-05, 'Unknown': 3.920483140973374e-05}",All right. You have not seen Uncle Randy.
MATT,01:10:47,01:10:49,Happy,"{'Angry': 0.018787208944559097, 'Disgusted': 0.018821420148015022, 'Fearful': 0.008873706683516502, 'Happy': 0.5044242739677429, 'Neutral': 0.1972457617521286, 'Other': 0.002039638813585043, 'Sad': 0.01290438324213028, 'Surprised': 0.00018492926028557122, 'Unknown': 0.23671874403953552}",Which is the only downside to that.
MARY,01:10:49,01:10:50,Neutral,"{'Angry': 2.1644600565196015e-06, 'Disgusted': 4.130432387228211e-07, 'Fearful': 2.108510130938157e-07, 'Happy': 0.00017689986270852387, 'Neutral': 0.9998094439506531, 'Other': 2.5627537070249673e-07, 'Sad': 1.0042734174930956e-05, 'Surprised': 5.436158971861005e-07, 'Unknown': 1.1093428042840969e-07}",Balls and a half!
MATT,01:10:50,01:10:52,Neutral,"{'Angry': 1.3284671973590179e-10, 'Disgusted': 1.5590053553671268e-11, 'Fearful': 3.196308235448031e-12, 'Happy': 5.275931358461605e-10, 'Neutral': 1.0, 'Other': 4.401009938426181e-12, 'Sad': 3.4318636821240034e-10, 'Surprised': 1.7918186032139793e-11, 'Unknown': 1.993960205282086e-11}",Um. You could-- (laughter)
MARY,01:10:52,01:10:54,Neutral,"{'Angry': 3.7645559132215567e-06, 'Disgusted': 7.604321581311524e-06, 'Fearful': 3.418722144488129e-06, 'Happy': 2.808182944136206e-05, 'Neutral': 0.999937891960144, 'Other': 1.5161982673816965e-06, 'Sad': 6.527990990434773e-06, 'Surprised': 7.922815711935982e-06, 'Unknown': 3.2702348562452244e-06}",There's no pictures on the wall anywhere I could look at outside?
SAM,01:10:54,01:10:55,Neutral,"{'Angry': 0.032972633838653564, 'Disgusted': 0.08865846693515778, 'Fearful': 0.004663554951548576, 'Happy': 0.029737628996372223, 'Neutral': 0.6595453023910522, 'Other': 0.00011945783626288176, 'Sad': 0.09717872738838196, 'Surprised': 0.08709359169006348, 'Unknown': 3.052748434129171e-05}",Just go on Facebook. Facebook!
MARY,01:10:55,01:10:59,Neutral,"{'Angry': 8.759437264416192e-08, 'Disgusted': 7.49164357216614e-08, 'Fearful': 3.63647778556242e-08, 'Happy': 6.163389798530261e-07, 'Neutral': 0.9999983310699463, 'Other': 2.5719552354530606e-07, 'Sad': 4.74971670882951e-07, 'Surprised': 3.153003191869175e-08, 'Unknown': 1.0070941414141998e-07}","A great big, beautiful... this is where he sells things! Great."
MATT,01:10:59,01:11:02,Neutral,"{'Angry': 4.906787012259883e-07, 'Disgusted': 8.47794069613883e-07, 'Fearful': 5.777876026513695e-07, 'Happy': 2.672829850780545e-06, 'Neutral': 0.9998997449874878, 'Other': 6.784761552580676e-08, 'Sad': 9.53982598730363e-05, 'Surprised': 5.599930474886605e-08, 'Unknown': 9.729702554750475e-08}","Unfortunately, no. But if there's any other form you'd like to take you're welcome to."
MARY,01:11:02,01:11:05,Neutral,"{'Angry': 1.4175871587696065e-09, 'Disgusted': 3.8255715262280887e-10, 'Fearful': 1.2425498130408386e-10, 'Happy': 5.304623940105557e-08, 'Neutral': 1.0, 'Other': 4.223630126198863e-11, 'Sad': 9.965305913794964e-09, 'Surprised': 1.045761810480883e-09, 'Unknown': 1.1390752056861242e-11}",(whispers) Bollocks.
TALIESIN,01:11:05,01:11:08,Angry,"{'Angry': 0.6175203323364258, 'Disgusted': 0.1850811243057251, 'Fearful': 0.014369606040418148, 'Happy': 0.006423130631446838, 'Neutral': 0.1559281349182129, 'Other': 0.0020220831502228975, 'Sad': 0.009616327472031116, 'Surprised': 0.0024582641199231148, 'Unknown': 0.006581068504601717}","Oh, bloody hell. I'm going to knock loudly."
FELICIA,01:11:08,01:11:11,Neutral,"{'Angry': 0.00014396195183508098, 'Disgusted': 0.00027533655520528555, 'Fearful': 0.00010468960681464523, 'Happy': 0.15116985142230988, 'Neutral': 0.8469725251197815, 'Other': 5.5837870604591444e-05, 'Sad': 0.000312834104988724, 'Surprised': 9.358255920233205e-05, 'Unknown': 0.0008714784635230899}","Well, this is just very-- this is is a very egg-on-face situation."
TRAVIS,01:11:11,01:11:14,Neutral,"{'Angry': 2.8734607582237004e-08, 'Disgusted': 2.6167237265894983e-09, 'Fearful': 9.134513145880874e-10, 'Happy': 1.4862476973576122e-06, 'Neutral': 0.9999983310699463, 'Other': 2.6165713692960502e-11, 'Sad': 7.178252303674526e-08, 'Surprised': 9.794045041644495e-08, 'Unknown': 1.8192135298189527e-11}","He's looking for stuff, right? He's--"
MATT,01:11:14,01:11:34,Neutral,"{'Angry': 5.002034595236182e-05, 'Disgusted': 3.287452727818163e-06, 'Fearful': 9.092331083593308e-07, 'Happy': 0.0015764132840558887, 'Neutral': 0.9983507394790649, 'Other': 1.7150235862573027e-06, 'Sad': 1.3208670679887291e-05, 'Surprised': 8.267646762760705e-07, 'Unknown': 2.8590093279490247e-06}","The door opens at this point, almost pushing you back on your heels. You catch yourself as he comes out carrying a large pile of what look like relatively well-kept furs and thick leather cloaks, and shoves them into your arms. ""Be safe, little one."" (bff) Closes the door."
SAM,01:11:34,01:11:35,Neutral,"{'Angry': 2.9081813346376606e-11, 'Disgusted': 1.4409335270110235e-12, 'Fearful': 2.5623058362567175e-13, 'Happy': 1.1570069902155922e-10, 'Neutral': 1.0, 'Other': 5.787992291396774e-14, 'Sad': 4.722929686229449e-11, 'Surprised': 8.896034950356402e-12, 'Unknown': 1.753520695617003e-13}",Bye.
TALIESIN,01:11:35,01:11:37,Neutral,"{'Angry': 1.1543018277326844e-11, 'Disgusted': 7.912776336937988e-13, 'Fearful': 1.8937996516029537e-13, 'Happy': 1.4359382606576876e-11, 'Neutral': 1.0, 'Other': 8.549449803706491e-14, 'Sad': 3.236708470688576e-11, 'Surprised': 2.691520183811802e-12, 'Unknown': 6.02836248801697e-13}",We'll try to get her back in one piece.
FELICIA,01:11:37,01:11:39,Happy,"{'Angry': 5.487963417039055e-10, 'Disgusted': 1.1641265729167571e-09, 'Fearful': 2.146397365399011e-10, 'Happy': 1.0, 'Neutral': 3.109030588532846e-09, 'Other': 2.0758292307299087e-10, 'Sad': 9.017541158229392e-10, 'Surprised': 6.587892453779887e-10, 'Unknown': 3.583681962293639e-10}","Thank you. That's sweet. See? I came through, guys. I came through."
"TALIESIN, SAM",01:11:39,01:11:40,Angry,"{'Angry': 0.9998766183853149, 'Disgusted': 4.27096074417932e-06, 'Fearful': 5.113326437822252e-07, 'Happy': 0.00010386050416855142, 'Neutral': 7.976968845468946e-06, 'Other': 3.606554344059987e-07, 'Sad': 4.99886300531216e-06, 'Surprised': 1.3434497532216483e-06, 'Unknown': 1.0718359533257171e-07}",You did!
FELICIA,01:11:40,01:11:42,Neutral,"{'Angry': 0.0009342293487861753, 'Disgusted': 0.001970793353393674, 'Fearful': 0.0018384536961093545, 'Happy': 0.04500238224864006, 'Neutral': 0.9193531274795532, 'Other': 0.0008173507521860301, 'Sad': 0.0003780190018005669, 'Surprised': 0.00013675384980160743, 'Unknown': 0.029568921774625778}","Just remember, that I came through."
SAM,01:11:42,01:11:45,Happy,"{'Angry': 0.06976384669542313, 'Disgusted': 0.009798023849725723, 'Fearful': 0.006494380533695221, 'Happy': 0.3423677384853363, 'Neutral': 0.23261100053787231, 'Other': 0.0023148299660533667, 'Sad': 0.011624926701188087, 'Surprised': 0.2900525629520416, 'Unknown': 0.03497271239757538}",We'll write a good comment card when we get back.
LAURA,01:11:45,01:11:46,Neutral,"{'Angry': 0.023804116994142532, 'Disgusted': 0.008384506218135357, 'Fearful': 0.0017175471875816584, 'Happy': 0.027047397568821907, 'Neutral': 0.9241729378700256, 'Other': 5.333370063453913e-05, 'Sad': 0.012757558375597, 'Surprised': 0.0018955790437757969, 'Unknown': 0.0001670536439632997}",Definitely.
MARY,01:11:46,01:11:48,Neutral,"{'Angry': 5.2736163524969015e-06, 'Disgusted': 2.914087190220016e-06, 'Fearful': 7.061566975608002e-07, 'Happy': 0.0001436964957974851, 'Neutral': 0.9998356103897095, 'Other': 7.395985335278965e-07, 'Sad': 7.217774509626906e-06, 'Surprised': 1.191231035591045e-06, 'Unknown': 2.7373541797715006e-06}",Can I get the one that's slit up the back so my tail doesn't--
SAM,01:11:48,01:11:55,Neutral,"{'Angry': 0.00016839282761793584, 'Disgusted': 4.472970977076329e-05, 'Fearful': 1.8925132962976932e-06, 'Happy': 3.822021608357318e-05, 'Neutral': 0.9995593428611755, 'Other': 5.1390965381870046e-05, 'Sad': 8.939911822380964e-06, 'Surprised': 4.053744930843095e-07, 'Unknown': 0.00012658322521019727}","All right, we're loaded up. We've got horses, we've got healing potions, we've got--"
MARY,01:11:55,01:11:57,Neutral,"{'Angry': 0.006273200269788504, 'Disgusted': 0.0011187039781361818, 'Fearful': 7.217211532406509e-05, 'Happy': 0.07642017304897308, 'Neutral': 0.9090963006019592, 'Other': 0.0010488791158422828, 'Sad': 0.00023074338969308883, 'Surprised': 1.850311855378095e-05, 'Unknown': 0.005721425637602806}","Loaded for bear, as it were."
LAURA,01:11:57,01:11:59,Neutral,"{'Angry': 6.601345338419495e-12, 'Disgusted': 3.7818042425939724e-13, 'Fearful': 1.563935748483472e-13, 'Happy': 1.2546902752874622e-11, 'Neutral': 1.0, 'Other': 2.7543361675089716e-14, 'Sad': 1.9395289194146237e-11, 'Surprised': 1.9232933388263485e-12, 'Unknown': 2.290466536054858e-13}",We're great. Trinket's wonderful.
MARY,01:11:59,01:12:00,Happy,"{'Angry': 0.008142910897731781, 'Disgusted': 0.03480130061507225, 'Fearful': 0.10561392456293106, 'Happy': 0.5168671011924744, 'Neutral': 0.12691932916641235, 'Other': 0.002318287268280983, 'Sad': 0.011916283518075943, 'Surprised': 0.011995663866400719, 'Unknown': 0.18142525851726532}","Yes, he is!"
MATT,01:12:00,01:12:03,Neutral,"{'Angry': 0.04425003007054329, 'Disgusted': 0.030872533097863197, 'Fearful': 0.004585240036249161, 'Happy': 0.20081862807273865, 'Neutral': 0.43240153789520264, 'Other': 0.009763345122337341, 'Sad': 0.0008325962699018419, 'Surprised': 0.00029474959592334926, 'Unknown': 0.2761813700199127}",He nuzzles up alongside Vex.
SAM,01:12:03,01:12:05,Neutral,"{'Angry': 7.711484795436263e-05, 'Disgusted': 0.0004910207353532314, 'Fearful': 0.0016399561427533627, 'Happy': 0.05147777870297432, 'Neutral': 0.9007613062858582, 'Other': 0.00026191544020548463, 'Sad': 0.001026525511406362, 'Surprised': 4.795460881723557e-06, 'Unknown': 0.044259607791900635}",Shall we set off?
TRAVIS,01:12:05,01:12:06,Neutral,"{'Angry': 1.9767714547924697e-05, 'Disgusted': 3.018336064997129e-05, 'Fearful': 1.0806186764966697e-05, 'Happy': 0.04660307988524437, 'Neutral': 0.9531558156013489, 'Other': 1.1083863682870287e-05, 'Sad': 5.036322909290902e-05, 'Surprised': 2.336346369702369e-06, 'Unknown': 0.00011653342517092824}",Go? Yeah.
MARY,01:12:06,01:12:07,Neutral,"{'Angry': 0.00041575595969334245, 'Disgusted': 0.0013654220383614302, 'Fearful': 0.0010719343554228544, 'Happy': 0.16719239950180054, 'Neutral': 0.8113431334495544, 'Other': 0.0014775210293009877, 'Sad': 0.00028406427009031177, 'Surprised': 3.7139790947549045e-05, 'Unknown': 0.016812654212117195}","Yes, let's do."
SAM,01:12:07,01:12:10,Angry,"{'Angry': 0.6542883515357971, 'Disgusted': 0.04007705673575401, 'Fearful': 0.006659714505076408, 'Happy': 0.01116960309445858, 'Neutral': 0.2683176100254059, 'Other': 0.0006750543834641576, 'Sad': 0.009225343354046345, 'Surprised': 0.0003285453130956739, 'Unknown': 0.009258689358830452}","Do you want to go, one more time to the Braving Grounds, Grog, and just--"
SAM,01:12:10,01:12:12,Happy,"{'Angry': 0.00011443469702498987, 'Disgusted': 0.00038093264447525144, 'Fearful': 0.00028503977227956057, 'Happy': 0.9886513948440552, 'Neutral': 0.009238285012543201, 'Other': 4.246794560458511e-05, 'Sad': 0.00013611662143375725, 'Surprised': 1.7437090718885884e-05, 'Unknown': 0.001133820740506053}",Try your hand against-- no?
TALIESIN,01:12:12,01:12:15,Neutral,"{'Angry': 0.07119205594062805, 'Disgusted': 0.033359043300151825, 'Fearful': 0.01984613761305809, 'Happy': 0.11931987851858139, 'Neutral': 0.6082409024238586, 'Other': 0.004467101767659187, 'Sad': 0.011251840740442276, 'Surprised': 0.0003286596620455384, 'Unknown': 0.13199444115161896}","Why don't we slay the dragon first, and then--"
LAURA,01:12:15,01:12:16,Angry,"{'Angry': 0.38816553354263306, 'Disgusted': 0.03393237665295601, 'Fearful': 0.24178120493888855, 'Happy': 0.2118464559316635, 'Neutral': 0.07005592435598373, 'Other': 0.00034455754212103784, 'Sad': 0.03082801029086113, 'Surprised': 0.020997172221541405, 'Unknown': 0.0020486980210989714}",Yeah.
TALIESIN,01:12:16,01:12:18,Neutral,"{'Angry': 3.0323099586837543e-09, 'Disgusted': 2.947143862286339e-09, 'Fearful': 9.62866342213431e-10, 'Happy': 4.389584162822757e-08, 'Neutral': 1.0, 'Other': 8.743435420122125e-10, 'Sad': 2.0824936441954378e-08, 'Surprised': 9.254621513576922e-10, 'Unknown': 4.657461083468206e-09}",Then he can punch things.
LAURA,01:12:18,01:12:19,Happy,"{'Angry': 0.28332024812698364, 'Disgusted': 0.0038319460581988096, 'Fearful': 0.003314308123663068, 'Happy': 0.5081958770751953, 'Neutral': 0.1721676141023636, 'Other': 0.010275155305862427, 'Sad': 0.004480407107621431, 'Surprised': 0.00128938106354326, 'Unknown': 0.013125114142894745}","Since we're on a time crunch, Scanlan."
SAM,01:12:19,01:12:20,Neutral,"{'Angry': 2.650417854965781e-06, 'Disgusted': 2.1069477043056395e-06, 'Fearful': 7.910403496680374e-07, 'Happy': 3.7553152651526034e-05, 'Neutral': 0.9999316930770874, 'Other': 1.7521467725600814e-06, 'Sad': 8.376468940696213e-06, 'Surprised': 9.415644797172718e-08, 'Unknown': 1.5002112377260346e-05}","You're right. You're right, there is a--"
MARY,01:12:20,01:12:21,Neutral,"{'Angry': 3.6750912840943784e-05, 'Disgusted': 3.706231154865236e-06, 'Fearful': 1.0265469427395146e-05, 'Happy': 0.00016344762116204947, 'Neutral': 0.9997482895851135, 'Other': 4.233805555031722e-07, 'Sad': 1.8586235455586575e-05, 'Surprised': 1.818184864532668e-05, 'Unknown': 3.509696853143396e-07}",Everyone is good on weapons?
LAURA,01:12:21,01:12:22,Neutral,"{'Angry': 0.0003194798482581973, 'Disgusted': 0.0003190058341715485, 'Fearful': 2.208912519563455e-05, 'Happy': 0.00018112361431121826, 'Neutral': 0.9979206919670105, 'Other': 1.5235732462315354e-05, 'Sad': 0.00010254880180582404, 'Surprised': 0.0011143309529870749, 'Unknown': 5.54339203517884e-06}",I'd say yes.
TRAVIS,01:12:22,01:12:28,Happy,"{'Angry': 8.985677413875237e-05, 'Disgusted': 0.00029871458536945283, 'Fearful': 7.985848060343415e-05, 'Happy': 0.8366408348083496, 'Neutral': 0.15825949609279633, 'Other': 0.0003854801179841161, 'Sad': 0.0005111607606522739, 'Surprised': 8.807014091871679e-05, 'Unknown': 0.003646488068625331}","I haven't finished my training montage yet. Got to run through the snow, got to do pullups on trees."
MARY,01:12:28,01:12:29,Happy,"{'Angry': 3.833353548543528e-05, 'Disgusted': 1.689499185886234e-06, 'Fearful': 1.4881587162562937e-07, 'Happy': 0.502059280872345, 'Neutral': 0.4978267550468445, 'Other': 8.943866873778461e-07, 'Sad': 6.0715807194355875e-05, 'Surprised': 1.2169547517260071e-05, 'Unknown': 2.5048196405919043e-08}",(sings) Gonna need a montage.
TRAVIS,01:12:29,01:12:30,Surprised,"{'Angry': 0.00023708443040959537, 'Disgusted': 0.00013664407015312463, 'Fearful': 4.246577009325847e-05, 'Happy': 0.0004655320954043418, 'Neutral': 0.009645666927099228, 'Other': 6.219587703526486e-06, 'Sad': 3.016142909473274e-05, 'Surprised': 0.9894354343414307, 'Unknown': 7.268671424753848e-07}",Inverted sit-ups--
MARY,01:12:30,01:12:31,Fearful,"{'Angry': 0.009002928622066975, 'Disgusted': 0.003854303853586316, 'Fearful': 0.9371001720428467, 'Happy': 0.012346416711807251, 'Neutral': 0.001404019072651863, 'Other': 0.024196729063987732, 'Sad': 0.0012445616303011775, 'Surprised': 0.010666896589100361, 'Unknown': 0.0001839423639466986}",(sings) Even Phillip had a--
"MARY, TRAVIS",01:12:31,01:12:33,Angry,"{'Angry': 0.9965234398841858, 'Disgusted': 0.0005488740280270576, 'Fearful': 0.00012151728151366115, 'Happy': 0.0017270997632294893, 'Neutral': 0.0004766543279401958, 'Other': 1.4591901162930299e-05, 'Sad': 0.00042650927207432687, 'Surprised': 0.0001487874542362988, 'Unknown': 1.2604175026353914e-05}",(sings) Montage!
SAM,01:12:33,01:12:36,Neutral,"{'Angry': 1.4362133697432e-05, 'Disgusted': 1.9292772776680067e-05, 'Fearful': 1.1761014775402145e-06, 'Happy': 0.0001851709675975144, 'Neutral': 0.9997517466545105, 'Other': 8.298730790556874e-06, 'Sad': 4.002974492323119e-06, 'Surprised': 4.540092959359754e-06, 'Unknown': 1.1543687833182048e-05}","All right, we go west along the Glass... Hand... Road."
TALIESIN,01:12:36,01:12:37,Neutral,"{'Angry': 5.538041932595661e-06, 'Disgusted': 2.6084621822519694e-06, 'Fearful': 1.495832520959084e-06, 'Happy': 0.0003481328021734953, 'Neutral': 0.9996174573898315, 'Other': 2.1955652300675865e-06, 'Sad': 1.5028252164484002e-05, 'Surprised': 3.9661551909375703e-07, 'Unknown': 7.080386239977088e-06}",Glasswalk Road.
MATT,01:12:37,01:13:42,Happy,"{'Angry': 7.21191062424964e-09, 'Disgusted': 2.0166210035199583e-08, 'Fearful': 4.835166045324968e-09, 'Happy': 1.0, 'Neutral': 6.394958784738947e-09, 'Other': 2.9754538388715446e-08, 'Sad': 1.0399303640440394e-08, 'Surprised': 3.0606952527989506e-09, 'Unknown': 2.0383463805728752e-08}","You embark on the Glasswalk Road, which forms right on the outskirts of the Braving Grounds. You are let through the front gates of the outside of the Vesper Timberlands, and this is the first time you've actually seen a formal road that is carved and at least traversed enough that the Timberland hasn't completely consumed it. You can still see various tree roots and branches are progressively, almost angrily, pushing in towards this gate, but you get the feeling based on the cuts that whoever goes through here-- at least some people go through here, they keep it relatively well-kept for travel up north. You ride out into it and the canopy almost completely encloses it, so it's like a tunnel of very dense tree, vine, and leaf structure. You push forward out into the cold air and begin to ride for the remainder of the day. A good eight or nine hours hit before the chill begins to grow. The sun begins to find itself setting across the far mountains, and the forest around you grows darker and darker still."
LAURA,01:13:42,01:13:45,Angry,"{'Angry': 0.9955723285675049, 'Disgusted': 0.00016290933126583695, 'Fearful': 0.002482061507180333, 'Happy': 0.0008885294082574546, 'Neutral': 0.00027755717746913433, 'Other': 7.267692126333714e-05, 'Sad': 0.0003706252609845251, 'Surprised': 3.096446380368434e-05, 'Unknown': 0.00014229367661755532}",Probably need to make camp.
FELICIA,01:13:45,01:13:49,Neutral,"{'Angry': 0.00781064061447978, 'Disgusted': 0.017665507271885872, 'Fearful': 0.0003127326490357518, 'Happy': 0.01109505258500576, 'Neutral': 0.9302774667739868, 'Other': 0.003708534874022007, 'Sad': 0.0008474825299344957, 'Surprised': 0.0004313747340347618, 'Unknown': 0.027851181104779243}",I think we should make camp! I-- should we make camp? Yes! We should make camp!
MARY,01:13:49,01:13:51,Neutral,"{'Angry': 0.09847160428762436, 'Disgusted': 0.05633004754781723, 'Fearful': 0.0066654859110713005, 'Happy': 0.09384266287088394, 'Neutral': 0.5122179388999939, 'Other': 0.007269494701176882, 'Sad': 0.0076954239048063755, 'Surprised': 0.0011209029471501708, 'Unknown': 0.21638645231723785}",I shall take first watch.
TRAVIS,01:13:51,01:13:54,Happy,"{'Angry': 2.3269652160706755e-07, 'Disgusted': 1.5976344229784445e-06, 'Fearful': 7.640252306373441e-07, 'Happy': 0.9999392032623291, 'Neutral': 5.7247111726610456e-06, 'Other': 3.453387193985691e-07, 'Sad': 3.812619411291962e-07, 'Surprised': 2.1603193900432416e-08, 'Unknown': 5.1827104471158236e-05}",I have a firewood bundle that we can make a fire with.
LAURA,01:13:54,01:13:57,Unknown,"{'Angry': 0.04612104222178459, 'Disgusted': 0.020471254363656044, 'Fearful': 0.001991171622648835, 'Happy': 0.28760114312171936, 'Neutral': 0.07635648548603058, 'Other': 0.010165783576667309, 'Sad': 0.0003728518495336175, 'Surprised': 0.0001805049687391147, 'Unknown': 0.5567397475242615}","There's also lots of wood around, Grog."
MARY,01:13:57,01:13:58,Happy,"{'Angry': 0.3931618928909302, 'Disgusted': 0.0005054388311691582, 'Fearful': 7.192879274953157e-05, 'Happy': 0.5107101202011108, 'Neutral': 0.08360607922077179, 'Other': 0.001386767253279686, 'Sad': 0.009969678707420826, 'Surprised': 0.0004217276000417769, 'Unknown': 0.00016638087981846184}",Yes.
TRAVIS,01:13:58,01:14:04,Neutral,"{'Angry': 0.0007168114534579217, 'Disgusted': 1.1717605957528576e-05, 'Fearful': 6.485659582722292e-07, 'Happy': 0.0002264862268930301, 'Neutral': 0.9990168809890747, 'Other': 9.188671356241684e-06, 'Sad': 7.160458608268527e-06, 'Surprised': 1.130569216911681e-06, 'Unknown': 9.902998499455862e-06}",And I have an axe. Let's do that instead. Can I find a really tiny tree and start hacking away at it?
SAM,01:14:04,01:14:05,Neutral,"{'Angry': 9.95987534224696e-07, 'Disgusted': 2.2511004260650225e-07, 'Fearful': 1.8045119176690605e-08, 'Happy': 2.8622614536288893e-06, 'Neutral': 0.9999927282333374, 'Other': 2.0288673852064676e-08, 'Sad': 9.754713801157777e-07, 'Surprised': 2.223640876763966e-06, 'Unknown': 1.4058720854137619e-09}",Tiny?
TRAVIS,01:14:05,01:14:08,Neutral,"{'Angry': 6.620808079560447e-08, 'Disgusted': 2.4512392116093906e-08, 'Fearful': 1.8057832562590193e-08, 'Happy': 6.967142667235748e-07, 'Neutral': 0.999998927116394, 'Other': 6.519911721625249e-09, 'Sad': 2.5335845066365437e-07, 'Surprised': 3.090505629188556e-08, 'Unknown': 2.32140635603173e-08}","Yeah, tiny. We don't need to kill, like, Grandpa Tree. We kill Baby Tree."
LAURA,01:14:08,01:14:10,Happy,"{'Angry': 0.00047209422336891294, 'Disgusted': 0.0009809629991650581, 'Fearful': 7.242606079671532e-05, 'Happy': 0.9835593104362488, 'Neutral': 0.0141209177672863, 'Other': 4.881077984464355e-05, 'Sad': 7.076464680721983e-05, 'Surprised': 0.0003370912454556674, 'Unknown': 0.00033758507925085723}",Keyleth would be proud.
TRAVIS,01:14:10,01:14:12,Neutral,"{'Angry': 7.045763777568936e-05, 'Disgusted': 7.68928584875539e-05, 'Fearful': 6.749106250936165e-05, 'Happy': 0.004570320714265108, 'Neutral': 0.9934746623039246, 'Other': 0.000135816604597494, 'Sad': 0.0001826519874157384, 'Surprised': 1.6942341972026043e-05, 'Unknown': 0.0014047370059415698}",Don't-- how about don't tell Keyleth?
LAURA,01:14:12,01:14:14,Neutral,"{'Angry': 0.010553109459578991, 'Disgusted': 0.2525360882282257, 'Fearful': 0.0004763359029311687, 'Happy': 0.0023136164527386427, 'Neutral': 0.7299190759658813, 'Other': 0.0001725925540085882, 'Sad': 0.003367807948961854, 'Surprised': 0.00042572992970235646, 'Unknown': 0.0002356724435230717}",I miss my brother.
MATT,01:14:14,01:14:46,Happy,"{'Angry': 5.9544414398260415e-05, 'Disgusted': 9.29936213651672e-05, 'Fearful': 1.1202349014638457e-05, 'Happy': 0.998555600643158, 'Neutral': 0.0007223454304039478, 'Other': 0.0004085772961843759, 'Sad': 5.652378240483813e-05, 'Surprised': 3.3329859434161335e-05, 'Unknown': 5.988451084704138e-05}","Okay. You guys get off of the main road, as that's probably not a very good area to be out in the open. You find, after about a five to ten minute walk, a small opening and along the way you find a tree that looks viable. There's a small slope of hill that heads up to an upper platform area maybe about five to ten feet up, and a small opening that you think would be a fitting place to put a fire that wouldn't be in danger of setting the nearby vegetation aflame. You go ahead and start looking for firewood. Go ahead and make an athletics roll."
TRAVIS,01:14:46,01:14:51,Neutral,"{'Angry': 7.64475844334811e-05, 'Disgusted': 0.00014010374434292316, 'Fearful': 4.8624475311953574e-05, 'Happy': 0.30660736560821533, 'Neutral': 0.6924416422843933, 'Other': 3.7050827813800424e-05, 'Sad': 0.0004436334129422903, 'Surprised': 4.4432679715100676e-05, 'Unknown': 0.00016067843534983695}",16.
MATT,01:14:51,01:15:01,Happy,"{'Angry': 1.3841558029525913e-05, 'Disgusted': 2.3021826564217918e-05, 'Fearful': 9.923736570272013e-07, 'Happy': 0.9991751313209534, 'Neutral': 0.0006842286675237119, 'Other': 2.444260462652892e-05, 'Sad': 5.118589342600899e-06, 'Surprised': 5.211198185861576e-06, 'Unknown': 6.797879177611321e-05}","All right. After a good 15, 20 minute period-- relatively brief for most folk-- you come back with a nice, hefty stack of firewood from the driest small tree you could find."
LAURA,01:15:01,01:15:02,Angry,"{'Angry': 0.5768374800682068, 'Disgusted': 0.047366831451654434, 'Fearful': 0.006198443938046694, 'Happy': 0.06584396213293076, 'Neutral': 0.262501060962677, 'Other': 0.00040967631503008306, 'Sad': 0.01642034947872162, 'Surprised': 0.019058100879192352, 'Unknown': 0.005364201497286558}","Good job, Grog."
TRAVIS,01:15:02,01:15:03,Neutral,"{'Angry': 0.19797484576702118, 'Disgusted': 0.0803188607096672, 'Fearful': 0.0009927465580403805, 'Happy': 0.034597139805555344, 'Neutral': 0.677876889705658, 'Other': 0.00038732518441975117, 'Sad': 0.0055232965387403965, 'Surprised': 0.0014982807915657759, 'Unknown': 0.0008306424133479595}","Hey, Zahra?"
MARY,01:15:03,01:15:04,Happy,"{'Angry': 0.010194973088800907, 'Disgusted': 0.006356236059218645, 'Fearful': 0.00142070057336241, 'Happy': 0.7191097736358643, 'Neutral': 0.23998722434043884, 'Other': 0.00104265077970922, 'Sad': 0.000552679761312902, 'Surprised': 0.00011428890138631687, 'Unknown': 0.021221544593572617}",Well done.
TRAVIS,01:15:04,01:15:05,Happy,"{'Angry': 5.018122919864254e-06, 'Disgusted': 8.362133598893706e-07, 'Fearful': 2.9153108371815506e-08, 'Happy': 0.9998015761375427, 'Neutral': 0.00018865578749682754, 'Other': 1.3033949031182601e-08, 'Sad': 2.7197281724511413e-06, 'Surprised': 1.1445825975897606e-06, 'Unknown': 3.0197622180594408e-09}",Impressed?
MARY,01:15:05,01:15:10,Neutral,"{'Angry': 0.0001406883675372228, 'Disgusted': 4.143557816860266e-05, 'Fearful': 4.371044724393869e-06, 'Happy': 0.03276430815458298, 'Neutral': 0.9669490456581116, 'Other': 1.5147250451263972e-05, 'Sad': 1.3528711860999465e-05, 'Surprised': 1.5367270407296019e-06, 'Unknown': 6.994191789999604e-05}",Yes. (laughter)
SAM,01:15:10,01:15:13,Neutral,"{'Angry': 1.2760398021782748e-05, 'Disgusted': 5.392560069594765e-06, 'Fearful': 9.101560181079549e-07, 'Happy': 0.0008093849755823612, 'Neutral': 0.9991620779037476, 'Other': 1.5154843140408047e-06, 'Sad': 3.1893662253423827e-06, 'Surprised': 4.6558182020817185e-07, 'Unknown': 4.411040663399035e-06}","Kord's strength to you, sir."
MATT,01:15:13,01:15:40,Neutral,"{'Angry': 5.4056712542660534e-05, 'Disgusted': 0.00018185963563155383, 'Fearful': 3.297096782262088e-06, 'Happy': 2.1235029635136016e-05, 'Neutral': 0.9989217519760132, 'Other': 7.073488177411491e-06, 'Sad': 4.479627477849135e-06, 'Surprised': 0.0008052955963648856, 'Unknown': 9.978236903407378e-07}","Throwing the wood down, you begin to set up small stones into a fire pit establishment, and begin building a fire as the entirety of the sun disappears behind the distant mountain range. At this point, the temperature has gotten extremely cold, and most of you begin to pull up your winter cloaks and get your bedrolls ready for an evening's bit of rest. Is there anything in particular that you guys want to do before the night and sleep take you?"
MARY,01:15:40,01:15:43,Neutral,"{'Angry': 1.0280854390032346e-08, 'Disgusted': 2.595739179156453e-10, 'Fearful': 9.277557888598409e-11, 'Happy': 3.3133606969215634e-09, 'Neutral': 1.0, 'Other': 3.627133662864601e-11, 'Sad': 2.78902256845015e-09, 'Surprised': 2.0194983185728432e-10, 'Unknown': 2.5249627388923557e-10}",I would like to go out. Has the moon risen?
MATT,01:15:43,01:16:01,Neutral,"{'Angry': 0.0011334242299199104, 'Disgusted': 0.000397297932067886, 'Fearful': 3.6728546547237784e-05, 'Happy': 0.0002814285981003195, 'Neutral': 0.9976640939712524, 'Other': 0.00021752594329882413, 'Sad': 1.761572821123991e-05, 'Surprised': 3.86620149583905e-06, 'Unknown': 0.00024813401978462934}","About two hours into nightfall, you can see a gentle bit of moonlight begin to appear off the distant horizon to the northeast, from your position. It's hard to see because the trees are so thick, but you take a moment to walk through, and you can see little bits of the moonlight peeking."
MARY,01:16:01,01:16:07,Happy,"{'Angry': 6.580481567652896e-05, 'Disgusted': 0.0004907688708044589, 'Fearful': 0.0004579195810947567, 'Happy': 0.9826101660728455, 'Neutral': 0.0016634566709399223, 'Other': 0.00019793389947153628, 'Sad': 0.0002504654403310269, 'Surprised': 7.40682371542789e-05, 'Unknown': 0.014189435169100761}","I just bask in what little rays I can for ten, 15 minutes before retiring."
MATT,01:16:07,01:16:10,Neutral,"{'Angry': 0.00015033311501611024, 'Disgusted': 0.0008053016499616206, 'Fearful': 1.8971173631143756e-05, 'Happy': 0.00212909746915102, 'Neutral': 0.9964064955711365, 'Other': 4.650897972169332e-05, 'Sad': 8.660215098643675e-05, 'Surprised': 4.852534402743913e-06, 'Unknown': 0.00035177351674064994}",All right. Anything else you wish to do?
FELICIA,01:16:10,01:16:19,Neutral,"{'Angry': 3.5849907362717204e-06, 'Disgusted': 3.066127192141721e-06, 'Fearful': 5.3923738363437224e-08, 'Happy': 1.9920282738894457e-06, 'Neutral': 0.9999024868011475, 'Other': 1.3777619756183412e-07, 'Sad': 4.380539451176446e-07, 'Surprised': 8.822559902910143e-05, 'Unknown': 1.677033445446341e-08}","I'm going to change my stone, my Transmuter Stone, to be resisting ice or cold."
LAURA,01:16:19,01:16:20,Surprised,"{'Angry': 0.03939303755760193, 'Disgusted': 0.06118569150567055, 'Fearful': 0.04264066740870476, 'Happy': 0.06685052812099457, 'Neutral': 0.19421528279781342, 'Other': 0.02219635806977749, 'Sad': 0.007566799409687519, 'Surprised': 0.563601016998291, 'Unknown': 0.0023505701683461666}","Ah, that's really good."
TALIESIN,01:16:20,01:16:21,Sad,"{'Angry': 0.0038174644578248262, 'Disgusted': 0.01740008033812046, 'Fearful': 0.00866186898201704, 'Happy': 0.10774438083171844, 'Neutral': 0.14843837916851044, 'Other': 0.00038783979834988713, 'Sad': 0.5916855335235596, 'Surprised': 0.12154316902160645, 'Unknown': 0.0003212900192011148}",Clever.
MATT,01:16:21,01:16:23,Neutral,"{'Angry': 0.001536596566438675, 'Disgusted': 0.024252131581306458, 'Fearful': 0.003270855639129877, 'Happy': 0.005637232214212418, 'Neutral': 0.8935727477073669, 'Other': 0.0015736203640699387, 'Sad': 0.004227559547871351, 'Surprised': 0.06460681557655334, 'Unknown': 0.0013224415015429258}","Good call. Good call, indeed."
LAURA,01:16:23,01:16:28,Angry,"{'Angry': 0.6820750832557678, 'Disgusted': 0.01924727112054825, 'Fearful': 0.0005168883362784982, 'Happy': 0.07235583662986755, 'Neutral': 0.2198205143213272, 'Other': 0.0013505625538527966, 'Sad': 0.00048118631821125746, 'Surprised': 0.0004219796392135322, 'Unknown': 0.0037307394668459892}",I need something like that. Do we have any magic stuff that makes us resistant?
MARY,01:16:28,01:16:33,Neutral,"{'Angry': 0.0001313141401624307, 'Disgusted': 1.1224916306673549e-05, 'Fearful': 5.537602191907354e-06, 'Happy': 6.801432027714327e-05, 'Neutral': 0.9997125267982483, 'Other': 3.867159648507368e-06, 'Sad': 4.111044472665526e-05, 'Surprised': 6.005609520798316e-07, 'Unknown': 2.5849569283309393e-05}",I have a Ring of Protection. May I do that around the camp?
MATT,01:16:33,01:16:35,Angry,"{'Angry': 0.9667350053787231, 'Disgusted': 0.02608456090092659, 'Fearful': 0.0004918365157209337, 'Happy': 0.0020457515493035316, 'Neutral': 0.0026589015033096075, 'Other': 8.396807970711961e-05, 'Sad': 0.0008020099485293031, 'Surprised': 0.0007398395682685077, 'Unknown': 0.0003581467899493873}",The Ring of Protection is an actual ring you wear.
MARY,01:16:35,01:16:36,Neutral,"{'Angry': 0.0021897272672504187, 'Disgusted': 0.0005229210946708918, 'Fearful': 0.0011574921663850546, 'Happy': 0.012167687527835369, 'Neutral': 0.9828063249588013, 'Other': 1.693791818979662e-05, 'Sad': 0.0006753369816578925, 'Surprised': 0.00042071117786690593, 'Unknown': 4.286476178094745e-05}",Oh! I have a ring.
MATT,01:16:36,01:16:37,Surprised,"{'Angry': 0.0019487353274598718, 'Disgusted': 0.0036661967169493437, 'Fearful': 0.061566006392240524, 'Happy': 0.19975118339061737, 'Neutral': 0.05888330191373825, 'Other': 0.0002731885761022568, 'Sad': 0.03774131089448929, 'Surprised': 0.6358249187469482, 'Unknown': 0.00034516025334596634}","Yes, and it protects you."
MARY,01:16:37,01:16:38,Neutral,"{'Angry': 0.10453842580318451, 'Disgusted': 0.08350072056055069, 'Fearful': 0.00281715695746243, 'Happy': 0.18906749784946442, 'Neutral': 0.5337120294570923, 'Other': 0.00018743870896287262, 'Sad': 0.0717700719833374, 'Surprised': 0.01429707184433937, 'Unknown': 0.00010956814367091283}",And it protects me.
MATT,01:16:38,01:16:40,Angry,"{'Angry': 0.9976189732551575, 'Disgusted': 0.0004060927021782845, 'Fearful': 6.300892709987238e-05, 'Happy': 3.930686943931505e-05, 'Neutral': 0.0016290030907839537, 'Other': 1.2362970664980821e-05, 'Sad': 5.4921209084568545e-05, 'Surprised': 4.145383172726724e-06, 'Unknown': 0.00017205758194904774}",Yep. (laughs)
MARY,01:16:40,01:16:42,Surprised,"{'Angry': 9.15398049983196e-05, 'Disgusted': 8.630366937723011e-05, 'Fearful': 3.4996235626749694e-05, 'Happy': 0.0007609408348798752, 'Neutral': 5.770464849774726e-05, 'Other': 1.7295782527071424e-05, 'Sad': 7.49582204662147e-06, 'Surprised': 0.9989410042762756, 'Unknown': 2.678783630472026e-06}",You see? I'm learning everything. Not all at once.
LAURA,01:16:42,01:16:43,Neutral,"{'Angry': 2.7170119665242964e-07, 'Disgusted': 9.708097081784217e-08, 'Fearful': 1.9589913691220318e-08, 'Happy': 4.406171683513094e-06, 'Neutral': 0.999994158744812, 'Other': 3.833463324554032e-08, 'Sad': 9.386972692482232e-07, 'Surprised': 7.33383060946835e-08, 'Unknown': 1.8769888754377462e-08}","I have one, too."
MARY,01:16:43,01:16:45,Neutral,"{'Angry': 0.05737011879682541, 'Disgusted': 0.035819586366415024, 'Fearful': 0.00146608822979033, 'Happy': 0.02015002816915512, 'Neutral': 0.5037473440170288, 'Other': 0.008539196103811264, 'Sad': 0.0007916619651950896, 'Surprised': 0.00030805158894509077, 'Unknown': 0.37180790305137634}","Oh, you do? Oh, yours is nice."
MATT,01:16:45,01:16:48,Neutral,"{'Angry': 1.657334358640128e-08, 'Disgusted': 4.651989071735585e-10, 'Fearful': 3.577043661273649e-10, 'Happy': 1.7450344103053794e-07, 'Neutral': 0.9999998807907104, 'Other': 7.195328968062631e-12, 'Sad': 9.052130600650798e-09, 'Surprised': 1.988925468765501e-09, 'Unknown': 1.4829245470471264e-11}",Very helpful.
LAURA,01:16:48,01:16:54,Happy,"{'Angry': 4.504770913626999e-06, 'Disgusted': 2.720970542213763e-06, 'Fearful': 1.1592157989070984e-06, 'Happy': 0.9984979629516602, 'Neutral': 0.001486671739257872, 'Other': 2.0203215456149337e-07, 'Sad': 6.072420546843205e-06, 'Surprised': 2.782075512186566e-07, 'Unknown': 3.6138612813374493e-07}","Yeah, but we don't have any ice-resistant things, outside of that damn--"
TALIESIN,01:16:54,01:16:57,Neutral,"{'Angry': 6.3569586927769706e-06, 'Disgusted': 1.3299779311637394e-05, 'Fearful': 3.7804149997100467e-06, 'Happy': 0.00016927697288338095, 'Neutral': 0.9997244477272034, 'Other': 3.817193373834016e-06, 'Sad': 1.1510866897879168e-05, 'Surprised': 5.658675377162581e-07, 'Unknown': 6.688604480586946e-05}",Or fire spells. Fire spells would be very--
FELICIA,01:16:57,01:16:59,Neutral,"{'Angry': 9.117196952956874e-08, 'Disgusted': 2.3216824018845728e-08, 'Fearful': 1.98527128070225e-09, 'Happy': 3.0631613867626584e-07, 'Neutral': 0.9999995231628418, 'Other': 2.133072163346128e-09, 'Sad': 2.4702490719619163e-08, 'Surprised': 3.4801943549211956e-09, 'Unknown': 3.5141929366488966e-09}","Oh, I have a fire spell."
TALIESIN,01:16:59,01:17:00,Disgusted,"{'Angry': 0.004818662069737911, 'Disgusted': 0.6927900314331055, 'Fearful': 0.00014248448133002967, 'Happy': 0.00208278582431376, 'Neutral': 0.025166217237710953, 'Other': 0.26661044359207153, 'Sad': 0.006250697188079357, 'Surprised': 0.0006790184415876865, 'Unknown': 0.0014596519758924842}",Excellent.
FELICIA,01:17:00,01:17:02,Angry,"{'Angry': 0.5332778692245483, 'Disgusted': 0.0047973040491342545, 'Fearful': 0.011412573978304863, 'Happy': 0.32588991522789, 'Neutral': 0.003622865304350853, 'Other': 0.005943326745182276, 'Sad': 0.0006834854721091688, 'Surprised': 0.00013083968951832503, 'Unknown': 0.11424179375171661}","That's how I took down the worg. So, anyway, we were in the forest--"
MARY,01:17:02,01:17:10,Neutral,"{'Angry': 0.0006611875724047422, 'Disgusted': 0.0033070261124521494, 'Fearful': 0.0008630715892650187, 'Happy': 0.015936098992824554, 'Neutral': 0.54411780834198, 'Other': 0.008652265183627605, 'Sad': 0.0502639040350914, 'Surprised': 2.0884876903437544e-06, 'Unknown': 0.3761965334415436}",How powerful is it? Because I can conjure something and it would be very-- too large for this particular--
FELICIA,01:17:10,01:17:15,Neutral,"{'Angry': 4.023174412430379e-14, 'Disgusted': 1.656595380383557e-15, 'Fearful': 2.4151262489626694e-16, 'Happy': 5.523372761224131e-14, 'Neutral': 1.0, 'Other': 4.609860877796874e-16, 'Sad': 1.2910402998403403e-13, 'Surprised': 2.530125699337811e-14, 'Unknown': 1.2813783135956231e-15}","I mean, I think a Fireball would not help here. I can do Firebolt, but there's really no use until we get there."
LAURA,01:17:15,01:17:16,Neutral,"{'Angry': 4.642648931962867e-08, 'Disgusted': 6.1813429930168695e-09, 'Fearful': 2.1237913649940765e-09, 'Happy': 5.60429953111452e-07, 'Neutral': 0.9999992847442627, 'Other': 4.850771451181402e-10, 'Sad': 6.571129063104308e-08, 'Surprised': 1.2755053013790985e-08, 'Unknown': 6.2667893097057e-10}",Are we starting a fire?
FELICIA,01:17:16,01:17:17,Neutral,"{'Angry': 0.00047939602518454194, 'Disgusted': 0.00019289441115688533, 'Fearful': 6.478800059994683e-05, 'Happy': 0.003039867151528597, 'Neutral': 0.9950483441352844, 'Other': 2.7960550141870044e-06, 'Sad': 0.0010929462732747197, 'Surprised': 7.734153041383252e-05, 'Unknown': 1.5909773765088175e-06}",I can start the fire.
SAM,01:17:17,01:17:18,Neutral,"{'Angry': 0.0009704500553198159, 'Disgusted': 0.0025434717535972595, 'Fearful': 9.471115481574088e-05, 'Happy': 0.3886600732803345, 'Neutral': 0.6012588143348694, 'Other': 0.00046743382699787617, 'Sad': 0.0015222224174067378, 'Surprised': 9.017308184411377e-05, 'Unknown': 0.004392631817609072}",Do we not have a fire going?
LAURA,01:17:18,01:17:20,Angry,"{'Angry': 0.4008254110813141, 'Disgusted': 0.014574453234672546, 'Fearful': 0.08065619319677353, 'Happy': 0.16039326786994934, 'Neutral': 0.13444525003433228, 'Other': 0.014038615860044956, 'Sad': 0.0039475648663938046, 'Surprised': 0.00018701006774790585, 'Unknown': 0.19093219935894012}","Yeah, of course we do."
MATT,01:17:20,01:17:24,Neutral,"{'Angry': 7.394264756044322e-09, 'Disgusted': 7.111673472337543e-09, 'Fearful': 3.206167331626375e-09, 'Happy': 2.7265537028142717e-07, 'Neutral': 0.9999997615814209, 'Other': 3.5873417569831645e-09, 'Sad': 5.196795527240283e-08, 'Surprised': 1.086404188832546e-09, 'Unknown': 1.7393311679825274e-08}","You guys look over and Grog is sitting there, rubbing wood together."
LAURA,01:17:24,01:17:26,Neutral,"{'Angry': 1.2753454257108388e-06, 'Disgusted': 1.976058456421015e-06, 'Fearful': 1.6484649734138657e-07, 'Happy': 4.269677083357237e-05, 'Neutral': 0.999932050704956, 'Other': 1.7278970290135476e-06, 'Sad': 1.6224577848333865e-05, 'Surprised': 4.867623459858805e-08, 'Unknown': 3.834874860331183e-06}","Grog, one second. Here--"
TRAVIS,01:17:26,01:17:29,Neutral,"{'Angry': 1.5371615518233739e-06, 'Disgusted': 1.3546269883590867e-06, 'Fearful': 2.2163293067478662e-07, 'Happy': 0.00024991840473376215, 'Neutral': 0.9997381567955017, 'Other': 1.706220160713201e-07, 'Sad': 7.928526429168414e-06, 'Surprised': 3.434696225212974e-07, 'Unknown': 3.572847333543905e-07}","No, I'm probably getting so close. (laughter)"
TRAVIS,01:17:29,01:17:32,Neutral,"{'Angry': 1.0209845122122196e-11, 'Disgusted': 9.828169094533434e-13, 'Fearful': 2.660922968512197e-13, 'Happy': 3.96247722134202e-11, 'Neutral': 1.0, 'Other': 1.0065224071960713e-13, 'Sad': 4.675631756767551e-11, 'Surprised': 3.3658798404695434e-12, 'Unknown': 5.434011530677796e-13}",Fine. Take all the joy out of everything.
MATT,01:17:32,01:17:49,Neutral,"{'Angry': 4.570633205247532e-09, 'Disgusted': 1.072606448104807e-09, 'Fearful': 1.0255452737029103e-10, 'Happy': 4.594392066792352e-06, 'Neutral': 0.9999953508377075, 'Other': 2.0678371515092664e-10, 'Sad': 3.9818750963149796e-08, 'Surprised': 1.683421846365718e-09, 'Unknown': 3.857749952818068e-10}","The ranger, who is very well-experienced in surviving in woodland areas, starts the fire that had taken you a good five, six minutes of aggressively fighting against the water-soaked wood of this woodland. (snaps) She lights the flames."
TRAVIS,01:17:49,01:17:50,Neutral,"{'Angry': 1.448400507797487e-05, 'Disgusted': 1.4543294355462422e-06, 'Fearful': 1.2386030903144274e-06, 'Happy': 0.0011837143683806062, 'Neutral': 0.9987838864326477, 'Other': 1.395616351373974e-07, 'Sad': 8.509626240993384e-06, 'Surprised': 6.47432534606196e-06, 'Unknown': 3.52337146125592e-08}",I warmed it up first.
LAURA,01:17:50,01:17:52,Neutral,"{'Angry': 7.69744943340811e-08, 'Disgusted': 4.9502162369208236e-08, 'Fearful': 4.833025091244281e-09, 'Happy': 1.386343200238116e-07, 'Neutral': 0.9999995231628418, 'Other': 1.2131350146660225e-08, 'Sad': 1.6142958259024454e-07, 'Surprised': 5.14144193886068e-09, 'Unknown': 6.744972580463582e-08}","Thank you, Grog. You did. You really did."
TRAVIS,01:17:52,01:17:53,Neutral,"{'Angry': 0.15101946890354156, 'Disgusted': 0.15380758047103882, 'Fearful': 0.003925120923668146, 'Happy': 0.20303159952163696, 'Neutral': 0.4190095067024231, 'Other': 0.004705166444182396, 'Sad': 0.046478088945150375, 'Surprised': 0.017769580706954002, 'Unknown': 0.00025387443020008504}",Yeah. You're welcome.
MATT,01:17:53,01:17:55,Neutral,"{'Angry': 2.1388964910329378e-07, 'Disgusted': 2.6306315703550354e-07, 'Fearful': 7.543948044030913e-08, 'Happy': 7.164535873016575e-06, 'Neutral': 0.9999901056289673, 'Other': 1.5665330010961043e-07, 'Sad': 9.292431286667124e-07, 'Surprised': 7.711935978704787e-09, 'Unknown': 1.153998482550378e-06}",All right. Anyone keeping watch?
TALIESIN,01:17:55,01:17:56,Neutral,"{'Angry': 3.9365479626018995e-11, 'Disgusted': 2.369552254063989e-12, 'Fearful': 6.396031165638305e-13, 'Happy': 3.236555745633751e-10, 'Neutral': 1.0, 'Other': 1.2790549869245993e-13, 'Sad': 2.0280831181107573e-10, 'Surprised': 3.7837996624823234e-11, 'Unknown': 9.918386505982854e-14}",I'll keep watch.
MATT,01:17:56,01:17:57,Neutral,"{'Angry': 0.15705466270446777, 'Disgusted': 0.017682913690805435, 'Fearful': 0.004297200590372086, 'Happy': 0.22940492630004883, 'Neutral': 0.5034162402153015, 'Other': 4.615766374627128e-05, 'Sad': 0.07123091071844101, 'Surprised': 0.016859158873558044, 'Unknown': 7.786298738210462e-06}","All right, so you're taking first watch."
TALIESIN,01:17:57,01:17:58,Neutral,"{'Angry': 9.843001862464007e-06, 'Disgusted': 1.1453147408246878e-06, 'Fearful': 1.3863537162706052e-07, 'Happy': 0.0023144460283219814, 'Neutral': 0.9976667165756226, 'Other': 6.728593575644481e-07, 'Sad': 5.859687462361762e-06, 'Surprised': 1.1121052239104756e-06, 'Unknown': 2.0417627411006833e-07}",I'll take first watch.
SAM,01:17:58,01:18:01,Neutral,"{'Angry': 0.00017491912876721472, 'Disgusted': 0.00010890337580349296, 'Fearful': 0.0001145292553701438, 'Happy': 0.0001559396187076345, 'Neutral': 0.9990849494934082, 'Other': 1.9306566173327155e-05, 'Sad': 0.0002379802754148841, 'Surprised': 9.064780169865116e-05, 'Unknown': 1.2753500413964503e-05}",She had already-- Zahra had volunteered.
FELICIA,01:18:01,01:18:02,Neutral,"{'Angry': 0.0007715557003393769, 'Disgusted': 0.0005618628929369152, 'Fearful': 0.0023884219117462635, 'Happy': 0.005878406576812267, 'Neutral': 0.8971962332725525, 'Other': 4.525977055891417e-05, 'Sad': 0.005058743990957737, 'Surprised': 0.0880780965089798, 'Unknown': 2.140233300451655e-05}",Zahra had first watch.
TALIESIN,01:18:02,01:18:03,Neutral,"{'Angry': 0.0026329276151955128, 'Disgusted': 6.440644210670143e-05, 'Fearful': 7.712559454375878e-05, 'Happy': 0.0026057844515889883, 'Neutral': 0.9938716888427734, 'Other': 6.039376785338391e-06, 'Sad': 0.00047985612764023244, 'Surprised': 0.0002594911493360996, 'Unknown': 2.755714376689866e-06}","I'll take second watch, then."
FELICIA,01:18:03,01:18:04,Sad,"{'Angry': 0.00010160401870962232, 'Disgusted': 0.00017395374015904963, 'Fearful': 0.0012386387679725885, 'Happy': 0.00043973064748570323, 'Neutral': 0.01483804453164339, 'Other': 5.899777079321211e-06, 'Sad': 0.982995331287384, 'Surprised': 0.00020381015201564878, 'Unknown': 2.951372835013899e-06}",You can take second watch.
MATT,01:18:04,01:18:06,Neutral,"{'Angry': 0.014954671263694763, 'Disgusted': 0.011206750757992268, 'Fearful': 0.001749941031448543, 'Happy': 0.040909942239522934, 'Neutral': 0.9231806993484497, 'Other': 9.558505553286523e-05, 'Sad': 0.0048432438634335995, 'Surprised': 0.0027892785146832466, 'Unknown': 0.0002698542666621506}","All right, so Zahra takes first watch. Percy takes second watch."
LAURA,01:18:06,01:18:07,Neutral,"{'Angry': 0.00214672414585948, 'Disgusted': 0.008292725309729576, 'Fearful': 0.000894466764293611, 'Happy': 0.0036306525580585003, 'Neutral': 0.9452201724052429, 'Other': 1.2279877410037443e-05, 'Sad': 0.009076735004782677, 'Surprised': 0.030719563364982605, 'Unknown': 6.663223302894039e-06}",Can I watch with Zahra?
MATT,01:18:07,01:18:09,Neutral,"{'Angry': 1.968455990208895e-06, 'Disgusted': 4.101409558643354e-06, 'Fearful': 6.018439307808876e-06, 'Happy': 1.194086598843569e-05, 'Neutral': 0.999840497970581, 'Other': 1.1195918432349572e-06, 'Sad': 0.0001317824935540557, 'Surprised': 1.7967938674701145e-06, 'Unknown': 7.228794061120425e-07}",If you'd like to.
TRAVIS,01:18:09,01:18:10,Neutral,"{'Angry': 0.01656467467546463, 'Disgusted': 0.03510322794318199, 'Fearful': 0.0012094920966774225, 'Happy': 0.02198387309908867, 'Neutral': 0.850551962852478, 'Other': 5.0210041081300005e-05, 'Sad': 0.06787125766277313, 'Surprised': 0.006630051881074905, 'Unknown': 3.52767419826705e-05}",Third watch.
MATT,01:18:10,01:18:11,Neutral,"{'Angry': 0.00024123724142555147, 'Disgusted': 0.00034456225694157183, 'Fearful': 3.9229722460731864e-05, 'Happy': 0.0016397000290453434, 'Neutral': 0.9901830554008484, 'Other': 9.799276995181572e-06, 'Sad': 0.006541265640407801, 'Surprised': 0.000999533454887569, 'Unknown': 1.6993046756397234e-06}",Third watch for Grog. All right.
SAM,01:18:11,01:18:12,Angry,"{'Angry': 0.7071972489356995, 'Disgusted': 0.0016046962700784206, 'Fearful': 7.261557038873434e-05, 'Happy': 0.003922418691217899, 'Neutral': 0.28610196709632874, 'Other': 2.6730796889751218e-05, 'Sad': 0.000947842258028686, 'Surprised': 0.00012000184506177902, 'Unknown': 6.546647909999592e-06}",No watch.
FELICIA,01:18:12,01:18:14,Surprised,"{'Angry': 0.005882483907043934, 'Disgusted': 0.0017538747051730752, 'Fearful': 0.011948381550610065, 'Happy': 0.041600849479436874, 'Neutral': 0.1284119188785553, 'Other': 0.00019103329395875335, 'Sad': 0.027417605742812157, 'Surprised': 0.7824231386184692, 'Unknown': 0.00037068582605570555}","I'm-- I would take watch, just for the record, but I just get so peckish--"
TRAVIS,01:18:14,01:18:16,Angry,"{'Angry': 0.4558200538158417, 'Disgusted': 0.12463954836130142, 'Fearful': 0.10076406598091125, 'Happy': 0.1518843024969101, 'Neutral': 0.04736098274588585, 'Other': 0.0008366274414584041, 'Sad': 0.024962125346064568, 'Surprised': 0.09347762912511826, 'Unknown': 0.0002545842726249248}",You just sleep. You need your beauty rest.
SAM,01:18:16,01:18:18,Happy,"{'Angry': 6.76333911542315e-06, 'Disgusted': 3.3144331155199325e-06, 'Fearful': 6.98824294431688e-07, 'Happy': 0.9999711513519287, 'Neutral': 1.3791292076348327e-05, 'Other': 9.459940031320002e-08, 'Sad': 6.474505198639235e-07, 'Surprised': 3.2010455015551997e-06, 'Unknown': 2.1612713396734762e-07}","I'm sleeping, yes. Thank you."
TALIESIN,01:18:18,01:18:20,Happy,"{'Angry': 3.387965989531949e-06, 'Disgusted': 1.4933715647202916e-05, 'Fearful': 4.0666059248906095e-06, 'Happy': 0.9997509121894836, 'Neutral': 0.0001559034426463768, 'Other': 2.9229693154775305e-06, 'Sad': 4.985646683053346e-06, 'Surprised': 9.5648547357996e-06, 'Unknown': 5.334354136721231e-05}",You're going to be clear for leading tomorrow.
FELICIA,01:18:20,01:18:24,Happy,"{'Angry': 6.967672379687428e-05, 'Disgusted': 3.0377330404007807e-05, 'Fearful': 0.00027174977003596723, 'Happy': 0.9928659200668335, 'Neutral': 9.31772228796035e-05, 'Other': 4.304144749767147e-05, 'Sad': 0.006477544084191322, 'Surprised': 0.0001409339311067015, 'Unknown': 7.618234121764544e-06}","I really need my head clear, and I just cannot function without sleep. There was one time, when I--"
TRAVIS,01:18:24,01:18:26,Happy,"{'Angry': 0.0010258749825879931, 'Disgusted': 0.0036390621680766344, 'Fearful': 0.0026215706020593643, 'Happy': 0.8812659978866577, 'Neutral': 0.07666409015655518, 'Other': 0.00024251471040770411, 'Sad': 0.02034006081521511, 'Surprised': 0.014161672443151474, 'Unknown': 3.9197711885208264e-05}","Oh, man. No, no, yeah."
MARY,01:18:26,01:18:27,Neutral,"{'Angry': 0.00143846042919904, 'Disgusted': 0.0006190275307744741, 'Fearful': 5.784102904726751e-05, 'Happy': 0.3734823763370514, 'Neutral': 0.6184977293014526, 'Other': 0.0007063360535539687, 'Sad': 0.0010426727822050452, 'Surprised': 0.004107029177248478, 'Unknown': 4.8524914745939896e-05}",I think-- shall we?
LAURA,01:18:27,01:18:28,Neutral,"{'Angry': 2.174444671254605e-05, 'Disgusted': 3.797334557020804e-06, 'Fearful': 3.5321538689458976e-06, 'Happy': 6.250440492294729e-05, 'Neutral': 0.999885082244873, 'Other': 2.750917929006391e-06, 'Sad': 1.6580808733124286e-05, 'Surprised': 4.0228951547760516e-07, 'Unknown': 3.48492926605104e-06}",Yes.
MARY,01:18:28,01:18:30,Neutral,"{'Angry': 0.012779323384165764, 'Disgusted': 0.02105887234210968, 'Fearful': 0.0017586014000698924, 'Happy': 0.06986197084188461, 'Neutral': 0.8730314373970032, 'Other': 0.00044200668344274163, 'Sad': 0.012182468548417091, 'Surprised': 0.000779928988777101, 'Unknown': 0.008105442859232426}","First watch, Percy."
MARY,01:18:30,01:18:32,Neutral,"{'Angry': 0.0032851118594408035, 'Disgusted': 0.0009114948334172368, 'Fearful': 0.00019501610950101167, 'Happy': 0.05200784280896187, 'Neutral': 0.9278185367584229, 'Other': 0.0003662202216219157, 'Sad': 0.000578712613787502, 'Surprised': 0.014346111565828323, 'Unknown': 0.0004909236449748278}","Oh, is it you and I?"
LAURA,01:18:32,01:18:33,Happy,"{'Angry': 1.7599436432647053e-06, 'Disgusted': 1.8981733092005015e-06, 'Fearful': 4.0707922721594514e-07, 'Happy': 0.999975323677063, 'Neutral': 1.8055712644127198e-05, 'Other': 6.708666688837184e-08, 'Sad': 1.7003289940475952e-06, 'Surprised': 7.421475061164529e-07, 'Unknown': 1.6448740325358813e-07}",It was us.
TALIESIN,01:18:33,01:18:34,Neutral,"{'Angry': 3.862864694781365e-09, 'Disgusted': 5.254209844984814e-10, 'Fearful': 1.2307774244213476e-10, 'Happy': 9.528115185730712e-09, 'Neutral': 1.0, 'Other': 2.6468284161640376e-11, 'Sad': 9.083591656633416e-09, 'Surprised': 2.0643207143677955e-09, 'Unknown': 9.98443081684508e-12}",I'm second watch.
MARY,01:18:34,01:18:35,Neutral,"{'Angry': 0.00012963417975697666, 'Disgusted': 1.4406021364266053e-05, 'Fearful': 8.719400739209959e-07, 'Happy': 4.756456473842263e-05, 'Neutral': 0.9997864365577698, 'Other': 2.0826844320254168e-06, 'Sad': 1.7990359992836602e-05, 'Surprised': 6.465948558798118e-07, 'Unknown': 4.3656521597768005e-07}",I'm so sorry.
MATT,01:18:35,01:18:43,Neutral,"{'Angry': 0.0004960452788509429, 'Disgusted': 0.0004984174738638103, 'Fearful': 0.002877113176509738, 'Happy': 0.0001684043527347967, 'Neutral': 0.9537541270256042, 'Other': 0.02193315513432026, 'Sad': 0.009970417246222496, 'Surprised': 0.00047133921179920435, 'Unknown': 0.009831023402512074}","All right. As the rest of you make your bedrolls, prepare and gather around the fire, eventually drift off to sleep. Vex and Zahra are left awake."
MARY,01:18:43,01:18:52,Neutral,"{'Angry': 2.887616590285802e-09, 'Disgusted': 4.604487346959729e-10, 'Fearful': 4.2031622626836906e-10, 'Happy': 1.5126183638969337e-09, 'Neutral': 0.9999997615814209, 'Other': 3.983380899436062e-12, 'Sad': 1.811386169947582e-07, 'Surprised': 1.0611136275207045e-10, 'Unknown': 4.623843842532782e-12}",You need help carrying your purse? Your bag?
LAURA,01:18:52,01:18:55,Neutral,"{'Angry': 0.0014124218141660094, 'Disgusted': 0.0006816048407927155, 'Fearful': 0.0011495486833155155, 'Happy': 0.008957450278103352, 'Neutral': 0.5462754368782043, 'Other': 0.00037071219412609935, 'Sad': 0.43998339772224426, 'Surprised': 0.0011098168324679136, 'Unknown': 5.962010982329957e-05}","Oh, no. It's quite comfortable against my side, actually."
MARY,01:18:55,01:18:56,Other,"{'Angry': 0.025876300409436226, 'Disgusted': 0.002327890368178487, 'Fearful': 0.0032700218725949526, 'Happy': 0.009571582078933716, 'Neutral': 0.0033458576072007418, 'Other': 0.9259161949157715, 'Sad': 0.02352488413453102, 'Surprised': 0.005612195935100317, 'Unknown': 0.0005550574278458953}",Could I feel how heavy it is?
LAURA,01:18:56,01:18:59,Surprised,"{'Angry': 0.0015100601594895124, 'Disgusted': 0.005167307332158089, 'Fearful': 0.0006387117318809032, 'Happy': 0.0018826531013473868, 'Neutral': 0.00341734173707664, 'Other': 0.00015851449279580265, 'Sad': 0.0007879676413722336, 'Surprised': 0.986381471157074, 'Unknown': 5.603977115242742e-05}","It's not heavy at all. We don't have anything in it, darling."
MARY,01:18:59,01:19:00,Surprised,"{'Angry': 0.003576769959181547, 'Disgusted': 0.01651742309331894, 'Fearful': 0.009207144379615784, 'Happy': 0.07934468984603882, 'Neutral': 0.3448774218559265, 'Other': 0.0007164401467889547, 'Sad': 0.0828578844666481, 'Surprised': 0.4628024399280548, 'Unknown': 9.986411896534264e-05}","Oh, all right."
LAURA,01:19:00,01:19:02,Neutral,"{'Angry': 8.883602298226378e-09, 'Disgusted': 7.231331977664013e-09, 'Fearful': 6.858404399956441e-10, 'Happy': 2.5652842072787507e-09, 'Neutral': 1.0, 'Other': 4.344011816925786e-10, 'Sad': 4.020317945219176e-08, 'Surprised': 7.760125320110944e-10, 'Unknown': 1.834913193610177e-10}",Where do you come from?
MARY,01:19:02,01:19:08,Happy,"{'Angry': 6.622007941992081e-10, 'Disgusted': 2.6787667639638357e-09, 'Fearful': 5.548451142978195e-10, 'Happy': 1.0, 'Neutral': 1.668772853236078e-08, 'Other': 1.0520417870196752e-09, 'Sad': 6.5385989955757395e-09, 'Surprised': 9.573433157328282e-10, 'Unknown': 2.0371637710070445e-09}",(exhales) I come--
LAURA,01:19:08,01:19:11,Neutral,"{'Angry': 1.4640938239551815e-08, 'Disgusted': 1.3726345393649808e-08, 'Fearful': 2.987530445253128e-09, 'Happy': 1.0218923307547811e-07, 'Neutral': 0.9999997615814209, 'Other': 1.0708925302083117e-08, 'Sad': 1.3359394301915017e-07, 'Surprised': 1.2515720682060305e-09, 'Unknown': 4.106795259417595e-08}",We just don't see very many tieflings around here.
MARY,01:19:11,01:19:18,Neutral,"{'Angry': 6.424293041984441e-11, 'Disgusted': 1.1433044615205556e-11, 'Fearful': 4.064473584086681e-12, 'Happy': 9.509169146548757e-11, 'Neutral': 1.0, 'Other': 1.8964320131625856e-12, 'Sad': 3.360071942903886e-10, 'Surprised': 3.656083769065788e-11, 'Unknown': 4.74324626884709e-13}",No. I come from very far away. It took quite a long time for me to get here. I come from the land of Feren.
LAURA,01:19:18,01:19:19,Neutral,"{'Angry': 1.5735430451968568e-06, 'Disgusted': 9.414163741894299e-07, 'Fearful': 5.3333444327563484e-08, 'Happy': 2.459905226714909e-05, 'Neutral': 0.9999712705612183, 'Other': 5.1268067124965455e-08, 'Sad': 1.265325295207731e-06, 'Surprised': 2.4578793045293423e-07, 'Unknown': 2.0074834239380834e-08}",Feren.
MARY,01:19:19,01:19:25,Neutral,"{'Angry': 0.00174356356728822, 'Disgusted': 0.0019182967953383923, 'Fearful': 0.009371621534228325, 'Happy': 0.004792047664523125, 'Neutral': 0.9417533874511719, 'Other': 6.711312744300812e-05, 'Sad': 0.014396168291568756, 'Surprised': 0.02583794854581356, 'Unknown': 0.00011986788013018668}","Yes. Very far-off, mountainous, dark. Very dark."
LAURA,01:19:25,01:19:28,Neutral,"{'Angry': 5.752998549723998e-05, 'Disgusted': 1.3222119378042407e-05, 'Fearful': 7.835056749172509e-06, 'Happy': 0.00037773835356347263, 'Neutral': 0.999413013458252, 'Other': 7.625679359080095e-07, 'Sad': 0.0001051192230079323, 'Surprised': 2.428932384646032e-05, 'Unknown': 5.20682192473032e-07}",And you left because...?
MARY,01:19:28,01:19:39,Sad,"{'Angry': 0.003757919417694211, 'Disgusted': 0.01230109017342329, 'Fearful': 0.002864293986931443, 'Happy': 0.014529197476804256, 'Neutral': 0.019451001659035683, 'Other': 0.0012961606262251735, 'Sad': 0.9193159341812134, 'Surprised': 0.0012373006902635098, 'Unknown': 0.02524716779589653}","My father was killed, and I was left on my own in the woods, so I left."
LAURA,01:19:39,01:19:42,Sad,"{'Angry': 0.15009310841560364, 'Disgusted': 0.03943480923771858, 'Fearful': 0.0075691561214625835, 'Happy': 0.0006699565565213561, 'Neutral': 0.3586929738521576, 'Other': 0.00010934581223409623, 'Sad': 0.4427955150604248, 'Surprised': 0.0001228955661645159, 'Unknown': 0.0005122343427501619}",That sounds familiar.
MARY,01:19:42,01:19:44,Neutral,"{'Angry': 0.004622996784746647, 'Disgusted': 0.004090277478098869, 'Fearful': 0.0020703773479908705, 'Happy': 0.0014402446104213595, 'Neutral': 0.6964209675788879, 'Other': 0.0009836350800469518, 'Sad': 0.2734324038028717, 'Surprised': 2.0381963622639887e-05, 'Unknown': 0.01691867969930172}","Oh, it does?"
LAURA,01:19:44,01:19:45,Neutral,"{'Angry': 0.018096769228577614, 'Disgusted': 0.016552090644836426, 'Fearful': 0.000514985469635576, 'Happy': 0.027958132326602936, 'Neutral': 0.8851162791252136, 'Other': 0.00010301198199158534, 'Sad': 0.04496631398797035, 'Surprised': 0.006633166689425707, 'Unknown': 5.922180207562633e-05}","Yes, actually."
MARY,01:19:45,01:19:47,Neutral,"{'Angry': 0.0005956885870546103, 'Disgusted': 0.0013792113168165088, 'Fearful': 0.0005044043646194041, 'Happy': 0.05393045395612717, 'Neutral': 0.9167630076408386, 'Other': 0.00015832509961910546, 'Sad': 0.0007623450364917517, 'Surprised': 0.02587270364165306, 'Unknown': 3.3958873245865107e-05}",Why? Why is that?
LAURA,01:19:47,01:19:48,Neutral,"{'Angry': 0.03936044126749039, 'Disgusted': 0.023166103288531303, 'Fearful': 0.0006699680234305561, 'Happy': 0.006196959875524044, 'Neutral': 0.7836512327194214, 'Other': 0.06673144549131393, 'Sad': 0.07807011902332306, 'Surprised': 0.0019463127246126533, 'Unknown': 0.0002073717041639611}",My mother was killed.
MARY,01:19:48,01:19:49,Neutral,"{'Angry': 0.016072342172265053, 'Disgusted': 0.0034513892605900764, 'Fearful': 0.00041318099829368293, 'Happy': 0.06669203191995621, 'Neutral': 0.6517953872680664, 'Other': 9.93558278423734e-05, 'Sad': 0.2250000387430191, 'Surprised': 0.03645886480808258, 'Unknown': 1.7408321582479402e-05}",She was?
LAURA,01:19:49,01:19:50,Surprised,"{'Angry': 0.0007065937388688326, 'Disgusted': 0.00035213821684010327, 'Fearful': 8.486705337418243e-05, 'Happy': 0.0015407676110044122, 'Neutral': 0.01686357520520687, 'Other': 0.00011286049266345799, 'Sad': 0.0027383745182305574, 'Surprised': 0.9775985479354858, 'Unknown': 2.3191614673123695e-06}",Yes.
MARY,01:19:50,01:19:51,Neutral,"{'Angry': 0.02798132784664631, 'Disgusted': 0.2503090798854828, 'Fearful': 0.0005826664273627102, 'Happy': 0.05634598806500435, 'Neutral': 0.6231860518455505, 'Other': 0.0014749841066077352, 'Sad': 0.03195115551352501, 'Surprised': 0.007746709045022726, 'Unknown': 0.0004220247792545706}",By whom?
LAURA,01:19:51,01:19:54,Happy,"{'Angry': 6.387757821357809e-06, 'Disgusted': 1.3907708307669964e-05, 'Fearful': 7.566051749563485e-07, 'Happy': 0.9996997117996216, 'Neutral': 0.0002495260850992054, 'Other': 2.2393689960154006e-06, 'Sad': 1.0513889719732106e-05, 'Surprised': 1.6762769519118592e-05, 'Unknown': 2.2692508139243728e-07}",A dragon. (sighs) I wonder if it was white.
MARY,01:19:54,01:19:57,Happy,"{'Angry': 0.00013598483928944916, 'Disgusted': 0.0004046703688800335, 'Fearful': 0.00013988130376674235, 'Happy': 0.996831476688385, 'Neutral': 0.0009997669840231538, 'Other': 0.00020761766063515097, 'Sad': 0.0010108007118105888, 'Surprised': 0.0002453932829666883, 'Unknown': 2.4328852305188775e-05}",I wonder if it was.
TRAVIS,01:19:57,01:19:59,Happy,"{'Angry': 0.005411786958575249, 'Disgusted': 0.008605747483670712, 'Fearful': 0.0014290388207882643, 'Happy': 0.779281735420227, 'Neutral': 0.17536741495132446, 'Other': 0.009547781199216843, 'Sad': 0.015624461695551872, 'Surprised': 0.0010103151435032487, 'Unknown': 0.003721741260960698}","Shit. I mean, (snores)"
MARY,01:19:59,01:20:01,Neutral,"{'Angry': 0.003249106230214238, 'Disgusted': 0.011808695271611214, 'Fearful': 0.0002053094794973731, 'Happy': 0.017309613525867462, 'Neutral': 0.9572687149047852, 'Other': 0.0006244059768505394, 'Sad': 0.0031476253643631935, 'Surprised': 0.0063328128308057785, 'Unknown': 5.374113970901817e-05}",What about your father?
LAURA,01:20:01,01:20:02,Neutral,"{'Angry': 0.0015306976856663823, 'Disgusted': 0.001389827812090516, 'Fearful': 6.20784776401706e-05, 'Happy': 0.006902363151311874, 'Neutral': 0.9651439785957336, 'Other': 0.00013404438504949212, 'Sad': 0.0009239782812073827, 'Surprised': 0.02390795201063156, 'Unknown': 5.019878244638676e-06}",My father's alive.
MARY,01:20:02,01:20:03,Happy,"{'Angry': 1.1169035141200823e-10, 'Disgusted': 1.901243606994285e-10, 'Fearful': 2.843870972046858e-11, 'Happy': 1.0, 'Neutral': 1.4092488287431593e-09, 'Other': 7.340275609557523e-10, 'Sad': 7.277931590721209e-10, 'Surprised': 1.5050118096215925e-10, 'Unknown': 2.713697495881906e-11}",And what is he?
LAURA,01:20:03,01:20:05,Happy,"{'Angry': 0.00134687265381217, 'Disgusted': 0.0002742746437434107, 'Fearful': 0.00018999534950125962, 'Happy': 0.9963000416755676, 'Neutral': 0.0004909898270852864, 'Other': 0.0008495372021570802, 'Sad': 0.0002189900988014415, 'Surprised': 0.00016570820298511535, 'Unknown': 0.00016364135080948472}","An asshole, actually."
MARY,01:20:05,01:20:06,Happy,"{'Angry': 0.0007342261960729957, 'Disgusted': 0.00011984827142441645, 'Fearful': 1.1616519259405322e-05, 'Happy': 0.8792253136634827, 'Neutral': 0.11544723063707352, 'Other': 8.442183570878115e-06, 'Sad': 0.0004743245372083038, 'Surprised': 0.0039780037477612495, 'Unknown': 9.242441478818364e-07}",Really? Mine was an asshole too.
LAURA,01:20:06,01:20:07,Neutral,"{'Angry': 0.0175612885504961, 'Disgusted': 0.00048598196008242667, 'Fearful': 7.111697777872905e-05, 'Happy': 0.32569923996925354, 'Neutral': 0.652678906917572, 'Other': 7.09967571310699e-05, 'Sad': 0.0026858700439333916, 'Surprised': 0.0007280675927177072, 'Unknown': 1.8630034901434556e-05}",Really?
MARY,01:20:07,01:20:09,Neutral,"{'Angry': 0.004254007712006569, 'Disgusted': 0.003189939772710204, 'Fearful': 0.002025413094088435, 'Happy': 0.08506167680025101, 'Neutral': 0.872817873954773, 'Other': 0.0009707436547614634, 'Sad': 0.0011445155832916498, 'Surprised': 0.0004364107735455036, 'Unknown': 0.03009946085512638}",He was. He was a dark wizard. He was awful.
LAURA,01:20:09,01:20:11,Neutral,"{'Angry': 0.00029647262999787927, 'Disgusted': 0.0004977742792107165, 'Fearful': 0.00017443494289182127, 'Happy': 0.06743067502975464, 'Neutral': 0.9305823445320129, 'Other': 1.5835163139854558e-05, 'Sad': 0.00043222145177423954, 'Surprised': 0.00055418920237571, 'Unknown': 1.6002797565306537e-05}","Oh, wow. Mine's just a jerk."
MARY,01:20:11,01:20:13,Neutral,"{'Angry': 5.8683045978114023e-08, 'Disgusted': 7.580128169593081e-08, 'Fearful': 2.2315671088790623e-08, 'Happy': 7.678310112169129e-07, 'Neutral': 0.9999985694885254, 'Other': 2.1708485675731026e-08, 'Sad': 1.7393398366039037e-07, 'Surprised': 2.1545886852436524e-07, 'Unknown': 2.5790269919667708e-09}",He kept me in a cage.
LAURA,01:20:13,01:20:15,Neutral,"{'Angry': 0.0007317386334761977, 'Disgusted': 0.02260301448404789, 'Fearful': 5.1487924793036655e-05, 'Happy': 0.002518066205084324, 'Neutral': 0.9734438061714172, 'Other': 2.4777673388598487e-05, 'Sad': 0.0005736388266086578, 'Surprised': 3.36938064720016e-05, 'Unknown': 1.973544385691639e-05}",Zahra.
MARY,01:20:15,01:20:16,Sad,"{'Angry': 0.01698857918381691, 'Disgusted': 0.3144381642341614, 'Fearful': 0.0010100911604240537, 'Happy': 0.012594571337103844, 'Neutral': 0.27021488547325134, 'Other': 0.004506903234869242, 'Sad': 0.3457961082458496, 'Surprised': 0.03421681001782417, 'Unknown': 0.00023389566922560334}",I know.
LAURA,01:20:16,01:20:18,Neutral,"{'Angry': 8.537453383139493e-11, 'Disgusted': 2.5356708052703958e-11, 'Fearful': 1.893274252651178e-11, 'Happy': 3.508145440811461e-10, 'Neutral': 1.0, 'Other': 1.4827005725623343e-12, 'Sad': 1.0915242043552098e-09, 'Surprised': 1.6870288499504227e-10, 'Unknown': 6.870364520350503e-12}",Getting a bit personal here around the fire.
MARY,01:20:18,01:20:22,Happy,"{'Angry': 0.0026418031193315983, 'Disgusted': 0.0050370581448078156, 'Fearful': 0.0010618927190080285, 'Happy': 0.835630476474762, 'Neutral': 0.08013324439525604, 'Other': 0.0029016220942139626, 'Sad': 0.0010218702955171466, 'Surprised': 0.0004092069575563073, 'Unknown': 0.07116278260946274}",Sorry. I thought we were bonding.
LAURA,01:20:22,01:20:26,Neutral,"{'Angry': 8.237204383476637e-06, 'Disgusted': 3.202646257705055e-05, 'Fearful': 7.177461156970821e-06, 'Happy': 2.052148374787066e-05, 'Neutral': 0.9997859597206116, 'Other': 3.579337862902321e-05, 'Sad': 5.0003669457510114e-05, 'Surprised': 1.4137081052467693e-05, 'Unknown': 4.6100169129204005e-05}",(laughs) Here. Have some food.
MARY,01:20:26,01:20:28,Neutral,"{'Angry': 2.6180235063177903e-11, 'Disgusted': 4.7746004198934155e-12, 'Fearful': 2.4279619113831696e-12, 'Happy': 1.399340504582014e-10, 'Neutral': 1.0, 'Other': 8.236370027843443e-13, 'Sad': 4.4749012828582124e-10, 'Surprised': 3.6007474779609083e-11, 'Unknown': 8.037261177776256e-13}","Thank you. God, what is this?"
LAURA,01:20:28,01:20:31,Neutral,"{'Angry': 3.4157158097514184e-06, 'Disgusted': 1.5388653991976753e-05, 'Fearful': 4.544224339042557e-06, 'Happy': 7.4563549787853844e-06, 'Neutral': 0.9998410940170288, 'Other': 6.458469579229131e-05, 'Sad': 3.8932565075811e-05, 'Surprised': 1.702652099311308e-07, 'Unknown': 2.432688052067533e-05}",Disgusting. Grog found it. I don't know.
TRAVIS,01:20:31,01:20:32,Neutral,"{'Angry': 0.00016253899957519025, 'Disgusted': 7.76441374910064e-05, 'Fearful': 0.0005666231736540794, 'Happy': 0.0003774945216719061, 'Neutral': 0.9968327879905701, 'Other': 4.549116965790745e-06, 'Sad': 0.0003962905320804566, 'Surprised': 0.0015753167681396008, 'Unknown': 6.78233482176438e-06}",It's wood.
MARY,01:20:32,01:20:38,Neutral,"{'Angry': 4.6557838118133077e-07, 'Disgusted': 3.4919128211186035e-07, 'Fearful': 8.520923699961713e-08, 'Happy': 1.2200184755783994e-06, 'Neutral': 0.9999964237213135, 'Other': 1.2517791958543967e-07, 'Sad': 6.423701393032388e-07, 'Surprised': 3.206274357125949e-08, 'Unknown': 6.924241802153119e-07}","Is it wood? All right, well at least it's elm."
LAURA,01:20:38,01:20:40,Happy,"{'Angry': 1.4079618582130138e-09, 'Disgusted': 6.474809577383667e-09, 'Fearful': 3.763735545447844e-09, 'Happy': 1.0, 'Neutral': 7.001846213938734e-09, 'Other': 4.485773530404913e-09, 'Sad': 1.1847960834643345e-08, 'Surprised': 4.8301704858033645e-09, 'Unknown': 6.766811000424866e-10}",Oh.
MATT,01:20:40,01:20:49,Happy,"{'Angry': 0.02037378028035164, 'Disgusted': 0.03384773060679436, 'Fearful': 0.0004070712311659008, 'Happy': 0.6762303709983826, 'Neutral': 0.22517889738082886, 'Other': 0.02079017646610737, 'Sad': 0.0035151808988302946, 'Surprised': 0.0024072113446891308, 'Unknown': 0.01724965311586857}","As you guys munch and awkwardly make your way through conversation through the evening, eventually your watch comes to a close, and you guys are able to rest. Percy, you take up second watch."
TALIESIN,01:20:49,01:20:50,Other,"{'Angry': 0.0888471007347107, 'Disgusted': 0.21461012959480286, 'Fearful': 0.006998482625931501, 'Happy': 0.07229948043823242, 'Neutral': 0.009897658601403236, 'Other': 0.3438754379749298, 'Sad': 0.001751737087033689, 'Surprised': 0.2597941756248474, 'Unknown': 0.001925796503201127}",I do.
MATT,01:20:50,01:20:58,Neutral,"{'Angry': 4.8862697742124706e-12, 'Disgusted': 2.817278745362306e-13, 'Fearful': 8.750357887278917e-14, 'Happy': 7.263806743595946e-12, 'Neutral': 1.0, 'Other': 2.25018588424818e-14, 'Sad': 1.516861289352356e-11, 'Surprised': 1.9613017807063038e-12, 'Unknown': 1.9935096596482987e-13}","About three, four hours go by--"
TALIESIN,01:20:58,01:21:00,Neutral,"{'Angry': 6.107814313994694e-14, 'Disgusted': 1.9962546393204657e-15, 'Fearful': 3.292847993989381e-16, 'Happy': 6.608166162706819e-14, 'Neutral': 1.0, 'Other': 4.086339194554349e-16, 'Sad': 2.064714366275741e-13, 'Surprised': 2.9757456671301516e-14, 'Unknown': 1.2207701416042625e-15}","(whispers) Oh, bollocks."
MATT,01:21:00,01:21:10,Neutral,"{'Angry': 1.02529035337761e-13, 'Disgusted': 3.913131280054889e-15, 'Fearful': 6.529254476934064e-16, 'Happy': 1.3628796713145014e-13, 'Neutral': 1.0, 'Other': 6.694757303289266e-16, 'Sad': 3.0328587948338925e-13, 'Surprised': 5.300875501892087e-14, 'Unknown': 2.608318741182292e-15}","Without incident. Eventually, your watch comes to a close. You find yourself just past the middle of the night period of the evening. Who has the third watch? Is that--"
TRAVIS,01:21:10,01:21:11,Neutral,"{'Angry': 0.00011546345194801688, 'Disgusted': 0.0005945700104348361, 'Fearful': 2.041871630353853e-05, 'Happy': 0.0009611087152734399, 'Neutral': 0.9981252551078796, 'Other': 1.2441921171557624e-05, 'Sad': 7.712530350545421e-05, 'Surprised': 6.020506771164946e-05, 'Unknown': 3.3373115002177656e-05}",I do.
MATT,01:21:11,01:21:12,Neutral,"{'Angry': 9.710753147373907e-06, 'Disgusted': 7.623638111908804e-07, 'Fearful': 9.048939375588816e-08, 'Happy': 3.999358887085691e-05, 'Neutral': 0.9999462366104126, 'Other': 2.4297969503095374e-07, 'Sad': 2.444776555421413e-06, 'Surprised': 3.3065697380152415e-07, 'Unknown': 1.4959769600864092e-07}",Grog. All right.
TALIESIN,01:21:12,01:21:13,Neutral,"{'Angry': 3.796335334982359e-08, 'Disgusted': 1.953141426369598e-09, 'Fearful': 2.446620961382706e-10, 'Happy': 1.2910309123981278e-06, 'Neutral': 0.9999986886978149, 'Other': 6.989114148536757e-11, 'Sad': 1.895355694614409e-08, 'Surprised': 5.937181857262885e-09, 'Unknown': 3.140953122593437e-11}","Wake up, Grog."
TRAVIS,01:21:13,01:21:15,Neutral,"{'Angry': 3.0304260434377284e-08, 'Disgusted': 3.1099865793748904e-08, 'Fearful': 7.62751550809071e-09, 'Happy': 9.636021047754184e-08, 'Neutral': 0.9999998807907104, 'Other': 1.0941991313018207e-08, 'Sad': 3.4999679598968214e-08, 'Surprised': 1.9162738951195024e-08, 'Unknown': 8.977917964614335e-09}",What? Mom? (screams and flails)
LAURA,01:21:15,01:21:16,Neutral,"{'Angry': 7.212192031147424e-06, 'Disgusted': 1.620833927518106e-06, 'Fearful': 1.397030899852325e-07, 'Happy': 0.0004411306872498244, 'Neutral': 0.9995416402816772, 'Other': 4.982214818483044e-07, 'Sad': 7.035540420474717e-06, 'Surprised': 4.545677541045734e-07, 'Unknown': 3.4510367186157964e-07}",Ugh. Grog.
TRAVIS,01:21:16,01:21:17,Happy,"{'Angry': 4.917119895253563e-06, 'Disgusted': 2.204867996624671e-06, 'Fearful': 2.4552610966566135e-07, 'Happy': 0.9955138564109802, 'Neutral': 0.0044638304971158504, 'Other': 5.99661973410548e-08, 'Sad': 1.1258062841079663e-05, 'Surprised': 3.5192520044802222e-06, 'Unknown': 8.785108640552153e-09}",Sorry.
MARY,01:21:17,01:21:20,Neutral,"{'Angry': 2.6036643951954375e-09, 'Disgusted': 4.868571101823704e-10, 'Fearful': 8.346923846547227e-11, 'Happy': 1.2959262107870018e-08, 'Neutral': 1.0, 'Other': 2.836705315090171e-10, 'Sad': 1.5931522767687056e-09, 'Surprised': 7.756663089608651e-10, 'Unknown': 4.0776315657353734e-10}",Is he always this loud?
"LAURA, TALIESIN",01:21:20,01:21:21,Neutral,"{'Angry': 0.004239864647388458, 'Disgusted': 0.0016816257266327739, 'Fearful': 0.0044915685430169106, 'Happy': 0.04436822608113289, 'Neutral': 0.9124466180801392, 'Other': 7.175451901275665e-05, 'Sad': 0.00890940148383379, 'Surprised': 0.023775804787874222, 'Unknown': 1.519235138403019e-05}",Yes.
MARY,01:21:21,01:21:23,Neutral,"{'Angry': 0.20850342512130737, 'Disgusted': 0.0026544060092419386, 'Fearful': 0.0010357507271692157, 'Happy': 0.01156011875718832, 'Neutral': 0.7674899101257324, 'Other': 5.905146826989949e-05, 'Sad': 0.0015315859345719218, 'Surprised': 0.0071249003522098064, 'Unknown': 4.077631820109673e-05}",All right.
TRAVIS,01:21:23,01:21:26,Happy,"{'Angry': 7.726850270728391e-10, 'Disgusted': 7.936780122008713e-09, 'Fearful': 3.896155398308565e-09, 'Happy': 1.0, 'Neutral': 2.1446316722517622e-08, 'Other': 2.1057626753417935e-09, 'Sad': 1.075888267365599e-08, 'Surprised': 2.614932048672358e-09, 'Unknown': 1.7292986598249627e-08}","All right, keep sleeping! (whispers) I mean, keep sleeping. You're safe while I'm out."
FELICIA,01:21:26,01:21:33,Sad,"{'Angry': 0.000372892536688596, 'Disgusted': 0.0031356692779809237, 'Fearful': 0.0005476222722791135, 'Happy': 0.025080302730202675, 'Neutral': 0.18307246267795563, 'Other': 0.00459760706871748, 'Sad': 0.7279492616653442, 'Surprised': 9.815723024075851e-05, 'Unknown': 0.05514601618051529}",Aldor! What? Huh? (laughter)
MATT,01:21:33,01:21:45,Happy,"{'Angry': 0.0004952889285050333, 'Disgusted': 0.004906045272946358, 'Fearful': 0.00048263397184200585, 'Happy': 0.8288282752037048, 'Neutral': 0.11420868337154388, 'Other': 0.04221475124359131, 'Sad': 0.002719531301409006, 'Surprised': 0.0006617776234634221, 'Unknown': 0.005483004730194807}","As the rest of you maintain or continue your sleep. Grog keeps a very watchful eye in the darkened woods around. Grog, go ahead and make a perception check."
TRAVIS,01:21:45,01:21:47,Neutral,"{'Angry': 0.0005028250743634999, 'Disgusted': 0.0017140806885436177, 'Fearful': 0.0004983447142876685, 'Happy': 0.1913701891899109, 'Neutral': 0.7979483604431152, 'Other': 0.0007252508075907826, 'Sad': 0.005789658986032009, 'Surprised': 0.000810059776995331, 'Unknown': 0.0006412602961063385}",Shit. Me?
MATT,01:21:47,01:21:48,Neutral,"{'Angry': 1.0775669352369732e-06, 'Disgusted': 3.7253737446008017e-06, 'Fearful': 5.510217420123809e-07, 'Happy': 1.8580740288598463e-05, 'Neutral': 0.9999655485153198, 'Other': 2.660686959643499e-07, 'Sad': 8.877025720721576e-06, 'Surprised': 1.2787763807864394e-06, 'Unknown': 1.4629209488248307e-07}",Yeah.
SAM,01:21:48,01:21:49,Happy,"{'Angry': 0.00018252243171446025, 'Disgusted': 0.0010922704823315144, 'Fearful': 0.0003595456655602902, 'Happy': 0.9889440536499023, 'Neutral': 0.002581867156550288, 'Other': 5.1917097152909264e-05, 'Sad': 0.0009276524069719017, 'Surprised': 0.005845329258590937, 'Unknown': 1.4937370906409342e-05}","Oh, he's the worst."
TRAVIS,01:21:49,01:21:55,Happy,"{'Angry': 1.1709172440532711e-06, 'Disgusted': 7.640816875209566e-06, 'Fearful': 2.145282678611693e-06, 'Happy': 0.9999477863311768, 'Neutral': 2.0351179045974277e-05, 'Other': 2.0977786334697157e-06, 'Sad': 4.900888598058373e-06, 'Surprised': 1.4718827969772974e-06, 'Unknown': 1.2440176760719623e-05}",I see everything. Yes! Minus... 16.
MATT,01:21:55,01:22:25,Happy,"{'Angry': 4.28206758940064e-09, 'Disgusted': 2.913319718800267e-08, 'Fearful': 3.56235774212621e-09, 'Happy': 0.9999995231628418, 'Neutral': 1.851876163527777e-07, 'Other': 4.0331268991167235e-08, 'Sad': 1.0257937788082927e-07, 'Surprised': 2.2244075470467806e-09, 'Unknown': 4.810220488593586e-08}","16. That's good. All right. As you're keeping your eyes around for any sort of dangerous or encroaching villainy, the fire itself is slightly mesmerizing in its pattern, and you look off to the right. You hear the slight snapping of a twig about 15, 20 feet off from the camp."
TRAVIS,01:22:25,01:22:27,Neutral,"{'Angry': 0.00048511926434002817, 'Disgusted': 0.000406982988351956, 'Fearful': 0.00026630618958733976, 'Happy': 0.011130562983453274, 'Neutral': 0.9853715300559998, 'Other': 0.00011529501352924854, 'Sad': 0.0002676760486792773, 'Surprised': 4.219647598802112e-05, 'Unknown': 0.001914171501994133}",I go to check it out by myself.
LAURA,01:22:27,01:22:29,Neutral,"{'Angry': 1.4252849723561667e-05, 'Disgusted': 1.131207864091266e-05, 'Fearful': 1.199887537950417e-05, 'Happy': 9.49701206991449e-05, 'Neutral': 0.9998353719711304, 'Other': 1.5527720051977667e-06, 'Sad': 2.1473024389706552e-05, 'Surprised': 7.379662747553084e-06, 'Unknown': 1.5727381423857878e-06}",What? (groans)
MATT,01:22:29,01:22:41,Neutral,"{'Angry': 4.123968011526813e-08, 'Disgusted': 9.885749108207165e-09, 'Fearful': 4.134046438508676e-09, 'Happy': 2.2222136522032088e-06, 'Neutral': 0.9999973773956299, 'Other': 7.233310062026987e-10, 'Sad': 3.3326546144962776e-07, 'Surprised': 2.3591292475089176e-08, 'Unknown': 6.660245133183196e-10}","Okay. You stand up, lifting your axe and begin to take a few steps away from the camp. As you turn around one of the nearby tree trunks, the first thing you're greeted by in the darkness-- do you have Darkvision?"
TRAVIS,01:22:41,01:22:48,Happy,"{'Angry': 2.880360483459299e-08, 'Disgusted': 1.9478801505101728e-07, 'Fearful': 5.06495716479094e-08, 'Happy': 0.9999971389770508, 'Neutral': 1.1995833801847766e-06, 'Other': 9.133118084037051e-08, 'Sad': 1.8023864356564445e-07, 'Surprised': 3.1612618300869144e-08, 'Unknown': 1.135052798417746e-06}","I have low-- Wait, the Dwarven Belt of Beard Power gives me-- I have Darkvision out to a range of 60 feet."
SAM,01:22:48,01:22:49,Neutral,"{'Angry': 0.016828984022140503, 'Disgusted': 0.014112940058112144, 'Fearful': 0.0007691967766731977, 'Happy': 0.02175196260213852, 'Neutral': 0.9272459745407104, 'Other': 0.001362342736683786, 'Sad': 0.007733938749879599, 'Surprised': 0.008090699091553688, 'Unknown': 0.002103959210216999}",Wow.
MATT,01:22:49,01:22:55,Sad,"{'Angry': 0.011514238081872463, 'Disgusted': 0.007458576466888189, 'Fearful': 0.0008885785937309265, 'Happy': 0.17826803028583527, 'Neutral': 0.09358648210763931, 'Other': 0.017141953110694885, 'Sad': 0.5816822052001953, 'Surprised': 7.421247573802248e-05, 'Unknown': 0.10938581824302673}","You do. So as you turn the corner, you get about a step before you notice, about 15 feet away from you--"
SAM,01:22:55,01:22:56,Happy,"{'Angry': 0.13157950341701508, 'Disgusted': 0.0029478087089955807, 'Fearful': 0.001375740859657526, 'Happy': 0.6065568923950195, 'Neutral': 0.25164371728897095, 'Other': 0.0002547781041357666, 'Sad': 0.0046290019527077675, 'Surprised': 0.0003460660809651017, 'Unknown': 0.0006664421525783837}",Your beard tingles.
MATT,01:22:56,01:23:06,Angry,"{'Angry': 0.9999840259552002, 'Disgusted': 4.324581823311746e-06, 'Fearful': 3.284761078248266e-06, 'Happy': 4.248830919095781e-06, 'Neutral': 1.6665309203744982e-06, 'Other': 7.398215728926516e-08, 'Sad': 1.664040723881044e-06, 'Surprised': 5.671172971233318e-07, 'Unknown': 1.7124864370998694e-07}","There is a very large fur-covered, wolf-like creature that is (snarls)."
MARY,01:23:06,01:23:07,Neutral,"{'Angry': 0.014914152212440968, 'Disgusted': 0.02158432826399803, 'Fearful': 0.0002286040544277057, 'Happy': 0.017378613352775574, 'Neutral': 0.9251161217689514, 'Other': 0.0012894254177808762, 'Sad': 0.0006938976002857089, 'Surprised': 0.0005504906293936074, 'Unknown': 0.01824435591697693}",Is it a worg?
MATT,01:23:07,01:23:24,Happy,"{'Angry': 5.3887051763013005e-06, 'Disgusted': 2.3775583031238057e-05, 'Fearful': 8.400314072787296e-06, 'Happy': 0.9995681643486023, 'Neutral': 0.00011361360520822927, 'Other': 1.2367389899736736e-05, 'Sad': 0.00025222101248800755, 'Surprised': 8.562761649955064e-06, 'Unknown': 7.510263458243571e-06}","Snarling at you with bony protrusions from parts of its body. It stands, from ground to top of its shoulder, almost up to your entire height, and it is currently snarling, and behind it you can see there are two very gingerly stepping humanoid figures in the darkness."
TRAVIS,01:23:24,01:23:27,Neutral,"{'Angry': 0.013669626787304878, 'Disgusted': 0.015973815694451332, 'Fearful': 0.001751911360770464, 'Happy': 0.0940794125199318, 'Neutral': 0.729964554309845, 'Other': 0.004485213663429022, 'Sad': 0.004284517373889685, 'Surprised': 0.00030852112104184926, 'Unknown': 0.13548240065574646}","(chuckles) I yell out, PLAYTIME!"
MATT,01:23:27,01:23:30,Happy,"{'Angry': 5.49215926071156e-08, 'Disgusted': 4.7001503844512627e-07, 'Fearful': 2.3590155251440592e-07, 'Happy': 0.9999754428863525, 'Neutral': 5.291599336487707e-06, 'Other': 2.0092338104404917e-07, 'Sad': 4.4161913592688506e-07, 'Surprised': 8.490985692333197e-09, 'Unknown': 1.7834028767538257e-05}",As you all wake up--
MARY,01:23:30,01:23:32,Happy,"{'Angry': 2.03958891442646e-10, 'Disgusted': 1.3076698612835003e-09, 'Fearful': 2.7330600005370798e-09, 'Happy': 1.0, 'Neutral': 3.074906718136816e-10, 'Other': 2.87947732324767e-09, 'Sad': 1.32558253262971e-09, 'Surprised': 7.644013755303547e-10, 'Unknown': 5.457347906911991e-10}",Where is he?
MATT,01:23:32,01:23:36,Happy,"{'Angry': 3.1218930871546036e-06, 'Disgusted': 7.555489446531283e-06, 'Fearful': 9.770603355718777e-06, 'Happy': 0.9979550838470459, 'Neutral': 8.562650691601448e-06, 'Other': 0.0019925686065107584, 'Sad': 1.2736988537653815e-05, 'Surprised': 2.790132384689059e-06, 'Unknown': 7.79030960984528e-06}",We're going to go to our break. (cheering)
MATT,01:23:36,01:23:47,Happy,"{'Angry': 5.083679184281209e-07, 'Disgusted': 2.97841302199231e-06, 'Fearful': 3.218269739591051e-07, 'Happy': 0.9999802112579346, 'Neutral': 6.540287813550094e-06, 'Other': 1.8920268303190824e-06, 'Sad': 2.255478648294229e-06, 'Surprised': 2.132471905724742e-07, 'Unknown': 4.979428922524676e-06}","All right, so we're gonna take a quick break here for us to go ahead and feed real fast on the wonderful food purchased by our beautiful chatroom. (cheering)"
MATT,01:23:47,01:24:01,Happy,"{'Angry': 1.6840099092974015e-08, 'Disgusted': 1.306393357936031e-07, 'Fearful': 2.6483800041887662e-08, 'Happy': 0.999998927116394, 'Neutral': 2.917467725183087e-07, 'Other': 1.0678734696512038e-07, 'Sad': 9.668210765312324e-08, 'Surprised': 2.0529055788642836e-08, 'Unknown': 4.2314229631301714e-07}","And we'll be back here. We're also going to show a really cool video as we recently put up our challenge to the Critter-verse-- of all the Critters that watch the show, the-- (chuckles), the Cancer Cream Pie Challenge. Those of you who haven't seen it can go look it up."
LAURA,01:24:01,01:24:02,Sad,"{'Angry': 0.0024425138253718615, 'Disgusted': 0.004883516114205122, 'Fearful': 0.00018430592899676412, 'Happy': 0.001304927747696638, 'Neutral': 0.014528595842421055, 'Other': 3.259570121372235e-06, 'Sad': 0.9766111373901367, 'Surprised': 3.872852903441526e-05, 'Unknown': 3.080858277826337e-06}",Cream cancer.
MATT,01:24:02,01:24:03,Neutral,"{'Angry': 0.2762939929962158, 'Disgusted': 0.21557386219501495, 'Fearful': 0.003090114099904895, 'Happy': 0.044412724673748016, 'Neutral': 0.3721926212310791, 'Other': 9.7362652013544e-05, 'Sad': 0.03047212027013302, 'Surprised': 0.05769561603665352, 'Unknown': 0.0001716154656605795}",Cream cancer.
MARY,01:24:03,01:24:04,Neutral,"{'Angry': 0.04420705512166023, 'Disgusted': 0.024827253073453903, 'Fearful': 0.0011334667215123773, 'Happy': 0.022245600819587708, 'Neutral': 0.8486595153808594, 'Other': 0.00016680467524565756, 'Sad': 0.05248527601361275, 'Surprised': 0.006201243959367275, 'Unknown': 7.372901018243283e-05}",Cream cancer.
MATT,01:24:04,01:24:05,Neutral,"{'Angry': 0.023907411843538284, 'Disgusted': 0.00019985753169748932, 'Fearful': 7.212880973384017e-06, 'Happy': 0.0021266345866024494, 'Neutral': 0.9730642437934875, 'Other': 1.5616000382578932e-05, 'Sad': 0.0005801738006994128, 'Surprised': 9.677686466602609e-05, 'Unknown': 2.0748191218444845e-06}",Yeah.
TALIESIN,01:24:05,01:24:06,Happy,"{'Angry': 9.409942867932841e-05, 'Disgusted': 0.0018636940512806177, 'Fearful': 1.112031804950675e-05, 'Happy': 0.995479941368103, 'Neutral': 0.0022316647227853537, 'Other': 0.00010497159382794052, 'Sad': 0.00011412775347707793, 'Surprised': 2.2944408556213602e-05, 'Unknown': 7.754475518595427e-05}",Cancer of the cream.
MATT,01:24:06,01:24:16,Happy,"{'Angry': 1.022934306704748e-10, 'Disgusted': 3.9105446658638243e-10, 'Fearful': 3.035792173200491e-10, 'Happy': 1.0, 'Neutral': 8.248959293410962e-10, 'Other': 2.4795521191833814e-10, 'Sad': 1.6470415031832886e-09, 'Surprised': 4.596854286109675e-10, 'Unknown': 1.481865324892695e-10}","Cancer of the cream, if you will. A bunch of our fans took up the challenge, and there's a wonderful video compilation of that. We'll go ahead and put that up here in a moment, but we'll be back shortly to to see what dangers have been unveiled in the nearby forest."
TRAVIS,01:24:16,01:24:17,Happy,"{'Angry': 0.00023359265469480306, 'Disgusted': 3.42603525496088e-05, 'Fearful': 1.0430378097225912e-05, 'Happy': 0.9965565204620361, 'Neutral': 0.0027629570104181767, 'Other': 2.229196525149746e-06, 'Sad': 0.00016052428691182286, 'Surprised': 0.0002394082403043285, 'Unknown': 1.0880344092356609e-07}",Yar.
MATT,01:24:17,01:33:49,Happy,"{'Angry': 9.126408656578988e-11, 'Disgusted': 3.9472339286028557e-10, 'Fearful': 2.247505376251624e-10, 'Happy': 1.0, 'Neutral': 1.0196660182870687e-09, 'Other': 8.130587314525428e-10, 'Sad': 1.5500496441944733e-09, 'Surprised': 1.6615013531673384e-10, 'Unknown': 7.287752623597044e-10}",See you momentarily. [break]
MATT,01:33:49,01:34:23,Neutral,"{'Angry': 4.576961097450816e-13, 'Disgusted': 1.7551259585773214e-14, 'Fearful': 3.429289966957235e-15, 'Happy': 6.085513495034112e-13, 'Neutral': 1.0, 'Other': 1.2586954065428634e-15, 'Sad': 1.0113840103950777e-12, 'Surprised': 1.7606624708524365e-13, 'Unknown': 8.840877587846553e-15}","Welcome back. So, a couple things we wanted to mention before we jump back into the game. I'm sure you guys have noticed our new format. We're trying out different-- new visual styles for the show to match the mood and up the quality of it. We're working out some kinks and appreciate you hanging with us in that, and things will progressively get better as we push forward from here. We hope you like the new format. This is all put together by our wonderful Overlord and his crack team of twitch experts. Also, wanted to mention to you guys the '5k and a bear' t-shirts that are up because of the ridiculous Trinket--"
LAURA,01:34:23,01:34:26,Neutral,"{'Angry': 4.716241286395473e-11, 'Disgusted': 7.206262496450844e-12, 'Fearful': 4.377768980656782e-12, 'Happy': 2.1886477352683897e-10, 'Neutral': 1.0, 'Other': 5.186020341461928e-13, 'Sad': 6.822641895887216e-10, 'Surprised': 1.4936664752274176e-11, 'Unknown': 2.3452273109625388e-12}",Yeah! Yeah! Yeah!
MATT,01:34:26,01:34:47,Neutral,"{'Angry': 0.0016651552869006991, 'Disgusted': 0.012859816662967205, 'Fearful': 0.004648180678486824, 'Happy': 0.001356643857434392, 'Neutral': 0.6294817924499512, 'Other': 0.0026302363257855177, 'Sad': 0.3271675705909729, 'Surprised': 5.392043385654688e-05, 'Unknown': 0.020136702805757523}","5k arrival from last week's episode, is available for one more day. So if you want to get that, get it soon, because once it's gone it's gone. So make sure to go check that out if you're interested. Other than that, are we good to go ahead and continue? Perfect. All right. First and foremost, I would like everyone to roll initiative."
TALIESIN,01:34:47,01:34:49,Neutral,"{'Angry': 0.0008324243244715035, 'Disgusted': 0.0012846299214288592, 'Fearful': 0.0003803063300438225, 'Happy': 0.0022176483180373907, 'Neutral': 0.9805583357810974, 'Other': 0.0003588286053854972, 'Sad': 0.008086062036454678, 'Surprised': 1.8247827028972097e-05, 'Unknown': 0.006263464689254761}",Yay!
LAURA,01:34:49,01:34:50,Neutral,"{'Angry': 6.731940338511322e-09, 'Disgusted': 9.720637628163331e-09, 'Fearful': 3.5533526121511727e-10, 'Happy': 3.6548324366947327e-09, 'Neutral': 1.0, 'Other': 8.310502286335009e-10, 'Sad': 1.0677294604022336e-08, 'Surprised': 3.1252542220805424e-10, 'Unknown': 1.0235163827587712e-09}",How did I just immediately forget that's what we were doing?
MARY,01:34:50,01:34:51,Angry,"{'Angry': 0.831142783164978, 'Disgusted': 0.0014933920465409756, 'Fearful': 0.00017243946786038578, 'Happy': 0.0705677792429924, 'Neutral': 0.09138347208499908, 'Other': 1.561343378853053e-05, 'Sad': 0.0051621003076434135, 'Surprised': 5.235106800682843e-05, 'Unknown': 1.001166401692899e-05}",How do I do that?
TRAVIS,01:34:51,01:34:52,Neutral,"{'Angry': 0.0021018879488110542, 'Disgusted': 0.001509173889644444, 'Fearful': 0.0010812676046043634, 'Happy': 0.49343374371528625, 'Neutral': 0.49404385685920715, 'Other': 0.0002023511624429375, 'Sad': 0.007389793172478676, 'Surprised': 0.00020649444195441902, 'Unknown': 3.140019180136733e-05}",You take a d20.
MARY,01:34:52,01:34:53,Neutral,"{'Angry': 7.461223867721856e-05, 'Disgusted': 0.0007086963159963489, 'Fearful': 2.7020008928957395e-05, 'Happy': 0.0016038180328905582, 'Neutral': 0.9946569204330444, 'Other': 1.7545269656693563e-05, 'Sad': 0.0028831276576966047, 'Surprised': 2.1014644516981207e-05, 'Unknown': 7.266408829309512e-06}",Okay.
TRAVIS,01:34:53,01:34:54,Happy,"{'Angry': 0.000762424897402525, 'Disgusted': 0.00032939520315267146, 'Fearful': 1.65745568665443e-05, 'Happy': 0.922081708908081, 'Neutral': 0.07372774928808212, 'Other': 0.00034991512075066566, 'Sad': 0.0009215853060595691, 'Surprised': 0.0018009537598118186, 'Unknown': 9.730548299557995e-06}",And roll it.
TALIESIN,01:34:54,01:34:55,Disgusted,"{'Angry': 0.00699327839538455, 'Disgusted': 0.8337414860725403, 'Fearful': 0.0005583061138167977, 'Happy': 0.016420967876911163, 'Neutral': 0.06251488626003265, 'Other': 6.867803313070908e-05, 'Sad': 0.07895664870738983, 'Surprised': 0.0006957953446544707, 'Unknown': 4.991742025595158e-05}",Eh.
FELICIA,01:34:55,01:34:56,Neutral,"{'Angry': 1.8212675811923873e-08, 'Disgusted': 6.684266473655498e-09, 'Fearful': 3.234864320855735e-10, 'Happy': 1.8787797984032295e-08, 'Neutral': 0.9999998807907104, 'Other': 5.56772294935115e-10, 'Sad': 6.840329547230795e-08, 'Surprised': 4.020305754970366e-10, 'Unknown': 2.114738162362073e-09}",(retches)
TRAVIS,01:34:56,01:35:00,Neutral,"{'Angry': 3.998837372343189e-11, 'Disgusted': 3.2507449423263557e-12, 'Fearful': 1.0687337516704365e-12, 'Happy': 4.04877076309873e-10, 'Neutral': 1.0, 'Other': 2.5663949047502466e-13, 'Sad': 3.098934719947266e-10, 'Surprised': 1.8454874781137498e-11, 'Unknown': 6.189037997372804e-13}","Look at that. Add initiative, which is..."
MARY,01:35:00,01:35:02,Neutral,"{'Angry': 0.0003617454203777015, 'Disgusted': 0.0008347425027750432, 'Fearful': 0.0003258946817368269, 'Happy': 0.03654099628329277, 'Neutral': 0.9442121982574463, 'Other': 0.0002650313836056739, 'Sad': 0.0006795151275582612, 'Surprised': 1.3666118320543319e-05, 'Unknown': 0.01676618680357933}","Oh. Heh. I don't know how that's possible, but yeah!"
TRAVIS,01:35:02,01:35:03,Neutral,"{'Angry': 2.9112906529960014e-10, 'Disgusted': 1.620231206145295e-11, 'Fearful': 1.5171556502421857e-12, 'Happy': 1.2203944521615995e-09, 'Neutral': 1.0, 'Other': 1.0901202900440166e-12, 'Sad': 2.4752047633747054e-10, 'Surprised': 2.023252398952735e-11, 'Unknown': 3.62765763609052e-12}",Shit. Better.
FELICIA,01:35:03,01:35:05,Neutral,"{'Angry': 7.424908835673705e-05, 'Disgusted': 0.00011645338963717222, 'Fearful': 6.064514673198573e-05, 'Happy': 0.00011623680620687082, 'Neutral': 0.9841061234474182, 'Other': 6.548495093738893e-06, 'Sad': 0.015343288891017437, 'Surprised': 7.059994686642312e-07, 'Unknown': 0.0001759235601639375}","Oh, it's a pen."
TALIESIN,01:35:05,01:35:06,Neutral,"{'Angry': 2.944965444839909e-07, 'Disgusted': 1.7386022932441847e-07, 'Fearful': 4.3911025926490765e-08, 'Happy': 2.261805775560788e-06, 'Neutral': 0.9999853372573853, 'Other': 1.84693959681681e-07, 'Sad': 1.1686815014400054e-05, 'Surprised': 3.609639165347289e-08, 'Unknown': 2.6869416913655186e-08}",There should be a laser in there somewhere.
FELICIA,01:35:06,01:35:08,Neutral,"{'Angry': 1.1265607469113093e-07, 'Disgusted': 4.208622073065271e-08, 'Fearful': 2.1696385132941032e-08, 'Happy': 6.801038807680015e-07, 'Neutral': 0.9999960660934448, 'Other': 7.89188625560655e-09, 'Sad': 3.0262012842285912e-06, 'Surprised': 3.763636513554047e-08, 'Unknown': 4.5715431440385146e-09}",Oh yeah!
TALIESIN,01:35:08,01:35:11,Neutral,"{'Angry': 3.845783430733718e-05, 'Disgusted': 0.00012885134492535144, 'Fearful': 9.195048914989457e-05, 'Happy': 0.0004115522897336632, 'Neutral': 0.9930412769317627, 'Other': 0.0001477720361435786, 'Sad': 0.0005139770219102502, 'Surprised': 2.822813200964447e-07, 'Unknown': 0.0056258137337863445}","So that way you can vaguely say, move me there."
FELICIA,01:35:11,01:35:12,Neutral,"{'Angry': 0.0014252247055992484, 'Disgusted': 0.02004888281226158, 'Fearful': 0.00042919133557006717, 'Happy': 0.0020151594653725624, 'Neutral': 0.9541466236114502, 'Other': 0.00010037903120974079, 'Sad': 0.021163856610655785, 'Surprised': 0.0005532046197913587, 'Unknown': 0.00011757735046558082}",I love it.
LAURA,01:35:12,01:35:16,Neutral,"{'Angry': 2.916843433453664e-10, 'Disgusted': 4.4253638947777674e-11, 'Fearful': 9.44740813357825e-12, 'Happy': 4.2645112441341837e-10, 'Neutral': 1.0, 'Other': 1.0453460146109261e-11, 'Sad': 1.5496327554487266e-09, 'Surprised': 4.722308308280354e-11, 'Unknown': 5.0237272675168754e-11}",Oh! I have to put my glasses on today.
FELICIA,01:35:16,01:35:18,Neutral,"{'Angry': 1.1266854926361702e-05, 'Disgusted': 1.2148428140790202e-05, 'Fearful': 1.3810838936478831e-05, 'Happy': 1.8191787603427656e-05, 'Neutral': 0.9924686551094055, 'Other': 4.327631302203372e-07, 'Sad': 0.007473738398402929, 'Surprised': 1.5661397583244252e-06, 'Unknown': 1.8801088685904688e-07}","Yeah, it's far away."
SAM,01:35:18,01:35:19,Angry,"{'Angry': 0.4369213283061981, 'Disgusted': 0.29784175753593445, 'Fearful': 0.007799393497407436, 'Happy': 0.12094662338495255, 'Neutral': 0.0412614531815052, 'Other': 0.01203426718711853, 'Sad': 0.046256158500909805, 'Surprised': 0.03659118711948395, 'Unknown': 0.0003478306462056935}",You mean your magic glasses.
LAURA,01:35:19,01:35:21,Neutral,"{'Angry': 4.755880581797101e-06, 'Disgusted': 6.849375495221466e-06, 'Fearful': 8.090592586995626e-07, 'Happy': 3.0845392302580876e-06, 'Neutral': 0.9999233484268188, 'Other': 1.1022099215551862e-06, 'Sad': 5.531556234927848e-05, 'Surprised': 2.1841839270564378e-07, 'Unknown': 4.581911070999922e-06}",My magic glasses of seeing.
MATT,01:35:21,01:35:22,Neutral,"{'Angry': 0.010580968111753464, 'Disgusted': 0.25250205397605896, 'Fearful': 0.0004196291556581855, 'Happy': 0.00269207707606256, 'Neutral': 0.47974762320518494, 'Other': 2.9828999686287716e-05, 'Sad': 0.2537868916988373, 'Surprised': 0.00023271182726603001, 'Unknown': 8.203858669730835e-06}",Indeed.
SAM,01:35:22,01:35:25,Neutral,"{'Angry': 6.403483299166624e-11, 'Disgusted': 1.0476574469064914e-11, 'Fearful': 1.8344984819423926e-12, 'Happy': 1.5289222665693103e-10, 'Neutral': 1.0, 'Other': 4.27784056008379e-13, 'Sad': 6.406275510073556e-09, 'Surprised': 1.1849389525142584e-11, 'Unknown': 3.5909290948751837e-13}",This is so exciting!
MATT,01:35:25,01:35:27,Neutral,"{'Angry': 4.3336154109674396e-11, 'Disgusted': 8.555934606635507e-12, 'Fearful': 2.424084153893058e-12, 'Happy': 1.3894786710100249e-10, 'Neutral': 1.0, 'Other': 1.0341683022094261e-12, 'Sad': 2.718210934116172e-10, 'Surprised': 1.1262922018639987e-11, 'Unknown': 7.1371025409106e-12}",All righty. So.
SAM,01:35:27,01:35:31,Neutral,"{'Angry': 0.00033456948585808277, 'Disgusted': 0.001954001607373357, 'Fearful': 0.002076393226161599, 'Happy': 0.00108245515730232, 'Neutral': 0.6895793676376343, 'Other': 0.0002383266546530649, 'Sad': 0.29999643564224243, 'Surprised': 1.04063637991203e-05, 'Unknown': 0.004728100262582302}","Mary and Felicia don't know. This is fun, come on."
FELICIA,01:35:31,01:35:32,Sad,"{'Angry': 1.7796543033909984e-05, 'Disgusted': 6.37155826552771e-05, 'Fearful': 0.00018607631500344723, 'Happy': 1.2499181138991844e-05, 'Neutral': 0.011016018688678741, 'Other': 3.235398480683216e-06, 'Sad': 0.9886974096298218, 'Surprised': 1.96183327716426e-06, 'Unknown': 1.195754634863988e-06}",Thank you.
MARY,01:35:32,01:35:34,Neutral,"{'Angry': 0.00010667781316442415, 'Disgusted': 0.00022258555691223592, 'Fearful': 3.5095952171104727e-06, 'Happy': 1.7933885828824714e-05, 'Neutral': 0.998501181602478, 'Other': 1.2835026836910401e-06, 'Sad': 0.0011444208212196827, 'Surprised': 1.1923727925022831e-06, 'Unknown': 1.246689180334215e-06}","This is amazing, guys."
TALIESIN,01:35:34,01:35:35,Disgusted,"{'Angry': 0.014039210975170135, 'Disgusted': 0.5163875222206116, 'Fearful': 8.768611587584019e-05, 'Happy': 0.00071648636367172, 'Neutral': 0.45385560393333435, 'Other': 6.469912477768958e-05, 'Sad': 0.014520563185214996, 'Surprised': 0.0003208794223610312, 'Unknown': 7.304762675630627e-06}",It's okay.
MATT,01:35:35,01:35:38,Neutral,"{'Angry': 7.161421656425374e-14, 'Disgusted': 2.1175249816535744e-15, 'Fearful': 3.951862390963684e-16, 'Happy': 8.360773553518774e-14, 'Neutral': 1.0, 'Other': 4.2129989428330407e-16, 'Sad': 2.6281372369173217e-13, 'Surprised': 3.1322834544199665e-14, 'Unknown': 1.3353228773909341e-15}",Cool. So. Initiative rolls for everyone--
TALIESIN,01:35:38,01:35:39,Neutral,"{'Angry': 3.28300338878762e-05, 'Disgusted': 5.452802361105569e-05, 'Fearful': 1.4356529391079675e-05, 'Happy': 4.133097536396235e-05, 'Neutral': 0.9995142221450806, 'Other': 1.4527153098242707e-06, 'Sad': 0.00031753224902786314, 'Surprised': 2.3402053557219915e-05, 'Unknown': 4.3518946313270135e-07}",Blind Matt Mercer.
MATT,01:35:39,01:35:46,Neutral,"{'Angry': 1.341842637003765e-09, 'Disgusted': 3.5112648899549015e-10, 'Fearful': 1.0435655117824183e-10, 'Happy': 3.0977072018600893e-09, 'Neutral': 1.0, 'Other': 1.1283762813008025e-10, 'Sad': 3.894820110872388e-08, 'Surprised': 1.3129375364684392e-10, 'Unknown': 5.313782747151663e-10}","There will be a mild surprise round here except for Grog, but we have initiatives from here. Percy, what you got?"
TALIESIN,01:35:46,01:35:47,Neutral,"{'Angry': 0.0003956589789595455, 'Disgusted': 0.0003735836362466216, 'Fearful': 0.0001577208749949932, 'Happy': 0.0002768866252154112, 'Neutral': 0.8157316446304321, 'Other': 1.1253407137701288e-05, 'Sad': 0.1830209344625473, 'Surprised': 2.030202631431166e-05, 'Unknown': 1.2006330507574603e-05}",16.
MATT,01:35:47,01:35:50,Disgusted,"{'Angry': 0.3679373264312744, 'Disgusted': 0.435726135969162, 'Fearful': 0.001222917577251792, 'Happy': 0.0010953964665532112, 'Neutral': 0.18978600203990936, 'Other': 0.0004743753816001117, 'Sad': 0.0031641561072319746, 'Surprised': 0.00036870199255645275, 'Unknown': 0.00022493358119390905}",16 for Percy. Felicia?
FELICIA,01:35:50,01:35:53,Neutral,"{'Angry': 1.1043420272471849e-05, 'Disgusted': 2.7915657483390532e-05, 'Fearful': 0.00016274047084152699, 'Happy': 0.0011130933417007327, 'Neutral': 0.9976391792297363, 'Other': 1.5562405678792857e-05, 'Sad': 0.0007648197351954877, 'Surprised': 7.275066309375688e-07, 'Unknown': 0.0002650398528203368}",Four! (laughter)
TALIESIN,01:35:53,01:35:54,Neutral,"{'Angry': 4.758108837488173e-12, 'Disgusted': 2.4942954602799605e-13, 'Fearful': 5.896940379578053e-14, 'Happy': 4.9025787769718665e-12, 'Neutral': 1.0, 'Other': 1.6328928362447162e-14, 'Sad': 1.5913376519294253e-11, 'Surprised': 1.0366626177274463e-12, 'Unknown': 1.3271634767726692e-13}",Whoa!
FELICIA,01:35:54,01:35:55,Neutral,"{'Angry': 2.9714286142734636e-08, 'Disgusted': 5.48064953420635e-08, 'Fearful': 1.0488690804777434e-08, 'Happy': 1.0409321475890465e-06, 'Neutral': 0.9999985694885254, 'Other': 3.6139716996785864e-08, 'Sad': 2.394433806784946e-07, 'Surprised': 6.14417050570637e-09, 'Unknown': 1.5832302580065516e-08}","Thank you, Thank you."
SAM,01:35:55,01:35:57,Neutral,"{'Angry': 0.0019230989273637533, 'Disgusted': 0.011599812656641006, 'Fearful': 0.00020280838361941278, 'Happy': 0.032888080924749374, 'Neutral': 0.8938368558883667, 'Other': 3.290977474534884e-05, 'Sad': 0.059423644095659256, 'Surprised': 5.150967263034545e-05, 'Unknown': 4.116755735594779e-05}",Eight!
MATT,01:35:57,01:35:58,Neutral,"{'Angry': 5.372559371608077e-06, 'Disgusted': 6.683453193545574e-06, 'Fearful': 7.912186106295849e-07, 'Happy': 2.5655147055658745e-06, 'Neutral': 0.9999548196792603, 'Other': 2.7803801572190423e-07, 'Sad': 2.91419437417062e-05, 'Surprised': 3.0155942454257456e-07, 'Unknown': 7.635123466798177e-08}","Okay, Lyra and Scanlan."
LAURA,01:35:58,01:36:00,Neutral,"{'Angry': 0.0004973988397978246, 'Disgusted': 0.0009638429619371891, 'Fearful': 0.0003863581514451653, 'Happy': 0.00579463504254818, 'Neutral': 0.4986335039138794, 'Other': 7.560770609416068e-05, 'Sad': 0.49342748522758484, 'Surprised': 3.871406443067826e-05, 'Unknown': 0.00018241096404381096}",Eight.
LAURA,01:36:00,01:36:02,Neutral,"{'Angry': 2.2104294783442668e-10, 'Disgusted': 2.0235083053599112e-10, 'Fearful': 1.0304991582277268e-10, 'Happy': 5.56957502340083e-09, 'Neutral': 1.0, 'Other': 6.509909278307191e-11, 'Sad': 2.99383025037514e-08, 'Surprised': 1.7675089170055003e-10, 'Unknown': 2.846035906944877e-11}",Yep.
MARY,01:36:02,01:36:03,Neutral,"{'Angry': 0.004866797011345625, 'Disgusted': 0.0371924564242363, 'Fearful': 0.0009349638712592423, 'Happy': 0.06464090943336487, 'Neutral': 0.8859750032424927, 'Other': 3.3235217415494844e-05, 'Sad': 0.005482032895088196, 'Surprised': 0.0008518838440068066, 'Unknown': 2.2703428840031847e-05}",Five.
LAURA,01:36:03,01:36:04,Neutral,"{'Angry': 2.1029279706485937e-10, 'Disgusted': 1.3437680135286456e-10, 'Fearful': 2.3893364717308962e-11, 'Happy': 2.794208864287384e-09, 'Neutral': 1.0, 'Other': 1.0819160671526884e-11, 'Sad': 3.932147496499283e-09, 'Surprised': 1.841279906322768e-10, 'Unknown': 4.695505269325384e-12}",Oh God. Why did we all roll terribly.
MATT,01:36:04,01:36:06,Neutral,"{'Angry': 9.81946982392401e-07, 'Disgusted': 3.4562688142614206e-06, 'Fearful': 1.725663878460182e-07, 'Happy': 6.3937077356968075e-06, 'Neutral': 0.9999830722808838, 'Other': 3.142810101053328e-07, 'Sad': 5.101432634546654e-06, 'Surprised': 3.689781635785039e-07, 'Unknown': 1.7242491878732835e-07}",You guys. (laughs)
TRAVIS,01:36:06,01:36:08,Neutral,"{'Angry': 0.00029108996386639774, 'Disgusted': 0.0004345400375314057, 'Fearful': 4.344950139056891e-05, 'Happy': 0.00039903956349007785, 'Neutral': 0.6341490745544434, 'Other': 9.250787843484432e-05, 'Sad': 0.3640667796134949, 'Surprised': 4.352164069132414e-06, 'Unknown': 0.000519090739544481}",We'll be dead. We'll be dead before we leave.
MATT,01:36:08,01:36:11,Neutral,"{'Angry': 8.977657506292758e-10, 'Disgusted': 7.914961464017267e-10, 'Fearful': 3.727790298668765e-10, 'Happy': 1.8960525594025057e-08, 'Neutral': 1.0, 'Other': 2.8231786353138943e-10, 'Sad': 2.9336739260088507e-08, 'Surprised': 2.676855126448885e-10, 'Unknown': 1.1937646426929405e-09}","Oh this is wonderful, you're all going to die."
SAM,01:36:11,01:36:15,Neutral,"{'Angry': 2.627015192047111e-07, 'Disgusted': 4.4011034816549e-08, 'Fearful': 1.0042527698317372e-08, 'Happy': 3.4275910820724675e-07, 'Neutral': 0.9999982118606567, 'Other': 1.9906650550183258e-08, 'Sad': 1.0895147397604887e-06, 'Surprised': 3.5809508691642122e-09, 'Unknown': 1.3851109770257608e-07}","You're all going to die, man!"
TALIESIN,01:36:15,01:36:17,Neutral,"{'Angry': 9.176497428597941e-07, 'Disgusted': 1.5604778127453756e-06, 'Fearful': 8.365086614503525e-07, 'Happy': 7.322399596887408e-06, 'Neutral': 0.9999362230300903, 'Other': 1.0441481208545156e-06, 'Sad': 3.493268377496861e-05, 'Surprised': 1.856203013517188e-08, 'Unknown': 1.7206599295604974e-05}",That's never a good sign.
LAURA,01:36:17,01:36:19,Neutral,"{'Angry': 9.686543307907414e-06, 'Disgusted': 1.2402943866618443e-05, 'Fearful': 1.8662152797332965e-05, 'Happy': 4.909962444799021e-05, 'Neutral': 0.9993290901184082, 'Other': 6.6045399762515444e-06, 'Sad': 0.0004341108724474907, 'Surprised': 2.1389263338278397e-07, 'Unknown': 0.00014010437007527798}",I should have grabbed some of that dessert that's here.
MATT,01:36:19,01:36:22,Neutral,"{'Angry': 0.0034761119168251753, 'Disgusted': 0.004397881217300892, 'Fearful': 0.00026765509392134845, 'Happy': 0.012742342427372932, 'Neutral': 0.9738803505897522, 'Other': 0.00015687553968746215, 'Sad': 0.0030193321872502565, 'Surprised': 0.0020016361959278584, 'Unknown': 5.787061672890559e-05}","Percy, you were 16 as well?"
TALIESIN,01:36:22,01:36:23,Disgusted,"{'Angry': 1.3145712728146464e-05, 'Disgusted': 0.9998295307159424, 'Fearful': 2.124954517057631e-05, 'Happy': 4.6364522859221324e-05, 'Neutral': 4.08919331675861e-05, 'Other': 4.918700142297894e-06, 'Sad': 3.67419452231843e-05, 'Surprised': 5.692611921404023e-06, 'Unknown': 1.395424533257028e-06}",16.
SAM,01:36:23,01:36:25,Neutral,"{'Angry': 9.012718464873615e-07, 'Disgusted': 2.4217563350248383e-06, 'Fearful': 1.0039390190286213e-06, 'Happy': 1.6814705077194958e-06, 'Neutral': 0.9999641180038452, 'Other': 2.335994935265262e-07, 'Sad': 2.8702694180537947e-05, 'Surprised': 1.4713012319589325e-07, 'Unknown': 8.13325470971904e-07}","I just had a couple. They're great, and I'm sure Liam could get us some more."
MARY,01:36:25,01:36:27,Neutral,"{'Angry': 1.3224748553197774e-11, 'Disgusted': 1.212603476831442e-12, 'Fearful': 2.760996726386411e-13, 'Happy': 2.3319539008137546e-11, 'Neutral': 1.0, 'Other': 1.2454783298448957e-13, 'Sad': 4.185257695965561e-11, 'Surprised': 4.1248588746045645e-12, 'Unknown': 5.046848355894085e-13}",Maybe your brother--
MATT,01:36:27,01:36:31,Neutral,"{'Angry': 4.401859769131988e-06, 'Disgusted': 5.339392373571172e-06, 'Fearful': 1.4286985106082284e-06, 'Happy': 3.954141902795527e-06, 'Neutral': 0.9996694326400757, 'Other': 8.546131766706822e-07, 'Sad': 0.00030731665901839733, 'Surprised': 4.8654634099420946e-08, 'Unknown': 7.212088803498773e-06}","All right. So. In this regard, Grog."
TRAVIS,01:36:31,01:36:32,Neutral,"{'Angry': 1.3536255449864143e-10, 'Disgusted': 2.2432299073837925e-11, 'Fearful': 1.5217405243891924e-12, 'Happy': 4.0864683858998774e-10, 'Neutral': 1.0, 'Other': 2.6147486953398413e-12, 'Sad': 6.163484722598866e-10, 'Surprised': 3.188047742463951e-11, 'Unknown': 1.4788088288641976e-12}",Yeah?
MATT,01:36:32,01:36:37,Neutral,"{'Angry': 0.0007251828792504966, 'Disgusted': 0.004490170627832413, 'Fearful': 0.012336193583905697, 'Happy': 0.0027724651154130697, 'Neutral': 0.7164852023124695, 'Other': 0.0004411630507092923, 'Sad': 0.20426063239574432, 'Surprised': 9.980578397517093e-06, 'Unknown': 0.058479052037000656}","You are actually going first. Everyone else, you're currently in the process of waking up so there's going to be a round before it gets to the rest of you."
LAURA,01:36:37,01:36:39,Neutral,"{'Angry': 4.848577009397559e-05, 'Disgusted': 0.00016534086898900568, 'Fearful': 4.554386396193877e-05, 'Happy': 0.0003632919688243419, 'Neutral': 0.997204065322876, 'Other': 3.5961191315436736e-05, 'Sad': 0.0018400404369458556, 'Surprised': 4.890322543360526e-06, 'Unknown': 0.00029238485149107873}",Trinket! Wake up!
MATT,01:36:39,01:36:42,Neutral,"{'Angry': 0.0008043915149755776, 'Disgusted': 0.013374070636928082, 'Fearful': 0.0009419971029274166, 'Happy': 0.0011864368570968509, 'Neutral': 0.8312318921089172, 'Other': 8.761206845520064e-05, 'Sad': 0.15200385451316833, 'Surprised': 1.764935404935386e-05, 'Unknown': 0.00035213070805184543}",Trinket wakes up. Grog.
TRAVIS,01:36:42,01:36:43,Neutral,"{'Angry': 8.304903531097807e-06, 'Disgusted': 9.396841051056981e-06, 'Fearful': 1.629795860935701e-06, 'Happy': 6.460399163188413e-06, 'Neutral': 0.9997598528862, 'Other': 1.8644004740053788e-07, 'Sad': 0.000213447303394787, 'Surprised': 5.467098844746943e-07, 'Unknown': 1.6052638329711044e-07}",Eh?
MATT,01:36:43,01:37:07,Neutral,"{'Angry': 0.0007425245712511241, 'Disgusted': 0.001600279356352985, 'Fearful': 0.0005886273575015366, 'Happy': 0.0012699373764917254, 'Neutral': 0.9845764636993408, 'Other': 0.001722958986647427, 'Sad': 0.007183214649558067, 'Surprised': 0.00013591026072390378, 'Unknown': 0.0021800959948450327}","You look, and you see the big, dire wolf-like creature is currently staring at you across the way, and you see other entities, humanoid, coming towards you. As your Darkvision allows you to take up their features you can see these are very heavily fur covered, dense leather armor protected, roving band of straight up orcs that are currently converging on the campsite from the center of the woods. What are you going to do?"
TRAVIS,01:37:07,01:37:16,Neutral,"{'Angry': 0.0025918525643646717, 'Disgusted': 0.003473687684163451, 'Fearful': 0.000996975228190422, 'Happy': 0.27198895812034607, 'Neutral': 0.6829954981803894, 'Other': 0.0016272565117105842, 'Sad': 0.005021146964281797, 'Surprised': 0.00015479035209864378, 'Unknown': 0.031149854883551598}","You look like someone I just saw recently. I would like to Rage, and I will charge the dire wolf puppy-thing and swing at its head with my great-axe."
MATT,01:37:16,01:37:32,Neutral,"{'Angry': 0.0040747919119894505, 'Disgusted': 0.010179445147514343, 'Fearful': 0.003882339457049966, 'Happy': 0.08647986501455307, 'Neutral': 0.83039790391922, 'Other': 0.005738611798733473, 'Sad': 0.020675137639045715, 'Surprised': 0.002804705174639821, 'Unknown': 0.035767171531915665}","All right. So you immediately go into a Grog-style charge. You guys can hear Grog yelling in furious anger, echoing through the nearby wood in the direction you heard his initial shout that woke you up. Grog, you rush forward towards the dire wolf. Go ahead and make your two attacks."
TRAVIS,01:37:32,01:37:34,Neutral,"{'Angry': 0.0001965085102710873, 'Disgusted': 0.00011473713675513864, 'Fearful': 0.0001512632006779313, 'Happy': 0.003064568853005767, 'Neutral': 0.9838521480560303, 'Other': 5.919226532569155e-05, 'Sad': 0.012358253821730614, 'Surprised': 7.54537686589174e-05, 'Unknown': 0.00012781847908627242}",26.
MATT,01:37:34,01:37:35,Neutral,"{'Angry': 0.015665428712964058, 'Disgusted': 0.03335282579064369, 'Fearful': 0.0003780465922318399, 'Happy': 0.010400953702628613, 'Neutral': 0.8952955603599548, 'Other': 9.798355313250795e-05, 'Sad': 0.003467950038611889, 'Surprised': 0.04130936786532402, 'Unknown': 3.1879691960057244e-05}",That hits.
TRAVIS,01:37:35,01:37:38,Neutral,"{'Angry': 9.036543633555993e-05, 'Disgusted': 0.00019055343000218272, 'Fearful': 0.0003466281923465431, 'Happy': 0.0013331559021025896, 'Neutral': 0.9944522976875305, 'Other': 8.000003435881808e-05, 'Sad': 0.0017881653038784862, 'Surprised': 2.7632406272459775e-05, 'Unknown': 0.0016912241699174047}",Ah! 25.
MATT,01:37:38,01:37:39,Neutral,"{'Angry': 0.0005362215451896191, 'Disgusted': 0.0006978288292884827, 'Fearful': 0.0001882293145172298, 'Happy': 0.0003379139525350183, 'Neutral': 0.9940087795257568, 'Other': 2.022685293923132e-05, 'Sad': 0.0036377899814397097, 'Surprised': 0.0005605784244835377, 'Unknown': 1.2565704309963621e-05}",Both hit!
TRAVIS,01:37:39,01:37:40,Disgusted,"{'Angry': 0.0619027204811573, 'Disgusted': 0.3956911563873291, 'Fearful': 0.0004377875884529203, 'Happy': 0.004452251363545656, 'Neutral': 0.30266979336738586, 'Other': 0.0003394978411961347, 'Sad': 0.004506838973611593, 'Surprised': 0.22996065020561218, 'Unknown': 3.929482045350596e-05}",That was really good.
MATT,01:37:40,01:37:42,Neutral,"{'Angry': 0.02183433808386326, 'Disgusted': 0.05176941305398941, 'Fearful': 0.006841439753770828, 'Happy': 0.05828557163476944, 'Neutral': 0.7374506592750549, 'Other': 8.280727342935279e-05, 'Sad': 0.11523613333702087, 'Surprised': 0.008346956223249435, 'Unknown': 0.00015275916666723788}",Nice. Go ahead and roll some damage.
TRAVIS,01:37:42,01:37:46,Neutral,"{'Angry': 0.015487641096115112, 'Disgusted': 0.004552310332655907, 'Fearful': 0.004705235827714205, 'Happy': 0.3105083405971527, 'Neutral': 0.5510523915290833, 'Other': 0.009502395056188107, 'Sad': 0.02654939331114292, 'Surprised': 0.00042818786459974945, 'Unknown': 0.07721412926912308}","Thank you. Ten and 18, is 28."
MATT,01:37:46,01:38:21,Neutral,"{'Angry': 2.157496419386007e-05, 'Disgusted': 0.0002131300570908934, 'Fearful': 1.673868791840505e-05, 'Happy': 0.00240439735352993, 'Neutral': 0.9969791173934937, 'Other': 3.2261526939691976e-05, 'Sad': 0.00027724276878871024, 'Surprised': 1.0026077688962687e-05, 'Unknown': 4.542451279121451e-05}","Great. So as you rush forward, your axe hits into the side of the dire wolf. Slamming into its shoulder, you can see as you draw the axe out of the wound, you've left a nice hearty gash into the muscle tissue that holds its arm to its shoulder. The other one, as you bring your axe around the other side it slams into the upper part of its back. It sinks a good three or four inches into it and the dire wolf (rrgaaah) just reacts to the pain with a guttural screech and then looks up at you, releasing its lips apart for these nasty looking, sharp, long dire wolf fangs revealed as it prepares itself to pounce back. That ends your turn?"
TRAVIS,01:38:21,01:38:22,Neutral,"{'Angry': 0.0082368990406394, 'Disgusted': 0.0330817736685276, 'Fearful': 0.0004395633877720684, 'Happy': 0.10862235724925995, 'Neutral': 0.8208191990852356, 'Other': 0.00020237326680216938, 'Sad': 0.02325121872127056, 'Surprised': 0.005296600051224232, 'Unknown': 5.004925696994178e-05}",Yeah.
MATT,01:38:22,01:38:31,Neutral,"{'Angry': 0.00013571110321208835, 'Disgusted': 0.00016354375111404806, 'Fearful': 1.0626361472532153e-05, 'Happy': 6.437919364543632e-05, 'Neutral': 0.9992969036102295, 'Other': 6.209912680787966e-05, 'Sad': 7.128832658054307e-05, 'Surprised': 1.5901227925496642e-06, 'Unknown': 0.0001938205532496795}","As part of this round, the dire wolf is going to return, as the two nearest orcs charge in to flank Grog."
MARY,01:38:31,01:38:32,Sad,"{'Angry': 0.03298015519976616, 'Disgusted': 0.08344387263059616, 'Fearful': 0.031132148578763008, 'Happy': 0.01210798416286707, 'Neutral': 0.34395086765289307, 'Other': 7.692195504205301e-05, 'Sad': 0.49371999502182007, 'Surprised': 0.0012098840670660138, 'Unknown': 0.0013781803427264094}",Oh no.
MATT,01:38:32,01:38:44,Neutral,"{'Angry': 3.622071017161943e-05, 'Disgusted': 0.00036411976907402277, 'Fearful': 1.1178132808709051e-05, 'Happy': 3.1659070373279974e-05, 'Neutral': 0.9991003274917603, 'Other': 1.7114478396251798e-05, 'Sad': 0.0003848911146633327, 'Surprised': 1.0012453230956453e-06, 'Unknown': 5.362823139876127e-05}","This guy is going to move... One, two, three... six... can't quite-- there. Is going to use its action to dash in here and loom over. So as you're waking up you see this orc come lumbering around one of the trees--"
FELICIA,01:38:44,01:38:45,Neutral,"{'Angry': 0.06386686116456985, 'Disgusted': 0.019655274227261543, 'Fearful': 0.004610561765730381, 'Happy': 0.01060508657246828, 'Neutral': 0.6912991404533386, 'Other': 7.255523814819753e-05, 'Sad': 0.20873889327049255, 'Surprised': 0.0010258447146043181, 'Unknown': 0.00012575002619996667}",(gasps)
SAM,01:38:45,01:38:46,Neutral,"{'Angry': 0.037407297641038895, 'Disgusted': 0.03976309299468994, 'Fearful': 0.0005486931768245995, 'Happy': 0.02334824576973915, 'Neutral': 0.8777735829353333, 'Other': 9.928279905579984e-05, 'Sad': 0.015916820615530014, 'Surprised': 0.005091697443276644, 'Unknown': 5.13176855747588e-05}",Oh no! You? You're eating!
MATT,01:38:46,01:38:51,Neutral,"{'Angry': 7.8402845247183e-06, 'Disgusted': 1.0576327440503519e-05, 'Fearful': 6.174815098347608e-06, 'Happy': 3.1506497180089355e-05, 'Neutral': 0.9998013377189636, 'Other': 8.455825991404708e-06, 'Sad': 6.124100764282048e-05, 'Surprised': 4.592793345636892e-07, 'Unknown': 7.243044092319906e-05}","-- with this giant club and just gets in front of you. As you're freaking out, another one flanks around and comes up towards Percy."
TALIESIN,01:38:51,01:38:53,Neutral,"{'Angry': 0.059202127158641815, 'Disgusted': 0.005015261005610228, 'Fearful': 0.0006127495435066521, 'Happy': 0.0012796312803402543, 'Neutral': 0.9036389589309692, 'Other': 7.875877781771123e-05, 'Sad': 0.025233149528503418, 'Surprised': 0.004893080331385136, 'Unknown': 4.628011811291799e-05}",Hm!
MATT,01:38:53,01:39:09,Neutral,"{'Angry': 3.3109227359773286e-08, 'Disgusted': 1.1009906586423313e-07, 'Fearful': 1.0448647280725254e-08, 'Happy': 4.6269146736221956e-08, 'Neutral': 0.9999996423721313, 'Other': 1.9731695388713888e-08, 'Sad': 1.4668910353066167e-07, 'Surprised': 4.504986605979866e-09, 'Unknown': 2.1647233339194827e-08}","Another one rushes up behind Scanlan there. And you see, behind-- another growl and a series of heavy footfalls as-- not quite an ogre, not quite an orc; like some sort-of ogre/orc crossbreed, comes walking behind one of the other trees to go up behind Percy on that side"
LAURA,01:39:09,01:39:10,Neutral,"{'Angry': 0.04733069986104965, 'Disgusted': 0.017846230417490005, 'Fearful': 0.002126456703990698, 'Happy': 0.013264195062220097, 'Neutral': 0.841116189956665, 'Other': 3.900731462636031e-05, 'Sad': 0.0659547820687294, 'Surprised': 0.01227793749421835, 'Unknown': 4.4561686081578955e-05}",Oh God!
SAM,01:39:10,01:39:11,Neutral,"{'Angry': 0.18084757030010223, 'Disgusted': 0.0183735229074955, 'Fearful': 0.004871602635830641, 'Happy': 0.006746115628629923, 'Neutral': 0.603178083896637, 'Other': 7.173402264015749e-05, 'Sad': 0.10700565576553345, 'Surprised': 0.07885833084583282, 'Unknown': 4.734872345579788e-05}",Oh my Grog.
FELICIA,01:39:11,01:39:12,Neutral,"{'Angry': 0.000758951180614531, 'Disgusted': 0.0006682828534394503, 'Fearful': 0.00025619036750867963, 'Happy': 0.0012776614166796207, 'Neutral': 0.9939848780632019, 'Other': 1.6991343727568164e-05, 'Sad': 0.002709342632442713, 'Surprised': 0.00031998183112591505, 'Unknown': 7.830965842003934e-06}",Oh no!
TRAVIS,01:39:12,01:39:13,Neutral,"{'Angry': 4.338572398410179e-05, 'Disgusted': 1.4087670933804475e-05, 'Fearful': 2.2624026314588264e-06, 'Happy': 1.0889411896641832e-05, 'Neutral': 0.9999097585678101, 'Other': 1.560177452120115e-06, 'Sad': 1.2385039553919341e-05, 'Surprised': 3.345355935380212e-06, 'Unknown': 2.308662260475103e-06}",(laughs) Oh my Grog.
MATT,01:39:13,01:39:22,Neutral,"{'Angry': 1.3031102585880916e-10, 'Disgusted': 3.256784772420751e-11, 'Fearful': 6.058797994562548e-12, 'Happy': 1.8529129619526685e-10, 'Neutral': 1.0, 'Other': 3.342706970596576e-12, 'Sad': 3.2538929883862977e-10, 'Surprised': 4.418279284101878e-11, 'Unknown': 8.759484457221411e-12}","And from the far end over here another orc moves forward one, two, three, four, five... six-- And he's going to use his action to finish his movement here on Percy, as well."
TALIESIN,01:39:22,01:39:23,Neutral,"{'Angry': 4.577449544740375e-06, 'Disgusted': 1.6084464732557535e-05, 'Fearful': 3.403066784812836e-06, 'Happy': 1.9091741705778986e-05, 'Neutral': 0.9999028444290161, 'Other': 1.6134279121615691e-06, 'Sad': 4.1677059925859794e-05, 'Surprised': 9.65113486017799e-06, 'Unknown': 1.0401587360320264e-06}",Oh God!
LAURA,01:39:23,01:39:25,Neutral,"{'Angry': 0.0018062585731968284, 'Disgusted': 0.0024097622372210026, 'Fearful': 0.00047397412708960474, 'Happy': 0.002502718474715948, 'Neutral': 0.9890135526657104, 'Other': 4.723809252027422e-05, 'Sad': 0.003265111008659005, 'Surprised': 0.0003782294224947691, 'Unknown': 0.00010321074660168961}",Are they attacking Percy?
MATT,01:39:25,01:39:40,Neutral,"{'Angry': 3.7789827729284298e-06, 'Disgusted': 8.490256732329726e-06, 'Fearful': 2.2150863969727652e-06, 'Happy': 7.811890100128949e-05, 'Neutral': 0.999855637550354, 'Other': 3.269828994234558e-06, 'Sad': 1.139966207119869e-05, 'Surprised': 1.8702387194480252e-07, 'Unknown': 3.682664464577101e-05}","Yes. Currently there's only two attacks on you from this ogre-like creature and this orc. Oh, that's not going to be very good. That would be a nine?"
TALIESIN,01:39:40,01:39:41,Angry,"{'Angry': 0.8753151297569275, 'Disgusted': 0.002666471293196082, 'Fearful': 0.000638260506093502, 'Happy': 0.0032709618099033833, 'Neutral': 0.018509479239583015, 'Other': 5.994784442009404e-05, 'Sad': 0.07773952186107635, 'Surprised': 0.02178938128054142, 'Unknown': 1.086516203940846e-05}",No.
MATT,01:39:41,01:39:42,Neutral,"{'Angry': 0.03144299238920212, 'Disgusted': 0.005410181358456612, 'Fearful': 0.0026055683847516775, 'Happy': 0.012541412375867367, 'Neutral': 0.9319947361946106, 'Other': 0.0005749636329710484, 'Sad': 0.014353571459650993, 'Surprised': 0.0008459364762529731, 'Unknown': 0.0002306807873537764}",What's your AC?
TALIESIN,01:39:42,01:39:43,Angry,"{'Angry': 0.9715424180030823, 'Disgusted': 0.013615256175398827, 'Fearful': 0.0009215904283337295, 'Happy': 0.0003345334844198078, 'Neutral': 0.004341866355389357, 'Other': 4.1552168113412336e-05, 'Sad': 0.003195560071617365, 'Surprised': 0.0059828851372003555, 'Unknown': 2.434850830468349e-05}",18.
MATT,01:39:43,01:39:47,Neutral,"{'Angry': 0.0004825605428777635, 'Disgusted': 0.00019962865917477757, 'Fearful': 3.768756869249046e-05, 'Happy': 0.009001719765365124, 'Neutral': 0.9880545735359192, 'Other': 0.00017557154933456331, 'Sad': 0.00024367049627471715, 'Surprised': 3.0347530355356866e-06, 'Unknown': 0.001801505801267922}","18, that is not going to hit. And then we also have-- that'll be a 22."
TALIESIN,01:39:47,01:39:48,Neutral,"{'Angry': 0.18535156548023224, 'Disgusted': 0.007284511812031269, 'Fearful': 0.0035680856090039015, 'Happy': 0.0024136819411069155, 'Neutral': 0.5455629229545593, 'Other': 9.936797141563147e-05, 'Sad': 0.19622573256492615, 'Surprised': 0.059456948190927505, 'Unknown': 3.721575558301993e-05}",That's going to hit.
MATT,01:39:48,01:40:10,Neutral,"{'Angry': 9.564359788782895e-05, 'Disgusted': 0.0003725471906363964, 'Fearful': 1.1278433703409974e-05, 'Happy': 0.0006606344250030816, 'Neutral': 0.9972772002220154, 'Other': 0.00013247480092104524, 'Sad': 0.0011426572455093265, 'Surprised': 4.669743702834239e-06, 'Unknown': 0.00030296380282379687}","All right, so the giant ogre-ish type creature comes rushing towards you. Swings with its giant club and slams the ground next you as you manage to roll out of the way and get up to your feet, and as you do the orc to the other side swings with what looks like a heavy axe and it nicks you in the side of the shoulder blade, dealing 12 points of slashing damage."
TALIESIN,01:40:10,01:40:12,Fearful,"{'Angry': 1.1287575034657493e-05, 'Disgusted': 0.004682824481278658, 'Fearful': 0.9943431615829468, 'Happy': 5.7295168517157435e-05, 'Neutral': 0.000635388947557658, 'Other': 7.33324559405446e-05, 'Sad': 0.00018745842680800706, 'Surprised': 2.992461759276921e-06, 'Unknown': 6.290226792771136e-06}",Hm!
MATT,01:40:12,01:40:22,Neutral,"{'Angry': 3.758908549006401e-12, 'Disgusted': 2.839721459282213e-13, 'Fearful': 6.169764948504158e-14, 'Happy': 5.501970840732229e-12, 'Neutral': 1.0, 'Other': 1.697402187881246e-14, 'Sad': 1.1018921886041255e-11, 'Surprised': 1.3908720095795468e-12, 'Unknown': 1.1281291656048409e-13}","We have-- this guy just barely gets to Scanlan. Scanlan, as you're standing up one of the orcs rushes up behind and you see he's holding another large, double-handed great axe--"
SAM,01:40:22,01:40:34,Neutral,"{'Angry': 2.436141219308574e-11, 'Disgusted': 7.584636044222215e-12, 'Fearful': 2.8595999266439742e-12, 'Happy': 5.502981056948464e-11, 'Neutral': 1.0, 'Other': 7.089504222394793e-13, 'Sad': 4.914849083270667e-10, 'Surprised': 1.4420698142558752e-11, 'Unknown': 1.6124213509521867e-12}","I sing-- (sings) No I don't want to get hurt, by you. Doo doo doo doo."
MATT,01:40:34,01:40:40,Neutral,"{'Angry': 1.8137293888997874e-09, 'Disgusted': 2.88620488619884e-10, 'Fearful': 7.783568928276807e-11, 'Happy': 4.3077579903183505e-07, 'Neutral': 0.9999995231628418, 'Other': 6.611637019121597e-12, 'Sad': 1.676751537615928e-08, 'Surprised': 2.205699844992637e-09, 'Unknown': 5.633690128986624e-12}","All right, go ahead and roll the d10 to reduce the attack modifier on that one."
TRAVIS,01:40:40,01:40:42,Neutral,"{'Angry': 7.396008111504315e-11, 'Disgusted': 2.727542323943677e-11, 'Fearful': 6.106655112136927e-12, 'Happy': 9.429865777121904e-10, 'Neutral': 1.0, 'Other': 6.127762360030875e-12, 'Sad': 6.914344652386717e-10, 'Surprised': 6.080832365418232e-11, 'Unknown': 8.936544212967412e-12}",(laughs) Where does this come from?
MATT,01:40:42,01:40:45,Neutral,"{'Angry': 0.0013873124262318015, 'Disgusted': 0.0007091525476425886, 'Fearful': 0.00016637502994854003, 'Happy': 0.497301310300827, 'Neutral': 0.4979057312011719, 'Other': 0.00023151816276367754, 'Sad': 0.0011611023219302297, 'Surprised': 0.0010331885423511267, 'Unknown': 0.00010437012679176405}",Rolled a 24 by the way.
SAM,01:40:45,01:40:47,Happy,"{'Angry': 5.066636367700994e-05, 'Disgusted': 6.950877286726609e-05, 'Fearful': 5.062537638877984e-06, 'Happy': 0.9950445890426636, 'Neutral': 0.004739020019769669, 'Other': 1.6767970691944356e-06, 'Sad': 4.647819878300652e-05, 'Surprised': 3.8582704291911796e-05, 'Unknown': 4.46367084805388e-06}","Okay, so I reduce that by two."
MATT,01:40:47,01:40:49,Neutral,"{'Angry': 2.3499164419904517e-11, 'Disgusted': 1.4170552752046373e-12, 'Fearful': 4.023145748835444e-13, 'Happy': 3.15962145336357e-10, 'Neutral': 1.0, 'Other': 6.850467052345668e-14, 'Sad': 1.8632935472329137e-10, 'Surprised': 1.1601111564452093e-11, 'Unknown': 1.0066260840288152e-13}",22.
SAM,01:40:49,01:40:53,Neutral,"{'Angry': 1.2493789654399734e-05, 'Disgusted': 0.00011027534492313862, 'Fearful': 3.057996764255222e-06, 'Happy': 8.39227777760243e-06, 'Neutral': 0.999796450138092, 'Other': 2.07532980311953e-06, 'Sad': 1.7434784240322188e-05, 'Surprised': 1.1057330340236149e-07, 'Unknown': 4.976437412551604e-05}","Yes, so he'll still hit, but he got a song out of it."
TRAVIS,01:40:53,01:40:56,Neutral,"{'Angry': 1.1401576927028145e-07, 'Disgusted': 1.6801753588424617e-07, 'Fearful': 4.149679000420292e-07, 'Happy': 8.226051249948796e-06, 'Neutral': 0.9999865293502808, 'Other': 1.4138082349290926e-07, 'Sad': 3.746129550563637e-06, 'Surprised': 1.9547885088400108e-08, 'Unknown': 6.153239269224287e-07}",(laughs) Lucky bastard.
MATT,01:40:56,01:41:14,Neutral,"{'Angry': 4.6608629418187775e-06, 'Disgusted': 2.3491652427765075e-06, 'Fearful': 3.7887542703174404e-07, 'Happy': 0.00020950216276105493, 'Neutral': 0.999728262424469, 'Other': 1.9005622107215459e-06, 'Sad': 4.8215693823294714e-05, 'Surprised': 7.038414651105995e-07, 'Unknown': 4.033178811368998e-06}","Well there you go. All right, that will come to another 12 points of slashing damage. As the axe swings down, you manage to just pull out of the way so it hits the armor and deflects, but it leaves a huge gash in the front of the armor and just the sheer weight of it kind of shook you for a second."
SAM,01:41:14,01:41:16,Neutral,"{'Angry': 0.005365515127778053, 'Disgusted': 0.015219774097204208, 'Fearful': 0.0013186295982450247, 'Happy': 0.03144512325525284, 'Neutral': 0.9338288903236389, 'Other': 0.00020005945407319814, 'Sad': 0.009394706226885319, 'Surprised': 0.0030648615211248398, 'Unknown': 0.00016242382116615772}",Ahh!
MATT,01:41:16,01:41:37,Neutral,"{'Angry': 1.7007965036341943e-09, 'Disgusted': 2.226564932428232e-09, 'Fearful': 1.0557423824053558e-09, 'Happy': 4.471100822911467e-08, 'Neutral': 1.0, 'Other': 8.489765002117622e-10, 'Sad': 1.7317180578402258e-08, 'Surprised': 1.8150211333889388e-09, 'Unknown': 2.811485488862786e-10}","That'll bring us to Grog, who is currently being heavily flanked. First the dire wolf is going to snatch at you because it's not happy with your series of attacks, and with Pack Tactics it has advantage because it's within five feet of other allies. So, its bite attack against you with advantage is a-- natural 20."
LAURA,01:41:37,01:41:38,Neutral,"{'Angry': 0.012980422005057335, 'Disgusted': 0.13018982112407684, 'Fearful': 0.002722671488299966, 'Happy': 0.3105076551437378, 'Neutral': 0.48964107036590576, 'Other': 0.005999115761369467, 'Sad': 0.008511286228895187, 'Surprised': 0.03852244094014168, 'Unknown': 0.000925559492316097}",Oh no.
FELICIA,01:41:38,01:41:39,Neutral,"{'Angry': 0.024439215660095215, 'Disgusted': 0.0016079820925369859, 'Fearful': 0.0018737143836915493, 'Happy': 0.3071986734867096, 'Neutral': 0.6516627073287964, 'Other': 0.00012557281297631562, 'Sad': 0.002474902430549264, 'Surprised': 0.010587813332676888, 'Unknown': 2.9347060262807645e-05}",Oh no.
MATT,01:41:39,01:41:43,Neutral,"{'Angry': 0.004890432581305504, 'Disgusted': 0.00014361378271132708, 'Fearful': 3.3203330531250685e-05, 'Happy': 0.019051428884267807, 'Neutral': 0.972751259803772, 'Other': 0.00011964017176069319, 'Sad': 0.00035215914249420166, 'Surprised': 0.0026190858334302902, 'Unknown': 3.913204272976145e-05}",Using my new Critical Role dice.
LAURA,01:41:43,01:41:44,Angry,"{'Angry': 0.9005808234214783, 'Disgusted': 0.07539688050746918, 'Fearful': 0.0034234076738357544, 'Happy': 0.00835203006863594, 'Neutral': 0.008395928889513016, 'Other': 0.0010024461662396789, 'Sad': 0.0007884455844759941, 'Surprised': 8.050059113884345e-05, 'Unknown': 0.0019795428961515427}",We're all going to die.
TALIESIN,01:41:44,01:41:46,Neutral,"{'Angry': 2.1967640861930704e-07, 'Disgusted': 9.122469180056214e-08, 'Fearful': 1.5777425588225924e-08, 'Happy': 1.3094036148686428e-06, 'Neutral': 0.9999978542327881, 'Other': 1.7098848559271573e-08, 'Sad': 2.0396224442720268e-07, 'Surprised': 7.382610966999437e-09, 'Unknown': 2.0143113488302333e-07}",Thanks chatroom. Thank you.
FELICIA,01:41:46,01:41:48,Neutral,"{'Angry': 0.00039376356289722025, 'Disgusted': 0.0008220254094339907, 'Fearful': 0.0003735493519343436, 'Happy': 0.0240885429084301, 'Neutral': 0.9559007287025452, 'Other': 0.0003285176935605705, 'Sad': 0.00017916489741764963, 'Surprised': 9.175879313261248e-06, 'Unknown': 0.017904575914144516}","Yes, chatroom."
MATT,01:41:48,01:41:54,Angry,"{'Angry': 0.9965303540229797, 'Disgusted': 0.0004155318601988256, 'Fearful': 0.0014786829706281424, 'Happy': 0.0005327524268068373, 'Neutral': 7.921003270894289e-05, 'Other': 3.0231612981879152e-05, 'Sad': 4.600889587891288e-05, 'Surprised': 0.0007067556725814939, 'Unknown': 0.00018046965124085546}",It's 21 points of piercing damage from the jaws which is reduced by half because of your Rage.
TRAVIS,01:41:54,01:41:55,Fearful,"{'Angry': 0.36221420764923096, 'Disgusted': 0.02682962827384472, 'Fearful': 0.5918501615524292, 'Happy': 0.006658926606178284, 'Neutral': 0.0016589794540777802, 'Other': 0.0009984561474993825, 'Sad': 0.006321948487311602, 'Surprised': 0.0030777526553720236, 'Unknown': 0.0003900323936250061}","Yes, so 11?"
MATT,01:41:55,01:42:07,Happy,"{'Angry': 1.0713524289940324e-08, 'Disgusted': 1.3710052826354513e-07, 'Fearful': 1.883802553948044e-07, 'Happy': 0.9999979734420776, 'Neutral': 1.1416592116120228e-07, 'Other': 8.010941598968202e-08, 'Sad': 1.635212498740657e-07, 'Surprised': 3.2232826185918384e-08, 'Unknown': 1.3605989579446032e-06}",Yep. That finishes the dire wolf's turn. The two other orcs are also going to swing at you from the sides. They have advantage because they're flanking you. That's going to be a 17.
TRAVIS,01:42:07,01:42:08,Surprised,"{'Angry': 0.044229667633771896, 'Disgusted': 0.002330000977963209, 'Fearful': 0.0012334976345300674, 'Happy': 0.017081428319215775, 'Neutral': 0.4475105106830597, 'Other': 6.716913776472211e-05, 'Sad': 0.001955136889591813, 'Surprised': 0.4854196608066559, 'Unknown': 0.00017292084521614015}",Misses.
MATT,01:42:08,01:42:23,Happy,"{'Angry': 7.088590791681781e-06, 'Disgusted': 1.085809253709158e-05, 'Fearful': 1.3955456097392016e-06, 'Happy': 0.9999754428863525, 'Neutral': 6.122148192844179e-07, 'Other': 6.212962375684583e-07, 'Sad': 2.850612872862257e-06, 'Surprised': 1.5013218046533439e-07, 'Unknown': 1.0249267461404088e-06}",And then with advantage on that one: 16. Also misses. They're just swinging at you with no effect. That completes the surprise round. The orcs have pounced onto your campsite. Back at the top of the order we have Percy. What are you doing first?
TALIESIN,01:42:23,01:42:34,Neutral,"{'Angry': 2.901110178754607e-07, 'Disgusted': 9.031370495904412e-07, 'Fearful': 1.2358465539819008e-07, 'Happy': 1.8947886928799562e-05, 'Neutral': 0.999976396560669, 'Other': 6.137774448689015e-07, 'Sad': 9.941198868546053e-07, 'Surprised': 1.2770992441346607e-07, 'Unknown': 1.5680996057199081e-06}","Going to cry a little. So, I have three orcs basically-- or two orcs and a god-knows-what?"
MATT,01:42:34,01:42:43,Neutral,"{'Angry': 1.260063559570257e-13, 'Disgusted': 5.53680788961371e-15, 'Fearful': 1.03009169611165e-15, 'Happy': 1.759749166047389e-13, 'Neutral': 1.0, 'Other': 1.0935025942463567e-15, 'Sad': 4.2708051721865314e-13, 'Surprised': 6.877423706485447e-14, 'Unknown': 4.350982939281371e-15}","Yeah, it's too small to be an ogre but it's too big to be an orc. A very unholy union of the two probably created this spawn."
TALIESIN,01:42:43,01:42:57,Neutral,"{'Angry': 3.215594457373072e-12, 'Disgusted': 1.74678102386229e-13, 'Fearful': 5.405415291802676e-14, 'Happy': 4.473138873195559e-12, 'Neutral': 1.0, 'Other': 1.4546786288017165e-14, 'Sad': 1.1077377730372984e-11, 'Surprised': 9.895734405518386e-13, 'Unknown': 1.0876399742865486e-13}","The first thing I'm going to do, is I'm going to take a Fire Shot to the right to that giant monstrosity and spend a Grit point to try to shoot him in the foot."
MATT,01:42:57,01:42:58,Happy,"{'Angry': 0.0009466655901633203, 'Disgusted': 0.007219067309051752, 'Fearful': 0.0007975951884873211, 'Happy': 0.6941847801208496, 'Neutral': 0.22311022877693176, 'Other': 0.00016630723257549107, 'Sad': 0.015289085917174816, 'Surprised': 0.05818589776754379, 'Unknown': 0.00010037690663011745}",Okay.
TALIESIN,01:42:58,01:43:16,Happy,"{'Angry': 0.0002560318971518427, 'Disgusted': 0.0039413305930793285, 'Fearful': 0.0004337024874985218, 'Happy': 0.9421215653419495, 'Neutral': 0.010198533535003662, 'Other': 0.023409392684698105, 'Sad': 0.006089340429753065, 'Surprised': 0.004194144159555435, 'Unknown': 0.009356023743748665}","-- makes a constitution saving throw. Okay, these rules are new, so pardon me if I'm a little iffy. So shot with Pepperbox is-- wow, what's wrong with me? 28 to hit."
MATT,01:43:16,01:43:20,Happy,"{'Angry': 2.1801926664011262e-07, 'Disgusted': 1.099742576116114e-06, 'Fearful': 2.870190769499459e-07, 'Happy': 0.9999902248382568, 'Neutral': 4.177491064183414e-06, 'Other': 4.047977029131289e-07, 'Sad': 1.7262796063732821e-06, 'Surprised': 1.5282574850061792e-06, 'Unknown': 2.7891843501492986e-07}",28 definitely hits. He has to make a saving throw or be knocked prone?
TALIESIN,01:43:20,01:43:28,Neutral,"{'Angry': 0.0020794281736016273, 'Disgusted': 0.0016723116859793663, 'Fearful': 0.0003118905588053167, 'Happy': 0.23578886687755585, 'Neutral': 0.7362980842590332, 'Other': 0.004683583974838257, 'Sad': 0.009246778674423695, 'Surprised': 0.00031986163230612874, 'Unknown': 0.009599167853593826}","Well yeah, there's damage plus a saving throw. He has to make a constitution saving throw."
MATT,01:43:28,01:43:29,Disgusted,"{'Angry': 0.014364272356033325, 'Disgusted': 0.7109103798866272, 'Fearful': 0.0009742964175529778, 'Happy': 0.00793106947094202, 'Neutral': 0.17097662389278412, 'Other': 0.019351307302713394, 'Sad': 0.040545012801885605, 'Surprised': 0.034464556723833084, 'Unknown': 0.0004825076903216541}",All right.
TALIESIN,01:43:29,01:43:34,Neutral,"{'Angry': 2.27745634850951e-11, 'Disgusted': 2.6058814394519514e-12, 'Fearful': 9.11966574305978e-13, 'Happy': 1.4818145321893184e-10, 'Neutral': 1.0, 'Other': 2.893538002517876e-13, 'Sad': 1.9097955161750946e-10, 'Surprised': 7.299320002596144e-12, 'Unknown': 1.0505041931826997e-12}",Eight plus my proficiency modifier plus my dexterity modifier.
MATT,01:43:34,01:43:36,Neutral,"{'Angry': 5.2505981333605956e-12, 'Disgusted': 4.0631541642528746e-13, 'Fearful': 1.1294058814255784e-13, 'Happy': 1.0085970253426169e-11, 'Neutral': 1.0, 'Other': 2.4221544095513053e-14, 'Sad': 2.316394125123633e-11, 'Surprised': 2.2801196694621773e-12, 'Unknown': 9.941758516689853e-14}","Four plus six, so it would be 18?"
TALIESIN,01:43:36,01:43:42,Neutral,"{'Angry': 1.964414695976302e-05, 'Disgusted': 6.255997868720442e-05, 'Fearful': 1.13345167847001e-05, 'Happy': 0.029840137809515, 'Neutral': 0.9681858420372009, 'Other': 0.0004640900297090411, 'Sad': 0.00018427158647682518, 'Surprised': 2.2060962692194153e-06, 'Unknown': 0.001229803659953177}","It's actually ten. 18, yeah, you're right."
MATT,01:43:42,01:43:53,Neutral,"{'Angry': 1.6494377064191212e-07, 'Disgusted': 1.2167549812147627e-07, 'Fearful': 9.482611140754216e-09, 'Happy': 8.225505553127732e-06, 'Neutral': 0.999990701675415, 'Other': 9.215933260975362e-08, 'Sad': 3.767870566662168e-07, 'Surprised': 1.8815812907746476e-08, 'Unknown': 2.837126942267787e-07}","Yeah, he does not make that. So you shoot, he gets knocked prone. As you shoot his foot out from under him, he stumbles to one knee and then you just kick out and push him onto his back. That's the first shot."
TALIESIN,01:43:53,01:44:01,Happy,"{'Angry': 0.11889194697141647, 'Disgusted': 0.002693543443456292, 'Fearful': 0.002169417915865779, 'Happy': 0.6868497133255005, 'Neutral': 0.18630167841911316, 'Other': 0.000319651240715757, 'Sad': 0.0010328288190066814, 'Surprised': 0.0012370795011520386, 'Unknown': 0.000504086900036782}","And it does six points of damage-- I'm sorry, it does 12 points of damage plus three points of fire damage."
MATT,01:44:01,01:44:02,Neutral,"{'Angry': 0.024990998208522797, 'Disgusted': 0.04291444644331932, 'Fearful': 0.00025181047385558486, 'Happy': 0.026452455669641495, 'Neutral': 0.860494077205658, 'Other': 0.000378155818907544, 'Sad': 0.04015205055475235, 'Surprised': 0.004277331754565239, 'Unknown': 8.869390148902312e-05}",Nice.
TALIESIN,01:44:02,01:44:15,Happy,"{'Angry': 9.158327429759083e-09, 'Disgusted': 1.532824711603098e-08, 'Fearful': 2.585957226131086e-08, 'Happy': 0.9999998807907104, 'Neutral': 7.882543506809725e-09, 'Other': 1.6911123168483755e-08, 'Sad': 7.629483889104449e-08, 'Surprised': 1.769554813790819e-08, 'Unknown': 4.868257796886155e-09}",And now my other shot. Marking that off. I'm going to shoot him while he's down.
MATT,01:44:15,01:44:16,Disgusted,"{'Angry': 0.007508255075663328, 'Disgusted': 0.7613416910171509, 'Fearful': 0.0006578948232345283, 'Happy': 0.005726531147956848, 'Neutral': 0.12316028028726578, 'Other': 0.0821235328912735, 'Sad': 0.012085077352821827, 'Surprised': 0.005219921935349703, 'Unknown': 0.002176786307245493}",Okay.
TALIESIN,01:44:16,01:44:18,Happy,"{'Angry': 2.417569703538902e-06, 'Disgusted': 2.0755107925651828e-06, 'Fearful': 2.5622526322877093e-07, 'Happy': 0.9999837875366211, 'Neutral': 7.803720109222922e-06, 'Other': 1.5376595001725946e-06, 'Sad': 3.866233839744382e-07, 'Surprised': 1.17803824650764e-06, 'Unknown': 5.722790774598252e-07}","So, do I get a bonus to hit there?"
MATT,01:44:18,01:44:19,Neutral,"{'Angry': 2.0790337657672353e-05, 'Disgusted': 1.5863940916460706e-06, 'Fearful': 2.2296970314528153e-07, 'Happy': 6.632392341998639e-06, 'Neutral': 0.9999645948410034, 'Other': 5.069134090263105e-07, 'Sad': 5.344127657735953e-06, 'Surprised': 7.444286609370465e-08, 'Unknown': 2.3427939765952033e-07}",You have advantage because he's prone.
TALIESIN,01:44:19,01:44:21,Surprised,"{'Angry': 0.004280904307961464, 'Disgusted': 0.011598706245422363, 'Fearful': 0.003918631002306938, 'Happy': 0.0027795075438916683, 'Neutral': 0.0014865228440612555, 'Other': 0.001472532982006669, 'Sad': 0.0011578105622902513, 'Surprised': 0.9731290340423584, 'Unknown': 0.00017637884593568742}","Okay, I get advantage. So I'm actually using--"
MATT,01:44:21,01:44:24,Neutral,"{'Angry': 2.192785686361276e-08, 'Disgusted': 1.706743368856678e-08, 'Fearful': 1.229494639432005e-08, 'Happy': 3.523162774854427e-07, 'Neutral': 0.9999995231628418, 'Other': 4.274535836401583e-09, 'Sad': 1.3381450969518482e-07, 'Surprised': 1.4662034253376532e-08, 'Unknown': 1.2556395923013497e-08}","He's right there in front of you and he's not able to really dodge effectively, so I'm going to give you advantage on this attack."
TALIESIN,01:44:24,01:44:26,Neutral,"{'Angry': 2.3552881884825183e-06, 'Disgusted': 6.288173040047695e-07, 'Fearful': 2.0549882151499332e-07, 'Happy': 0.015340851619839668, 'Neutral': 0.9846500754356384, 'Other': 4.467093006610412e-08, 'Sad': 5.23629023518879e-06, 'Surprised': 4.977476919520996e-07, 'Unknown': 1.087883561012859e-07}","Okay, so I'm using Sharpshooter then."
TRAVIS,01:44:26,01:44:27,Neutral,"{'Angry': 0.008031286299228668, 'Disgusted': 0.0038502684328705072, 'Fearful': 4.5930570195196196e-05, 'Happy': 0.035996273159980774, 'Neutral': 0.9506432414054871, 'Other': 1.717613122309558e-05, 'Sad': 0.0013695125235244632, 'Surprised': 2.45210303546628e-05, 'Unknown': 2.1881416614633054e-05}",Get him Percy!
TALIESIN,01:44:27,01:44:34,Neutral,"{'Angry': 0.00022591769811697304, 'Disgusted': 0.00034690534812398255, 'Fearful': 0.00034452410181984305, 'Happy': 0.0002030136965913698, 'Neutral': 0.9737695455551147, 'Other': 0.0004737385315820575, 'Sad': 0.00014074383943807334, 'Surprised': 0.024378210306167603, 'Unknown': 0.00011743055802071467}","Thank God. Natural 20! So, this is going to suck for him!"
MATT,01:44:34,01:44:37,Neutral,"{'Angry': 3.993747554886795e-10, 'Disgusted': 2.0773263664786157e-10, 'Fearful': 9.806944145651642e-11, 'Happy': 1.6769401423033514e-09, 'Neutral': 1.0, 'Other': 2.470166605983426e-11, 'Sad': 3.308990192962824e-09, 'Surprised': 9.016131174988118e-10, 'Unknown': 9.299627908021524e-12}","Which regenerates your Grit point you just used, by the way."
TALIESIN,01:44:37,01:44:38,Happy,"{'Angry': 5.62756774513673e-09, 'Disgusted': 4.924684215978914e-09, 'Fearful': 1.3086726147193417e-09, 'Happy': 0.9999997615814209, 'Neutral': 1.5800456765191484e-07, 'Other': 1.3094215711717538e-09, 'Sad': 6.305429423036912e-08, 'Surprised': 1.359406631706861e-08, 'Unknown': 3.805816425894726e-11}",Does it? I'm back to three?
MATT,01:44:38,01:44:40,Neutral,"{'Angry': 6.272081076730274e-09, 'Disgusted': 3.0638021009110616e-09, 'Fearful': 1.1064950067307677e-09, 'Happy': 5.65551587783375e-08, 'Neutral': 0.9999998807907104, 'Other': 4.340071413366786e-09, 'Sad': 3.359235378752601e-08, 'Surprised': 1.084023981690052e-09, 'Unknown': 5.0783954819166865e-09}",You get a Grit point whenever you crit.
TALIESIN,01:44:40,01:44:49,Happy,"{'Angry': 5.503663032868644e-06, 'Disgusted': 4.36745449405862e-06, 'Fearful': 5.886242797714658e-05, 'Happy': 0.9998600482940674, 'Neutral': 1.9719658439498744e-07, 'Other': 6.015495819156058e-05, 'Sad': 3.546494781403453e-06, 'Surprised': 6.506116278615082e-06, 'Unknown': 7.273774826899171e-07}","Every time I crit, that's right! Math! Okay, so I get double points right? That's how this--"
MATT,01:44:49,01:44:51,Happy,"{'Angry': 4.3847824676701563e-11, 'Disgusted': 1.3514790675461796e-10, 'Fearful': 7.104496158039098e-11, 'Happy': 1.0, 'Neutral': 7.480768227097201e-10, 'Other': 1.8982071470219353e-10, 'Sad': 7.682909308748265e-10, 'Surprised': 1.8162704673585495e-10, 'Unknown': 3.167663700787138e-11}",Roll the dice and double the number you get.
TALIESIN,01:44:51,01:45:03,Happy,"{'Angry': 5.367625271901488e-05, 'Disgusted': 0.00034627533750608563, 'Fearful': 4.568535587168299e-05, 'Happy': 0.9844585657119751, 'Neutral': 0.008395030163228512, 'Other': 0.0001478429330745712, 'Sad': 0.005855664145201445, 'Surprised': 4.7067376726772636e-05, 'Unknown': 0.0006502646137960255}","Okay. Oh, that kind of sucks. Seven, 14, 24, 25... 30 points of damage. (cheering)"
MATT,01:45:03,01:45:30,Neutral,"{'Angry': 5.895094545849133e-08, 'Disgusted': 7.002613955364723e-08, 'Fearful': 5.549186443687404e-09, 'Happy': 4.488277227210347e-06, 'Neutral': 0.9999947547912598, 'Other': 1.3985427926854754e-07, 'Sad': 3.8942815194786817e-07, 'Surprised': 1.136444609528553e-07, 'Unknown': 3.690006167289539e-08}","While it's on the ground, it looks up at you and snarls. You removed your boot from where you kicked it down. You bring the gun down, aim it, and give it a glare as you fire with the Pepperbox. As you do, you blast part of its jaw off and you see it-- You see blood starting to trickle and pour down the front of its chest and it's trying to get up angrily, reaching for its club which is currently in the half snow floor of this forest interior. It's looking pretty rough, but it's looking very intent on getting vengeance on you."
TALIESIN,01:45:30,01:45:34,Happy,"{'Angry': 0.0019668210297822952, 'Disgusted': 0.0023909667506814003, 'Fearful': 0.0006416349788196385, 'Happy': 0.9636671543121338, 'Neutral': 0.01374857034534216, 'Other': 0.003690277226269245, 'Sad': 0.005046672187745571, 'Surprised': 0.00014936589286662638, 'Unknown': 0.008698438294231892}","Out of idle curiosity, if I try to make a break for it they would get two attacks of opportunity against me, right?"
MATT,01:45:34,01:45:37,Neutral,"{'Angry': 0.0009607569081708789, 'Disgusted': 0.0017871602904051542, 'Fearful': 0.0038079931400716305, 'Happy': 0.012403094209730625, 'Neutral': 0.4298662543296814, 'Other': 0.004317771177738905, 'Sad': 0.2836887538433075, 'Surprised': 8.579223504057154e-06, 'Unknown': 0.2631595730781555}","Yes. Yes, they are harrying you pretty heavily right now."
TALIESIN,01:45:37,01:45:41,Neutral,"{'Angry': 1.5449068087036721e-06, 'Disgusted': 6.788668997614877e-06, 'Fearful': 1.7311476767645217e-06, 'Happy': 1.4723752428835724e-05, 'Neutral': 0.9999032020568848, 'Other': 3.4501999834901653e-06, 'Sad': 1.4599978385376744e-05, 'Surprised': 3.463346942567114e-08, 'Unknown': 5.3830961405765265e-05}","Ooh, that doesn't make my life any better does it. No, never mind then."
TRAVIS,01:45:41,01:45:48,Neutral,"{'Angry': 0.0007808450609445572, 'Disgusted': 0.0005155079415999353, 'Fearful': 0.00013918131298851222, 'Happy': 0.445696622133255, 'Neutral': 0.5446226000785828, 'Other': 0.001210248563438654, 'Sad': 0.0021399923134595156, 'Surprised': 5.811841765535064e-05, 'Unknown': 0.004836975131183863}","Do it, Percy!"
TALIESIN,01:45:48,01:45:52,Neutral,"{'Angry': 1.759528503800234e-12, 'Disgusted': 7.196036166034689e-14, 'Fearful': 1.8888851664429843e-14, 'Happy': 2.2097738135856693e-12, 'Neutral': 1.0, 'Other': 6.084985166703591e-15, 'Sad': 5.470787017847201e-12, 'Surprised': 4.914784941870143e-13, 'Unknown': 5.1689924720045924e-14}","Actually, you know what? I'm pulling an Action Surge. Two more shots."
MATT,01:45:52,01:45:53,Neutral,"{'Angry': 8.062872439040802e-06, 'Disgusted': 2.817735321514192e-06, 'Fearful': 4.5741569465462817e-07, 'Happy': 0.0031122814398258924, 'Neutral': 0.9968560934066772, 'Other': 3.005109647347126e-06, 'Sad': 6.833544375695055e-06, 'Surprised': 4.3627477452901076e-07, 'Unknown': 9.953545486496296e-06}",Go for it.
TALIESIN,01:45:53,01:45:55,Neutral,"{'Angry': 7.175190346389582e-14, 'Disgusted': 2.6417845894118356e-15, 'Fearful': 4.4140228899247397e-16, 'Happy': 9.569105355105786e-14, 'Neutral': 1.0, 'Other': 6.79206974222576e-16, 'Sad': 2.2989441838920655e-13, 'Surprised': 4.295949853445544e-14, 'Unknown': 2.1321799221904946e-15}",I'm shooting him two more times while he's on the ground.
MATT,01:45:55,01:45:56,Neutral,"{'Angry': 0.00032069309963844717, 'Disgusted': 0.0008673347183503211, 'Fearful': 0.001173179829493165, 'Happy': 0.009670240804553032, 'Neutral': 0.9834837317466736, 'Other': 3.9296468457905576e-05, 'Sad': 0.0036370214074850082, 'Surprised': 0.000729405670426786, 'Unknown': 7.901488424977288e-05}",All right.
TALIESIN,01:45:56,01:45:57,Neutral,"{'Angry': 0.0002969802590087056, 'Disgusted': 0.00041298920405097306, 'Fearful': 0.00023810408310964704, 'Happy': 0.00039884017314761877, 'Neutral': 0.8008758425712585, 'Other': 8.994879863166716e-06, 'Sad': 0.19768549501895905, 'Surprised': 7.730055949650705e-05, 'Unknown': 5.4494298638019245e-06}",Same thing with a plus ten to hit with a Sharpshooter.
MATT,01:45:57,01:45:58,Neutral,"{'Angry': 0.0015524938935413957, 'Disgusted': 0.0012331869220361114, 'Fearful': 0.0002291251439601183, 'Happy': 0.003009988460689783, 'Neutral': 0.8896724581718445, 'Other': 0.00012459575373213738, 'Sad': 0.0008861147216521204, 'Surprised': 0.10328745096921921, 'Unknown': 4.626419922715286e-06}",Yep. He still has--
TALIESIN,01:45:58,01:46:00,Neutral,"{'Angry': 0.009370658546686172, 'Disgusted': 0.011584888212382793, 'Fearful': 0.01947379857301712, 'Happy': 0.032063957303762436, 'Neutral': 0.7245000600814819, 'Other': 0.07925327122211456, 'Sad': 0.09995315223932266, 'Surprised': 0.014935210347175598, 'Unknown': 0.008865085430443287}",Disadvantage?
MATT,01:46:00,01:46:01,Neutral,"{'Angry': 0.0016793555114418268, 'Disgusted': 0.023046571761369705, 'Fearful': 6.0145823226775974e-05, 'Happy': 0.0002317622274858877, 'Neutral': 0.9743072390556335, 'Other': 2.954734372906387e-05, 'Sad': 0.0005701042828150094, 'Surprised': 1.9056016753893346e-05, 'Unknown': 5.624564801109955e-05}",Advantage to your shot because he's still on the ground.
TALIESIN,01:46:01,01:46:04,Neutral,"{'Angry': 2.045989419552363e-11, 'Disgusted': 1.3362217148732425e-12, 'Fearful': 4.547800395819646e-13, 'Happy': 2.7563215598824797e-11, 'Neutral': 1.0, 'Other': 1.2305290792401224e-13, 'Sad': 5.1550687329982026e-11, 'Surprised': 4.822228120288097e-12, 'Unknown': 7.445511221448875e-13}",23 to hit.
MATT,01:46:04,01:46:06,Neutral,"{'Angry': 1.715196518148332e-08, 'Disgusted': 5.482327924966057e-09, 'Fearful': 3.5969668910063035e-10, 'Happy': 9.397640887698344e-09, 'Neutral': 1.0, 'Other': 5.084363485785559e-10, 'Sad': 5.7395590502551386e-09, 'Surprised': 1.511349823068997e-09, 'Unknown': 1.0302795283578803e-09}",23 hits. Go ahead and roll damage on that.
TALIESIN,01:46:06,01:46:15,Sad,"{'Angry': 0.037845730781555176, 'Disgusted': 0.0038108178414404392, 'Fearful': 0.001504568732343614, 'Happy': 0.07367099076509476, 'Neutral': 0.015331270173192024, 'Other': 0.0002458069648128003, 'Sad': 0.8663333654403687, 'Surprised': 0.000505188712850213, 'Unknown': 0.0007522675441578031}","Let's see. Sorry, trying to do this... five plus 16, so 21 points of damage."
MATT,01:46:15,01:46:37,Sad,"{'Angry': 0.00036868633469566703, 'Disgusted': 0.00252924463711679, 'Fearful': 0.0005342357326298952, 'Happy': 0.08375074714422226, 'Neutral': 0.0489213801920414, 'Other': 0.01231843326240778, 'Sad': 0.8455733060836792, 'Surprised': 0.0006261809030547738, 'Unknown': 0.005377777386456728}","21 points of damage. All right, with that shot as it's getting up and reaches for its club, it gets hold of it and starts bringing it in an arc towards you. You lower the gun again, this time shooting for the other side of its face. With an echoing blasting sound you see the remainder of its lower jaw and head just blown out the back of it. Its eyes roll back. (cheering)"
LAURA,01:46:37,01:46:40,Neutral,"{'Angry': 4.3717022890632506e-07, 'Disgusted': 8.229887953348225e-07, 'Fearful': 9.83247673502774e-07, 'Happy': 1.235266381627298e-06, 'Neutral': 0.9999792575836182, 'Other': 3.8944926927797496e-07, 'Sad': 1.4155802091408987e-05, 'Surprised': 7.938844959198832e-08, 'Unknown': 2.608441036500153e-06}",Instakill!
TRAVIS,01:46:40,01:46:42,Neutral,"{'Angry': 0.009641648270189762, 'Disgusted': 0.30942657589912415, 'Fearful': 0.017319731414318085, 'Happy': 0.030861541628837585, 'Neutral': 0.35926100611686707, 'Other': 0.06556422263383865, 'Sad': 0.19112034142017365, 'Surprised': 0.00398365780711174, 'Unknown': 0.012821327894926071}",Damn! One turn!
TALIESIN,01:46:42,01:46:48,Neutral,"{'Angry': 1.2948463279371936e-07, 'Disgusted': 2.1564899554959993e-07, 'Fearful': 5.056175211848313e-08, 'Happy': 1.0623264188325265e-06, 'Neutral': 0.9999974966049194, 'Other': 5.656084667293726e-08, 'Sad': 6.240629772946704e-07, 'Surprised': 1.0424982122003712e-07, 'Unknown': 2.0733303074393916e-07}","And now, I'm going to take that last shot and swing up and shoot at the one that's to the right of--"
MATT,01:46:48,01:46:49,Happy,"{'Angry': 4.704979437519796e-05, 'Disgusted': 0.0013149632140994072, 'Fearful': 1.748401155055035e-05, 'Happy': 0.9941851496696472, 'Neutral': 0.0031696599908173084, 'Other': 9.492561366641894e-05, 'Sad': 0.0005618750001303852, 'Surprised': 0.0006025343318469822, 'Unknown': 6.376198598445626e-06}",This one?
TALIESIN,01:46:49,01:46:50,Sad,"{'Angry': 0.0011621364392340183, 'Disgusted': 0.0023336748126894236, 'Fearful': 0.023306511342525482, 'Happy': 0.016823703423142433, 'Neutral': 0.011964925564825535, 'Other': 1.116452767746523e-05, 'Sad': 0.9436460137367249, 'Surprised': 0.0006954108248464763, 'Unknown': 5.6464345107087865e-05}",That one right there.
MATT,01:46:50,01:46:52,Happy,"{'Angry': 1.5249592699717596e-09, 'Disgusted': 4.560579025536526e-09, 'Fearful': 1.2296119678012474e-09, 'Happy': 1.0, 'Neutral': 5.1101496367778054e-09, 'Other': 5.312194684137239e-09, 'Sad': 3.1355908980401637e-09, 'Surprised': 8.489817737711292e-09, 'Unknown': 5.237720257511569e-10}","Okay, go ahead and roll to attack."
TALIESIN,01:46:52,01:46:54,Neutral,"{'Angry': 0.0030970354564487934, 'Disgusted': 0.0021002355497330427, 'Fearful': 0.0002965858730021864, 'Happy': 0.12396323680877686, 'Neutral': 0.8658030033111572, 'Other': 0.00026127835735678673, 'Sad': 0.0008160357247106731, 'Surprised': 0.0026347769889980555, 'Unknown': 0.001027787453494966}","Oh, God. Natural 20!"
TRAVIS,01:46:54,01:46:55,Happy,"{'Angry': 0.00012786149454768747, 'Disgusted': 0.0008041929104365408, 'Fearful': 0.00016185373533517122, 'Happy': 0.9961787462234497, 'Neutral': 0.0016336587723344564, 'Other': 1.588906343386043e-05, 'Sad': 0.0008956348174251616, 'Surprised': 0.0001770560338627547, 'Unknown': 5.117538421473e-06}",What the fuck?!
FELICIA,01:46:55,01:46:56,Happy,"{'Angry': 0.0014367752010002732, 'Disgusted': 0.0015945483464747667, 'Fearful': 9.159611363429576e-05, 'Happy': 0.6615642309188843, 'Neutral': 0.33402639627456665, 'Other': 0.0001150919051724486, 'Sad': 0.0007243586587719619, 'Surprised': 0.00035613367799669504, 'Unknown': 9.085539932129905e-05}",What the heck?
LAURA,01:46:56,01:46:58,Neutral,"{'Angry': 0.00012121409235987812, 'Disgusted': 0.0006708783912472427, 'Fearful': 1.878479633887764e-05, 'Happy': 0.017794709652662277, 'Neutral': 0.9810247421264648, 'Other': 5.5733733461238444e-05, 'Sad': 0.0002007129369303584, 'Surprised': 3.6895617085974663e-05, 'Unknown': 7.629211177118123e-05}","This is the best night for Percy, ever."
TALIESIN,01:46:58,01:47:04,Neutral,"{'Angry': 0.0008747208630666137, 'Disgusted': 0.0006048835348337889, 'Fearful': 2.1429546904983e-05, 'Happy': 0.07805748283863068, 'Neutral': 0.9177558422088623, 'Other': 0.0006695316405966878, 'Sad': 6.667772686341777e-05, 'Surprised': 2.8306676540523767e-05, 'Unknown': 0.001921130227856338}",I'm just sitting in the corner going (maniacal laughter)
TRAVIS,01:47:04,01:47:08,Happy,"{'Angry': 7.771583477733657e-05, 'Disgusted': 0.0006483985343948007, 'Fearful': 0.0001455291494494304, 'Happy': 0.9762337803840637, 'Neutral': 0.020640769973397255, 'Other': 9.494341793470085e-05, 'Sad': 0.0004033886652905494, 'Surprised': 0.00019484094809740782, 'Unknown': 0.0015607193345203996}","You were sleeping. Are you doing all this naked, since you were woken up so quickly?"
LAURA,01:47:08,01:47:09,Neutral,"{'Angry': 1.7126322404692473e-07, 'Disgusted': 2.425872480671387e-07, 'Fearful': 4.635461081647918e-08, 'Happy': 3.790592586483399e-07, 'Neutral': 0.9999986886978149, 'Other': 6.746228820020406e-08, 'Sad': 1.254466184263947e-07, 'Surprised': 1.5285260701602965e-07, 'Unknown': 1.5622332227849256e-07}","Yes, definitely."
TALIESIN,01:47:09,01:47:12,Neutral,"{'Angry': 0.00025477836607024074, 'Disgusted': 0.023859240114688873, 'Fearful': 0.042136695235967636, 'Happy': 0.0112001933157444, 'Neutral': 0.7570841908454895, 'Other': 0.0015136421425268054, 'Sad': 0.11998217552900314, 'Surprised': 0.04310542345046997, 'Unknown': 0.0008635948761366308}","I'm in the pajamas with the butt flap, and the butt flap is down."
MARY,01:47:12,01:47:13,Neutral,"{'Angry': 0.0072701494209468365, 'Disgusted': 0.019288603216409683, 'Fearful': 0.001992066390812397, 'Happy': 0.007784348912537098, 'Neutral': 0.8529568314552307, 'Other': 0.00028240756364539266, 'Sad': 0.03490951657295227, 'Surprised': 0.07549767941236496, 'Unknown': 1.8432097931508906e-05}",Yes!
TALIESIN,01:47:13,01:47:15,Neutral,"{'Angry': 7.543399260612205e-05, 'Disgusted': 7.886085950303823e-05, 'Fearful': 2.54188144026557e-05, 'Happy': 0.045505933463573456, 'Neutral': 0.9532170295715332, 'Other': 6.786081939935684e-06, 'Sad': 0.0008071190677583218, 'Surprised': 0.00027936825063079596, 'Unknown': 3.988989647041308e-06}",The butt flap is down!
TRAVIS,01:47:15,01:47:16,Neutral,"{'Angry': 0.00015293485193978995, 'Disgusted': 0.0007038643816486001, 'Fearful': 0.00027551883249543607, 'Happy': 0.00022980847279541194, 'Neutral': 0.9885071516036987, 'Other': 9.096444955503102e-06, 'Sad': 0.010074082762002945, 'Surprised': 1.2906505617138464e-05, 'Unknown': 3.469145667622797e-05}",I applaud.
MATT,01:47:16,01:47:19,Neutral,"{'Angry': 5.290221906761872e-06, 'Disgusted': 4.0242898649012204e-06, 'Fearful': 2.437468083371641e-06, 'Happy': 1.5256304322974756e-05, 'Neutral': 0.9999382495880127, 'Other': 2.750710109467036e-06, 'Sad': 1.3358828255150001e-05, 'Surprised': 2.0477196471802017e-07, 'Unknown': 1.8293498214916326e-05}","All right. Good to know, because that will affect your armor class."
TALIESIN,01:47:19,01:47:24,Neutral,"{'Angry': 6.48284622002393e-05, 'Disgusted': 3.1848969683778705e-06, 'Fearful': 1.2679207657129155e-06, 'Happy': 0.00019630698079708964, 'Neutral': 0.9996935129165649, 'Other': 1.6685016817064025e-06, 'Sad': 3.594420195440762e-05, 'Surprised': 2.2171486762090353e-06, 'Unknown': 1.0364923355155042e-06}","And that's eight, 16, 26, 27, 28, 29, 31, 32 points of damage."
MATT,01:47:24,01:47:26,Neutral,"{'Angry': 0.0008094182703644037, 'Disgusted': 0.00038055560435168445, 'Fearful': 0.00012074930418748409, 'Happy': 0.00019980889919679612, 'Neutral': 0.998231828212738, 'Other': 8.853053259372246e-06, 'Sad': 0.00011818748316727579, 'Surprised': 0.0001252294605365023, 'Unknown': 5.346989382815082e-06}",32 points of damage.
TRAVIS,01:47:26,01:47:27,Neutral,"{'Angry': 0.0007493789307773113, 'Disgusted': 0.0009753509657457471, 'Fearful': 2.396837226115167e-05, 'Happy': 0.024595562368631363, 'Neutral': 0.9729129076004028, 'Other': 4.732283196062781e-05, 'Sad': 0.000511932244990021, 'Surprised': 0.00016343254537787288, 'Unknown': 2.0060235328855924e-05}",What the what?
LAURA,01:47:27,01:47:28,Surprised,"{'Angry': 0.0012037226697430015, 'Disgusted': 0.002056895988062024, 'Fearful': 9.478758147452027e-05, 'Happy': 0.004443153273314238, 'Neutral': 0.2546340823173523, 'Other': 6.932777614565566e-05, 'Sad': 0.00036976751289330423, 'Surprised': 0.7371196150779724, 'Unknown': 8.630297088529915e-06}",That's insane.
TALIESIN,01:47:28,01:47:30,Neutral,"{'Angry': 3.622641816036776e-05, 'Disgusted': 4.4249234633753076e-05, 'Fearful': 1.2459770005079918e-05, 'Happy': 0.4941355884075165, 'Neutral': 0.5049365758895874, 'Other': 6.1418772929755505e-06, 'Sad': 0.000733246561139822, 'Surprised': 9.415614476893097e-05, 'Unknown': 1.3120182984494022e-06}",It's a crit.
LAURA,01:47:30,01:47:34,Sad,"{'Angry': 5.287433396006236e-06, 'Disgusted': 2.8266380468267016e-05, 'Fearful': 1.382071332045598e-05, 'Happy': 1.0115008990396746e-05, 'Neutral': 0.0017546878661960363, 'Other': 1.7580568965058774e-06, 'Sad': 0.9981719255447388, 'Surprised': 6.182345941851963e-07, 'Unknown': 1.3509597010852303e-05}",Can we all get inspiration from seeing Percy just massacre?
FELICIA,01:47:34,01:47:36,Neutral,"{'Angry': 0.0006122096674516797, 'Disgusted': 0.0009865008760243654, 'Fearful': 0.0021477907430380583, 'Happy': 0.0031542733777314425, 'Neutral': 0.9707834720611572, 'Other': 0.0005141905858181417, 'Sad': 0.017811033874750137, 'Surprised': 8.676547440700233e-05, 'Unknown': 0.0039036329835653305}",It's like a John Woo film right now.
TRAVIS,01:47:36,01:47:38,Neutral,"{'Angry': 0.0011918357340618968, 'Disgusted': 0.0011483244597911835, 'Fearful': 1.3811362805427052e-05, 'Happy': 7.253419607877731e-05, 'Neutral': 0.9970115423202515, 'Other': 2.939991645689588e-06, 'Sad': 0.0005363196833059192, 'Surprised': 2.1183674107305706e-05, 'Unknown': 1.4181731557982857e-06}","Yeah, right? With the doves--"
MATT,01:47:38,01:48:11,Surprised,"{'Angry': 0.0003557986638043076, 'Disgusted': 0.0035939724184572697, 'Fearful': 0.0009277917561121285, 'Happy': 0.00038472970481961966, 'Neutral': 0.18395031988620758, 'Other': 0.00124180200509727, 'Sad': 0.08226968348026276, 'Surprised': 0.7272476553916931, 'Unknown': 2.831681922543794e-05}","You all are a little distracted by the other ones that are currently pushing in. You hear the explosions and you see off to the corner, but you have too many things around you right now. Okay, so as you pull back the gun, the orc that's in front of you that's currently holding its one handed axe with two hands is rearing back. You fire right towards its face. It tries to duck out of the way and you smack into its shoulder. With an explosion you can see its leather armor splinters, and its fur kind of burns and curls back from the flame of the blast, and beneath you can see that most of the muscle tissue and exposed bone is visible as you've blown a giant crater in its shoulder."
LAURA,01:48:11,01:48:12,Neutral,"{'Angry': 1.2091920780221699e-06, 'Disgusted': 2.579578790573578e-07, 'Fearful': 4.939211706300739e-08, 'Happy': 1.254690232599387e-05, 'Neutral': 0.9999845027923584, 'Other': 1.0997651145316922e-07, 'Sad': 8.266997610917315e-07, 'Surprised': 3.723827646240352e-08, 'Unknown': 5.179574600333581e-07}",Gross!
TALIESIN,01:48:12,01:48:15,Neutral,"{'Angry': 0.021648896858096123, 'Disgusted': 0.024921918287873268, 'Fearful': 0.008519436232745647, 'Happy': 0.23246215283870697, 'Neutral': 0.5151443481445312, 'Other': 0.004503385163843632, 'Sad': 0.00782585609704256, 'Surprised': 0.004868347197771072, 'Unknown': 0.18010564148426056}",That was brilliant. I'm done. Sorry.
MATT,01:48:15,01:48:16,Surprised,"{'Angry': 0.016745302826166153, 'Disgusted': 0.0004021174390800297, 'Fearful': 2.404802398814354e-05, 'Happy': 0.014606139622628689, 'Neutral': 0.0025990561116486788, 'Other': 2.448526538501028e-05, 'Sad': 4.39062605437357e-05, 'Surprised': 0.965551495552063, 'Unknown': 3.4794024941220414e-06}","Grog, you're up."
TRAVIS,01:48:16,01:48:25,Neutral,"{'Angry': 0.00010242871940135956, 'Disgusted': 0.00010162065882468596, 'Fearful': 7.947185804368928e-05, 'Happy': 0.1859147846698761, 'Neutral': 0.8056786060333252, 'Other': 0.0002252434060210362, 'Sad': 0.007264670450240374, 'Surprised': 2.0736832084367052e-05, 'Unknown': 0.0006124151987023652}","I'm up. I would like to go into a Frenzied Rage now that I've got all my playmates around me. And I would like to take one giant swing in a half circle, trying to get all three at one time."
MATT,01:48:25,01:48:27,Neutral,"{'Angry': 0.000877695856615901, 'Disgusted': 0.0013456089654937387, 'Fearful': 0.00037943082861602306, 'Happy': 0.005973847117275, 'Neutral': 0.9841415286064148, 'Other': 0.0018333952175453305, 'Sad': 0.00230102869682014, 'Surprised': 0.0009665469988249242, 'Unknown': 0.0021808098535984755}","All right, so attack for each one. Go for it."
TRAVIS,01:48:27,01:48:29,Neutral,"{'Angry': 4.887488557869801e-06, 'Disgusted': 1.7781312635634094e-05, 'Fearful': 4.085558430233505e-06, 'Happy': 0.00024518201826140285, 'Neutral': 0.9995482563972473, 'Other': 1.0981464583892375e-05, 'Sad': 2.5200910386047326e-05, 'Surprised': 8.04472563231684e-07, 'Unknown': 0.00014273339184001088}",So that's a 22.
MATT,01:48:29,01:48:31,Neutral,"{'Angry': 0.0005334902671165764, 'Disgusted': 0.00012344142305664718, 'Fearful': 1.020524337036477e-06, 'Happy': 3.481352223388967e-06, 'Neutral': 0.99931800365448, 'Other': 4.4720184178004274e-07, 'Sad': 1.8644583178684115e-05, 'Surprised': 1.2271310652067768e-06, 'Unknown': 2.678530677258095e-07}",That hits the orc. Dire wolf.
TRAVIS,01:48:31,01:48:33,Neutral,"{'Angry': 1.9774155589402653e-05, 'Disgusted': 2.522617796785198e-05, 'Fearful': 1.1396688023523893e-05, 'Happy': 0.0004734911199193448, 'Neutral': 0.9992364645004272, 'Other': 1.792299372027628e-05, 'Sad': 4.913521115668118e-05, 'Surprised': 1.3667484381585382e-05, 'Unknown': 0.00015295279445126653}",That's a 23.
MATT,01:48:33,01:48:35,Neutral,"{'Angry': 0.001689560362137854, 'Disgusted': 0.007582970894873142, 'Fearful': 0.0017705621430650353, 'Happy': 0.030527425929903984, 'Neutral': 0.7058611512184143, 'Other': 0.007704453077167273, 'Sad': 0.00434444984421134, 'Surprised': 0.00012164903455413878, 'Unknown': 0.24039781093597412}",Hits. And for the last orc.
LAURA,01:48:35,01:48:36,Neutral,"{'Angry': 0.00048158300342038274, 'Disgusted': 0.0007950668223202229, 'Fearful': 9.873985254671425e-05, 'Happy': 0.00038793013663962483, 'Neutral': 0.9970884919166565, 'Other': 1.3394806956057437e-05, 'Sad': 0.0004555255000013858, 'Surprised': 0.0006658228230662644, 'Unknown': 1.342679388471879e-05}",Hell yeah.
TRAVIS,01:48:36,01:48:38,Neutral,"{'Angry': 1.1812745697170612e-06, 'Disgusted': 1.7341022839900688e-06, 'Fearful': 1.5899319123491296e-06, 'Happy': 3.9469391595048364e-06, 'Neutral': 0.9999357461929321, 'Other': 2.7176297408004757e-06, 'Sad': 4.929105853079818e-05, 'Surprised': 6.400363190550706e-07, 'Unknown': 3.0878798042976996e-06}",26. 25!
MATT,01:48:38,01:48:42,Other,"{'Angry': 0.0007536117918789387, 'Disgusted': 0.1319521963596344, 'Fearful': 0.0017426792765036225, 'Happy': 0.002397768432274461, 'Neutral': 0.0024919554125517607, 'Other': 0.5403253436088562, 'Sad': 0.0010316912084817886, 'Surprised': 0.3103920817375183, 'Unknown': 0.008912631310522556}","Okay, roll damage three times, and it's in order. This orc over here?"
TRAVIS,01:48:42,01:48:48,Neutral,"{'Angry': 0.0013198346132412553, 'Disgusted': 0.0011096075177192688, 'Fearful': 0.00015676749171689153, 'Happy': 0.0009304368868470192, 'Neutral': 0.9143941402435303, 'Other': 0.0007652255007997155, 'Sad': 0.07940606027841568, 'Surprised': 2.800088986987248e-05, 'Unknown': 0.001889867358841002}",15. 12. And 17.
MATT,01:48:48,01:49:12,Neutral,"{'Angry': 0.000826357223559171, 'Disgusted': 0.0038730695378035307, 'Fearful': 0.00034625912667252123, 'Happy': 0.006099681835621595, 'Neutral': 0.9696360230445862, 'Other': 0.01144828088581562, 'Sad': 0.002778313122689724, 'Surprised': 0.0005206379573792219, 'Unknown': 0.004471364431083202}","All right. As you (whoosh) swing the axe around, it clips across the chest of the orc who is almost pushed off his feet from the sheer force. The axe swings, slams into the front throat, chest area of the dire wolf with so much force that it cuts clean through leaving this open wound where its main veins just begin to pour its lifeblood."
FELICIA,01:49:12,01:49:13,Neutral,"{'Angry': 3.5573173136072e-06, 'Disgusted': 3.934216692869086e-06, 'Fearful': 2.8938109153386904e-06, 'Happy': 0.00017617674893699586, 'Neutral': 0.9997846484184265, 'Other': 2.3072739452345559e-07, 'Sad': 2.6054436602862552e-05, 'Surprised': 2.3517543468187796e-06, 'Unknown': 1.240540399294332e-07}",Ew.
MATT,01:49:13,01:49:37,Neutral,"{'Angry': 1.197675715047808e-06, 'Disgusted': 2.5691276732686674e-06, 'Fearful': 7.11397944996861e-08, 'Happy': 4.6892262162145926e-07, 'Neutral': 0.9999916553497314, 'Other': 2.037765625573229e-06, 'Sad': 1.1834605402327725e-06, 'Surprised': 5.187724241295655e-07, 'Unknown': 2.099192784044135e-07}","The dire wolf just gurgles for a second before slumping onto the ground, motionless. With the inertia carrying through its body it slams into the other orc, who actually has a small buckler shield that manages to catch. It shatters most of the leather and metal that encompasses the piece, getting stuck into his forearm and he yells in your face with this kind of guttural shout and he pulls his own arm off the blade of the axe as you withdraw it."
TRAVIS,01:49:37,01:49:38,Neutral,"{'Angry': 2.917405254265759e-06, 'Disgusted': 1.4276655520006898e-06, 'Fearful': 1.8231654621558846e-06, 'Happy': 7.344876394199673e-06, 'Neutral': 0.9999340772628784, 'Other': 2.414249991034012e-07, 'Sad': 1.0124712389369961e-05, 'Surprised': 4.2007770389318466e-05, 'Unknown': 1.952163763974113e-08}",Ooh.
MATT,01:49:38,01:49:45,Neutral,"{'Angry': 1.0826592226897969e-11, 'Disgusted': 7.693221060200983e-13, 'Fearful': 2.1386541084085497e-13, 'Happy': 1.6119916165791004e-11, 'Neutral': 1.0, 'Other': 6.90650133112515e-14, 'Sad': 2.9042178384397488e-11, 'Surprised': 2.6832472875548685e-12, 'Unknown': 6.873912788800396e-13}",That concludes your turn. It's now their turn. All you low initiative rolling motherfuckers got to wait! (laughter)
MARY,01:49:45,01:49:47,Neutral,"{'Angry': 9.089813346463416e-09, 'Disgusted': 6.271710706329259e-09, 'Fearful': 1.1485007389566704e-09, 'Happy': 8.784196836586489e-08, 'Neutral': 0.9999998807907104, 'Other': 1.6109695799571e-09, 'Sad': 2.016420985739842e-08, 'Surprised': 3.0753946056449877e-09, 'Unknown': 2.0991139937365233e-09}",(sings) Mother! Motherfucker!
MATT,01:49:47,01:50:09,Neutral,"{'Angry': 0.013614842668175697, 'Disgusted': 0.00036583165638148785, 'Fearful': 2.5322780857095495e-05, 'Happy': 0.00037974180304445326, 'Neutral': 0.983890950679779, 'Other': 0.0006188956904225051, 'Sad': 0.00036623203777708113, 'Surprised': 1.3848690286977217e-05, 'Unknown': 0.0007244814187288284}","Let's see. First and foremost, the two guys that are-- in that motion, the two orcs that you just slammed rear back and then retaliate very heavily against you. They both have advantage because they have you flanked. That'll be 22."
TRAVIS,01:50:09,01:50:11,Disgusted,"{'Angry': 0.0016604457050561905, 'Disgusted': 0.8289970755577087, 'Fearful': 0.006013340782374144, 'Happy': 0.02728191949427128, 'Neutral': 0.005821394268423319, 'Other': 0.0004432249115779996, 'Sad': 0.0008935552323237062, 'Surprised': 7.11440907252836e-06, 'Unknown': 0.1288820207118988}",Hits.
MATT,01:50:11,01:50:13,Neutral,"{'Angry': 0.0015532076358795166, 'Disgusted': 0.001008719438686967, 'Fearful': 0.0014185637701302767, 'Happy': 0.11001221835613251, 'Neutral': 0.8813143372535706, 'Other': 0.00017804530216380954, 'Sad': 0.002620856976136565, 'Surprised': 0.0014437668723985553, 'Unknown': 0.00045035500079393387}",And a 14.
TRAVIS,01:50:13,01:50:14,Happy,"{'Angry': 0.005312313791364431, 'Disgusted': 0.009804523549973965, 'Fearful': 0.0007194709614850581, 'Happy': 0.9756696820259094, 'Neutral': 0.004622827749699354, 'Other': 2.726740058278665e-05, 'Sad': 0.00354041438549757, 'Surprised': 0.0002795759937725961, 'Unknown': 2.3895405320217833e-05}",Misses.
MATT,01:50:14,01:50:22,Neutral,"{'Angry': 4.76568610963124e-11, 'Disgusted': 1.3694215900139639e-11, 'Fearful': 2.76252566829005e-12, 'Happy': 1.1742211369902833e-10, 'Neutral': 1.0, 'Other': 3.9264975819353065e-12, 'Sad': 2.3085662548272268e-10, 'Surprised': 1.410565241000139e-11, 'Unknown': 4.4210503313824034e-12}","Yes. All right. So the one with the buckler and what looks like a longsword strikes you for eight points of slashing damage, of which you take four."
TRAVIS,01:50:22,01:50:23,Neutral,"{'Angry': 9.753048195448866e-12, 'Disgusted': 1.8862724424952015e-13, 'Fearful': 4.8095106727503306e-14, 'Happy': 2.2008995320677016e-11, 'Neutral': 1.0, 'Other': 6.089118263969719e-15, 'Sad': 1.8147598007667298e-11, 'Surprised': 2.6528666416392177e-12, 'Unknown': 2.3859672985721177e-14}",Great.
MATT,01:50:23,01:50:35,Neutral,"{'Angry': 0.00178894295822829, 'Disgusted': 0.001628607278689742, 'Fearful': 8.105845336103812e-05, 'Happy': 0.00893750973045826, 'Neutral': 0.9815204739570618, 'Other': 0.002115742303431034, 'Sad': 0.0007044412195682526, 'Surprised': 0.00010617270163493231, 'Unknown': 0.0031171347945928574}","That ends their turn. The one orc that's overtop of you, Lyra, goes (rggh!) and swings in a wide arc down towards you. That's going to be a 14."
FELICIA,01:50:35,01:50:36,Neutral,"{'Angry': 0.0009946245700120926, 'Disgusted': 0.00141412194352597, 'Fearful': 6.830540223745629e-05, 'Happy': 0.0023772192653268576, 'Neutral': 0.9936728477478027, 'Other': 6.556892185471952e-05, 'Sad': 0.0006335167563520372, 'Surprised': 0.0007193268975242972, 'Unknown': 5.4433196055470034e-05}",I have a 13.
MATT,01:50:36,01:50:47,Neutral,"{'Angry': 0.0006779833347536623, 'Disgusted': 0.00014568543701898307, 'Fearful': 3.346583980601281e-05, 'Happy': 0.005194500088691711, 'Neutral': 0.9924070239067078, 'Other': 0.0005422779941000044, 'Sad': 0.00032540480606257915, 'Surprised': 2.405168197583407e-05, 'Unknown': 0.000649590278044343}","Aw, okay. So, as its two handed axe swings down on top of you, you take six points of slashing damage."
FELICIA,01:50:47,01:50:48,Surprised,"{'Angry': 0.0010887125972658396, 'Disgusted': 0.001227852888405323, 'Fearful': 0.0017157746478915215, 'Happy': 0.024184104055166245, 'Neutral': 0.16808229684829712, 'Other': 0.002430838532745838, 'Sad': 0.002315511694177985, 'Surprised': 0.7876566648483276, 'Unknown': 0.01129823550581932}",Ouch!
MATT,01:50:48,01:51:08,Happy,"{'Angry': 2.3932114345370792e-05, 'Disgusted': 4.913159864372574e-05, 'Fearful': 4.675095169659471e-06, 'Happy': 0.7191082835197449, 'Neutral': 0.2782999873161316, 'Other': 0.0003460585430730134, 'Sad': 0.0018764033447951078, 'Surprised': 6.910924184921896e-06, 'Unknown': 0.0002846073475666344}","You instinctively freak out and back up out of the way and it actually doesn't hit you, it slams into your bedroll. But the sheer impact shakes you and you can feel the sweat beginning to pour from your forehead. That's going to bring us to this guy here, who's attacking Scanlan. That's going to be a 12."
SAM,01:51:08,01:51:09,Neutral,"{'Angry': 9.63774893225633e-12, 'Disgusted': 7.012376790349606e-13, 'Fearful': 1.4556396723836712e-13, 'Happy': 4.0178204513408033e-11, 'Neutral': 1.0, 'Other': 4.362552392901328e-14, 'Sad': 3.1869108046977956e-11, 'Surprised': 4.4893359862907545e-12, 'Unknown': 1.5177453478038005e-13}",Miss!
MATT,01:51:09,01:51:15,Happy,"{'Angry': 1.4740463711859775e-06, 'Disgusted': 2.319071427336894e-06, 'Fearful': 2.5813696424847876e-07, 'Happy': 0.9904088973999023, 'Neutral': 0.009556632488965988, 'Other': 1.5937906709950767e-06, 'Sad': 2.6415271349833347e-05, 'Surprised': 1.048370222633821e-06, 'Unknown': 1.296349637414096e-06}",He swings towards your head. Thankfully he's not used to attacking things so small. You duck quickly out of the way.
SAM,01:51:15,01:51:18,Neutral,"{'Angry': 7.60706768687669e-08, 'Disgusted': 3.6487904253590386e-08, 'Fearful': 1.1031497493263487e-08, 'Happy': 6.441382538469043e-07, 'Neutral': 0.9999985694885254, 'Other': 1.8788060884844526e-08, 'Sad': 4.358627734291076e-07, 'Surprised': 1.0501747738089762e-07, 'Unknown': 3.804306647481326e-09}",Fuck you! (laughter)
MATT,01:51:18,01:51:26,Neutral,"{'Angry': 8.38497289805673e-05, 'Disgusted': 0.000176232832018286, 'Fearful': 4.396024814923294e-05, 'Happy': 0.005644495133310556, 'Neutral': 0.9919888377189636, 'Other': 0.00021809531608596444, 'Sad': 0.0005944963777437806, 'Surprised': 2.369628236920107e-05, 'Unknown': 0.0012262973468750715}","And that's-- Oh, and the two on Percy, who are now looking for retribution. They're looking a little shaken by the whole experience. The one that you shot in the shoulder too."
TALIESIN,01:51:26,01:51:31,Happy,"{'Angry': 1.4035263120604213e-05, 'Disgusted': 2.280830631207209e-05, 'Fearful': 1.1745614756364375e-05, 'Happy': 0.9996368885040283, 'Neutral': 1.8074957552016713e-05, 'Other': 1.0829508028109558e-05, 'Sad': 1.3079434211249463e-05, 'Surprised': 1.4417616966966307e-06, 'Unknown': 0.0002710735716391355}",I'm just screaming in their face like a manic pixie. (screams)
FELICIA,01:51:31,01:51:33,Happy,"{'Angry': 5.702393650608428e-07, 'Disgusted': 2.9121255806785484e-07, 'Fearful': 1.8312248357688077e-06, 'Happy': 0.9999809265136719, 'Neutral': 3.584589478577982e-07, 'Other': 1.173372879748058e-06, 'Sad': 1.2790643495463883e-06, 'Surprised': 1.363691444566939e-05, 'Unknown': 1.3557352573911885e-08}",Manic pixie dream gunslinger.
TALIESIN,01:51:33,01:51:34,Happy,"{'Angry': 0.0158885195851326, 'Disgusted': 0.030041607096791267, 'Fearful': 0.23353558778762817, 'Happy': 0.6712245345115662, 'Neutral': 0.0063430494628846645, 'Other': 0.0033456601668149233, 'Sad': 0.02554803527891636, 'Surprised': 0.01391320489346981, 'Unknown': 0.0001597941154614091}",Thank you.
MATT,01:51:34,01:51:35,Neutral,"{'Angry': 0.003893347457051277, 'Disgusted': 0.001049916842021048, 'Fearful': 0.000127288862131536, 'Happy': 0.04793589934706688, 'Neutral': 0.9279876947402954, 'Other': 6.260822556214407e-05, 'Sad': 0.0005340383504517376, 'Surprised': 0.018388710916042328, 'Unknown': 2.0427101844688877e-05}",That'll be a 20.
TALIESIN,01:51:35,01:51:36,Neutral,"{'Angry': 0.00031260738614946604, 'Disgusted': 1.4662132343801204e-05, 'Fearful': 9.414298256160691e-05, 'Happy': 0.00016332823724951595, 'Neutral': 0.9993391633033752, 'Other': 4.496251676755492e-06, 'Sad': 2.1463962184498087e-05, 'Surprised': 4.724488826468587e-05, 'Unknown': 3.0249748306232505e-06}",I walked into that.
MATT,01:51:36,01:51:37,Angry,"{'Angry': 0.9865147471427917, 'Disgusted': 0.009423160925507545, 'Fearful': 0.0002744288358371705, 'Happy': 0.002054778393357992, 'Neutral': 0.0009538981248624623, 'Other': 0.0001512001472292468, 'Sad': 0.0005114638479426503, 'Surprised': 9.524986671749502e-05, 'Unknown': 2.1023486624471843e-05}",20 to hit.
TALIESIN,01:51:37,01:51:42,Happy,"{'Angry': 0.13266818225383759, 'Disgusted': 0.002523151459172368, 'Fearful': 0.002948709996417165, 'Happy': 0.5379474759101868, 'Neutral': 0.0012538351584225893, 'Other': 0.00015416604583151639, 'Sad': 0.00230425619520247, 'Surprised': 0.3199838399887085, 'Unknown': 0.00021637167083099484}","I'm going to spend a Grit point and-- Wait, if my armor class is 20, does that mean they still hit?"
MATT,01:51:42,01:51:45,Sad,"{'Angry': 1.0468823347764555e-05, 'Disgusted': 6.601462519029155e-05, 'Fearful': 0.0007961360970512033, 'Happy': 0.0004288440686650574, 'Neutral': 0.0001320685987593606, 'Other': 0.0027390066534280777, 'Sad': 0.9956842660903931, 'Surprised': 1.757959762471728e-05, 'Unknown': 0.00012572974083013833}",I thought you were wearing your pajamas with the butt flap?
ALL,01:51:45,01:51:47,Neutral,"{'Angry': 6.99682312088612e-10, 'Disgusted': 2.8172292276806843e-10, 'Fearful': 1.0973436048722363e-10, 'Happy': 2.940159449238422e-09, 'Neutral': 1.0, 'Other': 7.198188572976605e-11, 'Sad': 8.20723400352108e-09, 'Surprised': 9.653465526948679e-11, 'Unknown': 5.29011889849329e-10}",Oh!
SAM,01:51:47,01:51:49,Neutral,"{'Angry': 2.5835170163190924e-06, 'Disgusted': 7.710452791798161e-07, 'Fearful': 1.707182150312292e-06, 'Happy': 1.403069563821191e-05, 'Neutral': 0.9999712705612183, 'Other': 2.2303817104329937e-07, 'Sad': 7.672739229747094e-06, 'Surprised': 1.318669660577143e-06, 'Unknown': 3.70748040268154e-07}","Details, details. LAURA:That's so mean."
TALIESIN,01:51:49,01:51:55,Neutral,"{'Angry': 0.0029050044249743223, 'Disgusted': 0.0038863879162818193, 'Fearful': 0.0008337221224792302, 'Happy': 0.0017816679319366813, 'Neutral': 0.9762712717056274, 'Other': 0.003979911096394062, 'Sad': 0.005990312434732914, 'Surprised': 0.0007404388743452728, 'Unknown': 0.003611339256167412}","One day, far in the future, I'll figure out a way to make you pay for that. (laughter)"
TALIESIN,01:51:55,01:51:56,Neutral,"{'Angry': 0.07699573040008545, 'Disgusted': 0.21699273586273193, 'Fearful': 0.000503083283547312, 'Happy': 0.0057242996990680695, 'Neutral': 0.6971297264099121, 'Other': 6.352324271574616e-05, 'Sad': 0.0018291058950126171, 'Surprised': 0.0006768876337446272, 'Unknown': 8.497188537148759e-05}","For now, fine. That hits."
MATT,01:51:56,01:51:59,Neutral,"{'Angry': 0.020372096449136734, 'Disgusted': 0.013060249388217926, 'Fearful': 0.005642377305775881, 'Happy': 0.056378696113824844, 'Neutral': 0.7493228912353516, 'Other': 0.004747756756842136, 'Sad': 0.014087206684052944, 'Surprised': 0.001019659684970975, 'Unknown': 0.13536912202835083}",Sometimes you-- This is what I heard.
TALIESIN,01:51:59,01:52:01,Happy,"{'Angry': 4.6356992243090644e-05, 'Disgusted': 0.00011698419984895736, 'Fearful': 2.80465555988485e-05, 'Happy': 0.9970297813415527, 'Neutral': 0.0015412094071507454, 'Other': 1.0263558579026721e-05, 'Sad': 0.0002474058128427714, 'Surprised': 0.0009760238463059068, 'Unknown': 3.814973297266988e-06}",Damn it.
TRAVIS,01:52:01,01:52:03,Other,"{'Angry': 3.6314108001533896e-05, 'Disgusted': 0.0004404048668220639, 'Fearful': 9.763603884493932e-05, 'Happy': 1.972632344404701e-05, 'Neutral': 0.00010678145190468058, 'Other': 0.9991616010665894, 'Sad': 6.322513945633546e-05, 'Surprised': 1.1656535207293928e-05, 'Unknown': 6.283425318542868e-05}",The visualization was worth it alone.
MATT,01:52:03,01:52:05,Neutral,"{'Angry': 0.02892911806702614, 'Disgusted': 0.2793293297290802, 'Fearful': 0.019190656021237373, 'Happy': 0.07549049705266953, 'Neutral': 0.38300201296806335, 'Other': 0.027133021503686905, 'Sad': 0.03563859313726425, 'Surprised': 0.007722270209342241, 'Unknown': 0.14356455206871033}",And 22 for the second attack.
TALIESIN,01:52:05,01:52:06,Neutral,"{'Angry': 0.034858740866184235, 'Disgusted': 0.03300032764673233, 'Fearful': 0.03315524011850357, 'Happy': 0.38011792302131653, 'Neutral': 0.45401936769485474, 'Other': 0.0002599773579277098, 'Sad': 0.03217257931828499, 'Surprised': 0.03182445466518402, 'Unknown': 0.0005913751665502787}",That hits.
MATT,01:52:06,01:52:13,Neutral,"{'Angry': 1.2312582384765847e-06, 'Disgusted': 1.0174237104365602e-05, 'Fearful': 9.31050806229905e-07, 'Happy': 1.848317333497107e-05, 'Neutral': 0.999900221824646, 'Other': 7.488758910767501e-06, 'Sad': 4.84980373585131e-05, 'Surprised': 6.740448270647903e-07, 'Unknown': 1.226130007125903e-05}","So both of them strike at once. You don't quite know which way to dodge, and as you try to duck out of the way both blades hit you simultaneously on the sides."
LAURA,01:52:13,01:52:14,Angry,"{'Angry': 0.9999990463256836, 'Disgusted': 1.2994847509162355e-07, 'Fearful': 9.718663207536338e-09, 'Happy': 3.929281433556753e-08, 'Neutral': 6.514071060337301e-07, 'Other': 5.112025913689422e-09, 'Sad': 8.887903391041618e-08, 'Surprised': 3.1538601064085015e-08, 'Unknown': 3.080887323037018e-09}",Oh no!
MATT,01:52:14,01:52:20,Neutral,"{'Angry': 0.0038079796358942986, 'Disgusted': 0.07200361788272858, 'Fearful': 0.0021136265713721514, 'Happy': 0.0758330449461937, 'Neutral': 0.3836991786956787, 'Other': 0.10178141295909882, 'Sad': 0.0028322290163487196, 'Surprised': 0.25346577167510986, 'Unknown': 0.10446308553218842}","You take four points of damage from one. Rolled really low. That one rolled pretty high, you take 12."
TALIESIN,01:52:20,01:52:21,Angry,"{'Angry': 0.9999217987060547, 'Disgusted': 1.2638537327802624e-07, 'Fearful': 2.950684745428589e-07, 'Happy': 2.790768485283479e-05, 'Neutral': 4.5543642045231536e-05, 'Other': 4.7316942186625965e-07, 'Sad': 3.208760517736664e-06, 'Surprised': 6.914157211213023e-07, 'Unknown': 1.0029721053683716e-08}",12 total?
MATT,01:52:21,01:52:22,Neutral,"{'Angry': 0.0006528804078698158, 'Disgusted': 0.0005753917503170669, 'Fearful': 0.00012245681136846542, 'Happy': 0.41162070631980896, 'Neutral': 0.5809229016304016, 'Other': 0.0002096803073072806, 'Sad': 0.00022204028209671378, 'Surprised': 3.113898492301814e-05, 'Unknown': 0.005642791278660297}",The total would be 16.
TALIESIN,01:52:22,01:52:23,Angry,"{'Angry': 0.9047148823738098, 'Disgusted': 0.030683103948831558, 'Fearful': 0.005318818148225546, 'Happy': 0.00436512753367424, 'Neutral': 0.01589902862906456, 'Other': 0.00014445283159147948, 'Sad': 0.0033357576467096806, 'Surprised': 0.035507600754499435, 'Unknown': 3.132054189336486e-05}","Okay, 16."
MATT,01:52:23,01:52:27,Neutral,"{'Angry': 4.859489490627311e-05, 'Disgusted': 6.843557457614224e-06, 'Fearful': 1.375670763081871e-06, 'Happy': 1.7560707419761457e-05, 'Neutral': 0.9998736381530762, 'Other': 1.3308260349731427e-05, 'Sad': 3.397176215003128e-06, 'Surprised': 1.0828013330410613e-07, 'Unknown': 3.519727397360839e-05}",You take 16 points of slashing damage from the two of those orcs. Now we come to Scanlan.
SAM,01:52:27,01:52:33,Neutral,"{'Angry': 0.05647634342312813, 'Disgusted': 0.0269150547683239, 'Fearful': 0.007366962730884552, 'Happy': 0.08538488298654556, 'Neutral': 0.5618114471435547, 'Other': 0.015583820641040802, 'Sad': 0.005709079559892416, 'Surprised': 0.14260263741016388, 'Unknown': 0.09814973920583725}","Okay, I turn to the orc who just missed me and I cast Dominate Person."
TRAVIS,01:52:33,01:52:34,Sad,"{'Angry': 0.3053559362888336, 'Disgusted': 0.0038339882157742977, 'Fearful': 0.007363764103502035, 'Happy': 0.09864442050457001, 'Neutral': 0.04785330221056938, 'Other': 0.0123518705368042, 'Sad': 0.5224958658218384, 'Surprised': 0.0014713819837197661, 'Unknown': 0.0006294873892329633}",Yes!
SAM,01:52:34,01:52:38,Neutral,"{'Angry': 0.00756983133032918, 'Disgusted': 0.005226489622145891, 'Fearful': 0.0038136134389787912, 'Happy': 0.05044708028435707, 'Neutral': 0.8121596574783325, 'Other': 0.06828977912664413, 'Sad': 0.007974778302013874, 'Surprised': 0.003308380488306284, 'Unknown': 0.041210368275642395}","With my-- through my Hand Cone of Clarity, of course."
MATT,01:52:38,01:52:50,Neutral,"{'Angry': 1.4634896072784898e-10, 'Disgusted': 6.506718774890174e-11, 'Fearful': 1.2957041689576343e-11, 'Happy': 1.451232023441662e-09, 'Neutral': 1.0, 'Other': 2.3449645003559283e-11, 'Sad': 1.2060729082108423e-09, 'Surprised': 8.337504298072673e-11, 'Unknown': 3.7391603702197074e-11}","All right. So, as you finish your casting of the spell you can see the anger in its face suddenly drop and subside, and it gives you this expectant look."
SAM,01:52:50,01:53:05,Neutral,"{'Angry': 0.0008429294102825224, 'Disgusted': 0.008508395403623581, 'Fearful': 0.0014722247142344713, 'Happy': 0.006678806152194738, 'Neutral': 0.9116583466529846, 'Other': 0.008602316491305828, 'Sad': 0.016851523891091347, 'Surprised': 0.00015130138490349054, 'Unknown': 0.04523414000868797}","I command him to protect our goliath, with his life if he needs to, and retreat from me instantly."
MATT,01:53:05,01:53:17,Happy,"{'Angry': 7.147897918002855e-08, 'Disgusted': 2.5079651777559775e-07, 'Fearful': 5.7801596398121546e-08, 'Happy': 0.9999988079071045, 'Neutral': 2.476936629136617e-07, 'Other': 1.231582160698963e-07, 'Sad': 1.5217526083688426e-07, 'Surprised': 1.883837263960686e-08, 'Unknown': 3.483648640667525e-07}",Okay. It nods and looks over towards where Grog is and with this kind of slack jawed expression turns and looks like it's ready to make its way towards Grog next round. Do you want to move at all? Or are you staying here?
SAM,01:53:17,01:53:20,Neutral,"{'Angry': 2.9877503493480617e-06, 'Disgusted': 7.275985808519181e-06, 'Fearful': 2.871122205760912e-06, 'Happy': 4.259206980350427e-05, 'Neutral': 0.9998706579208374, 'Other': 8.043212801567279e-06, 'Sad': 1.558903750265017e-05, 'Surprised': 2.759113328920648e-07, 'Unknown': 4.974733019480482e-05}",I will move a step towards Lyra.
MATT,01:53:20,01:53:26,Neutral,"{'Angry': 1.8014813816039088e-12, 'Disgusted': 9.845368877797744e-14, 'Fearful': 2.3248401494939744e-14, 'Happy': 3.159329351951068e-12, 'Neutral': 1.0, 'Other': 1.0422743804095955e-14, 'Sad': 6.338759812180017e-12, 'Surprised': 7.170706086204182e-13, 'Unknown': 5.975699535892831e-14}","All right. Yeah, he's not currently threatening you because he is controlled by you. So you step back with the fire to your back, you can feel the heat flickering behind you."
SAM,01:53:26,01:53:31,Neutral,"{'Angry': 0.00013031443813815713, 'Disgusted': 0.0002980396675411612, 'Fearful': 2.2836842617834918e-05, 'Happy': 0.004880669992417097, 'Neutral': 0.9922465085983276, 'Other': 0.0003195919853169471, 'Sad': 0.00014998042024672031, 'Surprised': 2.599977051431779e-06, 'Unknown': 0.0019495106535032392}","And I will just be backup for her, and I also will inspire her."
MATT,01:53:31,01:53:32,Neutral,"{'Angry': 9.03712680155877e-06, 'Disgusted': 1.1164827355969464e-06, 'Fearful': 2.0051440685620037e-07, 'Happy': 0.00012278628128115088, 'Neutral': 0.9998595714569092, 'Other': 5.694957394553057e-07, 'Sad': 5.773933935415698e-06, 'Surprised': 9.02365286492568e-07, 'Unknown': 7.678381308551252e-08}",All right.
SAM,01:53:32,01:53:57,Neutral,"{'Angry': 1.0031737940341401e-10, 'Disgusted': 1.691567892703194e-11, 'Fearful': 7.155107235867764e-12, 'Happy': 1.1783949371846347e-09, 'Neutral': 1.0, 'Other': 1.2564259528613508e-12, 'Sad': 5.03945940533157e-10, 'Surprised': 1.1484630607627722e-10, 'Unknown': 3.3571216553202055e-12}","With a little-- I turn to her, and I start singing. (sings) And I raise my hand to Lyra and say that you could use some Scanlan today. Tonight I give you a d10. (laughter)"
MATT,01:53:57,01:54:03,Neutral,"{'Angry': 0.0007061316864565015, 'Disgusted': 0.0010587946744635701, 'Fearful': 0.0001702431618468836, 'Happy': 0.10178287327289581, 'Neutral': 0.8861231803894043, 'Other': 0.0036864217836409807, 'Sad': 0.0011665872298181057, 'Surprised': 0.00021251797443255782, 'Unknown': 0.005093315616250038}","So with that you have a d10 inspiration dice that you can add to any d20 roll you need to make. It could be an attack, could be a saving throw."
FELICIA,01:54:03,01:54:05,Angry,"{'Angry': 0.8838624954223633, 'Disgusted': 0.0009295071358792484, 'Fearful': 0.00013831676915287971, 'Happy': 0.002936907112598419, 'Neutral': 0.10075666010379791, 'Other': 0.0037080550100654364, 'Sad': 0.0009556060540489852, 'Surprised': 4.188422462902963e-05, 'Unknown': 0.006670496892184019}","Okay, great. Thank you."
MATT,01:54:05,01:54:07,Neutral,"{'Angry': 3.1715828754386166e-06, 'Disgusted': 1.3780019116893527e-06, 'Fearful': 4.3824746853715624e-07, 'Happy': 1.175048510049237e-05, 'Neutral': 0.9999693632125854, 'Other': 2.5280346562794875e-06, 'Sad': 3.025721980520757e-06, 'Surprised': 1.2125278203711787e-07, 'Unknown': 8.259445166913792e-06}","You can roll and if that's not enough, you can add a d10 to it."
FELICIA,01:54:07,01:54:09,Neutral,"{'Angry': 8.972332696689095e-14, 'Disgusted': 2.6801536996147977e-15, 'Fearful': 4.941660623895329e-16, 'Happy': 1.03063906150766e-13, 'Neutral': 1.0, 'Other': 4.492864451957374e-16, 'Sad': 2.91728392744911e-13, 'Surprised': 3.9964064772312485e-14, 'Unknown': 1.5504678695649871e-15}","Okay, great. That's so nice."
MATT,01:54:09,01:54:12,Neutral,"{'Angry': 4.529068675651615e-09, 'Disgusted': 3.6857447649474295e-10, 'Fearful': 1.5558990207331647e-10, 'Happy': 3.987705721186785e-09, 'Neutral': 1.0, 'Other': 4.995654237505143e-11, 'Sad': 3.4352316546915063e-09, 'Surprised': 2.8496224824259286e-10, 'Unknown': 3.8975137006680427e-10}","So that ends Scanlan's turn. Vex, you're up."
LAURA,01:54:12,01:54:17,Neutral,"{'Angry': 3.9965155629317906e-09, 'Disgusted': 4.89585538776538e-10, 'Fearful': 5.929837870732868e-11, 'Happy': 1.412161623193242e-07, 'Neutral': 0.9999998807907104, 'Other': 1.600786690703071e-11, 'Sad': 5.258071755775973e-09, 'Surprised': 9.615521712191821e-10, 'Unknown': 5.772136241199988e-11}",Okay. I'm going to cast-- How many people are on Percy?
MATT,01:54:17,01:54:19,Neutral,"{'Angry': 4.339964387867212e-09, 'Disgusted': 7.671034363276874e-10, 'Fearful': 6.298501165069581e-10, 'Happy': 1.2086250222864692e-08, 'Neutral': 1.0, 'Other': 2.1017319828953163e-11, 'Sad': 6.544513375672523e-09, 'Surprised': 3.646629886944197e-09, 'Unknown': 4.356937727267862e-11}","Two currently, flanking him right there."
LAURA,01:54:19,01:54:22,Neutral,"{'Angry': 1.2034756524670343e-10, 'Disgusted': 3.632963721522664e-11, 'Fearful': 7.890851166925117e-12, 'Happy': 9.262285383115909e-10, 'Neutral': 1.0, 'Other': 4.32832632582536e-12, 'Sad': 4.840478573520102e-10, 'Surprised': 2.3914155378168545e-11, 'Unknown': 1.868292499873636e-11}",I'm going to do Hunter's Mark on the damaged one.
MATT,01:54:22,01:54:24,Neutral,"{'Angry': 1.0556797948833851e-13, 'Disgusted': 3.579689984104656e-15, 'Fearful': 6.201353199975347e-16, 'Happy': 1.2700261578079547e-13, 'Neutral': 1.0, 'Other': 6.152155408816449e-16, 'Sad': 3.959934322724651e-13, 'Surprised': 3.9805144450748634e-14, 'Unknown': 2.366310416723424e-15}",Okay.
LAURA,01:54:24,01:54:26,Neutral,"{'Angry': 0.002771921455860138, 'Disgusted': 0.006002646405249834, 'Fearful': 0.0004706016625277698, 'Happy': 0.0010498365154489875, 'Neutral': 0.9703273177146912, 'Other': 0.00031443461193703115, 'Sad': 0.000552072306163609, 'Surprised': 2.4332148313988e-06, 'Unknown': 0.018508702516555786}","Should I get-- Yeah, the one that's damaged."
MATT,01:54:26,01:54:30,Neutral,"{'Angry': 4.5403740500660206e-07, 'Disgusted': 3.2974864438983786e-07, 'Fearful': 8.573849896720276e-08, 'Happy': 1.1693491615005769e-06, 'Neutral': 0.9999953508377075, 'Other': 2.6333361802244326e-07, 'Sad': 6.777394219170674e-07, 'Surprised': 1.0023764041022787e-08, 'Unknown': 1.6461791574329254e-06}",The one that's damaged the most is going to be this one.
TALIESIN,01:54:30,01:54:31,Neutral,"{'Angry': 0.07942075282335281, 'Disgusted': 0.03899262472987175, 'Fearful': 0.004145768005400896, 'Happy': 0.09101221710443497, 'Neutral': 0.38489148020744324, 'Other': 0.01265733689069748, 'Sad': 0.036733780056238174, 'Surprised': 0.35098499059677124, 'Unknown': 0.0011609881184995174}","Yeah, that's the one."
LAURA,01:54:31,01:54:44,Neutral,"{'Angry': 0.0012601661728695035, 'Disgusted': 0.00029135801014490426, 'Fearful': 2.3375234377454035e-05, 'Happy': 0.000785834388807416, 'Neutral': 0.9964244961738586, 'Other': 0.00034117366885766387, 'Sad': 0.00024223911168519408, 'Surprised': 7.199254469014704e-05, 'Unknown': 0.0005593202076852322}",Yeah! And I'm going to shoot him. Through my-- I'm going to shoot him through my Flaming Bow.
MATT,01:54:44,01:54:45,Angry,"{'Angry': 0.6697232723236084, 'Disgusted': 0.03356611728668213, 'Fearful': 0.0006179133197292686, 'Happy': 0.03665279224514961, 'Neutral': 0.23552659153938293, 'Other': 9.352978668175638e-05, 'Sad': 0.023025784641504288, 'Surprised': 0.0005478074890561402, 'Unknown': 0.00024610909167677164}",All right.
LAURA,01:54:45,01:54:51,Angry,"{'Angry': 0.9610040187835693, 'Disgusted': 0.0021445811726152897, 'Fearful': 0.00015537611034233123, 'Happy': 0.00967913307249546, 'Neutral': 0.020676452666521072, 'Other': 0.0007217276724986732, 'Sad': 0.001071584178134799, 'Surprised': 7.552781607955694e-05, 'Unknown': 0.0044715795665979385}",And I also am going to have Trinket attack him twice. How about that?
MATT,01:54:51,01:54:52,Angry,"{'Angry': 0.9999790191650391, 'Disgusted': 1.0518512681301218e-05, 'Fearful': 6.343093446048442e-07, 'Happy': 2.113285972882295e-06, 'Neutral': 5.9864587456104346e-06, 'Other': 4.8348830716804514e-08, 'Sad': 1.2664240784943104e-06, 'Surprised': 4.40603514562099e-07, 'Unknown': 2.8681105490591108e-08}",You can do that.
LAURA,01:54:52,01:54:53,Neutral,"{'Angry': 0.05659279227256775, 'Disgusted': 0.003957620356231928, 'Fearful': 7.227836613310501e-05, 'Happy': 0.006926408968865871, 'Neutral': 0.92922043800354, 'Other': 1.2553377928270493e-05, 'Sad': 0.002487016608938575, 'Surprised': 0.000727860548067838, 'Unknown': 3.065960527237621e-06}",All right.
MATT,01:54:53,01:54:56,Neutral,"{'Angry': 3.810369975099093e-08, 'Disgusted': 9.526861077802096e-09, 'Fearful': 7.706126292639226e-10, 'Happy': 8.20585981387012e-08, 'Neutral': 0.9999998807907104, 'Other': 2.2104640340359083e-09, 'Sad': 1.3482644334317229e-08, 'Surprised': 1.7230057380857033e-09, 'Unknown': 9.74030900380285e-09}","All right, so Trinket runs around the tree."
SAM,01:54:56,01:54:57,Neutral,"{'Angry': 0.00016260785923805088, 'Disgusted': 1.0360730811953545e-05, 'Fearful': 2.966310603369493e-06, 'Happy': 0.0010721628786996007, 'Neutral': 0.9986388087272644, 'Other': 5.046862270319252e-07, 'Sad': 8.317577157868072e-05, 'Surprised': 2.924214095401112e-05, 'Unknown': 1.3541126975269435e-07}",Never happened before.
MATT,01:54:57,01:55:14,Neutral,"{'Angry': 0.012546700425446033, 'Disgusted': 0.02209802344441414, 'Fearful': 0.0002581653534434736, 'Happy': 0.00664495537057519, 'Neutral': 0.9357990026473999, 'Other': 0.010130193084478378, 'Sad': 0.001572132809087634, 'Surprised': 0.00034623389365151525, 'Unknown': 0.010604633018374443}","An unexpected circumstance. So as you turn around, you go ahead and you point at the orc to the side with a flicker of slightly shimmering white energy. You can see your attention focus and clarity crystallize on this one orc who glances over at you, returning the gaze."
LAURA,01:55:14,01:55:16,Neutral,"{'Angry': 0.0005851927562616765, 'Disgusted': 1.2958668094142922e-06, 'Fearful': 5.2138783956934276e-08, 'Happy': 0.00013856266741640866, 'Neutral': 0.9992725253105164, 'Other': 6.242920846943889e-08, 'Sad': 1.8206650338470354e-06, 'Surprised': 4.1557584040674556e-07, 'Unknown': 3.563581074672584e-08}",19 attack.
MATT,01:55:16,01:55:19,Neutral,"{'Angry': 7.303459226282172e-11, 'Disgusted': 5.537429022262064e-12, 'Fearful': 9.402246776285539e-13, 'Happy': 1.177187930467838e-10, 'Neutral': 1.0, 'Other': 4.053346742451114e-13, 'Sad': 1.5229906225044942e-10, 'Surprised': 1.534443058726076e-11, 'Unknown': 8.430177671388261e-13}",19 attack does hit. And as the arrow is released from your bow--
LAURA,01:55:19,01:55:20,Neutral,"{'Angry': 0.0016709588235244155, 'Disgusted': 0.0008822965319268405, 'Fearful': 4.7237324906745926e-05, 'Happy': 0.0014146650210022926, 'Neutral': 0.9914148449897766, 'Other': 2.78653169516474e-05, 'Sad': 0.0031868992373347282, 'Surprised': 0.0013518197229132056, 'Unknown': 3.331263542349916e-06}",Yes.
MATT,01:55:20,01:55:22,Happy,"{'Angry': 8.337040526384953e-06, 'Disgusted': 6.806616966059664e-06, 'Fearful': 1.4579317166862893e-06, 'Happy': 0.9885995388031006, 'Neutral': 0.011330674402415752, 'Other': 4.1624738855716714e-07, 'Sad': 4.397791053634137e-05, 'Surprised': 6.821875103923958e-06, 'Unknown': 2.0102561393287033e-06}",Go ahead and roll damage.
LAURA,01:55:22,01:55:40,Neutral,"{'Angry': 1.661524464680042e-07, 'Disgusted': 4.6563314981540316e-08, 'Fearful': 3.167507145462878e-09, 'Happy': 4.1423692209718865e-07, 'Neutral': 0.9999991655349731, 'Other': 1.7719615996725224e-08, 'Sad': 8.578839327810783e-08, 'Surprised': 2.277627331181975e-08, 'Unknown': 2.142413890737771e-08}","Plus the d10 for the flaming. 17 to hit, and then Trinket's attacks?"
MATT,01:55:40,01:55:55,Neutral,"{'Angry': 0.00038640154525637627, 'Disgusted': 8.637436985736713e-05, 'Fearful': 4.218586582283024e-06, 'Happy': 0.46381551027297974, 'Neutral': 0.535622239112854, 'Other': 2.9421878480206942e-06, 'Sad': 7.150321471272036e-05, 'Surprised': 6.344636858557351e-06, 'Unknown': 4.422896381583996e-06}","Yep. Roll twice for Trinket. As the arrow (sploof) hits him on the chest area and (boom) bursts into flames, igniting part of his shoulder. As he looks down you hear this guttural growl from around the corner. As he glances over Trinket comes jumping out of the shadows from behind the tree."
LAURA,01:55:55,01:56:02,Sad,"{'Angry': 0.01278539840131998, 'Disgusted': 0.03582770377397537, 'Fearful': 0.008545187301933765, 'Happy': 0.0331512913107872, 'Neutral': 0.27455735206604004, 'Other': 0.0026690198574215174, 'Sad': 0.46209952235221863, 'Surprised': 1.972223981283605e-05, 'Unknown': 0.17034481465816498}",Trinket! I never know what to look at because I never attack with Trinket.
MATT,01:56:02,01:56:03,Angry,"{'Angry': 0.9973024129867554, 'Disgusted': 2.6800973500940017e-05, 'Fearful': 2.3655779841647018e-06, 'Happy': 6.933786789886653e-05, 'Neutral': 0.0025595577899366617, 'Other': 2.617245399960666e-06, 'Sad': 3.285835555288941e-05, 'Surprised': 1.6987268054435845e-06, 'Unknown': 2.377805230935337e-06}",Attack bonus.
LAURA,01:56:03,01:56:05,Neutral,"{'Angry': 0.00639350013807416, 'Disgusted': 0.00295859482139349, 'Fearful': 0.00351771991699934, 'Happy': 0.014499149285256863, 'Neutral': 0.9682877659797668, 'Other': 0.00012826063903048635, 'Sad': 0.002637704834342003, 'Surprised': 0.000267339259153232, 'Unknown': 0.0013098408235237002}",Okay. That's 22 for one.
MATT,01:56:05,01:56:07,Neutral,"{'Angry': 8.15791156849599e-10, 'Disgusted': 1.2553180717134182e-10, 'Fearful': 2.8719488592843234e-11, 'Happy': 5.599599117722676e-10, 'Neutral': 1.0, 'Other': 3.4173135241705177e-12, 'Sad': 1.760370516024068e-09, 'Surprised': 8.493162423350853e-11, 'Unknown': 3.33061508060728e-12}",22 hits. Roll for the second attack.
LAURA,01:56:07,01:56:11,Disgusted,"{'Angry': 0.044184986501932144, 'Disgusted': 0.483172208070755, 'Fearful': 0.033842526376247406, 'Happy': 0.17391853034496307, 'Neutral': 0.16598224639892578, 'Other': 0.0006314961356110871, 'Sad': 0.08681204915046692, 'Surprised': 0.010309051722288132, 'Unknown': 0.0011468194425106049}",The second one is a 16.
MATT,01:56:11,01:56:14,Happy,"{'Angry': 8.351096203451647e-11, 'Disgusted': 2.2924410980618148e-10, 'Fearful': 4.5432012318880055e-11, 'Happy': 1.0, 'Neutral': 5.691871418633809e-10, 'Other': 8.28141444308983e-11, 'Sad': 2.8136207252948964e-10, 'Surprised': 1.7442002009371294e-10, 'Unknown': 6.243620898072066e-11}",16 just barely hits.
LAURA,01:56:14,01:56:20,Happy,"{'Angry': 6.107741501182318e-05, 'Disgusted': 0.000426530372351408, 'Fearful': 7.876876770751551e-05, 'Happy': 0.9966806769371033, 'Neutral': 0.001892649452202022, 'Other': 0.00019400256860535592, 'Sad': 0.0002419644733890891, 'Surprised': 3.4545020753284916e-05, 'Unknown': 0.00038966472493484616}",Oh my goodness!
SAM,01:56:20,01:56:22,Happy,"{'Angry': 0.0017514845822006464, 'Disgusted': 0.0007913819863460958, 'Fearful': 0.00014087490853853524, 'Happy': 0.7753299474716187, 'Neutral': 0.2202061414718628, 'Other': 3.9781130908522755e-05, 'Sad': 0.0007206679438240826, 'Surprised': 0.0010139483492821455, 'Unknown': 5.77012860958348e-06}",Trinket's doing something.
LAURA,01:56:22,01:56:26,Neutral,"{'Angry': 0.02575564570724964, 'Disgusted': 0.0026107789017260075, 'Fearful': 0.045144129544496536, 'Happy': 0.0089047159999609, 'Neutral': 0.9009296298027039, 'Other': 0.001971093937754631, 'Sad': 0.009017066098749638, 'Surprised': 0.0015768753364682198, 'Unknown': 0.004090001806616783}",I know! You guys! Does that mean he can bite twice?
MATT,01:56:26,01:56:27,Sad,"{'Angry': 0.10390741378068924, 'Disgusted': 0.007727224379777908, 'Fearful': 0.002435374306514859, 'Happy': 0.05787092447280884, 'Neutral': 0.0375656932592392, 'Other': 2.322281761735212e-05, 'Sad': 0.7903552055358887, 'Surprised': 9.59948156378232e-05, 'Unknown': 1.8915556211140938e-05}",Yep.
LAURA,01:56:27,01:56:35,Neutral,"{'Angry': 1.4098745850787964e-06, 'Disgusted': 4.1244384192395955e-06, 'Fearful': 5.474631166180188e-07, 'Happy': 7.11904112904449e-06, 'Neutral': 0.9999674558639526, 'Other': 3.2805521641421365e-06, 'Sad': 3.43295050697634e-06, 'Surprised': 1.2501826063271437e-07, 'Unknown': 1.2560397408378776e-05}","Okay, he's going to do that. Oh wait, no. One is going to be bite and one is going to be claws."
SAM,01:56:35,01:56:36,Neutral,"{'Angry': 0.045172981917858124, 'Disgusted': 0.03467022255063057, 'Fearful': 0.0009430727222934365, 'Happy': 0.05393173173069954, 'Neutral': 0.7563806772232056, 'Other': 0.02250223234295845, 'Sad': 0.07901463657617569, 'Surprised': 0.007244170177727938, 'Unknown': 0.00014029494195710868}",And he dies.
LAURA,01:56:36,01:56:39,Sad,"{'Angry': 5.085837619844824e-05, 'Disgusted': 0.001324206474237144, 'Fearful': 0.007449595723301172, 'Happy': 0.003946761600673199, 'Neutral': 0.011433416046202183, 'Other': 0.0003203355590812862, 'Sad': 0.858636736869812, 'Surprised': 6.849604687886313e-07, 'Unknown': 0.11683744192123413}","Oh, I didn't do Hunter's Mark on the previous one. Four for Hunter's Mark."
MATT,01:56:39,01:56:42,Happy,"{'Angry': 3.8826907257316634e-05, 'Disgusted': 5.704818613594398e-05, 'Fearful': 3.499339072732255e-05, 'Happy': 0.996724545955658, 'Neutral': 0.0008300806512124836, 'Other': 5.594765389105305e-05, 'Sad': 8.208610961446539e-05, 'Surprised': 1.1939711157538113e-06, 'Unknown': 0.0021752831526100636}",Four additional damage for Hunter's Mark.
LAURA,01:56:42,01:56:53,Neutral,"{'Angry': 7.522153039341006e-12, 'Disgusted': 5.032324383591469e-13, 'Fearful': 1.202890868509665e-13, 'Happy': 8.737424846139152e-12, 'Neutral': 1.0, 'Other': 4.437951538920938e-14, 'Sad': 1.9425834205111236e-11, 'Surprised': 2.0178327325010015e-12, 'Unknown': 3.085476752567873e-13}","13. No 12, for one attack. And then-- What did I just do? I did it wrong. That was wrong."
TRAVIS,01:56:53,01:56:55,Neutral,"{'Angry': 2.2603236990437203e-11, 'Disgusted': 2.867513951981815e-12, 'Fearful': 1.2806960353328734e-12, 'Happy': 7.956005992904025e-11, 'Neutral': 1.0, 'Other': 3.342080843841966e-13, 'Sad': 1.4545012416711245e-10, 'Surprised': 8.44618038703393e-12, 'Unknown': 2.387745166518296e-12}",What?
LAURA,01:56:55,01:56:59,Happy,"{'Angry': 0.002695701317861676, 'Disgusted': 0.0016225260915234685, 'Fearful': 0.008340478874742985, 'Happy': 0.4961543083190918, 'Neutral': 0.47577086091041565, 'Other': 0.00012818661343771964, 'Sad': 0.01350282784551382, 'Surprised': 0.0009804836008697748, 'Unknown': 0.00080460513709113}",I'm sorry. I'm sorry. Is 11 for the first one.
MATT,01:56:59,01:57:00,Other,"{'Angry': 0.0020178218837827444, 'Disgusted': 0.001981401816010475, 'Fearful': 0.017541535198688507, 'Happy': 0.0005083458381704986, 'Neutral': 0.0004291614459361881, 'Other': 0.49679121375083923, 'Sad': 0.48028841614723206, 'Surprised': 0.0001925113465404138, 'Unknown': 0.0002494930231478065}",11 for the first one. All right.
LAURA,01:57:00,01:57:05,Neutral,"{'Angry': 9.256881372543546e-10, 'Disgusted': 4.005969445053381e-10, 'Fearful': 1.7078789771307612e-10, 'Happy': 3.0213984647531333e-09, 'Neutral': 1.0, 'Other': 9.634244096945466e-11, 'Sad': 1.3744609006494102e-08, 'Surprised': 1.5342535575335603e-10, 'Unknown': 5.06572950254025e-10}",And then the second one. This is so new and exciting. And 12 for the second.
MATT,01:57:05,01:57:22,Neutral,"{'Angry': 0.008484183810651302, 'Disgusted': 0.015063658356666565, 'Fearful': 0.00047870923299342394, 'Happy': 0.07923875749111176, 'Neutral': 0.7276557087898254, 'Other': 0.06127237528562546, 'Sad': 0.08391033113002777, 'Surprised': 0.0006379305268637836, 'Unknown': 0.023258354514837265}","All right. So, as Trinket rushes around the corner with one claw (whacks) hits him in the back of the shoulder sending him onto the ground. The orc now, shoulder in flames, is on its back. Trinket leaps on top, reaches down and with its jaws around its head just bites the head off."
ALL,01:57:22,01:57:24,Neutral,"{'Angry': 0.005452731158584356, 'Disgusted': 0.17781998217105865, 'Fearful': 0.0031388788484036922, 'Happy': 0.2459205538034439, 'Neutral': 0.5403025150299072, 'Other': 0.0011688588419929147, 'Sad': 0.017196105793118477, 'Surprised': 0.005364545155316591, 'Unknown': 0.003635864472016692}",Ohh!
MATT,01:57:24,01:57:31,Neutral,"{'Angry': 6.24324911768781e-08, 'Disgusted': 1.1574712033279866e-07, 'Fearful': 1.7096832394258854e-08, 'Happy': 6.826957360317465e-06, 'Neutral': 0.9999923706054688, 'Other': 2.4555141919790913e-08, 'Sad': 4.849644028581679e-07, 'Surprised': 9.633320985358296e-08, 'Unknown': 3.1335599004478354e-08}","As you see the head flip into the air, catches the head in his jaws and crunches down on it."
LAURA,01:57:31,01:57:33,Neutral,"{'Angry': 6.167495314457483e-08, 'Disgusted': 6.984769385098843e-08, 'Fearful': 4.679113629890708e-08, 'Happy': 3.6078372431802563e-06, 'Neutral': 0.999995231628418, 'Other': 5.161437499623389e-08, 'Sad': 2.1962618745874352e-07, 'Surprised': 3.749058841151509e-09, 'Unknown': 7.524195098085329e-07}","Yes! Have a meal, buddy!"
TRAVIS,01:57:33,01:57:35,Neutral,"{'Angry': 1.0252523656439916e-11, 'Disgusted': 2.073903765734131e-12, 'Fearful': 4.174450769865029e-13, 'Happy': 8.876073487318337e-11, 'Neutral': 1.0, 'Other': 1.6935289433826772e-13, 'Sad': 9.435888181918983e-11, 'Surprised': 6.785790679364467e-12, 'Unknown': 4.015372290309266e-13}","Oh yeah, you want to cuddle with that?"
LAURA,01:57:35,01:57:37,Neutral,"{'Angry': 8.946082069583028e-11, 'Disgusted': 1.0083008213090938e-11, 'Fearful': 1.9382336447631987e-12, 'Happy': 2.672493337740889e-10, 'Neutral': 1.0, 'Other': 1.6497083647065702e-12, 'Sad': 3.400619785765002e-10, 'Surprised': 1.3316426954179672e-11, 'Unknown': 5.803375141555378e-12}",Hell yeah I do!
MATT,01:57:37,01:57:39,Neutral,"{'Angry': 3.436477697960072e-07, 'Disgusted': 4.4628950490732677e-07, 'Fearful': 1.1517116149661888e-07, 'Happy': 8.124327905534301e-06, 'Neutral': 0.9999897480010986, 'Other': 1.2252169767634769e-07, 'Sad': 7.305133635782113e-07, 'Surprised': 5.189621887780049e-08, 'Unknown': 3.9028245168992726e-07}","Zahra, it's your go."
MARY,01:57:39,01:57:42,Neutral,"{'Angry': 2.2143714772937528e-07, 'Disgusted': 3.917731987712614e-07, 'Fearful': 1.5571093570088124e-07, 'Happy': 1.2417696780175902e-05, 'Neutral': 0.999983549118042, 'Other': 8.733766776458651e-08, 'Sad': 1.1376578186172992e-06, 'Surprised': 1.1171334080017914e-08, 'Unknown': 2.001465418288717e-06}",All right. Is that an orc right behind me?
MATT,01:57:42,01:57:44,Neutral,"{'Angry': 0.00042831615428440273, 'Disgusted': 0.00034353372757323086, 'Fearful': 9.622791549190879e-05, 'Happy': 0.0018222116632387042, 'Neutral': 0.9948734641075134, 'Other': 9.328126179752871e-05, 'Sad': 0.0005120952264405787, 'Surprised': 1.4456276403507218e-05, 'Unknown': 0.0018163586501032114}",This is Vex right there.
LAURA,01:57:44,01:57:46,Neutral,"{'Angry': 1.5900879589025863e-05, 'Disgusted': 3.261687379563227e-05, 'Fearful': 1.2340268767729867e-05, 'Happy': 0.00017774180741980672, 'Neutral': 0.998513400554657, 'Other': 5.7687702792463824e-05, 'Sad': 5.312332359608263e-05, 'Surprised': 1.055057055054931e-07, 'Unknown': 0.0011370036518201232}",That's me.
MARY,01:57:46,01:57:47,Neutral,"{'Angry': 1.3056088432605861e-09, 'Disgusted': 1.910170910335296e-10, 'Fearful': 1.9868079403906336e-11, 'Happy': 2.194405901434493e-08, 'Neutral': 1.0, 'Other': 3.7469926467137427e-11, 'Sad': 3.807520521093011e-09, 'Surprised': 2.2906096464048176e-10, 'Unknown': 2.3984774236152084e-11}","No, I can't see where I am."
MATT,01:57:47,01:57:49,Neutral,"{'Angry': 1.3821698303218e-05, 'Disgusted': 1.4409622053790372e-05, 'Fearful': 2.6405348307889653e-06, 'Happy': 0.0008211357635445893, 'Neutral': 0.9989677667617798, 'Other': 1.503585372120142e-05, 'Sad': 1.7057593140634708e-05, 'Surprised': 4.970657414560264e-07, 'Unknown': 0.0001476250181440264}",You're right here.
MARY,01:57:49,01:57:52,Neutral,"{'Angry': 8.989917317514529e-12, 'Disgusted': 6.136367455833458e-13, 'Fearful': 2.627816313074266e-13, 'Happy': 1.696984046339889e-11, 'Neutral': 1.0, 'Other': 4.0986298014376865e-14, 'Sad': 3.088624148106511e-11, 'Surprised': 2.6645556421012184e-12, 'Unknown': 2.5228598507162636e-13}",Okay. Who are the three strongest orcs right now?
MATT,01:57:52,01:57:59,Neutral,"{'Angry': 1.666707272413373e-13, 'Disgusted': 5.552862128579495e-15, 'Fearful': 1.0290117291039008e-15, 'Happy': 2.2301178102552416e-13, 'Neutral': 1.0, 'Other': 6.811816197808626e-16, 'Sad': 4.888216025532299e-13, 'Surprised': 6.9533585161409e-14, 'Unknown': 3.202466613902032e-15}","This one and these two here all look pretty untouched. This one is actually untouched. Four. One, two, three, four."
MARY,01:57:59,01:58:02,Neutral,"{'Angry': 0.0009480188018642366, 'Disgusted': 0.0002537808904889971, 'Fearful': 0.00019665165746118873, 'Happy': 0.007185245398432016, 'Neutral': 0.9891078472137451, 'Other': 4.79754016851075e-05, 'Sad': 0.0008821641677059233, 'Surprised': 0.0012539641465991735, 'Unknown': 0.00012435851385816932}","And I can only Hex one creature, is this correct?"
MATT,01:58:02,01:58:03,Neutral,"{'Angry': 0.0008625276386737823, 'Disgusted': 0.003148718737065792, 'Fearful': 0.00025521698989905417, 'Happy': 0.006325121037662029, 'Neutral': 0.9384792447090149, 'Other': 0.0003805042360909283, 'Sad': 0.004518114496022463, 'Surprised': 0.045998312532901764, 'Unknown': 3.220882354071364e-05}",Correct.
MARY,01:58:03,01:58:10,Neutral,"{'Angry': 3.230073616578011e-06, 'Disgusted': 6.167640265175578e-08, 'Fearful': 9.30219457018211e-09, 'Happy': 4.780981157637143e-07, 'Neutral': 0.9999959468841553, 'Other': 2.058455095266254e-08, 'Sad': 2.808868089232419e-07, 'Surprised': 7.763462406273902e-08, 'Unknown': 4.022124855396214e-09}","All right. I'm going to Hex the one by-- in the back, sorry. I'm going to Hex him."
MATT,01:58:10,01:58:12,Neutral,"{'Angry': 1.0169361530643073e-06, 'Disgusted': 1.029614509207022e-06, 'Fearful': 1.907114466348503e-07, 'Happy': 5.3928830311633646e-05, 'Neutral': 0.9999401569366455, 'Other': 5.627517225548218e-07, 'Sad': 2.8135279990237905e-06, 'Surprised': 2.0438467629446677e-07, 'Unknown': 1.2429433127181255e-07}",Him? All right.
MARY,01:58:12,01:58:21,Neutral,"{'Angry': 3.843025479000062e-05, 'Disgusted': 5.640279414365068e-05, 'Fearful': 1.0696791832742747e-05, 'Happy': 0.00026013865135610104, 'Neutral': 0.9993512034416199, 'Other': 3.2129006285686046e-05, 'Sad': 0.0001345854252576828, 'Surprised': 6.185375696077244e-06, 'Unknown': 0.00011014773917850107}","And I'm going to incant Agonizing Blast, and cast Eldritch Blast on those three orcs."
SAM,01:58:21,01:58:23,Neutral,"{'Angry': 5.384138717090536e-07, 'Disgusted': 1.5686852066210122e-06, 'Fearful': 4.464595519948489e-07, 'Happy': 7.77496607042849e-05, 'Neutral': 0.9998948574066162, 'Other': 1.7791763866625843e-06, 'Sad': 1.8733085198618937e-06, 'Surprised': 3.1388172061497244e-08, 'Unknown': 2.1125249986653216e-05}",I've never heard of any of these things.
MARY,01:58:23,01:58:25,Neutral,"{'Angry': 0.024232516065239906, 'Disgusted': 0.058690205216407776, 'Fearful': 0.017082560807466507, 'Happy': 0.014119193889200687, 'Neutral': 0.8733811974525452, 'Other': 2.1379317331593484e-05, 'Sad': 0.002948358654975891, 'Surprised': 0.00942380353808403, 'Unknown': 0.0001007146856863983}","Because there's three blasts that come from, yeah?"
MATT,01:58:25,01:58:30,Neutral,"{'Angry': 1.6295096827434463e-07, 'Disgusted': 3.6833310446127143e-07, 'Fearful': 2.518874353540923e-08, 'Happy': 1.138216987328633e-07, 'Neutral': 0.999997615814209, 'Other': 1.399702398430236e-07, 'Sad': 1.481209210396628e-06, 'Surprised': 8.899879055945803e-09, 'Unknown': 4.3321737308588126e-08}","Well, Eldritch Blast is three different beams, and that's just Eldritch Blast for your turn. Or you can do Agonizing Blast, you choose one or the other."
MARY,01:58:30,01:58:32,Unknown,"{'Angry': 0.005738851148635149, 'Disgusted': 0.007156912237405777, 'Fearful': 0.0029352654237300158, 'Happy': 0.17973573505878448, 'Neutral': 0.35856884717941284, 'Other': 0.012493569403886795, 'Sad': 0.003394728060811758, 'Surprised': 0.00020876689814031124, 'Unknown': 0.4297672510147095}","Oh, I thought Agonizing Blast was a--"
LAURA,01:58:32,01:58:34,Neutral,"{'Angry': 0.00022796807752456516, 'Disgusted': 6.11808427493088e-05, 'Fearful': 1.6963369489531033e-05, 'Happy': 2.3479498850065283e-05, 'Neutral': 0.9994688630104065, 'Other': 3.750115411094157e-06, 'Sad': 0.00019119806529488415, 'Surprised': 3.4885015338659286e-06, 'Unknown': 3.1924121230986202e-06}",Cantrip?
MATT,01:58:34,01:58:35,Neutral,"{'Angry': 0.007969249971210957, 'Disgusted': 0.03313267603516579, 'Fearful': 0.0001672052894718945, 'Happy': 0.022791439667344093, 'Neutral': 0.9168125987052917, 'Other': 0.0012035015970468521, 'Sad': 0.002931124996393919, 'Surprised': 0.014702915214002132, 'Unknown': 0.00028919344185851514}",Oh. It's one of your abilities?
MARY,01:58:35,01:58:36,Neutral,"{'Angry': 0.001903104828670621, 'Disgusted': 0.0001540314988233149, 'Fearful': 3.836405539914267e-06, 'Happy': 0.004957895260304213, 'Neutral': 0.9920942187309265, 'Other': 2.8580974685610272e-05, 'Sad': 0.00010971954179694876, 'Surprised': 0.0007436471641995013, 'Unknown': 4.9603327170189004e-06}",Yes.
MATT,01:58:36,01:58:37,Neutral,"{'Angry': 7.991538586793467e-05, 'Disgusted': 0.00016663677524775267, 'Fearful': 0.00013903214130550623, 'Happy': 0.00018280780932400376, 'Neutral': 0.9972395896911621, 'Other': 3.687074058689177e-05, 'Sad': 0.0006373491487465799, 'Surprised': 9.811383279156871e-07, 'Unknown': 0.001516768359579146}","Oh, it just improves the Eldritch Blast?"
MARY,01:58:37,01:58:38,Neutral,"{'Angry': 0.00041268134373240173, 'Disgusted': 0.0002686449734028429, 'Fearful': 0.00014850040315650403, 'Happy': 0.002460590796545148, 'Neutral': 0.9960599541664124, 'Other': 4.035991514683701e-05, 'Sad': 0.0005088911857455969, 'Surprised': 5.532299473998137e-05, 'Unknown': 4.503272793954238e-05}",Yeah.
MATT,01:58:38,01:58:39,Sad,"{'Angry': 0.0018562969053164124, 'Disgusted': 0.0010891823330894113, 'Fearful': 0.001682113390415907, 'Happy': 0.00023165825405158103, 'Neutral': 0.005044355057179928, 'Other': 2.101473910443019e-06, 'Sad': 0.9900444746017456, 'Surprised': 4.549973164102994e-05, 'Unknown': 4.3565064515860286e-06}","Oh yeah, you can totally do that."
MARY,01:58:39,01:58:40,Surprised,"{'Angry': 0.027638614177703857, 'Disgusted': 0.011369491927325726, 'Fearful': 0.00020411289006005973, 'Happy': 0.005875567905604839, 'Neutral': 0.008096695877611637, 'Other': 0.0027461324352771044, 'Sad': 0.0005077194073237479, 'Surprised': 0.9434472322463989, 'Unknown': 0.00011454216291895136}",I want to do that.
MATT,01:58:40,01:58:41,Surprised,"{'Angry': 0.00013575963384937495, 'Disgusted': 0.002636093646287918, 'Fearful': 7.492412987630814e-05, 'Happy': 0.000423494610004127, 'Neutral': 0.00417002709582448, 'Other': 0.00021022513101343066, 'Sad': 6.600709457416087e-05, 'Surprised': 0.992275059223175, 'Unknown': 8.423765393672511e-06}","Okay, so you turn around--"
MARY,01:58:41,01:58:43,Neutral,"{'Angry': 1.7865786503534764e-06, 'Disgusted': 3.913266482413746e-06, 'Fearful': 5.724440939047781e-07, 'Happy': 5.300600605551153e-06, 'Neutral': 0.9999822378158569, 'Other': 1.935953378051636e-06, 'Sad': 3.0979758776084054e-06, 'Surprised': 5.776033162874228e-07, 'Unknown': 5.70067754779302e-07}",I'd like to do that with my Staff of Dragons.
MATT,01:58:43,01:59:09,Happy,"{'Angry': 1.7328322599041712e-07, 'Disgusted': 1.0061536386274383e-06, 'Fearful': 9.588089966428015e-08, 'Happy': 0.9999551773071289, 'Neutral': 3.060800736420788e-05, 'Other': 4.331366199039621e-06, 'Sad': 1.988280018849764e-06, 'Surprised': 3.0962226560404815e-08, 'Unknown': 6.54495397611754e-06}","You hold the staff forward and for a second your eyes, which are normally a vibrant bright white suddenly close with this darkness and then reveal a pale blue like the moon in the sky. As you do, this hue of light blue energy begins to emanate from this orc right there. He looks down confused as you pull your staff up and slam the ground with it. As you do, these three streaks of pale, blueish green energy streak out towards it."
MARY,01:59:09,01:59:10,Surprised,"{'Angry': 0.05226881802082062, 'Disgusted': 0.06037728115916252, 'Fearful': 0.011769575998187065, 'Happy': 0.016475461423397064, 'Neutral': 0.25566303730010986, 'Other': 0.0001885514793684706, 'Sad': 0.0649028792977333, 'Surprised': 0.538322925567627, 'Unknown': 3.140770422760397e-05}",Ha!
MATT,01:59:10,01:59:12,Neutral,"{'Angry': 0.030460244044661522, 'Disgusted': 0.05674563720822334, 'Fearful': 0.12571023404598236, 'Happy': 0.029655631631612778, 'Neutral': 0.4274728000164032, 'Other': 0.0001562269462738186, 'Sad': 0.32706356048583984, 'Surprised': 0.002045477507635951, 'Unknown': 0.0006901923334226012}",Go ahead and roll three attacks.
MARY,01:59:12,01:59:13,Surprised,"{'Angry': 0.010381180793046951, 'Disgusted': 0.0002474648645147681, 'Fearful': 0.016234787181019783, 'Happy': 0.015786414965987206, 'Neutral': 0.03104950487613678, 'Other': 0.00012025492469547316, 'Sad': 0.00010149402805836871, 'Surprised': 0.926067054271698, 'Unknown': 1.1930424079764634e-05}",Oh my god.
MATT,01:59:13,01:59:16,Disgusted,"{'Angry': 0.004068111069500446, 'Disgusted': 0.2434586137533188, 'Fearful': 0.18039532005786896, 'Happy': 0.1037471666932106, 'Neutral': 0.22812695801258087, 'Other': 0.0013850859832018614, 'Sad': 0.2280941605567932, 'Surprised': 0.004176033195108175, 'Unknown': 0.0065484968945384026}",Adding your bonus-- your spell bonus to each one.
MARY,01:59:16,01:59:18,Neutral,"{'Angry': 0.04865940660238266, 'Disgusted': 0.0007434448343701661, 'Fearful': 3.233228926546872e-05, 'Happy': 0.002382101956754923, 'Neutral': 0.9473526477813721, 'Other': 1.0603902410366572e-05, 'Sad': 0.0006845506140962243, 'Surprised': 0.00012911717931274325, 'Unknown': 5.786293968412792e-06}",13 plus 11.
LAURA,01:59:18,01:59:20,Neutral,"{'Angry': 3.1158898378125244e-11, 'Disgusted': 4.124827649581997e-12, 'Fearful': 9.22925906705896e-13, 'Happy': 6.189481566165611e-11, 'Neutral': 1.0, 'Other': 5.909519835284316e-13, 'Sad': 5.57148438495858e-10, 'Surprised': 1.7710985455998696e-11, 'Unknown': 7.374519831598869e-13}",So 24.
MARY,01:59:20,01:59:21,Disgusted,"{'Angry': 0.08235392719507217, 'Disgusted': 0.27551183104515076, 'Fearful': 0.007935330271720886, 'Happy': 0.24059240520000458, 'Neutral': 0.18044468760490417, 'Other': 0.003047566395252943, 'Sad': 0.1678304225206375, 'Surprised': 0.04170295223593712, 'Unknown': 0.0005808976129628718}",24.
MATT,01:59:21,01:59:22,Neutral,"{'Angry': 0.0018276358023285866, 'Disgusted': 0.0029184529557824135, 'Fearful': 0.0009278198704123497, 'Happy': 0.05592162907123566, 'Neutral': 0.9299229383468628, 'Other': 4.9495902203489095e-05, 'Sad': 0.0034499806351959705, 'Surprised': 0.004974391311407089, 'Unknown': 7.64866217650706e-06}",That hits.
MARY,01:59:22,01:59:26,Neutral,"{'Angry': 2.615573464481713e-07, 'Disgusted': 1.1690241308315308e-07, 'Fearful': 1.3241663054941455e-07, 'Happy': 2.4569305878685554e-07, 'Neutral': 0.9999982118606567, 'Other': 1.8081843577988366e-08, 'Sad': 9.86948862191639e-07, 'Surprised': 2.4053992575545635e-08, 'Unknown': 5.663083513240963e-08}",That was a good one. 30.
MATT,01:59:26,01:59:28,Neutral,"{'Angry': 0.008107864297926426, 'Disgusted': 0.01785833016037941, 'Fearful': 0.0010885100346058607, 'Happy': 0.02850603312253952, 'Neutral': 0.6265666484832764, 'Other': 0.040956176817417145, 'Sad': 0.002617813181132078, 'Surprised': 0.2713402211666107, 'Unknown': 0.0029584337025880814}",30. Okay.
SAM,01:59:28,01:59:29,Neutral,"{'Angry': 0.006084199994802475, 'Disgusted': 0.17531494796276093, 'Fearful': 0.03283257782459259, 'Happy': 0.02815883420407772, 'Neutral': 0.6588273644447327, 'Other': 0.006993785034865141, 'Sad': 0.010614276863634586, 'Surprised': 0.0004247044853400439, 'Unknown': 0.08074929565191269}",What?
MARY,01:59:29,01:59:30,Neutral,"{'Angry': 5.420479709528081e-08, 'Disgusted': 4.607256087751921e-08, 'Fearful': 8.31720559091309e-09, 'Happy': 4.3823203554893553e-07, 'Neutral': 0.9999990463256836, 'Other': 6.51217249014735e-08, 'Sad': 2.0197091998852557e-07, 'Surprised': 2.6716462375731e-09, 'Unknown': 7.710215044198776e-08}",And 21.
MATT,01:59:30,01:59:32,Neutral,"{'Angry': 5.530246198759414e-07, 'Disgusted': 3.5846844639308983e-06, 'Fearful': 2.23166875912284e-06, 'Happy': 7.085441666276893e-06, 'Neutral': 0.9999649524688721, 'Other': 8.875551884557353e-07, 'Sad': 6.210405899764737e-06, 'Surprised': 1.0653146631511845e-07, 'Unknown': 1.4303692296380177e-05}",Are you adding the plus--
MARY,01:59:32,01:59:34,Neutral,"{'Angry': 5.750218406319618e-06, 'Disgusted': 9.818134458328132e-06, 'Fearful': 3.491607458272483e-06, 'Happy': 1.3996736925037112e-05, 'Neutral': 0.9999017715454102, 'Other': 8.926426744437777e-06, 'Sad': 3.103490962530486e-05, 'Surprised': 2.6344225716457004e-06, 'Unknown': 2.2484564397018403e-05}",Oh and plus two to each of them.
LAURA,01:59:34,01:59:35,Neutral,"{'Angry': 4.352660653239582e-06, 'Disgusted': 3.5391622077440843e-07, 'Fearful': 3.0931582841731142e-06, 'Happy': 1.3146805940777995e-05, 'Neutral': 0.9999699592590332, 'Other': 1.405816050237263e-07, 'Sad': 6.773826953576645e-06, 'Surprised': 2.153256673409487e-06, 'Unknown': 1.817950767701859e-08}",That's damage.
MARY,01:59:35,01:59:40,Neutral,"{'Angry': 0.005744649562984705, 'Disgusted': 0.002971076173707843, 'Fearful': 0.00017614975513424724, 'Happy': 0.0297289676964283, 'Neutral': 0.9503365159034729, 'Other': 0.0008529593469575047, 'Sad': 0.001251674722880125, 'Surprised': 1.8718033970799297e-05, 'Unknown': 0.008919402956962585}","Oh, I'm sorry. So it's Eldritch Blast, it gets plus 11."
MATT,01:59:40,01:59:43,Happy,"{'Angry': 3.888462742906995e-06, 'Disgusted': 1.3853037671651691e-05, 'Fearful': 2.969985644085682e-06, 'Happy': 0.9998893737792969, 'Neutral': 2.4321327146026306e-05, 'Other': 3.4838410556403687e-06, 'Sad': 2.0520797079370823e-06, 'Surprised': 5.869184315088205e-05, 'Unknown': 1.4698962331749499e-06}",Right. So what was the last one?
MARY,01:59:43,01:59:44,Happy,"{'Angry': 1.9531430552888196e-06, 'Disgusted': 1.8383478845862555e-06, 'Fearful': 4.070427621627459e-06, 'Happy': 0.99997878074646, 'Neutral': 6.163683792692609e-06, 'Other': 1.1319004897814011e-06, 'Sad': 2.3594297999807168e-06, 'Surprised': 3.6009960240335204e-06, 'Unknown': 5.913028999771086e-08}",21.
MATT,01:59:44,01:59:51,Fearful,"{'Angry': 0.0001263750746147707, 'Disgusted': 0.0007705343305133283, 'Fearful': 0.9924915432929993, 'Happy': 0.0007013179711066186, 'Neutral': 0.00016388138465117663, 'Other': 0.005167538300156593, 'Sad': 0.0004224354343023151, 'Surprised': 2.471467996656429e-05, 'Unknown': 0.00013177422806620598}","They all hit, so go ahead and roll damage for each, and each does additional Hex damage, because it's three different hits."
MARY,01:59:51,01:59:54,Neutral,"{'Angry': 1.784921516145843e-11, 'Disgusted': 1.5400689621150598e-12, 'Fearful': 4.517895118346521e-13, 'Happy': 3.271409532157321e-11, 'Neutral': 1.0, 'Other': 1.4298749630072688e-13, 'Sad': 5.499371444339651e-11, 'Surprised': 4.703644158193798e-12, 'Unknown': 8.474075391048941e-13}",Yes. And the damage is 1d10 plus seven times three?
SAM,01:59:54,01:59:57,Neutral,"{'Angry': 1.801167854864616e-05, 'Disgusted': 7.79462482114468e-07, 'Fearful': 4.0666520817467244e-08, 'Happy': 1.3226677765487693e-05, 'Neutral': 0.9999654293060303, 'Other': 3.625231101977988e-07, 'Sad': 1.4114727946434868e-06, 'Surprised': 4.663133168492095e-08, 'Unknown': 6.852045544292196e-07}",Too much math.
MATT,01:59:57,02:00:01,Neutral,"{'Angry': 0.0038316473364830017, 'Disgusted': 0.0016134354518726468, 'Fearful': 0.0009782243287190795, 'Happy': 0.007995979860424995, 'Neutral': 0.9695169925689697, 'Other': 0.0008299715700559318, 'Sad': 0.0012249667197465897, 'Surprised': 1.3749689060205128e-05, 'Unknown': 0.013995029963552952}","Yeah, go ahead and roll that three times. 1d10 plus seven, 1d10 plus seven, 1d10 plus seven."
MARY,02:00:01,02:00:03,Neutral,"{'Angry': 0.0061423080042004585, 'Disgusted': 0.002655190881341696, 'Fearful': 0.0008440258679911494, 'Happy': 0.11956489086151123, 'Neutral': 0.8548644781112671, 'Other': 0.0005379994981922209, 'Sad': 0.0015206207754090428, 'Surprised': 0.005482656881213188, 'Unknown': 0.008387848734855652}","Okay. Oh, help me."
LAURA,02:00:03,02:00:06,Neutral,"{'Angry': 1.636391789361369e-05, 'Disgusted': 9.71356075751828e-06, 'Fearful': 4.896242899121717e-06, 'Happy': 0.0008611287921667099, 'Neutral': 0.9990455508232117, 'Other': 4.633870048564859e-06, 'Sad': 3.9708404074190184e-05, 'Surprised': 7.192361977104156e-07, 'Unknown': 1.721079388516955e-05}","That's not a d10, that's a d12."
MARY,02:00:06,02:00:08,Neutral,"{'Angry': 2.323292253025855e-11, 'Disgusted': 1.7853428154260276e-12, 'Fearful': 4.5339863048894646e-13, 'Happy': 4.219716243092364e-11, 'Neutral': 1.0, 'Other': 1.5936201197639527e-13, 'Sad': 7.465057044742096e-11, 'Surprised': 5.038656124278784e-12, 'Unknown': 9.357378153579399e-13}",Sorry. Sorry!
SAM,02:00:08,02:00:10,Neutral,"{'Angry': 3.17791522264077e-11, 'Disgusted': 5.4200914589852545e-12, 'Fearful': 1.7633316681808786e-12, 'Happy': 1.2716158681591594e-10, 'Neutral': 1.0, 'Other': 1.3391762742134827e-12, 'Sad': 2.494736917046936e-10, 'Surprised': 8.301669247867682e-12, 'Unknown': 4.7005498451935246e-12}",She's a guest.
MARY,02:00:10,02:00:11,Angry,"{'Angry': 0.5352102518081665, 'Disgusted': 0.06772926449775696, 'Fearful': 0.008517374284565449, 'Happy': 0.04351115599274635, 'Neutral': 0.31459155678749084, 'Other': 0.001039246330037713, 'Sad': 0.009654165245592594, 'Surprised': 0.012090867385268211, 'Unknown': 0.007656106259673834}",I'm a guest.
LAURA,02:00:11,02:00:14,Neutral,"{'Angry': 0.00019223589333705604, 'Disgusted': 0.00017584607121534646, 'Fearful': 5.5359076213790104e-05, 'Happy': 0.0008291861740872264, 'Neutral': 0.9974485039710999, 'Other': 1.1419841030146927e-05, 'Sad': 0.0010035187005996704, 'Surprised': 0.000260700355283916, 'Unknown': 2.3243925170390867e-05}","Oh, you know what, I was rolling eights instead of tens. That's okay."
MATT,02:00:14,02:00:16,Neutral,"{'Angry': 0.18017695844173431, 'Disgusted': 0.007628300692886114, 'Fearful': 0.03107764758169651, 'Happy': 0.012350412085652351, 'Neutral': 0.7467270493507385, 'Other': 0.00018881501455325633, 'Sad': 0.014870273880660534, 'Surprised': 0.0068892063573002815, 'Unknown': 9.131482511293143e-05}",Too late now. Next time.
MARY,02:00:16,02:00:20,Neutral,"{'Angry': 6.493332421086961e-06, 'Disgusted': 2.3896704988146666e-06, 'Fearful': 8.906666835173382e-07, 'Happy': 0.00011040922981919721, 'Neutral': 0.9998606443405151, 'Other': 2.368158902754658e-06, 'Sad': 5.009262622479582e-06, 'Surprised': 7.49922207887721e-07, 'Unknown': 1.1031045687559526e-05}",Two plus seven. Two plus seven is ten.
SAM,02:00:20,02:00:21,Neutral,"{'Angry': 0.004764118231832981, 'Disgusted': 0.03321290761232376, 'Fearful': 0.001163752400316298, 'Happy': 0.05134587734937668, 'Neutral': 0.8885648250579834, 'Other': 0.00015188877296168357, 'Sad': 0.00621540704742074, 'Surprised': 0.014515931718051434, 'Unknown': 6.537123408634216e-05}",Nine. Nine.
MATT,02:00:21,02:00:22,Neutral,"{'Angry': 4.0885947782953735e-07, 'Disgusted': 1.1851016523678481e-07, 'Fearful': 1.3487917449594988e-08, 'Happy': 1.0173441751248902e-06, 'Neutral': 0.999994158744812, 'Other': 1.4837756801000523e-08, 'Sad': 1.6349240183899383e-07, 'Surprised': 4.204754986858461e-06, 'Unknown': 1.3127703368809307e-09}",All right.
MARY,02:00:22,02:00:24,Happy,"{'Angry': 2.7306781703373417e-05, 'Disgusted': 6.044106703484431e-05, 'Fearful': 0.00014066592848394066, 'Happy': 0.9962825179100037, 'Neutral': 0.001570619991980493, 'Other': 5.3608364396495745e-05, 'Sad': 0.0016747647896409035, 'Surprised': 6.217831833055243e-05, 'Unknown': 0.00012784115097019821}","Two plus seven is nine, thank you."
LAURA,02:00:24,02:00:25,Neutral,"{'Angry': 0.05186523497104645, 'Disgusted': 0.0224863663315773, 'Fearful': 0.0033500005956739187, 'Happy': 0.07217142730951309, 'Neutral': 0.8380072116851807, 'Other': 8.751430141273886e-05, 'Sad': 0.007457065861672163, 'Surprised': 0.004293208010494709, 'Unknown': 0.0002819785149767995}",Ten.
MARY,02:00:25,02:00:27,Neutral,"{'Angry': 1.036536104948027e-05, 'Disgusted': 6.861272140668007e-06, 'Fearful': 1.305643536397838e-06, 'Happy': 8.151122165145352e-05, 'Neutral': 0.9998095631599426, 'Other': 1.5083698599482886e-05, 'Sad': 5.720454282709397e-06, 'Surprised': 1.436837351320719e-07, 'Unknown': 6.947366637177765e-05}",Ten plus seven is 17.
MATT,02:00:27,02:00:28,Disgusted,"{'Angry': 0.021479038521647453, 'Disgusted': 0.8173816204071045, 'Fearful': 0.0016568377614021301, 'Happy': 0.031734246760606766, 'Neutral': 0.09604533016681671, 'Other': 0.0002247995580546558, 'Sad': 0.004043601453304291, 'Surprised': 0.027243690565228462, 'Unknown': 0.0001907630794448778}",All right.
MARY,02:00:28,02:00:31,Neutral,"{'Angry': 0.0004633720964193344, 'Disgusted': 0.0005048974417150021, 'Fearful': 0.00010571262100711465, 'Happy': 0.007524036802351475, 'Neutral': 0.9896624088287354, 'Other': 0.00017312918498646468, 'Sad': 0.0002212624967796728, 'Surprised': 0.0001195424993056804, 'Unknown': 0.0012255471665412188}",And five plus seven is--
TRAVIS,02:00:31,02:00:32,Neutral,"{'Angry': 5.737063712984991e-09, 'Disgusted': 1.1347913719816916e-09, 'Fearful': 3.409146853705636e-10, 'Happy': 3.640294110596187e-08, 'Neutral': 1.0, 'Other': 1.7591814116535431e-10, 'Sad': 1.4597554276463143e-08, 'Surprised': 1.7500259019698206e-09, 'Unknown': 5.533338232055485e-10}",12.
MATT,02:00:32,02:00:37,Neutral,"{'Angry': 0.3864712417125702, 'Disgusted': 0.05347355455160141, 'Fearful': 0.007064477540552616, 'Happy': 0.02491268329322338, 'Neutral': 0.4199993312358856, 'Other': 0.0048971460200846195, 'Sad': 0.016059432178735733, 'Surprised': 0.0024843730498105288, 'Unknown': 0.08463768661022186}",12. And then then add-- roll a d6 three times because each time you blast them you do the additional Hex damage.
TRAVIS,02:00:37,02:00:39,Neutral,"{'Angry': 0.0018004121957346797, 'Disgusted': 0.003030810272321105, 'Fearful': 0.0022683057468384504, 'Happy': 0.03187194839119911, 'Neutral': 0.9456508755683899, 'Other': 0.00020136419334448874, 'Sad': 0.0032603973522782326, 'Surprised': 0.011222290806472301, 'Unknown': 0.000693504058290273}",Holy crap what are you?
MARY,02:00:39,02:00:40,Surprised,"{'Angry': 0.2310502678155899, 'Disgusted': 0.004587501287460327, 'Fearful': 0.0009654725436121225, 'Happy': 0.03278009593486786, 'Neutral': 0.021680787205696106, 'Other': 0.00024920396390371025, 'Sad': 0.0053322166204452515, 'Surprised': 0.7033259272575378, 'Unknown': 2.8470072720665485e-05}",Two.
MATT,02:00:40,02:00:41,Surprised,"{'Angry': 0.004745728336274624, 'Disgusted': 0.002573935315012932, 'Fearful': 0.004861910827457905, 'Happy': 0.06153455749154091, 'Neutral': 0.275375097990036, 'Other': 7.594236376462504e-05, 'Sad': 0.0037740489933639765, 'Surprised': 0.6468846797943115, 'Unknown': 0.0001740263687679544}",All right two.
MARY,02:00:41,02:00:43,Unknown,"{'Angry': 0.012601944617927074, 'Disgusted': 0.02534486912190914, 'Fearful': 0.0631331354379654, 'Happy': 0.008337089791893959, 'Neutral': 0.008057443425059319, 'Other': 0.000548955867998302, 'Sad': 0.0038913937751203775, 'Surprised': 3.572471541701816e-06, 'Unknown': 0.8780815601348877}",Six.
LAURA,02:00:43,02:00:44,Neutral,"{'Angry': 0.05939101055264473, 'Disgusted': 0.000558503728825599, 'Fearful': 0.0002443741250317544, 'Happy': 0.003522816812619567, 'Neutral': 0.9337496757507324, 'Other': 4.4656717363977805e-05, 'Sad': 0.0009640530915930867, 'Surprised': 0.0014752972638234496, 'Unknown': 4.967939094058238e-05}",Fuck.
MATT,02:00:44,02:00:45,Neutral,"{'Angry': 6.8768249548156746e-06, 'Disgusted': 1.291283183491032e-06, 'Fearful': 4.145186721871141e-06, 'Happy': 2.7451339974504663e-06, 'Neutral': 0.9999375343322754, 'Other': 3.050833811357734e-06, 'Sad': 4.253638326190412e-05, 'Surprised': 5.421751438916544e-07, 'Unknown': 1.1703681366270757e-06}",Eight total.
MARY,02:00:45,02:00:46,Neutral,"{'Angry': 4.7166927288344596e-06, 'Disgusted': 7.55363487314753e-07, 'Fearful': 3.6027390137860493e-07, 'Happy': 0.0002550059580244124, 'Neutral': 0.9997269511222839, 'Other': 1.56148104224485e-07, 'Sad': 1.0298796041752212e-05, 'Surprised': 1.7738783526510815e-06, 'Unknown': 2.613999861011962e-08}",Five.
TRAVIS,02:00:46,02:00:47,Neutral,"{'Angry': 0.08392596244812012, 'Disgusted': 0.0010503490921109915, 'Fearful': 0.000533980259206146, 'Happy': 0.0013715610839426517, 'Neutral': 0.9111959934234619, 'Other': 2.1519661459024064e-05, 'Sad': 0.0005995362880639732, 'Surprised': 0.0012792369816452265, 'Unknown': 2.1928262867731974e-05}",Whoa!
MATT,02:00:47,02:00:48,Neutral,"{'Angry': 0.0005695081199519336, 'Disgusted': 0.000505056872498244, 'Fearful': 0.0002232902916148305, 'Happy': 0.42062681913375854, 'Neutral': 0.5706441402435303, 'Other': 0.00038891355507075787, 'Sad': 0.0006928830407559872, 'Surprised': 0.0015750984894111753, 'Unknown': 0.004774247761815786}",13.
LAURA,02:00:48,02:00:50,Neutral,"{'Angry': 4.326192879489099e-07, 'Disgusted': 7.946454729790275e-07, 'Fearful': 1.7493307780114264e-07, 'Happy': 9.589793990016915e-06, 'Neutral': 0.9999831914901733, 'Other': 8.331213052770181e-07, 'Sad': 1.5715911558800144e-06, 'Surprised': 5.2877556555586125e-08, 'Unknown': 3.229989488318097e-06}",It's like a Hunter's Mark all on your own.
MATT,02:00:50,02:01:14,Neutral,"{'Angry': 0.00010415678116260096, 'Disgusted': 0.0007092830492183566, 'Fearful': 2.1962257960694842e-05, 'Happy': 0.00024095379922073334, 'Neutral': 0.9972510933876038, 'Other': 0.0007537505007348955, 'Sad': 0.0007735423278063536, 'Surprised': 8.051085023907945e-05, 'Unknown': 6.47004198981449e-05}","So, after the beams streak out-- all three blast simultaneously into the torso area of the orc that's standing by Percy. It's glaring at you with this look of surprise, and fury, and frustration and before it can even try and mount any sort of attack, the three beams strike it in the chest. You can see this scattering of brackish liquid as the back of its torso is blown out like a shotgun blast."
MARY,02:01:14,02:01:15,Neutral,"{'Angry': 0.0037223296239972115, 'Disgusted': 0.0023001711815595627, 'Fearful': 6.4153286984947044e-06, 'Happy': 0.0003523740160744637, 'Neutral': 0.9932244420051575, 'Other': 5.2656665502581745e-05, 'Sad': 6.221618968993425e-05, 'Surprised': 0.0002734884328674525, 'Unknown': 5.831204362038989e-06}",Yes!
MATT,02:01:15,02:01:31,Neutral,"{'Angry': 8.001613878150238e-07, 'Disgusted': 3.120454152849561e-07, 'Fearful': 3.1233888364567974e-08, 'Happy': 0.014036745764315128, 'Neutral': 0.985789954662323, 'Other': 2.2106115693532047e-07, 'Sad': 0.00017126841703429818, 'Surprised': 6.873591473777196e-07, 'Unknown': 3.640630197310202e-08}","And it falls to the ground with this gurgle in its throat, and for a second you swear you see the glistening moonlight colored energy that you had Hexed upon it almost sucks the soul from its body and then it dissipates into the air above it."
MARY,02:01:31,02:01:37,Happy,"{'Angry': 6.424674126037644e-09, 'Disgusted': 4.181725898888544e-08, 'Fearful': 1.6827710780376037e-08, 'Happy': 0.9999991655349731, 'Neutral': 2.5764450128917815e-07, 'Other': 1.2498997392640376e-08, 'Sad': 4.243998930064663e-08, 'Surprised': 3.0283886509607783e-09, 'Unknown': 5.222102004154294e-07}",Thaumaturgy makes my eyes go fire. (laughter)
SAM,02:01:37,02:01:38,Neutral,"{'Angry': 0.00021252184524200857, 'Disgusted': 0.00014325210941024125, 'Fearful': 3.48529101756867e-05, 'Happy': 0.005262472666800022, 'Neutral': 0.991007387638092, 'Other': 0.00014759994519408792, 'Sad': 0.0030223552603274584, 'Surprised': 1.4168655070534442e-05, 'Unknown': 0.00015543773770332336}",Wow.
MATT,02:01:38,02:01:45,Neutral,"{'Angry': 0.008552535437047482, 'Disgusted': 0.0011111752828583121, 'Fearful': 0.00010526341065997258, 'Happy': 0.0015650785062462091, 'Neutral': 0.9876707792282104, 'Other': 7.222143176477402e-05, 'Sad': 0.00048512176726944745, 'Surprised': 7.304341852432117e-05, 'Unknown': 0.0003647851408459246}",A big blast of flame. Great. So that will end your turn there.
TRAVIS,02:01:45,02:01:47,Neutral,"{'Angry': 5.117713226354681e-05, 'Disgusted': 5.68082723475527e-05, 'Fearful': 5.8902161981677637e-05, 'Happy': 0.00037874802364967763, 'Neutral': 0.9987722039222717, 'Other': 5.682211849489249e-06, 'Sad': 0.0006067899521440268, 'Surprised': 6.456077244365588e-05, 'Unknown': 5.1781698857666925e-06}",You did really well.
LAURA,02:01:47,02:01:49,Neutral,"{'Angry': 1.0278353862469558e-10, 'Disgusted': 2.8924649134176583e-11, 'Fearful': 5.5360984893559895e-12, 'Happy': 2.5271501558066234e-10, 'Neutral': 1.0, 'Other': 4.782511626305608e-12, 'Sad': 2.368976126376765e-10, 'Surprised': 4.6537090153675464e-11, 'Unknown': 1.2669186012781442e-11}",How is she so cool?
SAM,02:01:49,02:01:52,Neutral,"{'Angry': 5.918533219073652e-08, 'Disgusted': 6.222975201808367e-08, 'Fearful': 3.9487943581661966e-08, 'Happy': 1.3536687220039312e-06, 'Neutral': 0.9999974966049194, 'Other': 4.621674065674597e-08, 'Sad': 2.598803234832303e-07, 'Surprised': 2.4515010021985972e-09, 'Unknown': 6.352897230499366e-07}",She just changed the game.
MATT,02:01:52,02:01:55,Neutral,"{'Angry': 6.941443253527524e-11, 'Disgusted': 1.934932422620328e-11, 'Fearful': 6.4554884875167584e-12, 'Happy': 4.0347788998751355e-10, 'Neutral': 1.0, 'Other': 2.966754879957234e-12, 'Sad': 2.885798822127583e-10, 'Surprised': 4.1084118745926546e-11, 'Unknown': 6.373079581428742e-12}",That will bring us to Lyra.
TRAVIS,02:01:55,02:01:56,Sad,"{'Angry': 0.0006377145764417946, 'Disgusted': 4.850912227993831e-05, 'Fearful': 0.0008239876478910446, 'Happy': 0.015211389400064945, 'Neutral': 0.0030418774113059044, 'Other': 0.00013265128654893488, 'Sad': 0.9798908233642578, 'Surprised': 0.00019317922124173492, 'Unknown': 1.985910421353765e-05}",She can stay.
FELICIA,02:01:56,02:01:58,Neutral,"{'Angry': 1.6565113170052825e-10, 'Disgusted': 2.471241093704446e-11, 'Fearful': 6.795815646332137e-12, 'Happy': 5.042363193652477e-10, 'Neutral': 1.0, 'Other': 1.0039670917533217e-12, 'Sad': 1.4924470548294266e-08, 'Surprised': 2.799935804043141e-11, 'Unknown': 3.873727293796092e-12}",Is that 30 feet?
MATT,02:01:58,02:02:03,Happy,"{'Angry': 0.0003523589111864567, 'Disgusted': 0.0009094257256947458, 'Fearful': 0.0002978458651341498, 'Happy': 0.9914785027503967, 'Neutral': 0.0036273584701120853, 'Other': 0.0005932562635280192, 'Sad': 0.0016781592275947332, 'Surprised': 0.00022165078553371131, 'Unknown': 0.0008414118783548474}","Five, 10, 15, 20, 25, 30. 30 foot is right there. From you."
FELICIA,02:02:03,02:02:05,Happy,"{'Angry': 0.007325351238250732, 'Disgusted': 0.011260542087256908, 'Fearful': 0.0019028576789423823, 'Happy': 0.8582715392112732, 'Neutral': 0.01804637722671032, 'Other': 0.0002487812307663262, 'Sad': 0.00033959996653720737, 'Surprised': 0.10250923782587051, 'Unknown': 9.5673072792124e-05}","Who are the bad guys? This one, this one, and this one?"
MATT,02:02:05,02:02:08,Happy,"{'Angry': 7.482337416320206e-09, 'Disgusted': 6.964006615817198e-08, 'Fearful': 3.7653600770681805e-07, 'Happy': 0.9999994039535522, 'Neutral': 1.608703747990603e-08, 'Other': 4.400152064931717e-08, 'Sad': 8.265373452331914e-08, 'Surprised': 3.192571895738183e-08, 'Unknown': 4.78560924221938e-09}","This one, this one, and these two there."
FELICIA,02:02:08,02:02:22,Happy,"{'Angry': 3.708774602273479e-05, 'Disgusted': 1.630627957638353e-05, 'Fearful': 8.132188327181211e-07, 'Happy': 0.5215651988983154, 'Neutral': 0.47833576798439026, 'Other': 5.085193151899148e-06, 'Sad': 2.689728353288956e-05, 'Surprised': 1.1239038030907977e-05, 'Unknown': 1.6139432545969612e-06}","Okay. So I'm like-- (screams) Oh, that was cool. Okay. (pff) And I use my Chain Lightning. You have to do a save on that. That just automatically hits."
MATT,02:02:22,02:02:24,Neutral,"{'Angry': 0.0003355303197167814, 'Disgusted': 3.5446482797851786e-05, 'Fearful': 1.1142163202748634e-05, 'Happy': 0.000360239006113261, 'Neutral': 0.9990311861038208, 'Other': 4.6397093683481216e-05, 'Sad': 3.622359145083465e-05, 'Surprised': 1.989760903597926e-06, 'Unknown': 0.00014176794502418488}","That just hits, yeah."
FELICIA,02:02:24,02:02:25,Neutral,"{'Angry': 1.681803070141541e-07, 'Disgusted': 3.241611921112053e-07, 'Fearful': 1.0133240024856605e-08, 'Happy': 1.0776485623864573e-06, 'Neutral': 0.9999973773956299, 'Other': 5.404708645073697e-07, 'Sad': 3.68632413483283e-07, 'Surprised': 1.1412987888093085e-08, 'Unknown': 2.2542386091117805e-07}","Okay, so it's 10d8."
SAM,02:02:25,02:02:26,Neutral,"{'Angry': 0.00014234166883397847, 'Disgusted': 0.00032517980434931815, 'Fearful': 4.1282088204752654e-05, 'Happy': 0.0004921277868561447, 'Neutral': 0.9988366961479187, 'Other': 1.2225012142152991e-05, 'Sad': 0.00012230241554789245, 'Surprised': 2.1196863599470817e-05, 'Unknown': 6.61207332086633e-06}",To whom?
FELICIA,02:02:26,02:02:29,Neutral,"{'Angry': 1.1496432061539053e-12, 'Disgusted': 5.087185691145593e-14, 'Fearful': 1.350726340943343e-14, 'Happy': 1.3887353723582296e-12, 'Neutral': 1.0, 'Other': 5.0042842049055625e-15, 'Sad': 4.1818484439182235e-12, 'Surprised': 3.928031673799265e-13, 'Unknown': 3.4541844346836284e-14}","To one guy, and then it can hit up to three people within 30 feet."
SAM,02:02:29,02:02:32,Neutral,"{'Angry': 1.3097967155317747e-08, 'Disgusted': 2.1430972552138883e-08, 'Fearful': 1.5676064890612906e-08, 'Happy': 2.9116863586864383e-08, 'Neutral': 0.9999995231628418, 'Other': 4.965912125953764e-09, 'Sad': 3.3628128903728793e-07, 'Surprised': 5.647426526422805e-09, 'Unknown': 5.6387294833371016e-09}",Are they within 30 feet?
MATT,02:02:32,02:02:34,Neutral,"{'Angry': 1.247815734203503e-13, 'Disgusted': 3.59516739363336e-15, 'Fearful': 7.268947703343155e-16, 'Happy': 1.413890299327772e-13, 'Neutral': 1.0, 'Other': 5.833437557192745e-16, 'Sad': 4.4521295829678953e-13, 'Surprised': 4.776817911491746e-14, 'Unknown': 2.2406340207569353e-15}",These two are not but this guy is.
FELICIA,02:02:34,02:02:50,Neutral,"{'Angry': 9.588458499409924e-13, 'Disgusted': 4.000951994839394e-14, 'Fearful': 9.158475979551342e-15, 'Happy': 1.3987734581721867e-12, 'Neutral': 1.0, 'Other': 3.643934892055053e-15, 'Sad': 3.5004284627132565e-12, 'Surprised': 3.2780332268056434e-13, 'Unknown': 2.3261444108261566e-14}","Ten, is 21. Plus 21 plus 24. 21 plus 24 is-"
SAM,02:02:50,02:02:51,Neutral,"{'Angry': 0.00045700883492827415, 'Disgusted': 1.1357815310475416e-05, 'Fearful': 1.0129648444490158e-06, 'Happy': 0.016189388930797577, 'Neutral': 0.9832808375358582, 'Other': 2.0206852013870957e-07, 'Sad': 5.191591117181815e-05, 'Surprised': 8.17556519905338e-06, 'Unknown': 2.6801799890563416e-08}",45.
FELICIA,02:02:51,02:02:54,Neutral,"{'Angry': 9.523144772760617e-11, 'Disgusted': 1.6530637969580653e-11, 'Fearful': 4.551317222406537e-12, 'Happy': 4.714336698796728e-10, 'Neutral': 1.0, 'Other': 3.4358358172448256e-12, 'Sad': 4.3392503479289246e-10, 'Surprised': 2.4239835832995382e-11, 'Unknown': 1.718566781938602e-11}","45 points of damage to that guy, and then it goes to the other guy."
MATT,02:02:54,02:02:59,Neutral,"{'Angry': 2.4816607435695914e-08, 'Disgusted': 6.454531131794283e-08, 'Fearful': 1.52971484368436e-08, 'Happy': 5.660536217533263e-08, 'Neutral': 0.9999984502792358, 'Other': 2.755974648493975e-08, 'Sad': 1.2413246395226452e-06, 'Surprised': 9.697233238625813e-09, 'Unknown': 5.037784234218634e-08}","This guy there. These guys are a little too far away, unfortunately. This guy is not."
FELICIA,02:02:59,02:03:01,Neutral,"{'Angry': 0.06717047095298767, 'Disgusted': 0.17232005298137665, 'Fearful': 0.0009274365729652345, 'Happy': 0.012372574768960476, 'Neutral': 0.7293646931648254, 'Other': 0.0017966991290450096, 'Sad': 0.010296765714883804, 'Surprised': 0.0027112665120512247, 'Unknown': 0.0030400543473660946}","Oh, okay. Get that guy."
MATT,02:03:01,02:03:44,Happy,"{'Angry': 0.0003285907441750169, 'Disgusted': 0.0007946866098791361, 'Fearful': 1.8632938008522615e-05, 'Happy': 0.9594997763633728, 'Neutral': 0.035687156021595, 'Other': 0.0016026066150516272, 'Sad': 0.0003914142434950918, 'Surprised': 0.00010354154801461846, 'Unknown': 0.0015735792694613338}","As you freak out you back up and as an instinctual maneuver you put your fingers out, and there is a loud crackling sound as a condensed thunderstorm blasts forth from Lyra's hands. The orc that's threatening her and actually managed to try and strike you gives you this look of sudden pity before its entire upper body is fried instantly from the electricity that just destroys-- You can see all its flesh is now curled back and cracking from the sheer amount of energy that's flowing through it. The bolt then streaks off and slams the one that you dominated that was currently running in the other direction-- all of a sudden gets hit in the side. However, maintains the Domination. (laughter)"
MATT,02:03:44,02:03:54,Neutral,"{'Angry': 6.80961120824719e-11, 'Disgusted': 7.889270833838502e-12, 'Fearful': 1.645374917043363e-12, 'Happy': 5.159704330459647e-10, 'Neutral': 1.0, 'Other': 3.264792407774164e-13, 'Sad': 2.2858480386300783e-10, 'Surprised': 4.000713996199501e-11, 'Unknown': 1.5115318935735034e-12}",He did take half damage to that one. But this one is blown off the map. The other one over here is looking pretty rough now. It's hobbling forward currently with one of its legs ruined.
LAURA,02:03:54,02:03:57,Neutral,"{'Angry': 3.538115911361217e-10, 'Disgusted': 1.0130821875842244e-10, 'Fearful': 3.728058486918151e-11, 'Happy': 5.3367918972924144e-09, 'Neutral': 1.0, 'Other': 2.733180869129992e-12, 'Sad': 2.1207406941670115e-09, 'Surprised': 5.107973488627238e-10, 'Unknown': 3.3791951441902723e-12}",(laughs) That poor orc!
MATT,02:03:57,02:04:02,Happy,"{'Angry': 7.774256793879886e-09, 'Disgusted': 3.109300594772435e-09, 'Fearful': 7.28475835209963e-10, 'Happy': 0.9999991655349731, 'Neutral': 6.899535378579458e-07, 'Other': 5.778965084246579e-10, 'Sad': 8.329657674721602e-08, 'Surprised': 1.5261073516015244e-09, 'Unknown': 6.538689589774549e-10}",It's pretty rough. It's been a rough day for him. Do you want to stay where you are or do you want to move?
FELICIA,02:04:02,02:04:04,Neutral,"{'Angry': 1.2650541066250298e-05, 'Disgusted': 9.32588372961618e-05, 'Fearful': 2.483992648194544e-05, 'Happy': 5.7623728935141116e-05, 'Neutral': 0.9994551539421082, 'Other': 5.86281566938851e-05, 'Sad': 0.00016221300757024437, 'Surprised': 0.0001261992729268968, 'Unknown': 9.404087904840708e-06}","I'll stay where I am. Wow, that worked!"
SAM,02:04:04,02:04:12,Neutral,"{'Angry': 3.642088529636628e-14, 'Disgusted': 1.4981457973801417e-15, 'Fearful': 2.1297484082362828e-16, 'Happy': 4.982381626955461e-14, 'Neutral': 1.0, 'Other': 3.9635024765435304e-16, 'Sad': 1.1370032248613632e-13, 'Surprised': 2.349845578536458e-14, 'Unknown': 1.073563862184464e-15}","Wow, that was amazing! I turn around and sort of barf because I just saw a guy's upper half get incinerated. (laughter)"
MARY,02:04:12,02:04:15,Neutral,"{'Angry': 2.8169997445814943e-09, 'Disgusted': 9.983031068472314e-10, 'Fearful': 3.542788562516108e-10, 'Happy': 2.610572913397391e-08, 'Neutral': 1.0, 'Other': 3.119388081174179e-10, 'Sad': 1.2454316689058942e-08, 'Surprised': 3.636944911900031e-10, 'Unknown': 2.4943100918051186e-09}","Suck it up, Scanlan."
MATT,02:04:15,02:04:17,Neutral,"{'Angry': 9.122447863774141e-07, 'Disgusted': 1.4922475202183705e-06, 'Fearful': 2.240520871055196e-07, 'Happy': 2.4104738258756697e-06, 'Neutral': 0.999993085861206, 'Other': 3.7974675137775193e-07, 'Sad': 1.032845602821908e-06, 'Surprised': 1.7738487656515645e-07, 'Unknown': 2.2308068992060726e-07}","All right. Top of the round. Percy, Grog."
TALIESIN,02:04:17,02:04:23,Neutral,"{'Angry': 3.2707833837186673e-12, 'Disgusted': 1.616685843357224e-13, 'Fearful': 4.4147936581430056e-14, 'Happy': 5.370562501660903e-12, 'Neutral': 1.0, 'Other': 1.3798440302414516e-14, 'Sad': 1.0295909957935834e-11, 'Surprised': 1.0267977874206524e-12, 'Unknown': 9.615925270671857e-14}",You first or I? I'm going to start running towards Grog.
MATT,02:04:23,02:04:24,Neutral,"{'Angry': 1.2214604794280604e-07, 'Disgusted': 1.959298678855248e-08, 'Fearful': 2.056846026832204e-09, 'Happy': 4.371204795461381e-06, 'Neutral': 0.9999946355819702, 'Other': 2.3556054884465993e-09, 'Sad': 8.401962645621097e-07, 'Surprised': 2.07067518687154e-08, 'Unknown': 1.0729861443792288e-09}",Okay.
TALIESIN,02:04:24,02:04:34,Neutral,"{'Angry': 7.066361520447276e-14, 'Disgusted': 2.977055688286375e-15, 'Fearful': 4.584573238552189e-16, 'Happy': 9.840769150080975e-14, 'Neutral': 1.0, 'Other': 6.699176697691565e-16, 'Sad': 2.2573873922470539e-13, 'Surprised': 4.083803336728947e-14, 'Unknown': 2.2605174839190195e-15}","How far can I get? About that far. And while I'm running I'm just going to take-- Oh hello, where are we? There we are. I'm just going to take two pot shots at him as I'm running by."
SAM,02:04:34,02:04:37,Neutral,"{'Angry': 0.00024648456019349396, 'Disgusted': 0.00011899894889211282, 'Fearful': 2.2054449800634757e-05, 'Happy': 0.0006391250062733889, 'Neutral': 0.9978918433189392, 'Other': 8.345834794454277e-05, 'Sad': 1.3321385267772712e-05, 'Surprised': 2.1205521534284344e-06, 'Unknown': 0.0009826809400692582}",My dominated guy is not going to live to see his--
TALIESIN,02:04:37,02:04:44,Neutral,"{'Angry': 3.0270217213877737e-13, 'Disgusted': 1.6395401814081785e-14, 'Fearful': 3.361217105359959e-15, 'Happy': 4.395529621704919e-13, 'Neutral': 1.0, 'Other': 2.734422888787144e-15, 'Sad': 9.668787038369375e-13, 'Surprised': 1.705314763098681e-13, 'Unknown': 1.5323466372738417e-14}",And just because I don't really care I'm going to take the negative-- the Sharpshooter plus damage negative to that. So.
MATT,02:04:44,02:04:46,Neutral,"{'Angry': 8.15779388485538e-12, 'Disgusted': 3.6232581063048996e-13, 'Fearful': 9.342250280666708e-14, 'Happy': 1.0853718965253556e-11, 'Neutral': 1.0, 'Other': 2.0092204267539715e-14, 'Sad': 1.7943426258715256e-11, 'Surprised': 4.063961840661268e-12, 'Unknown': 6.872034544061836e-14}",Okay.
TALIESIN,02:04:46,02:04:49,Neutral,"{'Angry': 1.3891586990964766e-13, 'Disgusted': 4.311642917562619e-15, 'Fearful': 8.23623180053678e-16, 'Happy': 1.6183454858327562e-13, 'Neutral': 1.0, 'Other': 7.134012178471993e-16, 'Sad': 5.250895746856943e-13, 'Surprised': 5.233585171683132e-14, 'Unknown': 2.8304717663245717e-15}",16.
MATT,02:04:49,02:04:51,Happy,"{'Angry': 0.054156344383955, 'Disgusted': 0.0715942233800888, 'Fearful': 0.03522985428571701, 'Happy': 0.5126141309738159, 'Neutral': 0.09602105617523193, 'Other': 0.012768317945301533, 'Sad': 0.1459583193063736, 'Surprised': 0.0035438828635960817, 'Unknown': 0.06811391562223434}",16 does hit.
TALIESIN,02:04:51,02:04:56,Neutral,"{'Angry': 1.2953039682517264e-11, 'Disgusted': 1.3765990300798614e-12, 'Fearful': 2.1622754856152199e-13, 'Happy': 3.905235856915823e-11, 'Neutral': 1.0, 'Other': 1.1759541365848059e-13, 'Sad': 3.24832903630945e-11, 'Surprised': 4.095047217989034e-12, 'Unknown': 5.080836467698246e-13}",And I'll just do both right now. And--
FELICIA,02:04:56,02:04:58,Neutral,"{'Angry': 6.969062826822636e-11, 'Disgusted': 8.70879150044468e-12, 'Fearful': 1.3259193005696335e-12, 'Happy': 1.5533162256442523e-10, 'Neutral': 1.0, 'Other': 1.017141232351193e-12, 'Sad': 1.8024284842432792e-10, 'Surprised': 1.476763156205152e-11, 'Unknown': 6.044738494470625e-12}",Oh my god!
LAURA,02:04:58,02:04:59,Neutral,"{'Angry': 1.8483527597368266e-08, 'Disgusted': 7.014325120735521e-09, 'Fearful': 1.5986696411118828e-09, 'Happy': 7.003022801654879e-07, 'Neutral': 0.9999991655349731, 'Other': 6.961594634091739e-10, 'Sad': 6.695621834751364e-08, 'Surprised': 5.475937925325525e-09, 'Unknown': 2.1737521505027502e-10}",Did you get another 20?
FELICIA,02:04:59,02:05:00,Surprised,"{'Angry': 0.05409064143896103, 'Disgusted': 0.043248649686574936, 'Fearful': 0.0025108708068728447, 'Happy': 0.04637322574853897, 'Neutral': 0.20743712782859802, 'Other': 0.15826252102851868, 'Sad': 0.017436571419239044, 'Surprised': 0.4686164855957031, 'Unknown': 0.0020239471923559904}",Yes!
TALIESIN,02:05:00,02:05:01,Neutral,"{'Angry': 0.00026428859564475715, 'Disgusted': 0.00024415887310169637, 'Fearful': 6.698149809380993e-05, 'Happy': 0.005160650238394737, 'Neutral': 0.9898526072502136, 'Other': 8.963622349256184e-06, 'Sad': 0.002146983053535223, 'Surprised': 0.0022528949193656445, 'Unknown': 2.4664379907335388e-06}",I got another 20!
FELICIA,02:05:01,02:05:03,Neutral,"{'Angry': 1.7668136933934875e-05, 'Disgusted': 3.3184246603923384e-06, 'Fearful': 2.0855330262747884e-07, 'Happy': 7.288100277946796e-06, 'Neutral': 0.9999673366546631, 'Other': 3.811447015777958e-07, 'Sad': 2.5230899609596236e-06, 'Surprised': 7.513602326980617e-07, 'Unknown': 6.261084877223766e-07}",That's a very good dice. That's a very good die.
TRAVIS,02:05:03,02:05:05,Neutral,"{'Angry': 4.794244970636463e-13, 'Disgusted': 1.613521023334421e-14, 'Fearful': 3.677645956322827e-15, 'Happy': 5.442578896244776e-13, 'Neutral': 1.0, 'Other': 1.838061072025358e-15, 'Sad': 1.6536336102518367e-12, 'Surprised': 1.4292259324817647e-13, 'Unknown': 1.1060133555805974e-14}",You can spread them out over several games. You don't have to--
LAURA,02:05:05,02:05:07,Neutral,"{'Angry': 1.0493165802927251e-07, 'Disgusted': 2.4679960120010946e-07, 'Fearful': 5.33944763958516e-08, 'Happy': 1.1582669685594738e-06, 'Neutral': 0.9999972581863403, 'Other': 8.004612084278051e-08, 'Sad': 4.357773946139787e-07, 'Surprised': 1.515219949510538e-08, 'Unknown': 5.631188173538249e-07}",We have to fight dragons soon. A dragon.
TALIESIN,02:05:07,02:05:23,Neutral,"{'Angry': 0.003397158579900861, 'Disgusted': 4.835328218177892e-05, 'Fearful': 1.611169682291802e-05, 'Happy': 0.006540324073284864, 'Neutral': 0.9895181059837341, 'Other': 6.698562356177717e-05, 'Sad': 0.00032373343128710985, 'Surprised': 9.917981515172869e-06, 'Unknown': 7.930478022899479e-05}","Thank you. This is phenomenal, I know. I've got such terrible things that are going to happen to me because of all this good luck. So that's-- I'll do the first one really quickly. That's 20 points of damage for the first shot."
TRAVIS,02:05:23,02:05:27,Neutral,"{'Angry': 6.685656444460619e-06, 'Disgusted': 5.250785306998296e-06, 'Fearful': 1.916000655910466e-06, 'Happy': 0.002757507376372814, 'Neutral': 0.9970786571502686, 'Other': 1.2526273167168256e-05, 'Sad': 2.7232366846874356e-05, 'Surprised': 2.0070945083716651e-07, 'Unknown': 0.00011008061119355261}","Leave none alive, my boy."
MATT,02:05:27,02:05:46,Neutral,"{'Angry': 6.875810278127517e-14, 'Disgusted': 2.559235722987747e-15, 'Fearful': 3.92690165349708e-16, 'Happy': 9.81175657757162e-14, 'Neutral': 1.0, 'Other': 5.342924483206924e-16, 'Sad': 2.376485239066056e-13, 'Surprised': 3.3703671364210264e-14, 'Unknown': 1.8128948761294856e-15}","First shot smacks into its thigh, and you can see where once there was an actual functional thigh area is now a splintered femur that is exposed through one side of his leg. You can see it's barely keeping itself standing. It roars out (raaah!) in pain as you fire again--"
TALIESIN,02:05:46,02:05:49,Neutral,"{'Angry': 6.282709108518247e-08, 'Disgusted': 1.884274638541683e-07, 'Fearful': 1.298417799944218e-07, 'Happy': 2.1363706537158578e-07, 'Neutral': 0.9999986886978149, 'Other': 3.1359352448134814e-08, 'Sad': 4.723608526546741e-07, 'Surprised': 4.63014160345665e-08, 'Unknown': 1.9760592806505883e-07}",32 points.
MATT,02:05:49,02:05:57,Neutral,"{'Angry': 1.457201869925484e-05, 'Disgusted': 2.8476899842644343e-06, 'Fearful': 4.294529105663969e-07, 'Happy': 9.728920304041822e-06, 'Neutral': 0.999962329864502, 'Other': 1.20964614325203e-06, 'Sad': 5.043524652137421e-06, 'Surprised': 2.4355676941922866e-06, 'Unknown': 1.4167293329592212e-06}","With the final bullet in your Pepperbox's chamber, the sixth bullet, you fire the last round--"
TALIESIN,02:05:57,02:06:01,Neutral,"{'Angry': 8.870150447481961e-11, 'Disgusted': 1.3525743025599724e-11, 'Fearful': 9.973005494351428e-13, 'Happy': 9.369702347328257e-09, 'Neutral': 1.0, 'Other': 3.3408188325131927e-13, 'Sad': 3.5275568577297634e-10, 'Surprised': 7.810892210802223e-11, 'Unknown': 4.317061573673453e-13}",You're going to make me change the Sharpshooter thing by the end of this round I get the--
MATT,02:06:01,02:06:04,Neutral,"{'Angry': 2.2297597102038935e-10, 'Disgusted': 2.8271446295136116e-10, 'Fearful': 1.9681981738850496e-11, 'Happy': 4.413718723839111e-09, 'Neutral': 1.0, 'Other': 8.55961204693223e-11, 'Sad': 4.133150266483199e-09, 'Surprised': 5.025377891598737e-10, 'Unknown': 1.911015269639993e-11}","No, no, no. Sharpshooter works well for a reason."
TALIESIN,02:06:04,02:06:06,Neutral,"{'Angry': 0.002389047062024474, 'Disgusted': 0.0060468027368187904, 'Fearful': 0.0035691584926098585, 'Happy': 0.0016877345042303205, 'Neutral': 0.8971153497695923, 'Other': 0.0042111193761229515, 'Sad': 0.00038885269896127284, 'Surprised': 7.183618436101824e-05, 'Unknown': 0.08452010899782181}",It's kind of spectacular. I keep rolling 20s! I keep rolling 20s!
MATT,02:06:06,02:06:10,Neutral,"{'Angry': 5.208192140363985e-14, 'Disgusted': 2.129124039075038e-15, 'Fearful': 3.4086032518633577e-16, 'Happy': 6.786223330241398e-14, 'Neutral': 1.0, 'Other': 5.840095236158164e-16, 'Sad': 1.6779927328267746e-13, 'Surprised': 3.1824535546990176e-14, 'Unknown': 1.7316127474780157e-15}","That's what the dice does, man. It's worked poorly in your favor before."
TALIESIN,02:06:10,02:06:11,Neutral,"{'Angry': 2.755846617219504e-05, 'Disgusted': 7.739384386695747e-07, 'Fearful': 1.2261307347216643e-07, 'Happy': 5.666644028679002e-06, 'Neutral': 0.9999542236328125, 'Other': 1.7440189736817047e-08, 'Sad': 1.1340147466398776e-05, 'Surprised': 3.913916373221582e-07, 'Unknown': 3.624523348122466e-09}","Really poorly, normally!"
MATT,02:06:11,02:06:20,Neutral,"{'Angry': 4.066540437719368e-10, 'Disgusted': 2.535264533032322e-11, 'Fearful': 5.04373279253123e-12, 'Happy': 7.127342049884078e-10, 'Neutral': 1.0, 'Other': 1.3474880933284084e-12, 'Sad': 3.861640451852111e-10, 'Surprised': 7.754558106753962e-11, 'Unknown': 5.5273411715683896e-12}",It's great when it works awesomely. So with this look of confusion as this orc that's trying to do the bidding of this gnome that--
SAM,02:06:20,02:06:22,Neutral,"{'Angry': 5.4862098863850406e-08, 'Disgusted': 3.5218030713934922e-09, 'Fearful': 1.3651820784943425e-09, 'Happy': 9.57421707425965e-06, 'Neutral': 0.9999902248382568, 'Other': 4.302180833803959e-10, 'Sad': 4.989918522824155e-08, 'Surprised': 1.7600343937829166e-07, 'Unknown': 2.541346022510993e-10}",Protect our goliath!
MATT,02:06:22,02:06:40,Neutral,"{'Angry': 5.0815613923758246e-14, 'Disgusted': 1.932166432465311e-15, 'Fearful': 2.9457169515456237e-16, 'Happy': 6.82464542235521e-14, 'Neutral': 1.0, 'Other': 4.308171300088738e-16, 'Sad': 1.7144791174868862e-13, 'Surprised': 2.897253156787169e-14, 'Unknown': 1.2866583993514512e-15}","It's trying desperately to go and protect Grog but on the way there it gets its leg blown out, and then suddenly it turns and the shot enters one side of its temple and out the other and there's just this very quick (shpt) sound as it falls to the ground motionless and is no longer a living organism."
SAM,02:06:40,02:06:43,Neutral,"{'Angry': 2.8818643652006593e-11, 'Disgusted': 2.4887934595152483e-12, 'Fearful': 3.5074845588720094e-13, 'Happy': 5.000973593571878e-11, 'Neutral': 1.0, 'Other': 1.9674904338119054e-13, 'Sad': 5.219825960356417e-11, 'Surprised': 7.495914479405119e-12, 'Unknown': 9.47559196905201e-13}",Good job Percy. I sort of had that guy covered but it's all good. It's all good.
TALIESIN,02:06:43,02:06:44,Neutral,"{'Angry': 0.0018921403679996729, 'Disgusted': 0.003230655798688531, 'Fearful': 0.0003527031512930989, 'Happy': 0.009161795489490032, 'Neutral': 0.9740680456161499, 'Other': 1.1605822692217771e-05, 'Sad': 0.009609503671526909, 'Surprised': 0.001665223389863968, 'Unknown': 8.276379958260804e-06}","I'm coming, Grog!"
MATT,02:06:44,02:06:46,Neutral,"{'Angry': 2.249370481877122e-06, 'Disgusted': 2.3214263364934595e-06, 'Fearful': 5.658835675603768e-07, 'Happy': 2.7395692541176686e-06, 'Neutral': 0.9999854564666748, 'Other': 2.2147199274513696e-07, 'Sad': 5.987188615108607e-06, 'Surprised': 3.590802180042374e-07, 'Unknown': 1.5992623048077803e-07}","Grog, you're up."
TRAVIS,02:06:46,02:06:51,Neutral,"{'Angry': 0.001165293506346643, 'Disgusted': 0.11119932681322098, 'Fearful': 0.0001825374929467216, 'Happy': 0.0018990074750036001, 'Neutral': 0.8616567850112915, 'Other': 0.017351210117340088, 'Sad': 0.0022492262069135904, 'Surprised': 0.0005951632047072053, 'Unknown': 0.0037014377303421497}","For the gentleman that I'm facing right now, I would like to take my first swing."
MATT,02:06:51,02:06:53,Neutral,"{'Angry': 4.578763821427856e-07, 'Disgusted': 4.300239027088537e-07, 'Fearful': 3.3710404068187927e-07, 'Happy': 1.6566224076086655e-05, 'Neutral': 0.9999749660491943, 'Other': 2.0218055851728423e-07, 'Sad': 5.8223613450536504e-06, 'Surprised': 1.1474151051515946e-06, 'Unknown': 6.037328148522647e-08}",All right.
TRAVIS,02:06:53,02:06:55,Neutral,"{'Angry': 0.00029245493351481855, 'Disgusted': 0.0006320111569948494, 'Fearful': 0.00010958350321743637, 'Happy': 0.0017150476342067122, 'Neutral': 0.9941495656967163, 'Other': 0.00011809498391812667, 'Sad': 0.0003469485673122108, 'Surprised': 1.7160111383418553e-05, 'Unknown': 0.0026191463693976402}","Well all right, 24."
MATT,02:06:55,02:06:57,Happy,"{'Angry': 1.4984964380460042e-08, 'Disgusted': 3.21297584093827e-08, 'Fearful': 1.0165766006764443e-08, 'Happy': 0.9999996423721313, 'Neutral': 1.8302385740298632e-07, 'Other': 4.539713938100931e-09, 'Sad': 1.2890288303424313e-07, 'Surprised': 5.8538120129014715e-08, 'Unknown': 9.936638178942303e-10}",24. That hits.
TRAVIS,02:06:57,02:07:01,Neutral,"{'Angry': 3.1077991025085794e-06, 'Disgusted': 3.1141480576479807e-06, 'Fearful': 6.653708055637253e-07, 'Happy': 1.4775410818401724e-05, 'Neutral': 0.999964714050293, 'Other': 1.658145720284665e-06, 'Sad': 6.907860097271623e-06, 'Surprised': 4.311325028538704e-06, 'Unknown': 7.494010674236051e-07}",And that is 19 points of damage.
MATT,02:07:01,02:07:03,Neutral,"{'Angry': 1.5130660058204626e-09, 'Disgusted': 6.142946151754813e-10, 'Fearful': 5.4484423916978386e-11, 'Happy': 4.6345476789610984e-08, 'Neutral': 1.0, 'Other': 3.966378614439492e-11, 'Sad': 1.4599949693661074e-08, 'Surprised': 4.149849353041191e-09, 'Unknown': 8.152055419596849e-12}",Whew. All right.
TRAVIS,02:07:03,02:07:05,Neutral,"{'Angry': 8.50291538567749e-12, 'Disgusted': 4.4522399005389457e-13, 'Fearful': 9.803114131004195e-14, 'Happy': 1.3700198961408283e-11, 'Neutral': 1.0, 'Other': 3.3068996353096194e-14, 'Sad': 1.9661194547437866e-11, 'Surprised': 2.0830255922921204e-12, 'Unknown': 2.375230004000861e-13}",I'll take my second swing at him.
MATT,02:07:05,02:07:06,Neutral,"{'Angry': 1.1955396075791214e-05, 'Disgusted': 5.662427065544762e-05, 'Fearful': 8.278646419057623e-06, 'Happy': 0.017804285511374474, 'Neutral': 0.9818315505981445, 'Other': 4.058530248585157e-05, 'Sad': 5.5547596275573596e-05, 'Surprised': 6.832470535300672e-05, 'Unknown': 0.00012283022806514055}",Same guy?
TRAVIS,02:07:06,02:07:07,Neutral,"{'Angry': 1.5585465007461607e-05, 'Disgusted': 2.7446642434370006e-06, 'Fearful': 1.459541294934752e-06, 'Happy': 8.299901674035937e-05, 'Neutral': 0.9997702240943909, 'Other': 6.33007118722162e-07, 'Sad': 0.00010087708506034687, 'Surprised': 2.546489122323692e-05, 'Unknown': 7.639307142426333e-08}",Same guy.
MATT,02:07:07,02:07:08,Neutral,"{'Angry': 2.7797424991149455e-05, 'Disgusted': 4.166431608609855e-06, 'Fearful': 1.0214428129984299e-06, 'Happy': 0.0007836770382709801, 'Neutral': 0.9990772008895874, 'Other': 3.9265975715352397e-07, 'Sad': 8.951271593105048e-05, 'Surprised': 1.614904795133043e-05, 'Unknown': 3.7318201862035494e-08}","All right, go ahead and roll for that."
TRAVIS,02:07:08,02:07:10,Neutral,"{'Angry': 1.7025987730789893e-08, 'Disgusted': 1.8694672476726737e-09, 'Fearful': 1.9542388540738642e-10, 'Happy': 1.3846332969080777e-08, 'Neutral': 1.0, 'Other': 7.980458655021394e-11, 'Sad': 5.3343391925864125e-09, 'Surprised': 8.491093383966586e-10, 'Unknown': 4.5361209233263367e-10}",26.
MATT,02:07:10,02:07:11,Neutral,"{'Angry': 7.694019586779177e-06, 'Disgusted': 6.796848083467921e-06, 'Fearful': 5.885264613425534e-07, 'Happy': 0.0013280257117003202, 'Neutral': 0.9986258745193481, 'Other': 3.9252822716662195e-06, 'Sad': 1.4677480976388324e-05, 'Surprised': 7.461449627044203e-07, 'Unknown': 1.1663360055536032e-05}",That hits.
TRAVIS,02:07:11,02:07:15,Neutral,"{'Angry': 4.8325152907091606e-11, 'Disgusted': 3.8496783885677566e-12, 'Fearful': 2.1043741835896634e-12, 'Happy': 1.1702369628885378e-10, 'Neutral': 1.0, 'Other': 2.2177488252957123e-13, 'Sad': 1.1195610410963397e-10, 'Surprised': 1.861576864881087e-11, 'Unknown': 3.896469084885279e-12}",(laughs) Also 19 points of damage.
MARY,02:07:15,02:07:21,Neutral,"{'Angry': 7.237941257627611e-13, 'Disgusted': 3.65863853698644e-14, 'Fearful': 7.779905293939498e-15, 'Happy': 1.1499413617513388e-12, 'Neutral': 1.0, 'Other': 3.684919851757373e-15, 'Sad': 3.084589658350345e-12, 'Surprised': 2.1999822753457354e-13, 'Unknown': 2.851133568061888e-14}","After the Hammer, orcs are nothing."
MATT,02:07:21,02:07:50,Neutral,"{'Angry': 3.586305558078706e-11, 'Disgusted': 5.041886179391053e-12, 'Fearful': 2.2222594858040123e-12, 'Happy': 8.812313101458358e-10, 'Neutral': 1.0, 'Other': 5.951679036761415e-13, 'Sad': 2.840262192105314e-10, 'Surprised': 1.4909488921244218e-10, 'Unknown': 9.29394907388248e-13}","So, the first strike you slam into his upper torso area and it actually digs about four or five inches in. He reaches up and grabs-- drops his weapon and grabs the axe and tries to pull it out of his body. You, however, reach up with your fist and slam it down on the axe shoving it about five or six more inches. You can see his actual shoulder and arm fall away from his torso as his eyes roll back and he falls limp against the blade."
TRAVIS,02:07:50,02:08:03,Neutral,"{'Angry': 9.812299861522433e-10, 'Disgusted': 2.4225704775560075e-10, 'Fearful': 1.1157366697212012e-10, 'Happy': 4.567552114309592e-09, 'Neutral': 1.0, 'Other': 1.4639831014129356e-11, 'Sad': 2.0776602660532717e-09, 'Surprised': 9.243243392909051e-10, 'Unknown': 2.977313118268654e-10}","With my third attack, I'd like to turn to his friend, grab him by the throat and go-- It's death, or target practice for my friends. Talk."
MATT,02:08:03,02:08:07,Neutral,"{'Angry': 1.2441043204317048e-12, 'Disgusted': 5.07522626355672e-14, 'Fearful': 1.2640420055608746e-14, 'Happy': 1.5074494387132265e-12, 'Neutral': 1.0, 'Other': 4.06392474400631e-15, 'Sad': 3.686359377474968e-12, 'Surprised': 4.184606762665244e-13, 'Unknown': 3.2172598325675913e-14}",Go ahead and make an intimidation roll.
TRAVIS,02:08:07,02:08:10,Neutral,"{'Angry': 2.0608213052719648e-11, 'Disgusted': 4.647444321742578e-12, 'Fearful': 1.3490027237633706e-12, 'Happy': 3.9020044140247734e-11, 'Neutral': 1.0, 'Other': 2.7598593983074737e-13, 'Sad': 1.817802436354654e-10, 'Surprised': 1.1503280966662643e-11, 'Unknown': 1.4855483379885848e-12}",Yay. 19.
MATT,02:08:10,02:08:27,Neutral,"{'Angry': 6.78975556334116e-11, 'Disgusted': 1.5536029060458922e-11, 'Fearful': 5.330323855912145e-12, 'Happy': 1.604529287213552e-10, 'Neutral': 1.0, 'Other': 1.2669540980572713e-12, 'Sad': 9.948113444124829e-10, 'Surprised': 3.644248097733893e-11, 'Unknown': 3.2362684580788947e-12}","All right. The orc, looking at its current fate and the rather rapid destruction of its entire band-- (speaks Orcish) Anyone here speak Orcish?"
MARY,02:08:27,02:08:31,Neutral,"{'Angry': 0.00025004695635288954, 'Disgusted': 0.0005233350093476474, 'Fearful': 0.00016795637202449143, 'Happy': 0.0005605918704532087, 'Neutral': 0.9934976100921631, 'Other': 6.174905138323084e-05, 'Sad': 0.003548402339220047, 'Surprised': 0.0013734495732933283, 'Unknown': 1.6898067769943736e-05}","I speak Orc. So, my friend--"
LAURA,02:08:31,02:08:33,Sad,"{'Angry': 0.00520568760111928, 'Disgusted': 0.03473763167858124, 'Fearful': 0.0775301456451416, 'Happy': 0.015841856598854065, 'Neutral': 0.19079194962978363, 'Other': 0.0001549105072626844, 'Sad': 0.6735501289367676, 'Surprised': 0.0015941059682518244, 'Unknown': 0.0005936262896284461}",What did he say? What did he say?
MATT,02:08:33,02:08:47,Neutral,"{'Angry': 0.0002714488946367055, 'Disgusted': 0.0010752734960988164, 'Fearful': 0.00012915156548842788, 'Happy': 0.004797494038939476, 'Neutral': 0.9641205072402954, 'Other': 0.01933155208826065, 'Sad': 0.0036500771529972553, 'Surprised': 0.006358578335493803, 'Unknown': 0.00026596972020342946}","You hear him say, ""Death may come, but the rest will find you. You come into our wood. It's only a matter of time before you're eaten."""
LAURA,02:08:47,02:08:51,Neutral,"{'Angry': 0.0004298090934753418, 'Disgusted': 0.000653148046694696, 'Fearful': 5.8634785091271624e-05, 'Happy': 0.049900759011507034, 'Neutral': 0.9460518956184387, 'Other': 0.0009839647682383657, 'Sad': 0.0003941168251913041, 'Surprised': 4.485094905248843e-05, 'Unknown': 0.0014828124549239874}",Tell him we're just passing through.
MARY,02:08:51,02:09:00,Neutral,"{'Angry': 0.0006851247162558138, 'Disgusted': 0.0016755888937041163, 'Fearful': 0.00048650382086634636, 'Happy': 0.29251939058303833, 'Neutral': 0.6954518556594849, 'Other': 0.00045384414261206985, 'Sad': 0.0013152658939361572, 'Surprised': 0.000157352231326513, 'Unknown': 0.007255065720528364}","We are simply passing through. We are in search of something. If you choose to help us, we may let you live."
TRAVIS,02:09:00,02:09:02,Neutral,"{'Angry': 0.01279942411929369, 'Disgusted': 0.11204831302165985, 'Fearful': 0.00026357846218161285, 'Happy': 0.05420922860503197, 'Neutral': 0.8100463151931763, 'Other': 0.0006410896894522011, 'Sad': 0.007830759510397911, 'Surprised': 0.0015826636226847768, 'Unknown': 0.0005785977118648589}","Yeah, 'may'."
MARY,02:09:02,02:09:08,Neutral,"{'Angry': 9.608984186115777e-08, 'Disgusted': 1.629294565930195e-08, 'Fearful': 5.2202873135343e-09, 'Happy': 8.405775275832639e-08, 'Neutral': 0.9999996423721313, 'Other': 1.2226475831766948e-08, 'Sad': 1.5369720074431825e-07, 'Surprised': 5.390807356064897e-09, 'Unknown': 2.427919554293112e-08}",And it is not one of yours.
MATT,02:09:08,02:09:11,Neutral,"{'Angry': 0.0014267463702708483, 'Disgusted': 0.03295241296291351, 'Fearful': 0.0016843308694660664, 'Happy': 0.000705754675436765, 'Neutral': 0.9435093998908997, 'Other': 0.010631581768393517, 'Sad': 0.0004439446784090251, 'Surprised': 0.007696091663092375, 'Unknown': 0.000949779583606869}",Go ahead and make a persuasion roll.
MARY,02:09:11,02:09:12,Neutral,"{'Angry': 0.007789902854710817, 'Disgusted': 0.00012325256830081344, 'Fearful': 0.0011986304307356477, 'Happy': 0.0024931111838668585, 'Neutral': 0.9874924421310425, 'Other': 2.915062941610813e-05, 'Sad': 0.0003941277100238949, 'Surprised': 0.00046288641169667244, 'Unknown': 1.6593570762779564e-05}",What do I roll?
TRAVIS,02:09:12,02:09:13,Neutral,"{'Angry': 2.3608711217093514e-06, 'Disgusted': 4.928148769067775e-07, 'Fearful': 4.7682422632533417e-07, 'Happy': 4.15251679442008e-06, 'Neutral': 0.999984860420227, 'Other': 2.8242766347830184e-07, 'Sad': 3.542965259839548e-06, 'Surprised': 3.7491681723622605e-06, 'Unknown': 4.0859273298110566e-08}",20.
MARY,02:09:13,02:09:15,Neutral,"{'Angry': 1.922965786604891e-09, 'Disgusted': 4.7294506089201604e-09, 'Fearful': 8.348199354024644e-10, 'Happy': 6.972339150479456e-09, 'Neutral': 0.9999997615814209, 'Other': 8.405751650286675e-10, 'Sad': 2.4832090161908127e-07, 'Surprised': 6.062917390359246e-10, 'Unknown': 5.333083974434771e-10}",What do I add to it?
SAM,02:09:15,02:09:16,Neutral,"{'Angry': 0.005949938204139471, 'Disgusted': 0.042482469230890274, 'Fearful': 0.0002319530613021925, 'Happy': 0.00080129224807024, 'Neutral': 0.9044471383094788, 'Other': 3.586959428503178e-05, 'Sad': 0.013320986181497574, 'Surprised': 0.032727841287851334, 'Unknown': 2.514454990887316e-06}",Plus your persuasion.
TRAVIS,02:09:16,02:09:18,Neutral,"{'Angry': 1.7964564558159424e-10, 'Disgusted': 5.7665025532394054e-11, 'Fearful': 2.74251420184779e-11, 'Happy': 1.662846305094945e-09, 'Neutral': 1.0, 'Other': 8.733925908888107e-12, 'Sad': 2.7202091690270436e-09, 'Surprised': 7.877455632243624e-11, 'Unknown': 1.6260484278496357e-11}",Nine.
LAURA,02:09:18,02:09:19,Neutral,"{'Angry': 0.00798522587865591, 'Disgusted': 8.851635357132182e-05, 'Fearful': 1.3704680895898491e-05, 'Happy': 0.00015363444981630892, 'Neutral': 0.9898852109909058, 'Other': 1.1348893167451024e-06, 'Sad': 0.001862811273895204, 'Surprised': 9.433257218915969e-06, 'Unknown': 2.8109718641644577e-07}",Heck yeah!
MARY,02:09:19,02:09:20,Neutral,"{'Angry': 1.3087525019273016e-07, 'Disgusted': 4.821496091267363e-08, 'Fearful': 7.123544865095255e-09, 'Happy': 7.747814834146993e-07, 'Neutral': 0.9999986886978149, 'Other': 5.681758175057894e-09, 'Sad': 3.067397358336166e-07, 'Surprised': 1.5629089133994967e-08, 'Unknown': 1.5137402442633174e-08}",24!
TRAVIS,02:09:20,02:09:22,Neutral,"{'Angry': 9.347901341882903e-10, 'Disgusted': 5.363320343398925e-10, 'Fearful': 8.079722307874349e-11, 'Happy': 2.4670472331678184e-09, 'Neutral': 1.0, 'Other': 8.789916017271082e-11, 'Sad': 2.4649025043288475e-09, 'Surprised': 5.838242111977365e-10, 'Unknown': 1.001823832225135e-10}",Okay.
MATT,02:09:22,02:09:26,Neutral,"{'Angry': 1.0705940578503714e-09, 'Disgusted': 2.269271021093644e-10, 'Fearful': 6.983114086978048e-11, 'Happy': 3.294989614488486e-09, 'Neutral': 1.0, 'Other': 1.273407074231514e-10, 'Sad': 2.8426698772676673e-09, 'Surprised': 9.359637370698337e-11, 'Unknown': 4.798560993002354e-10}","As you're speaking to him in his own language, his--"
MARY,02:09:26,02:09:28,Neutral,"{'Angry': 3.246430787839927e-05, 'Disgusted': 0.0002835753548424691, 'Fearful': 0.0005366892437450588, 'Happy': 0.0022064964286983013, 'Neutral': 0.9380960464477539, 'Other': 0.0008708991808816791, 'Sad': 0.0001388917153235525, 'Surprised': 5.139209520166332e-07, 'Unknown': 0.0578344464302063}",(speaks Orcish)
TRAVIS,02:09:28,02:09:30,Neutral,"{'Angry': 1.696526624073158e-06, 'Disgusted': 1.9012849179489422e-06, 'Fearful': 1.8016433500633866e-07, 'Happy': 4.3135790406267915e-07, 'Neutral': 0.9999929666519165, 'Other': 2.942379921933025e-07, 'Sad': 6.615533152398712e-07, 'Surprised': 1.381513481391039e-08, 'Unknown': 1.8724418850979418e-06}",Bless you.
MATT,02:09:30,02:09:34,Neutral,"{'Angry': 3.23261621464066e-12, 'Disgusted': 1.9329939667141194e-13, 'Fearful': 5.238359049373857e-14, 'Happy': 4.922011149349759e-12, 'Neutral': 1.0, 'Other': 1.538784257079564e-14, 'Sad': 1.2053495354602539e-11, 'Surprised': 1.0850463322970016e-12, 'Unknown': 1.4143299433087148e-13}","(laughs) You guys hear these horrible guttural sounds, almost as good as Keyleth's Giant."
TRAVIS,02:09:34,02:09:35,Angry,"{'Angry': 0.9526877403259277, 'Disgusted': 0.01249208115041256, 'Fearful': 0.00011359122436260805, 'Happy': 0.0013471293495967984, 'Neutral': 0.02792292833328247, 'Other': 3.201333311153576e-05, 'Sad': 0.0049675568006932735, 'Surprised': 0.00041850513662211597, 'Unknown': 1.835613693401683e-05}",Almost.
MATT,02:09:35,02:10:08,Neutral,"{'Angry': 4.552296040127857e-13, 'Disgusted': 2.0298126447346708e-14, 'Fearful': 4.161440682608382e-15, 'Happy': 6.769098627977532e-13, 'Neutral': 1.0, 'Other': 2.2914867025365313e-15, 'Sad': 1.4285670086114366e-12, 'Surprised': 1.8226498327104934e-13, 'Unknown': 1.483675107685073e-14}","Almost. You can see a look of fear and his eyes dart about the rest of the party as they all begin stepping out of the firelight and into the darkness surrounding him. He gauges the scenario. Looks down at the dead dire wolf. He gives you another look and you still have the flaring blaze of your angry Thaumaturgy eyes. He says in Common, very broken Common-- ""Very well. I live. I serve."" You can see his blood now trickling down to the corner of his mouth."
LAURA,02:10:08,02:10:10,Neutral,"{'Angry': 0.0010926815448328853, 'Disgusted': 0.0040582758374512196, 'Fearful': 0.0009721741662360728, 'Happy': 0.2122175097465515, 'Neutral': 0.7551949620246887, 'Other': 0.00022977370826993138, 'Sad': 0.014366132207214832, 'Surprised': 0.011531771160662174, 'Unknown': 0.0003367466852068901}","What, is he going to fight with us?"
FELICIA,02:10:10,02:10:12,Neutral,"{'Angry': 1.543750727250881e-08, 'Disgusted': 1.4390272973230367e-08, 'Fearful': 2.1399515492959154e-09, 'Happy': 4.704675760081045e-08, 'Neutral': 0.9999997615814209, 'Other': 2.711407764977025e-09, 'Sad': 8.034766096898238e-08, 'Surprised': 4.723359481317857e-08, 'Unknown': 7.768935494922857e-10}",Can I see if he's truthful? Insight?
MATT,02:10:12,02:10:14,Neutral,"{'Angry': 3.1367784686153755e-05, 'Disgusted': 3.836076575680636e-05, 'Fearful': 3.407022450119257e-05, 'Happy': 0.00025482583441771567, 'Neutral': 0.9993314743041992, 'Other': 6.471317647083197e-06, 'Sad': 0.00027123893960379064, 'Surprised': 7.638655915798154e-06, 'Unknown': 2.453803608659655e-05}",Make an insight check.
FELICIA,02:10:14,02:10:15,Neutral,"{'Angry': 5.621117225018679e-07, 'Disgusted': 9.972741743524693e-09, 'Fearful': 1.699097640361913e-09, 'Happy': 6.826512617408298e-07, 'Neutral': 0.9999982118606567, 'Other': 3.245271829044327e-10, 'Sad': 4.2756764173645934e-07, 'Surprised': 1.0946920703247542e-08, 'Unknown': 1.9556073427295928e-10}","Aw, that's not my strength."
MATT,02:10:15,02:10:16,Neutral,"{'Angry': 1.1461295343906386e-06, 'Disgusted': 7.362035034930159e-07, 'Fearful': 1.194475345300816e-07, 'Happy': 2.796904846036341e-05, 'Neutral': 0.9999648332595825, 'Other': 9.929608246750377e-09, 'Sad': 3.32299873662123e-06, 'Surprised': 1.7913911278810701e-06, 'Unknown': 1.7283597886219582e-09}","You can certainly try, though!"
FELICIA,02:10:16,02:10:18,Happy,"{'Angry': 0.001293320208787918, 'Disgusted': 0.008417299948632717, 'Fearful': 0.003909028600901365, 'Happy': 0.7526702880859375, 'Neutral': 0.11166901141405106, 'Other': 0.0008776742615737021, 'Sad': 0.003454407211393118, 'Surprised': 0.00016772116941865534, 'Unknown': 0.11754128336906433}","Oh good, I rolled a four!"
SAM,02:10:18,02:10:19,Neutral,"{'Angry': 2.5901721528498456e-05, 'Disgusted': 4.203731077723205e-05, 'Fearful': 2.9617431209771894e-06, 'Happy': 3.338885653647594e-05, 'Neutral': 0.9997710585594177, 'Other': 3.9265996747417375e-06, 'Sad': 0.00011682756303343922, 'Surprised': 1.188175929200952e-06, 'Unknown': 2.695209104786045e-06}",Plus two!
FELICIA,02:10:19,02:10:20,Neutral,"{'Angry': 0.001761393854394555, 'Disgusted': 0.00021376997756306082, 'Fearful': 0.00010856098379008472, 'Happy': 0.029295938089489937, 'Neutral': 0.96247798204422, 'Other': 1.0076715625473298e-05, 'Sad': 0.002026767935603857, 'Surprised': 0.004102360922843218, 'Unknown': 3.133832706225803e-06}",Plus two!
MARY,02:10:20,02:10:22,Neutral,"{'Angry': 0.0008989031193777919, 'Disgusted': 0.0067212884314358234, 'Fearful': 1.4394871868717019e-05, 'Happy': 0.0003543205966707319, 'Neutral': 0.9913376569747925, 'Other': 3.936621578759514e-05, 'Sad': 0.00013879378093406558, 'Surprised': 0.00047038172488100827, 'Unknown': 2.490165934432298e-05}",That's a six.
MATT,02:10:22,02:10:29,Neutral,"{'Angry': 4.409466498531134e-14, 'Disgusted': 1.67502353506314e-15, 'Fearful': 2.5182408635878557e-16, 'Happy': 5.78206712652414e-14, 'Neutral': 1.0, 'Other': 4.271531831164069e-16, 'Sad': 1.3730398653981346e-13, 'Surprised': 2.6503555887501598e-14, 'Unknown': 1.2073396930717168e-15}",He looks.... constipated? That's the best way you can read it.
LAURA,02:10:29,02:10:30,Angry,"{'Angry': 0.9371138215065002, 'Disgusted': 0.05403252691030502, 'Fearful': 0.0005173861864022911, 'Happy': 0.00364932999946177, 'Neutral': 0.002389263827353716, 'Other': 0.00027050214703194797, 'Sad': 0.0003279988013673574, 'Surprised': 3.551615009200759e-05, 'Unknown': 0.0016636151121929288}",Can I try as well?
MATT,02:10:30,02:10:31,Neutral,"{'Angry': 1.0782216008919931e-08, 'Disgusted': 3.2897071733373195e-09, 'Fearful': 4.182427737475791e-09, 'Happy': 8.25579675733934e-08, 'Neutral': 0.9999996423721313, 'Other': 1.1269396527069375e-09, 'Sad': 1.9394397554606257e-07, 'Surprised': 2.8707201948918737e-08, 'Unknown': 1.220905598842137e-10}",You're welcome to.
TRAVIS,02:10:31,02:10:32,Neutral,"{'Angry': 3.4866916394094005e-05, 'Disgusted': 6.988575478317216e-06, 'Fearful': 4.375009154955478e-07, 'Happy': 2.2364827600540593e-05, 'Neutral': 0.9999247789382935, 'Other': 2.7840337679663207e-06, 'Sad': 5.24819688507705e-06, 'Surprised': 2.2466892914962955e-06, 'Unknown': 2.5467369368925574e-07}",Constipated?
MATT,02:10:32,02:10:39,Neutral,"{'Angry': 4.5355930122781274e-10, 'Disgusted': 4.310921897232589e-10, 'Fearful': 6.147854447746681e-11, 'Happy': 2.4852302438205243e-09, 'Neutral': 1.0, 'Other': 1.6327776630742363e-10, 'Sad': 3.3842704194597673e-09, 'Surprised': 1.1480753847603609e-10, 'Unknown': 2.6461433044744354e-10}","You're concerned, briefly, for the diet he usually eats. Vex, you wanna go ahead?"
LAURA,02:10:39,02:10:41,Neutral,"{'Angry': 0.0012273973552510142, 'Disgusted': 0.002095302566885948, 'Fearful': 0.0015688362764194608, 'Happy': 0.005791874136775732, 'Neutral': 0.9678506255149841, 'Other': 2.893795863201376e-05, 'Sad': 0.004389300476759672, 'Surprised': 0.01701873540878296, 'Unknown': 2.8885793653898872e-05}","16, is what I rolled."
MATT,02:10:41,02:10:50,Neutral,"{'Angry': 0.0036498333793133497, 'Disgusted': 0.0020316564477980137, 'Fearful': 0.00012140984472353011, 'Happy': 0.012360040098428726, 'Neutral': 0.9521265625953674, 'Other': 0.011769595555961132, 'Sad': 0.003868384985253215, 'Surprised': 0.00016930163837969303, 'Unknown': 0.013903242535889149}","16? Ah, there is definitely an intent for self-preservation, but there is that fight-or-flight look in the eyes as well."
TRAVIS,02:10:50,02:10:52,Neutral,"{'Angry': 2.4120871966459845e-09, 'Disgusted': 7.483579866907064e-10, 'Fearful': 1.4623846578132316e-10, 'Happy': 3.8169098104390287e-08, 'Neutral': 1.0, 'Other': 4.4392111514524046e-11, 'Sad': 3.1855602600217026e-08, 'Surprised': 1.2038413599313458e-09, 'Unknown': 3.111008672895821e-11}",Let me kill him.
LAURA,02:10:52,02:10:54,Neutral,"{'Angry': 7.694927160739606e-12, 'Disgusted': 7.299803665185289e-13, 'Fearful': 2.453845774578328e-13, 'Happy': 2.4975447057706823e-11, 'Neutral': 1.0, 'Other': 7.351329831331577e-14, 'Sad': 3.766604389499051e-11, 'Surprised': 3.2645884693455196e-12, 'Unknown': 3.3485253415552196e-13}","Well, let's find out about our dragon first."
FELICIA,02:10:54,02:10:56,Neutral,"{'Angry': 0.300394743680954, 'Disgusted': 0.012502660974860191, 'Fearful': 0.0019883920904248953, 'Happy': 0.11802501231431961, 'Neutral': 0.47189444303512573, 'Other': 0.005888397805392742, 'Sad': 0.0036448605824261904, 'Surprised': 0.0031068064272403717, 'Unknown': 0.0825546607375145}",Oh! I can cast Friend on him.
MARY,02:10:56,02:11:00,Neutral,"{'Angry': 0.024746984243392944, 'Disgusted': 0.027052732184529305, 'Fearful': 0.0030526150949299335, 'Happy': 0.38517874479293823, 'Neutral': 0.4116823673248291, 'Other': 0.009109367616474628, 'Sad': 0.10200602561235428, 'Surprised': 0.0018397769890725613, 'Unknown': 0.0353313609957695}","No, because he'll know you're casting magic and then he'll come back at you."
LAURA,02:11:00,02:11:01,Happy,"{'Angry': 0.10847888141870499, 'Disgusted': 0.0043904948979616165, 'Fearful': 0.0011930168839171529, 'Happy': 0.6794229745864868, 'Neutral': 0.19863176345825195, 'Other': 0.00018997801817022264, 'Sad': 0.005927114747464657, 'Surprised': 0.0016832846449688077, 'Unknown': 8.244351192843169e-05}",Will he?
MATT,02:11:01,02:11:04,Happy,"{'Angry': 0.012742486782371998, 'Disgusted': 0.021787656471133232, 'Fearful': 0.02230578102171421, 'Happy': 0.47502100467681885, 'Neutral': 0.32644525170326233, 'Other': 0.0023629837669432163, 'Sad': 0.015131168998777866, 'Surprised': 0.08882060647010803, 'Unknown': 0.035382967442274094}",He will.
FELICIA,02:11:04,02:11:06,Happy,"{'Angry': 0.004795088432729244, 'Disgusted': 0.0012779172975569963, 'Fearful': 0.0004833586572203785, 'Happy': 0.9653046131134033, 'Neutral': 0.010199538432061672, 'Other': 5.458586019813083e-05, 'Sad': 0.0010197815718129277, 'Surprised': 0.016829974949359894, 'Unknown': 3.5173401556676254e-05}",Is that why it never worked on Aldor?
MARY,02:11:06,02:11:10,Happy,"{'Angry': 1.263511795190908e-10, 'Disgusted': 2.502485996203063e-10, 'Fearful': 7.904487481225075e-11, 'Happy': 1.0, 'Neutral': 1.6522867518631301e-09, 'Other': 1.1179542708239509e-10, 'Sad': 6.747735703527269e-10, 'Surprised': 3.4772615342681945e-10, 'Unknown': 1.0644850279017959e-10}","Yes, and he'll come back and attack you afterwards and it can only be used for--"
LAURA,02:11:10,02:11:11,Happy,"{'Angry': 0.4386157691478729, 'Disgusted': 0.004698058124631643, 'Fearful': 0.0005990786594338715, 'Happy': 0.4688732624053955, 'Neutral': 0.07426456362009048, 'Other': 0.0006173552246764302, 'Sad': 0.001882250071503222, 'Surprised': 0.008831419050693512, 'Unknown': 0.001618258305825293}",How do you know?
MARY,02:11:11,02:11:13,Neutral,"{'Angry': 0.00020829304412472993, 'Disgusted': 0.0019821005407720804, 'Fearful': 6.0557067627087235e-06, 'Happy': 0.00022448424715548754, 'Neutral': 0.9968005418777466, 'Other': 0.0003188252740073949, 'Sad': 1.9614579287008382e-05, 'Surprised': 0.000383519334718585, 'Unknown': 5.654261985910125e-05}","Friends! Well, I can cast Friends."
MATT,02:11:13,02:11:19,Neutral,"{'Angry': 0.0003774873330257833, 'Disgusted': 3.435593316680752e-05, 'Fearful': 7.1388612923328765e-06, 'Happy': 0.0011173641541972756, 'Neutral': 0.9979490637779236, 'Other': 1.1354813068464864e-05, 'Sad': 0.00045125471660867333, 'Surprised': 4.3800449930131435e-05, 'Unknown': 8.207192877307534e-06}","Friends, however, has to be on something that's not hostile, and you get the feeling that even though he's currently docile, he's probably a little hostile."
FELICIA,02:11:19,02:11:22,Happy,"{'Angry': 0.00276933959685266, 'Disgusted': 0.013550671748816967, 'Fearful': 0.009614075534045696, 'Happy': 0.46065714955329895, 'Neutral': 0.2478373497724533, 'Other': 0.0007477049366571009, 'Sad': 0.0034838609863072634, 'Surprised': 0.0015944003826007247, 'Unknown': 0.25974541902542114}","Okay, okay. I guess we'll just go without."
MARY,02:11:22,02:11:27,Neutral,"{'Angry': 1.404882432609611e-09, 'Disgusted': 3.4830296979926345e-10, 'Fearful': 7.595554740724708e-11, 'Happy': 1.412742900441799e-08, 'Neutral': 1.0, 'Other': 6.745468072999472e-11, 'Sad': 3.0510896031898938e-09, 'Surprised': 2.542466515098596e-10, 'Unknown': 5.684341886080801e-10}",Suggestion only works-- but Mass Suggestion works for a long time.
LAURA,02:11:27,02:11:29,Happy,"{'Angry': 0.0018088959623128176, 'Disgusted': 0.0010303034214302897, 'Fearful': 0.0001870330743258819, 'Happy': 0.9894998669624329, 'Neutral': 0.0017515550134703517, 'Other': 2.4631630367366597e-05, 'Sad': 0.0002484747383277863, 'Surprised': 0.0053946031257510185, 'Unknown': 5.4747397371102124e-05}",Why don't we just ask him?
SAM,02:11:29,02:11:31,Neutral,"{'Angry': 0.018922172486782074, 'Disgusted': 0.005607645493000746, 'Fearful': 0.003261898411437869, 'Happy': 0.01390775479376316, 'Neutral': 0.9250498414039612, 'Other': 6.639546336373314e-05, 'Sad': 0.015324815176427364, 'Surprised': 0.017787374556064606, 'Unknown': 7.219005055958405e-05}","Yeah! We got him! We can kill him in a second if we have to, so--"
MARY,02:11:31,02:11:33,Neutral,"{'Angry': 1.622625973141112e-06, 'Disgusted': 1.0323071819584584e-06, 'Fearful': 6.062370516701776e-08, 'Happy': 0.000321374973282218, 'Neutral': 0.9996644258499146, 'Other': 3.5872605508302513e-07, 'Sad': 1.0357966857554857e-05, 'Surprised': 7.823612691026938e-07, 'Unknown': 2.9182933403149036e-08}",You know we can kill you.
LAURA,02:11:33,02:11:35,Neutral,"{'Angry': 0.2001468390226364, 'Disgusted': 0.18036457896232605, 'Fearful': 0.001034451532177627, 'Happy': 0.1864853948354721, 'Neutral': 0.4172813892364502, 'Other': 0.000846731592901051, 'Sad': 0.010543723590672016, 'Surprised': 0.0023466013371944427, 'Unknown': 0.0009503368055447936}",There's a dragon. Where is it?
MARY,02:11:35,02:11:42,Neutral,"{'Angry': 1.4989076646543253e-08, 'Disgusted': 9.44972953220713e-08, 'Fearful': 1.1454385884235307e-07, 'Happy': 3.758772777473496e-07, 'Neutral': 0.9999974966049194, 'Other': 2.837804835564839e-08, 'Sad': 1.75243076228071e-06, 'Surprised': 6.347803171991018e-09, 'Unknown': 1.0890667567764467e-07}","We are looking for a dragon. Specifically, a white dragon, and we know it is to the north--"
SAM,02:11:42,02:11:43,Neutral,"{'Angry': 0.010957659222185612, 'Disgusted': 0.01733613759279251, 'Fearful': 0.005902510602027178, 'Happy': 0.012904821895062923, 'Neutral': 0.9060516953468323, 'Other': 0.00012948077346663922, 'Sad': 0.0345146469771862, 'Surprised': 0.012184103950858116, 'Unknown': 1.8918171917903237e-05}",West.
MARY,02:11:43,02:11:45,Neutral,"{'Angry': 0.002064074156805873, 'Disgusted': 0.0014117390383034945, 'Fearful': 0.0025341217406094074, 'Happy': 0.03916872292757034, 'Neutral': 0.943603515625, 'Other': 0.00011196444393135607, 'Sad': 0.007139371242374182, 'Surprised': 0.0035055160988122225, 'Unknown': 0.00046100563486106694}",-- west.
MATT,02:11:45,02:12:12,Neutral,"{'Angry': 6.44260306995742e-14, 'Disgusted': 2.643094949381238e-15, 'Fearful': 4.155442259973723e-16, 'Happy': 9.061090907539621e-14, 'Neutral': 1.0, 'Other': 5.96619514859828e-16, 'Sad': 2.027685473953572e-13, 'Surprised': 3.752722891009301e-14, 'Unknown': 1.979677145751515e-15}","""This beast, I see-- in the sky. Takes those who do not hide. Look for the tallest mountain that way."" And points up the north area, a little ways off the road and in the direction you're travelling. ""It... takes refuge top of the mountain. There is no path. Just hiding."""
MARY,02:12:12,02:12:14,Neutral,"{'Angry': 1.5019541166338968e-11, 'Disgusted': 2.1143965484721194e-12, 'Fearful': 3.966783498898785e-13, 'Happy': 6.699168303425651e-11, 'Neutral': 1.0, 'Other': 2.2917336973439506e-13, 'Sad': 6.263563973041286e-11, 'Surprised': 8.386208394384198e-12, 'Unknown': 7.113071525018111e-13}",How tall is the mountain?
MATT,02:12:14,02:12:16,Neutral,"{'Angry': 9.21994578675367e-05, 'Disgusted': 2.663338091224432e-05, 'Fearful': 1.0949577699648216e-05, 'Happy': 0.004341391380876303, 'Neutral': 0.9954280853271484, 'Other': 5.61337901672232e-06, 'Sad': 5.25969298905693e-05, 'Surprised': 9.099742783291731e-06, 'Unknown': 3.3344407711410895e-05}","""High."""
LAURA,02:12:16,02:12:20,Neutral,"{'Angry': 3.950268592594307e-14, 'Disgusted': 1.5181374690012377e-15, 'Fearful': 2.294319233651709e-16, 'Happy': 5.038478247359861e-14, 'Neutral': 1.0, 'Other': 4.2170024969977974e-16, 'Sad': 1.3070564053828393e-13, 'Surprised': 2.3685692418355143e-14, 'Unknown': 1.1245747273669598e-15}",Do you know of a secret passageway to get up to it?
MATT,02:12:20,02:12:26,Neutral,"{'Angry': 1.0165017265417742e-11, 'Disgusted': 9.465549004328278e-13, 'Fearful': 3.130642446669274e-13, 'Happy': 2.925790512642301e-11, 'Neutral': 1.0, 'Other': 8.603136107156184e-14, 'Sad': 4.180606555381772e-11, 'Surprised': 4.904131354482866e-12, 'Unknown': 7.373985319927834e-13}","""Only fools would try to scale a dragon's mountain."""
LAURA,02:12:26,02:12:29,Neutral,"{'Angry': 1.0538794867898105e-06, 'Disgusted': 4.181567874184111e-06, 'Fearful': 3.5126536204188596e-06, 'Happy': 4.418825847096741e-05, 'Neutral': 0.9998688697814941, 'Other': 2.252325884910533e-06, 'Sad': 1.4283930795500055e-05, 'Surprised': 8.375279492156551e-08, 'Unknown': 6.166137609397992e-05}","Yeah, well we're pretty stupid. Do you know of a path?"
MATT,02:12:29,02:12:36,Neutral,"{'Angry': 3.7168155220257404e-09, 'Disgusted': 4.371292217086875e-09, 'Fearful': 6.953215780924893e-09, 'Happy': 1.3344821248040262e-08, 'Neutral': 0.9999998807907104, 'Other': 4.460482261325893e-10, 'Sad': 8.779188931384851e-08, 'Surprised': 6.214411207849935e-09, 'Unknown': 2.931791198701461e-10}",He gives you a look of momentary indifference and kind of... no.
FELICIA,02:12:36,02:12:39,Neutral,"{'Angry': 1.2857025166734815e-10, 'Disgusted': 8.712715965364382e-11, 'Fearful': 2.5974963499542092e-11, 'Happy': 5.335099029224466e-10, 'Neutral': 1.0, 'Other': 1.0186270230083672e-11, 'Sad': 2.92229085374629e-09, 'Surprised': 4.440955589379847e-11, 'Unknown': 1.7098565618933748e-11}",I don't believe him. I do not believe him.
SAM,02:12:39,02:12:40,Neutral,"{'Angry': 0.003059758571907878, 'Disgusted': 0.033339161425828934, 'Fearful': 0.06294217705726624, 'Happy': 0.048295825719833374, 'Neutral': 0.5083174109458923, 'Other': 0.0029061040841042995, 'Sad': 0.24638664722442627, 'Surprised': 0.09464481472969055, 'Unknown': 0.00010814020060934126}",He's giving you sass.
LAURA,02:12:40,02:12:42,Neutral,"{'Angry': 2.858913973613486e-11, 'Disgusted': 3.57451676764875e-12, 'Fearful': 9.277159119039369e-13, 'Happy': 8.316126953733516e-11, 'Neutral': 1.0, 'Other': 3.246554500929699e-13, 'Sad': 8.367821713317625e-11, 'Surprised': 1.5703998865190805e-11, 'Unknown': 1.2749271039932952e-12}",He is giving me sass!
MARY,02:12:42,02:12:44,Neutral,"{'Angry': 3.424210134189698e-12, 'Disgusted': 2.0043068225082672e-13, 'Fearful': 4.782105429961686e-14, 'Happy': 5.082399345129884e-12, 'Neutral': 1.0, 'Other': 1.786628638545014e-14, 'Sad': 1.110309934271303e-11, 'Surprised': 9.573108365051874e-13, 'Unknown': 1.378442715874173e-13}",Yes. Can we-- what do we roll to--
SAM,02:12:44,02:12:48,Neutral,"{'Angry': 2.3850574293327043e-10, 'Disgusted': 1.2592454856630297e-11, 'Fearful': 1.9035784233623065e-12, 'Happy': 1.2365830581728687e-09, 'Neutral': 1.0, 'Other': 5.074221750243912e-13, 'Sad': 2.746509686346599e-10, 'Surprised': 2.1812411252208896e-11, 'Unknown': 1.675466948340698e-12}","While they're talking, I'm going to loot the other bodies."
MATT,02:12:48,02:13:05,Happy,"{'Angry': 1.0091009698953712e-06, 'Disgusted': 1.6989786217891378e-06, 'Fearful': 1.119636067414831e-06, 'Happy': 0.9999839067459106, 'Neutral': 2.321646206837613e-06, 'Other': 1.188482201541774e-06, 'Sad': 6.401381597243017e-06, 'Surprised': 1.97087979358912e-06, 'Unknown': 3.362003724305396e-07}","Okay. As you glance around the corpses, you find not too much on them, though it looks like they've gathered from raiding other people they're passing on the road, or just scavenging about. You find 274 gold."
FELICIA,02:13:05,02:13:09,Neutral,"{'Angry': 0.001006313250400126, 'Disgusted': 0.00043182290391996503, 'Fearful': 5.77898790652398e-05, 'Happy': 0.3874410390853882, 'Neutral': 0.608020544052124, 'Other': 0.00021724271937273443, 'Sad': 0.001004110206849873, 'Surprised': 2.0851271983701736e-05, 'Unknown': 0.00180028413888067}","Vex, can you do your detect dragon? Here?"
LAURA,02:13:09,02:13:11,Disgusted,"{'Angry': 0.0007077616755850613, 'Disgusted': 0.8995628356933594, 'Fearful': 0.00048263842472806573, 'Happy': 0.0022818429861217737, 'Neutral': 0.08647602796554565, 'Other': 0.0006737744552083313, 'Sad': 0.002527161967009306, 'Surprised': 0.007175053469836712, 'Unknown': 0.00011297418677713722}",I can actually!
FELICIA,02:13:11,02:13:13,Happy,"{'Angry': 0.0006837697583250701, 'Disgusted': 0.02691647596657276, 'Fearful': 0.00118433334864676, 'Happy': 0.7262657284736633, 'Neutral': 0.1712070107460022, 'Other': 0.0011068732710555196, 'Sad': 0.003971031866967678, 'Surprised': 0.06841132044792175, 'Unknown': 0.0002535109524615109}","Because I'm not quite there, at a thousand feet, but--"
LAURA,02:13:13,02:13:23,Happy,"{'Angry': 1.8447430193191394e-05, 'Disgusted': 3.275999688412412e-06, 'Fearful': 2.5735928943504405e-07, 'Happy': 0.890856146812439, 'Neutral': 0.109090656042099, 'Other': 1.4896289712851285e-07, 'Sad': 2.2342006559483707e-05, 'Surprised': 8.689807145856321e-06, 'Unknown': 3.9231956350249675e-08}","I can most definitely detect the dragon. So, you're saying that we need to not be out in the open, because the dragon is attracted to things that are not hidden?"
MATT,02:13:23,02:13:28,Neutral,"{'Angry': 3.6618844205804635e-06, 'Disgusted': 4.312894361646613e-06, 'Fearful': 9.538758831695304e-07, 'Happy': 0.001958932261914015, 'Neutral': 0.997995138168335, 'Other': 7.365696887973172e-07, 'Sad': 3.391358404769562e-05, 'Surprised': 1.2158467370682047e-06, 'Unknown': 1.2050555824316689e-06}","""Hungry, it will take you. But that's your choice."""
MARY,02:13:28,02:13:32,Happy,"{'Angry': 1.5578379475300608e-08, 'Disgusted': 4.82886868269361e-08, 'Fearful': 4.051003088534344e-08, 'Happy': 0.999998927116394, 'Neutral': 3.123378178315761e-07, 'Other': 1.2187002518260215e-08, 'Sad': 5.263771640784398e-07, 'Surprised': 5.7640093586996954e-08, 'Unknown': 1.3738696402754158e-08}",Have you ever seen it up close?
MATT,02:13:32,02:13:33,Happy,"{'Angry': 0.0002502538845874369, 'Disgusted': 0.0006987408851273358, 'Fearful': 5.303544458001852e-05, 'Happy': 0.9238526821136475, 'Neutral': 0.07313431799411774, 'Other': 3.4006185160251334e-05, 'Sad': 0.0009284785483032465, 'Surprised': 0.0010441815247759223, 'Unknown': 4.387009994388791e-06}","""No."""
SAM,02:13:33,02:13:35,Neutral,"{'Angry': 4.966393589711515e-06, 'Disgusted': 2.9673799417651026e-06, 'Fearful': 2.2916842681297567e-06, 'Happy': 5.213165877648862e-06, 'Neutral': 0.9999080896377563, 'Other': 2.0550311319311731e-07, 'Sad': 7.541765080532059e-05, 'Surprised': 6.867366550977749e-07, 'Unknown': 1.1676943501015558e-07}",Would you like to?
LAURA,02:13:35,02:13:37,Unknown,"{'Angry': 0.0012594934087246656, 'Disgusted': 0.00635684747248888, 'Fearful': 0.006936746183782816, 'Happy': 0.19918881356716156, 'Neutral': 0.34011775255203247, 'Other': 0.002175078494474292, 'Sad': 0.006593174301087856, 'Surprised': 7.505577377742156e-05, 'Unknown': 0.437296986579895}",You want to come with us?
MATT,02:13:37,02:13:39,Neutral,"{'Angry': 0.005898141302168369, 'Disgusted': 0.030131595209240913, 'Fearful': 0.002177619142457843, 'Happy': 0.008774855174124241, 'Neutral': 0.9279495477676392, 'Other': 0.00034020369639620185, 'Sad': 0.010674686171114445, 'Surprised': 0.013752165250480175, 'Unknown': 0.00030118966242298484}","""No!"""
LAURA,02:13:39,02:13:41,Neutral,"{'Angry': 0.0022560255602002144, 'Disgusted': 0.004313502926379442, 'Fearful': 0.0018378599779680371, 'Happy': 0.0032612159848213196, 'Neutral': 0.975292980670929, 'Other': 0.0002620264422148466, 'Sad': 0.0013351475354284048, 'Surprised': 0.003652330953627825, 'Unknown': 0.007788991089910269}",Then stop giving us sass!
MATT,02:13:41,02:13:53,Happy,"{'Angry': 0.03145989030599594, 'Disgusted': 0.02621607854962349, 'Fearful': 0.01317580882459879, 'Happy': 0.5519730448722839, 'Neutral': 0.2179948091506958, 'Other': 0.0050940802320837975, 'Sad': 0.010822515934705734, 'Surprised': 0.08130765706300735, 'Unknown': 0.06195606291294098}","""You say you'll keep me alive but you walk towards death. One or the other way, I end up at the bottom."""
MARY,02:13:53,02:13:54,Happy,"{'Angry': 0.08487603813409805, 'Disgusted': 0.001722273649647832, 'Fearful': 0.000275638944003731, 'Happy': 0.8781523108482361, 'Neutral': 0.03163871169090271, 'Other': 0.0001688440825091675, 'Sad': 0.0022942940704524517, 'Surprised': 0.0008640814921818674, 'Unknown': 7.792312317178585e-06}",We talk towards glory.
LAURA,02:13:54,02:13:59,Neutral,"{'Angry': 6.5706693558320595e-12, 'Disgusted': 5.340160822223106e-13, 'Fearful': 1.7411063096915008e-13, 'Happy': 1.0902601738083106e-11, 'Neutral': 1.0, 'Other': 5.398862306109538e-14, 'Sad': 2.994807873912819e-11, 'Surprised': 3.81596273676954e-12, 'Unknown': 1.915260891506218e-13}",Did you see how fast we killed your friends? We're pretty amazing.
MATT,02:13:59,02:14:04,Other,"{'Angry': 0.0013905048836022615, 'Disgusted': 0.00251360097900033, 'Fearful': 0.00018269648717250675, 'Happy': 0.00021810716134496033, 'Neutral': 0.00016704095469322056, 'Other': 0.994094967842102, 'Sad': 0.0010160243837162852, 'Surprised': 7.860623009037226e-05, 'Unknown': 0.00033841058029793203}","""Then go. Go and see your dragon."""
MARY,02:14:04,02:14:13,Neutral,"{'Angry': 2.675054747669492e-05, 'Disgusted': 3.4659766242839396e-05, 'Fearful': 7.812981493771076e-06, 'Happy': 0.000976887415163219, 'Neutral': 0.9980999827384949, 'Other': 7.105479016900063e-05, 'Sad': 4.746753620565869e-05, 'Surprised': 0.0006916297134011984, 'Unknown': 4.3743784772232175e-05}",Do you know of any more information on this dragon? That's all? Any weaknesses? Anything?
MATT,02:14:13,02:14:20,Happy,"{'Angry': 0.0008709499379619956, 'Disgusted': 0.0008307571988552809, 'Fearful': 0.00017726562509778887, 'Happy': 0.9928274750709534, 'Neutral': 0.0014758188044652343, 'Other': 0.0008756103343330324, 'Sad': 0.0002486269804649055, 'Surprised': 0.0004065389512106776, 'Unknown': 0.0022869843523949385}","He gives you a look like, he's on empty. He's given you everything he's gonna give you."
TRAVIS,02:14:20,02:14:24,Neutral,"{'Angry': 4.459770480025327e-06, 'Disgusted': 4.004027232440421e-06, 'Fearful': 3.9700816500953806e-07, 'Happy': 3.51116614183411e-06, 'Neutral': 0.9999736547470093, 'Other': 1.7191331380672636e-07, 'Sad': 8.421504276157066e-07, 'Surprised': 1.2921153029310517e-05, 'Unknown': 3.783907231991179e-08}","Well, now you're on empty, I take my greataxe and I chop off his head."
ALL,02:14:24,02:14:25,Neutral,"{'Angry': 0.005034419242292643, 'Disgusted': 0.005837706848978996, 'Fearful': 0.00023452281311620027, 'Happy': 0.00268360017798841, 'Neutral': 0.9838846325874329, 'Other': 4.21359327447135e-05, 'Sad': 0.001003826386295259, 'Surprised': 0.0012462547747418284, 'Unknown': 3.287428990006447e-05}",Oh!
TALIESIN,02:14:25,02:14:27,Neutral,"{'Angry': 0.0003621357027441263, 'Disgusted': 0.0036859086249023676, 'Fearful': 8.507703023497015e-05, 'Happy': 0.0064515359699726105, 'Neutral': 0.9819716811180115, 'Other': 0.001175883924588561, 'Sad': 0.00015542315668426454, 'Surprised': 0.0016056799795478582, 'Unknown': 0.0045066112652421}",Guys...
SAM,02:14:27,02:14:29,Angry,"{'Angry': 0.5575901865959167, 'Disgusted': 0.11092391610145569, 'Fearful': 0.0074470811523497105, 'Happy': 0.14413827657699585, 'Neutral': 0.09589216113090515, 'Other': 0.0005775696481578052, 'Sad': 0.07506410777568817, 'Surprised': 0.008171167224645615, 'Unknown': 0.00019558494386728853}",No. Wait. Stop.
FELICIA,02:14:29,02:14:31,Happy,"{'Angry': 0.04320551082491875, 'Disgusted': 0.0024751198943704367, 'Fearful': 0.0010424505453556776, 'Happy': 0.8138485550880432, 'Neutral': 0.11958346515893936, 'Other': 0.0004446111270226538, 'Sad': 0.007403616327792406, 'Surprised': 0.011605855077505112, 'Unknown': 0.00039085798198357224}",Now this is just not right!
MATT,02:14:31,02:14:44,Neutral,"{'Angry': 1.997814580434465e-09, 'Disgusted': 1.371099900282502e-10, 'Fearful': 3.346178889529483e-11, 'Happy': 9.813038559514098e-08, 'Neutral': 0.9999998807907104, 'Other': 1.1922409240416876e-11, 'Sad': 3.869353726315694e-09, 'Surprised': 8.380187099810144e-10, 'Unknown': 2.2848656994201022e-11}","As the whole group gasps, Grog just shoves him back and (whoosh whoom, pff pff). The head rolls, hits a patch of snow and stops. The body falls back and you see kind of dark blood begin to pour out of the rest of the body and into the snow."
SAM,02:14:44,02:14:45,Neutral,"{'Angry': 0.00012006812903564423, 'Disgusted': 3.345411460031755e-05, 'Fearful': 1.6339358808181714e-06, 'Happy': 0.10584624111652374, 'Neutral': 0.8938829898834229, 'Other': 2.336307943551219e-06, 'Sad': 5.295136361382902e-05, 'Surprised': 5.960236376267858e-05, 'Unknown': 7.550059422101185e-07}",Grog.
TRAVIS,02:14:45,02:14:46,Neutral,"{'Angry': 2.0696485080407e-05, 'Disgusted': 6.096058314142283e-06, 'Fearful': 6.320504326140508e-06, 'Happy': 0.0003467065398581326, 'Neutral': 0.9995810389518738, 'Other': 4.458127875750506e-07, 'Sad': 3.2222447771346197e-05, 'Surprised': 6.037334060238209e-06, 'Unknown': 4.94692017127818e-07}",What.
SAM,02:14:46,02:14:48,Neutral,"{'Angry': 0.00048263403004966676, 'Disgusted': 0.0005182219902053475, 'Fearful': 9.104986384045333e-05, 'Happy': 0.0074285175651311874, 'Neutral': 0.9842491745948792, 'Other': 0.00030049908673390746, 'Sad': 0.00036890231422148645, 'Surprised': 1.4350234778248705e-05, 'Unknown': 0.006546749733388424}",You should have checked with our leader before you did that.
LAURA,02:14:48,02:14:49,Neutral,"{'Angry': 1.7319284895123133e-09, 'Disgusted': 2.3959181860711e-10, 'Fearful': 3.015292876495934e-11, 'Happy': 3.167118833857785e-08, 'Neutral': 1.0, 'Other': 4.9371296981237656e-12, 'Sad': 3.958371852519349e-09, 'Surprised': 4.5627343570053824e-10, 'Unknown': 1.2681394996605366e-11}",Yes. Most definitely.
FELICIA,02:14:49,02:14:52,Neutral,"{'Angry': 0.27838364243507385, 'Disgusted': 0.006937663070857525, 'Fearful': 0.0007045009988360107, 'Happy': 0.10438083112239838, 'Neutral': 0.5869977474212646, 'Other': 0.0030406725127249956, 'Sad': 0.004758568946272135, 'Surprised': 0.00014207736239768565, 'Unknown': 0.014654312282800674}",Okay. I think we're going to have to have a talk circle. Right now.
MARY,02:14:52,02:14:58,Neutral,"{'Angry': 8.756716185498448e-11, 'Disgusted': 3.422905708871937e-11, 'Fearful': 9.391964636562555e-12, 'Happy': 2.4407981191743033e-10, 'Neutral': 1.0, 'Other': 7.696351368713383e-12, 'Sad': 8.963217390522971e-10, 'Surprised': 2.1610819037065632e-11, 'Unknown': 2.0491879026973692e-11}","Okay. Before that, do any of the orc have any iron on them at all?"
MATT,02:14:58,02:15:15,Neutral,"{'Angry': 4.2227591620758176e-05, 'Disgusted': 0.0002148715138901025, 'Fearful': 2.6222109227092005e-05, 'Happy': 0.09757564216852188, 'Neutral': 0.9000558853149414, 'Other': 0.0004616598889697343, 'Sad': 0.0005622959579341114, 'Surprised': 0.0006868204800412059, 'Unknown': 0.0003743732231669128}","Looking around, there are bits and pieces of, whether it be iron weapons-- you can see, scavenged a few-- like some of the axes that were being used have an iron or similar type metal that is crafted in those, though it's usually pretty beaten and not very well maintained."
MARY,02:15:15,02:15:18,Happy,"{'Angry': 1.495578635513084e-05, 'Disgusted': 3.348667814861983e-05, 'Fearful': 1.3312383998709265e-05, 'Happy': 0.9909303784370422, 'Neutral': 0.008627179078757763, 'Other': 4.3850045585713815e-06, 'Sad': 7.798608567100018e-05, 'Surprised': 8.704548122295819e-07, 'Unknown': 0.00029749618261121213}","It doesn't matter, I just want the iron. Whatever I can, I--"
MATT,02:15:18,02:15:21,Neutral,"{'Angry': 4.249182339322033e-08, 'Disgusted': 1.5575108136545168e-07, 'Fearful': 5.208392295230624e-08, 'Happy': 2.0521608234957966e-07, 'Neutral': 0.9999990463256836, 'Other': 6.840741662017535e-08, 'Sad': 2.9405407531157834e-07, 'Surprised': 3.006009308137436e-08, 'Unknown': 4.528272512516196e-08}",I'll say you can harvest the iron blades from three axes.
MARY,02:15:21,02:15:22,Neutral,"{'Angry': 0.0007066353573463857, 'Disgusted': 0.1906588226556778, 'Fearful': 2.9165488740545698e-05, 'Happy': 0.20202231407165527, 'Neutral': 0.6050583124160767, 'Other': 0.00019005250942427665, 'Sad': 0.0005410156445577741, 'Surprised': 0.0004913760349154472, 'Unknown': 0.000302384898532182}",Thank you.
MATT,02:15:22,02:15:25,Neutral,"{'Angry': 2.7496340408106335e-05, 'Disgusted': 2.466637124598492e-05, 'Fearful': 6.895311344123911e-06, 'Happy': 0.00010759432188933715, 'Neutral': 0.9993226528167725, 'Other': 2.2448281015385874e-05, 'Sad': 0.00018499196448829025, 'Surprised': 2.703452253172145e-07, 'Unknown': 0.00030298533965833485}","They're in relatively poor condition, but you can mark that."
TRAVIS,02:15:25,02:15:27,Disgusted,"{'Angry': 0.018886839970946312, 'Disgusted': 0.5743323564529419, 'Fearful': 0.0020656303968280554, 'Happy': 0.026012994349002838, 'Neutral': 0.356416255235672, 'Other': 0.005391580518335104, 'Sad': 0.009679955430328846, 'Surprised': 0.004024009685963392, 'Unknown': 0.0031902987975627184}","Sorry, Lyra."
SAM,02:15:27,02:15:28,Neutral,"{'Angry': 2.9507321031019274e-08, 'Disgusted': 3.3515203945455596e-09, 'Fearful': 5.336409092393524e-10, 'Happy': 5.372775717660261e-07, 'Neutral': 0.9999994039535522, 'Other': 1.7426693421640493e-10, 'Sad': 4.0190045069721236e-08, 'Surprised': 1.1666136501276014e-08, 'Unknown': 1.7011288211410402e-10}",All right. Are we doing a talk circle?
FELICIA,02:15:28,02:15:37,Sad,"{'Angry': 0.05526130273938179, 'Disgusted': 0.017114728689193726, 'Fearful': 0.009754297323524952, 'Happy': 0.042353786528110504, 'Neutral': 0.4050443768501282, 'Other': 0.015270144678652287, 'Sad': 0.4442530870437622, 'Surprised': 0.0037470627576112747, 'Unknown': 0.007201193831861019}","I think we need to discuss the fact that that was just very inappropriate and I am here as a leader and I think that that was just not right, we are better than that."
LAURA,02:15:37,02:15:39,Neutral,"{'Angry': 1.0942576622596789e-08, 'Disgusted': 1.0438905295728773e-09, 'Fearful': 1.205304189788592e-10, 'Happy': 3.047892249696815e-08, 'Neutral': 1.0, 'Other': 1.5277241971478617e-10, 'Sad': 4.690767774206961e-09, 'Surprised': 9.228182107356986e-10, 'Unknown': 7.852090505577891e-11}",We are. But here's the thing--
SAM,02:15:39,02:15:40,Neutral,"{'Angry': 4.676569369621575e-05, 'Disgusted': 6.42378581687808e-05, 'Fearful': 2.8874042072857264e-06, 'Happy': 0.0010253670625388622, 'Neutral': 0.9985467791557312, 'Other': 2.1867519990337314e-06, 'Sad': 0.0002080989070236683, 'Surprised': 0.00010333829413866624, 'Unknown': 4.283679686523101e-07}","You did kill one of them too, though."
FELICIA,02:15:40,02:15:41,Happy,"{'Angry': 2.7306385163683444e-05, 'Disgusted': 0.0006877045379951596, 'Fearful': 1.9379252989892848e-05, 'Happy': 0.9982243180274963, 'Neutral': 0.0001991733006434515, 'Other': 2.4383880372624844e-05, 'Sad': 0.0005811159498989582, 'Surprised': 0.00023480619711335748, 'Unknown': 1.8094940514856717e-06}",Yes--
MARY,02:15:41,02:15:44,Neutral,"{'Angry': 2.3160990281212435e-07, 'Disgusted': 5.812848868913534e-08, 'Fearful': 1.4955990224052584e-08, 'Happy': 5.772535587311722e-05, 'Neutral': 0.9999411106109619, 'Other': 4.6432464984036415e-08, 'Sad': 7.532927952524915e-07, 'Surprised': 3.109952118052206e-08, 'Unknown': 8.165175557905968e-08}","Lyra, we are going to kill-- we are on our way to kill something."
FELICIA,02:15:44,02:15:46,Neutral,"{'Angry': 1.3257798059385095e-07, 'Disgusted': 3.276875304436544e-08, 'Fearful': 6.139722064091302e-09, 'Happy': 6.668591936431767e-07, 'Neutral': 0.9999990463256836, 'Other': 1.2293932982743172e-08, 'Sad': 8.661340444859889e-08, 'Surprised': 9.354407914941021e-09, 'Unknown': 1.0889389834289886e-08}","Well, it's-- we had a deal."
LAURA,02:15:46,02:15:49,Neutral,"{'Angry': 0.0006509821978397667, 'Disgusted': 0.0027294615283608437, 'Fearful': 0.005061851814389229, 'Happy': 0.13449394702911377, 'Neutral': 0.7823977470397949, 'Other': 0.0005012818146497011, 'Sad': 0.004940691404044628, 'Surprised': 4.2382405808893964e-05, 'Unknown': 0.06918162107467651}","Well, he probably would've led his friends to us to kill us."
FELICIA,02:15:49,02:16:00,Neutral,"{'Angry': 0.00011892682232428342, 'Disgusted': 0.0001123651018133387, 'Fearful': 2.243070957774762e-05, 'Happy': 0.001021824893541634, 'Neutral': 0.9984052777290344, 'Other': 4.438617543200962e-05, 'Sad': 0.0001392178819514811, 'Surprised': 3.8437363400589675e-05, 'Unknown': 9.719149966258556e-05}","As a leader I choose not to pursue this any more, but I will register my disapproval, and I think we should just proceed, I'm very, I'm very vexed."
TALIESIN,02:16:00,02:16:02,Neutral,"{'Angry': 6.350040348479524e-05, 'Disgusted': 0.00015786262520123273, 'Fearful': 5.924058768869145e-06, 'Happy': 0.00012260994117241353, 'Neutral': 0.9993333220481873, 'Other': 8.110439375741407e-05, 'Sad': 5.028654413763434e-05, 'Surprised': 2.0714940092148026e-06, 'Unknown': 0.00018325696873944253}","That's very fair, that's very fair."
FELICIA,02:16:02,02:16:03,Neutral,"{'Angry': 1.994966851270874e-06, 'Disgusted': 1.115592681344424e-06, 'Fearful': 4.696952942140342e-07, 'Happy': 3.3141895983135328e-06, 'Neutral': 0.9999052286148071, 'Other': 2.25190390779062e-07, 'Sad': 8.70140574988909e-05, 'Surprised': 1.9184999189292284e-07, 'Unknown': 4.089323226708075e-07}",Thank you.
MARY,02:16:03,02:16:05,Disgusted,"{'Angry': 0.06282040476799011, 'Disgusted': 0.8186007738113403, 'Fearful': 0.0029723041225224733, 'Happy': 0.001270068809390068, 'Neutral': 0.06134214997291565, 'Other': 3.3381835237378255e-05, 'Sad': 0.05264206603169441, 'Surprised': 0.00011169263598276302, 'Unknown': 0.0002071528579108417}","Scanlan, can't you sing a song to make her feel better."
SAM,02:16:05,02:16:06,Neutral,"{'Angry': 0.0029279557056725025, 'Disgusted': 0.022582367062568665, 'Fearful': 0.0009510232484899461, 'Happy': 0.006335733458399773, 'Neutral': 0.6663262844085693, 'Other': 7.47461526771076e-05, 'Sad': 0.0055158683098852634, 'Surprised': 0.29527226090431213, 'Unknown': 1.377867920382414e-05}",I could sing a song to make her feel better.
MARY,02:16:06,02:16:08,Neutral,"{'Angry': 0.00027263580705039203, 'Disgusted': 0.0005790549912489951, 'Fearful': 0.00013672770000994205, 'Happy': 0.00037430517841130495, 'Neutral': 0.996220052242279, 'Other': 4.5081298594595864e-05, 'Sad': 0.00046510854735970497, 'Surprised': 2.0676989151979797e-06, 'Unknown': 0.001904892735183239}",But you don't want to.
LAURA,02:16:08,02:16:10,Neutral,"{'Angry': 0.004357136320322752, 'Disgusted': 0.00855671614408493, 'Fearful': 0.0014525068691000342, 'Happy': 0.016611047089099884, 'Neutral': 0.934496283531189, 'Other': 0.0010202794801443815, 'Sad': 0.008200104348361492, 'Surprised': 0.00012412738578859717, 'Unknown': 0.02518174797296524}",(sings) Scanlan make you feel good.
SAM,02:16:10,02:16:12,Neutral,"{'Angry': 9.534971923130797e-08, 'Disgusted': 4.685419163763527e-09, 'Fearful': 1.0349826551347974e-09, 'Happy': 1.8850826677407895e-08, 'Neutral': 0.9999997615814209, 'Other': 7.911820643080603e-10, 'Sad': 1.1830406521085024e-07, 'Surprised': 2.8639211002712273e-09, 'Unknown': 3.470224385626608e-10}","At least she's not talking about Aldor, so I'm okay with it."
FELICIA,02:16:12,02:16:15,Happy,"{'Angry': 0.02934122271835804, 'Disgusted': 0.004235974978655577, 'Fearful': 0.01850992813706398, 'Happy': 0.5222429633140564, 'Neutral': 0.3572700619697571, 'Other': 0.00015046699263621122, 'Sad': 0.06533303111791611, 'Surprised': 0.002766320249065757, 'Unknown': 0.00015006372996140271}","Oh, did you want to, we haven't talked yet."
SAM,02:16:15,02:16:16,Happy,"{'Angry': 0.03310379385948181, 'Disgusted': 0.0025212415494024754, 'Fearful': 0.0008560105343349278, 'Happy': 0.9423075318336487, 'Neutral': 0.013740663416683674, 'Other': 0.00017857023340184242, 'Sad': 0.004173507913947105, 'Surprised': 0.0031095908489078283, 'Unknown': 9.218480045092292e-06}",I-- we should go.
TALIESIN,02:16:16,02:16:18,Angry,"{'Angry': 0.9978499412536621, 'Disgusted': 0.00022569413704331964, 'Fearful': 0.00015365000581368804, 'Happy': 7.725109026068822e-05, 'Neutral': 0.0013392973924055696, 'Other': 1.5115447240532376e-05, 'Sad': 0.00016836925351526588, 'Surprised': 0.00016805483028292656, 'Unknown': 2.6158215860050404e-06}",You should write a song about Aldor.
TRAVIS,02:16:18,02:16:23,Neutral,"{'Angry': 0.033102862536907196, 'Disgusted': 0.027742544189095497, 'Fearful': 0.0068132164888083935, 'Happy': 0.3011894226074219, 'Neutral': 0.4829391837120056, 'Other': 0.004999695345759392, 'Sad': 0.014805921353399754, 'Surprised': 0.0006659080390818417, 'Unknown': 0.1277412474155426}","I go over and I pick up the orc's head and I walk it over to Lyra and I go, here, I'm sorry, you can keep this. It won't happen without me asking again."
FELICIA,02:16:23,02:16:24,Happy,"{'Angry': 0.005309775937348604, 'Disgusted': 0.053281642496585846, 'Fearful': 0.0009511075331829488, 'Happy': 0.6330865025520325, 'Neutral': 0.2925855219364166, 'Other': 0.0014996378449723125, 'Sad': 0.0033557151909917593, 'Surprised': 0.0067491973750293255, 'Unknown': 0.0031809702049940825}","No, that's quite all right, it's--"
TRAVIS,02:16:24,02:16:27,Neutral,"{'Angry': 7.565014675492421e-05, 'Disgusted': 5.000074452254921e-05, 'Fearful': 8.853824692778289e-05, 'Happy': 0.0011271742405369878, 'Neutral': 0.9972212314605713, 'Other': 1.4471194845100399e-05, 'Sad': 0.0013139069778844714, 'Surprised': 3.0388999221031554e-05, 'Unknown': 7.863475912017748e-05}","No, really, look, it's still got stuff in it."
MATT,02:16:27,02:16:29,Neutral,"{'Angry': 7.542425919382367e-06, 'Disgusted': 1.3787244824925438e-05, 'Fearful': 7.427920536429156e-06, 'Happy': 0.00037972352583892643, 'Neutral': 0.9994632601737976, 'Other': 4.407067081046989e-06, 'Sad': 4.572848411044106e-05, 'Surprised': 8.089716061476793e-07, 'Unknown': 7.728881610091776e-05}","As he shakes it, you see spattering across the--"
FELICIA,02:16:29,02:16:32,Angry,"{'Angry': 0.9610430002212524, 'Disgusted': 0.0030815214850008488, 'Fearful': 0.0018867113394662738, 'Happy': 0.0006104115745984018, 'Neutral': 0.03225436434149742, 'Other': 3.802368610195117e-06, 'Sad': 0.000981441349722445, 'Surprised': 0.00012125651119276881, 'Unknown': 1.749614966684021e-05}","No, okay-- that's quite-- I think we should just proceed-- we should proceed, everyone."
LAURA,02:16:32,02:16:36,Neutral,"{'Angry': 1.190510801052369e-09, 'Disgusted': 2.2186830150872083e-10, 'Fearful': 1.908272498352126e-11, 'Happy': 5.378666401156806e-10, 'Neutral': 1.0, 'Other': 1.3940890976338327e-11, 'Sad': 2.772691409802519e-09, 'Surprised': 1.7305078203744273e-10, 'Unknown': 2.601889710629468e-11}",I'm gonna try to see if there's a dragon within--
TALIESIN,02:16:36,02:16:37,Neutral,"{'Angry': 0.011598587967455387, 'Disgusted': 0.01626410335302353, 'Fearful': 0.00030595195130445063, 'Happy': 0.02033936232328415, 'Neutral': 0.9149789214134216, 'Other': 0.00020366495300550014, 'Sad': 0.0044565023854374886, 'Surprised': 0.03182503208518028, 'Unknown': 2.784519710985478e-05}","And I say we could just cut out the tongue, it's not--"
TRAVIS,02:16:37,02:16:39,Neutral,"{'Angry': 0.0004159215313848108, 'Disgusted': 0.0006828522891737521, 'Fearful': 0.0006595467566512525, 'Happy': 0.005319223273545504, 'Neutral': 0.9864524602890015, 'Other': 8.938666724134237e-05, 'Sad': 0.000466861150925979, 'Surprised': 0.00021811264741700143, 'Unknown': 0.005695721134543419}",Just the tongue?
TRAVIS,02:16:39,02:16:41,Neutral,"{'Angry': 0.007452588528394699, 'Disgusted': 0.016360027715563774, 'Fearful': 0.00022845013882033527, 'Happy': 0.040123313665390015, 'Neutral': 0.9320837259292603, 'Other': 0.00033914155210368335, 'Sad': 0.0019625099375844, 'Surprised': 0.0012462080921977758, 'Unknown': 0.0002040764084085822}",I rip the tongue out of the head.
FELICIA,02:16:41,02:16:42,Neutral,"{'Angry': 0.01521968375891447, 'Disgusted': 0.30529260635375977, 'Fearful': 0.0006406235625036061, 'Happy': 0.031958017498254776, 'Neutral': 0.4736003279685974, 'Other': 0.12966057658195496, 'Sad': 0.02324110083281994, 'Surprised': 0.01942879892885685, 'Unknown': 0.0009582233033142984}","That's a good idea, Vex."
MARY,02:16:42,02:16:43,Surprised,"{'Angry': 0.009057875722646713, 'Disgusted': 0.044557370245456696, 'Fearful': 0.0013125690165907145, 'Happy': 0.010570245794951916, 'Neutral': 0.3280171751976013, 'Other': 0.0014656044077128172, 'Sad': 0.0014149481430649757, 'Surprised': 0.60340416431427, 'Unknown': 0.00019997106574010104}",Do we need the pelt of the dire wolf?
TRAVIS,02:16:43,02:16:46,Neutral,"{'Angry': 0.00021702892263419926, 'Disgusted': 0.0027045942842960358, 'Fearful': 0.0015362879494205117, 'Happy': 0.09406726062297821, 'Neutral': 0.7932145595550537, 'Other': 0.0011152670485898852, 'Sad': 0.0010220999829471111, 'Surprised': 2.216413849964738e-05, 'Unknown': 0.10610069334506989}",I put the orc tongue in the bag of holding. And the orc head. Both.
MARY,02:16:46,02:16:47,Happy,"{'Angry': 0.00026680543669499457, 'Disgusted': 0.0005787929403595626, 'Fearful': 0.00023134368530008942, 'Happy': 0.6186074018478394, 'Neutral': 0.3671726882457733, 'Other': 0.00034322819556109607, 'Sad': 0.002158809918910265, 'Surprised': 1.0965515684802085e-05, 'Unknown': 0.01063001248985529}",Just asking.
MATT,02:16:47,02:16:48,Neutral,"{'Angry': 1.587072688380431e-06, 'Disgusted': 1.5015014014352346e-06, 'Fearful': 2.3579866947898154e-08, 'Happy': 4.982500468031503e-05, 'Neutral': 0.999945878982544, 'Other': 1.2920510528147133e-07, 'Sad': 8.788719583208149e-07, 'Surprised': 1.2745866229124658e-07, 'Unknown': 2.0601707007017467e-08}",All right.
TALIESIN,02:16:48,02:16:49,Neutral,"{'Angry': 1.3548868992074858e-05, 'Disgusted': 1.4703684882988455e-06, 'Fearful': 1.6232411326200236e-07, 'Happy': 1.1421357157814782e-06, 'Neutral': 0.9999809265136719, 'Other': 1.0086453272606377e-07, 'Sad': 1.814968641156156e-06, 'Surprised': 7.627371019225393e-07, 'Unknown': 2.765662898696064e-08}","With the lip, now we-- you're slowly--"
TRAVIS,02:16:49,02:16:50,Neutral,"{'Angry': 1.2996564713319003e-08, 'Disgusted': 2.3351565126006335e-09, 'Fearful': 2.3534163506866435e-10, 'Happy': 4.333523051514021e-08, 'Neutral': 1.0, 'Other': 2.7061836105346515e-10, 'Sad': 9.584967486375717e-09, 'Surprised': 1.1223924012426778e-09, 'Unknown': 8.701477871575491e-10}","The lip is in my belt, baby."
MARY,02:16:50,02:16:52,Neutral,"{'Angry': 0.011721421964466572, 'Disgusted': 0.006608927622437477, 'Fearful': 0.0016038712346926332, 'Happy': 0.011277548968791962, 'Neutral': 0.9553845524787903, 'Other': 0.00020604093151632696, 'Sad': 0.004422549158334732, 'Surprised': 0.004849199205636978, 'Unknown': 0.003925894852727652}",And I would like to extract the canines from the dire wolf.
MATT,02:16:52,02:16:55,Neutral,"{'Angry': 2.1607769393194864e-11, 'Disgusted': 6.99072960977376e-13, 'Fearful': 2.5766555230601063e-13, 'Happy': 4.3163743412844013e-11, 'Neutral': 1.0, 'Other': 8.825886798746047e-14, 'Sad': 4.2160643032307377e-11, 'Surprised': 4.287637085653717e-12, 'Unknown': 2.500163433487995e-13}","From the dire wolf, all right. I would like you to go ahead and make a nature check."
MARY,02:16:55,02:16:56,Neutral,"{'Angry': 0.04426650330424309, 'Disgusted': 0.011077560484409332, 'Fearful': 0.0003527167427819222, 'Happy': 0.00429379241541028, 'Neutral': 0.9350160956382751, 'Other': 3.0156916182022542e-05, 'Sad': 0.0017590795177966356, 'Surprised': 0.0031853164546191692, 'Unknown': 1.8823780919774435e-05}",What's that?
MATT,02:16:56,02:16:59,Neutral,"{'Angry': 1.9236062395733278e-11, 'Disgusted': 1.8819034872108453e-12, 'Fearful': 4.401208943734941e-13, 'Happy': 7.255723799559632e-11, 'Neutral': 1.0, 'Other': 1.39691440381208e-13, 'Sad': 7.435045634718307e-11, 'Surprised': 6.860516928858251e-12, 'Unknown': 7.184465153874109e-13}",That's to attempt to harvest the creature's canines.
LAURA,02:16:59,02:17:01,Neutral,"{'Angry': 7.33003398636356e-05, 'Disgusted': 4.458880994206993e-06, 'Fearful': 7.965270469867392e-07, 'Happy': 0.0010521897347643971, 'Neutral': 0.9988430738449097, 'Other': 5.534704428100667e-07, 'Sad': 2.096791831718292e-05, 'Surprised': 4.404807441460434e-06, 'Unknown': 1.278613979138754e-07}",What's that? Sorry?
MARY,02:17:01,02:17:02,Neutral,"{'Angry': 0.03272967413067818, 'Disgusted': 0.009555784054100513, 'Fearful': 0.0014997971011325717, 'Happy': 0.08724382519721985, 'Neutral': 0.848137378692627, 'Other': 6.0688485973514616e-05, 'Sad': 0.011964469216763973, 'Surprised': 0.008763420395553112, 'Unknown': 4.504191019805148e-05}","Sorry, what do I do?"
MATT,02:17:02,02:17:05,Happy,"{'Angry': 0.3813866078853607, 'Disgusted': 0.04817700758576393, 'Fearful': 0.011865089647471905, 'Happy': 0.42245739698410034, 'Neutral': 0.09997446835041046, 'Other': 0.0010542485397309065, 'Sad': 0.011247234418988228, 'Surprised': 0.022756842896342278, 'Unknown': 0.0010810783132910728}",Roll a d20 and add your nature check bonus.
MARY,02:17:05,02:17:06,Neutral,"{'Angry': 5.082961962443733e-08, 'Disgusted': 1.233768287534076e-08, 'Fearful': 3.080390387211196e-09, 'Happy': 1.7259965900962015e-08, 'Neutral': 0.9999998807907104, 'Other': 3.7942315955774575e-09, 'Sad': 1.6393894952670962e-07, 'Surprised': 1.1268221911109322e-08, 'Unknown': 8.172944099271717e-09}","Oh, that sucks."
LAURA,02:17:06,02:17:07,Neutral,"{'Angry': 1.3789604963676538e-05, 'Disgusted': 8.147529115376528e-06, 'Fearful': 3.8128839605633402e-06, 'Happy': 8.892219193512574e-05, 'Neutral': 0.9998383522033691, 'Other': 1.742965764606197e-06, 'Sad': 4.043076478410512e-05, 'Surprised': 1.5216529618555796e-06, 'Unknown': 3.276720917710918e-06}",Can I Primeval Awareness the dragon?
MARY,02:17:07,02:17:08,Angry,"{'Angry': 0.4395548105239868, 'Disgusted': 0.09664591401815414, 'Fearful': 0.017781922593712807, 'Happy': 0.27422094345092773, 'Neutral': 0.1162223145365715, 'Other': 0.0005349773564375937, 'Sad': 0.03884914144873619, 'Surprised': 0.015807177871465683, 'Unknown': 0.00038282456807792187}",12.
MATT,02:17:08,02:17:27,Happy,"{'Angry': 6.68009597575292e-05, 'Disgusted': 9.785582369659096e-05, 'Fearful': 2.7742662496166304e-05, 'Happy': 0.9946529865264893, 'Neutral': 0.004578596446663141, 'Other': 4.657116369344294e-05, 'Sad': 0.0002914144715759903, 'Surprised': 0.00020684687478933483, 'Unknown': 3.1245770514942706e-05}","Okay. As you begin taking a small dagger out from the inside of your Cloak of Useful Things you break one of the tooths in the process, unfortunately. You manage to get one of them, at least, so you do have one dire wolf canine you can add to your items."
MARY,02:17:27,02:17:37,Happy,"{'Angry': 2.3262360571152385e-07, 'Disgusted': 3.4088679967680946e-07, 'Fearful': 4.8751072512231985e-08, 'Happy': 0.9999939203262329, 'Neutral': 3.3075934879889246e-06, 'Other': 4.5295684003576753e-07, 'Sad': 5.731598662350734e-07, 'Surprised': 2.7295282478689842e-08, 'Unknown': 1.0977536248901743e-06}","I would like to put my hands on the dire wolf and just thank it, for no other reason than I respect its life."
MATT,02:17:37,02:17:38,Neutral,"{'Angry': 6.874359304021027e-09, 'Disgusted': 1.140463390392199e-09, 'Fearful': 3.5069011583566123e-10, 'Happy': 2.3198023058057515e-08, 'Neutral': 1.0, 'Other': 4.5640897311516326e-11, 'Sad': 5.303953276580842e-09, 'Surprised': 1.3847885060869203e-09, 'Unknown': 1.617582595647704e-10}",Very well.
TALIESIN,02:17:38,02:17:40,Neutral,"{'Angry': 0.011786384508013725, 'Disgusted': 0.01870468631386757, 'Fearful': 0.004817493259906769, 'Happy': 0.04952631890773773, 'Neutral': 0.5372406244277954, 'Other': 0.011757436208426952, 'Sad': 0.010880889371037483, 'Surprised': 0.00023645134933758527, 'Unknown': 0.3550497591495514}",I don't think he's going to answer.
MARY,02:17:40,02:17:41,Neutral,"{'Angry': 0.005644463002681732, 'Disgusted': 0.05291465297341347, 'Fearful': 0.0010633193887770176, 'Happy': 0.005537142511457205, 'Neutral': 0.9321846961975098, 'Other': 5.8477271522860974e-05, 'Sad': 0.0022793496027588844, 'Surprised': 0.0002175157133024186, 'Unknown': 0.00010037926404038444}","You know, it's not for you, Percy."
TALIESIN,02:17:41,02:17:43,Neutral,"{'Angry': 0.004918260034173727, 'Disgusted': 0.0028750812634825706, 'Fearful': 0.0005942397401668131, 'Happy': 0.001509736175648868, 'Neutral': 0.9888575077056885, 'Other': 1.6025573131628335e-05, 'Sad': 0.0006633118609897792, 'Surprised': 0.0005371510051190853, 'Unknown': 2.8631729946937412e-05}","Oh well, I'm just saying."
LAURA,02:17:43,02:17:44,Surprised,"{'Angry': 0.006790574640035629, 'Disgusted': 0.0009161978960037231, 'Fearful': 0.0002720661286730319, 'Happy': 0.002619677921757102, 'Neutral': 0.12264447659254074, 'Other': 4.189338142168708e-05, 'Sad': 0.003470153547823429, 'Surprised': 0.8632407188415527, 'Unknown': 4.329671810410218e-06}","The dragon, then."
TALIESIN,02:17:44,02:17:45,Surprised,"{'Angry': 0.002707373583689332, 'Disgusted': 0.005617651157081127, 'Fearful': 0.005490266252309084, 'Happy': 0.018295086920261383, 'Neutral': 0.02866777963936329, 'Other': 0.0003748851013369858, 'Sad': 0.0014057582011446357, 'Surprised': 0.9373478293418884, 'Unknown': 9.342152770841494e-05}",I'm trying to be helpful.
MARY,02:17:45,02:17:46,Neutral,"{'Angry': 0.01255031581968069, 'Disgusted': 0.0004856105078943074, 'Fearful': 6.108228990342468e-05, 'Happy': 0.000416747439885512, 'Neutral': 0.9859710335731506, 'Other': 5.7457062212051824e-05, 'Sad': 0.00011664081102935597, 'Surprised': 1.401807639922481e-05, 'Unknown': 0.00032711069798097014}",I understand.
MATT,02:17:46,02:17:57,Neutral,"{'Angry': 3.2556790596771634e-11, 'Disgusted': 8.793834584130966e-12, 'Fearful': 3.1131380025944955e-12, 'Happy': 7.033025550828853e-11, 'Neutral': 1.0, 'Other': 6.675067941962209e-13, 'Sad': 6.637599914149916e-10, 'Surprised': 2.9379030458409616e-11, 'Unknown': 1.050858944133537e-12}","All right, you take a moment and concentrate and, for a six mile radius-- currently no dragon."
LAURA,02:17:57,02:17:59,Neutral,"{'Angry': 3.171501157339662e-05, 'Disgusted': 2.2617944068770157e-06, 'Fearful': 4.130894240006455e-07, 'Happy': 2.8777465558960102e-05, 'Neutral': 0.9999126195907593, 'Other': 3.1478256801165116e-07, 'Sad': 2.3315349608310498e-05, 'Surprised': 4.683019483309181e-07, 'Unknown': 1.3028245859914023e-07}","Still? It's still-- oh right, it's towards a mountain."
SAM,02:17:59,02:18:02,Neutral,"{'Angry': 6.03822115863295e-07, 'Disgusted': 1.5162839872573386e-06, 'Fearful': 1.2557853779071593e-06, 'Happy': 5.193195647734683e-06, 'Neutral': 0.9999819993972778, 'Other': 8.778356459515635e-07, 'Sad': 5.540753591048997e-06, 'Surprised': 1.5421835541928886e-07, 'Unknown': 2.8651147658820264e-06}","We've got another day's travel, it's got to be 20 miles away."
TRAVIS,02:18:02,02:18:05,Neutral,"{'Angry': 8.380483806913475e-12, 'Disgusted': 5.099350846096695e-13, 'Fearful': 1.6327440972591784e-13, 'Happy': 2.085260956963264e-11, 'Neutral': 1.0, 'Other': 2.8029558586813684e-14, 'Sad': 3.1180301396371846e-11, 'Surprised': 3.8519994485786135e-12, 'Unknown': 1.2039329223226952e-13}","Should we keep sleeping, or should we just pack it up now and go?"
SAM,02:18:05,02:18:06,Neutral,"{'Angry': 4.8256366426358e-05, 'Disgusted': 1.0739658137026709e-05, 'Fearful': 7.273465143953217e-06, 'Happy': 5.3480753194889985e-06, 'Neutral': 0.9998828172683716, 'Other': 2.9612297112180386e-06, 'Sad': 3.5070475860266015e-05, 'Surprised': 1.3566746019932907e-06, 'Unknown': 6.228549409570405e-06}",Is it nighttime?
MATT,02:18:06,02:18:08,Neutral,"{'Angry': 1.2296523891563993e-05, 'Disgusted': 1.2753041119140107e-05, 'Fearful': 5.31378791492898e-05, 'Happy': 0.00022098299814388156, 'Neutral': 0.9995521903038025, 'Other': 5.649798822560115e-06, 'Sad': 5.821746162837371e-05, 'Surprised': 8.168320346157998e-05, 'Unknown': 2.974601102323504e-06}","It's still-- it's probably like a good two, three in the morning."
SAM,02:18:08,02:18:09,Neutral,"{'Angry': 0.045473918318748474, 'Disgusted': 0.010144130326807499, 'Fearful': 0.00011391979933250695, 'Happy': 0.33096033334732056, 'Neutral': 0.595882773399353, 'Other': 0.00012313417391851544, 'Sad': 0.016034919768571854, 'Surprised': 0.0012288261204957962, 'Unknown': 3.8055874028941616e-05}","Oh, let's go back to bed."
TRAVIS,02:18:09,02:18:12,Neutral,"{'Angry': 1.766637433320284e-05, 'Disgusted': 2.3458533178200014e-05, 'Fearful': 9.082307769858744e-06, 'Happy': 0.00016129341383930296, 'Neutral': 0.9995319843292236, 'Other': 2.040969775407575e-05, 'Sad': 4.4248885387787595e-05, 'Surprised': 6.3025704548635986e-06, 'Unknown': 0.00018545064085628837}",Would you say a new day has passed? So can I try for my beard again?
MATT,02:18:12,02:18:15,Neutral,"{'Angry': 2.854242708849597e-08, 'Disgusted': 4.102136585970584e-08, 'Fearful': 1.3816966237811812e-08, 'Happy': 1.3304213553055888e-07, 'Neutral': 0.9999996423721313, 'Other': 1.755592471397449e-08, 'Sad': 8.524283856559123e-08, 'Surprised': 9.104073050991701e-09, 'Unknown': 2.8440261701234704e-08}",We will once you get a full-on rest.
TRAVIS,02:18:15,02:18:16,Surprised,"{'Angry': 1.5585723076583236e-06, 'Disgusted': 4.081209112882789e-07, 'Fearful': 5.394511504164257e-07, 'Happy': 3.829810339084361e-06, 'Neutral': 3.662021754280431e-06, 'Other': 2.4944565524265272e-08, 'Sad': 4.0954364521894604e-07, 'Surprised': 0.9999895095825195, 'Unknown': 8.931483330698597e-10}",Shit.
FELICIA,02:18:16,02:18:21,Neutral,"{'Angry': 0.02850024588406086, 'Disgusted': 0.011089312843978405, 'Fearful': 0.0005954686203040183, 'Happy': 0.07941345870494843, 'Neutral': 0.8482126593589783, 'Other': 0.008098790422081947, 'Sad': 0.002564581111073494, 'Surprised': 0.00677430210635066, 'Unknown': 0.014751116745173931}",Let's fully rest. I'm going to make a leadership decision that hopefully everybody agrees with that we need more sleepytime.
LAURA,02:18:21,02:18:27,Neutral,"{'Angry': 0.00016434703138656914, 'Disgusted': 0.00020767308888025582, 'Fearful': 7.816469587851316e-05, 'Happy': 0.0006317808292806149, 'Neutral': 0.9979623556137085, 'Other': 3.737693259608932e-05, 'Sad': 0.0007866480154916644, 'Surprised': 7.010568515397608e-05, 'Unknown': 6.159687472973019e-05}","Is it okay to keep sleeping right here, are they going to come search for us? Probably not more than one search party."
TALIESIN,02:18:27,02:18:28,Neutral,"{'Angry': 0.00012269227590877563, 'Disgusted': 0.001082975068129599, 'Fearful': 5.229112503002398e-05, 'Happy': 0.00021860210108570755, 'Neutral': 0.9942218661308289, 'Other': 1.1677155271172523e-05, 'Sad': 0.0041227941401302814, 'Surprised': 0.00016037168097682297, 'Unknown': 6.603339897992555e-06}",Probably not.
FELICIA,02:18:28,02:18:29,Neutral,"{'Angry': 1.847243247254937e-08, 'Disgusted': 1.668310645186466e-08, 'Fearful': 7.44965689136734e-09, 'Happy': 2.1833507446444855e-07, 'Neutral': 0.9999995231628418, 'Other': 8.364906101121505e-09, 'Sad': 2.225891222451537e-07, 'Surprised': 4.355153571111714e-09, 'Unknown': 3.582296415061137e-08}",Probably not.
TALIESIN,02:18:29,02:18:30,Neutral,"{'Angry': 2.1993916021756377e-08, 'Disgusted': 4.988000568140194e-10, 'Fearful': 1.1082262191264292e-10, 'Happy': 2.512700518764177e-07, 'Neutral': 0.9999997615814209, 'Other': 1.063290948344342e-11, 'Sad': 1.3630883088922019e-08, 'Surprised': 1.5783024664983714e-08, 'Unknown': 1.3506424711290377e-12}","I'm in my pyjamas, I'm going back to bed."
FELICIA,02:18:30,02:18:33,Neutral,"{'Angry': 1.3558869738777846e-13, 'Disgusted': 4.240702214164177e-15, 'Fearful': 7.943096990898116e-16, 'Happy': 1.5181448763043615e-13, 'Neutral': 1.0, 'Other': 7.447573717029286e-16, 'Sad': 4.914523107045488e-13, 'Surprised': 5.395948851584162e-14, 'Unknown': 2.8184369104517458e-15}",I think that's a good call that I agree with as the leader of this group.
MARY,02:18:33,02:18:35,Surprised,"{'Angry': 5.783822052762844e-05, 'Disgusted': 8.140325371641666e-05, 'Fearful': 2.668566412467044e-05, 'Happy': 2.212260187661741e-05, 'Neutral': 0.0003157930332235992, 'Other': 1.0425589607621077e-05, 'Sad': 1.947760392795317e-05, 'Surprised': 0.9994655251502991, 'Unknown': 6.958526910239016e-07}",Are we always going to call it sleepytime?
FELICIA,02:18:35,02:18:37,Happy,"{'Angry': 2.9834811243745207e-07, 'Disgusted': 3.2363202535634628e-06, 'Fearful': 4.763013237152336e-07, 'Happy': 0.9999003410339355, 'Neutral': 8.091108611552045e-05, 'Other': 1.0670236179066706e-06, 'Sad': 1.0467293577676173e-05, 'Surprised': 1.0418686997581972e-06, 'Unknown': 2.0878280793112935e-06}","I mean, that's."
MARY,02:18:37,02:18:41,Neutral,"{'Angry': 7.988276774995029e-05, 'Disgusted': 8.962980064097792e-05, 'Fearful': 3.256103809690103e-05, 'Happy': 0.0012934304540976882, 'Neutral': 0.9978712797164917, 'Other': 6.63401951896958e-05, 'Sad': 4.8099384002853185e-05, 'Surprised': 7.808499503880739e-05, 'Unknown': 0.00044065125985071063}","I'm just asking, I like to put labels on things. It's an OCD thing."
FELICIA,02:18:41,02:18:46,Neutral,"{'Angry': 4.498715636125361e-11, 'Disgusted': 9.965823305480015e-12, 'Fearful': 1.810685932787659e-12, 'Happy': 7.624090941904527e-11, 'Neutral': 1.0, 'Other': 1.5047749287941392e-12, 'Sad': 2.2897360396623156e-10, 'Surprised': 1.1916794807886877e-11, 'Unknown': 5.5936158482872145e-12}","Whatever you would like to call it. Or just, yeah."
MARY,02:18:46,02:18:47,Other,"{'Angry': 0.0026628354098647833, 'Disgusted': 0.2915419638156891, 'Fearful': 8.917472587199882e-05, 'Happy': 0.001069770660251379, 'Neutral': 0.006662382744252682, 'Other': 0.6941882371902466, 'Sad': 0.002398498822003603, 'Surprised': 0.00020072082406841218, 'Unknown': 0.0011863865656778216}","No, you're the leader, I shall accept whatever name--"
FELICIA,02:18:47,02:18:51,Neutral,"{'Angry': 3.1317711091105593e-06, 'Disgusted': 6.300338100118097e-07, 'Fearful': 2.0308540626956528e-07, 'Happy': 1.9211554899811745e-05, 'Neutral': 0.9999715089797974, 'Other': 3.8353681475200574e-07, 'Sad': 2.7186315492144786e-06, 'Surprised': 1.0882161660674683e-07, 'Unknown': 2.004608404604369e-06}","Yes, sleepytime is the official name for it! (laughter)"
MARY,02:18:51,02:18:53,Neutral,"{'Angry': 0.00013105760444886982, 'Disgusted': 7.332409586524591e-05, 'Fearful': 9.811623021960258e-05, 'Happy': 0.0013541965745389462, 'Neutral': 0.9973552227020264, 'Other': 1.0739227036538068e-05, 'Sad': 0.0009153297287411988, 'Surprised': 4.0457205614075065e-05, 'Unknown': 2.162294913432561e-05}",Sleepytime it is. Thank you so much.
TALIESIN,02:18:53,02:18:54,Neutral,"{'Angry': 0.002977075520902872, 'Disgusted': 0.00032162765273824334, 'Fearful': 6.533937994390726e-05, 'Happy': 0.003752366406843066, 'Neutral': 0.9916220903396606, 'Other': 4.616237674781587e-06, 'Sad': 0.00016643658454995602, 'Surprised': 0.001087319920770824, 'Unknown': 3.1075119295564946e-06}","I'm going to sleepytime, good night, all."
TRAVIS,02:18:54,02:18:56,Neutral,"{'Angry': 0.00010315686085959896, 'Disgusted': 0.00021510316582862288, 'Fearful': 1.1376516340533271e-05, 'Happy': 0.0006022250163368881, 'Neutral': 0.9987490177154541, 'Other': 3.6721638025483117e-05, 'Sad': 6.102062980062328e-05, 'Surprised': 5.391760169004556e-06, 'Unknown': 0.0002159798750653863}",Is it-- is it still my watch?
MATT,02:18:56,02:18:57,Neutral,"{'Angry': 9.345549045747248e-08, 'Disgusted': 2.4195507819513296e-08, 'Fearful': 2.456012815343911e-08, 'Happy': 3.183493504366197e-07, 'Neutral': 0.9999990463256836, 'Other': 4.445888546200649e-09, 'Sad': 3.477449013189471e-07, 'Surprised': 1.0174377251814803e-07, 'Unknown': 2.7414459591312834e-10}",It is.
SAM,02:18:57,02:18:58,Angry,"{'Angry': 0.9944061040878296, 'Disgusted': 0.0005323913064785302, 'Fearful': 9.355456313642208e-06, 'Happy': 0.0009291203459724784, 'Neutral': 0.0030763191170990467, 'Other': 1.7136700989794917e-05, 'Sad': 1.3151513485354371e-05, 'Surprised': 0.0010096346959471703, 'Unknown': 6.768308594473638e-06}",You did your job.
FELICIA,02:18:58,02:18:59,Neutral,"{'Angry': 7.60016973799793e-08, 'Disgusted': 2.3430619222608584e-08, 'Fearful': 1.30099908624004e-09, 'Happy': 5.591375042968139e-07, 'Neutral': 0.9999992847442627, 'Other': 3.2693765472657788e-09, 'Sad': 3.3102391938655273e-08, 'Surprised': 1.849227793115915e-08, 'Unknown': 7.619437303318932e-10}",You did your job.
SAM,02:18:59,02:19:00,Neutral,"{'Angry': 2.248878445243463e-05, 'Disgusted': 1.6198511730181053e-05, 'Fearful': 2.903813583543524e-05, 'Happy': 0.00010221414413535967, 'Neutral': 0.9996212720870972, 'Other': 1.0512940207263455e-06, 'Sad': 4.708920096163638e-05, 'Surprised': 0.00016041148046497256, 'Unknown': 1.3604125115307397e-07}",I'll take the next watch.
TRAVIS,02:19:00,02:19:01,Neutral,"{'Angry': 3.110180614385172e-06, 'Disgusted': 1.6376922076233313e-06, 'Fearful': 1.8992535899542418e-07, 'Happy': 3.324953286210075e-05, 'Neutral': 0.9999563694000244, 'Other': 2.3132491833166569e-07, 'Sad': 3.3378635180270066e-06, 'Surprised': 1.6602696177869802e-06, 'Unknown': 7.035157523205271e-08}",Thanks. (snores)
MARY,02:19:01,02:19:02,Neutral,"{'Angry': 2.2813894702267135e-06, 'Disgusted': 3.04063433986812e-07, 'Fearful': 1.6591162221857303e-08, 'Happy': 4.0057771002466325e-06, 'Neutral': 0.9999929666519165, 'Other': 2.670887333522387e-08, 'Sad': 3.699101966958551e-07, 'Surprised': 5.562319671525984e-08, 'Unknown': 2.2832590929056096e-08}",May I?
FELICIA,02:19:02,02:19:04,Neutral,"{'Angry': 1.7971311194742157e-07, 'Disgusted': 1.0351637058647611e-07, 'Fearful': 5.846494843808614e-08, 'Happy': 4.556856310955482e-06, 'Neutral': 0.9999943971633911, 'Other': 7.774668375759575e-08, 'Sad': 5.525026836039615e-07, 'Surprised': 5.192517349428272e-08, 'Unknown': 6.974007504823021e-08}","And we can heal up, right?"
MATT,02:19:04,02:19:13,Neutral,"{'Angry': 4.694258315396382e-09, 'Disgusted': 8.4709861347676e-10, 'Fearful': 2.911662855265007e-10, 'Happy': 5.804491109984156e-09, 'Neutral': 1.0, 'Other': 5.983535888987035e-10, 'Sad': 1.8544634272643634e-08, 'Surprised': 5.70510971797944e-10, 'Unknown': 1.3447121194332112e-09}","Yes, so the rest of you guys, you go ahead and take your full evening's rest, at which point your hit points and spells are restored. And Grog, go ahead and make a percentage roll."
TRAVIS,02:19:13,02:19:18,Neutral,"{'Angry': 2.1409364308055956e-06, 'Disgusted': 2.4422297428827733e-06, 'Fearful': 2.2422509573516436e-06, 'Happy': 0.0002477492962498218, 'Neutral': 0.9997250437736511, 'Other': 9.002936280921858e-07, 'Sad': 1.3023218343732879e-05, 'Surprised': 8.434172968918574e-07, 'Unknown': 5.57949124413426e-06}","Yeah! Come on, you big bearded bastard! 58."
MATT,02:19:18,02:19:21,Neutral,"{'Angry': 5.679909875766498e-08, 'Disgusted': 4.5627174927176384e-08, 'Fearful': 5.315595519306271e-09, 'Happy': 1.5499404071306344e-07, 'Neutral': 0.9999990463256836, 'Other': 4.734167724507188e-09, 'Sad': 5.813221832795534e-07, 'Surprised': 5.93296123341247e-09, 'Unknown': 4.4615529048996905e-09}","58, nah, unfortunately."
MATT,02:19:21,02:19:29,Neutral,"{'Angry': 0.0004416882002260536, 'Disgusted': 0.002035617595538497, 'Fearful': 0.00021568310330621898, 'Happy': 0.02043585665524006, 'Neutral': 0.9658474326133728, 'Other': 0.001233261777088046, 'Sad': 0.0028335817623883486, 'Surprised': 7.050100975902751e-05, 'Unknown': 0.006886333227157593}","But you've still got that nice scruff, a good like, y'know, half an inch to an inch of whatever that is pushing through."
TRAVIS,02:19:29,02:19:32,Neutral,"{'Angry': 0.00010831050167325884, 'Disgusted': 0.0002540145069360733, 'Fearful': 9.035736002260819e-05, 'Happy': 0.0052214255556464195, 'Neutral': 0.9906719923019409, 'Other': 0.00011129417543997988, 'Sad': 0.0002261129266116768, 'Surprised': 1.2688243259617593e-05, 'Unknown': 0.0033037406392395496}",Dire wolf blood all over my feet didn't stimulate the growth at all?
MATT,02:19:32,02:19:33,Neutral,"{'Angry': 8.92029311216902e-06, 'Disgusted': 3.074527921853587e-05, 'Fearful': 1.3735041648033075e-05, 'Happy': 2.222732473455835e-05, 'Neutral': 0.9997809529304504, 'Other': 1.7363902315992163e-06, 'Sad': 0.0001304727338720113, 'Surprised': 9.175322702503763e-06, 'Unknown': 2.043904487436521e-06}",Unfortunately no.
TRAVIS,02:19:33,02:19:34,Surprised,"{'Angry': 0.0005916840746067464, 'Disgusted': 0.00043779262341558933, 'Fearful': 0.00014966395974624902, 'Happy': 0.00034529270487837493, 'Neutral': 0.006395248696208, 'Other': 0.00018836520030163229, 'Sad': 0.00011158861889271066, 'Surprised': 0.9917727112770081, 'Unknown': 7.55897644921788e-06}",All right.
MARY,02:19:34,02:19:36,Neutral,"{'Angry': 3.85138676506358e-08, 'Disgusted': 3.698604444934972e-08, 'Fearful': 1.0633046088059928e-07, 'Happy': 1.4293195818027016e-06, 'Neutral': 0.9999971389770508, 'Other': 4.9022759185390896e-08, 'Sad': 1.1245338100707158e-06, 'Surprised': 2.5498534839130116e-08, 'Unknown': 1.3575693458278693e-07}",That blood looked quite black.
MATT,02:19:36,02:19:59,Neutral,"{'Angry': 2.0145564903761848e-12, 'Disgusted': 1.1145098244898927e-13, 'Fearful': 3.883125646118174e-14, 'Happy': 3.1549693413346347e-12, 'Neutral': 1.0, 'Other': 1.530532631514002e-14, 'Sad': 9.904803539850793e-12, 'Surprised': 8.715682797873214e-13, 'Unknown': 1.0479001021947154e-13}","Eventually you all complete your evening's rest, the rest of the watches go without incident, in the morning you wake up and the cold air was pretty rough for a lot of you. Thankfully the fire was there to help, but you're-- you get the feeling that the further north you travel, the weather's going to become an issue, even with the warm clothing you currently have on. All right. So you guys step back to where your horses are currently--"
LAURA,02:19:59,02:20:01,Disgusted,"{'Angry': 0.001464182510972023, 'Disgusted': 0.9867157340049744, 'Fearful': 0.0027206288650631905, 'Happy': 0.00042791865416802466, 'Neutral': 0.00241133663803339, 'Other': 1.9325319954077713e-05, 'Sad': 0.005627667065709829, 'Surprised': 0.0006077024736441672, 'Unknown': 5.556082214752678e-06}",Oh. Our horses are okay?
TRAVIS,02:20:01,02:20:03,Happy,"{'Angry': 0.055605001747608185, 'Disgusted': 0.04302932322025299, 'Fearful': 0.0039033161010593176, 'Happy': 0.42002758383750916, 'Neutral': 0.08480656147003174, 'Other': 0.000280723994364962, 'Sad': 0.3864266276359558, 'Surprised': 0.005734470207244158, 'Unknown': 0.00018639213521964848}","Oh shit, we forgot about those."
MATT,02:20:03,02:20:15,Happy,"{'Angry': 0.0010799431474879384, 'Disgusted': 0.0011438395595178008, 'Fearful': 5.430323290056549e-05, 'Happy': 0.867519199848175, 'Neutral': 0.12838752567768097, 'Other': 0.00041455638711340725, 'Sad': 0.000581874861381948, 'Surprised': 0.0003189779818058014, 'Unknown': 0.0004997953656129539}","Thankfully, your horses were far enough away from the area where you were, the focus was not to make any noise when they came upon you, so the orcish party knew better than to attack the horses first."
LAURA,02:20:15,02:20:16,Neutral,"{'Angry': 0.014764136634767056, 'Disgusted': 0.0038133703637868166, 'Fearful': 0.0012637556064873934, 'Happy': 0.010960073210299015, 'Neutral': 0.957237720489502, 'Other': 2.116093492077198e-05, 'Sad': 0.009335601702332497, 'Surprised': 0.0025893624406307936, 'Unknown': 1.4773149814573117e-05}","Oh, that's good."
MATT,02:20:16,02:20:23,Happy,"{'Angry': 3.704062834231081e-09, 'Disgusted': 7.1750578811702326e-09, 'Fearful': 2.2101829699749942e-08, 'Happy': 1.0, 'Neutral': 1.9685528762636295e-09, 'Other': 9.995364536052875e-09, 'Sad': 1.6864836638319503e-08, 'Surprised': 3.6692508587066186e-08, 'Unknown': 1.9887587132672024e-09}","The horses are still a little spooked from the evening's events, but nevertheless. You get back on your horses, you continue up the Glasswalk Road. You had a question?"
MARY,02:20:23,02:20:29,Happy,"{'Angry': 1.6963143934844993e-05, 'Disgusted': 9.672127634985372e-05, 'Fearful': 9.290716116083786e-05, 'Happy': 0.9948292374610901, 'Neutral': 0.0023385421372950077, 'Other': 0.00010554440814303234, 'Sad': 0.0003131086996290833, 'Surprised': 8.018158041522838e-06, 'Unknown': 0.002198815578594804}",I use Beast Speech to calm them. Tell them everything shall be fine.
TRAVIS,02:20:29,02:20:31,Neutral,"{'Angry': 1.149453657256494e-10, 'Disgusted': 7.0819934118449e-12, 'Fearful': 2.0458986067783957e-12, 'Happy': 1.5285177568102881e-09, 'Neutral': 1.0, 'Other': 1.7157287960159473e-13, 'Sad': 3.439635798407892e-10, 'Surprised': 5.301884278829938e-11, 'Unknown': 1.2183342442545486e-12}",You have just got all sorts of shit.
MARY,02:20:31,02:20:38,Neutral,"{'Angry': 0.015693720430135727, 'Disgusted': 0.10180041193962097, 'Fearful': 0.010214553214609623, 'Happy': 0.07701616734266281, 'Neutral': 0.47554224729537964, 'Other': 0.0050450763665139675, 'Sad': 0.01585397683084011, 'Surprised': 0.0030140068847686052, 'Unknown': 0.29581987857818604}",Everything will be wonderful and thank you for leading us where we need to go. We shall try and make sure that no harm comes to you.
MATT,02:20:38,02:20:50,Sad,"{'Angry': 0.0004625210422091186, 'Disgusted': 0.00032675190595909953, 'Fearful': 0.00012236545444466174, 'Happy': 0.019605230540037155, 'Neutral': 0.0029000842478126287, 'Other': 0.0013630683533847332, 'Sad': 0.9746981263160706, 'Surprised': 0.000319080165354535, 'Unknown': 0.0002027375012403354}","And immediately with that, the horses who were currently rattled, and some of them are being unresponsive to your attempts to mount them, settle down, come to a calm point and allow you all to get atop them without an issue."
TRAVIS,02:20:50,02:20:54,Happy,"{'Angry': 7.197573722805828e-05, 'Disgusted': 8.353258454008028e-05, 'Fearful': 1.3734687854594085e-05, 'Happy': 0.998030960559845, 'Neutral': 0.0012562385527417064, 'Other': 3.066694989684038e-05, 'Sad': 3.42605599144008e-05, 'Surprised': 8.039476597332396e-06, 'Unknown': 0.00047045687097124755}","Being fully asleep, I cast fart. (laughter)"
MATT,02:20:54,02:20:57,Neutral,"{'Angry': 0.0061651174910366535, 'Disgusted': 0.013226468116044998, 'Fearful': 0.00046929161180742085, 'Happy': 0.02355342172086239, 'Neutral': 0.909814178943634, 'Other': 0.0019424802158027887, 'Sad': 0.000713642337359488, 'Surprised': 7.595107308588922e-05, 'Unknown': 0.044039398431777954}",All right.
TALIESIN,02:20:57,02:21:00,Happy,"{'Angry': 0.0012873320374637842, 'Disgusted': 0.0018446282483637333, 'Fearful': 0.0010875784792006016, 'Happy': 0.9070379734039307, 'Neutral': 0.07929365336894989, 'Other': 0.0003888523788191378, 'Sad': 0.0028294618241488934, 'Surprised': 0.005502685438841581, 'Unknown': 0.0007278213743120432}","The irony is, I was going to recommend Dust of Tracelessness, but that works too."
LAURA,02:21:00,02:21:01,Happy,"{'Angry': 0.12715868651866913, 'Disgusted': 0.028716053813695908, 'Fearful': 0.005587510298937559, 'Happy': 0.4164988398551941, 'Neutral': 0.398093044757843, 'Other': 0.00012823034194298089, 'Sad': 0.02194392681121826, 'Surprised': 0.0018347990699112415, 'Unknown': 3.896568523487076e-05}","Oh, that works too. Can you--"
TALIESIN,02:21:01,02:21:03,Neutral,"{'Angry': 6.04489855504653e-07, 'Disgusted': 4.773942805513798e-07, 'Fearful': 1.3547955646231458e-08, 'Happy': 1.3495782695827074e-06, 'Neutral': 0.9999971389770508, 'Other': 1.3600929271717632e-08, 'Sad': 1.9179222476850555e-07, 'Surprised': 2.2686663214699365e-07, 'Unknown': 7.720643679931527e-09}","They would never follow that, so."
MATT,02:21:03,02:21:05,Neutral,"{'Angry': 1.0691742318158504e-06, 'Disgusted': 2.921204043104808e-07, 'Fearful': 4.761375294037862e-07, 'Happy': 2.836664634742192e-06, 'Neutral': 0.9999932050704956, 'Other': 9.277968615606369e-08, 'Sad': 1.152730419562431e-06, 'Surprised': 7.891269433457637e-07, 'Unknown': 4.205063675044585e-08}",Dust of-- Cloud of Deterrence.
TALIESIN,02:21:05,02:21:07,Neutral,"{'Angry': 3.363913037013333e-10, 'Disgusted': 3.597946246491901e-11, 'Fearful': 1.113149242920608e-11, 'Happy': 4.3797193649552923e-10, 'Neutral': 1.0, 'Other': 1.3831839319744521e-12, 'Sad': 8.273603469000079e-10, 'Surprised': 1.1697727508863665e-10, 'Unknown': 5.622249627662557e-12}","Cloud of Deterrence, thank you."
MARY,02:21:07,02:21:10,Neutral,"{'Angry': 6.384705542039626e-10, 'Disgusted': 1.2061343590552553e-10, 'Fearful': 2.1550067286213448e-11, 'Happy': 2.839344226401863e-08, 'Neutral': 1.0, 'Other': 2.7203723648727696e-11, 'Sad': 1.1681863476553644e-08, 'Surprised': 2.897441453431071e-10, 'Unknown': 1.3364058991383043e-11}","What do you want to do, my love. Dear. Whoever you are."
LAURA,02:21:10,02:21:14,Neutral,"{'Angry': 2.668674881078914e-08, 'Disgusted': 3.327596642677122e-09, 'Fearful': 1.446196939980382e-09, 'Happy': 2.4275226451209164e-07, 'Neutral': 0.9999996423721313, 'Other': 2.568385781831495e-10, 'Sad': 9.783303056565273e-08, 'Surprised': 1.9640902237938462e-08, 'Unknown': 7.352375652747156e-11}","Oh yes, Dust of Tracelessness. He's got this stuff, we can cover our tracks."
TRAVIS,02:21:14,02:21:15,Neutral,"{'Angry': 0.010750127956271172, 'Disgusted': 0.037658851593732834, 'Fearful': 0.0005009373999200761, 'Happy': 0.002629810944199562, 'Neutral': 0.9159983992576599, 'Other': 2.700235927477479e-05, 'Sad': 0.03223704546689987, 'Surprised': 0.0001806641957955435, 'Unknown': 1.7147513062809594e-05}",Should we sleep?
FELICIA,02:21:15,02:21:16,Sad,"{'Angry': 0.007883213460445404, 'Disgusted': 0.002925497479736805, 'Fearful': 0.0018052349332720041, 'Happy': 0.0062848832458257675, 'Neutral': 0.23829619586467743, 'Other': 1.754617187543772e-05, 'Sad': 0.7413935661315918, 'Surprised': 0.0013755373656749725, 'Unknown': 1.8335313143325038e-05}","We slept already, we're on the horses."
SAM,02:21:16,02:21:18,Neutral,"{'Angry': 0.0037236332427710295, 'Disgusted': 0.018442681059241295, 'Fearful': 0.001682613743469119, 'Happy': 0.15179996192455292, 'Neutral': 0.815126359462738, 'Other': 0.00030485211755149066, 'Sad': 0.007158336695283651, 'Surprised': 0.0008955480298027396, 'Unknown': 0.0008659923914819956}",It's the next day.
TRAVIS,02:21:18,02:21:19,Neutral,"{'Angry': 0.006563893519341946, 'Disgusted': 0.019534843042492867, 'Fearful': 0.0010809997329488397, 'Happy': 0.012230259366333485, 'Neutral': 0.9386114478111267, 'Other': 0.0011072758352383971, 'Sad': 0.009548168629407883, 'Surprised': 0.011267698369920254, 'Unknown': 5.5384090956067666e-05}","Oh, it is?"
LAURA,02:21:19,02:21:20,Neutral,"{'Angry': 1.8695044445848907e-06, 'Disgusted': 1.316849989052571e-07, 'Fearful': 1.994192189158639e-08, 'Happy': 1.0599209190331749e-06, 'Neutral': 0.999996542930603, 'Other': 3.381922741851895e-09, 'Sad': 1.699545606470565e-07, 'Surprised': 1.5653780849333998e-07, 'Unknown': 5.387796320199811e-10}",Yeah.
TRAVIS,02:21:20,02:21:21,Happy,"{'Angry': 0.0007041947683319449, 'Disgusted': 0.00016303120355587453, 'Fearful': 4.402239210321568e-05, 'Happy': 0.9253173470497131, 'Neutral': 0.07306686043739319, 'Other': 1.435278682038188e-05, 'Sad': 0.00014874356565997005, 'Surprised': 0.0005329868290573359, 'Unknown': 8.46829789225012e-06}",Oh. We ride.
SAM,02:21:21,02:21:22,Angry,"{'Angry': 0.9837628602981567, 'Disgusted': 0.0002959313860628754, 'Fearful': 0.00020010830485261977, 'Happy': 0.0014813300222158432, 'Neutral': 0.013104066252708435, 'Other': 2.9056960556772538e-05, 'Sad': 0.0010694313095882535, 'Surprised': 3.735224163392559e-05, 'Unknown': 1.9907103705918416e-05}",We ride!
MARY,02:21:22,02:21:23,Happy,"{'Angry': 0.1456649899482727, 'Disgusted': 0.0009394031949341297, 'Fearful': 0.0004127333522774279, 'Happy': 0.8461715579032898, 'Neutral': 0.0009038581629283726, 'Other': 0.0027437626849859953, 'Sad': 0.0027813934721052647, 'Surprised': 0.00020390581630636007, 'Unknown': 0.00017849961295723915}",And so we ride!
TRAVIS,02:21:23,02:21:26,Neutral,"{'Angry': 0.21412883698940277, 'Disgusted': 0.018122298642992973, 'Fearful': 0.014370967634022236, 'Happy': 0.0007471282151527703, 'Neutral': 0.679293692111969, 'Other': 0.00016345258336514235, 'Sad': 0.06734215468168259, 'Surprised': 0.005624811630696058, 'Unknown': 0.00020664610201492906}","And I take the Dust of Tracelessness and I, in the back."
SAM,02:21:26,02:21:28,Neutral,"{'Angry': 7.023450397658504e-12, 'Disgusted': 3.912344352565572e-13, 'Fearful': 9.65731807673828e-14, 'Happy': 9.12762313648452e-12, 'Neutral': 1.0, 'Other': 3.7007414954758414e-14, 'Sad': 1.8491659592445586e-11, 'Surprised': 1.8089529440351582e-12, 'Unknown': 2.6574131350293184e-13}",Do we ever run out of that stuff?
TRAVIS,02:21:28,02:21:30,Neutral,"{'Angry': 0.0048686726950109005, 'Disgusted': 0.01977904886007309, 'Fearful': 0.001681302790530026, 'Happy': 0.07346580922603607, 'Neutral': 0.8814262747764587, 'Other': 0.00047214384539984167, 'Sad': 0.00125637068413198, 'Surprised': 0.010153488256037235, 'Unknown': 0.006896878592669964}","No, it's an infinite supply."
SAM,02:21:30,02:21:31,Happy,"{'Angry': 0.0030323569662868977, 'Disgusted': 0.003660667920485139, 'Fearful': 0.0004709391505457461, 'Happy': 0.5350247025489807, 'Neutral': 0.18250419199466705, 'Other': 0.00017996002861764282, 'Sad': 0.0025116167962551117, 'Surprised': 0.27248507738113403, 'Unknown': 0.0001304565666941926}",Wow.
FELICIA,02:21:31,02:21:32,Neutral,"{'Angry': 3.955253305321094e-06, 'Disgusted': 6.422268938877096e-08, 'Fearful': 9.114431875900664e-09, 'Happy': 5.2095551836828236e-06, 'Neutral': 0.9999904632568359, 'Other': 3.736719378366615e-09, 'Sad': 2.699207470868714e-07, 'Surprised': 5.0167926701760734e-08, 'Unknown': 3.625041822274966e-09}",That is very convenient.
TRAVIS,02:21:32,02:21:33,Neutral,"{'Angry': 0.004457036033272743, 'Disgusted': 0.0018889401108026505, 'Fearful': 0.000749913917388767, 'Happy': 0.0005652646068483591, 'Neutral': 0.9891281723976135, 'Other': 0.00025662124971859157, 'Sad': 0.0014765348751097918, 'Surprised': 0.00010480724449735135, 'Unknown': 0.001372737344354391}","Yeah, it is, it's really nice."
MATT,02:21:33,02:21:45,Neutral,"{'Angry': 6.0785871028201655e-05, 'Disgusted': 7.648095561307855e-06, 'Fearful': 1.2248592611285858e-06, 'Happy': 2.812784441630356e-05, 'Neutral': 0.9998661279678345, 'Other': 4.450203960004728e-06, 'Sad': 1.8235048628412187e-05, 'Surprised': 5.289408591124811e-07, 'Unknown': 1.2891295227746014e-05}","(laughs) And so as you're on your warhorse, which, as you can tell the more and more you ride on it the more and more it's starting to slow. Thankfully you're keeping pace with Trinket, it's having a hard time keeping a goliath on its back for extensive riding."
TRAVIS,02:21:45,02:21:48,Neutral,"{'Angry': 1.1947558827690719e-12, 'Disgusted': 4.432647418605232e-14, 'Fearful': 1.1229849312282582e-14, 'Happy': 1.4808127597396026e-12, 'Neutral': 1.0, 'Other': 3.959197590407788e-15, 'Sad': 3.74282592766062e-12, 'Surprised': 3.5093447787494514e-13, 'Unknown': 2.94380473231555e-14}",Could I give it-- could I give it a health potion?
MATT,02:21:48,02:21:53,Neutral,"{'Angry': 4.840605694056421e-11, 'Disgusted': 8.887927720191424e-12, 'Fearful': 1.8849713456781103e-12, 'Happy': 2.0923454635557448e-10, 'Neutral': 1.0, 'Other': 1.7620138204402225e-12, 'Sad': 2.1985636922128293e-10, 'Surprised': 8.399734900688127e-12, 'Unknown': 8.299231094022197e-12}",Let's just say it's probably going to be a little sway-backed by the end of this adventure.
LAURA,02:21:53,02:21:55,Neutral,"{'Angry': 0.0006432684022001922, 'Disgusted': 0.002178352791815996, 'Fearful': 0.0014505555154755712, 'Happy': 0.004684659652411938, 'Neutral': 0.922407865524292, 'Other': 0.000826351111754775, 'Sad': 0.00042526243487372994, 'Surprised': 1.235090985574061e-05, 'Unknown': 0.06737140566110611}","Oh, poor thing."
FELICIA,02:21:55,02:21:56,Neutral,"{'Angry': 1.6051221507495939e-07, 'Disgusted': 1.941444196518205e-07, 'Fearful': 3.347517463225813e-08, 'Happy': 1.0659528015821707e-06, 'Neutral': 0.9999978542327881, 'Other': 1.6582615103288845e-07, 'Sad': 4.403887601256429e-07, 'Surprised': 1.4675579862455379e-08, 'Unknown': 1.3233780293830932e-07}",Poor little horsie.
MARY,02:21:56,02:21:58,Neutral,"{'Angry': 1.2723083273158409e-05, 'Disgusted': 1.2907245945825707e-05, 'Fearful': 2.693089982130914e-06, 'Happy': 3.145412483718246e-05, 'Neutral': 0.9997684359550476, 'Other': 2.2985659597907215e-05, 'Sad': 3.0186372896423563e-05, 'Surprised': 2.228215976174397e-07, 'Unknown': 0.0001184001230285503}",It may need to ride you.
MATT,02:21:58,02:21:59,Neutral,"{'Angry': 0.0036954544484615326, 'Disgusted': 0.0005152653902769089, 'Fearful': 3.601132630137727e-05, 'Happy': 0.00025341977016068995, 'Neutral': 0.9953027963638306, 'Other': 1.6559744153710199e-06, 'Sad': 0.00015906422049738467, 'Surprised': 3.554212162271142e-05, 'Unknown': 8.821862138574943e-07}",It's okay for now.
TALIESIN,02:21:59,02:22:01,Neutral,"{'Angry': 0.06440367549657822, 'Disgusted': 0.17247702181339264, 'Fearful': 0.0074575310572981834, 'Happy': 0.02709484100341797, 'Neutral': 0.36705443263053894, 'Other': 0.00546462694182992, 'Sad': 0.008117775432765484, 'Surprised': 0.3455709218978882, 'Unknown': 0.002359147882089019}",At some point you should give it a break with the carpet.
TRAVIS,02:22:01,02:22:03,Neutral,"{'Angry': 0.002788371639326215, 'Disgusted': 0.005036877002567053, 'Fearful': 0.0006488857325166464, 'Happy': 0.0007307504420168698, 'Neutral': 0.530441164970398, 'Other': 5.9655481891240925e-05, 'Sad': 0.4601305425167084, 'Surprised': 4.744705802295357e-05, 'Unknown': 0.00011634772818069905}",I can't ride the carpet.
SAM,02:22:03,02:22:04,Neutral,"{'Angry': 0.024675672873854637, 'Disgusted': 0.016121840104460716, 'Fearful': 0.00046096768346615136, 'Happy': 0.023024583235383034, 'Neutral': 0.9264940619468689, 'Other': 0.000857295177411288, 'Sad': 0.006235060747712851, 'Surprised': 0.001409530988894403, 'Unknown': 0.0007210235926322639}",We don't have the carpet.
LAURA,02:22:04,02:22:05,Fearful,"{'Angry': 0.061391327530145645, 'Disgusted': 0.007258186116814613, 'Fearful': 0.6512497067451477, 'Happy': 0.006460065953433514, 'Neutral': 0.017914799973368645, 'Other': 0.00031369421049021184, 'Sad': 0.2549031674861908, 'Surprised': 0.0003592330904211849, 'Unknown': 0.00014980148989707232}",Why did we--
TRAVIS,02:22:05,02:22:07,Neutral,"{'Angry': 2.542122345960962e-10, 'Disgusted': 5.913754208553001e-11, 'Fearful': 2.366396488484579e-11, 'Happy': 1.059116683244099e-09, 'Neutral': 1.0, 'Other': 8.90771657824363e-12, 'Sad': 1.9383512572801465e-09, 'Surprised': 7.206320956631984e-11, 'Unknown': 3.858472222284526e-11}",We gave the carpet to them.
LAURA,02:22:07,02:22:09,Neutral,"{'Angry': 0.0015174021245911717, 'Disgusted': 0.0015068138018250465, 'Fearful': 0.0014442488318309188, 'Happy': 0.03412637859582901, 'Neutral': 0.9400659203529358, 'Other': 0.0005888467421755195, 'Sad': 0.002271906705573201, 'Surprised': 6.713607581332326e-05, 'Unknown': 0.018411319702863693}",The other team has the carpet? Those bastards.
FELICIA,02:22:09,02:22:10,Angry,"{'Angry': 0.6113269925117493, 'Disgusted': 0.04179879277944565, 'Fearful': 0.0065892222337424755, 'Happy': 0.11897595226764679, 'Neutral': 0.16101589798927307, 'Other': 0.0004867968091275543, 'Sad': 0.050080083310604095, 'Surprised': 0.008560690097510815, 'Unknown': 0.0011655607959255576}","I don't know them, but that's very-- that is upsetting."
TRAVIS,02:22:10,02:22:12,Neutral,"{'Angry': 5.350854759278434e-10, 'Disgusted': 2.2527411880357562e-10, 'Fearful': 4.947955239975599e-11, 'Happy': 1.6626529042440552e-09, 'Neutral': 1.0, 'Other': 2.303067632436484e-11, 'Sad': 1.839616903254182e-09, 'Surprised': 6.226582027757388e-10, 'Unknown': 4.686148691313008e-11}",Yeah. That is.
MATT,02:22:12,02:22:14,Neutral,"{'Angry': 0.006897829473018646, 'Disgusted': 0.03428405523300171, 'Fearful': 0.05036801099777222, 'Happy': 0.23499689996242523, 'Neutral': 0.38660934567451477, 'Other': 0.0011964222649112344, 'Sad': 0.02376178838312626, 'Surprised': 0.011015638709068298, 'Unknown': 0.2508699893951416}",You guys continue traveling for a second day--
LAURA,02:22:14,02:22:18,Neutral,"{'Angry': 0.0005861874669790268, 'Disgusted': 0.00017720615142025054, 'Fearful': 7.093882595654577e-05, 'Happy': 0.014828328974545002, 'Neutral': 0.9825813174247742, 'Other': 0.00030594837153330445, 'Sad': 0.0003166835813317448, 'Surprised': 2.755705099843908e-05, 'Unknown': 0.001105859992094338}","Why? Because Tiberius can fly, why the hell did we give them the carpet? (laughter)"
LAURA,02:22:18,02:22:20,Neutral,"{'Angry': 3.230559514122433e-06, 'Disgusted': 3.0403341497731162e-06, 'Fearful': 5.273975034469913e-07, 'Happy': 3.111247860942967e-05, 'Neutral': 0.9999403953552246, 'Other': 2.6842781153391115e-06, 'Sad': 2.2474873730971012e-06, 'Surprised': 5.457517460172312e-08, 'Unknown': 1.6834548659971915e-05}",Sorry.
MARY,02:22:20,02:22:22,Happy,"{'Angry': 0.0006568706012330949, 'Disgusted': 0.0008657166035845876, 'Fearful': 0.005048189777880907, 'Happy': 0.8864160180091858, 'Neutral': 0.009871169924736023, 'Other': 0.0005106917233206332, 'Sad': 0.0003019733412656933, 'Surprised': 5.593304194917437e-06, 'Unknown': 0.09632370620965958}",Oh.
SAM,02:22:22,02:22:24,Neutral,"{'Angry': 0.00026365541270934045, 'Disgusted': 0.0005209037917666137, 'Fearful': 6.039545405656099e-05, 'Happy': 0.00016737665282562375, 'Neutral': 0.9985238909721375, 'Other': 0.00015923954197205603, 'Sad': 5.549163688556291e-05, 'Surprised': 4.502825959207257e-06, 'Unknown': 0.0002445537829771638}","It's all right, we don't need the crutch."
LAURA,02:22:24,02:22:26,Neutral,"{'Angry': 2.528548481706139e-10, 'Disgusted': 6.132699209571157e-11, 'Fearful': 9.329243974565138e-12, 'Happy': 4.333138292622607e-10, 'Neutral': 1.0, 'Other': 6.6940047255270585e-12, 'Sad': 6.064573288000474e-10, 'Surprised': 3.4977607615838124e-11, 'Unknown': 3.851781393837683e-11}",All right.
TRAVIS,02:22:26,02:22:27,Neutral,"{'Angry': 1.6533931557205506e-05, 'Disgusted': 3.0254041121224873e-06, 'Fearful': 4.31756745911116e-07, 'Happy': 0.0010483850492164493, 'Neutral': 0.9987397789955139, 'Other': 2.3880741650827986e-07, 'Sad': 1.5910720321699046e-05, 'Surprised': 0.00017576233949512243, 'Unknown': 1.4549711657707576e-08}",Second day.
SAM,02:22:27,02:22:28,Neutral,"{'Angry': 3.107778411504114e-06, 'Disgusted': 2.698896253150451e-07, 'Fearful': 1.0128784921903389e-08, 'Happy': 0.03693221136927605, 'Neutral': 0.9630600214004517, 'Other': 1.3543171917262953e-07, 'Sad': 4.114456714887638e-06, 'Surprised': 7.033077054074965e-08, 'Unknown': 1.1789425258257324e-07}",We're fine.
MARY,02:22:28,02:22:29,Angry,"{'Angry': 0.47744259238243103, 'Disgusted': 0.028536688536405563, 'Fearful': 0.35582756996154785, 'Happy': 0.00926261581480503, 'Neutral': 0.006139242555946112, 'Other': 0.00024463864974677563, 'Sad': 0.11557283997535706, 'Surprised': 0.006939477752894163, 'Unknown': 3.4256328945048153e-05}",Day two.
FELICIA,02:22:29,02:22:32,Neutral,"{'Angry': 0.00010881186608457938, 'Disgusted': 4.790967432199977e-05, 'Fearful': 0.009075533598661423, 'Happy': 0.012651677243411541, 'Neutral': 0.9771551489830017, 'Other': 1.8544884369475767e-05, 'Sad': 0.0005001496756449342, 'Surprised': 0.00043411224032752216, 'Unknown': 8.096693818515632e-06}","And so anyway, so, when I first met Aldor--"
FELICIA,02:22:32,02:22:38,Neutral,"{'Angry': 2.6995810031849032e-09, 'Disgusted': 2.1837899544241424e-10, 'Fearful': 7.980276162111721e-11, 'Happy': 2.4491373373791703e-09, 'Neutral': 1.0, 'Other': 1.0749389225961359e-11, 'Sad': 4.6364903028006665e-09, 'Surprised': 1.7934265184038622e-10, 'Unknown': 6.382471374327681e-12}",-- he was hired to be my bodyguard and it was so obvious that he was so capable when he walked in the room--
SAM,02:22:38,02:22:41,Neutral,"{'Angry': 1.399447777713364e-13, 'Disgusted': 4.9745351372485706e-15, 'Fearful': 8.467680377000466e-16, 'Happy': 1.769796874155627e-13, 'Neutral': 1.0, 'Other': 5.45227537790627e-16, 'Sad': 3.6757771305906406e-13, 'Surprised': 6.133298486058966e-14, 'Unknown': 2.4983306659483737e-15}",How did he react when you first told him of your feelings?
FELICIA,02:22:41,02:22:48,Neutral,"{'Angry': 9.272992790299028e-11, 'Disgusted': 2.6693437391034358e-11, 'Fearful': 6.08276666883012e-12, 'Happy': 1.7268281249371853e-10, 'Neutral': 1.0, 'Other': 2.5584053105209836e-12, 'Sad': 3.433500428418057e-10, 'Surprised': 9.611869633552317e-11, 'Unknown': 2.749242673794061e-12}","I mean, it was not a good evening, but he was paid to be there so he couldn't leave, so that was, well, that was good for me--"
SAM,02:22:48,02:22:49,Neutral,"{'Angry': 3.2126342830451904e-06, 'Disgusted': 3.7501586120924912e-06, 'Fearful': 6.679297257505823e-07, 'Happy': 5.480675827129744e-05, 'Neutral': 0.9999227523803711, 'Other': 5.039038910581439e-07, 'Sad': 5.751693606725894e-06, 'Surprised': 8.448050721199252e-06, 'Unknown': 1.3450406299853057e-07}",Always works for me.
FELICIA,02:22:49,02:22:51,Neutral,"{'Angry': 1.837337777033099e-06, 'Disgusted': 4.681901373260189e-06, 'Fearful': 6.407852652046131e-06, 'Happy': 1.0723338164098095e-05, 'Neutral': 0.9999375343322754, 'Other': 1.6061683254520176e-06, 'Sad': 8.298975444631651e-06, 'Surprised': 2.2291094126103417e-07, 'Unknown': 2.869424133677967e-05}","It's not, it didn't work today, but it could work tomorrow or the day after."
TRAVIS,02:22:51,02:22:53,Neutral,"{'Angry': 1.8862384365547769e-07, 'Disgusted': 2.736630335675727e-07, 'Fearful': 3.895963729405594e-08, 'Happy': 8.09399443824077e-06, 'Neutral': 0.9999903440475464, 'Other': 8.016550623324292e-08, 'Sad': 9.63406023402058e-07, 'Surprised': 6.901583304852466e-08, 'Unknown': 1.0316255583120437e-07}","Oh my god. Can we make an agreement. I kill you, you kill me?"
MARY,02:22:53,02:22:54,Surprised,"{'Angry': 0.009239493869245052, 'Disgusted': 0.0037354272790253162, 'Fearful': 0.000810164725407958, 'Happy': 0.010845898650586605, 'Neutral': 0.0021140086464583874, 'Other': 2.2012132831150666e-05, 'Sad': 8.515835361322388e-05, 'Surprised': 0.9731123447418213, 'Unknown': 3.54615222022403e-05}",Yes.
FELICIA,02:22:54,02:22:56,Neutral,"{'Angry': 1.6403361958669538e-12, 'Disgusted': 7.379454035685851e-14, 'Fearful': 1.9809850916770178e-14, 'Happy': 2.3999773522687118e-12, 'Neutral': 1.0, 'Other': 5.838160189390162e-15, 'Sad': 6.171077537864278e-12, 'Surprised': 5.356942645549922e-13, 'Unknown': 4.456944728103811e-14}","And suddenly he disappears, it's so funny that--"
SAM,02:22:56,02:22:57,Neutral,"{'Angry': 0.0009115092107094824, 'Disgusted': 0.046004682779312134, 'Fearful': 0.004060232080519199, 'Happy': 0.0003030939551535994, 'Neutral': 0.8559249639511108, 'Other': 0.00014574330998584628, 'Sad': 0.00035942785325460136, 'Surprised': 0.0922468826174736, 'Unknown': 4.3537373130675405e-05}","Well, you-- men are complicated."
MATT,02:22:57,02:22:59,Neutral,"{'Angry': 4.717100191356516e-13, 'Disgusted': 1.764857520108326e-14, 'Fearful': 3.758788748054473e-15, 'Happy': 5.047734149069005e-13, 'Neutral': 1.0, 'Other': 2.071109693726407e-15, 'Sad': 1.7305323840588471e-12, 'Surprised': 1.6002052927090865e-13, 'Unknown': 1.0780622847607422e-14}",A few hours of-- a few hours of travel and--
MARY,02:22:59,02:23:01,Neutral,"{'Angry': 5.733291459364409e-07, 'Disgusted': 1.1617208883762942e-06, 'Fearful': 9.644216447668441e-08, 'Happy': 3.741391196854238e-07, 'Neutral': 0.9999916553497314, 'Other': 1.1405365540895218e-07, 'Sad': 5.980097284918884e-06, 'Surprised': 4.4642632701652474e-08, 'Unknown': 4.1776765158374474e-08}","Percy, any extra guns?"
TALIESIN,02:23:01,02:23:02,Disgusted,"{'Angry': 0.005124697927385569, 'Disgusted': 0.9270855188369751, 'Fearful': 0.00013317997218109667, 'Happy': 0.003717190120369196, 'Neutral': 0.05371649190783501, 'Other': 0.002879752079024911, 'Sad': 0.005957938265055418, 'Surprised': 0.0007244022563099861, 'Unknown': 0.0006608422845602036}",What?
MARY,02:23:02,02:23:03,Surprised,"{'Angry': 0.008324405178427696, 'Disgusted': 0.002017894061282277, 'Fearful': 0.00012030133802909404, 'Happy': 0.0017720791511237621, 'Neutral': 0.17874948680400848, 'Other': 0.0002848385483957827, 'Sad': 0.017716161906719208, 'Surprised': 0.7910093069076538, 'Unknown': 5.558403245231602e-06}",Sorry.
MATT,02:23:03,02:23:45,Neutral,"{'Angry': 1.0304430919649832e-12, 'Disgusted': 4.3854114404554695e-14, 'Fearful': 1.120024381671015e-14, 'Happy': 1.5541059108017952e-12, 'Neutral': 1.0, 'Other': 3.388652290763289e-15, 'Sad': 3.0281090135364508e-12, 'Surprised': 4.0846232646218894e-13, 'Unknown': 2.5290352291215158e-14}","Learning the ins and outs of the extremely tumultuous history of Lyra and Aldor, you eventually come to a point where the clouds are beginning to darken, and in the distance you can see what looks like a very heavily obscured curtain of snowfall to the north-northwest. You get to a point of the Glasswalk Road where a snowstorm is starting to pour over this vicinity. You guys stop for a second and repackage yourself with your fur and heavy winter clothing, and even still it's very, very chilly. I'd like everybody to make a constitution save."
LAURA,02:23:45,02:23:47,Angry,"{'Angry': 0.7854828238487244, 'Disgusted': 0.18138448894023895, 'Fearful': 0.00018798382370732725, 'Happy': 0.009703313000500202, 'Neutral': 0.017146438360214233, 'Other': 0.0019950568675994873, 'Sad': 0.0012148844543844461, 'Surprised': 0.0006850625504739583, 'Unknown': 0.0021999964956194162}",Are we still in the forest?
MATT,02:23:47,02:23:52,Neutral,"{'Angry': 1.7745909985933395e-07, 'Disgusted': 4.204562173981685e-07, 'Fearful': 1.668251492503714e-08, 'Happy': 2.957923754820513e-07, 'Neutral': 0.9999984502792358, 'Other': 1.7800097396047931e-07, 'Sad': 2.1350118117879902e-07, 'Surprised': 7.9870492442069e-09, 'Unknown': 1.9373118220755714e-07}","You are nearing forest, yes. So yeah, you would be considered in forest area."
LAURA,02:23:52,02:23:53,Neutral,"{'Angry': 0.00024413042410742491, 'Disgusted': 0.0011117705143988132, 'Fearful': 0.00010512361768633127, 'Happy': 0.2086353600025177, 'Neutral': 0.7837990522384644, 'Other': 0.00028111060964874923, 'Sad': 0.0003849566273856908, 'Surprised': 1.2412374417181127e-05, 'Unknown': 0.00542615819722414}",Okay.
TRAVIS,02:23:53,02:23:56,Neutral,"{'Angry': 5.873922646060237e-07, 'Disgusted': 1.90826176549308e-06, 'Fearful': 5.211874167798669e-07, 'Happy': 1.060077693182393e-06, 'Neutral': 0.9999898672103882, 'Other': 5.276399406284327e-07, 'Sad': 2.721631290114601e-06, 'Surprised': 2.3789205272350955e-08, 'Unknown': 2.7270532427792205e-06}","Aren't I good like above 20,000 feet in really, really cold environments?"
MATT,02:23:56,02:23:58,Neutral,"{'Angry': 4.064927038092796e-14, 'Disgusted': 1.439027979859475e-15, 'Fearful': 2.146771520544828e-16, 'Happy': 5.0846056287882566e-14, 'Neutral': 1.0, 'Other': 3.542183524018913e-16, 'Sad': 1.2775116251320662e-13, 'Surprised': 2.487656822615196e-14, 'Unknown': 9.46145542961947e-16}","Yes, you have advantage on this."
LAURA,02:23:58,02:24:01,Angry,"{'Angry': 0.7288445830345154, 'Disgusted': 0.0002312938595423475, 'Fearful': 3.2431664294563234e-05, 'Happy': 0.11487220227718353, 'Neutral': 0.15442021191120148, 'Other': 8.66369009600021e-05, 'Sad': 0.0013840069295838475, 'Surprised': 9.806524030864239e-05, 'Unknown': 3.068820296903141e-05}","Natural 20! Sorry, that was my first one."
FELICIA,02:24:01,02:24:03,Angry,"{'Angry': 0.9847225546836853, 'Disgusted': 0.0005913909990340471, 'Fearful': 0.00018250143330078572, 'Happy': 0.012118463404476643, 'Neutral': 0.0011986768804490566, 'Other': 5.283083373797126e-05, 'Sad': 0.0010403911583125591, 'Surprised': 7.879958138801157e-05, 'Unknown': 1.448614420951344e-05}",You're so warm.
MATT,02:24:03,02:24:04,Angry,"{'Angry': 0.4169394075870514, 'Disgusted': 0.2733485698699951, 'Fearful': 0.002571467077359557, 'Happy': 0.020055141299962997, 'Neutral': 0.1186743900179863, 'Other': 0.00032659771386533976, 'Sad': 0.15742725133895874, 'Surprised': 0.01057340856641531, 'Unknown': 8.375356992473826e-05}",(laughs) So warm.
LAURA,02:24:04,02:24:06,Happy,"{'Angry': 7.13240979166585e-07, 'Disgusted': 2.1882499368075514e-07, 'Fearful': 1.1677628641848514e-08, 'Happy': 0.9999978542327881, 'Neutral': 8.139845704135951e-07, 'Other': 1.0715938714156437e-07, 'Sad': 5.6984045926355975e-08, 'Surprised': 2.4341703763752776e-08, 'Unknown': 1.8314435124011652e-07}",It's bad thing to roll a natural 20 on.
TALIESIN,02:24:06,02:24:07,Neutral,"{'Angry': 0.01257958635687828, 'Disgusted': 0.006151572335511446, 'Fearful': 0.0012147255474701524, 'Happy': 0.2984117865562439, 'Neutral': 0.6625102758407593, 'Other': 0.000139785508508794, 'Sad': 0.003134524915367365, 'Surprised': 0.014978380873799324, 'Unknown': 0.0008793502929620445}","We're cuddling you for warmth, apparently. You're like an oven."
LAURA,02:24:07,02:24:09,Neutral,"{'Angry': 3.5068792385573033e-06, 'Disgusted': 1.2321803524173447e-06, 'Fearful': 1.4245469515117293e-07, 'Happy': 8.224188604799565e-06, 'Neutral': 0.9999841451644897, 'Other': 4.430961553225643e-07, 'Sad': 5.709703714273928e-07, 'Surprised': 3.841264017978574e-08, 'Unknown': 1.7659715467743808e-06}","It's Trinket, you know."
MATT,02:24:09,02:24:11,Neutral,"{'Angry': 0.00013153188046999276, 'Disgusted': 0.0003366202872712165, 'Fearful': 0.00021370631293393672, 'Happy': 0.0077849761582911015, 'Neutral': 0.9804682731628418, 'Other': 0.0004960903315804899, 'Sad': 0.0001558491785544902, 'Surprised': 5.089665592095116e-06, 'Unknown': 0.010407797060906887}",All right.
FELICIA,02:24:11,02:24:12,Neutral,"{'Angry': 0.24073074758052826, 'Disgusted': 0.0415884330868721, 'Fearful': 0.00500913243740797, 'Happy': 0.03892553225159645, 'Neutral': 0.6493284702301025, 'Other': 0.00023056636564433575, 'Sad': 0.016108816489577293, 'Surprised': 0.002551149344071746, 'Unknown': 0.005527123808860779}",20.
SAM,02:24:12,02:24:13,Neutral,"{'Angry': 0.00042958997073583305, 'Disgusted': 0.00014215311966836452, 'Fearful': 1.0274759006279055e-05, 'Happy': 0.0004441128403414041, 'Neutral': 0.9987252354621887, 'Other': 3.120837573078461e-05, 'Sad': 4.378459198051132e-05, 'Surprised': 4.403922503115609e-06, 'Unknown': 0.00016925492673180997}",Four.
TALIESIN,02:24:13,02:24:14,Neutral,"{'Angry': 2.047978705377318e-05, 'Disgusted': 0.00010608083539409563, 'Fearful': 5.0984640438400675e-06, 'Happy': 0.0651295855641365, 'Neutral': 0.9344252943992615, 'Other': 6.177269096951932e-05, 'Sad': 0.00014301757619250566, 'Surprised': 8.48508279887028e-05, 'Unknown': 2.369456342421472e-05}",24.
SAM,02:24:14,02:24:16,Unknown,"{'Angry': 0.03770476207137108, 'Disgusted': 0.10524594038724899, 'Fearful': 0.013589998707175255, 'Happy': 0.058179937303066254, 'Neutral': 0.2586034834384918, 'Other': 0.002197079360485077, 'Sad': 0.00540490448474884, 'Surprised': 0.00028376257978379726, 'Unknown': 0.5187901854515076}","Hey, that adds up."
TRAVIS,02:24:16,02:24:18,Disgusted,"{'Angry': 0.015506616793572903, 'Disgusted': 0.8962858319282532, 'Fearful': 0.00016133635654114187, 'Happy': 0.005624088924378157, 'Neutral': 0.06644678860902786, 'Other': 0.003237799508497119, 'Sad': 0.0005155702820047736, 'Surprised': 0.010831394232809544, 'Unknown': 0.0013904701918363571}",Is this a constitution saving throw or just a modifier?
MATT,02:24:18,02:24:20,Neutral,"{'Angry': 2.0038201853367354e-07, 'Disgusted': 3.959008765264116e-08, 'Fearful': 1.9006911600172316e-08, 'Happy': 1.0341856295781326e-06, 'Neutral': 0.9999983310699463, 'Other': 6.543428909822069e-09, 'Sad': 2.137682457714618e-07, 'Surprised': 6.593281653977101e-08, 'Unknown': 3.798941605737127e-08}","It's a constitution saving throw, so you roll twice and take the higher."
TRAVIS,02:24:20,02:24:22,Surprised,"{'Angry': 0.008301308378577232, 'Disgusted': 0.01328146643936634, 'Fearful': 0.0024152956902980804, 'Happy': 0.0690903514623642, 'Neutral': 0.015161143615841866, 'Other': 0.0024016087409108877, 'Sad': 0.0035404565278440714, 'Surprised': 0.8657850623130798, 'Unknown': 0.020023267716169357}","Oh, wow. 23."
MATT,02:24:22,02:24:28,Happy,"{'Angry': 0.0001225155865540728, 'Disgusted': 0.00014312777784653008, 'Fearful': 1.2584911928570364e-05, 'Happy': 0.8860349655151367, 'Neutral': 0.10478635877370834, 'Other': 0.004498757421970367, 'Sad': 0.0004062236985191703, 'Surprised': 9.018144919537008e-05, 'Unknown': 0.0039053314831107855}","I think, I'm pretty sure that's how that works. I'll check here with the goliath as the mountain-born-- oh, you're just naturally adapted to it, so you're fine."
TRAVIS,02:24:28,02:24:33,Neutral,"{'Angry': 1.2528078130458198e-08, 'Disgusted': 1.147815975599542e-08, 'Fearful': 1.1011705991492704e-09, 'Happy': 2.397584708546674e-08, 'Neutral': 1.0, 'Other': 3.007455617876076e-09, 'Sad': 2.737036552957761e-08, 'Surprised': 1.109678016142368e-09, 'Unknown': 8.859269762240274e-09}","(laughs) I've got my chest out, my nipples aren't even getting hard. It's amazing."
TALIESIN,02:24:33,02:24:38,Neutral,"{'Angry': 6.171419227030128e-05, 'Disgusted': 6.376885721692815e-07, 'Fearful': 4.900982730760006e-08, 'Happy': 4.212551175442059e-06, 'Neutral': 0.9999316930770874, 'Other': 1.7249962525056617e-07, 'Sad': 1.0965354704239871e-06, 'Surprised': 2.350854515498213e-07, 'Unknown': 1.2316263564571273e-07}","Oddly, your face is a bit cold because it's so bare."
TRAVIS,02:24:38,02:24:43,Neutral,"{'Angry': 1.0811730177806567e-08, 'Disgusted': 5.7205857828535045e-09, 'Fearful': 1.0439642483817124e-09, 'Happy': 3.518817592862433e-08, 'Neutral': 1.0, 'Other': 1.8409929136709025e-09, 'Sad': 2.7911632116683904e-08, 'Surprised': 9.876780504569638e-10, 'Unknown': 9.58569845721513e-09}",Your instinct-- that was a low blow. That was a low blow.
MATT,02:24:43,02:24:47,Happy,"{'Angry': 0.22187019884586334, 'Disgusted': 0.0066622174344956875, 'Fearful': 0.004204153083264828, 'Happy': 0.34541335701942444, 'Neutral': 0.276204377412796, 'Other': 0.0390094593167305, 'Sad': 0.0038089652080088854, 'Surprised': 0.02751052752137184, 'Unknown': 0.07531673461198807}","All right, so all of you manage-- Scanlan, mark yourself, you have one level of fatigue."
"LAURA, MARY",02:24:47,02:24:49,Happy,"{'Angry': 0.00047274259850382805, 'Disgusted': 0.0029476166237145662, 'Fearful': 0.0002760841161943972, 'Happy': 0.8559802174568176, 'Neutral': 0.1269693672657013, 'Other': 0.0007635782239958644, 'Sad': 0.011710410937666893, 'Surprised': 0.00012814259389415383, 'Unknown': 0.000751785933971405}",Oh no.
SAM,02:24:49,02:24:51,Neutral,"{'Angry': 2.306360511283856e-05, 'Disgusted': 5.217243597144261e-05, 'Fearful': 1.7927026419783942e-05, 'Happy': 5.083197902422398e-05, 'Neutral': 0.9996414184570312, 'Other': 1.7667558722678223e-06, 'Sad': 0.0001491673174314201, 'Surprised': 6.266750278882682e-05, 'Unknown': 9.521402830614534e-07}","What's that mean, what's that mean?"
MATT,02:24:51,02:24:52,Neutral,"{'Angry': 1.030748990160646e-05, 'Disgusted': 9.916169801726937e-06, 'Fearful': 9.93036519503221e-06, 'Happy': 0.00010229309555143118, 'Neutral': 0.9997743964195251, 'Other': 1.9445669749984518e-06, 'Sad': 5.2418683480937034e-05, 'Surprised': 3.833280788967386e-05, 'Unknown': 5.554592803491687e-07}","Fatigue, let me go ahead and make sure--"
MARY,02:24:52,02:24:54,Neutral,"{'Angry': 0.011867901310324669, 'Disgusted': 0.03661782294511795, 'Fearful': 0.0030862046405673027, 'Happy': 0.16443243622779846, 'Neutral': 0.7689014077186584, 'Other': 0.0001619484683033079, 'Sad': 0.01143540907651186, 'Surprised': 0.0031369796488434076, 'Unknown': 0.0003599407500587404}","Too much listening to-- oh, sorry."
FELICIA,02:24:54,02:24:59,Neutral,"{'Angry': 0.0006088281515985727, 'Disgusted': 0.0004874308069702238, 'Fearful': 0.0001532860769657418, 'Happy': 0.09047707170248032, 'Neutral': 0.898327112197876, 'Other': 0.001001566182821989, 'Sad': 0.0006516374414786696, 'Surprised': 1.3118390597810503e-05, 'Unknown': 0.008279991336166859}","Does he look cold? I'm going to give him my stone, I'm going to give him my stone of resisting cold."
TRAVIS,02:24:59,02:25:01,Neutral,"{'Angry': 9.573863053446985e-07, 'Disgusted': 1.7863250150185195e-06, 'Fearful': 6.904744509483862e-07, 'Happy': 4.3431635276647285e-05, 'Neutral': 0.9999136924743652, 'Other': 4.4367718032845005e-07, 'Sad': 3.7638274079654366e-05, 'Surprised': 1.1394687362553668e-06, 'Unknown': 1.6729285334804445e-07}","That was bullshit, Percy."
SAM,02:25:01,02:25:02,Neutral,"{'Angry': 1.7534478047309676e-07, 'Disgusted': 3.607992837828533e-08, 'Fearful': 7.227776599449953e-09, 'Happy': 1.2423536190908635e-06, 'Neutral': 0.9999983310699463, 'Other': 1.7768292392972285e-09, 'Sad': 2.1061670452127146e-07, 'Surprised': 6.663650253813103e-08, 'Unknown': 1.4333212394745942e-09}",What about you?
FELICIA,02:25:02,02:25:04,Neutral,"{'Angry': 0.0006935129640623927, 'Disgusted': 0.0061949314549565315, 'Fearful': 4.438956602825783e-05, 'Happy': 0.0019458874594420195, 'Neutral': 0.9904081225395203, 'Other': 0.00023799788323231041, 'Sad': 0.00015752017498016357, 'Surprised': 3.0493956728605554e-05, 'Unknown': 0.00028713009669445455}","It's okay. I'm a leader, and a leader sacrifices--"
SAM,02:25:04,02:25:06,Neutral,"{'Angry': 0.002837573643773794, 'Disgusted': 0.0008598027052357793, 'Fearful': 1.543730468256399e-05, 'Happy': 0.005309051834046841, 'Neutral': 0.9303842782974243, 'Other': 0.0001080257206922397, 'Sad': 0.0001098306238418445, 'Surprised': 0.06035897135734558, 'Unknown': 1.699548556644004e-05}","I can't let you do that, Lyra."
FELICIA,02:25:06,02:25:10,Happy,"{'Angry': 0.02522825263440609, 'Disgusted': 0.007084461860358715, 'Fearful': 0.00019354278629180044, 'Happy': 0.7252680063247681, 'Neutral': 0.17719699442386627, 'Other': 0.017961984500288963, 'Sad': 0.0007460415945388377, 'Surprised': 0.029590480029582977, 'Unknown': 0.016730209812521935}","No, really, just take it. You listened to me so good. It's like we're besties."
SAM,02:25:10,02:25:14,Neutral,"{'Angry': 0.0036578404251486063, 'Disgusted': 0.0051188901998102665, 'Fearful': 0.0005818032659590244, 'Happy': 0.017909759655594826, 'Neutral': 0.9569473266601562, 'Other': 0.0003736685321200639, 'Sad': 0.0005631055682897568, 'Surprised': 0.003677050583064556, 'Unknown': 0.011170592159032822}","I feel-- I feel a connection, I do. You know when you were telling me about Aldor--"
FELICIA,02:25:14,02:25:15,Neutral,"{'Angry': 0.0015131919644773006, 'Disgusted': 0.0008069909526966512, 'Fearful': 0.0001918049674713984, 'Happy': 0.19944971799850464, 'Neutral': 0.7914250493049622, 'Other': 4.905682726530358e-05, 'Sad': 0.0011701786424964666, 'Surprised': 0.005387037992477417, 'Unknown': 6.97163341101259e-06}",It's not sexual at all.
SAM,02:25:15,02:25:16,Neutral,"{'Angry': 3.2856684129001223e-07, 'Disgusted': 9.077482445718488e-07, 'Fearful': 3.693320138609124e-07, 'Happy': 1.3317545608515502e-06, 'Neutral': 0.9999936819076538, 'Other': 7.540263169403261e-08, 'Sad': 2.7705768843588885e-06, 'Surprised': 5.271519967209315e-07, 'Unknown': 2.9314403349189888e-08}",No-- I-- uh.
FELICIA,02:25:16,02:25:20,Disgusted,"{'Angry': 0.0034010123927146196, 'Disgusted': 0.5139893293380737, 'Fearful': 0.0002499191032256931, 'Happy': 0.0008210311061702669, 'Neutral': 0.0011904567945748568, 'Other': 0.0456022247672081, 'Sad': 0.00021464473684318364, 'Surprised': 0.4340924620628357, 'Unknown': 0.00043898288276977837}","I'm not attracted to you at all, like literally if it happened I would be ill, but it's really nice--"
SAM,02:25:20,02:25:23,Neutral,"{'Angry': 9.281290658691432e-06, 'Disgusted': 9.245582077710424e-06, 'Fearful': 1.0004281421061023e-06, 'Happy': 5.564633465837687e-05, 'Neutral': 0.9998770952224731, 'Other': 6.108357865741709e-06, 'Sad': 7.090111921570497e-06, 'Surprised': 4.0088383457259624e-07, 'Unknown': 3.406786345294677e-05}","Believe me, you sexually? You repulse me."
FELICIA,02:25:23,02:25:24,Happy,"{'Angry': 0.00018177501624450088, 'Disgusted': 0.0027281807269901037, 'Fearful': 6.522399053210393e-05, 'Happy': 0.993030846118927, 'Neutral': 0.0003535986761562526, 'Other': 0.0021336060017347336, 'Sad': 0.00014945989823900163, 'Surprised': 0.0013267345493659377, 'Unknown': 3.0551334930351004e-05}",Thank you!
SAM,02:25:24,02:25:25,Happy,"{'Angry': 0.0010292746592313051, 'Disgusted': 0.0010868845274671912, 'Fearful': 0.0001808754459489137, 'Happy': 0.9512488842010498, 'Neutral': 0.044180117547512054, 'Other': 2.4660093913553283e-05, 'Sad': 0.0012856031535193324, 'Surprised': 0.0009583246428519487, 'Unknown': 5.390902515500784e-06}","Yeah, no, really."
FELICIA,02:25:25,02:25:26,Happy,"{'Angry': 6.832284071833783e-08, 'Disgusted': 1.7143813124675944e-07, 'Fearful': 1.0420354357165706e-07, 'Happy': 0.9999960660934448, 'Neutral': 2.9585728498204844e-06, 'Other': 5.7984291146340183e-08, 'Sad': 3.565975816854916e-07, 'Surprised': 2.416952611383749e-07, 'Unknown': 1.4355184596581694e-08}","Oh my god, I'm so with you right there."
SAM,02:25:26,02:25:27,Neutral,"{'Angry': 0.00010199705138802528, 'Disgusted': 6.43279345240444e-05, 'Fearful': 6.105718057369813e-05, 'Happy': 0.0009703363757580519, 'Neutral': 0.9983918070793152, 'Other': 3.3205033105332404e-06, 'Sad': 9.63083075475879e-05, 'Surprised': 0.0003096362925134599, 'Unknown': 1.1557822290342301e-06}",Oh yeah.
FELICIA,02:25:27,02:25:28,Neutral,"{'Angry': 0.0009028277127072215, 'Disgusted': 0.0005320157506503165, 'Fearful': 0.00011532891949173063, 'Happy': 0.004934695083647966, 'Neutral': 0.9917373061180115, 'Other': 2.0620796931325458e-05, 'Sad': 0.0007771035307087004, 'Surprised': 0.0009717389475554228, 'Unknown': 8.356262696906924e-06}","But really, as a friend you are so nice."
SAM,02:25:28,02:25:29,Neutral,"{'Angry': 0.0002296670718351379, 'Disgusted': 0.00021516703418456018, 'Fearful': 5.4510514019057155e-05, 'Happy': 0.0007545672706328332, 'Neutral': 0.997967541217804, 'Other': 9.50802041188581e-06, 'Sad': 6.869318167446181e-05, 'Surprised': 0.0006898891879245639, 'Unknown': 1.0438206118124072e-05}",I feel a connection too!
FELICIA,02:25:29,02:25:30,Neutral,"{'Angry': 0.012447583489120007, 'Disgusted': 0.0019498892361298203, 'Fearful': 3.630530773079954e-05, 'Happy': 0.008553671650588512, 'Neutral': 0.9763752222061157, 'Other': 3.9235786971403286e-05, 'Sad': 0.0003613844164647162, 'Surprised': 0.00020797576871700585, 'Unknown': 2.8651415050262585e-05}",So here's the stone.
SAM,02:25:30,02:25:32,Angry,"{'Angry': 0.3946554958820343, 'Disgusted': 0.034655991941690445, 'Fearful': 0.0021105054765939713, 'Happy': 0.08619123697280884, 'Neutral': 0.2059195190668106, 'Other': 0.0003344075521454215, 'Sad': 0.27198195457458496, 'Surprised': 0.003886966500431299, 'Unknown': 0.0002639460435602814}","I have had some Aldors in my life, too."
FELICIA,02:25:32,02:25:34,Sad,"{'Angry': 0.000473103194963187, 'Disgusted': 0.011391941457986832, 'Fearful': 0.0020972846541553736, 'Happy': 0.0009027753258123994, 'Neutral': 0.0012390027986839414, 'Other': 0.13170960545539856, 'Sad': 0.8415401577949524, 'Surprised': 0.010440750978887081, 'Unknown': 0.00020537538512144238}",I want to hear all about them.
SAM,02:25:34,02:25:37,Neutral,"{'Angry': 3.378639667062089e-05, 'Disgusted': 2.9110478863003664e-05, 'Fearful': 2.5619785446906462e-05, 'Happy': 0.001527070882730186, 'Neutral': 0.997849702835083, 'Other': 3.6573219404090196e-05, 'Sad': 0.00029080137028358877, 'Surprised': 1.5084655387909152e-05, 'Unknown': 0.00019220831745769829}","Yes, mainly they were whores who kicked me out early."
FELICIA,02:25:37,02:25:39,Neutral,"{'Angry': 6.036815136667428e-08, 'Disgusted': 2.643413132830119e-08, 'Fearful': 1.2204794508363648e-08, 'Happy': 8.404435192232995e-08, 'Neutral': 0.9999985694885254, 'Other': 4.249566920577763e-09, 'Sad': 1.220961621584138e-06, 'Surprised': 1.499670077009796e-08, 'Unknown': 3.3782483477295955e-09}",Oh.
SAM,02:25:39,02:25:44,Neutral,"{'Angry': 1.2370358490443323e-05, 'Disgusted': 6.773925633751787e-06, 'Fearful': 2.0294128262321465e-05, 'Happy': 1.6008614693419077e-05, 'Neutral': 0.9984921216964722, 'Other': 5.080036658000608e-07, 'Sad': 0.001450811279937625, 'Surprised': 9.282892392548092e-07, 'Unknown': 2.979594455609913e-07}","But they-- in a similar way they disrespected me, didn't see the true Scanlan that I could've been."
FELICIA,02:25:44,02:25:48,Neutral,"{'Angry': 0.003757248632609844, 'Disgusted': 0.005960208363831043, 'Fearful': 0.00046650823787786067, 'Happy': 0.009611902758479118, 'Neutral': 0.9546516537666321, 'Other': 0.0013937223702669144, 'Sad': 0.01933997869491577, 'Surprised': 0.004292758647352457, 'Unknown': 0.0005260572652332485}","I mean, I was-- listen. The one time we were together it was after I gave him armor, but he was not servicing me--"
SAM,02:25:48,02:25:49,Neutral,"{'Angry': 0.00415080739185214, 'Disgusted': 0.017167482525110245, 'Fearful': 0.00020770954142790288, 'Happy': 0.011812596581876278, 'Neutral': 0.9336222410202026, 'Other': 0.00020838314958382398, 'Sad': 0.01697753183543682, 'Surprised': 0.015818750485777855, 'Unknown': 3.445587935857475e-05}","Wait, together?"
FELICIA,02:25:49,02:25:50,Neutral,"{'Angry': 5.251296897768043e-06, 'Disgusted': 5.109317839924188e-07, 'Fearful': 2.5655213065078897e-08, 'Happy': 1.3149851838534232e-05, 'Neutral': 0.9999431371688843, 'Other': 3.0308106602205953e-07, 'Sad': 3.2912070309976116e-05, 'Surprised': 4.77723096992122e-06, 'Unknown': 4.454314694868344e-09}",Yes.
SAM,02:25:50,02:25:51,Neutral,"{'Angry': 0.0027339851949363947, 'Disgusted': 0.0064082364551723, 'Fearful': 9.348792082164437e-05, 'Happy': 0.006071904674172401, 'Neutral': 0.976956307888031, 'Other': 7.040537457214668e-05, 'Sad': 0.005056558642536402, 'Surprised': 0.00259571080096066, 'Unknown': 1.3366537132242229e-05}",You've been with him?
FELICIA,02:25:51,02:25:52,Neutral,"{'Angry': 0.03219219297170639, 'Disgusted': 0.27195167541503906, 'Fearful': 0.0002646877255756408, 'Happy': 0.08681869506835938, 'Neutral': 0.5428212881088257, 'Other': 0.001508698333054781, 'Sad': 0.0606321357190609, 'Surprised': 0.0035091605968773365, 'Unknown': 0.0003014191461261362}","Of course, I told you--"
MARY,02:25:52,02:25:54,Neutral,"{'Angry': 5.228202644502744e-05, 'Disgusted': 2.560357825132087e-05, 'Fearful': 9.12615632842062e-06, 'Happy': 0.0001405086077284068, 'Neutral': 0.9989946484565735, 'Other': 6.097178356867516e-06, 'Sad': 0.0007179890526458621, 'Surprised': 5.2183400839567184e-05, 'Unknown': 1.5088927511897055e-06}","Oh look, we seem to be coming to something interesting in the road."
FELICIA,02:25:54,02:25:55,Neutral,"{'Angry': 0.005847908556461334, 'Disgusted': 0.09885603189468384, 'Fearful': 0.0007081208168528974, 'Happy': 0.0071661933325231075, 'Neutral': 0.6928132176399231, 'Other': 0.0012092813849449158, 'Sad': 0.00046173209557309747, 'Surprised': 0.19285151362419128, 'Unknown': 8.59919746289961e-05}",Were you not listening?
SAM,02:25:55,02:25:57,Neutral,"{'Angry': 2.476561400399646e-09, 'Disgusted': 1.3851531033282072e-09, 'Fearful': 1.282912998057384e-09, 'Happy': 7.406730784254023e-09, 'Neutral': 1.0, 'Other': 3.34211582020405e-11, 'Sad': 4.83328790323867e-08, 'Surprised': 5.276054704239641e-09, 'Unknown': 1.1497117494152498e-11}",I thought you meant that as a metaphor.
FELICIA,02:25:57,02:26:05,Neutral,"{'Angry': 0.0017521592089906335, 'Disgusted': 0.0011440521338954568, 'Fearful': 0.0001275849062949419, 'Happy': 0.03240348398685455, 'Neutral': 0.9493747353553772, 'Other': 0.0023665600456297398, 'Sad': 0.0013257638784125447, 'Surprised': 2.9693575925193727e-05, 'Unknown': 0.011475899256765842}","No, it was his birthday and I bought him some very expensive custom armor that he-- you said he had it on, which is-- he obviously has feelings for me to wear that armor. It was 10,000 gold--"
LAURA,02:26:05,02:26:06,Angry,"{'Angry': 0.9735199213027954, 'Disgusted': 0.0012717979261651635, 'Fearful': 0.00011070102482335642, 'Happy': 0.008644365705549717, 'Neutral': 0.015298757702112198, 'Other': 3.1533665605820715e-05, 'Sad': 0.0009710491867735982, 'Surprised': 0.0001463758380850777, 'Unknown': 5.574687293119496e-06}",(gasps)
FELICIA,02:26:06,02:26:13,Neutral,"{'Angry': 1.2437999848818881e-13, 'Disgusted': 4.682011885397824e-15, 'Fearful': 9.711540848505117e-16, 'Happy': 1.517418189798253e-13, 'Neutral': 1.0, 'Other': 8.518286889829766e-16, 'Sad': 4.3420253286949317e-13, 'Surprised': 6.461592193382146e-14, 'Unknown': 3.267623352820148e-15}","-- and he just, he was very attracted to me that night and we had intercourse so. My uncle was very upset with me."
TRAVIS,02:26:13,02:26:14,Neutral,"{'Angry': 1.7108475276472745e-06, 'Disgusted': 1.9027945654670475e-06, 'Fearful': 9.421585644986408e-08, 'Happy': 2.106437568727415e-05, 'Neutral': 0.9999731779098511, 'Other': 5.27408246853156e-07, 'Sad': 1.3881449376640376e-06, 'Surprised': 1.6112525713651848e-07, 'Unknown': 4.568529377024788e-08}",Intercourse.
FELICIA,02:26:14,02:26:16,Neutral,"{'Angry': 0.01339498721063137, 'Disgusted': 0.00682726688683033, 'Fearful': 0.002983806887641549, 'Happy': 0.07104496657848358, 'Neutral': 0.6583729982376099, 'Other': 0.0008335672318935394, 'Sad': 0.014456425793468952, 'Surprised': 0.23168563842773438, 'Unknown': 0.00040031547541730106}","And after that, he never saw--"
SAM,02:26:16,02:26:28,Neutral,"{'Angry': 3.874948220072838e-07, 'Disgusted': 3.564350148366202e-09, 'Fearful': 5.321723062223782e-10, 'Happy': 1.4949103388062213e-05, 'Neutral': 0.9999845027923584, 'Other': 4.0165878956166523e-10, 'Sad': 2.9536175816247123e-07, 'Surprised': 3.193911135568328e-09, 'Unknown': 2.8576227495413775e-10}","Somehow you made that less sexual than I could've ever imagined. Is there-- Grog, what's the term for when your penis is inverted? The opposite of a boner?"
TRAVIS,02:26:28,02:26:29,Neutral,"{'Angry': 0.0006259701913222671, 'Disgusted': 0.04213492199778557, 'Fearful': 0.00013544251851271838, 'Happy': 0.004145382903516293, 'Neutral': 0.756065845489502, 'Other': 0.005108457524329424, 'Sad': 0.0011786093236878514, 'Surprised': 0.19052553176879883, 'Unknown': 7.975858170539141e-05}",Belly button.
SAM,02:26:29,02:26:30,Sad,"{'Angry': 8.042333502089605e-05, 'Disgusted': 0.0005439695087261498, 'Fearful': 0.00022024387726560235, 'Happy': 0.0002322076470591128, 'Neutral': 0.006324003450572491, 'Other': 1.4574546185031068e-05, 'Sad': 0.9919770359992981, 'Surprised': 0.0006057975115254521, 'Unknown': 1.7853386680144467e-06}","Yeah, that's what I've got now."
FELICIA,02:26:30,02:26:37,Neutral,"{'Angry': 3.6956399745990964e-11, 'Disgusted': 2.111430171328199e-12, 'Fearful': 5.667985612106685e-13, 'Happy': 1.3626350048312474e-10, 'Neutral': 1.0, 'Other': 1.1708892861360398e-13, 'Sad': 7.638063098669434e-11, 'Surprised': 9.084426787209221e-12, 'Unknown': 4.3727681523463013e-13}","Anyway, I was really certain after that moment that we would be together forever and I never saw him again."
SAM,02:26:37,02:26:40,Neutral,"{'Angry': 5.7916586229112e-05, 'Disgusted': 2.833480493791285e-06, 'Fearful': 7.093929639268026e-07, 'Happy': 6.7155551732867025e-06, 'Neutral': 0.9999285936355591, 'Other': 4.394742916247196e-07, 'Sad': 8.842811780596094e-07, 'Surprised': 1.051163962983992e-06, 'Unknown': 8.107040230243001e-07}",You know men are fickle and when I-- I'll have a talk with him.
FELICIA,02:26:40,02:26:43,Neutral,"{'Angry': 4.86366980112507e-06, 'Disgusted': 8.736177505852538e-07, 'Fearful': 1.106684734963892e-07, 'Happy': 4.9308055167784914e-06, 'Neutral': 0.9999853372573853, 'Other': 7.334406291192863e-07, 'Sad': 5.320822538124048e-07, 'Surprised': 3.6608227560464e-08, 'Unknown': 2.6117475044884486e-06}","He kept the armor, so he has feelings. Let's just move on."
SAM,02:26:43,02:26:44,Neutral,"{'Angry': 1.3049447034063633e-06, 'Disgusted': 4.0390466438111616e-07, 'Fearful': 9.971498826644165e-08, 'Happy': 1.5348903161793714e-06, 'Neutral': 0.9999951124191284, 'Other': 3.0777346893273716e-08, 'Sad': 5.589960210272693e-07, 'Surprised': 8.886534033081261e-07, 'Unknown': 1.921923775682899e-08}",Let's do it.
SAM,02:26:44,02:26:45,Neutral,"{'Angry': 0.0010143279796466231, 'Disgusted': 0.0011464814888313413, 'Fearful': 5.7305602240376174e-05, 'Happy': 0.0012014461681246758, 'Neutral': 0.994247317314148, 'Other': 0.00010087915870826691, 'Sad': 0.00015408411854878068, 'Surprised': 7.70224414736731e-06, 'Unknown': 0.0020704183261841536}",Let's not dwell.
MATT,02:26:45,02:26:53,Neutral,"{'Angry': 2.069505011803585e-09, 'Disgusted': 8.81676467945347e-11, 'Fearful': 7.855231222431147e-12, 'Happy': 3.1503382125208645e-09, 'Neutral': 1.0, 'Other': 8.980320827245425e-12, 'Sad': 5.881361508919269e-10, 'Surprised': 2.4844043489125056e-10, 'Unknown': 1.886479340795777e-11}","You take the stone and your fatigue fades. You find yourself adjusting well to the cold climate, thanks to your gift from your new leader and--"
SAM,02:26:53,02:26:55,Neutral,"{'Angry': 0.00026566587621346116, 'Disgusted': 0.0001989164884435013, 'Fearful': 6.9873117354291026e-06, 'Happy': 0.013316781260073185, 'Neutral': 0.9860388040542603, 'Other': 1.9899838662240654e-05, 'Sad': 7.744948379695415e-05, 'Surprised': 6.506363570224494e-05, 'Unknown': 1.0412732990516815e-05}",I love her.
MARY,02:26:55,02:26:56,Neutral,"{'Angry': 7.103789539542049e-05, 'Disgusted': 4.062707012053579e-05, 'Fearful': 1.0641207154549193e-05, 'Happy': 0.00016455817967653275, 'Neutral': 0.9995866417884827, 'Other': 1.7695271026241244e-06, 'Sad': 3.041916170332115e-05, 'Surprised': 9.378897084388882e-05, 'Unknown': 4.7674981829004537e-07}",Leader-slash-lover?
MATT,02:26:56,02:27:23,Neutral,"{'Angry': 2.5397537406490756e-09, 'Disgusted': 1.0325995170035185e-08, 'Fearful': 1.614710587460877e-09, 'Happy': 1.7405660912572785e-08, 'Neutral': 1.0, 'Other': 7.4333801336479155e-09, 'Sad': 2.124969000760757e-08, 'Surprised': 6.9601298058330485e-09, 'Unknown': 6.751109116187592e-10}","All right, so as you guys pull off the side of the road and use the cover of the forest to help from the snow that's beginning to hit even harder, you gather there is in this vicinity an ever waxing-and-waning blizzard that pours through. You can see a localized area that is not really moving. You wait like a good 20, 30 minutes to see if there's any movement but the blizzard is not shifting from its location."
FELICIA,02:27:23,02:27:31,Neutral,"{'Angry': 8.094132325107625e-14, 'Disgusted': 2.5896403941459136e-15, 'Fearful': 4.404855346457488e-16, 'Happy': 1.0703835414587262e-13, 'Neutral': 1.0, 'Other': 4.67856372014867e-16, 'Sad': 2.903893759568371e-13, 'Surprised': 3.4154658810382765e-14, 'Unknown': 1.652883787887807e-15}","Should we try to do the spell, locate dragon again, just to make sure it's at the top of this--"
SAM,02:27:31,02:27:32,Neutral,"{'Angry': 8.426208175649208e-09, 'Disgusted': 2.461379100537897e-09, 'Fearful': 8.429290598854777e-10, 'Happy': 4.0751942265160324e-08, 'Neutral': 1.0, 'Other': 2.2687084155759152e-10, 'Sad': 3.2727246690456013e-08, 'Surprised': 2.5740967135590154e-09, 'Unknown': 1.109937836085706e-10}","Good leading, good leading."
LAURA,02:27:32,02:27:33,Angry,"{'Angry': 0.6465117931365967, 'Disgusted': 0.005189784336835146, 'Fearful': 0.000321637315209955, 'Happy': 0.0015203244984149933, 'Neutral': 0.3436899483203888, 'Other': 0.00013358501018956304, 'Sad': 0.0016199713572859764, 'Surprised': 5.634755871142261e-05, 'Unknown': 0.0009566754451952875}","Sure, I will try it again."
MATT,02:27:33,02:27:49,Happy,"{'Angry': 1.572982182551641e-05, 'Disgusted': 0.00042796111665666103, 'Fearful': 3.161515269312076e-05, 'Happy': 0.9955862760543823, 'Neutral': 0.0015325132990255952, 'Other': 0.000785333220846951, 'Sad': 0.00017260787717532367, 'Surprised': 0.0010498332558199763, 'Unknown': 0.00039811921305954456}","All right. You sit and concentrate for a moment and... nothing. Nothing-- wait. You sense this very, very small blip at the edge, it's moving quickly."
LAURA,02:27:49,02:27:51,Neutral,"{'Angry': 2.938676038621857e-11, 'Disgusted': 3.643898984634353e-12, 'Fearful': 1.2982787588045053e-12, 'Happy': 1.0206793743527953e-10, 'Neutral': 1.0, 'Other': 5.315284887577598e-13, 'Sad': 2.0689434887533054e-10, 'Surprised': 6.670692644095144e-12, 'Unknown': 3.520999030531824e-12}",There. There's a dragon.
FELICIA,02:27:51,02:27:54,Neutral,"{'Angry': 6.884608865220798e-07, 'Disgusted': 1.2443135801731842e-06, 'Fearful': 1.993235621000622e-08, 'Happy': 6.958389064948278e-08, 'Neutral': 0.9999973773956299, 'Other': 1.2311048180890793e-07, 'Sad': 4.1454364918536157e-07, 'Surprised': 2.5688825289194028e-08, 'Unknown': 6.472943425706035e-08}","Where is it, which, which--"
LAURA,02:27:54,02:27:55,Neutral,"{'Angry': 0.1554712951183319, 'Disgusted': 0.04426195099949837, 'Fearful': 0.0008535420638509095, 'Happy': 0.15425989031791687, 'Neutral': 0.5724375247955322, 'Other': 0.0005072453641332686, 'Sad': 0.059993207454681396, 'Surprised': 0.012094316072762012, 'Unknown': 0.00012107479415135458}","It's fast, wait."
SAM,02:27:55,02:27:57,Happy,"{'Angry': 1.2275519111426547e-05, 'Disgusted': 2.2239206373342313e-05, 'Fearful': 2.31187732424587e-06, 'Happy': 0.9991818070411682, 'Neutral': 0.0006666298722848296, 'Other': 1.678465537224838e-06, 'Sad': 9.994942956836894e-05, 'Surprised': 1.279263506148709e-05, 'Unknown': 3.7609720493492205e-07}","Which way, east, north, south?"
MATT,02:27:57,02:27:59,Sad,"{'Angry': 0.02548418566584587, 'Disgusted': 0.008235352113842964, 'Fearful': 0.0025483008939772844, 'Happy': 0.054561302065849304, 'Neutral': 0.37547749280929565, 'Other': 0.00037366076139733195, 'Sad': 0.5278142690658569, 'Surprised': 0.005279685836285353, 'Unknown': 0.00022575152979698032}","It's getting closer, you can sense its energy up in the air."
LAURA,02:27:59,02:28:01,Neutral,"{'Angry': 0.00970056839287281, 'Disgusted': 0.04894097149372101, 'Fearful': 0.003758796025067568, 'Happy': 0.20579871535301208, 'Neutral': 0.5496003031730652, 'Other': 0.00016888196114450693, 'Sad': 0.1764741688966751, 'Surprised': 0.0054020038805902, 'Unknown': 0.00015553714183624834}",It's up in the air.
MATT,02:28:01,02:28:06,Neutral,"{'Angry': 3.3087062547565438e-06, 'Disgusted': 1.1470378922240343e-05, 'Fearful': 2.7877938464371255e-06, 'Happy': 1.3836511243425775e-05, 'Neutral': 0.9998821020126343, 'Other': 7.65465392760234e-06, 'Sad': 6.348815077217296e-05, 'Surprised': 5.369384439291025e-07, 'Unknown': 1.4790500244998839e-05}","At that point you hear this distant guttural howl, just a--"
LAURA,02:28:06,02:28:08,Neutral,"{'Angry': 1.4109445382881614e-11, 'Disgusted': 8.3431270789594e-13, 'Fearful': 1.6616666809882163e-13, 'Happy': 3.000731607638585e-11, 'Neutral': 1.0, 'Other': 6.787609076143106e-14, 'Sad': 2.8371581126118706e-11, 'Surprised': 3.5681683302479783e-12, 'Unknown': 4.064169519587407e-13}",We should hide just in case. How about we hide?
MATT,02:28:08,02:28:18,Neutral,"{'Angry': 9.17145193124469e-10, 'Disgusted': 3.3269678678671255e-10, 'Fearful': 7.309117200371418e-11, 'Happy': 3.887863364582245e-09, 'Neutral': 1.0, 'Other': 2.5233148903680558e-11, 'Sad': 6.583600331566686e-09, 'Surprised': 4.3644091118899553e-10, 'Unknown': 7.769748039399005e-11}",(raaah!) comes bursting out over the air. The wind begins to pick up and the snowfall begins to become ice. The rest of you guys have to kind of duck yourself out of the way--
LAURA,02:28:18,02:28:19,Neutral,"{'Angry': 0.0015780349494889379, 'Disgusted': 0.12219589203596115, 'Fearful': 0.00025578762870281935, 'Happy': 0.022603735327720642, 'Neutral': 0.8493819832801819, 'Other': 0.00030034861993044615, 'Sad': 0.001224591745994985, 'Surprised': 0.0022786082699894905, 'Unknown': 0.00018108400399796665}",No way.
MATT,02:28:19,02:28:22,Neutral,"{'Angry': 1.5168450318014948e-06, 'Disgusted': 1.6826717228468624e-06, 'Fearful': 7.118006806194899e-07, 'Happy': 1.5788202290423214e-05, 'Neutral': 0.9999676942825317, 'Other': 1.0589659495963133e-06, 'Sad': 2.661866801645374e-06, 'Surprised': 1.159685609763983e-07, 'Unknown': 8.840337613946758e-06}","-- everyone make a reflex, or sorry, a dexterity saving throw."
MARY,02:28:22,02:28:23,Neutral,"{'Angry': 4.218718743231875e-07, 'Disgusted': 5.66623498343688e-07, 'Fearful': 1.795475839116989e-07, 'Happy': 5.240275413598283e-07, 'Neutral': 0.9999970197677612, 'Other': 9.739747497405915e-08, 'Sad': 6.468205242526892e-07, 'Surprised': 4.800060651177773e-07, 'Unknown': 2.3075491739632525e-08}",What's that?
FELICIA,02:28:23,02:28:25,Neutral,"{'Angry': 7.384399935972397e-08, 'Disgusted': 5.27924441939831e-08, 'Fearful': 1.3403536058831378e-08, 'Happy': 2.2804978527801723e-07, 'Neutral': 0.9999992847442627, 'Other': 1.9117202043617e-08, 'Sad': 5.873022956848217e-08, 'Surprised': 2.2821926570770756e-09, 'Unknown': 1.9866590150741104e-07}",I am very good at that.
SAM,02:28:25,02:28:27,Neutral,"{'Angry': 1.163096216560966e-10, 'Disgusted': 1.0591943988558228e-11, 'Fearful': 2.8356041473220905e-12, 'Happy': 4.0593023387103244e-10, 'Neutral': 1.0, 'Other': 5.187336020798239e-13, 'Sad': 4.106940620918209e-10, 'Surprised': 3.734776723995914e-11, 'Unknown': 5.867559584905868e-13}","I don't even know what this is, what is this?"
FELICIA,02:28:27,02:28:31,Neutral,"{'Angry': 2.234133884837508e-12, 'Disgusted': 9.270043093605532e-14, 'Fearful': 2.147019473558269e-14, 'Happy': 3.2904878908418533e-12, 'Neutral': 1.0, 'Other': 6.815484168107592e-15, 'Sad': 5.919529623421571e-12, 'Surprised': 6.532017223122299e-13, 'Unknown': 4.6511463436130565e-14}",That's a nine. MARY:12.
TRAVIS,02:28:31,02:28:33,Neutral,"{'Angry': 4.268750853952952e-05, 'Disgusted': 3.957459921366535e-05, 'Fearful': 6.023363312124275e-06, 'Happy': 0.00039859089883975685, 'Neutral': 0.9992566704750061, 'Other': 2.7034413506044075e-05, 'Sad': 7.808065856806934e-05, 'Surprised': 1.2081547538400628e-05, 'Unknown': 0.00013917723845224828}",Eight.
SAM,02:28:33,02:28:35,Neutral,"{'Angry': 0.0002948456385638565, 'Disgusted': 0.0002451981126796454, 'Fearful': 9.794450306799263e-05, 'Happy': 0.024456804618239403, 'Neutral': 0.9743008017539978, 'Other': 2.357403172936756e-05, 'Sad': 0.0002806222764775157, 'Surprised': 0.00011328415712341666, 'Unknown': 0.00018707383424043655}",13.
FELICIA,02:28:35,02:28:36,Neutral,"{'Angry': 4.004951551905833e-05, 'Disgusted': 8.408535904891323e-06, 'Fearful': 8.291411859318032e-07, 'Happy': 0.00043193314922973514, 'Neutral': 0.9994516968727112, 'Other': 1.6634372741464176e-06, 'Sad': 4.6783261495875195e-05, 'Surprised': 1.8517745047574863e-05, 'Unknown': 9.692417535234199e-08}",11.
TALIESIN,02:28:36,02:28:38,Neutral,"{'Angry': 2.013846369663952e-06, 'Disgusted': 2.3846034764574142e-06, 'Fearful': 2.602628683234798e-06, 'Happy': 1.0834063687070739e-05, 'Neutral': 0.9999687671661377, 'Other': 5.757080998591846e-07, 'Sad': 8.206183338188566e-06, 'Surprised': 4.19339176005451e-06, 'Unknown': 4.0221385688710143e-07}",16.
LAURA,02:28:38,02:28:39,Surprised,"{'Angry': 0.00837656483054161, 'Disgusted': 0.004352647811174393, 'Fearful': 0.0031057943124324083, 'Happy': 0.04125016927719116, 'Neutral': 0.010139945894479752, 'Other': 0.00021838938118889928, 'Sad': 0.001338256523013115, 'Surprised': 0.9309580326080322, 'Unknown': 0.0002602407184895128}",24.
MATT,02:28:39,02:29:04,Angry,"{'Angry': 0.8211929202079773, 'Disgusted': 0.005228335969150066, 'Fearful': 0.0003982192138209939, 'Happy': 0.10682234913110733, 'Neutral': 0.05004473775625229, 'Other': 0.0011891786707565188, 'Sad': 0.004233161918818951, 'Surprised': 0.009469975717365742, 'Unknown': 0.0014212599489837885}","All right. All of you guys manage to find cover under the nearest tree where the bough of the forest is at its strongest. You avoid most of the brunt impact, Grog unfortunately takes a good portion of slamming ice-stone damage. Negligible for most damage you're used to, but you still take four points of bludgeoning damage from the falling ice."
TRAVIS,02:29:04,02:29:05,Surprised,"{'Angry': 0.012242483906447887, 'Disgusted': 0.013368163257837296, 'Fearful': 0.006650429684668779, 'Happy': 0.2850956618785858, 'Neutral': 0.13992950320243835, 'Other': 0.0014608678175136447, 'Sad': 0.012293397448956966, 'Surprised': 0.528829038143158, 'Unknown': 0.00013048449181951582}",All right.
MATT,02:29:05,02:29:18,Happy,"{'Angry': 0.0040360200218856335, 'Disgusted': 0.004237347282469273, 'Fearful': 0.00146289577241987, 'Happy': 0.9578953981399536, 'Neutral': 0.013337709940969944, 'Other': 0.0015722955577075481, 'Sad': 0.0032590685877949, 'Surprised': 0.0012259866343811154, 'Unknown': 0.012973271310329437}","The sleet. As you guys are currently in this position, you can see barely through the very very heavy snowfall a shape that (whoo) moves over in the distance that circles around and then heads back in a western direction."
SAM,02:29:18,02:29:20,Neutral,"{'Angry': 1.7011169575198437e-06, 'Disgusted': 3.616974595388456e-07, 'Fearful': 2.0469641981435416e-08, 'Happy': 2.874701749533415e-06, 'Neutral': 0.999994158744812, 'Other': 2.536399890118446e-08, 'Sad': 4.387635215152841e-07, 'Surprised': 4.017398680389306e-07, 'Unknown': 1.690263928821878e-08}",Can we get its attention?
MARY,02:29:20,02:29:24,Neutral,"{'Angry': 0.0003381504793651402, 'Disgusted': 0.0019885858055204153, 'Fearful': 0.003623833181336522, 'Happy': 0.0040583922527730465, 'Neutral': 0.9008605480194092, 'Other': 0.00040949159301817417, 'Sad': 0.005928749218583107, 'Surprised': 3.6236738196748774e-06, 'Unknown': 0.08278869092464447}","I cast Beast Speak and say, where do you live?! I'm kidding."
TRAVIS,02:29:24,02:29:26,Fearful,"{'Angry': 0.03217693045735359, 'Disgusted': 0.028865600004792213, 'Fearful': 0.5675019025802612, 'Happy': 0.07372654974460602, 'Neutral': 0.05165562406182289, 'Other': 0.050076913088560104, 'Sad': 0.16718125343322754, 'Surprised': 0.028041668236255646, 'Unknown': 0.0007735536783002317}","I was like, really?"
TALIESIN,02:29:26,02:29:29,Neutral,"{'Angry': 3.728416459125583e-06, 'Disgusted': 8.942258318711538e-06, 'Fearful': 7.315719358302886e-06, 'Happy': 9.090856474358588e-05, 'Neutral': 0.9994146823883057, 'Other': 2.561273140599951e-05, 'Sad': 0.00011615677794907242, 'Surprised': 9.671487077866914e-08, 'Unknown': 0.00033258553594350815}","Thank you for that addendum, because we--"
"LAURA, MARY",02:29:29,02:29:31,Neutral,"{'Angry': 0.00010642525739967823, 'Disgusted': 3.874922913382761e-05, 'Fearful': 6.28736597718671e-05, 'Happy': 0.010532685555517673, 'Neutral': 0.9887586832046509, 'Other': 2.5155806724797003e-05, 'Sad': 0.0003526700893417001, 'Surprised': 0.00011491039913380519, 'Unknown': 7.895895578258205e-06}",Not really.
MARY,02:29:31,02:29:32,Happy,"{'Angry': 0.10817130655050278, 'Disgusted': 0.009046630002558231, 'Fearful': 7.577539508929476e-05, 'Happy': 0.8600779175758362, 'Neutral': 0.015562380664050579, 'Other': 0.00011939254909520969, 'Sad': 0.0006688245921395719, 'Surprised': 0.0062627606093883514, 'Unknown': 1.5025641914689913e-05}",Not really.
LAURA,02:29:32,02:29:33,Neutral,"{'Angry': 0.010566054843366146, 'Disgusted': 0.0029098372906446457, 'Fearful': 0.00011507191084092483, 'Happy': 0.4580245316028595, 'Neutral': 0.5270135402679443, 'Other': 0.00011832634481834248, 'Sad': 0.0007156615029089153, 'Surprised': 0.00014711832045577466, 'Unknown': 0.00038982491241768}","All of us are like, ahh."
MARY,02:29:33,02:29:34,Happy,"{'Angry': 0.2610313594341278, 'Disgusted': 0.07891431450843811, 'Fearful': 0.03785029426217079, 'Happy': 0.4610871374607086, 'Neutral': 0.0436866469681263, 'Other': 0.00484883226454258, 'Sad': 0.014398165047168732, 'Surprised': 0.001245242776349187, 'Unknown': 0.09693804383277893}",I have a sick sense of humor.
LAURA,02:29:34,02:29:37,Neutral,"{'Angry': 1.831968743370993e-10, 'Disgusted': 1.5376012962864394e-11, 'Fearful': 3.637628176109131e-12, 'Happy': 4.554482901930612e-10, 'Neutral': 1.0, 'Other': 6.827474241348497e-13, 'Sad': 1.7271377383831776e-10, 'Surprised': 9.873686590555764e-11, 'Unknown': 4.636359438731086e-12}",Can I see which direction it's going back towards the mountain?
MATT,02:29:37,02:29:55,Happy,"{'Angry': 5.574971595478928e-09, 'Disgusted': 3.5553068045146574e-08, 'Fearful': 3.674894344385393e-08, 'Happy': 0.9999995231628418, 'Neutral': 9.867540740060576e-08, 'Other': 2.4880284499317895e-08, 'Sad': 2.1409267958460987e-07, 'Surprised': 2.9210481145014455e-08, 'Unknown': 3.549879323827554e-08}","Yeah. You look over in that direction and you can barely make it through bits as the storm intensifies and begins to subside a little bit, you can see what looks to be the gentle outline of a mountain range maybe about ten miles off from the road. To the west of the road, into the forest itself."
LAURA,02:29:55,02:29:56,Neutral,"{'Angry': 0.00010606115392874926, 'Disgusted': 2.674323695828207e-05, 'Fearful': 1.3451384802465327e-05, 'Happy': 0.00026673355023376644, 'Neutral': 0.999529242515564, 'Other': 1.5371130075436668e-06, 'Sad': 2.3006210540188476e-05, 'Surprised': 3.280599048594013e-05, 'Unknown': 4.0487972796654503e-07}",Great.
SAM,02:29:56,02:29:58,Angry,"{'Angry': 0.8304064273834229, 'Disgusted': 0.01586035080254078, 'Fearful': 0.0009400708368048072, 'Happy': 0.002977984258905053, 'Neutral': 0.1314585655927658, 'Other': 2.650755959621165e-05, 'Sad': 0.017820443958044052, 'Surprised': 0.0004903821973130107, 'Unknown': 1.9237562810303643e-05}",We've got this.
LAURA,02:29:58,02:29:59,Neutral,"{'Angry': 0.0021911070216447115, 'Disgusted': 0.0006489506922662258, 'Fearful': 0.00026940833777189255, 'Happy': 0.006625748239457607, 'Neutral': 0.9888982176780701, 'Other': 0.00020747863163705915, 'Sad': 0.0005953632644377649, 'Surprised': 0.00042865274008363485, 'Unknown': 0.0001350570673821494}",We got to go in the forest.
FELICIA,02:29:59,02:30:02,Neutral,"{'Angry': 1.3960455014228046e-10, 'Disgusted': 3.209750173982506e-11, 'Fearful': 1.0224578128603667e-11, 'Happy': 6.035804633874875e-10, 'Neutral': 1.0, 'Other': 7.789687297976577e-12, 'Sad': 8.742367940683948e-10, 'Surprised': 4.450571855496577e-11, 'Unknown': 5.3984997028244663e-11}",Okay. Let's go!
MARY,02:30:02,02:30:05,Neutral,"{'Angry': 0.00554899126291275, 'Disgusted': 0.016119789332151413, 'Fearful': 0.00014941608242224902, 'Happy': 0.03096090815961361, 'Neutral': 0.9302955269813538, 'Other': 0.0022034200374037027, 'Sad': 0.012494144961237907, 'Surprised': 0.0010999907972291112, 'Unknown': 0.0011277631856501102}",It should provide us with some cover from the snow as well.
SAM,02:30:05,02:30:07,Neutral,"{'Angry': 0.005730393808335066, 'Disgusted': 0.008954867720603943, 'Fearful': 0.00038907837006263435, 'Happy': 0.24680492281913757, 'Neutral': 0.723150372505188, 'Other': 0.0002813271130435169, 'Sad': 0.003979100845754147, 'Surprised': 0.01054845005273819, 'Unknown': 0.0001615692162886262}",But who knows what lurks in those woods?
MARY,02:30:07,02:30:08,Happy,"{'Angry': 2.2291767891147174e-05, 'Disgusted': 7.824512067600153e-06, 'Fearful': 2.8705001113848994e-06, 'Happy': 0.999893307685852, 'Neutral': 2.0847783162025735e-05, 'Other': 1.6080729210443678e-06, 'Sad': 1.0788994586619083e-05, 'Surprised': 4.0404152969131246e-05, 'Unknown': 8.863771938649734e-08}",This is true.
LAURA,02:30:08,02:30:11,Happy,"{'Angry': 7.095042775517868e-08, 'Disgusted': 9.908276865644439e-09, 'Fearful': 1.2072031152499108e-09, 'Happy': 0.9999734163284302, 'Neutral': 2.6412793886265717e-05, 'Other': 1.163305340945442e-09, 'Sad': 5.977439343496371e-08, 'Surprised': 5.040298400871279e-09, 'Unknown': 1.5422556565169998e-09}","Well, I can also, you know, see what kind of creatures are around."
SAM,02:30:11,02:30:12,Neutral,"{'Angry': 0.022054312750697136, 'Disgusted': 0.000565106573048979, 'Fearful': 0.0014425197150558233, 'Happy': 0.28899791836738586, 'Neutral': 0.680810272693634, 'Other': 0.00045107814366929233, 'Sad': 0.005058719776570797, 'Surprised': 0.0005914380890317261, 'Unknown': 2.8660349926212803e-05}",All right.
MARY,02:30:12,02:30:13,Angry,"{'Angry': 0.9214593172073364, 'Disgusted': 0.015497623942792416, 'Fearful': 0.013855489902198315, 'Happy': 0.03169413283467293, 'Neutral': 0.003775344230234623, 'Other': 0.0005502321291714907, 'Sad': 0.003880457952618599, 'Surprised': 0.00020837334159296006, 'Unknown': 0.009079020470380783}","Oh, yes."
LAURA,02:30:13,02:30:17,Neutral,"{'Angry': 0.04226165637373924, 'Disgusted': 0.005724705755710602, 'Fearful': 0.0017614091048017144, 'Happy': 0.0052554854191839695, 'Neutral': 0.8956629633903503, 'Other': 0.002899907296523452, 'Sad': 0.0008423122926615179, 'Surprised': 1.9719189367606305e-05, 'Unknown': 0.045571912080049515}","No, I can't. I can't see animals. Just kidding."
FELICIA,02:30:17,02:30:20,Unknown,"{'Angry': 0.0005597504787147045, 'Disgusted': 0.003981835208833218, 'Fearful': 0.0168457068502903, 'Happy': 0.15050971508026123, 'Neutral': 0.10552486032247543, 'Other': 0.0009608544642105699, 'Sad': 0.007752074860036373, 'Surprised': 9.304098966822494e-06, 'Unknown': 0.7138558030128479}","Well, we don't really have a choice, we have to get the dragon."
SAM,02:30:20,02:30:21,Surprised,"{'Angry': 0.003148527815937996, 'Disgusted': 0.0031466034706681967, 'Fearful': 0.0008353213779628277, 'Happy': 0.17624172568321228, 'Neutral': 0.33554261922836304, 'Other': 0.00011132710642414168, 'Sad': 0.001405254122801125, 'Surprised': 0.47951024770736694, 'Unknown': 5.833410250488669e-05}",Let's plunge in.
FELICIA,02:30:21,02:30:22,Surprised,"{'Angry': 0.005454183090478182, 'Disgusted': 0.0020662136375904083, 'Fearful': 0.000460776558611542, 'Happy': 0.0525352917611599, 'Neutral': 0.17255301773548126, 'Other': 3.052963802474551e-05, 'Sad': 0.0010188320884481072, 'Surprised': 0.7658700346946716, 'Unknown': 1.1142273251607548e-05}",And we have a time limit.
TRAVIS,02:30:22,02:30:23,Neutral,"{'Angry': 0.022462964057922363, 'Disgusted': 0.011685490608215332, 'Fearful': 0.0007281223661266267, 'Happy': 0.12397456169128418, 'Neutral': 0.63778156042099, 'Other': 0.00014144740998744965, 'Sad': 0.002603136468678713, 'Surprised': 0.20059062540531158, 'Unknown': 3.213453965145163e-05}",You're the team leader.
FELICIA,02:30:23,02:30:26,Angry,"{'Angry': 0.9935198426246643, 'Disgusted': 0.0008129944908432662, 'Fearful': 0.0003140491899102926, 'Happy': 0.0009659978095442057, 'Neutral': 0.0038320499006658792, 'Other': 0.00011848244321299717, 'Sad': 6.641953223152086e-05, 'Surprised': 7.866256783017889e-05, 'Unknown': 0.0002916345838457346}","We have-- we need-- now there's really no other way to go, we have to go through the forest?"
MATT,02:30:26,02:30:28,Happy,"{'Angry': 0.46221470832824707, 'Disgusted': 0.00048511516069993377, 'Fearful': 5.1518520194804296e-05, 'Happy': 0.5353248715400696, 'Neutral': 0.0011419081129133701, 'Other': 0.00018209521658718586, 'Sad': 0.00017633494280744344, 'Surprised': 0.0001871275744633749, 'Unknown': 0.00023639154096599668}",Currently.
FELICIA,02:30:28,02:30:29,Neutral,"{'Angry': 0.0016961214132606983, 'Disgusted': 0.24475455284118652, 'Fearful': 0.0004603980341926217, 'Happy': 0.0031500100158154964, 'Neutral': 0.6692370772361755, 'Other': 0.002980452962219715, 'Sad': 0.0004607744631357491, 'Surprised': 0.07657841593027115, 'Unknown': 0.0006821404676884413}",Currently.
MATT,02:30:29,02:30:38,Neutral,"{'Angry': 7.559114010291523e-07, 'Disgusted': 4.919663183500234e-07, 'Fearful': 1.0005582851135841e-07, 'Happy': 2.0018590021209093e-06, 'Neutral': 0.9999914169311523, 'Other': 5.394151685322868e-07, 'Sad': 3.135180350000155e-06, 'Surprised': 9.686434623290552e-07, 'Unknown': 5.552540756070812e-07}","Unless you guys have any other plan, right now there is about ten miles of forest between you, near the roadway, and this mountain range, where apparently the dragon has returned to."
FELICIA,02:30:38,02:30:42,Neutral,"{'Angry': 8.015784942472237e-07, 'Disgusted': 1.577775037731044e-06, 'Fearful': 5.481968514686741e-07, 'Happy': 2.430238964734599e-05, 'Neutral': 0.999929666519165, 'Other': 5.0014309636026155e-06, 'Sad': 1.3337977179617155e-05, 'Surprised': 3.930927761075509e-08, 'Unknown': 2.4872795620467514e-05}","Great, okay. Well, there's nothing else to be done, we just have to go as fast as we can."
LAURA,02:30:42,02:30:44,Neutral,"{'Angry': 8.970717317424715e-06, 'Disgusted': 1.2821254131267779e-05, 'Fearful': 3.6647431898018112e-06, 'Happy': 3.098135130130686e-05, 'Neutral': 0.999813973903656, 'Other': 7.60343709771405e-06, 'Sad': 5.892829722142778e-05, 'Surprised': 3.739438625416369e-07, 'Unknown': 6.273805047385395e-05}",All right.
MARY,02:30:44,02:30:45,Neutral,"{'Angry': 0.011209666728973389, 'Disgusted': 0.22207647562026978, 'Fearful': 0.0008583547314628959, 'Happy': 0.031716275960206985, 'Neutral': 0.45527878403663635, 'Other': 0.00047187769087031484, 'Sad': 0.0036007973831146955, 'Surprised': 0.27430057525634766, 'Unknown': 0.00048725662054494023}","I could cast Invisibility and Fly, I could fly us all somewhere."
FELICIA,02:30:45,02:30:47,Neutral,"{'Angry': 3.6913465617516295e-09, 'Disgusted': 1.9379881033287916e-10, 'Fearful': 1.310138247889725e-10, 'Happy': 3.7017604537226134e-09, 'Neutral': 1.0, 'Other': 2.8773207774723808e-12, 'Sad': 1.7379975236764267e-09, 'Surprised': 8.510160354191498e-10, 'Unknown': 9.035851060434918e-12}",I don't really have any other--
LAURA,02:30:47,02:30:49,Neutral,"{'Angry': 5.997431826339217e-13, 'Disgusted': 1.9908030505686423e-14, 'Fearful': 4.85135494737764e-15, 'Happy': 6.694256694111944e-13, 'Neutral': 1.0, 'Other': 2.0584130933635385e-15, 'Sad': 1.991465803027892e-12, 'Surprised': 1.771353788475316e-13, 'Unknown': 1.3274057451362429e-14}","Oh, you can't fly all of us, can you?"
MARY,02:30:49,02:30:51,Neutral,"{'Angry': 1.331830219442054e-07, 'Disgusted': 1.831586331491053e-07, 'Fearful': 2.0252748811344645e-07, 'Happy': 8.749099720262166e-07, 'Neutral': 0.999997615814209, 'Other': 1.6555999593492743e-07, 'Sad': 5.185054305911763e-07, 'Surprised': 3.091592049031533e-08, 'Unknown': 2.489316273113218e-07}","I think I can fly up to nine, I thought."
LAURA,02:30:51,02:30:53,Neutral,"{'Angry': 0.00012666289694607258, 'Disgusted': 0.0012123065534979105, 'Fearful': 3.057286812691018e-05, 'Happy': 0.0007680108537897468, 'Neutral': 0.9974231719970703, 'Other': 0.00011133107909699902, 'Sad': 0.00020491394388955086, 'Surprised': 6.587128154933453e-05, 'Unknown': 5.71997843508143e-05}",You can fly up to nine people?
SAM,02:30:53,02:30:54,Angry,"{'Angry': 0.9998656511306763, 'Disgusted': 2.0727111404994503e-05, 'Fearful': 2.9089294457662618e-06, 'Happy': 2.7853418941958807e-05, 'Neutral': 7.100623770384118e-05, 'Other': 6.345411520669586e-07, 'Sad': 5.396100277721416e-06, 'Surprised': 3.61070169674349e-06, 'Unknown': 2.0923839656461496e-06}",What?
LAURA,02:30:54,02:30:56,Neutral,"{'Angry': 1.3589239733491354e-09, 'Disgusted': 3.0211202983743135e-10, 'Fearful': 7.123505951778242e-11, 'Happy': 2.344716421021076e-09, 'Neutral': 1.0, 'Other': 6.356960791098487e-11, 'Sad': 2.442112512213157e-09, 'Surprised': 1.1703352176262172e-10, 'Unknown': 2.8460811485331305e-10}",Tiberius can only fly up to three people.
SAM,02:30:56,02:30:57,Neutral,"{'Angry': 0.0005305404192768037, 'Disgusted': 0.0104378592222929, 'Fearful': 2.368377499806229e-05, 'Happy': 0.0008570422069169581, 'Neutral': 0.987183690071106, 'Other': 0.000463675067294389, 'Sad': 0.00022215867647901177, 'Surprised': 0.0002589996438473463, 'Unknown': 2.2374728359864093e-05}",What kind of devil are you?
FELICIA,02:30:57,02:30:58,Neutral,"{'Angry': 0.2411412000656128, 'Disgusted': 0.040826257318258286, 'Fearful': 0.002114897361025214, 'Happy': 0.08922599256038666, 'Neutral': 0.6136979460716248, 'Other': 0.0017426245613023639, 'Sad': 0.0038155168294906616, 'Surprised': 0.005780705250799656, 'Unknown': 0.0016548255225643516}","Oh, should we fly? We--"
SAM,02:30:58,02:30:59,Neutral,"{'Angry': 0.023728463798761368, 'Disgusted': 0.04566849023103714, 'Fearful': 0.0029461721424013376, 'Happy': 0.16601908206939697, 'Neutral': 0.7361302375793457, 'Other': 0.0019991847220808268, 'Sad': 0.004300308879464865, 'Surprised': 0.00019658292876556516, 'Unknown': 0.019011439755558968}","Wait, can you fly?"
FELICIA,02:30:59,02:31:02,Neutral,"{'Angry': 2.246066443944983e-09, 'Disgusted': 9.010732160419366e-10, 'Fearful': 3.442694185284978e-10, 'Happy': 1.481448475004754e-08, 'Neutral': 1.0, 'Other': 1.5630645389119735e-10, 'Sad': 8.177809540654835e-09, 'Surprised': 7.609943786235362e-10, 'Unknown': 1.0457379406858536e-09}","I can't fly, no, but maybe Zahra can fly."
LAURA,02:31:02,02:31:08,Neutral,"{'Angry': 0.026530122384428978, 'Disgusted': 0.0016860475298017263, 'Fearful': 0.00021330302115529776, 'Happy': 0.004796538967639208, 'Neutral': 0.9579615592956543, 'Other': 0.0010676014935597777, 'Sad': 0.0006974008865654469, 'Surprised': 2.6856432668864727e-05, 'Unknown': 0.007020530290901661}","If we're flying, though, I'm just going to put this out there. There's nowhere to hide if the dragon comes back out."
MARY,02:31:08,02:31:10,Neutral,"{'Angry': 4.752075255964883e-06, 'Disgusted': 9.88704073279223e-07, 'Fearful': 2.8034287424816284e-07, 'Happy': 5.428629265225027e-06, 'Neutral': 0.999981164932251, 'Other': 2.896054240864032e-07, 'Sad': 1.7143482864412363e-06, 'Surprised': 5.342586064216448e-06, 'Unknown': 6.152158249506101e-08}","I understand, but I can also cast Invisibility."
LAURA,02:31:10,02:31:11,Neutral,"{'Angry': 0.0019848437514156103, 'Disgusted': 0.00098706828430295, 'Fearful': 0.0012893142411485314, 'Happy': 0.0010811372194439173, 'Neutral': 0.9904847145080566, 'Other': 0.00018128007650375366, 'Sad': 0.0004056935431435704, 'Surprised': 0.0009012098307721317, 'Unknown': 0.0026848099660128355}","Well, that's awesome."
FELICIA,02:31:11,02:31:13,Fearful,"{'Angry': 0.08662013709545135, 'Disgusted': 0.0024223916698247194, 'Fearful': 0.8433380126953125, 'Happy': 0.03176872432231903, 'Neutral': 0.0021526424679905176, 'Other': 0.019205786287784576, 'Sad': 0.002219162415713072, 'Surprised': 0.012110271491110325, 'Unknown': 0.00016287605103570968}","But that doesn't last as long, or--"
MARY,02:31:13,02:31:17,Sad,"{'Angry': 0.02537245862185955, 'Disgusted': 0.0036464580334722996, 'Fearful': 0.014627734199166298, 'Happy': 0.13709208369255066, 'Neutral': 0.006106790620833635, 'Other': 0.0009036140399985015, 'Sad': 0.8088027238845825, 'Surprised': 0.0012859995476901531, 'Unknown': 0.002162088407203555}","I can target one additional creature for each slot above third, what does that mean?"
MATT,02:31:17,02:31:23,Happy,"{'Angry': 5.862647753929195e-07, 'Disgusted': 1.4454091115112533e-06, 'Fearful': 2.232651013400755e-06, 'Happy': 0.9999796152114868, 'Neutral': 1.0843779136848752e-06, 'Other': 1.200154997604841e-06, 'Sad': 2.4458936422888655e-06, 'Surprised': 1.0277533874614164e-05, 'Unknown': 1.1616780284384731e-06}","It means, if everything you cast is at maximum level, it would be fifth level, which means you could target three creatures with Invisibility."
MARY,02:31:23,02:31:25,Neutral,"{'Angry': 0.001304261153563857, 'Disgusted': 0.00036626189830712974, 'Fearful': 8.484694262733683e-05, 'Happy': 0.0035128931049257517, 'Neutral': 0.992229163646698, 'Other': 0.00026029880973510444, 'Sad': 0.00022159257787279785, 'Surprised': 3.402834045118652e-05, 'Unknown': 0.0019865790382027626}",Three creatures with Invisibility and three creatures with Fly.
LAURA,02:31:25,02:31:28,Neutral,"{'Angry': 0.035659950226545334, 'Disgusted': 0.009577739983797073, 'Fearful': 8.422268001595512e-05, 'Happy': 0.00039377028588205576, 'Neutral': 0.9533246755599976, 'Other': 0.00014885401469655335, 'Sad': 0.00037754533695988357, 'Surprised': 0.00012875866377726197, 'Unknown': 0.0003045557241421193}",But is it at the same time or is it a concentration?
MATT,02:31:28,02:31:39,Neutral,"{'Angry': 2.8243326255505963e-07, 'Disgusted': 3.036776519138584e-08, 'Fearful': 3.698411354946529e-09, 'Happy': 5.536159619623504e-07, 'Neutral': 0.999998927116394, 'Other': 9.143238166586798e-09, 'Sad': 1.0348624357447989e-07, 'Surprised': 1.3124015652010712e-08, 'Unknown': 1.8158408110480195e-08}","It's a concentration either way. I will say, as soon as you start thinking about flying and getting there, you look up past where the trees are. Flying in this weather would be a terrible idea."
FELICIA,02:31:39,02:31:41,Neutral,"{'Angry': 1.0859221508119354e-12, 'Disgusted': 3.313554264956428e-14, 'Fearful': 8.149819828598501e-15, 'Happy': 1.5320938961949082e-12, 'Neutral': 1.0, 'Other': 1.4132040628800596e-15, 'Sad': 2.5008133584802916e-12, 'Surprised': 3.0322920281482257e-13, 'Unknown': 1.3100556304644542e-14}",That's a terrible idea.
MARY,02:31:41,02:31:42,Neutral,"{'Angry': 1.7878603102872148e-05, 'Disgusted': 4.30098625656683e-05, 'Fearful': 9.734825653140433e-06, 'Happy': 0.0007727910997346044, 'Neutral': 0.9990065693855286, 'Other': 2.25177018364775e-06, 'Sad': 4.5233164200908504e-06, 'Surprised': 0.0001359631132800132, 'Unknown': 7.2442489909008145e-06}",All right.
FELICIA,02:31:42,02:31:48,Neutral,"{'Angry': 3.0738993572754225e-09, 'Disgusted': 8.528619477310428e-10, 'Fearful': 1.6664619684192417e-10, 'Happy': 4.643289841510523e-08, 'Neutral': 1.0, 'Other': 3.2074326528075403e-10, 'Sad': 1.4258803915367935e-08, 'Surprised': 2.3239361823801374e-10, 'Unknown': 8.464590139922734e-10}","You know what I was thinking, it might not be good. It might not be good. Let's just ride, we have the horses, we can't leave the horses behind. We only have--"
TRAVIS,02:31:48,02:31:49,Angry,"{'Angry': 0.8863683938980103, 'Disgusted': 0.007248397916555405, 'Fearful': 0.0008556789252907038, 'Happy': 0.03728586062788963, 'Neutral': 0.05826852098107338, 'Other': 0.00018594080756884068, 'Sad': 0.008510771207511425, 'Surprised': 0.0012490525841712952, 'Unknown': 2.743555342021864e-05}","Right, okay. We start riding."
SAM,02:31:49,02:31:52,Neutral,"{'Angry': 0.004575943574309349, 'Disgusted': 0.00480229128152132, 'Fearful': 0.000182772331754677, 'Happy': 0.024753237143158913, 'Neutral': 0.9550816416740417, 'Other': 0.0016626928700134158, 'Sad': 0.00033487784094177186, 'Surprised': 0.004367603454738855, 'Unknown': 0.004238933324813843}","We could, we just rented them. 50 bucks, so."
FELICIA,02:31:52,02:31:56,Neutral,"{'Angry': 0.0004668044566642493, 'Disgusted': 0.0030744567047804594, 'Fearful': 0.0015410799533128738, 'Happy': 0.21302376687526703, 'Neutral': 0.582856297492981, 'Other': 0.0044471146538853645, 'Sad': 0.002693925751373172, 'Surprised': 2.8435362764867023e-05, 'Unknown': 0.1918681412935257}","Don't remind me of that, that was just a thing. All right, onward! Let's--"
TRAVIS,02:31:56,02:31:58,Angry,"{'Angry': 0.83084636926651, 'Disgusted': 0.005854001734405756, 'Fearful': 0.007983948104083538, 'Happy': 0.0537598691880703, 'Neutral': 0.01878928206861019, 'Other': 0.0006649005226790905, 'Sad': 0.08013751357793808, 'Surprised': 0.001429770258255303, 'Unknown': 0.0005343876546248794}",I'm still in the back doing the dust of uhhh.
FELICIA,02:31:58,02:31:59,Angry,"{'Angry': 0.9923714399337769, 'Disgusted': 0.004942187573760748, 'Fearful': 0.000312592281261459, 'Happy': 0.0005103401490487158, 'Neutral': 0.00046897114953026175, 'Other': 9.872179361991584e-06, 'Sad': 0.0013369139051064849, 'Surprised': 3.207208646927029e-05, 'Unknown': 1.5744419215479866e-05}","Yay, go."
MATT,02:31:59,02:32:00,Angry,"{'Angry': 0.8646731376647949, 'Disgusted': 0.001214973977766931, 'Fearful': 0.001141981454566121, 'Happy': 0.1291937381029129, 'Neutral': 0.001113893580622971, 'Other': 0.0002777015033643693, 'Sad': 0.0020523343700915575, 'Surprised': 5.056586815044284e-05, 'Unknown': 0.00028172865859232843}",Dust of uhhh?
TRAVIS,02:32:00,02:32:02,Happy,"{'Angry': 0.01546248234808445, 'Disgusted': 0.0011496380902826786, 'Fearful': 0.0004342387255746871, 'Happy': 0.8385475873947144, 'Neutral': 0.14218926429748535, 'Other': 0.0003069983213208616, 'Sad': 0.00039926235331222415, 'Surprised': 0.0003127385280095041, 'Unknown': 0.001197675708681345}",Nay-nay.
MARY,02:32:02,02:32:03,Neutral,"{'Angry': 0.027015894651412964, 'Disgusted': 0.09376436471939087, 'Fearful': 0.0062729245983064175, 'Happy': 0.05442733317613602, 'Neutral': 0.7722970843315125, 'Other': 0.000780872069299221, 'Sad': 0.008083428256213665, 'Surprised': 0.03619994968175888, 'Unknown': 0.0011581600410863757}",We ride!
MATT,02:32:03,02:32:35,Happy,"{'Angry': 7.91115453466773e-05, 'Disgusted': 0.00016796891577541828, 'Fearful': 1.4667852155980654e-05, 'Happy': 0.7847165465354919, 'Neutral': 0.21217340230941772, 'Other': 0.0015293540200218558, 'Sad': 0.000937730073928833, 'Surprised': 0.00010126793495146558, 'Unknown': 0.0002799735520966351}","As the flower girl picks up the back end, you guys trudge on horseback into the heart of this section of the Vesper Timberlands. It is a very dense forest and you find that any straight-road path is not going to function, as you're constantly having to weave in and out from the thick tree trunks and heavy foliage that has taken over the floor. Plus a layer of snow that tends to encapsulate the area, your movement is relatively restrained than this pace you're normally used to going. You have-- what bonuses do you have because of the forest terrain?"
LAURA,02:32:35,02:32:37,Neutral,"{'Angry': 1.5393283314679707e-09, 'Disgusted': 4.544374043735644e-10, 'Fearful': 1.3465004111701262e-10, 'Happy': 2.286791200845073e-09, 'Neutral': 1.0, 'Other': 9.517225202371193e-11, 'Sad': 5.630693244995655e-09, 'Surprised': 9.518406202113638e-11, 'Unknown': 7.754414332872273e-10}",I have--
MATT,02:32:37,02:32:38,Neutral,"{'Angry': 0.0034144532401114702, 'Disgusted': 0.00018387519230600446, 'Fearful': 4.444154001248535e-06, 'Happy': 8.324834197992459e-05, 'Neutral': 0.9961870312690735, 'Other': 5.23954804521054e-05, 'Sad': 3.098553133895621e-05, 'Surprised': 2.1128512344148476e-06, 'Unknown': 4.154784619458951e-05}","To the group's movement, if any?"
LAURA,02:32:38,02:32:42,Neutral,"{'Angry': 3.3047570013877703e-06, 'Disgusted': 3.5406662846071413e-07, 'Fearful': 1.0459704213872101e-07, 'Happy': 4.307328254071763e-07, 'Neutral': 0.9999942779541016, 'Other': 2.380756995989941e-07, 'Sad': 6.407674959518772e-07, 'Surprised': 8.094276360282038e-09, 'Unknown': 6.607748446185724e-07}","Yes, movement is fine for all of the group."
MATT,02:32:42,02:32:57,Happy,"{'Angry': 0.00021830055629834533, 'Disgusted': 0.0003070035018026829, 'Fearful': 3.685624687932432e-05, 'Happy': 0.542129635810852, 'Neutral': 0.4548889994621277, 'Other': 0.00027848334866575897, 'Sad': 0.0016290246276184916, 'Surprised': 0.00024225021479651332, 'Unknown': 0.00026949812308885157}","Thankfully, though, you have Vex guiding you on this path and where it would be a very difficult experience pushing through this forest, especially with the time limit you have, she is able to find the quickest paths to dodge any of the heavy areas that are dense with dangerous snowfall."
LAURA,02:32:57,02:33:03,Neutral,"{'Angry': 7.035773887764663e-05, 'Disgusted': 0.00024083477910608053, 'Fearful': 3.747992013813928e-05, 'Happy': 0.0035768640227615833, 'Neutral': 0.9956193566322327, 'Other': 6.910521915415302e-05, 'Sad': 0.00028837512945756316, 'Surprised': 6.485776248155162e-05, 'Unknown': 3.277754149166867e-05}",I would also like to perception ahead and make sure that nothing is going to sneak attack us again.
MATT,02:33:03,02:33:04,Neutral,"{'Angry': 0.052455198019742966, 'Disgusted': 0.10338795930147171, 'Fearful': 0.00024897840921767056, 'Happy': 0.021817471832036972, 'Neutral': 0.7283495664596558, 'Other': 0.011156773194670677, 'Sad': 0.08071938157081604, 'Surprised': 0.0006198553601279855, 'Unknown': 0.0012447971384972334}","Understood, understood."
FELICIA,02:33:04,02:33:06,Neutral,"{'Angry': 0.0004979193327017128, 'Disgusted': 0.01763562485575676, 'Fearful': 0.00025365626788698137, 'Happy': 0.025492368265986443, 'Neutral': 0.9381873607635498, 'Other': 0.006303486414253712, 'Sad': 0.01042966265231371, 'Surprised': 0.0005867065628990531, 'Unknown': 0.0006132197449915111}",Very good call.
MATT,02:33:06,02:33:10,Happy,"{'Angry': 1.2364203882953007e-07, 'Disgusted': 7.032495545900019e-07, 'Fearful': 1.8532071521804028e-07, 'Happy': 0.9999760389328003, 'Neutral': 3.497719035294722e-06, 'Other': 3.157863943670236e-07, 'Sad': 3.1784151133251726e-07, 'Surprised': 1.905058510942581e-08, 'Unknown': 1.8763848856906407e-05}","All right. In that regard, I would like you to go ahead and make a perception check."
SAM,02:33:10,02:33:17,Neutral,"{'Angry': 1.5947259512927303e-08, 'Disgusted': 6.694071075230568e-09, 'Fearful': 3.826231276260472e-10, 'Happy': 1.437179344065953e-05, 'Neutral': 0.9999854564666748, 'Other': 1.1092259333267407e-09, 'Sad': 1.5104907902241393e-07, 'Surprised': 1.5806840281129553e-08, 'Unknown': 3.00755365056915e-10}",Oh boy. Something out there. Nope.
LAURA,02:33:17,02:33:21,Neutral,"{'Angry': 0.00020783366926480085, 'Disgusted': 0.00045633694389835, 'Fearful': 0.00068449362879619, 'Happy': 0.00014712307893205434, 'Neutral': 0.9913238286972046, 'Other': 0.006546453572809696, 'Sad': 4.65357989014592e-05, 'Surprised': 0.0005519650294445455, 'Unknown': 3.547519736457616e-05}","That is lower than my passive perception, though. Which is 21."
SAM,02:33:21,02:33:23,Happy,"{'Angry': 1.1395432011340745e-06, 'Disgusted': 2.8095762900193222e-05, 'Fearful': 8.113161129585933e-06, 'Happy': 0.9999275207519531, 'Neutral': 1.1078826901211869e-05, 'Other': 3.7190129660302773e-06, 'Sad': 7.518532584072091e-06, 'Surprised': 1.0168879271077458e-05, 'Unknown': 2.7033593141823076e-06}",Your passive perception--
LAURA,02:33:23,02:33:25,Neutral,"{'Angry': 0.00026495152269490063, 'Disgusted': 0.0007774157566018403, 'Fearful': 8.53006640681997e-05, 'Happy': 0.035252057015895844, 'Neutral': 0.962067723274231, 'Other': 0.00025098671903833747, 'Sad': 0.0007971026934683323, 'Surprised': 0.0002964806917589158, 'Unknown': 0.00020801220671273768}",-- is 21.
SAM,02:33:25,02:33:26,Neutral,"{'Angry': 0.0016981493681669235, 'Disgusted': 0.002420292003080249, 'Fearful': 0.00014515325892716646, 'Happy': 0.002535861451178789, 'Neutral': 0.9811134338378906, 'Other': 1.4757322787772864e-05, 'Sad': 0.0019576321355998516, 'Surprised': 0.010109302587807178, 'Unknown': 5.418875844043214e-06}",Wow.
LAURA,02:33:26,02:33:30,Neutral,"{'Angry': 1.4136256054619878e-10, 'Disgusted': 1.4814011128905236e-11, 'Fearful': 3.30559147762588e-12, 'Happy': 5.396135205337771e-10, 'Neutral': 1.0, 'Other': 1.4685997643676396e-12, 'Sad': 2.7144342329421534e-10, 'Surprised': 2.8066837048923432e-11, 'Unknown': 4.536445004366119e-12}","And plus five-- no, that's it, just 21. But it's a 12. For right now."
MATT,02:33:30,02:33:34,Neutral,"{'Angry': 1.8270669954745244e-07, 'Disgusted': 4.992661217784189e-08, 'Fearful': 8.76740458011227e-09, 'Happy': 5.0860712690337095e-06, 'Neutral': 0.9999942779541016, 'Other': 2.0979582515678885e-08, 'Sad': 3.1679871881351573e-07, 'Surprised': 8.267046602838946e-09, 'Unknown': 1.0632366809204541e-07}",It's a 12? Okay. You keep an eye out as you continue to move forward.
LAURA,02:33:34,02:33:38,Happy,"{'Angry': 0.0014454990159720182, 'Disgusted': 0.0010054389713332057, 'Fearful': 0.0008756130700930953, 'Happy': 0.8282888531684875, 'Neutral': 0.0015666551189497113, 'Other': 0.0001906753604998812, 'Sad': 0.00037843227619305253, 'Surprised': 0.16510018706321716, 'Unknown': 0.0011485856957733631}","Oh, but I get to roll twice though, because it's my favored terrain?"
MATT,02:33:38,02:33:41,Neutral,"{'Angry': 4.265796178515302e-06, 'Disgusted': 1.4170146869219025e-06, 'Fearful': 2.0219522411935031e-07, 'Happy': 3.1561519335809862e-06, 'Neutral': 0.9999864101409912, 'Other': 1.2571965726237977e-06, 'Sad': 1.5381797311420087e-06, 'Surprised': 1.6050825024649384e-07, 'Unknown': 1.5496630112465937e-06}","That's true, you do. Advantage on that."
LAURA,02:33:41,02:33:45,Happy,"{'Angry': 1.7920187556086375e-09, 'Disgusted': 2.732241766167931e-09, 'Fearful': 7.657512401948452e-10, 'Happy': 1.0, 'Neutral': 4.620855253989475e-09, 'Other': 2.94146457191502e-10, 'Sad': 1.1146035205911176e-09, 'Surprised': 9.184335514333952e-10, 'Unknown': 3.5180105495413727e-09}",Okay. Shut up.
SAM,02:33:45,02:33:47,Neutral,"{'Angry': 0.0019196163630113006, 'Disgusted': 0.0014098897809162736, 'Fearful': 0.0005923075368627906, 'Happy': 0.013554273173213005, 'Neutral': 0.9639416933059692, 'Other': 0.0010801241733133793, 'Sad': 0.0007464447407983243, 'Surprised': 0.00017739797476679087, 'Unknown': 0.01657825894653797}",When the cameraman laughs.
MARY,02:33:47,02:33:49,Neutral,"{'Angry': 0.01247550267726183, 'Disgusted': 0.004290509968996048, 'Fearful': 0.0013785220216959715, 'Happy': 0.006536134984344244, 'Neutral': 0.8703318238258362, 'Other': 0.00012248505663592368, 'Sad': 0.001029341365210712, 'Surprised': 0.10342278331518173, 'Unknown': 0.00041281949961557984}","When the cameraman is laughing at you, you know it's a good roll."
LAURA,02:33:49,02:33:52,Neutral,"{'Angry': 0.00017675191338639706, 'Disgusted': 0.00016176537610590458, 'Fearful': 2.7387321097194217e-05, 'Happy': 1.2390361916914117e-05, 'Neutral': 0.9993287324905396, 'Other': 2.6663594326237217e-05, 'Sad': 0.00010911366553045809, 'Surprised': 4.555727457500325e-07, 'Unknown': 0.00015669451386202127}","It's-- no, that's not that bad-- It's 15."
MATT,02:33:52,02:33:54,Neutral,"{'Angry': 3.573500725906342e-05, 'Disgusted': 0.0001026952886604704, 'Fearful': 2.238692104583606e-06, 'Happy': 0.00020205140754114836, 'Neutral': 0.9995405673980713, 'Other': 3.709451266331598e-05, 'Sad': 1.1835105397040024e-05, 'Surprised': 3.3185585834871745e-06, 'Unknown': 6.442848825827241e-05}",That's an improvement.
LAURA,02:33:54,02:33:55,Surprised,"{'Angry': 0.007052754517644644, 'Disgusted': 0.42317283153533936, 'Fearful': 0.00046478293370455503, 'Happy': 0.011013982817530632, 'Neutral': 0.11837030202150345, 'Other': 0.01141116488724947, 'Sad': 0.0015410921769216657, 'Surprised': 0.42670148611068726, 'Unknown': 0.00027165570645593107}",It's a slight improvement.
FELICIA,02:33:55,02:33:56,Angry,"{'Angry': 0.6516929864883423, 'Disgusted': 0.04571716859936714, 'Fearful': 0.09564244747161865, 'Happy': 0.07011079043149948, 'Neutral': 0.06418580561876297, 'Other': 0.00012805461301468313, 'Sad': 0.06821762025356293, 'Surprised': 0.004278117325156927, 'Unknown': 2.6918867661152035e-05}",Better than 12.
LAURA,02:33:56,02:33:57,Happy,"{'Angry': 2.3585194867337123e-05, 'Disgusted': 3.820402343990281e-05, 'Fearful': 1.6514468370587565e-05, 'Happy': 0.9991693496704102, 'Neutral': 0.00016870495164766908, 'Other': 1.1790511052822694e-05, 'Sad': 0.00048193035763688385, 'Surprised': 8.920350956032053e-05, 'Unknown': 7.427942136928323e-07}",That's right.
MATT,02:33:57,02:33:58,Surprised,"{'Angry': 0.0008565905736759305, 'Disgusted': 0.05965227261185646, 'Fearful': 0.0007358823786489666, 'Happy': 0.2520497441291809, 'Neutral': 0.008523959666490555, 'Other': 0.006081438157707453, 'Sad': 0.0005586714250966907, 'Surprised': 0.6713497638702393, 'Unknown': 0.00019167058053426445}",15 is indeed--
"MATT, TALIESIN",02:33:58,02:34:00,Neutral,"{'Angry': 1.4128309885563795e-05, 'Disgusted': 1.5487816199311055e-05, 'Fearful': 3.450951453487505e-06, 'Happy': 9.481161396251991e-05, 'Neutral': 0.999716579914093, 'Other': 3.240797741455026e-05, 'Sad': 2.2221738618100062e-05, 'Surprised': 6.958138101254008e-07, 'Unknown': 0.00010027653479482979}",-- better than 12.
MATT,02:34:00,02:34:02,Neutral,"{'Angry': 1.624410828071632e-08, 'Disgusted': 3.695065586839519e-09, 'Fearful': 1.3776042528945709e-09, 'Happy': 1.42365124133903e-07, 'Neutral': 0.9999998807907104, 'Other': 5.827627824750437e-10, 'Sad': 4.857222890564117e-08, 'Surprised': 1.511428138201154e-08, 'Unknown': 2.993666980977139e-10}","The things you learn watching Critical Role, ladies and gentlemen."
SAM,02:34:02,02:34:04,Neutral,"{'Angry': 0.00015089561929926276, 'Disgusted': 6.441443110816181e-05, 'Fearful': 3.0107501061138464e-06, 'Happy': 0.002359370468184352, 'Neutral': 0.9971272349357605, 'Other': 9.590434274286963e-06, 'Sad': 4.9051417590817437e-05, 'Surprised': 0.00023278324806597084, 'Unknown': 3.6409030599315884e-06}",(sings) The more you know.
TRAVIS,02:34:04,02:34:05,Happy,"{'Angry': 0.00360188283957541, 'Disgusted': 0.02742302045226097, 'Fearful': 0.000136669390485622, 'Happy': 0.8363641500473022, 'Neutral': 0.050678446888923645, 'Other': 0.00046208061394281685, 'Sad': 0.0003354833461344242, 'Surprised': 0.08079930394887924, 'Unknown': 0.00019894215802196413}",Learning.
MATT,02:34:05,02:34:16,Neutral,"{'Angry': 5.889368912903592e-05, 'Disgusted': 9.890844012261368e-06, 'Fearful': 1.616480176380719e-06, 'Happy': 7.52710911910981e-05, 'Neutral': 0.9997405409812927, 'Other': 7.369268860202283e-05, 'Sad': 2.7104986656922847e-05, 'Surprised': 2.633362100823433e-06, 'Unknown': 1.0295969332219101e-05}","So in following Vex through the forest, weaving back and forth, about an hour of travel in you-- I know you gotta get going soon. How soon do you have to go?"
LAURA,02:34:16,02:34:19,Neutral,"{'Angry': 2.0667170232135934e-12, 'Disgusted': 1.14582036350383e-13, 'Fearful': 3.128461980575134e-14, 'Happy': 3.2341332303204018e-12, 'Neutral': 1.0, 'Other': 9.548516864070055e-15, 'Sad': 8.000786665129933e-12, 'Surprised': 6.911315053245715e-13, 'Unknown': 5.811499827375333e-14}","We're calling a car, and it's however soon it gets here."
MATT,02:34:19,02:34:33,Neutral,"{'Angry': 0.015287566930055618, 'Disgusted': 0.13977068662643433, 'Fearful': 0.028401466086506844, 'Happy': 0.037506889551877975, 'Neutral': 0.7214082479476929, 'Other': 0.009618151932954788, 'Sad': 0.009776923805475235, 'Surprised': 0.018725058063864708, 'Unknown': 0.019505055621266365}","All right. Pushing forward, you eventually manage to avoid what looks like a long frozen lake in the center of the forest with a series of heavily iced-over stone ruins."
LAURA,02:34:33,02:34:35,Neutral,"{'Angry': 0.00958083476871252, 'Disgusted': 0.01951424777507782, 'Fearful': 0.017752116546034813, 'Happy': 0.2021007239818573, 'Neutral': 0.7043281197547913, 'Other': 0.0003925610217265785, 'Sad': 0.03698032349348068, 'Surprised': 0.006794976070523262, 'Unknown': 0.002556134480983019}",Don't walk on this lake.
FELICIA,02:34:35,02:34:37,Happy,"{'Angry': 0.0002304019290022552, 'Disgusted': 0.0009831658098846674, 'Fearful': 6.569774996023625e-05, 'Happy': 0.9932323694229126, 'Neutral': 0.0036588350776582956, 'Other': 0.00026717406581155956, 'Sad': 0.0001677410618867725, 'Surprised': 0.00011817228369181976, 'Unknown': 0.0012764683924615383}","Oh, good call, good call."
MATT,02:34:37,02:34:52,Neutral,"{'Angry': 4.202042447332133e-08, 'Disgusted': 1.967538167946259e-07, 'Fearful': 1.2238072599757288e-07, 'Happy': 2.7615230919764144e-06, 'Neutral': 0.9999954700469971, 'Other': 1.5771649941598298e-07, 'Sad': 9.999552048611804e-07, 'Surprised': 2.3351616107447626e-07, 'Unknown': 8.129752160357384e-08}",You move around and in the distance you swear you see the glimmer of some glowing entity in the midst of these ruins and you manage to keep enough of a distance. Everyone make a stealth check on this. So roll a d20 and add your stealth bonus.
FELICIA,02:34:52,02:34:55,Neutral,"{'Angry': 1.8588846728562203e-07, 'Disgusted': 2.403979522114241e-07, 'Fearful': 2.498646551885031e-07, 'Happy': 3.2451246170239756e-06, 'Neutral': 0.9999946355819702, 'Other': 1.4199460451891355e-07, 'Sad': 9.962564035959076e-07, 'Surprised': 1.432798200085017e-07, 'Unknown': 1.1680492661980679e-07}","Add it, or take away? Because it's negative."
MATT,02:34:55,02:34:57,Neutral,"{'Angry': 3.205982979093136e-10, 'Disgusted': 6.146388259464786e-11, 'Fearful': 3.250132454835075e-11, 'Happy': 1.1209033701220505e-09, 'Neutral': 1.0, 'Other': 4.012618362581044e-12, 'Sad': 8.151896047081664e-09, 'Surprised': 1.8182254313270363e-10, 'Unknown': 5.019720750176759e-12}",For you it'd be taking away from your stealth roll.
FELICIA,02:34:57,02:34:58,Neutral,"{'Angry': 0.0017822013469412923, 'Disgusted': 0.00011697835725499317, 'Fearful': 1.4045484022062737e-05, 'Happy': 0.2050282508134842, 'Neutral': 0.7904561161994934, 'Other': 2.0776683413714636e-06, 'Sad': 0.0019520057830959558, 'Surprised': 0.0006480719312094152, 'Unknown': 2.155301643824714e-07}","Great, that's great."
SAM,02:34:58,02:34:59,Neutral,"{'Angry': 0.0019611564930528402, 'Disgusted': 0.014634057879447937, 'Fearful': 0.004858181346207857, 'Happy': 0.04692022129893303, 'Neutral': 0.8792011141777039, 'Other': 0.0010142342653125525, 'Sad': 0.007655006367713213, 'Surprised': 0.000310738745611161, 'Unknown': 0.043445292860269547}",Clang-clang-clang.
FELICIA,02:34:59,02:35:00,Neutral,"{'Angry': 2.069047297936777e-07, 'Disgusted': 3.1184467275124916e-07, 'Fearful': 2.6524105578573653e-07, 'Happy': 2.386291043876554e-06, 'Neutral': 0.9999942779541016, 'Other': 1.1019931633882152e-07, 'Sad': 1.9823501133942045e-06, 'Surprised': 3.5111764873363427e-07, 'Unknown': 7.776831978389964e-08}",11.
MARY,02:35:00,02:35:01,Neutral,"{'Angry': 1.2303424227866344e-05, 'Disgusted': 5.626982238027267e-05, 'Fearful': 0.0008247550576925278, 'Happy': 7.597350486321375e-05, 'Neutral': 0.9983168840408325, 'Other': 8.238359441747889e-06, 'Sad': 0.0006037622224539518, 'Surprised': 8.332295692525804e-05, 'Unknown': 1.8504129911889322e-05}",13.
MATT,02:35:01,02:35:02,Neutral,"{'Angry': 1.4422149455586841e-12, 'Disgusted': 5.875406769179775e-14, 'Fearful': 1.5046815247769796e-14, 'Happy': 2.3517357766039693e-12, 'Neutral': 1.0, 'Other': 3.4272367590930906e-15, 'Sad': 3.1645218129955355e-12, 'Surprised': 5.050546027403346e-13, 'Unknown': 3.768668116834774e-14}",13.
SAM,02:35:02,02:35:03,Neutral,"{'Angry': 0.02641827054321766, 'Disgusted': 0.0018067288910970092, 'Fearful': 0.0005254361894913018, 'Happy': 0.0013953399611636996, 'Neutral': 0.9582676291465759, 'Other': 3.85764979000669e-05, 'Sad': 0.011122705414891243, 'Surprised': 0.0004022447392344475, 'Unknown': 2.2996226107352413e-05}",13.
LAURA,02:35:03,02:35:04,Neutral,"{'Angry': 1.1036584055545973e-06, 'Disgusted': 1.4986930807481258e-07, 'Fearful': 2.7702840910137638e-08, 'Happy': 0.0002776126784738153, 'Neutral': 0.9997164607048035, 'Other': 2.0000971545641733e-08, 'Sad': 3.6869778341497295e-06, 'Surprised': 9.75187049334636e-07, 'Unknown': 4.2667207544866415e-09}",16.
MATT,02:35:04,02:35:06,Neutral,"{'Angry': 1.1811205347100895e-08, 'Disgusted': 4.6364192485270905e-09, 'Fearful': 7.548088265529884e-10, 'Happy': 4.741295711596649e-08, 'Neutral': 1.0, 'Other': 7.187244133177728e-10, 'Sad': 1.4654799151969655e-08, 'Surprised': 9.73833569339888e-10, 'Unknown': 6.526637452708428e-09}",Grog? Stealth.
TRAVIS,02:35:06,02:35:08,Happy,"{'Angry': 0.0012404740555211902, 'Disgusted': 0.011604429222643375, 'Fearful': 0.004799789283424616, 'Happy': 0.6977827548980713, 'Neutral': 0.13609585165977478, 'Other': 0.0018476276891306043, 'Sad': 0.0030356785282492638, 'Surprised': 0.017888544127345085, 'Unknown': 0.1257048100233078}",Stealth is 14.
SAM,02:35:08,02:35:09,Disgusted,"{'Angry': 0.009846922941505909, 'Disgusted': 0.7074000239372253, 'Fearful': 0.000983221223577857, 'Happy': 0.01511179469525814, 'Neutral': 0.14883598685264587, 'Other': 0.09403067082166672, 'Sad': 0.01891309581696987, 'Surprised': 0.004132761154323816, 'Unknown': 0.0007455205195583403}",13.
TALIESIN,02:35:09,02:35:10,Neutral,"{'Angry': 0.02602001652121544, 'Disgusted': 0.059054769575595856, 'Fearful': 0.0028008001390844584, 'Happy': 0.40942731499671936, 'Neutral': 0.44416728615760803, 'Other': 0.00031857381691224873, 'Sad': 0.02354237250983715, 'Surprised': 0.034600917249917984, 'Unknown': 6.795702938688919e-05}",24.
FELICIA,02:35:10,02:35:11,Happy,"{'Angry': 0.0018377585802227259, 'Disgusted': 0.28045883774757385, 'Fearful': 0.0012100535677745938, 'Happy': 0.6904778480529785, 'Neutral': 0.00925929844379425, 'Other': 0.0029531875625252724, 'Sad': 0.0022748964838683605, 'Surprised': 0.010994849726557732, 'Unknown': 0.0005332768196240067}",11.
MATT,02:35:11,02:35:27,Neutral,"{'Angry': 7.529553113272414e-05, 'Disgusted': 3.9505332097178325e-05, 'Fearful': 6.071870757295983e-07, 'Happy': 0.0007054192246869206, 'Neutral': 0.9990633130073547, 'Other': 3.742772969417274e-05, 'Sad': 4.793162133864826e-06, 'Surprised': 6.81498131598346e-05, 'Unknown': 5.624445748253493e-06}","All right, so. Though clumsy in form, the group is able to pull you far enough away where they cover your bases on this, and this glowing entity doesn't seem to take notice of your passage as it slowly fades into the stone ruins once again. You press on towards the mountain--"
SAM,02:35:27,02:35:28,Neutral,"{'Angry': 0.0006075916462577879, 'Disgusted': 0.0005072746425867081, 'Fearful': 0.00019132561283186078, 'Happy': 0.0027177883312106133, 'Neutral': 0.9632190465927124, 'Other': 1.8316311980015598e-05, 'Sad': 0.02206856943666935, 'Surprised': 0.010667180642485619, 'Unknown': 2.9101784093654715e-06}",Should we go check that glowing entity out?
MARY,02:35:28,02:35:29,Neutral,"{'Angry': 0.002223499584943056, 'Disgusted': 0.0039615146815776825, 'Fearful': 0.0005711559788323939, 'Happy': 0.015849146991968155, 'Neutral': 0.576097309589386, 'Other': 3.214813841623254e-05, 'Sad': 0.39017146825790405, 'Surprised': 0.011089912615716457, 'Unknown': 3.852035661111586e-06}",What was it?
FELICIA,02:35:29,02:35:32,Neutral,"{'Angry': 0.0005453088670037687, 'Disgusted': 0.0010750449728220701, 'Fearful': 4.9881142331287265e-05, 'Happy': 0.00029430451104417443, 'Neutral': 0.99700528383255, 'Other': 2.843508445948828e-05, 'Sad': 0.0009056965354830027, 'Surprised': 8.000128582352772e-05, 'Unknown': 1.6047017197706737e-05}","Do I-- oh, do I know? I have an arcana, or would it be nature, or?"
MATT,02:35:32,02:35:37,Happy,"{'Angry': 0.0037234832998365164, 'Disgusted': 0.019076118245720863, 'Fearful': 0.005721151828765869, 'Happy': 0.48901835083961487, 'Neutral': 0.046352751553058624, 'Other': 0.005489716771990061, 'Sad': 0.0005586558836512268, 'Surprised': 0.3539275527000427, 'Unknown': 0.07613219320774078}","For this, I would say go ahead and make a religion check, actually."
FELICIA,02:35:37,02:35:40,Neutral,"{'Angry': 1.7700771959283657e-09, 'Disgusted': 2.9113850219530946e-10, 'Fearful': 8.359240383226663e-11, 'Happy': 9.914496779117599e-09, 'Neutral': 1.0, 'Other': 3.0297036580917425e-12, 'Sad': 1.444311892306871e-09, 'Surprised': 7.091844000939318e-09, 'Unknown': 2.736604345909832e-11}","Oh, good, three. I don't know, it's 11."
MATT,02:35:40,02:35:44,Neutral,"{'Angry': 5.512600182555616e-06, 'Disgusted': 1.1995570275757927e-05, 'Fearful': 1.7645004390942631e-06, 'Happy': 3.34687065333128e-05, 'Neutral': 0.9998507499694824, 'Other': 1.8236196410725825e-05, 'Sad': 1.3745907381235156e-05, 'Surprised': 1.2326475484769617e-07, 'Unknown': 6.442040466936305e-05}",It's spooky and you don't like it.
FELICIA,02:35:44,02:35:46,Unknown,"{'Angry': 0.0012323055416345596, 'Disgusted': 0.009736813604831696, 'Fearful': 0.0330764465034008, 'Happy': 0.06873169541358948, 'Neutral': 0.02791043184697628, 'Other': 0.00019792818056885153, 'Sad': 0.0004332645912654698, 'Surprised': 1.6942123693297617e-05, 'Unknown': 0.8586641550064087}",I don't like that so let's keep going.
LAURA,02:35:46,02:35:47,Neutral,"{'Angry': 0.0005013057962059975, 'Disgusted': 0.0001968832075363025, 'Fearful': 8.759566117078066e-05, 'Happy': 0.00025804052711464465, 'Neutral': 0.9985248446464539, 'Other': 1.48894359881524e-05, 'Sad': 0.00023093704658094794, 'Surprised': 9.851984941633418e-06, 'Unknown': 0.00017563672736287117}",We should avoid it.
SAM,02:35:47,02:35:49,Neutral,"{'Angry': 0.10697013139724731, 'Disgusted': 0.01315303985029459, 'Fearful': 0.015924789011478424, 'Happy': 0.2511701285839081, 'Neutral': 0.31503021717071533, 'Other': 0.005504443310201168, 'Sad': 0.0041665323078632355, 'Surprised': 0.00022642838302999735, 'Unknown': 0.28785425424575806}",Okay. If you insist.
MATT,02:35:49,02:36:44,Neutral,"{'Angry': 1.612356754776556e-05, 'Disgusted': 1.4427823771256953e-06, 'Fearful': 8.81581314615687e-08, 'Happy': 8.589531717007048e-06, 'Neutral': 0.9999687671661377, 'Other': 8.739157237869222e-07, 'Sad': 2.9759371500404086e-06, 'Surprised': 1.1786166709271129e-07, 'Unknown': 1.0523727951294859e-06}","Pushing forward about another hour and a half, two hours, you eventually make it through the forest, dodging a few other areas where clustered vines and almost thick brambles begin to close off portions of the passage. Without Vex's help on this it would be a very difficult element to traverse, but you manage to find areas you can cut through, and where the weak points of these various interwoven nets of vinework are. You push through until the forest comes to an end at the base of a giant tree-covered mountain that is currently coated in snow and ice. Looking about, you can see that the highest spire is obscured by the very blizzard clouds ahead. There is heavy snowfall in this vicinity and your vision is semi-obscured past a certain area. Only because of Vex's keen sight are you able to make out the details of that mountain disappearing into the blizzard."
TRAVIS,02:36:44,02:36:46,Neutral,"{'Angry': 3.455941168795107e-06, 'Disgusted': 9.829187547438778e-06, 'Fearful': 1.6213775779760908e-06, 'Happy': 0.002122981008142233, 'Neutral': 0.9977832436561584, 'Other': 4.227364115649834e-06, 'Sad': 1.846464874688536e-05, 'Surprised': 5.728895757783903e-07, 'Unknown': 5.568380584008992e-05}",This is very much like home for me.
LAURA,02:36:46,02:36:52,Neutral,"{'Angry': 5.8699483815871645e-06, 'Disgusted': 4.826139957003761e-06, 'Fearful': 7.705800726398593e-07, 'Happy': 4.6995715820230544e-05, 'Neutral': 0.9999113082885742, 'Other': 5.228901954978937e-06, 'Sad': 6.827530796726933e-06, 'Surprised': 7.062943723212811e-07, 'Unknown': 1.7367054169881158e-05}","Do we see any-- anything along the bottom, the edge of the mountain that looks like it could open into a cavern of some sort?"
MATT,02:36:52,02:37:06,Neutral,"{'Angry': 7.187205497416471e-09, 'Disgusted': 9.437605363871171e-09, 'Fearful': 1.1465505211916138e-09, 'Happy': 7.023891868129795e-08, 'Neutral': 0.9999997615814209, 'Other': 1.4855680241510072e-08, 'Sad': 6.964620524740894e-08, 'Surprised': 6.712360445249033e-09, 'Unknown': 2.6463711222390884e-09}","There are a number of large rocks and boulders that seem to have tumbled off the mountain and embedded themselves in the ground in sections. You do see what looks to be a cavern of some kind that is in the-- at the base of this mountain, it's about 20, 25 feet high and about 35 feet wide."
MARY,02:37:06,02:37:07,Happy,"{'Angry': 0.011412656866014004, 'Disgusted': 0.01300116814672947, 'Fearful': 0.002401582896709442, 'Happy': 0.45036426186561584, 'Neutral': 0.21462658047676086, 'Other': 0.00022313883528113365, 'Sad': 0.29754677414894104, 'Surprised': 0.010386571288108826, 'Unknown': 3.7241090467432514e-05}",Should we maybe go in?
FELICIA,02:37:07,02:37:10,Neutral,"{'Angry': 1.5008300320844964e-13, 'Disgusted': 5.933990108910724e-15, 'Fearful': 1.1782744986405143e-15, 'Happy': 1.8366682957501879e-13, 'Neutral': 1.0, 'Other': 1.0783620920724228e-15, 'Sad': 5.249493873447919e-13, 'Surprised': 7.795625039594412e-14, 'Unknown': 4.1197107574289515e-15}","Does it look like we can climb the mountain, or is it just too sheer?"
MATT,02:37:10,02:37:13,Neutral,"{'Angry': 7.443718086580856e-14, 'Disgusted': 3.0301845593534802e-15, 'Fearful': 5.080315152800529e-16, 'Happy': 1.020833537059701e-13, 'Neutral': 1.0, 'Other': 6.596196549546755e-16, 'Sad': 2.2377576408636607e-13, 'Surprised': 4.744256948559754e-14, 'Unknown': 2.2602587153536333e-15}",Go ahead and make a perception check.
FELICIA,02:37:13,02:37:21,Neutral,"{'Angry': 9.166314703179523e-05, 'Disgusted': 4.739814903587103e-05, 'Fearful': 1.4212482710718177e-06, 'Happy': 4.36209375038743e-05, 'Neutral': 0.9997815489768982, 'Other': 3.688041033456102e-06, 'Sad': 1.8915057808044367e-05, 'Surprised': 5.864729928362067e-07, 'Unknown': 1.1037833246518858e-05}","Oh, good, this is my best. Oh! Nope, it's a nine. (laughter)"
MATT,02:37:21,02:37:28,Neutral,"{'Angry': 4.207169768816188e-12, 'Disgusted': 1.5093475243515425e-13, 'Fearful': 3.881733462766067e-14, 'Happy': 5.5583172613171694e-12, 'Neutral': 1.0, 'Other': 8.466070590884209e-15, 'Sad': 7.630531623226133e-12, 'Surprised': 1.0663757203654978e-12, 'Unknown': 7.018394383457444e-14}",You-- you've read about mountains. (laughter)
MATT,02:37:28,02:37:34,Neutral,"{'Angry': 1.886867373457335e-08, 'Disgusted': 5.241880707274049e-09, 'Fearful': 5.949418180328792e-10, 'Happy': 1.7326231116499002e-08, 'Neutral': 1.0, 'Other': 7.564417425776071e-10, 'Sad': 1.18317462494133e-08, 'Surprised': 2.1842283537409912e-09, 'Unknown': 1.144743522196734e-09}",And you've seen many pictures of them. Seeing one up close? They're a lot bigger than you thought they'd be.
FELICIA,02:37:34,02:37:43,Sad,"{'Angry': 0.0008570328936912119, 'Disgusted': 0.004470680840313435, 'Fearful': 0.002923106076195836, 'Happy': 0.002261275891214609, 'Neutral': 0.3297218978404999, 'Other': 0.00017747568199411035, 'Sad': 0.6580142378807068, 'Surprised': 0.00023380790662486106, 'Unknown': 0.001340494491159916}","Very large mountain, guys, I'm not sure-- as a leader I'd like to invite you guys to evaluate whether we could possibly climb this mountain."
TALIESIN,02:37:43,02:37:46,Neutral,"{'Angry': 0.10378412157297134, 'Disgusted': 0.025870127603411674, 'Fearful': 0.008808812126517296, 'Happy': 0.15881845355033875, 'Neutral': 0.31714847683906555, 'Other': 0.000828113523311913, 'Sad': 0.09462876617908478, 'Surprised': 0.2882516086101532, 'Unknown': 0.0018615219742059708}",I would like to evaluate whether or not we could climb this mountain.
SAM,02:37:46,02:37:47,Neutral,"{'Angry': 1.0094194067278295e-06, 'Disgusted': 4.6831826239213115e-07, 'Fearful': 1.3389652053774626e-07, 'Happy': 8.12063899502391e-06, 'Neutral': 0.9999885559082031, 'Other': 5.77855665540028e-08, 'Sad': 1.0670078154362272e-06, 'Surprised': 4.98310271268565e-07, 'Unknown': 8.583330668443523e-08}","You're delegating, that's good."
LAURA,02:37:47,02:37:49,Neutral,"{'Angry': 5.84622539463453e-05, 'Disgusted': 2.546807809267193e-05, 'Fearful': 8.342378350789659e-06, 'Happy': 0.00014523990103043616, 'Neutral': 0.9996588230133057, 'Other': 4.3287695916660596e-06, 'Sad': 5.6082884839270264e-05, 'Surprised': 2.8895463401568122e-05, 'Unknown': 1.4327338249131572e-05}","Yeah, delegate."
TRAVIS,02:37:49,02:37:50,Neutral,"{'Angry': 7.581952508320042e-14, 'Disgusted': 2.4304043410509728e-15, 'Fearful': 4.3200040856640845e-16, 'Happy': 1.0298648733938695e-13, 'Neutral': 1.0, 'Other': 5.032211092934774e-16, 'Sad': 2.224853873182553e-13, 'Surprised': 4.6201645889079254e-14, 'Unknown': 1.6238910147735948e-15}","So I'm proficient here, right?"
LAURA,02:37:50,02:37:51,Neutral,"{'Angry': 0.07808127254247665, 'Disgusted': 0.0007841589394956827, 'Fearful': 2.072300048894249e-05, 'Happy': 0.000161651914822869, 'Neutral': 0.9111862778663635, 'Other': 3.56538912456017e-05, 'Sad': 5.36407642357517e-05, 'Surprised': 0.009668597020208836, 'Unknown': 7.974805157573428e-06}",Can we check?
MATT,02:37:51,02:37:59,Neutral,"{'Angry': 4.726345356753647e-11, 'Disgusted': 1.2717025349440192e-11, 'Fearful': 2.8666444218394815e-12, 'Happy': 1.5343852577398565e-10, 'Neutral': 1.0, 'Other': 2.4858001941574503e-12, 'Sad': 2.1285853635255592e-10, 'Surprised': 2.3899335635513275e-11, 'Unknown': 4.660812968210193e-12}","You-- I'd say for this and since you know mountain ranges pretty well, go ahead and make a wisdom check on this, yeah."
TRAVIS,02:37:59,02:38:00,Surprised,"{'Angry': 0.0026610081549733877, 'Disgusted': 0.0015971020329743624, 'Fearful': 0.0004934915341436863, 'Happy': 0.0007983671384863555, 'Neutral': 0.18787045776844025, 'Other': 0.0002422575926175341, 'Sad': 0.0016717020189389586, 'Surprised': 0.8046500086784363, 'Unknown': 1.5552386685158126e-05}",Shit.
MATT,02:38:00,02:38:02,Neutral,"{'Angry': 7.906254318769401e-14, 'Disgusted': 2.970215473720823e-15, 'Fearful': 4.937176643230801e-16, 'Happy': 9.182039758517599e-14, 'Neutral': 1.0, 'Other': 6.447206630498276e-16, 'Sad': 2.715838350649674e-13, 'Surprised': 3.826067473912051e-14, 'Unknown': 2.145822658355446e-15}",Just add your wisdom modifier to the roll.
TRAVIS,02:38:02,02:38:04,Neutral,"{'Angry': 6.381799835253332e-07, 'Disgusted': 8.402949447372521e-08, 'Fearful': 8.367155857058606e-08, 'Happy': 1.4904125237080734e-05, 'Neutral': 0.9999723434448242, 'Other': 5.243148493150329e-08, 'Sad': 5.647688112730975e-07, 'Surprised': 1.1315872143313754e-05, 'Unknown': 2.6064009617243755e-08}",Which is zero. (laughs) 15.
MATT,02:38:04,02:38:17,Neutral,"{'Angry': 0.00011330465349601582, 'Disgusted': 4.944158354192041e-05, 'Fearful': 4.690716195909772e-06, 'Happy': 0.0001017263566609472, 'Neutral': 0.9995384216308594, 'Other': 5.3449261031346396e-05, 'Sad': 5.06203796248883e-05, 'Surprised': 7.746631126792636e-06, 'Unknown': 8.066257578320801e-05}","15. As you're kinda taking a moment to inspect it, you, your people, your actual race being mountain-born people, you look at it, and it could be scaled. It would be a dangerous climb and you would need some semblance of simple climbing tools to do so."
TRAVIS,02:38:17,02:38:20,Neutral,"{'Angry': 1.5560392512270482e-06, 'Disgusted': 1.8946253703688853e-06, 'Fearful': 1.809197442526056e-06, 'Happy': 0.0001735337864374742, 'Neutral': 0.9997963309288025, 'Other': 6.2383446675085e-07, 'Sad': 1.6862841221154667e-05, 'Surprised': 1.488381144554296e-06, 'Unknown': 5.842021437274525e-06}",So we got to make it come to us.
FELICIA,02:38:20,02:38:22,Neutral,"{'Angry': 2.2262310039877775e-07, 'Disgusted': 1.4457165207204525e-06, 'Fearful': 1.3939437337739946e-07, 'Happy': 1.3532186358133913e-06, 'Neutral': 0.9999910593032837, 'Other': 8.30192448120215e-07, 'Sad': 3.478106464172015e-06, 'Surprised': 1.6117001067073033e-08, 'Unknown': 1.426048697794613e-06}",Well.
MARY,02:38:22,02:38:23,Neutral,"{'Angry': 3.728226261046075e-07, 'Disgusted': 3.309298435283381e-08, 'Fearful': 2.2924020015580027e-08, 'Happy': 1.6026157823034737e-07, 'Neutral': 0.9999991655349731, 'Other': 4.077357562692896e-09, 'Sad': 9.395756705998792e-08, 'Surprised': 1.2910825830658723e-07, 'Unknown': 3.3507188690329315e-10}",We could.
LAURA,02:38:23,02:38:25,Sad,"{'Angry': 8.358922059414908e-05, 'Disgusted': 0.030307548120617867, 'Fearful': 0.0003869787906296551, 'Happy': 0.00017109863983932883, 'Neutral': 0.009278099052608013, 'Other': 2.815544394252356e-05, 'Sad': 0.959557831287384, 'Surprised': 0.00018387865566182882, 'Unknown': 2.860928589143441e-06}","Oh, that's smart, Grog. That's really smart!"
FELICIA,02:38:25,02:38:26,Surprised,"{'Angry': 0.09087256342172623, 'Disgusted': 0.01706038974225521, 'Fearful': 0.031860217452049255, 'Happy': 0.010730731301009655, 'Neutral': 0.17700640857219696, 'Other': 7.793695840518922e-05, 'Sad': 0.14607439935207367, 'Surprised': 0.5262386202812195, 'Unknown': 7.875457231421024e-05}",We have to lure the dragon down.
SAM,02:38:26,02:38:28,Sad,"{'Angry': 0.0009191827848553658, 'Disgusted': 0.00016068830154836178, 'Fearful': 0.002175513654947281, 'Happy': 0.014007420279085636, 'Neutral': 0.014053990133106709, 'Other': 4.079784412169829e-05, 'Sad': 0.9672265648841858, 'Surprised': 0.0014052443439140916, 'Unknown': 1.0651516276993789e-05}",Or one of us could climb it and--
TRAVIS,02:38:28,02:38:29,Surprised,"{'Angry': 0.0010932901641353965, 'Disgusted': 0.0008981412975117564, 'Fearful': 0.0002307526592630893, 'Happy': 0.018236519768834114, 'Neutral': 0.14147883653640747, 'Other': 0.0017087490996345878, 'Sad': 0.00401325011625886, 'Surprised': 0.8323074579238892, 'Unknown': 3.30511866195593e-05}",Jump off?
SAM,02:38:29,02:38:32,Sad,"{'Angry': 0.13388299942016602, 'Disgusted': 0.05834260955452919, 'Fearful': 0.006892682518810034, 'Happy': 0.10591447353363037, 'Neutral': 0.0281402375549078, 'Other': 0.0023115959484130144, 'Sad': 0.6481671929359436, 'Surprised': 0.014990552328526974, 'Unknown': 0.0013577169738709927}",-- bring it down as bait. I could do that.
FELICIA,02:38:32,02:38:36,Neutral,"{'Angry': 1.6158903100131627e-13, 'Disgusted': 5.728888280513147e-15, 'Fearful': 9.888587675140211e-16, 'Happy': 2.2598470404006088e-13, 'Neutral': 1.0, 'Other': 6.653537503702319e-16, 'Sad': 4.231301994981479e-13, 'Surprised': 7.09621028388216e-14, 'Unknown': 3.169276686655056e-15}","I don't think that sounds like a good idea. There's a cavern over there, should we inspect it? Maybe there's some inner workings to get to the top."
TALIESIN,02:38:36,02:38:40,Neutral,"{'Angry': 5.8952778090315405e-06, 'Disgusted': 2.5432555048610084e-06, 'Fearful': 1.0571748134680092e-06, 'Happy': 1.152241020463407e-05, 'Neutral': 0.9999648332595825, 'Other': 1.5174817917795735e-06, 'Sad': 7.529799404437654e-06, 'Surprised': 4.12565123042441e-06, 'Unknown': 1.0526897540330538e-06}",I think this conversation would be greatly improved by some sort of cover.
LAURA,02:38:40,02:38:42,Neutral,"{'Angry': 7.813328650740914e-09, 'Disgusted': 1.7357679737983744e-09, 'Fearful': 4.055696334326342e-10, 'Happy': 1.6732188967694128e-08, 'Neutral': 1.0, 'Other': 5.756022880554212e-10, 'Sad': 1.2876892441227028e-08, 'Surprised': 8.635178128102439e-10, 'Unknown': 2.335637683259506e-09}",We'll get into cover maybe just to be safe.
MARY,02:38:42,02:38:44,Neutral,"{'Angry': 5.6019166549958754e-06, 'Disgusted': 2.395119736320339e-05, 'Fearful': 2.239934474346228e-06, 'Happy': 8.117477591440547e-06, 'Neutral': 0.9998300075531006, 'Other': 5.782254447694868e-06, 'Sad': 0.00010597475193208084, 'Surprised': 6.461268640123308e-07, 'Unknown': 1.7616232071304694e-05}","I agree, I vote on going to investigate the cavern."
FELICIA,02:38:44,02:38:48,Happy,"{'Angry': 0.08402052521705627, 'Disgusted': 0.038303300738334656, 'Fearful': 0.0025996447075158358, 'Happy': 0.3738563358783722, 'Neutral': 0.17287209630012512, 'Other': 0.009678755886852741, 'Sad': 0.002349439077079296, 'Surprised': 0.00031576136825606227, 'Unknown': 0.31600409746170044}","Let's go to the cavern. Well, it's not a democracy, but that's okay, I am totally open--"
MARY,02:38:48,02:38:49,Neutral,"{'Angry': 1.457818115113696e-07, 'Disgusted': 9.904888997880335e-08, 'Fearful': 2.3020584549726664e-08, 'Happy': 6.090519377721648e-07, 'Neutral': 0.999998927116394, 'Other': 3.495026490440978e-09, 'Sad': 1.7396358487076213e-07, 'Surprised': 3.184129226951882e-08, 'Unknown': 5.7182343304873484e-09}",And I agree with your--
MATT,02:38:49,02:38:53,Neutral,"{'Angry': 0.06155657395720482, 'Disgusted': 0.0520646870136261, 'Fearful': 0.01532698329538107, 'Happy': 0.2691764831542969, 'Neutral': 0.3495188355445862, 'Other': 0.008044255897402763, 'Sad': 0.05529294162988663, 'Surprised': 0.020283419638872147, 'Unknown': 0.1687357872724533}",You hear this heavy sound of wind rushing suddenly.
FELICIA,02:38:53,02:38:54,Neutral,"{'Angry': 0.024470355361700058, 'Disgusted': 0.007177067454904318, 'Fearful': 0.0008463222766295075, 'Happy': 0.02088773623108864, 'Neutral': 0.9147197008132935, 'Other': 2.635246710269712e-05, 'Sad': 0.027809523046016693, 'Surprised': 0.00404970021918416, 'Unknown': 1.3190497156756464e-05}","Oh god, get in the cavern, get in the cavern! Get in the cavern!"
TALIESIN,02:38:54,02:38:55,Disgusted,"{'Angry': 2.8307142201811075e-05, 'Disgusted': 0.999127209186554, 'Fearful': 1.3536719961848576e-05, 'Happy': 0.00012968677037861198, 'Neutral': 0.0003813902148976922, 'Other': 8.847437129588798e-05, 'Sad': 1.3237739949545357e-05, 'Surprised': 1.0203757483395748e-05, 'Unknown': 0.00020785065134987235}",Cavern now!
MATT,02:38:55,02:39:29,Surprised,"{'Angry': 0.0017720734467729926, 'Disgusted': 0.027182823047041893, 'Fearful': 0.0008181201992556453, 'Happy': 0.2535918056964874, 'Neutral': 0.04542627930641174, 'Other': 0.019763365387916565, 'Sad': 0.002267590956762433, 'Surprised': 0.645068883895874, 'Unknown': 0.0041090380400419235}","Let's see. Oof. Okay. (laughs) Vex. On horseback, you look over, and the snow that's hitting your face-- you see a dark shape begin to form in the snow. It gets larger and larger and larger, and you realize it's not something that's swelling or growing, it's something that's coming at you very fast and it's very large. You immediately try and turn your horse around, but it's too fast, and it slams into the side of you, sending you off the horse and tumbling to the ground. You feel a heated pain in your side you haven't felt in a long time from the impact."
LAURA,02:39:29,02:39:30,Neutral,"{'Angry': 0.002380373189225793, 'Disgusted': 0.002015970181673765, 'Fearful': 0.00018455783720128238, 'Happy': 0.021377328783273697, 'Neutral': 0.9627466797828674, 'Other': 3.122964335489087e-05, 'Sad': 0.00046340699191205204, 'Surprised': 0.01079272385686636, 'Unknown': 7.737077794445213e-06}",Ah! What?
MATT,02:39:30,02:39:34,Neutral,"{'Angry': 1.2965929441222102e-09, 'Disgusted': 1.6648735168267592e-10, 'Fearful': 3.190352843018829e-11, 'Happy': 8.145321750419043e-09, 'Neutral': 1.0, 'Other': 1.173047596558785e-11, 'Sad': 1.3801976228577928e-09, 'Surprised': 3.8325534412742e-10, 'Unknown': 4.4198891074875846e-11}","You guys watch as a boulder about that big, of rock and ice--"
SAM,02:39:34,02:39:35,Neutral,"{'Angry': 0.00020131673954892904, 'Disgusted': 3.0343860998982564e-05, 'Fearful': 1.0739980098151136e-05, 'Happy': 0.00017292617121711373, 'Neutral': 0.99943608045578, 'Other': 2.027154323513969e-06, 'Sad': 0.00012932898243889213, 'Surprised': 1.468933442083653e-05, 'Unknown': 2.5386038942087907e-06}","Oh, shit."
MATT,02:39:35,02:39:36,Neutral,"{'Angry': 1.990223319481288e-09, 'Disgusted': 8.123329092724063e-11, 'Fearful': 3.7186913270925714e-11, 'Happy': 3.1007159062568235e-09, 'Neutral': 1.0, 'Other': 1.7911011215843153e-11, 'Sad': 4.2302130687232875e-09, 'Surprised': 2.4038740442655637e-10, 'Unknown': 5.648206728714467e-12}",-- just smacks into the side of you.
SAM,02:39:36,02:39:37,Neutral,"{'Angry': 3.5859376991236036e-14, 'Disgusted': 1.5684988716714262e-15, 'Fearful': 2.1849830296800417e-16, 'Happy': 4.4777441303434085e-14, 'Neutral': 1.0, 'Other': 5.285151012852669e-16, 'Sad': 1.2325539623225107e-13, 'Surprised': 2.165733311275137e-14, 'Unknown': 1.3760036463860716e-15}","Oh, shit."
LAURA,02:39:37,02:39:40,Angry,"{'Angry': 0.98939448595047, 'Disgusted': 0.007573181297630072, 'Fearful': 0.0002006785070989281, 'Happy': 0.0012853991938754916, 'Neutral': 0.00036439773975871503, 'Other': 8.325959788635373e-05, 'Sad': 1.1981705938524101e-05, 'Surprised': 1.0448796274431515e-05, 'Unknown': 0.0010760888690128922}","You're kidding me, right? That sucked."
MARY,02:39:40,02:39:41,Happy,"{'Angry': 9.481574636538426e-09, 'Disgusted': 1.3517222896552994e-08, 'Fearful': 1.3126498776827589e-09, 'Happy': 0.9999996423721313, 'Neutral': 3.2054609278020507e-07, 'Other': 1.770687707569607e-09, 'Sad': 1.4176712248570311e-08, 'Surprised': 2.5469628184282556e-08, 'Unknown': 7.489102671343062e-10}",Where did it come from?
SAM,02:39:41,02:39:43,Neutral,"{'Angry': 1.4930261613699258e-06, 'Disgusted': 2.688073834633542e-07, 'Fearful': 8.098486148355732e-08, 'Happy': 1.2968963574166992e-06, 'Neutral': 0.9999949932098389, 'Other': 1.525370691979333e-07, 'Sad': 4.4592763970285887e-07, 'Surprised': 4.414599885649295e-08, 'Unknown': 1.2658803143494879e-06}",It was just a random meteor.
MATT,02:39:43,02:39:45,Happy,"{'Angry': 0.004491363186389208, 'Disgusted': 0.010121669620275497, 'Fearful': 0.004162962548434734, 'Happy': 0.41532042622566223, 'Neutral': 0.32387876510620117, 'Other': 0.002377727534621954, 'Sad': 0.0006696583586744964, 'Surprised': 0.00019541275105439126, 'Unknown': 0.23878198862075806}",You take 30 points of bludgeoning damage.
LAURA,02:39:45,02:39:46,Neutral,"{'Angry': 0.0008429940789937973, 'Disgusted': 0.0011826843256130815, 'Fearful': 9.381386917084455e-05, 'Happy': 0.0007192598422989249, 'Neutral': 0.9952265024185181, 'Other': 9.336162474937737e-05, 'Sad': 0.00016084757226053625, 'Surprised': 1.752891876094509e-05, 'Unknown': 0.0016628731973469257}",You're kidding me!
FELICIA,02:39:46,02:39:47,Neutral,"{'Angry': 0.0031415331177413464, 'Disgusted': 0.001185894594527781, 'Fearful': 0.0005789480055682361, 'Happy': 0.008439102210104465, 'Neutral': 0.982222318649292, 'Other': 1.6764000974944793e-05, 'Sad': 0.000833690632134676, 'Surprised': 0.0035266545601189137, 'Unknown': 5.498801328940317e-05}",What the--
MARY,02:39:47,02:39:48,Angry,"{'Angry': 0.9978340268135071, 'Disgusted': 1.5239182857840206e-06, 'Fearful': 1.00567103800131e-05, 'Happy': 4.4447078835219145e-05, 'Neutral': 0.001984543167054653, 'Other': 1.0413609743409324e-06, 'Sad': 0.0001169813476735726, 'Surprised': 7.257336164911976e-06, 'Unknown': 8.922684457957075e-08}",Wow!
MATT,02:39:48,02:39:49,Neutral,"{'Angry': 0.026756567880511284, 'Disgusted': 0.00297965737991035, 'Fearful': 6.292730540735647e-05, 'Happy': 0.03192626312375069, 'Neutral': 0.9357829093933105, 'Other': 0.0006891782977618277, 'Sad': 7.587441359646618e-05, 'Surprised': 3.2572952477494255e-05, 'Unknown': 0.0016940240748226643}",And you're knocked onto the ground.
FELICIA,02:39:49,02:39:50,Angry,"{'Angry': 0.9094209671020508, 'Disgusted': 0.0011710701510310173, 'Fearful': 3.428141644690186e-05, 'Happy': 0.03794039413332939, 'Neutral': 0.040379371494054794, 'Other': 0.003217092715203762, 'Sad': 0.00026319659082219005, 'Surprised': 4.5553661038866267e-05, 'Unknown': 0.0075280554592609406}","Oh my god, Vex! (screams)"
MATT,02:39:50,02:39:58,Neutral,"{'Angry': 2.18162380521969e-11, 'Disgusted': 1.4833342887321521e-12, 'Fearful': 5.040845670566119e-13, 'Happy': 7.02096228377691e-11, 'Neutral': 1.0, 'Other': 8.425511942864242e-14, 'Sad': 4.5003892973349835e-11, 'Surprised': 9.566286131301727e-12, 'Unknown': 1.2537519850433498e-12}","The rest of you, who are currently on horseback, see this, and from the direction of the forest you see a large, very large humanoid figure begin to step out of the edge of the forest."
LAURA,02:39:58,02:40:01,Neutral,"{'Angry': 2.706922259676503e-07, 'Disgusted': 3.1018623758427566e-07, 'Fearful': 1.2610394151124638e-07, 'Happy': 3.572783316485584e-05, 'Neutral': 0.9999614953994751, 'Other': 1.5411374931773025e-07, 'Sad': 1.2789992069883738e-06, 'Surprised': 1.4353162214320037e-07, 'Unknown': 4.4306668200988497e-07}","It's a giant? Oh, no."
MATT,02:40:01,02:40:35,Happy,"{'Angry': 3.176664264969986e-08, 'Disgusted': 2.3816529903797345e-07, 'Fearful': 3.811111639606679e-07, 'Happy': 0.999997615814209, 'Neutral': 5.997615915021015e-08, 'Other': 8.236186772592191e-07, 'Sad': 4.101661090771813e-07, 'Surprised': 2.9421690328490513e-07, 'Unknown': 2.136160617283167e-07}","This low voice kind of bellows out. You can see on it thick, snow-covered fur, patchwork hide armor. The skin itself is a dull bluish-grey in color, white eyes, a giant metallic horn, what looks like some sort of creature's horns that are affixed to the sides of its helmet. A giant axe in its hand. This is indeed-- and you recognize it immediately-- this is a frost giant. You see it reach down and grab another boulder and begin to toss it in its hand. As the rest of you see this, you hear another bellow."
LAURA,02:40:35,02:40:37,Neutral,"{'Angry': 9.6767587820068e-05, 'Disgusted': 3.9125985495047644e-05, 'Fearful': 9.289177796745207e-06, 'Happy': 0.001231672940775752, 'Neutral': 0.9984332919120789, 'Other': 1.6256470189546235e-05, 'Sad': 3.581701821531169e-05, 'Surprised': 4.1715047700563446e-06, 'Unknown': 0.00013350564404390752}","You speak Giant, you speak Giant, right?"
MATT,02:40:37,02:40:38,Angry,"{'Angry': 0.979967474937439, 'Disgusted': 0.00044770370004698634, 'Fearful': 3.993384962086566e-05, 'Happy': 0.0016477396711707115, 'Neutral': 0.017134426161646843, 'Other': 3.118333097518189e-06, 'Sad': 0.0005992286023683846, 'Surprised': 0.00015808097668923438, 'Unknown': 2.3362340471067e-06}",Does anyone speak Giant here?
TRAVIS,02:40:38,02:40:39,Surprised,"{'Angry': 0.020721254870295525, 'Disgusted': 0.001238257740624249, 'Fearful': 0.00031466392101719975, 'Happy': 0.17219404876232147, 'Neutral': 0.06648626178503036, 'Other': 0.00011449123121565208, 'Sad': 0.0011209131916984916, 'Surprised': 0.737741231918335, 'Unknown': 6.874667451484129e-05}",I do.
MATT,02:40:39,02:40:44,Happy,"{'Angry': 5.163583449707687e-10, 'Disgusted': 1.4596349684481424e-09, 'Fearful': 4.820973065200462e-10, 'Happy': 1.0, 'Neutral': 1.554105288903429e-09, 'Other': 6.966421883802809e-10, 'Sad': 1.195722076907657e-09, 'Surprised': 5.955378412636492e-10, 'Unknown': 9.877270112923497e-10}","You hear a voice come echoing from the cavern behind you, saying, ""Intruder! Take him down!"""
LAURA,02:40:44,02:40:46,Neutral,"{'Angry': 4.597546787721285e-10, 'Disgusted': 4.101601835948543e-10, 'Fearful': 8.398538114962051e-11, 'Happy': 1.1987706383109753e-09, 'Neutral': 1.0, 'Other': 9.659543304119111e-11, 'Sad': 2.672780441415057e-09, 'Surprised': 8.791726374690612e-11, 'Unknown': 2.0133522626863964e-10}","Oh no, no no!"
SAM,02:40:46,02:40:47,Happy,"{'Angry': 0.00023872993187978864, 'Disgusted': 0.0012045613257214427, 'Fearful': 0.00015693274326622486, 'Happy': 0.9895294308662415, 'Neutral': 0.0077613224275410175, 'Other': 6.993484566919506e-05, 'Sad': 0.00027078515267930925, 'Surprised': 2.98495106108021e-05, 'Unknown': 0.0007384764612652361}","What do we do, guys?"
MARY,02:40:47,02:40:48,Happy,"{'Angry': 0.002067056018859148, 'Disgusted': 0.0007013801950961351, 'Fearful': 0.00012938439613208175, 'Happy': 0.8472606539726257, 'Neutral': 0.12690258026123047, 'Other': 3.973993079853244e-05, 'Sad': 0.0023927201982587576, 'Surprised': 0.020501410588622093, 'Unknown': 4.981322035746416e-06}","Talk to him, for--"
MATT,02:40:48,02:40:50,Neutral,"{'Angry': 3.350163024151698e-05, 'Disgusted': 3.425380418775603e-05, 'Fearful': 7.51350489736069e-06, 'Happy': 0.00102819106541574, 'Neutral': 0.9983768463134766, 'Other': 3.842210844595684e-06, 'Sad': 0.00011216383427381516, 'Surprised': 0.000402663106797263, 'Unknown': 9.622864354241756e-07}",A second frost giant steps out of the cavern behind you.
MATT,02:40:50,02:40:54,Happy,"{'Angry': 0.00015243401867337525, 'Disgusted': 0.002399715129286051, 'Fearful': 0.0019497325411066413, 'Happy': 0.9087342619895935, 'Neutral': 0.005632389336824417, 'Other': 0.00297316862270236, 'Sad': 0.002571291755884886, 'Surprised': 0.0003421025176066905, 'Unknown': 0.07524482160806656}",And that's where we're going to go ahead and end the session for today. (yelling)
SAM,02:40:54,02:40:55,Neutral,"{'Angry': 1.4787126190185518e-07, 'Disgusted': 6.254084183865416e-08, 'Fearful': 5.397860292077894e-08, 'Happy': 3.953710802306887e-06, 'Neutral': 0.9999943971633911, 'Other': 1.010200456619259e-08, 'Sad': 1.2332945971138543e-06, 'Surprised': 1.0658540361419e-07, 'Unknown': 3.6415426230007597e-09}",We're in between two giants and a dragon?
FELICIA,02:40:55,02:40:56,Neutral,"{'Angry': 1.8057282431982458e-05, 'Disgusted': 2.464929457346443e-05, 'Fearful': 1.574291104589065e-06, 'Happy': 0.0013118312926962972, 'Neutral': 0.9985803365707397, 'Other': 1.36174767249031e-05, 'Sad': 2.224948548246175e-05, 'Surprised': 1.391050432175689e-06, 'Unknown': 2.6340152544435114e-05}",Without--
MARY,02:40:56,02:40:58,Neutral,"{'Angry': 1.2777748858994187e-09, 'Disgusted': 1.1464303950603494e-09, 'Fearful': 2.5742524778493703e-10, 'Happy': 5.188319107674033e-08, 'Neutral': 1.0, 'Other': 2.0392543209624137e-10, 'Sad': 1.1506984698428369e-08, 'Surprised': 5.717245010750105e-10, 'Unknown': 2.770179363675851e-10}",Hagawaga... hawafenor!
LAURA,02:40:58,02:40:59,Neutral,"{'Angry': 0.000672569964081049, 'Disgusted': 0.0044330726377666, 'Fearful': 4.930170689476654e-05, 'Happy': 0.03217354789376259, 'Neutral': 0.9607658386230469, 'Other': 0.0001350474776700139, 'Sad': 0.0006371204508468509, 'Surprised': 0.0010372663382440805, 'Unknown': 9.627863619243726e-05}",I'm damaged.
FELICIA,02:40:59,02:41:00,Neutral,"{'Angry': 1.8233652088195385e-10, 'Disgusted': 5.4016179550087084e-12, 'Fearful': 8.390587486958867e-13, 'Happy': 1.3119318964527338e-09, 'Neutral': 1.0, 'Other': 3.7536195939685824e-13, 'Sad': 3.348645249978688e-10, 'Surprised': 3.596457506804818e-11, 'Unknown': 4.4761920949334955e-13}",Very damaged.
MARY,02:41:00,02:41:01,Neutral,"{'Angry': 4.390544461330137e-08, 'Disgusted': 1.1208733496914647e-08, 'Fearful': 3.5320268931826604e-09, 'Happy': 4.071031980856787e-06, 'Neutral': 0.9999955892562866, 'Other': 3.711698726149848e-09, 'Sad': 3.701483421991725e-07, 'Surprised': 7.60663443344356e-09, 'Unknown': 2.653851138845198e-09}",She's damaged.
MATT,02:41:01,02:41:03,Neutral,"{'Angry': 1.2709429029200692e-05, 'Disgusted': 2.0118925476708682e-06, 'Fearful': 7.186408038251102e-05, 'Happy': 0.0007283046143129468, 'Neutral': 0.9990604519844055, 'Other': 1.2549105576908914e-06, 'Sad': 8.017530490178615e-05, 'Surprised': 4.255544627085328e-05, 'Unknown': 6.595410582121985e-07}","Yes, on the ground. You marked your damage, because that carries over to next week."
LAURA,02:41:03,02:41:04,Disgusted,"{'Angry': 0.008060034364461899, 'Disgusted': 0.5480917096138, 'Fearful': 0.00028026464860886335, 'Happy': 0.03265346586704254, 'Neutral': 0.39161890745162964, 'Other': 0.0031826046761125326, 'Sad': 0.009618611074984074, 'Surprised': 0.006232494488358498, 'Unknown': 0.00026190653443336487}",I did.
MATT,02:41:04,02:41:12,Other,"{'Angry': 0.12962181866168976, 'Disgusted': 0.3309462070465088, 'Fearful': 0.0007561943493783474, 'Happy': 0.021356655284762383, 'Neutral': 0.03863485902547836, 'Other': 0.4043342173099518, 'Sad': 0.002607816830277443, 'Surprised': 0.0008783077937550843, 'Unknown': 0.07086391001939774}","All right, guys, we'll-- because I know you had to leave soon and that would be a good place to stop it for this point and this week, we're going to continue this session next week."
TRAVIS,02:41:12,02:41:13,Happy,"{'Angry': 0.032004278153181076, 'Disgusted': 0.0028179511427879333, 'Fearful': 0.006644383072853088, 'Happy': 0.5588406920433044, 'Neutral': 0.037187084555625916, 'Other': 0.00027578597655519843, 'Sad': 0.35840195417404175, 'Surprised': 0.0038066795095801353, 'Unknown': 2.1194313376327045e-05}",We're screwed!
MARY,02:41:13,02:41:14,Happy,"{'Angry': 0.009285347536206245, 'Disgusted': 0.019233588129281998, 'Fearful': 0.0013277549296617508, 'Happy': 0.7628117203712463, 'Neutral': 0.1493067443370819, 'Other': 0.0010373555123806, 'Sad': 0.012738327495753765, 'Surprised': 0.04410714656114578, 'Unknown': 0.00015195021114777774}",No we're not!
LAURA,02:41:14,02:41:15,Neutral,"{'Angry': 0.020465586334466934, 'Disgusted': 0.033703818917274475, 'Fearful': 0.002798904664814472, 'Happy': 0.05551127344369888, 'Neutral': 0.5628074407577515, 'Other': 0.0004042714135721326, 'Sad': 0.3079068064689636, 'Surprised': 0.01614489033818245, 'Unknown': 0.00025703205028548837}",I'm dead!
MARY,02:41:15,02:41:16,Neutral,"{'Angry': 0.038794130086898804, 'Disgusted': 0.00046992042916826904, 'Fearful': 0.0002948322508018464, 'Happy': 0.004816200118511915, 'Neutral': 0.9510529041290283, 'Other': 5.695046638720669e-06, 'Sad': 0.004007602110505104, 'Surprised': 0.0005565848550759256, 'Unknown': 2.0706304439954692e-06}",No we're not.
MATT,02:41:16,02:41:18,Happy,"{'Angry': 1.2001433788100258e-05, 'Disgusted': 2.975674215122126e-05, 'Fearful': 1.6540519709451473e-06, 'Happy': 0.9987209439277649, 'Neutral': 0.0011935440124943852, 'Other': 1.8263170886712032e-06, 'Sad': 1.8958598957397044e-05, 'Surprised': 1.9832928956020623e-05, 'Unknown': 1.4684893585581449e-06}",Starting a battle with two delightful frost giants.
LAURA,02:41:18,02:41:19,Neutral,"{'Angry': 0.0018111838726326823, 'Disgusted': 0.0016645831055939198, 'Fearful': 0.0012259946670383215, 'Happy': 0.005895592737942934, 'Neutral': 0.8231680989265442, 'Other': 0.0001115542690968141, 'Sad': 0.02088857628405094, 'Surprised': 0.14519734680652618, 'Unknown': 3.7119476473890245e-05}",I feel like we did such a good job on the last one.
TRAVIS,02:41:19,02:41:21,Sad,"{'Angry': 0.0008534661610610783, 'Disgusted': 0.02998409979045391, 'Fearful': 0.005163796246051788, 'Happy': 0.007210288662463427, 'Neutral': 0.07119231671094894, 'Other': 0.0006618097540922463, 'Sad': 0.8771849870681763, 'Surprised': 0.007275640033185482, 'Unknown': 0.00047358343726955354}",Two giants!
LAURA,02:41:21,02:41:22,Happy,"{'Angry': 0.021800074726343155, 'Disgusted': 0.2445722222328186, 'Fearful': 0.001190987299196422, 'Happy': 0.33121562004089355, 'Neutral': 0.27536359429359436, 'Other': 0.052465882152318954, 'Sad': 0.03947139158844948, 'Surprised': 0.03302565962076187, 'Unknown': 0.0008945491281338036}",Oh my gosh.
MARY,02:41:22,02:41:23,Neutral,"{'Angry': 0.02030104771256447, 'Disgusted': 0.08837301284074783, 'Fearful': 0.0005070010665804148, 'Happy': 0.026288505643606186, 'Neutral': 0.8286370635032654, 'Other': 0.0009287766879424453, 'Sad': 0.026279544457793236, 'Surprised': 0.008530700579285622, 'Unknown': 0.0001543749967822805}",All right.
MATT,02:41:23,02:41:27,Sad,"{'Angry': 0.00036325905239209533, 'Disgusted': 0.003912646323442459, 'Fearful': 0.0005073334323242307, 'Happy': 0.005082208197563887, 'Neutral': 0.04793092980980873, 'Other': 0.0005516487290151417, 'Sad': 0.939201295375824, 'Surprised': 0.002082583261653781, 'Unknown': 0.0003681258240249008}","So first off, guys. Welcome to Critical Role, Mary. (cheering)"
MARY,02:41:27,02:41:31,Neutral,"{'Angry': 1.1540452567095766e-13, 'Disgusted': 3.9069564098694054e-15, 'Fearful': 6.699023702365467e-16, 'Happy': 1.573204457330779e-13, 'Neutral': 1.0, 'Other': 5.471089038455973e-16, 'Sad': 3.5681594940002725e-13, 'Surprised': 5.0981811952404907e-14, 'Unknown': 2.235698995047995e-15}",Thank you so much. It was such a bloody delight.
LAURA,02:41:31,02:41:33,Neutral,"{'Angry': 0.00914090033620596, 'Disgusted': 0.06585519760847092, 'Fearful': 0.0004562026006169617, 'Happy': 0.030536452308297157, 'Neutral': 0.8520329594612122, 'Other': 0.0004868191317655146, 'Sad': 0.01770862564444542, 'Surprised': 0.023399248719215393, 'Unknown': 0.00038356403820216656}",You have to be careful with my dice.
SAM,02:41:33,02:41:34,Disgusted,"{'Angry': 0.0016045853262767196, 'Disgusted': 0.7343564629554749, 'Fearful': 0.00013794114056508988, 'Happy': 0.0019723207224160433, 'Neutral': 0.19262193143367767, 'Other': 0.0015738876536488533, 'Sad': 0.00021771418687421829, 'Surprised': 0.06735050678253174, 'Unknown': 0.00016466074157506227}",Do they break?
MATT,02:41:34,02:41:35,Neutral,"{'Angry': 8.078442624537274e-05, 'Disgusted': 1.278554350392369e-06, 'Fearful': 1.395627577949199e-06, 'Happy': 0.0018020975403487682, 'Neutral': 0.9978601336479187, 'Other': 7.036576477048584e-08, 'Sad': 0.00011871282185893506, 'Surprised': 0.00013554029283113778, 'Unknown': 3.009555271660247e-09}","Very, very well done."
LAURA,02:41:35,02:41:36,Sad,"{'Angry': 4.674373485613614e-05, 'Disgusted': 5.3520914661930874e-05, 'Fearful': 0.00012455049727577716, 'Happy': 0.0005175627302378416, 'Neutral': 0.24675486981868744, 'Other': 1.3785688679490704e-05, 'Sad': 0.7442359328269958, 'Surprised': 0.008252089843153954, 'Unknown': 9.405366085957212e-07}",I've got gems in here.
MARY,02:41:36,02:41:37,Happy,"{'Angry': 5.582566882367246e-05, 'Disgusted': 0.0008194100810214877, 'Fearful': 3.4235399652970955e-05, 'Happy': 0.9850205183029175, 'Neutral': 0.009942743927240372, 'Other': 0.00012129715469200164, 'Sad': 0.001418348983861506, 'Surprised': 0.002560234162956476, 'Unknown': 2.7463802325655706e-05}",I hope we'll survive.
FELICIA,02:41:37,02:41:38,Neutral,"{'Angry': 0.0029887498822063208, 'Disgusted': 0.006633121520280838, 'Fearful': 0.008436224423348904, 'Happy': 0.02139614336192608, 'Neutral': 0.8439411520957947, 'Other': 0.0001557406794745475, 'Sad': 0.06841998547315598, 'Surprised': 0.04663461819291115, 'Unknown': 0.001394223072566092}",You never know.
SAM,02:41:38,02:41:41,Neutral,"{'Angry': 5.48970774616464e-06, 'Disgusted': 2.2248184905038215e-05, 'Fearful': 2.181724448746536e-05, 'Happy': 0.00023802067153155804, 'Neutral': 0.9986886382102966, 'Other': 3.460009611444548e-05, 'Sad': 0.0009043823811225593, 'Surprised': 6.065057095838711e-05, 'Unknown': 2.4136430511134677e-05}","Wow, that was amazing. Mary and Felicia are so good."
MARY,02:41:41,02:41:42,Neutral,"{'Angry': 1.0685415645639296e-06, 'Disgusted': 6.436235366891196e-07, 'Fearful': 2.9700202048843494e-06, 'Happy': 6.132772250566632e-05, 'Neutral': 0.999854326248169, 'Other': 3.6468432540459617e-07, 'Sad': 7.27432343410328e-05, 'Surprised': 6.438246145989979e-06, 'Unknown': 8.976667942306449e-08}",Thank you.
LAURA,02:41:42,02:41:43,Happy,"{'Angry': 1.1716659855665057e-06, 'Disgusted': 8.915910143514338e-07, 'Fearful': 1.6902917820971197e-07, 'Happy': 0.9998898506164551, 'Neutral': 0.00010494755406398326, 'Other': 1.8216395858416945e-07, 'Sad': 1.985804374271538e-06, 'Surprised': 8.063024097282323e-07, 'Unknown': 1.0080778878318597e-08}",Oh my gosh.
TALIESIN,02:41:43,02:41:44,Neutral,"{'Angry': 0.015887394547462463, 'Disgusted': 0.03779590502381325, 'Fearful': 0.00039984515751712024, 'Happy': 0.17025253176689148, 'Neutral': 0.7224552631378174, 'Other': 0.0003290377790108323, 'Sad': 0.04372115433216095, 'Surprised': 0.009043394587934017, 'Unknown': 0.00011548754264367744}",Yeah.
SAM,02:41:44,02:41:45,Neutral,"{'Angry': 3.4581793808760586e-14, 'Disgusted': 1.4305827437379945e-15, 'Fearful': 2.0281309243453684e-16, 'Happy': 4.3612964124471396e-14, 'Neutral': 1.0, 'Other': 4.684939760659127e-16, 'Sad': 1.0814280379392929e-13, 'Surprised': 2.317305283208379e-14, 'Unknown': 1.1941253438198392e-15}",So talented. You killed people and stuff.
TRAVIS,02:41:45,02:41:46,Neutral,"{'Angry': 1.223125333654762e-13, 'Disgusted': 4.189905648317336e-15, 'Fearful': 7.25767104783724e-16, 'Happy': 1.4965481111295365e-13, 'Neutral': 1.0, 'Other': 6.632252095133411e-16, 'Sad': 3.5377798780766856e-13, 'Surprised': 5.738997195222154e-14, 'Unknown': 2.594267735136764e-15}",Brilliant.
MARY,02:41:46,02:41:48,Neutral,"{'Angry': 1.3424214628798836e-08, 'Disgusted': 2.6107763062555023e-08, 'Fearful': 7.9803585961713e-09, 'Happy': 7.859605943849601e-08, 'Neutral': 0.9999997615814209, 'Other': 6.532215213184145e-09, 'Sad': 1.0406153450048805e-07, 'Surprised': 8.100004222910684e-09, 'Unknown': 2.1650949477702852e-08}",I mended a piece of paper.
LAURA,02:41:48,02:41:50,Neutral,"{'Angry': 2.0289542135287775e-06, 'Disgusted': 4.0001978049986064e-06, 'Fearful': 7.45735917462298e-07, 'Happy': 9.618496733310167e-06, 'Neutral': 0.9999657869338989, 'Other': 1.639981746848207e-06, 'Sad': 1.4862333728160593e-06, 'Surprised': 1.2242203695222997e-07, 'Unknown': 1.4592094885301776e-05}",You did! And you--
MATT,02:41:50,02:41:51,Angry,"{'Angry': 0.6346519589424133, 'Disgusted': 0.00658393744379282, 'Fearful': 0.0009704165277071297, 'Happy': 0.036346063017845154, 'Neutral': 0.31402429938316345, 'Other': 4.6021825255593285e-05, 'Sad': 0.004364965483546257, 'Surprised': 0.0029725118074566126, 'Unknown': 3.978327731601894e-05}",Blasted the torso out of an orc.
MARY,02:41:51,02:41:52,Neutral,"{'Angry': 6.895671685924754e-05, 'Disgusted': 0.012170162051916122, 'Fearful': 4.576223363983445e-05, 'Happy': 0.00018735673802439123, 'Neutral': 0.9829462766647339, 'Other': 0.0007668962934985757, 'Sad': 0.0023169859778136015, 'Surprised': 7.44772933103377e-06, 'Unknown': 0.0014902371913194656}",And I killed an orc--
LAURA,02:41:52,02:41:57,Neutral,"{'Angry': 0.0004836521693505347, 'Disgusted': 1.6218127711908892e-05, 'Fearful': 3.1220899927575374e-06, 'Happy': 0.00012222562509123236, 'Neutral': 0.9993247985839844, 'Other': 2.2355168312060414e-06, 'Sad': 2.1895442841923796e-05, 'Surprised': 2.4474329620716162e-05, 'Unknown': 1.4884199117659591e-06}","And you made a guy like give us things for super cheap, which is like the best thing in the world."
MARY,02:41:57,02:41:59,Neutral,"{'Angry': 3.1406467189279766e-14, 'Disgusted': 1.0484708287594106e-15, 'Fearful': 1.5802030935272473e-16, 'Happy': 3.8414302798829916e-14, 'Neutral': 1.0, 'Other': 2.601153477723231e-16, 'Sad': 1.0284358271678978e-13, 'Surprised': 1.8629591819934246e-14, 'Unknown': 6.429572463327626e-16}","I love a good sale, I do."
LAURA,02:41:59,02:42:00,Neutral,"{'Angry': 0.0025826485361903906, 'Disgusted': 0.0003733616031240672, 'Fearful': 5.673177292919718e-05, 'Happy': 0.0013642623089253902, 'Neutral': 0.9941973686218262, 'Other': 0.0001201838967972435, 'Sad': 0.00016188403242267668, 'Surprised': 1.851477827585768e-05, 'Unknown': 0.0011248779483139515}",I do too!
MARY,02:42:00,02:42:03,Neutral,"{'Angry': 0.02306334115564823, 'Disgusted': 0.004701524972915649, 'Fearful': 0.001204809406772256, 'Happy': 0.004280807916074991, 'Neutral': 0.9111207723617554, 'Other': 0.0026228318456560373, 'Sad': 0.0003186658723279834, 'Surprised': 1.1487823030620348e-05, 'Unknown': 0.0526757575571537}",I love finding a bargain. We should definitely go shopping.
FELICIA,02:42:03,02:42:07,Neutral,"{'Angry': 0.042395614087581635, 'Disgusted': 0.010198955424129963, 'Fearful': 0.003130996832624078, 'Happy': 0.06544540077447891, 'Neutral': 0.7725391387939453, 'Other': 0.004246617667376995, 'Sad': 0.005449812393635511, 'Surprised': 0.026227379217743874, 'Unknown': 0.0703660398721695}","Oh, I'm fine with it. I'm fine with my trust fund, because my parents are dead, yay."
MATT,02:42:07,02:42:09,Neutral,"{'Angry': 0.00034014106495305896, 'Disgusted': 0.0016095852479338646, 'Fearful': 7.741586159681901e-05, 'Happy': 0.00015546151553280652, 'Neutral': 0.9969293475151062, 'Other': 0.00016696058446541429, 'Sad': 0.0004258879635017365, 'Surprised': 0.0002821376547217369, 'Unknown': 1.3116646186972503e-05}","All right, we have our--"
ZAC,02:42:09,02:42:29,Happy,"{'Angry': 6.627479706367012e-06, 'Disgusted': 1.2860060451203026e-05, 'Fearful': 1.9383708149689483e-06, 'Happy': 0.8696231842041016, 'Neutral': 0.12987245619297028, 'Other': 0.00021327489230316132, 'Sad': 0.0002221009781351313, 'Surprised': 8.093017527244228e-07, 'Unknown': 4.6772729547228664e-05}","We have some donations to go through, so guys, just like last week because we're getting so many donations we just don't have time to read all the messages, so we'll just read off who the donation was from and say thank you, and then I will send an exported list with all your messages in an e-mail form to all of our hosts so they can see them. But it's just so many, which is amazing."
LAURA,02:42:29,02:42:30,Neutral,"{'Angry': 0.0012188642285764217, 'Disgusted': 0.10331787914037704, 'Fearful': 0.0009921938180923462, 'Happy': 0.07445399463176727, 'Neutral': 0.744724452495575, 'Other': 0.029979873448610306, 'Sad': 0.0020480926614254713, 'Surprised': 0.04199482500553131, 'Unknown': 0.0012698427308350801}",Yay!
MATT,02:42:30,02:42:31,Happy,"{'Angry': 0.000708984793163836, 'Disgusted': 0.000989716500043869, 'Fearful': 3.323330020066351e-05, 'Happy': 0.9782223701477051, 'Neutral': 0.018061719834804535, 'Other': 3.165390808135271e-05, 'Sad': 0.000941906648222357, 'Surprised': 0.0010044407099485397, 'Unknown': 5.933928150625434e-06}",You guys are ridiculous.
TRAVIS,02:42:31,02:42:32,Happy,"{'Angry': 0.0005270685069262981, 'Disgusted': 0.0004496188776101917, 'Fearful': 3.321935218991712e-05, 'Happy': 0.9926741719245911, 'Neutral': 0.004811292514204979, 'Other': 2.2067408281145617e-05, 'Sad': 0.0007769691292196512, 'Surprised': 0.000701283395756036, 'Unknown': 4.356375484348973e-06}",Yeah. You guys are rad.
ZAC,02:42:32,02:42:34,Neutral,"{'Angry': 0.0008859921945258975, 'Disgusted': 0.0012069683289155364, 'Fearful': 0.0005782019579783082, 'Happy': 0.16792194545269012, 'Neutral': 0.8201192021369934, 'Other': 0.00017978029791265726, 'Sad': 0.006502012722194195, 'Surprised': 0.00074852688703686, 'Unknown': 0.0018574187997728586}","We just don't have all night to go through them. Oh, can I make a personal request?"
MATT,02:42:34,02:42:35,Neutral,"{'Angry': 0.003557666903361678, 'Disgusted': 0.014277009293437004, 'Fearful': 0.00010930182907031849, 'Happy': 0.04110543429851532, 'Neutral': 0.9379088282585144, 'Other': 7.085994730005041e-05, 'Sad': 0.0023792132269591093, 'Surprised': 0.0005474110948853195, 'Unknown': 4.4321801397018135e-05}",Sure.
ZAC,02:42:35,02:42:36,Happy,"{'Angry': 9.664361755312711e-09, 'Disgusted': 3.035180995425435e-08, 'Fearful': 1.9071717538565736e-09, 'Happy': 0.9999998807907104, 'Neutral': 5.7206534620490856e-08, 'Other': 2.250251318614005e-09, 'Sad': 9.803942546682265e-09, 'Surprised': 2.1916701342661327e-08, 'Unknown': 5.045431294981029e-10}",Can you kill Felicia next week?
MATT,02:42:36,02:42:38,Happy,"{'Angry': 3.943863902122757e-09, 'Disgusted': 8.792772732135745e-09, 'Fearful': 4.366424999346918e-09, 'Happy': 0.9999997615814209, 'Neutral': 1.895995183076593e-07, 'Other': 7.707786076061041e-10, 'Sad': 6.43342445982853e-08, 'Surprised': 1.0908793868225075e-08, 'Unknown': 1.2459985265778073e-09}",That's not up to me.
LAURA,02:42:38,02:42:39,Neutral,"{'Angry': 0.017308546230196953, 'Disgusted': 0.005838088691234589, 'Fearful': 0.0018442857544869184, 'Happy': 0.44020262360572815, 'Neutral': 0.46497249603271484, 'Other': 3.478141297819093e-05, 'Sad': 0.005222297739237547, 'Surprised': 0.0645357146859169, 'Unknown': 4.11580695072189e-05}",That's just not appropriate.
FELICIA,02:42:39,02:42:40,Angry,"{'Angry': 0.8864890933036804, 'Disgusted': 0.04847085103392601, 'Fearful': 0.008120878599584103, 'Happy': 0.0029556143563240767, 'Neutral': 0.01730487123131752, 'Other': 0.00014665578783024102, 'Sad': 0.001258614705875516, 'Surprised': 0.0336121991276741, 'Unknown': 0.0016411845572292805}",What's that about?
TRAVIS,02:42:40,02:42:42,Happy,"{'Angry': 0.059422947466373444, 'Disgusted': 9.692268940852955e-05, 'Fearful': 7.994806946953759e-05, 'Happy': 0.9390156269073486, 'Neutral': 0.0008090269984677434, 'Other': 2.091657188429963e-05, 'Sad': 8.492267079418525e-05, 'Surprised': 0.00044619065010920167, 'Unknown': 2.34846374951303e-05}",Wow. Wow.
ZAC,02:42:42,02:42:44,Happy,"{'Angry': 7.248696781703146e-11, 'Disgusted': 1.8963108860958755e-10, 'Fearful': 4.1438658060499733e-11, 'Happy': 1.0, 'Neutral': 8.043760657550081e-10, 'Other': 6.761555898515681e-11, 'Sad': 3.6132430381030645e-10, 'Surprised': 1.3368528506418897e-10, 'Unknown': 6.304604061035946e-11}","In the game, in the game."
SAM,02:42:44,02:42:45,Happy,"{'Angry': 0.006694083567708731, 'Disgusted': 8.39908461784944e-05, 'Fearful': 6.543587915075477e-06, 'Happy': 0.9381436109542847, 'Neutral': 0.05270078778266907, 'Other': 3.532068376443931e-06, 'Sad': 0.0022602188400924206, 'Surprised': 0.00010699792619561777, 'Unknown': 2.0844419168497552e-07}",No no no no no.
MATT,02:42:45,02:42:46,Angry,"{'Angry': 0.778827965259552, 'Disgusted': 0.02900077775120735, 'Fearful': 0.003781010629609227, 'Happy': 0.08347165584564209, 'Neutral': 0.05249858647584915, 'Other': 0.0003646130207926035, 'Sad': 0.017425967380404472, 'Surprised': 0.03436227887868881, 'Unknown': 0.0002671672264114022}","Oh, in the game!"
ZAC,02:42:46,02:42:47,Happy,"{'Angry': 0.12366469949483871, 'Disgusted': 0.009910499677062035, 'Fearful': 0.008401719853281975, 'Happy': 0.4199967384338379, 'Neutral': 0.33754703402519226, 'Other': 0.00022140704095363617, 'Sad': 0.020491397008299828, 'Surprised': 0.07948120683431625, 'Unknown': 0.00028529867995530367}",In the game.
MATT,02:42:47,02:42:48,Happy,"{'Angry': 0.24149900674819946, 'Disgusted': 0.054014138877391815, 'Fearful': 0.03061571903526783, 'Happy': 0.6171134114265442, 'Neutral': 0.018093273043632507, 'Other': 0.006043747998774052, 'Sad': 0.005823967047035694, 'Surprised': 0.024427544325590134, 'Unknown': 0.0023691176902502775}","Oh, in the game."
MATT,02:42:48,02:42:50,Neutral,"{'Angry': 1.3832413060299587e-05, 'Disgusted': 3.418019332457334e-05, 'Fearful': 2.6633630113792606e-05, 'Happy': 0.0016044304938986897, 'Neutral': 0.9974766373634338, 'Other': 2.6662983145797625e-05, 'Sad': 3.6410103348316625e-05, 'Surprised': 9.2955610853096e-07, 'Unknown': 0.0007802985492162406}","I was like, I got to think this through, man. She's right there."
LAURA,02:42:50,02:42:51,Neutral,"{'Angry': 0.0008867031428962946, 'Disgusted': 0.0008469020831398666, 'Fearful': 7.244203152367845e-05, 'Happy': 0.007940052077174187, 'Neutral': 0.9883501529693604, 'Other': 2.7848622266901657e-05, 'Sad': 0.0016307769110426307, 'Surprised': 0.00023305939976125956, 'Unknown': 1.2070563570887316e-05}",I really have to go!
MATT,02:42:51,02:42:52,Disgusted,"{'Angry': 0.01410919800400734, 'Disgusted': 0.5590511560440063, 'Fearful': 0.0026085027493536472, 'Happy': 0.10061211884021759, 'Neutral': 0.17416207492351532, 'Other': 0.0008877324289642274, 'Sad': 0.06489375233650208, 'Surprised': 0.08340051770210266, 'Unknown': 0.00027500736177898943}",I know.
TRAVIS,02:42:52,02:42:53,Neutral,"{'Angry': 0.012464890256524086, 'Disgusted': 0.02778390236198902, 'Fearful': 0.003751743119210005, 'Happy': 0.36098018288612366, 'Neutral': 0.5713275671005249, 'Other': 0.00024303355894517154, 'Sad': 0.018181145191192627, 'Surprised': 0.0039484016597270966, 'Unknown': 0.0013192157493904233}",Bye Vex!
MATT,02:42:53,02:42:54,Neutral,"{'Angry': 0.019364742562174797, 'Disgusted': 0.011614138260483742, 'Fearful': 0.00032117991941049695, 'Happy': 0.035289689898490906, 'Neutral': 0.9298694729804993, 'Other': 0.0002323931985301897, 'Sad': 0.0015609448309987783, 'Surprised': 0.0009214235469698906, 'Unknown': 0.0008261025068350136}",Bye Laura!
MARY,02:42:54,02:42:55,Neutral,"{'Angry': 0.33490708470344543, 'Disgusted': 0.012954498641192913, 'Fearful': 0.0016062557697296143, 'Happy': 0.013664917089045048, 'Neutral': 0.6022689938545227, 'Other': 4.856389932683669e-05, 'Sad': 0.03171827644109726, 'Surprised': 0.002764555625617504, 'Unknown': 6.69644505251199e-05}",Love you!
MATT,02:42:55,02:42:56,Neutral,"{'Angry': 0.013833504170179367, 'Disgusted': 0.05931111052632332, 'Fearful': 0.0017529756296426058, 'Happy': 0.07911088317632675, 'Neutral': 0.7904435396194458, 'Other': 0.0005194774712435901, 'Sad': 0.009785597212612629, 'Surprised': 0.044983457773923874, 'Unknown': 0.00025952246505767107}",Everyone going to GenCon--
LAURA,02:42:56,02:42:57,Happy,"{'Angry': 0.06736131757497787, 'Disgusted': 0.021746056154370308, 'Fearful': 0.03255950286984444, 'Happy': 0.526505708694458, 'Neutral': 0.34673091769218445, 'Other': 0.0006664198008365929, 'Sad': 0.0019928698893636465, 'Surprised': 0.002131368964910507, 'Unknown': 0.00030585663625970483}",Yeah!
MATT,02:42:57,02:42:58,Happy,"{'Angry': 0.0008522268035449088, 'Disgusted': 0.009371316991746426, 'Fearful': 9.122856135945767e-05, 'Happy': 0.9699614644050598, 'Neutral': 0.015684546902775764, 'Other': 0.0003104260831605643, 'Sad': 0.0009716195054352283, 'Surprised': 0.0027223951183259487, 'Unknown': 3.478605503914878e-05}",-- go say hi to her.
MARY,02:42:58,02:42:59,Disgusted,"{'Angry': 0.006002695299685001, 'Disgusted': 0.8452157974243164, 'Fearful': 0.0006851103971712291, 'Happy': 0.008099254220724106, 'Neutral': 0.11009383946657181, 'Other': 0.011687984690070152, 'Sad': 0.01074522640556097, 'Surprised': 0.006929783150553703, 'Unknown': 0.0005403012619353831}","Yeah, go say hi at GenCon, woo!"
ZAC,02:42:59,02:43:01,Neutral,"{'Angry': 0.20108653604984283, 'Disgusted': 0.025532614439725876, 'Fearful': 0.012033099308609962, 'Happy': 0.28878870606422424, 'Neutral': 0.32450997829437256, 'Other': 0.03880586847662926, 'Sad': 0.017506446689367294, 'Surprised': 0.03964972496032715, 'Unknown': 0.052087027579545975}","You know what, if you wanna like Skype in from GenCon, let me know."
LAURA,02:43:01,02:43:03,Neutral,"{'Angry': 0.005002626217901707, 'Disgusted': 0.0001175341967609711, 'Fearful': 2.8441161703085527e-05, 'Happy': 0.0004910708521492779, 'Neutral': 0.9937645196914673, 'Other': 0.00015685497783124447, 'Sad': 9.480387234361842e-05, 'Surprised': 2.7066967959399335e-05, 'Unknown': 0.0003170616109855473}",Well--
ZAC,02:43:03,02:43:04,Neutral,"{'Angry': 0.00028233605553396046, 'Disgusted': 1.7251886674785055e-05, 'Fearful': 1.1277931122322116e-07, 'Happy': 5.4437659855466336e-05, 'Neutral': 0.9996265172958374, 'Other': 7.709331271144038e-07, 'Sad': 1.8043167074210942e-05, 'Surprised': 2.5965215399992303e-07, 'Unknown': 3.2760905810391705e-07}","You got it on your phone, right?"
SAM,02:43:04,02:43:05,Angry,"{'Angry': 0.33669933676719666, 'Disgusted': 0.30065637826919556, 'Fearful': 0.03739828243851662, 'Happy': 0.04059148579835892, 'Neutral': 0.1979505717754364, 'Other': 0.0008026049472391605, 'Sad': 0.06357570737600327, 'Surprised': 0.004157837945967913, 'Unknown': 0.018167827278375626}",To what?
LAURA,02:43:05,02:43:07,Neutral,"{'Angry': 0.018871266394853592, 'Disgusted': 0.02873755618929863, 'Fearful': 0.004865420516580343, 'Happy': 0.017323320731520653, 'Neutral': 0.8874111771583557, 'Other': 0.004549408797174692, 'Sad': 0.010715021751821041, 'Surprised': 0.0022285578306764364, 'Unknown': 0.025298332795500755}",I do-- to what?
ZAC,02:43:07,02:43:08,Surprised,"{'Angry': 9.390732884639874e-05, 'Disgusted': 0.001275670831091702, 'Fearful': 3.0279403290478513e-05, 'Happy': 0.00011634044494712725, 'Neutral': 0.0011528689647093415, 'Other': 4.072077899763826e-06, 'Sad': 9.127644443651661e-05, 'Surprised': 0.997235119342804, 'Unknown': 4.905241439701058e-07}",Us!
LAURA,02:43:08,02:43:09,Neutral,"{'Angry': 6.425634637707844e-07, 'Disgusted': 2.0910306375299115e-06, 'Fearful': 1.4702328599014436e-07, 'Happy': 1.8354749045101926e-06, 'Neutral': 0.9999892711639404, 'Other': 8.394440698111794e-08, 'Sad': 5.367090579966316e-06, 'Surprised': 5.692568265658338e-07, 'Unknown': 1.887693201751972e-08}",Just for the heck of it?
ZAC,02:43:09,02:43:10,Sad,"{'Angry': 0.00274658203125, 'Disgusted': 0.0006608195835724473, 'Fearful': 5.2268700528657064e-05, 'Happy': 0.004938974976539612, 'Neutral': 0.1890575885772705, 'Other': 0.00017171491344925016, 'Sad': 0.8021864295005798, 'Surprised': 0.00014536167145706713, 'Unknown': 4.014033038401976e-05}",Just for the hell of it.
LAURA,02:43:10,02:43:11,Surprised,"{'Angry': 0.0001148538212873973, 'Disgusted': 0.00014125469897408038, 'Fearful': 2.4442086214548908e-05, 'Happy': 7.023391663096845e-05, 'Neutral': 0.001955365063622594, 'Other': 1.433042257303896e-06, 'Sad': 0.00010272783401887864, 'Surprised': 0.9975895881652832, 'Unknown': 6.390934004230076e-08}",But I'll be on a panel!
ZAC,02:43:11,02:43:12,Neutral,"{'Angry': 0.031578075140714645, 'Disgusted': 0.08382261544466019, 'Fearful': 0.0012888270430266857, 'Happy': 0.32384324073791504, 'Neutral': 0.5402904748916626, 'Other': 0.0003078781592193991, 'Sad': 0.013193951919674873, 'Surprised': 0.005337410140782595, 'Unknown': 0.0003375329542905092}",The whole time?
LAURA,02:43:12,02:43:14,Neutral,"{'Angry': 0.04239383339881897, 'Disgusted': 0.0975707620382309, 'Fearful': 0.004586551804095507, 'Happy': 0.056528184562921524, 'Neutral': 0.7520761489868164, 'Other': 0.005391332320868969, 'Sad': 0.029095370322465897, 'Surprised': 0.0013214977225288749, 'Unknown': 0.011036300100386143}","The entire time, it's a really long panel."
MARY,02:43:14,02:43:16,Neutral,"{'Angry': 0.010420515201985836, 'Disgusted': 0.0023416627664119005, 'Fearful': 0.00019232173508498818, 'Happy': 0.013782339170575142, 'Neutral': 0.9669457077980042, 'Other': 0.0011788485571742058, 'Sad': 0.0031943488866090775, 'Surprised': 0.0015569394454360008, 'Unknown': 0.00038724587648175657}","One long panel, it's unusual."
ZAC,02:43:16,02:43:17,Neutral,"{'Angry': 0.011124830693006516, 'Disgusted': 0.3607019782066345, 'Fearful': 0.00253825425170362, 'Happy': 0.08641479909420013, 'Neutral': 0.5093653798103333, 'Other': 0.0007625393336638808, 'Sad': 0.0028693419881165028, 'Surprised': 0.025935599580407143, 'Unknown': 0.00028734412626363337}",That's crazy. Good luck.
MATT,02:43:17,02:43:18,Angry,"{'Angry': 0.9327876567840576, 'Disgusted': 0.0015849791234359145, 'Fearful': 0.0007913971203379333, 'Happy': 0.029924938455224037, 'Neutral': 0.028079058974981308, 'Other': 0.0009540983010083437, 'Sad': 0.003948775120079517, 'Surprised': 0.0008423920371569693, 'Unknown': 0.0010867004748433828}",That would be terrifying.
TALIESIN,02:43:18,02:43:19,Neutral,"{'Angry': 1.1330396318953717e-06, 'Disgusted': 1.4695883692183997e-06, 'Fearful': 2.125934628338655e-08, 'Happy': 1.8584034933155635e-06, 'Neutral': 0.9999946355819702, 'Other': 2.73269211703564e-08, 'Sad': 4.853162067774974e-07, 'Surprised': 2.9246007215988357e-07, 'Unknown': 7.185212069771296e-08}",Panel-con.
LAURA,02:43:19,02:43:20,Happy,"{'Angry': 0.027857214212417603, 'Disgusted': 0.018598588183522224, 'Fearful': 0.00293196109123528, 'Happy': 0.9007675647735596, 'Neutral': 0.03300100192427635, 'Other': 0.0022945934906601906, 'Sad': 0.005549690220504999, 'Surprised': 0.008482495322823524, 'Unknown': 0.0005168273928575218}","All right, bye!"
MATT,02:43:20,02:43:21,Neutral,"{'Angry': 0.00019931382848881185, 'Disgusted': 0.00015432212967425585, 'Fearful': 1.9505774616845883e-05, 'Happy': 0.0004583090194500983, 'Neutral': 0.9989705085754395, 'Other': 2.8582669528987026e-06, 'Sad': 0.00013369332009460777, 'Surprised': 5.97570942773018e-05, 'Unknown': 1.8752625692286529e-06}","Bye, Laura!"
TALIESIN,02:43:21,02:43:22,Surprised,"{'Angry': 0.0035345752257853746, 'Disgusted': 0.004177795723080635, 'Fearful': 0.0057116844691336155, 'Happy': 0.018241241574287415, 'Neutral': 0.03087121807038784, 'Other': 0.00024351126921828836, 'Sad': 0.002825432224199176, 'Surprised': 0.93426913022995, 'Unknown': 0.00012551764666568488}","Bye, dear!"
ZAC,02:43:22,02:43:25,Surprised,"{'Angry': 0.012697933241724968, 'Disgusted': 0.0014355494640767574, 'Fearful': 0.0005169279174879193, 'Happy': 0.4290704131126404, 'Neutral': 0.11991845816373825, 'Other': 0.002213038969784975, 'Sad': 0.0004597415099851787, 'Surprised': 0.43001848459243774, 'Unknown': 0.0036693925503641367}",So it looks like we start right around here.
MATT,02:43:25,02:43:30,Happy,"{'Angry': 1.1087761958572528e-10, 'Disgusted': 3.677844695459953e-10, 'Fearful': 3.599533726639237e-10, 'Happy': 1.0, 'Neutral': 3.6245145773605714e-10, 'Other': 2.489617401124633e-10, 'Sad': 8.286854535910493e-10, 'Surprised': 3.6396721747600225e-10, 'Unknown': 1.979554020703489e-10}","Here, awesome. Gdi35 donated $50 to 826."
MATT,02:43:30,02:43:35,Happy,"{'Angry': 0.00033131398959085345, 'Disgusted': 0.004261542111635208, 'Fearful': 0.003973969258368015, 'Happy': 0.7926747798919678, 'Neutral': 0.06625345349311829, 'Other': 0.00018845629529096186, 'Sad': 0.0022108356934040785, 'Surprised': 4.0369042835664004e-05, 'Unknown': 0.13006526231765747}","Thank you so much, that's incredible. Let me see."
ZAC,02:43:35,02:43:36,Neutral,"{'Angry': 0.013659743592143059, 'Disgusted': 0.008464260026812553, 'Fearful': 0.0042742956429719925, 'Happy': 0.10420293360948563, 'Neutral': 0.8478608131408691, 'Other': 6.249032594496384e-05, 'Sad': 0.007403608877211809, 'Surprised': 0.013951891101896763, 'Unknown': 0.00011999648268101737}",I dunno where--
MATT,02:43:36,02:44:13,Happy,"{'Angry': 8.259755379658174e-11, 'Disgusted': 5.812154091344723e-10, 'Fearful': 2.4507718077160234e-10, 'Happy': 1.0, 'Neutral': 3.1165705571822855e-09, 'Other': 7.165945614673319e-10, 'Sad': 2.1914099423980815e-09, 'Surprised': 2.047532421389775e-10, 'Unknown': 1.1581137160376898e-09}","Oh, QBUltima5 donated $20 to 826, thank you so much. WheelieFactoid has donated $25, thank you again Wheelie, you're amazing and consistent, it's incredible. Darastar donated $25 to charity, Supalot-- supalot, that's delicious-- donated $50. Thank you so much, Supalot, that's great. Javabookgeekgirl donated $150, that's ridiculous. Thank you so much. KleetaZX, xicxic, XCXC, I'm sorry if I butchered that, but it's spelt to be butchered so I'm doing my best I can."
ZAC,02:44:13,02:44:14,Neutral,"{'Angry': 4.808354333363241e-06, 'Disgusted': 5.657255428559438e-07, 'Fearful': 1.5355299183283933e-06, 'Happy': 6.593489524675533e-05, 'Neutral': 0.999536395072937, 'Other': 1.0073496241602697e-06, 'Sad': 0.00038883788511157036, 'Surprised': 3.2206352784669434e-07, 'Unknown': 6.594841579499189e-07}","You're doing great, Matt, you're doing great."
MATT,02:44:14,02:44:20,Angry,"{'Angry': 0.5795807838439941, 'Disgusted': 0.16535316407680511, 'Fearful': 0.01612030528485775, 'Happy': 0.13342900574207306, 'Neutral': 0.06987056881189346, 'Other': 0.00016743555897846818, 'Sad': 0.008311216719448566, 'Surprised': 0.02647337131202221, 'Unknown': 0.0006941556930541992}","Donated $50. Thank you so much. We have Markinthepark donated $50 as well, thank you."
MARY,02:44:20,02:44:22,Neutral,"{'Angry': 0.01640690304338932, 'Disgusted': 0.00027314925682730973, 'Fearful': 0.0005140245775692165, 'Happy': 0.0015575463185086846, 'Neutral': 0.921945333480835, 'Other': 0.00010640902473824099, 'Sad': 0.05885929986834526, 'Surprised': 0.0001421028864569962, 'Unknown': 0.00019529886776581407}","Woo, Markinthepark!"
MATT,02:44:22,02:44:30,Angry,"{'Angry': 0.4101859927177429, 'Disgusted': 0.0011006495915353298, 'Fearful': 0.045572929084300995, 'Happy': 0.2373226135969162, 'Neutral': 0.0003448618808761239, 'Other': 0.0001511187438154593, 'Sad': 0.0032435895409435034, 'Surprised': 0.3018101155757904, 'Unknown': 0.0002680881298147142}","Awesome. Kurtcole donated $100, that's fantastic, Pippin42890 donated $250."
TALIESIN,02:44:30,02:44:31,Neutral,"{'Angry': 0.0193621926009655, 'Disgusted': 0.00025889728567563, 'Fearful': 7.897151590441354e-06, 'Happy': 0.0011574833188205957, 'Neutral': 0.9790134429931641, 'Other': 7.682388968532905e-06, 'Sad': 0.00017903317348100245, 'Surprised': 6.462005330831744e-06, 'Unknown': 6.970375125092687e-06}",Whoa.
FELICIA,02:44:31,02:44:32,Neutral,"{'Angry': 8.080310780287508e-14, 'Disgusted': 2.5923485702365225e-15, 'Fearful': 4.37209422964006e-16, 'Happy': 1.0157913870939214e-13, 'Neutral': 1.0, 'Other': 4.363396789458534e-16, 'Sad': 2.2994309906675114e-13, 'Surprised': 3.889440784959723e-14, 'Unknown': 1.5231261754232103e-15}",What?
MATT,02:44:32,02:44:33,Neutral,"{'Angry': 0.000311296375002712, 'Disgusted': 0.0002812655293382704, 'Fearful': 1.5485442418139428e-05, 'Happy': 0.0005131491925567389, 'Neutral': 0.9987810254096985, 'Other': 4.3444224502309225e-06, 'Sad': 7.776347774779424e-05, 'Surprised': 1.3223717360233422e-05, 'Unknown': 2.4492651391483378e-06}","Towards the charity, thank you so much."
ZAC,02:44:33,02:44:34,Neutral,"{'Angry': 9.59262980160247e-09, 'Disgusted': 3.391063074786871e-08, 'Fearful': 6.8445946688200365e-09, 'Happy': 1.0026498102888581e-06, 'Neutral': 0.9999980926513672, 'Other': 3.114909645773878e-07, 'Sad': 4.808028393199493e-07, 'Surprised': 3.1274618450538583e-09, 'Unknown': 9.352423546715727e-08}",And this is their first time watching live.
MATT,02:44:34,02:44:38,Neutral,"{'Angry': 0.0012143525527790189, 'Disgusted': 0.00033827306469902396, 'Fearful': 3.0476838219328783e-05, 'Happy': 0.00028320233104750514, 'Neutral': 0.9467734694480896, 'Other': 0.00016925287491176277, 'Sad': 0.05105675756931305, 'Surprised': 1.2701727428066079e-05, 'Unknown': 0.00012155951844761148}","First time watching live, welcome to all the guys who watch for the first time. (cheering)"
MATT,02:44:38,02:44:52,Neutral,"{'Angry': 2.7664312897759946e-13, 'Disgusted': 8.530387496635122e-15, 'Fearful': 1.9176639578588964e-15, 'Happy': 3.0221932270126095e-13, 'Neutral': 1.0, 'Other': 1.2365650826090687e-15, 'Sad': 9.90944631039381e-13, 'Surprised': 9.582127300823695e-14, 'Unknown': 5.94477495591164e-15}","So welcome. Fantastic, we have Jeannie2343 donated $50, thank you so much Jean, or Jeannie, however it's said. Norkalad donated $100, also their first livestream, thank you and welcome!"
FELICIA,02:44:52,02:44:53,Neutral,"{'Angry': 0.005252267234027386, 'Disgusted': 0.0013432238483801484, 'Fearful': 0.000131159569718875, 'Happy': 0.01143952738493681, 'Neutral': 0.9653722643852234, 'Other': 4.9444588512415066e-05, 'Sad': 0.014853613451123238, 'Surprised': 0.0015481465961784124, 'Unknown': 1.036331923387479e-05}","Yay, first livestream!"
MATT,02:44:53,02:45:03,Angry,"{'Angry': 0.9847717881202698, 'Disgusted': 0.00013614688941743225, 'Fearful': 5.334478191798553e-05, 'Happy': 0.014663977548480034, 'Neutral': 1.812456685001962e-05, 'Other': 1.0952545380860101e-05, 'Sad': 2.9665085094165988e-05, 'Surprised': 0.0002969736815430224, 'Unknown': 1.912634979817085e-05}","All right, we have SirBugglez donated $25, which is awesome. Foxyforsythe donated $23.89."
SAM,02:45:03,02:45:04,Happy,"{'Angry': 0.42271870374679565, 'Disgusted': 0.00011884105333592743, 'Fearful': 0.002862837864086032, 'Happy': 0.5700262784957886, 'Neutral': 0.0009266634006053209, 'Other': 5.731731653213501e-05, 'Sad': 0.002737972652539611, 'Surprised': 0.0005430805613286793, 'Unknown': 8.347063157998491e-06}",Buggles?
MATT,02:45:04,02:45:22,Happy,"{'Angry': 0.29650959372520447, 'Disgusted': 0.001991118537262082, 'Fearful': 0.0010829478269442916, 'Happy': 0.6638625860214233, 'Neutral': 0.03293021023273468, 'Other': 0.0003951685503125191, 'Sad': 0.0012093218974769115, 'Surprised': 0.0010038819164037704, 'Unknown': 0.0010151996975764632}","Thank you, I like that specific cent-number, makes me happy. LastCalled2013 donated $50 towards 826, AstrocistofVaruul donated $25, incredible, incredible. Immune0 donated $25, thank you Immune0, that's fantastic. TheDuggenator8. Yeah Duggenator."
"FELICIA, TALIESIN",02:45:22,02:45:23,Neutral,"{'Angry': 4.5830457484630216e-11, 'Disgusted': 6.129281977795831e-12, 'Fearful': 1.699843607885776e-12, 'Happy': 1.9100140913330677e-10, 'Neutral': 1.0, 'Other': 5.841240577168783e-13, 'Sad': 1.8189606765250943e-10, 'Surprised': 1.4553247495996402e-11, 'Unknown': 3.1170949068431986e-12}",Yeah Duggenator!
MATT,02:45:23,02:45:31,Neutral,"{'Angry': 3.68315490953397e-12, 'Disgusted': 1.9146069820709377e-13, 'Fearful': 5.482941168146252e-14, 'Happy': 5.205118887990912e-12, 'Neutral': 1.0, 'Other': 1.75528994415591e-14, 'Sad': 9.95286839056142e-12, 'Surprised': 1.859379187077459e-12, 'Unknown': 7.239249076498172e-14}","Donated $25. Gaiaca donated $25, thank you Gaiaca. Mylastnameisapalindr--"
ZAC,02:45:31,02:45:33,Neutral,"{'Angry': 2.4058346753008664e-05, 'Disgusted': 4.2582236346788704e-05, 'Fearful': 3.596970418584533e-05, 'Happy': 0.000751882151234895, 'Neutral': 0.9988812804222107, 'Other': 1.961485031642951e-05, 'Sad': 5.066729863756336e-05, 'Surprised': 9.901790463118232e-07, 'Unknown': 0.00019293198420200497}","Palindrome, I'm guessing."
MATT,02:45:33,02:45:49,Happy,"{'Angry': 1.0141950951947365e-05, 'Disgusted': 4.236699896864593e-05, 'Fearful': 0.00014167753397487104, 'Happy': 0.999535322189331, 'Neutral': 3.7661707210645545e-06, 'Other': 8.376890036743134e-05, 'Sad': 1.1507580893521663e-05, 'Surprised': 4.960510068485746e-06, 'Unknown': 0.00016640509420540184}","Mylastnameisapalindrome is probably it. Donated $25, thank you, and awesome that's your last name. Magikthefireborn donated $20, thank you very much Magik, that's fantastic. Joerker, Joeker396 donated $111.11."
"MARY, FELICIA",02:45:49,02:45:50,Happy,"{'Angry': 0.27379098534584045, 'Disgusted': 0.001837842515669763, 'Fearful': 0.04935375601053238, 'Happy': 0.43390360474586487, 'Neutral': 0.03227003291249275, 'Other': 0.03229506313800812, 'Sad': 0.031722214072942734, 'Surprised': 0.14224132895469666, 'Unknown': 0.0025851833634078503}",Wow!
FELICIA,02:45:50,02:45:51,Neutral,"{'Angry': 2.6971376883011544e-06, 'Disgusted': 2.5531942355883075e-06, 'Fearful': 1.7375154129695147e-05, 'Happy': 4.780560630024411e-06, 'Neutral': 0.9997414946556091, 'Other': 7.258367986651137e-07, 'Sad': 6.211867003003135e-06, 'Surprised': 0.00022405011986847967, 'Unknown': 8.95749110441102e-08}",One one one one one.
MATT,02:45:51,02:45:52,Neutral,"{'Angry': 0.001489151967689395, 'Disgusted': 0.0014932575868442655, 'Fearful': 0.00953100435435772, 'Happy': 0.019655317068099976, 'Neutral': 0.9599456787109375, 'Other': 2.7977679565083236e-05, 'Sad': 0.0016037696041166782, 'Surprised': 0.00624625850468874, 'Unknown': 7.552118404419161e-06}",I like the ones.
SAM,02:45:52,02:45:53,Unknown,"{'Angry': 0.0033204280771315098, 'Disgusted': 0.027148453518748283, 'Fearful': 0.24294613301753998, 'Happy': 0.21139490604400635, 'Neutral': 0.1298847794532776, 'Other': 0.0012249795254319906, 'Sad': 0.033275991678237915, 'Surprised': 0.01072657946497202, 'Unknown': 0.34007778763771057}",Many ones.
MARY,02:45:53,02:45:54,Surprised,"{'Angry': 0.08788629621267319, 'Disgusted': 0.037490472197532654, 'Fearful': 0.0009134213323704898, 'Happy': 0.09042050689458847, 'Neutral': 0.38369426131248474, 'Other': 0.00013945781392976642, 'Sad': 0.0011920033721253276, 'Surprised': 0.3981771469116211, 'Unknown': 8.643126784591004e-05}",One one one one one.
MATT,02:45:54,02:46:13,Neutral,"{'Angry': 0.00022428925149142742, 'Disgusted': 1.2343216440058313e-05, 'Fearful': 1.94571072142935e-07, 'Happy': 2.9980546969454736e-06, 'Neutral': 0.9997525811195374, 'Other': 1.1512391893120366e-06, 'Sad': 1.3244516594568267e-06, 'Surprised': 4.8605998017592356e-06, 'Unknown': 2.5580106921552215e-07}","Make it rain. DaredevilKB donated $25, thank you Daredevil, love your show on Netflix. Zern donated $30, thank you Zern, that's amazing. 7bitRyan donated $50 and there are many comments here about Lyra and Aldor storytelling, which I think will haunt the party for quite some time."
"FELICIA, MARY",02:46:13,02:46:15,Disgusted,"{'Angry': 0.024015968665480614, 'Disgusted': 0.5369451642036438, 'Fearful': 0.004200248047709465, 'Happy': 0.20394451916217804, 'Neutral': 0.1327648162841797, 'Other': 0.03976244106888771, 'Sad': 0.022958025336265564, 'Surprised': 0.027676869183778763, 'Unknown': 0.007731980178505182}",Yay.
FELICIA,02:46:15,02:46:17,Neutral,"{'Angry': 1.4925461073289625e-05, 'Disgusted': 4.658112175093265e-06, 'Fearful': 8.30188753297989e-07, 'Happy': 0.0029126699082553387, 'Neutral': 0.9970441460609436, 'Other': 2.2470253497886006e-06, 'Sad': 1.4951060620660428e-05, 'Surprised': 3.8143446090543875e-06, 'Unknown': 1.7631874698054162e-06}","Oh, I'm excited, write fanfic."
MATT,02:46:17,02:46:37,Surprised,"{'Angry': 4.644326327252202e-05, 'Disgusted': 0.000174890345078893, 'Fearful': 1.1223363799217623e-05, 'Happy': 0.0008364863460883498, 'Neutral': 0.004308512434363365, 'Other': 5.234210766502656e-05, 'Sad': 2.142912671843078e-05, 'Surprised': 0.994541347026825, 'Unknown': 7.381134309980553e-06}","Kariduck donated $25, thank you Kariduck, and MZV5005 donated $25, thank you guys so much for your donations for 826. It's astronomical, your support for the show and everything you guys do. Also a big thank-you to our fantastic artist Kit Buss for knocking out some fantastic profile art!"
FELICIA,02:46:37,02:46:38,Neutral,"{'Angry': 6.460076747316634e-06, 'Disgusted': 1.0823669981618878e-05, 'Fearful': 1.6135136320372112e-06, 'Happy': 4.996497227693908e-05, 'Neutral': 0.9998090863227844, 'Other': 9.04509704469092e-07, 'Sad': 1.4283293239714112e-05, 'Surprised': 0.0001067059492925182, 'Unknown': 1.6076054976110754e-07}",I love my portrait so much.
MARY,02:46:38,02:46:40,Neutral,"{'Angry': 0.009095841087400913, 'Disgusted': 0.020887482911348343, 'Fearful': 0.0009390484192408621, 'Happy': 0.4386209547519684, 'Neutral': 0.5122973322868347, 'Other': 0.0005657283472828567, 'Sad': 0.012564234435558319, 'Surprised': 0.00440728385001421, 'Unknown': 0.0006220990908332169}","Kit, I love you so much, so much."
TALIESIN,02:46:40,02:46:41,Disgusted,"{'Angry': 0.26272329688072205, 'Disgusted': 0.2644154727458954, 'Fearful': 0.0043645757250487804, 'Happy': 0.2626543343067169, 'Neutral': 0.13904576003551483, 'Other': 0.001086434000171721, 'Sad': 0.03588365763425827, 'Surprised': 0.0292211901396513, 'Unknown': 0.0006053387187421322}",I haven't seen it yet.
SAM,02:46:41,02:46:42,Neutral,"{'Angry': 0.032906319946050644, 'Disgusted': 0.04081679508090019, 'Fearful': 0.0002359233913011849, 'Happy': 0.02487536147236824, 'Neutral': 0.8482452630996704, 'Other': 0.002239776309579611, 'Sad': 0.0417814701795578, 'Surprised': 0.008813569322228432, 'Unknown': 8.562688162783161e-05}",They have portraits already?
TALIESIN,02:46:42,02:46:43,Neutral,"{'Angry': 0.020350949838757515, 'Disgusted': 0.02594405598938465, 'Fearful': 0.001611168496310711, 'Happy': 0.05997506156563759, 'Neutral': 0.814308762550354, 'Other': 0.00016047929238993675, 'Sad': 0.07192368060350418, 'Surprised': 0.005624120123684406, 'Unknown': 0.00010165374987991527}","Yeah, they've got portraits up, we get to see them when the feed's up."
FELICIA,02:46:43,02:46:45,Sad,"{'Angry': 0.0033551270607858896, 'Disgusted': 0.002085356740280986, 'Fearful': 0.0010557686910033226, 'Happy': 0.26265770196914673, 'Neutral': 0.0031909956596791744, 'Other': 0.0035588727332651615, 'Sad': 0.7217168807983398, 'Surprised': 0.002081275684759021, 'Unknown': 0.00029797988827340305}","I have a portrait, it's really fantastic."
MARY,02:46:45,02:46:46,Neutral,"{'Angry': 0.024117162451148033, 'Disgusted': 0.0986921414732933, 'Fearful': 0.0004655886150430888, 'Happy': 0.0145493159070611, 'Neutral': 0.7799202799797058, 'Other': 0.05706680566072464, 'Sad': 0.004298105835914612, 'Surprised': 0.020131338387727737, 'Unknown': 0.0007593088666908443}","Here, I'll show you."
MATT,02:46:46,02:46:47,Neutral,"{'Angry': 0.008065642789006233, 'Disgusted': 0.0033716552425175905, 'Fearful': 9.51097536017187e-05, 'Happy': 0.09662654995918274, 'Neutral': 0.8863581418991089, 'Other': 2.350508475501556e-05, 'Sad': 0.00445649353787303, 'Surprised': 0.000994489062577486, 'Unknown': 8.470986358588561e-06}",You guys should tweet out your portraits.
MARY,02:46:47,02:46:48,Neutral,"{'Angry': 2.3055768906488083e-05, 'Disgusted': 9.222328117175493e-06, 'Fearful': 1.7195425243698992e-06, 'Happy': 6.552598642883822e-05, 'Neutral': 0.9998764991760254, 'Other': 8.034346592467045e-07, 'Sad': 1.0588910299702547e-05, 'Surprised': 1.2328675438766368e-05, 'Unknown': 2.7597744178819994e-07}","Yes, I will now."
FELICIA,02:46:48,02:46:50,Neutral,"{'Angry': 0.05800965428352356, 'Disgusted': 0.011359184980392456, 'Fearful': 0.03063971921801567, 'Happy': 0.12272734940052032, 'Neutral': 0.7635602355003357, 'Other': 0.0015938732540234923, 'Sad': 0.0036583873443305492, 'Surprised': 0.0078076268546283245, 'Unknown': 0.0006439504795707762}","Oh yeah yeah! I will, I have to get it set up."
MATT,02:46:50,02:46:51,Neutral,"{'Angry': 0.00021895015379413962, 'Disgusted': 0.00011913086200365797, 'Fearful': 1.5711481182734133e-06, 'Happy': 0.0002455218927934766, 'Neutral': 0.8961384892463684, 'Other': 0.0003328275342937559, 'Sad': 1.9277198589406908e-05, 'Surprised': 0.10292072594165802, 'Unknown': 3.6152628126728814e-06}",You can see it.
MARY,02:46:51,02:46:52,Neutral,"{'Angry': 0.002295880578458309, 'Disgusted': 0.0015968907391652465, 'Fearful': 4.8958303523249924e-05, 'Happy': 0.0488162487745285, 'Neutral': 0.9463385343551636, 'Other': 6.619940540986136e-05, 'Sad': 0.00015590969996992499, 'Surprised': 0.0006669425056315958, 'Unknown': 1.4398972780327313e-05}",Here.
SAM,02:46:52,02:46:53,Happy,"{'Angry': 0.07962266355752945, 'Disgusted': 0.004449812695384026, 'Fearful': 0.11119945347309113, 'Happy': 0.7088772058486938, 'Neutral': 0.06484195590019226, 'Other': 0.0011594248935580254, 'Sad': 0.02823253534734249, 'Surprised': 0.0013605781132355332, 'Unknown': 0.00025634487974457443}","Whoa, awesome."
ZAC,02:46:53,02:47:07,Neutral,"{'Angry': 2.1965649921185104e-07, 'Disgusted': 1.453373101867328e-07, 'Fearful': 1.912868619058372e-08, 'Happy': 6.781019328627735e-05, 'Neutral': 0.9999301433563232, 'Other': 1.866580703335785e-07, 'Sad': 1.313082634624152e-06, 'Surprised': 7.578771032967779e-08, 'Unknown': 1.5356873461769283e-07}","While Ryan's getting you guys' gifts ready, I wanted to do a really quick announcement for tomorrow's show. Tomorrow we are having a new show pilot kind of idea premiere, with Hector doing HeroClix with Alison Haislip tomorrow, it's gonna be a lot of fun."
FELICIA,02:47:07,02:47:08,Angry,"{'Angry': 0.6146351099014282, 'Disgusted': 0.19464457035064697, 'Fearful': 0.008285562507808208, 'Happy': 0.00333196553401649, 'Neutral': 0.15287308394908905, 'Other': 4.9313046474708244e-05, 'Sad': 0.0250028595328331, 'Surprised': 0.0007109006401151419, 'Unknown': 0.0004666352760978043}",It's really fun!
MATT,02:47:08,02:47:10,Neutral,"{'Angry': 0.016044218093156815, 'Disgusted': 0.00409877160564065, 'Fearful': 0.0023371719289571047, 'Happy': 0.020486004650592804, 'Neutral': 0.9227938055992126, 'Other': 0.0014236372662708163, 'Sad': 0.001287317369133234, 'Surprised': 0.00015205143427010626, 'Unknown': 0.03137714043259621}",Nice. HeroClix is fun.
ZAC,02:47:10,02:47:14,Neutral,"{'Angry': 6.603680953844518e-14, 'Disgusted': 2.3017455420772017e-15, 'Fearful': 3.899554400701587e-16, 'Happy': 8.659290325800997e-14, 'Neutral': 1.0, 'Other': 4.636031548889072e-16, 'Sad': 1.9793282952321883e-13, 'Surprised': 3.6139592430846704e-14, 'Unknown': 1.4891716950622192e-15}","Yeah. Hector's got Doctor Doom and Gandalf on lock, and he challenged anyone to try to beat him, so."
MATT,02:47:14,02:47:16,Neutral,"{'Angry': 0.24358685314655304, 'Disgusted': 0.03696021810173988, 'Fearful': 0.0022688067983835936, 'Happy': 0.027197634801268578, 'Neutral': 0.6799384951591492, 'Other': 7.92901701061055e-05, 'Sad': 0.00787053257226944, 'Surprised': 0.0018120991298928857, 'Unknown': 0.0002860617241822183}","By the way, I would watch that movie in a second."
ZAC,02:47:16,02:47:17,Neutral,"{'Angry': 0.005571005400270224, 'Disgusted': 0.02172393724322319, 'Fearful': 0.000446698279120028, 'Happy': 0.007384325843304396, 'Neutral': 0.9520851373672485, 'Other': 0.0002848294680006802, 'Sad': 0.009545844048261642, 'Surprised': 0.0028742144349962473, 'Unknown': 8.397795318160206e-05}",Right?
MATT,02:47:17,02:47:18,Neutral,"{'Angry': 0.0009639526251703501, 'Disgusted': 0.0007510095019824803, 'Fearful': 0.00013560756633523852, 'Happy': 0.003377677174285054, 'Neutral': 0.9902470111846924, 'Other': 1.84746731974883e-05, 'Sad': 0.0016686728922650218, 'Surprised': 0.002832557773217559, 'Unknown': 5.134166258358164e-06}",I'm just saying.
ZAC,02:47:18,02:47:21,Neutral,"{'Angry': 4.627606742246826e-09, 'Disgusted': 1.193570486890394e-08, 'Fearful': 2.70782418709814e-09, 'Happy': 1.0825317531271139e-08, 'Neutral': 0.9999990463256836, 'Other': 1.4184404761863334e-09, 'Sad': 9.785644579096697e-07, 'Surprised': 2.6950457421293095e-09, 'Unknown': 5.195607277741487e-10}",Doctor Doom and Gandalf together. I'm really excited. And then after that--
MARY,02:47:21,02:47:23,Happy,"{'Angry': 1.1187790960320854e-06, 'Disgusted': 4.1314888221677393e-07, 'Fearful': 3.939300441402338e-08, 'Happy': 0.9999229907989502, 'Neutral': 7.258274126797915e-05, 'Other': 3.6481804244203886e-08, 'Sad': 1.5320654256356647e-06, 'Surprised': 1.2467962733353488e-06, 'Unknown': 6.7472067932783375e-09}",Liam!
ZAC,02:47:23,02:47:31,Neutral,"{'Angry': 1.472933718105196e-06, 'Disgusted': 3.6266333154344466e-06, 'Fearful': 3.990017773958243e-07, 'Happy': 0.00019773007079493254, 'Neutral': 0.999762237071991, 'Other': 4.640782663045684e-06, 'Sad': 7.430262940033572e-06, 'Surprised': 3.022821601916803e-07, 'Unknown': 2.208359001087956e-05}","We have one of our fan favorites, Robot Teammate, coming in to do musical improv tomorrow night as, and then Gather Your Party with everyone else, so."
MATT,02:47:31,02:47:33,Neutral,"{'Angry': 0.0009733745246194303, 'Disgusted': 0.004188336431980133, 'Fearful': 0.0015174895524978638, 'Happy': 0.434372216463089, 'Neutral': 0.5301417708396912, 'Other': 0.0005292547284625471, 'Sad': 0.018328111618757248, 'Surprised': 0.00965249165892601, 'Unknown': 0.0002968895132653415}",(hoarsely) Disadvantage.
ZAC,02:47:33,02:47:36,Neutral,"{'Angry': 2.1953221462922556e-08, 'Disgusted': 1.2739644006387607e-08, 'Fearful': 4.384117069378135e-09, 'Happy': 1.3811521171191998e-07, 'Neutral': 0.9999997615814209, 'Other': 4.375595885619532e-09, 'Sad': 1.3967037659767811e-07, 'Surprised': 8.813778151761653e-09, 'Unknown': 3.157267336462155e-09}","Tune in tomorrow night, guys. All right, I think Ryan's got some gifts for you guys."
MATT,02:47:36,02:48:01,Other,"{'Angry': 0.18918156623840332, 'Disgusted': 0.030051851645112038, 'Fearful': 0.004535807762295008, 'Happy': 0.16008228063583374, 'Neutral': 0.2543738782405853, 'Other': 0.3511136472225189, 'Sad': 0.0006083300686441362, 'Surprised': 0.003205385524779558, 'Unknown': 0.006847234442830086}","Yes, continue Critmas. Once again, I'm gonna reiterate it. The outpouring of this fantastic community, what you guys do for each other, the support you guys have in playing together and supporting each other is incredible and I-- every week we're perpetually blown away and feeling unworthy for all the gifts you send, and it's amazing."
TRAVIS,02:48:01,02:48:02,Neutral,"{'Angry': 9.087921881700822e-08, 'Disgusted': 1.84721091756046e-08, 'Fearful': 1.5397741748301996e-08, 'Happy': 2.2654583631265268e-07, 'Neutral': 0.9999991655349731, 'Other': 5.119900947647693e-09, 'Sad': 4.2248515796927677e-07, 'Surprised': 2.3166386142747797e-08, 'Unknown': 3.792108849154374e-09}",Get out of my seat!
MATT,02:48:02,02:48:19,Neutral,"{'Angry': 2.410137200925533e-09, 'Disgusted': 1.7837517574115225e-10, 'Fearful': 3.5051204994029916e-11, 'Happy': 2.357119388562978e-09, 'Neutral': 1.0, 'Other': 4.1408793061137317e-11, 'Sad': 1.5091345950679624e-09, 'Surprised': 2.2009846722959026e-10, 'Unknown': 6.186625517434763e-11}","And it is appreciated, you helped decorate both the set and our living spaces now with all these amazing gifts, so we can see and be reminded of you guys all the time. So thank you again, so much, for all your incredible gifts. I love-- I can't get over Grog's cask of ale that's just."
FELICIA,02:48:19,02:48:21,Neutral,"{'Angry': 7.085344577717478e-07, 'Disgusted': 5.658051236423489e-07, 'Fearful': 2.36253029584077e-07, 'Happy': 3.6855497000942705e-06, 'Neutral': 0.9999908208847046, 'Other': 7.387126998992244e-08, 'Sad': 3.672105549412663e-06, 'Surprised': 1.1764629448407504e-07, 'Unknown': 1.4622466437685944e-07}",That Grog ale is amazing.
TRAVIS,02:48:21,02:48:24,Neutral,"{'Angry': 4.197811260923945e-14, 'Disgusted': 1.7099902197961e-15, 'Fearful': 2.577428084870638e-16, 'Happy': 5.427234521710768e-14, 'Neutral': 1.0, 'Other': 4.73125763979736e-16, 'Sad': 1.2898441537935457e-13, 'Surprised': 2.710765470328568e-14, 'Unknown': 1.3103848509952282e-15}",It is my favorite thing. It's my little baby.
MATT,02:48:24,02:48:25,Neutral,"{'Angry': 1.1696261736915403e-08, 'Disgusted': 1.0886095580531219e-08, 'Fearful': 2.4585722346870398e-09, 'Happy': 2.274976793614769e-07, 'Neutral': 0.9999996423721313, 'Other': 2.871901383372233e-09, 'Sad': 8.815312213528159e-08, 'Surprised': 2.947345034698401e-09, 'Unknown': 3.923575242481547e-09}",I know.
TRAVIS,02:48:25,02:48:27,Neutral,"{'Angry': 0.00035143725108355284, 'Disgusted': 7.168536103563383e-05, 'Fearful': 7.847081178624649e-06, 'Happy': 0.00014431236195378006, 'Neutral': 0.9993463158607483, 'Other': 5.594456069957232e-06, 'Sad': 4.8277412133757025e-05, 'Surprised': 1.7767790268408135e-05, 'Unknown': 6.739661330357194e-06}",I love it.
LIAM,02:48:27,02:48:29,Neutral,"{'Angry': 3.2151930895452097e-07, 'Disgusted': 5.722962441723212e-07, 'Fearful': 1.390476853657674e-07, 'Happy': 1.8259503349327133e-06, 'Neutral': 0.9999955892562866, 'Other': 1.2913724845020624e-07, 'Sad': 1.2318431572566624e-06, 'Surprised': 9.976297832281489e-08, 'Unknown': 1.1030672197875901e-07}",Is that your woobie?
TALIESIN,02:48:29,02:48:31,Neutral,"{'Angry': 5.002236775908386e-06, 'Disgusted': 3.5786486023425823e-06, 'Fearful': 1.8702228317124536e-06, 'Happy': 1.5311910829041153e-05, 'Neutral': 0.9998856782913208, 'Other': 3.5654770158544125e-07, 'Sad': 8.566906763007864e-05, 'Surprised': 2.38841789723665e-06, 'Unknown': 1.6061548535617476e-07}",Hey now. That's not nice.
TRAVIS,02:48:31,02:48:32,Angry,"{'Angry': 0.7500870227813721, 'Disgusted': 0.011000274680554867, 'Fearful': 0.0004306329065002501, 'Happy': 0.002397847129032016, 'Neutral': 0.23122857511043549, 'Other': 0.00014399875362869352, 'Sad': 0.0034966147504746914, 'Surprised': 0.0011931377230212092, 'Unknown': 2.1887204638915136e-05}","Grog's ale, keep away from giants."
MATT,02:48:32,02:48:40,Happy,"{'Angry': 8.797889705647322e-08, 'Disgusted': 1.1116188147752837e-07, 'Fearful': 2.027601198051343e-07, 'Happy': 0.9999992847442627, 'Neutral': 6.042855460464125e-08, 'Other': 1.5608543790790463e-08, 'Sad': 1.2269813964849163e-07, 'Surprised': 1.0053544485799648e-07, 'Unknown': 1.436881813532409e-08}","Hey congratulations chat room, by the way, for choosing the contract tonight, adult white dragon was definitely the tougher of the selections."
TRAVIS,02:48:40,02:48:41,Angry,"{'Angry': 0.9930890202522278, 'Disgusted': 0.001434306032024324, 'Fearful': 6.629981362493709e-05, 'Happy': 0.0009297463693656027, 'Neutral': 0.0040406580083072186, 'Other': 0.00011364015517756343, 'Sad': 7.930683204904199e-05, 'Surprised': 1.925781907630153e-05, 'Unknown': 0.00022777319827582687}",They chose that shit?
FELICIA,02:48:41,02:48:45,Other,"{'Angry': 0.009044173173606396, 'Disgusted': 0.007603456731885672, 'Fearful': 0.44976869225502014, 'Happy': 0.003036610782146454, 'Neutral': 0.00016013513959478587, 'Other': 0.5281054973602295, 'Sad': 0.0005818216013722122, 'Surprised': 0.0003134133876301348, 'Unknown': 0.001386184012517333}","Wait, what? They picked the harder one for us? Thanks, guys."
TRAVIS,02:48:45,02:48:47,Happy,"{'Angry': 0.0038639060221612453, 'Disgusted': 0.0009112271945923567, 'Fearful': 0.00022022832126822323, 'Happy': 0.8218085765838623, 'Neutral': 0.1603303700685501, 'Other': 0.0003231962909922004, 'Sad': 0.0016631793696433306, 'Surprised': 0.01061962265521288, 'Unknown': 0.00025968102272599936}",We love you guys. It's not like we want to live or anything.
FELICIA,02:48:47,02:48:49,Surprised,"{'Angry': 0.0059586260467767715, 'Disgusted': 0.008340372703969479, 'Fearful': 4.622487904271111e-05, 'Happy': 0.004592693876475096, 'Neutral': 0.45928946137428284, 'Other': 0.00019064027583226562, 'Sad': 0.000522741349413991, 'Surprised': 0.5210101008415222, 'Unknown': 4.9110676627606153e-05}","You want Lyra to die, that's what you want."
MATT,02:48:49,02:48:51,Happy,"{'Angry': 6.585946539416909e-05, 'Disgusted': 7.200404070317745e-05, 'Fearful': 6.270467565627769e-06, 'Happy': 0.9854643940925598, 'Neutral': 0.014298765920102596, 'Other': 1.416293434886029e-05, 'Sad': 3.810050475294702e-05, 'Surprised': 1.654097650316544e-05, 'Unknown': 2.3937716832733713e-05}",There were only a few requests.
FELICIA,02:48:51,02:48:52,Neutral,"{'Angry': 4.736825154338931e-09, 'Disgusted': 1.8738033347176497e-09, 'Fearful': 1.5933267205614499e-10, 'Happy': 5.518713805940934e-07, 'Neutral': 0.9999994039535522, 'Other': 2.171958168872834e-10, 'Sad': 1.604817789768731e-08, 'Surprised': 3.092445410857181e-09, 'Unknown': 2.0580556703286845e-10}",Zac.
ORION,02:48:52,02:48:55,Neutral,"{'Angry': 1.724669260738665e-07, 'Disgusted': 4.488938998292724e-07, 'Fearful': 1.0713637976778045e-07, 'Happy': 1.4287412568592117e-06, 'Neutral': 0.9999967813491821, 'Other': 1.1799408383694754e-07, 'Sad': 8.069424097811861e-07, 'Surprised': 5.885163645302782e-08, 'Unknown': 1.0050757737189997e-07}","I was thinking the whole time, I was like-- dicks."
TRAVIS,02:48:55,02:49:02,Neutral,"{'Angry': 4.079247356569837e-11, 'Disgusted': 8.518401262147535e-12, 'Fearful': 4.865836900069809e-12, 'Happy': 1.6362287913462836e-10, 'Neutral': 1.0, 'Other': 6.937028534069467e-13, 'Sad': 4.4461703763154503e-10, 'Surprised': 3.7609332315113875e-11, 'Unknown': 1.2542853040919955e-12}","Dicks. Why can't they pick like, you know-- I don't know, goblins or like really angry dogs?"
MARY,02:49:02,02:49:04,Neutral,"{'Angry': 4.246289790899027e-06, 'Disgusted': 5.284164672048064e-06, 'Fearful': 4.348633865447482e-06, 'Happy': 0.00016951670113485307, 'Neutral': 0.9997128844261169, 'Other': 9.895118637359701e-06, 'Sad': 6.916386337252334e-05, 'Surprised': 9.095159839489497e-06, 'Unknown': 1.555936978547834e-05}",When you see what we do to orcs.
ORION,02:49:04,02:49:09,Neutral,"{'Angry': 7.737257945450438e-09, 'Disgusted': 6.898072779648601e-09, 'Fearful': 3.3018749956426063e-09, 'Happy': 3.145101246104787e-08, 'Neutral': 0.999998927116394, 'Other': 1.2604414734163072e-10, 'Sad': 1.0868194522117847e-06, 'Surprised': 3.76756714715043e-09, 'Unknown': 1.751706280028742e-10}","I don't know what would be worse, a dragon or a beholder."
TRAVIS,02:49:09,02:49:12,Neutral,"{'Angry': 2.5609173115448414e-10, 'Disgusted': 8.666838080539918e-11, 'Fearful': 2.9208167134919805e-11, 'Happy': 5.041730588573046e-09, 'Neutral': 1.0, 'Other': 3.8583400363556564e-11, 'Sad': 5.144946246815607e-09, 'Surprised': 4.837227493559304e-11, 'Unknown': 1.1074045153103285e-10}","Oh, I'm thinking of that. That instant death-ray."
FELICIA,02:49:12,02:49:19,Neutral,"{'Angry': 0.019862182438373566, 'Disgusted': 0.00913151167333126, 'Fearful': 0.00025512705906294286, 'Happy': 0.0016068917466327548, 'Neutral': 0.9521390795707703, 'Other': 0.0013479158515110612, 'Sad': 0.000321319472277537, 'Surprised': 1.5096265087777283e-05, 'Unknown': 0.015320811420679092}","Thank you! They all are Critical Role dice, which is pretty amazing."
MARY,02:49:19,02:49:22,Neutral,"{'Angry': 1.572372926306187e-10, 'Disgusted': 2.1391622848088154e-11, 'Fearful': 5.576390911532503e-12, 'Happy': 3.4670230575351013e-10, 'Neutral': 1.0, 'Other': 1.4310324843516686e-12, 'Sad': 2.7839189287170996e-10, 'Surprised': 3.9728369899405536e-11, 'Unknown': 3.9481937684493484e-12}",Yes! That's awesome!
MATT,02:49:22,02:49:40,Neutral,"{'Angry': 1.2057459571224172e-05, 'Disgusted': 1.319078677397556e-07, 'Fearful': 7.68820207497356e-09, 'Happy': 8.593753591412678e-06, 'Neutral': 0.9999786615371704, 'Other': 1.3170945223350827e-08, 'Sad': 5.032462695453432e-07, 'Surprised': 2.303114143842322e-08, 'Unknown': 9.622643126760977e-09}","All right, guys, real fast we'll get to these gifts here--, we have a few gifts to open for the group here, from a Vincent Langolas. Open this. Oh yeah!"
SAM,02:49:40,02:49:44,Neutral,"{'Angry': 2.291900003115188e-09, 'Disgusted': 1.4668598280476175e-10, 'Fearful': 2.969031964727975e-11, 'Happy': 1.9105579340816803e-09, 'Neutral': 1.0, 'Other': 4.335861964605003e-12, 'Sad': 6.559631726688053e-10, 'Surprised': 1.830002538394382e-10, 'Unknown': 3.8988277883955647e-11}","Are they in the box of holding, there in the box? Somewhere."
MATT,02:49:44,02:49:47,Surprised,"{'Angry': 0.026660984382033348, 'Disgusted': 0.0741933211684227, 'Fearful': 0.00034174160100519657, 'Happy': 0.0708223208785057, 'Neutral': 0.21971501410007477, 'Other': 0.0007449409458786249, 'Sad': 0.00100050400942564, 'Surprised': 0.6055273413658142, 'Unknown': 0.0009938747389242053}","So, guys, for those who don't know, Vincent has been--"
SAM,02:49:47,02:49:48,Neutral,"{'Angry': 0.00014786033716518432, 'Disgusted': 5.520623381016776e-05, 'Fearful': 4.5006430582361645e-07, 'Happy': 9.521494939690456e-05, 'Neutral': 0.9996844530105591, 'Other': 3.821841801254777e-06, 'Sad': 9.81985704129329e-06, 'Surprised': 1.159990233645658e-06, 'Unknown': 2.021356067416491e-06}",Oh my god.
MATT,02:49:48,02:50:02,Neutral,"{'Angry': 3.230839532540608e-13, 'Disgusted': 1.0215225814216335e-14, 'Fearful': 2.3338938305572914e-15, 'Happy': 3.659484824544701e-13, 'Neutral': 1.0, 'Other': 1.3788988049997868e-15, 'Sad': 1.195403259886263e-12, 'Surprised': 1.0827034662699506e-13, 'Unknown': 6.96139660470046e-15}","--progressively pumping out amazing episodic fanfiction of Vox Machina, and sending us all of it, the stories are really really awesome. If you are inclined to, I recommend if you haven't already put them online, then share them with the rest of the Critter community, they're really awesome."
FELICIA,02:50:02,02:50:06,Neutral,"{'Angry': 8.272213887191085e-14, 'Disgusted': 2.4553320971721932e-15, 'Fearful': 4.630923410821536e-16, 'Happy': 9.118338815125929e-14, 'Neutral': 1.0, 'Other': 4.714844788257532e-16, 'Sad': 3.10546808537579e-13, 'Surprised': 3.5444171604887345e-14, 'Unknown': 1.5317321360464324e-15}",There's a place called wattpad.com where you-- a lot of people do post fanfic.
MATT,02:50:06,02:50:07,Neutral,"{'Angry': 0.03208037093281746, 'Disgusted': 0.08597548305988312, 'Fearful': 7.232383359223604e-05, 'Happy': 0.016764109954237938, 'Neutral': 0.8631795048713684, 'Other': 9.49307213886641e-05, 'Sad': 0.0012015851680189371, 'Surprised': 0.0005386091070249677, 'Unknown': 9.302484249928966e-05}","Oh, awesome."
FELICIA,02:50:07,02:50:19,Neutral,"{'Angry': 2.1439646932797096e-12, 'Disgusted': 1.3674651688777573e-13, 'Fearful': 3.3263708898879224e-14, 'Happy': 3.130679960064442e-12, 'Neutral': 1.0, 'Other': 1.1954020977570593e-14, 'Sad': 9.261959255102425e-12, 'Surprised': 8.561235487897223e-13, 'Unknown': 9.8428901205809e-14}","I actually am on there for my book, it's promotion, but when I started poking around there was lots of fanfic, a lot of Supernatural fans around there writing fiction. But like, it could be a place that people could post."
LIAM,02:50:19,02:50:21,Neutral,"{'Angry': 9.107887990467134e-07, 'Disgusted': 4.168644409219269e-06, 'Fearful': 1.0556436080833009e-07, 'Happy': 6.034114221620257e-07, 'Neutral': 0.9999911785125732, 'Other': 3.4252764180564554e-07, 'Sad': 1.2326026990194805e-06, 'Surprised': 1.4137776815914549e-06, 'Unknown': 2.9182116279002912e-08}",Have you written any?
FELICIA,02:50:21,02:50:28,Neutral,"{'Angry': 2.6403504382876974e-10, 'Disgusted': 4.6988579693874044e-11, 'Fearful': 1.1660164153659558e-11, 'Happy': 1.5419082677325946e-09, 'Neutral': 1.0, 'Other': 8.466373435656038e-12, 'Sad': 9.094300867928951e-10, 'Surprised': 3.958103289569692e-11, 'Unknown': 4.0689902836010816e-11}","Not yet, but I do want to. I have to pick, it might be just Nancy Drew fanfic, I'm not sure."
MATT,02:50:28,02:50:32,Neutral,"{'Angry': 0.0008601518347859383, 'Disgusted': 0.006351160351186991, 'Fearful': 0.0005072225467301905, 'Happy': 0.0029240252915769815, 'Neutral': 0.8842867016792297, 'Other': 0.021766554564237595, 'Sad': 0.00040742525015957654, 'Surprised': 0.025790821760892868, 'Unknown': 0.057105857878923416}","Well, I have Vax and Vex's copies here, I'll get these both to you, Liam, to handle there."
SAM,02:50:32,02:50:34,Neutral,"{'Angry': 1.4313142173705273e-06, 'Disgusted': 6.925120032974519e-07, 'Fearful': 1.1714460157463691e-07, 'Happy': 6.3050661083252635e-06, 'Neutral': 0.9999887943267822, 'Other': 6.58536336572979e-08, 'Sad': 1.96958194464969e-06, 'Surprised': 3.88734576972638e-07, 'Unknown': 9.951257595730567e-08}",One Dwarf Too Many.
MATT,02:50:34,02:50:37,Neutral,"{'Angry': 3.459498719394702e-14, 'Disgusted': 1.395658622410634e-15, 'Fearful': 2.0091953704606005e-16, 'Happy': 4.4369442473400633e-14, 'Neutral': 1.0, 'Other': 4.232909775747233e-16, 'Sad': 1.0577073884712046e-13, 'Surprised': 2.3275555677162822e-14, 'Unknown': 1.0910442928751879e-15}","I'll hold on to Pike's, Ashley's currently absent, but we'll--"
TALIESIN,02:50:37,02:50:38,Neutral,"{'Angry': 6.615119119146584e-09, 'Disgusted': 7.522074629839892e-10, 'Fearful': 1.0828332674961416e-10, 'Happy': 5.479776632455469e-09, 'Neutral': 1.0, 'Other': 4.419644858422167e-11, 'Sad': 5.646739520415167e-09, 'Surprised': 3.6765468447441663e-10, 'Unknown': 5.303786229648999e-11}",This is chapter three?
MATT,02:50:38,02:50:44,Neutral,"{'Angry': 2.4163729350767937e-10, 'Disgusted': 5.63325462665798e-11, 'Fearful': 6.105831118485838e-11, 'Happy': 1.3608928428610056e-09, 'Neutral': 1.0, 'Other': 6.7644683257594984e-12, 'Sad': 3.84623488614011e-09, 'Surprised': 3.7444439215938985e-10, 'Unknown': 2.6868576807892453e-12}","Actually, why don't you hand these out, if you could, thank you so much. This is the next chapter in the One Dwarf Too Many saga."
SAM,02:50:44,02:50:45,Neutral,"{'Angry': 6.31181372901142e-14, 'Disgusted': 2.011942113020089e-15, 'Fearful': 3.2414386527447614e-16, 'Happy': 7.31815934349074e-14, 'Neutral': 1.0, 'Other': 3.7765220710195117e-16, 'Sad': 1.919312690550068e-13, 'Surprised': 3.2153458769199755e-14, 'Unknown': 1.1651693107597142e-15}",One Dwarf Too Many.
MATT,02:50:45,02:50:47,Neutral,"{'Angry': 1.00830377380845e-09, 'Disgusted': 8.486478741964731e-10, 'Fearful': 3.279269911171667e-10, 'Happy': 1.9038137732962923e-09, 'Neutral': 1.0, 'Other': 4.249098642383764e-11, 'Sad': 2.0903970110452974e-08, 'Surprised': 2.619063577125047e-10, 'Unknown': 1.1746939532208955e-10}",One Dwarf Too Many.
SAM,02:50:47,02:50:49,Neutral,"{'Angry': 2.7765769284454622e-12, 'Disgusted': 1.168241393380287e-13, 'Fearful': 3.0755102240973e-14, 'Happy': 5.02567952531674e-12, 'Neutral': 1.0, 'Other': 8.076161843505267e-15, 'Sad': 8.562971512415807e-12, 'Surprised': 8.585977523574428e-13, 'Unknown': 5.158926332459422e-14}",As read by Sir Ian McKellen.
LIAM,02:50:49,02:50:50,Neutral,"{'Angry': 0.01760111190378666, 'Disgusted': 0.0029844956006854773, 'Fearful': 2.549443524912931e-05, 'Happy': 0.0021383934654295444, 'Neutral': 0.9768972396850586, 'Other': 3.0694260203745216e-05, 'Sad': 0.00019943510415032506, 'Surprised': 3.555839430191554e-05, 'Unknown': 8.759372576605529e-05}",Here's Percival's.
TALIESIN,02:50:50,02:50:52,Neutral,"{'Angry': 2.720894144658814e-06, 'Disgusted': 1.794062882254366e-05, 'Fearful': 5.859002385477652e-07, 'Happy': 5.6861881603254005e-06, 'Neutral': 0.9999555349349976, 'Other': 1.6146074131029309e-06, 'Sad': 8.899128260964062e-06, 'Surprised': 7.654375622223597e-08, 'Unknown': 6.921010935911909e-06}",Thank you.
MATT,02:50:52,02:50:53,Neutral,"{'Angry': 0.015637921169400215, 'Disgusted': 0.15939925611019135, 'Fearful': 0.0006611025892198086, 'Happy': 0.005311680492013693, 'Neutral': 0.5762718915939331, 'Other': 8.962516585597768e-05, 'Sad': 0.00907931849360466, 'Surprised': 0.23353499174118042, 'Unknown': 1.4254249435907695e-05}",That is awesome.
TALIESIN,02:50:53,02:51:03,Neutral,"{'Angry': 3.5190034850529628e-06, 'Disgusted': 1.0973488315357827e-05, 'Fearful': 2.394457851551124e-06, 'Happy': 0.004531754646450281, 'Neutral': 0.9952556490898132, 'Other': 1.2833688742830418e-05, 'Sad': 2.128388405253645e-05, 'Surprised': 1.0386542044216185e-06, 'Unknown': 0.00016044138465076685}",I need to get these bound at some point. I feel like I don't work hard enough every time one of these comes.
MATT,02:51:03,02:51:14,Sad,"{'Angry': 0.023474056273698807, 'Disgusted': 0.022086136043071747, 'Fearful': 0.00368902669288218, 'Happy': 0.3573765158653259, 'Neutral': 0.01570846326649189, 'Other': 0.023943593725562096, 'Sad': 0.5416486263275146, 'Surprised': 0.0032531663309782743, 'Unknown': 0.008820369839668274}","All right, so from Joe, aka jockguy89 to Matt Mercer, ""Epic dungeon master needs an epic d20."""
MARISHA,02:51:14,02:51:15,Angry,"{'Angry': 0.9580426216125488, 'Disgusted': 0.007078196387737989, 'Fearful': 0.00011920996621483937, 'Happy': 0.0035393834114074707, 'Neutral': 0.029706964269280434, 'Other': 7.346617348957807e-05, 'Sad': 0.0007915166206657887, 'Surprised': 0.00014596774417441338, 'Unknown': 0.0005026233848184347}",Oh snap!
SAM,02:51:15,02:51:17,Happy,"{'Angry': 0.0009643243975006044, 'Disgusted': 0.025903450325131416, 'Fearful': 0.003154064528644085, 'Happy': 0.9189046621322632, 'Neutral': 0.0267130509018898, 'Other': 0.002326127141714096, 'Sad': 0.0024302152451127768, 'Surprised': 0.01805010437965393, 'Unknown': 0.0015539232408627868}",It's made of dice.
TALIESIN,02:51:17,02:51:19,Neutral,"{'Angry': 9.164027869701385e-05, 'Disgusted': 0.00024299597134813666, 'Fearful': 0.0019955409225076437, 'Happy': 0.0953386127948761, 'Neutral': 0.8889369368553162, 'Other': 0.0001468589180149138, 'Sad': 0.010766943916678429, 'Surprised': 8.262469054898247e-05, 'Unknown': 0.002397905569523573}",It's gonna be an engagement d20.
MATT,02:51:19,02:51:23,Neutral,"{'Angry': 0.00018177504534833133, 'Disgusted': 0.00011537412501638755, 'Fearful': 4.0315539081348106e-05, 'Happy': 0.001304474426433444, 'Neutral': 0.99755859375, 'Other': 7.167815056163818e-05, 'Sad': 0.0002208381483796984, 'Surprised': 1.2162941857241094e-05, 'Unknown': 0.0004947044653818011}","Oh, oh I get my own flashing d20 now."
FELICIA,02:51:23,02:51:24,Happy,"{'Angry': 0.008173441514372826, 'Disgusted': 0.005870372988283634, 'Fearful': 0.0004537402419373393, 'Happy': 0.5612921118736267, 'Neutral': 0.41785433888435364, 'Other': 0.00016147192218340933, 'Sad': 0.00328631279990077, 'Surprised': 0.002817210741341114, 'Unknown': 9.097116708289832e-05}",Is it flashing?
MARISHA,02:51:24,02:51:27,Neutral,"{'Angry': 3.78119136001942e-09, 'Disgusted': 4.511721218847242e-09, 'Fearful': 1.0499149327714008e-09, 'Happy': 1.959503492798831e-08, 'Neutral': 1.0, 'Other': 2.9513178567697196e-09, 'Sad': 2.5428958494444487e-08, 'Surprised': 9.96858928736799e-10, 'Unknown': 4.642843887125991e-09}",Is that what it is? (cheering)
MATT,02:51:27,02:51:32,Neutral,"{'Angry': 7.185764205885903e-10, 'Disgusted': 2.29620433778166e-10, 'Fearful': 5.348382500769411e-11, 'Happy': 1.8134338475306322e-08, 'Neutral': 1.0, 'Other': 1.923070556963946e-11, 'Sad': 3.4097860091009125e-09, 'Surprised': 7.959302661397771e-10, 'Unknown': 7.857464678906467e-12}","I've seen these, I've seen these, I wanted one. This is one that if it lands on a 20, it flashes a bunch of LEDs on the inside."
TALIESIN,02:51:32,02:51:34,Neutral,"{'Angry': 0.00039870411274023354, 'Disgusted': 1.628471363801509e-05, 'Fearful': 1.974109636648791e-06, 'Happy': 0.0016045718220993876, 'Neutral': 0.9978965520858765, 'Other': 7.946410732984077e-06, 'Sad': 5.355943358154036e-05, 'Surprised': 1.960320560101536e-06, 'Unknown': 1.840528057073243e-05}",It gives you an alarm when you know he's gonna kill a party member.
MATT,02:51:34,02:52:34,Neutral,"{'Angry': 9.653133847820072e-11, 'Disgusted': 7.365540469206344e-12, 'Fearful': 2.1586421886099494e-12, 'Happy': 1.3118386932298165e-10, 'Neutral': 1.0, 'Other': 5.072673509541603e-13, 'Sad': 1.1141651490298443e-10, 'Surprised': 3.91055798854012e-11, 'Unknown': 4.338939797732255e-12}","It's like this red glow beneath the shield, I just kinda look up silently. It's going to be great. Thank you so much, Joe, that's really really sweet. I'm going to use that. Here we have a letter. All right, Sir Drey, about 21 hours ago, block. ""Hello there, Critical Role, my name is Drey, and my friends and I have created our own Pathfinder D&D group after religiously watching the show every Thursday."" Awesome! ""We used Tabletop in which I purchased a battlemap, but we have really old metal figurines, I was wondering if by chance you could point us in the direction of where to get better figurines? I've checked Amazon and a few other comic stores and couldn't find any miniatures. It'd be really a big help if you could point me in the right direction. I know you might not answer back due to busy schedules, but thank you guys for putting on the show and entertaining us Critters. Sincerely, Drey."" Thank you, Drey. A lot of these minis come from-- if you can't find it at comic stores nearby there's good websites like Miniature, I think it's Miniature Market. There is--Troll and Toad is one of my mainstays, Troll and Toad has a good selection of minis you can order. eBay is also a good source."
TALIESIN,02:52:34,02:52:35,Happy,"{'Angry': 6.064631019597755e-10, 'Disgusted': 2.3278444449825741e-10, 'Fearful': 2.8228861956303142e-11, 'Happy': 1.0, 'Neutral': 1.983455399923173e-09, 'Other': 1.6711441952477202e-10, 'Sad': 6.862984625044533e-10, 'Surprised': 1.0733946370633518e-10, 'Unknown': 2.0295445879447982e-11}",Hero Forge.
MATT,02:52:35,02:53:03,Happy,"{'Angry': 0.0006249723955988884, 'Disgusted': 0.0015053784009069204, 'Fearful': 0.0003614824381656945, 'Happy': 0.7558128833770752, 'Neutral': 0.22680550813674927, 'Other': 0.003316923277452588, 'Sad': 0.0026374496519565582, 'Surprised': 0.00795891135931015, 'Unknown': 0.0009764746646396816}","Hero Forge, you can customize your own character minis, which is really great, and have them 3D printed out for you. And then, there is.... You can order on Amazon some of the packs of D&D figures. You don't know what's in there, it's one of those kinda you know surprise figure boxes, which is kinda fun in itself. I've bought way too many of those. But you can find those on Amazon, usually. Just look for Dungeons and Dragons miniature boxes and Pathfinder boxes as well, they have a whole slew of that, so. Those would be your best bets."
MARISHA,02:53:03,02:53:05,Happy,"{'Angry': 0.0009688917198218405, 'Disgusted': 0.0028390754014253616, 'Fearful': 0.0013723766896873713, 'Happy': 0.9161755442619324, 'Neutral': 0.007736581843346357, 'Other': 0.003416887717321515, 'Sad': 0.0002418819785816595, 'Surprised': 0.04000450298190117, 'Unknown': 0.027244247496128082}",They're like miniature grab bags.
MATT,02:53:05,02:53:24,Neutral,"{'Angry': 0.003598577342927456, 'Disgusted': 0.004283745773136616, 'Fearful': 0.0011555999517440796, 'Happy': 0.05366067588329315, 'Neutral': 0.9087872505187988, 'Other': 0.004202998708933592, 'Sad': 0.0023921362590044737, 'Surprised': 0.01725902035832405, 'Unknown': 0.004660017788410187}","Apparently. Oh, what? All right. ""Matt, can read on air."" And then I can read that off the air. That's the private conversation. Here we go, this is filled with money! No, it's not. It's my favorite fan."
MARY,02:53:24,02:53:25,Happy,"{'Angry': 1.887053258542437e-05, 'Disgusted': 7.980024383869022e-05, 'Fearful': 5.636344212689437e-05, 'Happy': 0.9987607002258301, 'Neutral': 0.000880332023371011, 'Other': 5.0674584599619266e-06, 'Sad': 0.00013807826326228678, 'Surprised': 5.756145037594251e-05, 'Unknown': 3.329239916638471e-06}",It's a check!
MATT,02:53:25,02:53:52,Neutral,"{'Angry': 3.1473885719890404e-09, 'Disgusted': 3.026330830380175e-08, 'Fearful': 8.016679542421912e-10, 'Happy': 4.199881686872686e-08, 'Neutral': 0.9999998807907104, 'Other': 1.6093459009880462e-08, 'Sad': 1.2017883577186694e-08, 'Surprised': 2.5445197060491864e-09, 'Unknown': 1.3401185716688246e-09}","I want to take a moment to say, I appreciate that most of our letters we get are hand-written, and that is such a rarity these days and it kinda makes this little archaic happiness in my heart sprout. So, ""Matt, so far from my experience, DMs typically have a ton of dice, so I thought why not make a little bug to help with the struggle."" Bag! Bag to help with the struggle. Oh. Read that 'bug'. I'm also bad at writing hand, reading handwriting. I love handwritten letters, I'm just terrible at them, I apologize."
MARISHA,02:53:52,02:53:55,Fearful,"{'Angry': 6.10785573371686e-05, 'Disgusted': 0.0001297680428251624, 'Fearful': 0.997188150882721, 'Happy': 0.00045243679778650403, 'Neutral': 0.00029580466798506677, 'Other': 6.35918986517936e-05, 'Sad': 0.0014958200044929981, 'Surprised': 0.00029490108136087656, 'Unknown': 1.8463337255525403e-05}","I got really excited, I thought it was gonna be like a dice bug."
MATT,02:53:55,02:54:24,Neutral,"{'Angry': 4.075253468016626e-09, 'Disgusted': 6.051610768054161e-09, 'Fearful': 3.16686704637803e-10, 'Happy': 1.2522635017830908e-07, 'Neutral': 0.9999997615814209, 'Other': 5.207518416483481e-09, 'Sad': 1.8098399223731576e-08, 'Surprised': 4.3898257473529156e-08, 'Unknown': 4.649939322476371e-10}","Right, or just like a whole bunch of roaches start pouring out, I'm like, this was a great idea. (screams) ""I made one for everyone but started to run out of materials and only sent this one out. Hope you enjoy the candy inside."" Ooh. ""Let's really hope it doesn't melt. Sorry if it does. Rebecca Christian."" Thank you so much, Rebecca! That's really sweet. What did Rebecca-- Oh! That is-- that is a chainmail dice bag."
ALL,02:54:24,02:54:25,Neutral,"{'Angry': 3.317631853860803e-05, 'Disgusted': 8.089235780062154e-05, 'Fearful': 1.382856225973228e-05, 'Happy': 0.00020100752590224147, 'Neutral': 0.9984664916992188, 'Other': 4.104962954443181e-06, 'Sad': 0.0009810428600758314, 'Surprised': 0.00021891799406148493, 'Unknown': 6.252814159779518e-07}",Whoa!
MATT,02:54:25,02:54:31,Neutral,"{'Angry': 6.022406965483507e-14, 'Disgusted': 2.262328863876723e-15, 'Fearful': 3.3776677557450585e-16, 'Happy': 8.406297847488725e-14, 'Neutral': 1.0, 'Other': 4.989927737603431e-16, 'Sad': 2.1148631890871572e-13, 'Surprised': 2.9858199381916153e-14, 'Unknown': 1.6213903617550633e-15}",That says DM on it in gold chains. (cheering)
FELICIA,02:54:31,02:54:36,Surprised,"{'Angry': 0.1995842307806015, 'Disgusted': 0.02889142371714115, 'Fearful': 0.0010043365182355046, 'Happy': 0.009285353124141693, 'Neutral': 0.006055861245840788, 'Other': 3.616463072830811e-05, 'Sad': 0.00031875388231128454, 'Surprised': 0.7546167373657227, 'Unknown': 0.0002071499329758808}","That's really hard to make, chainmail. It really takes a long time."
MARISHA,02:54:36,02:54:37,Neutral,"{'Angry': 0.00197868375107646, 'Disgusted': 0.03650464490056038, 'Fearful': 0.00013226528244558722, 'Happy': 0.003623650874942541, 'Neutral': 0.9435813426971436, 'Other': 0.008562963455915451, 'Sad': 0.0005168773932382464, 'Surprised': 0.004767725709825754, 'Unknown': 0.00033189248642884195}",Takes forever.
FELICIA,02:54:37,02:54:38,Disgusted,"{'Angry': 0.0037854670081287622, 'Disgusted': 0.7935292720794678, 'Fearful': 0.0003619655908551067, 'Happy': 0.02030082419514656, 'Neutral': 0.16271835565567017, 'Other': 0.012813649140298367, 'Sad': 0.004384238738566637, 'Surprised': 0.0012654882157221437, 'Unknown': 0.0008408302674070001}","Yeah, takes forever."
MATT,02:54:38,02:54:44,Happy,"{'Angry': 0.003265141975134611, 'Disgusted': 0.402302086353302, 'Fearful': 0.016742760315537453, 'Happy': 0.530633270740509, 'Neutral': 0.01101695466786623, 'Other': 0.0029857743065804243, 'Sad': 0.021452918648719788, 'Surprised': 0.010570353828370571, 'Unknown': 0.0010308290366083384}",It's full of coins. Let's share some gold coins. (cheering)
MATT,02:54:44,02:54:46,Neutral,"{'Angry': 4.840132561412247e-08, 'Disgusted': 1.909495139784667e-08, 'Fearful': 2.194329162819031e-09, 'Happy': 9.22847220863332e-08, 'Neutral': 0.9999998807907104, 'Other': 6.548080411228341e-10, 'Sad': 3.033074591485274e-08, 'Surprised': 6.551081455086205e-09, 'Unknown': 1.424139917105549e-09}",Catch?
FELICIA,02:54:46,02:54:47,Angry,"{'Angry': 0.5125892758369446, 'Disgusted': 0.01336685847491026, 'Fearful': 0.0005458437954075634, 'Happy': 0.030992072075605392, 'Neutral': 0.43644651770591736, 'Other': 0.00022302413708530366, 'Sad': 0.004011147655546665, 'Surprised': 0.0016701786080375314, 'Unknown': 0.00015500983863603324}","No, no!"
TRAVIS,02:54:47,02:54:48,Neutral,"{'Angry': 0.003842796664685011, 'Disgusted': 0.001495713135227561, 'Fearful': 0.0003319018869660795, 'Happy': 0.0014509049942716956, 'Neutral': 0.9918447136878967, 'Other': 2.5573592211003415e-05, 'Sad': 0.00043139822082594037, 'Surprised': 0.00047974640619941056, 'Unknown': 9.719948138808832e-05}",Throw it at her!
ORION,02:54:48,02:54:49,Neutral,"{'Angry': 4.3696001483795044e-08, 'Disgusted': 1.7028209953195983e-09, 'Fearful': 4.3582401576536256e-11, 'Happy': 6.271678216762666e-07, 'Neutral': 0.9999994039535522, 'Other': 2.3892984812867724e-11, 'Sad': 8.14053358055844e-09, 'Surprised': 1.1969655488996978e-08, 'Unknown': 5.8429112242963654e-12}","Actually, just throw them all to Sam."
MATT,02:54:49,02:54:53,Neutral,"{'Angry': 4.0151814317823664e-08, 'Disgusted': 5.0149888686235045e-09, 'Fearful': 2.0804071798607993e-09, 'Happy': 2.2748170067643514e-06, 'Neutral': 0.9999974966049194, 'Other': 1.6349371856350103e-09, 'Sad': 2.7303647698317945e-07, 'Surprised': 2.0219658836140297e-08, 'Unknown': 9.276548418313268e-10}",There you go. Sam! There you go.
ORION,02:54:53,02:54:58,Neutral,"{'Angry': 4.350945346232038e-06, 'Disgusted': 1.0065549531645956e-06, 'Fearful': 7.40745562666234e-08, 'Happy': 3.4733333450276405e-05, 'Neutral': 0.999954342842102, 'Other': 1.3222892221165239e-06, 'Sad': 1.2096987802578951e-06, 'Surprised': 4.6173958878625854e-08, 'Unknown': 2.8647407361859223e-06}",Hey Matthew?
MATT,02:54:58,02:55:00,Neutral,"{'Angry': 7.666627749314259e-11, 'Disgusted': 3.292862510440031e-11, 'Fearful': 1.0679864111129422e-11, 'Happy': 2.2204917904389276e-09, 'Neutral': 1.0, 'Other': 5.195369308375053e-12, 'Sad': 1.7190995293958622e-09, 'Surprised': 7.215026492923826e-11, 'Unknown': 3.2713950905843836e-12}",Also acts as a bag protector.
ORION,02:55:00,02:55:01,Surprised,"{'Angry': 0.020191829651594162, 'Disgusted': 0.1855255365371704, 'Fearful': 0.002031715353950858, 'Happy': 0.035830672830343246, 'Neutral': 0.2899181544780731, 'Other': 0.013874677009880543, 'Sad': 0.001155687728896737, 'Surprised': 0.4466196596622467, 'Unknown': 0.004852031823247671}",Nice sack.
MATT,02:55:01,02:55:13,Neutral,"{'Angry': 5.333104427908755e-14, 'Disgusted': 2.3384030104519997e-15, 'Fearful': 3.5319693654662103e-16, 'Happy': 7.525474384276198e-14, 'Neutral': 1.0, 'Other': 6.496682354342992e-16, 'Sad': 1.7403460129180454e-13, 'Surprised': 3.353438674750381e-14, 'Unknown': 1.974036541597512e-15}","Thank you. Oh my god, you guys are so sweet, thank you so much. That's awesome. And then did we find out who these are for? Ryan? Ryan?"
RYAN,02:55:13,02:55:14,Happy,"{'Angry': 0.02990005537867546, 'Disgusted': 0.010379291139543056, 'Fearful': 0.00010786642087623477, 'Happy': 0.8945563435554504, 'Neutral': 0.056999970227479935, 'Other': 0.0001265099854208529, 'Sad': 0.0040987576358020306, 'Surprised': 0.0037428713403642178, 'Unknown': 8.835249172989279e-05}",Yes?
MATT,02:55:14,02:55:16,Happy,"{'Angry': 0.2959410846233368, 'Disgusted': 0.00023185546160675585, 'Fearful': 0.00016245424922090024, 'Happy': 0.4783814549446106, 'Neutral': 0.22200505435466766, 'Other': 4.350995732238516e-05, 'Sad': 0.0012702831299975514, 'Surprised': 0.0019565557595342398, 'Unknown': 7.756248123769183e-06}",Did you find out who these are for?
RYAN,02:55:16,02:55:18,Unknown,"{'Angry': 0.06148449331521988, 'Disgusted': 0.10858721286058426, 'Fearful': 0.0015346691943705082, 'Happy': 0.03494513779878616, 'Neutral': 0.18522007763385773, 'Other': 0.008542177267372608, 'Sad': 0.0007031251443549991, 'Surprised': 2.2628504666499794e-05, 'Unknown': 0.5989604592323303}","Those are for you to distribute, they're from jpcguy."
MATT,02:55:18,02:55:25,Happy,"{'Angry': 0.02277555502951145, 'Disgusted': 0.00889586377888918, 'Fearful': 0.0012527251383289695, 'Happy': 0.6091949939727783, 'Neutral': 0.27301687002182007, 'Other': 0.002479186048731208, 'Sad': 0.0009019505232572556, 'Surprised': 0.026410507038235664, 'Unknown': 0.055072370916604996}","Jpcguy! Awesome, thank you so much! We got two sets of elven dice to distribute here amongst the party. Oh, these are really cool."
TRAVIS,02:55:25,02:55:27,Neutral,"{'Angry': 3.169069984210182e-08, 'Disgusted': 5.617157583515109e-08, 'Fearful': 3.6870817510248344e-09, 'Happy': 4.972389433532953e-08, 'Neutral': 0.9999997615814209, 'Other': 3.113660440590138e-08, 'Sad': 1.1602183036529823e-07, 'Surprised': 2.424907208364857e-08, 'Unknown': 9.34013399955802e-09}","I got dwarvish dice to distribute, too."
ORION,02:55:27,02:55:30,Neutral,"{'Angry': 0.011597841046750546, 'Disgusted': 0.057831086218357086, 'Fearful': 0.010971225798130035, 'Happy': 0.016980376094579697, 'Neutral': 0.8301410675048828, 'Other': 0.024720896035432816, 'Sad': 0.005357447545975447, 'Surprised': 0.02375575713813305, 'Unknown': 0.018644262105226517}","I already got a set, jpcguy already gave me one, so I'm good."
MATT,02:55:30,02:55:35,Neutral,"{'Angry': 1.504906984618748e-12, 'Disgusted': 7.563767049755671e-14, 'Fearful': 1.8799930145627086e-14, 'Happy': 2.736399214858798e-12, 'Neutral': 1.0, 'Other': 4.5646639408852135e-15, 'Sad': 3.824488035292228e-12, 'Surprised': 5.266121197965157e-13, 'Unknown': 5.0737259988005434e-14}","Awesome. Thank you so much, that's amazing."
TRAVIS,02:55:35,02:55:48,Neutral,"{'Angry': 4.4421587935827844e-11, 'Disgusted': 4.720288829945796e-12, 'Fearful': 1.3270680127713819e-12, 'Happy': 7.627232873064216e-11, 'Neutral': 1.0, 'Other': 4.203622042467381e-13, 'Sad': 1.1554853601714044e-10, 'Surprised': 1.5809156067581043e-11, 'Unknown': 2.040598376037983e-12}","These were from Eric, redzanwatt, ""Grog, thank you to all Critical Role for the joy you bring me and showing me the amazing world of D&D. These dice would fit in nice with the dwarf beard I hope you finally grow. Your fan, Eric."" Very cool, Eric. Thank you, man."
FELICIA,02:55:48,02:55:49,Neutral,"{'Angry': 0.009253768250346184, 'Disgusted': 0.008798640221357346, 'Fearful': 0.0011249607196077704, 'Happy': 0.01826189085841179, 'Neutral': 0.9272805452346802, 'Other': 4.650983100873418e-05, 'Sad': 0.03341200575232506, 'Surprised': 0.0017897541401907802, 'Unknown': 3.201583604095504e-05}","When are you gonna grow hair, Grog?"
MATT,02:55:49,02:55:57,Neutral,"{'Angry': 1.2306658513441815e-12, 'Disgusted': 5.530077196408238e-14, 'Fearful': 1.3104005422805761e-14, 'Happy': 1.5263740792137437e-12, 'Neutral': 1.0, 'Other': 5.371168479195764e-15, 'Sad': 4.42828282723462e-12, 'Surprised': 4.168753829549704e-13, 'Unknown': 3.2222339488470475e-14}","The dice pool we've slowly gathered over this time. So, not to worry."
TRAVIS,02:55:57,02:56:00,Neutral,"{'Angry': 0.0016154319746419787, 'Disgusted': 0.022298818454146385, 'Fearful': 0.0015503399772569537, 'Happy': 0.1877545267343521, 'Neutral': 0.5128946304321289, 'Other': 0.11006695032119751, 'Sad': 0.0044053769670426846, 'Surprised': 0.0014392690500244498, 'Unknown': 0.1579747051000595}",Can I show this off real quick?
MATT,02:56:00,02:56:01,Neutral,"{'Angry': 0.0006152403657324612, 'Disgusted': 0.00030957700801081955, 'Fearful': 7.408959936583415e-05, 'Happy': 0.0013450022088363767, 'Neutral': 0.9955728054046631, 'Other': 9.805954505281989e-06, 'Sad': 0.0012196121970191598, 'Surprised': 0.0008458966622129083, 'Unknown': 7.905800885055214e-06}",Yeah?
TRAVIS,02:56:01,02:56:09,Neutral,"{'Angry': 2.957669664738205e-08, 'Disgusted': 1.0437555708620039e-08, 'Fearful': 1.7067267599202296e-09, 'Happy': 9.631317254843452e-08, 'Neutral': 0.9999998807907104, 'Other': 7.971399540451785e-09, 'Sad': 4.3095365498402316e-08, 'Surprised': 4.726683044964375e-09, 'Unknown': 1.1849563996690904e-08}","So I'm a crazy Dallas Cowboys fan and somebody sent me an autographed picture of the original three, like, Troy Aikman, Michael Irvin and Emmitt Smith."
ALL,02:56:09,02:56:11,Disgusted,"{'Angry': 0.008795429952442646, 'Disgusted': 0.3746032118797302, 'Fearful': 0.0007127845892682672, 'Happy': 0.2002030462026596, 'Neutral': 0.1788756102323532, 'Other': 0.09784362465143204, 'Sad': 0.01032648328691721, 'Surprised': 0.12637054920196533, 'Unknown': 0.002269282005727291}",What?!
MATT,02:56:11,02:56:13,Neutral,"{'Angry': 0.0030412827618420124, 'Disgusted': 0.0023532495833933353, 'Fearful': 0.0020713633857667446, 'Happy': 0.06887637823820114, 'Neutral': 0.8989213109016418, 'Other': 0.0008684699423611164, 'Sad': 0.0017045899294316769, 'Surprised': 0.00022584937687497586, 'Unknown': 0.02193743921816349}",I don't know who those are but I'm so happy for you!
TRAVIS,02:56:13,02:56:18,Happy,"{'Angry': 0.0010965567780658603, 'Disgusted': 0.003284513484686613, 'Fearful': 0.0008202432072721422, 'Happy': 0.805365800857544, 'Neutral': 0.09823524951934814, 'Other': 0.005989694967865944, 'Sad': 0.0007069205748848617, 'Surprised': 0.00022763997549191117, 'Unknown': 0.08427338302135468}",It's instantly going on my wall next to my Dallas Cowboys--
ORION,02:56:18,02:56:25,Neutral,"{'Angry': 0.000214697458432056, 'Disgusted': 9.990093531087041e-05, 'Fearful': 4.332607568358071e-05, 'Happy': 0.0015184476505964994, 'Neutral': 0.9946175217628479, 'Other': 0.00015975424321368337, 'Sad': 6.811417551944032e-05, 'Surprised': 9.540407290842268e-07, 'Unknown': 0.0032772172708064318}","I don't watch sports, but I know these names because that's when I used to watch sports, and those are cool names."
TRAVIS,02:56:25,02:56:28,Neutral,"{'Angry': 1.103162908244748e-10, 'Disgusted': 9.71115288878055e-12, 'Fearful': 1.536257883058556e-12, 'Happy': 1.7103606309021302e-09, 'Neutral': 1.0, 'Other': 5.578196324990126e-13, 'Sad': 3.808738602284478e-10, 'Surprised': 3.4954133337761206e-11, 'Unknown': 8.051622519752999e-13}","Thank you. Thank you thank you, I don't know, the Cowboys are my team."
ORION,02:56:28,02:56:30,Neutral,"{'Angry': 6.010395168232208e-07, 'Disgusted': 4.3865384213859215e-07, 'Fearful': 1.162174072533162e-07, 'Happy': 9.615518501959741e-05, 'Neutral': 0.9998996257781982, 'Other': 2.9489734743037843e-07, 'Sad': 1.5672258086851798e-06, 'Surprised': 5.017119519834523e-07, 'Unknown': 6.653287414337683e-07}",That is ace.
TRAVIS,02:56:30,02:56:39,Unknown,"{'Angry': 0.15086059272289276, 'Disgusted': 0.021250830963253975, 'Fearful': 0.0023732269182801247, 'Happy': 0.017289428040385246, 'Neutral': 0.17032483220100403, 'Other': 0.10938912630081177, 'Sad': 0.08052318543195724, 'Surprised': 0.0006514655542559922, 'Unknown': 0.4473373293876648}","It just came from Nostalgic, I don't even know! Who sent it? It gave me this!"
MARY,02:56:39,02:56:42,Neutral,"{'Angry': 0.0021407813765108585, 'Disgusted': 0.00143397634383291, 'Fearful': 0.00040657995850779116, 'Happy': 0.0014601158909499645, 'Neutral': 0.9821390509605408, 'Other': 0.0006055778940208256, 'Sad': 0.0014097992097958922, 'Surprised': 1.0434120667923708e-05, 'Unknown': 0.010393641889095306}",Nostalgic in Ohio.
MARISHA,02:56:42,02:56:44,Angry,"{'Angry': 0.9072021245956421, 'Disgusted': 0.0028186480049043894, 'Fearful': 0.00015017148689366877, 'Happy': 0.01368271466344595, 'Neutral': 0.07168428599834442, 'Other': 6.239718641154468e-05, 'Sad': 0.0038245716132223606, 'Surprised': 0.0005429592565633357, 'Unknown': 3.211132207070477e-05}","Thanks, nostalgic."
FELICIA,02:56:44,02:56:45,Happy,"{'Angry': 0.02121150493621826, 'Disgusted': 0.014754336327314377, 'Fearful': 0.005370037630200386, 'Happy': 0.6765833497047424, 'Neutral': 0.2696259021759033, 'Other': 0.00036602807813324034, 'Sad': 0.0073004961013793945, 'Surprised': 0.001602789619937539, 'Unknown': 0.0031855101697146893}",In Ohio.
SAM,02:56:45,02:56:49,Happy,"{'Angry': 0.008124984800815582, 'Disgusted': 0.013060891069471836, 'Fearful': 0.005113872233778238, 'Happy': 0.44853445887565613, 'Neutral': 0.38745036721229553, 'Other': 0.003782167797908187, 'Sad': 0.0069196694530546665, 'Surprised': 0.00026849948335438967, 'Unknown': 0.12674516439437866}","Wow, for a fan of the Cowboys to get that, that's amazing!"
FELICIA,02:56:49,02:56:51,Neutral,"{'Angry': 3.4223714465042576e-05, 'Disgusted': 7.827792433090508e-05, 'Fearful': 4.286802504793741e-05, 'Happy': 0.0006232144078239799, 'Neutral': 0.9950228929519653, 'Other': 0.0002700705372262746, 'Sad': 0.001121282228268683, 'Surprised': 1.1204873544556904e-06, 'Unknown': 0.002806119853630662}",How did they know that?
TRAVIS,02:56:51,02:56:52,Neutral,"{'Angry': 9.89891640879037e-11, 'Disgusted': 2.9105105912169416e-12, 'Fearful': 3.9745862850937286e-12, 'Happy': 3.801016723592454e-10, 'Neutral': 1.0, 'Other': 8.078801028762322e-14, 'Sad': 2.5604691700209514e-09, 'Surprised': 3.5906517342754185e-11, 'Unknown': 1.1428716046452125e-13}",Internet?
SAM,02:56:52,02:57:06,Neutral,"{'Angry': 1.1143909128819018e-09, 'Disgusted': 6.366598359619502e-10, 'Fearful': 1.2422299300318684e-10, 'Happy': 2.3898401035893357e-09, 'Neutral': 1.0, 'Other': 1.6521851942119525e-10, 'Sad': 3.285481886550201e-09, 'Surprised': 1.1910717967467122e-09, 'Unknown': 7.91769011465604e-11}","I am a fan of obscure Picasso art. And sketches. Maybe Hundertwasser sketches, or something. (laughter)"
LIAM,02:57:06,02:57:08,Neutral,"{'Angry': 1.0501015204958386e-12, 'Disgusted': 3.916710163663628e-14, 'Fearful': 1.0283411966470306e-14, 'Happy': 1.3442049123096877e-12, 'Neutral': 1.0, 'Other': 3.3619993402867485e-15, 'Sad': 3.5026326457299195e-12, 'Surprised': 3.254800942653624e-13, 'Unknown': 2.3938990844967964e-14}",You're human? You can have these.
FELICIA,02:57:08,02:57:10,Happy,"{'Angry': 0.032575346529483795, 'Disgusted': 0.0013973116874694824, 'Fearful': 0.0005756004247814417, 'Happy': 0.9501144289970398, 'Neutral': 0.0035122884437441826, 'Other': 0.0008461597026325762, 'Sad': 0.00031587918056175113, 'Surprised': 0.0003898711293004453, 'Unknown': 0.010273069143295288}","Oh yay! Oh, these are beautiful."
TALIESIN,02:57:10,02:57:11,Neutral,"{'Angry': 0.2554822564125061, 'Disgusted': 0.017464717850089073, 'Fearful': 0.0014480610843747854, 'Happy': 0.06258711218833923, 'Neutral': 0.46138572692871094, 'Other': 0.00030321054509840906, 'Sad': 0.004027688875794411, 'Surprised': 0.19705119729042053, 'Unknown': 0.00025007405201904476}",These are fabulous.
MATT,02:57:11,02:57:12,Neutral,"{'Angry': 0.0006315113278105855, 'Disgusted': 0.001821028650738299, 'Fearful': 0.005914510227739811, 'Happy': 0.044513337314128876, 'Neutral': 0.9377836585044861, 'Other': 0.00019777045235969126, 'Sad': 0.005018703639507294, 'Surprised': 0.0015379091491922736, 'Unknown': 0.0025816166307777166}",These are awesome dice.
FELICIA,02:57:12,02:57:14,Neutral,"{'Angry': 0.02416655793786049, 'Disgusted': 0.019506672397255898, 'Fearful': 0.013537506572902203, 'Happy': 0.05105825886130333, 'Neutral': 0.5968166589736938, 'Other': 0.005132741294801235, 'Sad': 0.07743136584758759, 'Surprised': 0.20158518850803375, 'Unknown': 0.010765026323497295}","I had a whole, I used this color dice."
ORION,02:57:14,02:57:22,Neutral,"{'Angry': 5.573157864091627e-07, 'Disgusted': 8.686875503371994e-07, 'Fearful': 1.944353300586954e-08, 'Happy': 3.6032615753356367e-06, 'Neutral': 0.9999935626983643, 'Other': 6.759244115528418e-07, 'Sad': 3.6978167372581083e-07, 'Surprised': 2.624764476877317e-07, 'Unknown': 1.135159735099478e-07}","I have one more, we have a message, a letter from our friends over at Gamechanger."
MARISHA,02:57:22,02:57:23,Neutral,"{'Angry': 0.00013686600141227245, 'Disgusted': 4.284367605578154e-06, 'Fearful': 1.0481305707799038e-06, 'Happy': 0.00016818790754768997, 'Neutral': 0.9996175765991211, 'Other': 8.719791253497533e-07, 'Sad': 6.864094029879197e-05, 'Surprised': 2.1692123937100405e-06, 'Unknown': 3.046030769837671e-07}","Oh, Gamechanger!"
ORION,02:57:23,02:58:35,Neutral,"{'Angry': 0.0004493282176554203, 'Disgusted': 0.0005524823209270835, 'Fearful': 1.978226464416366e-05, 'Happy': 0.012336556799709797, 'Neutral': 0.9819319248199463, 'Other': 0.002510840306058526, 'Sad': 0.0006569740362465382, 'Surprised': 4.3092764826724306e-05, 'Unknown': 0.0014989294577389956}","""Dear Critical Role and Geek and Sundry team, huge thanks to all of you for having us on your show, promoting our charity and supporting the DX15 campaign."" Which is the Deus Ex campaign we were doing. ""Your support truly made a difference in the campaign and Taylor and Jim had an awesome time in your studio. So cool!!!"" Three exclamation points. ""We would love to work together in the future and hope that someday all of you or some of you can join us at the hospital and deliver gifts and joy and inspiration to the young patients and show your gaming-- show how gaming plays such a critical role in their treatment."" I accept that challenge, I will do that. ""Much love, from Gamechanger, Jake Hearst and Jim Carroll."" Flipside-- Oh, Zac, pay attention. ""We bought Final Fantasy Type 0 for a giveaway during the Deus Ex thing, but never got a chance to promote it. So we would like to offer it to you and the team members could give it away to your audience any way you'd like."" Zac. ""So no strings, just a thank-you gesture, token of appreciation, and love to all the Critters out there."""
TRAVIS,02:58:35,02:58:37,Neutral,"{'Angry': 0.012662716209888458, 'Disgusted': 0.018402855843305588, 'Fearful': 0.0003678167122416198, 'Happy': 0.41493675112724304, 'Neutral': 0.5462433695793152, 'Other': 8.886380965122953e-05, 'Sad': 0.0038924883119761944, 'Surprised': 0.003374305786564946, 'Unknown': 3.085371645283885e-05}","That is amazing. Thank you, guys."
MARISHA,02:58:37,02:58:41,Neutral,"{'Angry': 0.005131421145051718, 'Disgusted': 0.005169527139514685, 'Fearful': 0.002261723857372999, 'Happy': 0.14090201258659363, 'Neutral': 0.7884644269943237, 'Other': 0.0030281739309430122, 'Sad': 0.0025802012532949448, 'Surprised': 0.00023561342095490545, 'Unknown': 0.05222691223025322}","Thanks, Gamechanger! And we have some fun stickers."
MATT,02:58:41,02:58:56,Neutral,"{'Angry': 1.2258698500744458e-09, 'Disgusted': 1.0610172740399548e-09, 'Fearful': 8.58014215232572e-11, 'Happy': 1.1199209559720202e-08, 'Neutral': 1.0, 'Other': 7.056435435970343e-10, 'Sad': 1.0363404356894534e-08, 'Surprised': 2.265332588180513e-09, 'Unknown': 3.6781952483799785e-10}","Thank you guys again so much for supporting Gamechanger and our charities and our show and everything you guys do, it's truly-- I've never been progressively and continuously moved by a community like this, and you guys make this so special, so thank you."
LIAM,02:58:56,02:58:59,Neutral,"{'Angry': 1.702479153209424e-07, 'Disgusted': 3.9158939557637495e-07, 'Fearful': 3.021706334038754e-07, 'Happy': 1.3136525467416504e-06, 'Neutral': 0.9999940395355225, 'Other': 4.920933065477584e-07, 'Sad': 1.60231957124779e-06, 'Surprised': 5.9455430800881004e-08, 'Unknown': 1.639959236854338e-06}",It's a happy little spot on the sea of the insanity that is the internet.
MATT,02:58:59,02:59:00,Neutral,"{'Angry': 0.0010161667596548796, 'Disgusted': 0.0006384926964528859, 'Fearful': 0.00017308746464550495, 'Happy': 0.003024682868272066, 'Neutral': 0.9078078866004944, 'Other': 6.0323851357679814e-05, 'Sad': 0.08717559278011322, 'Surprised': 9.368354949401692e-05, 'Unknown': 1.0112874406331684e-05}",I know.
MARISHA,02:59:00,02:59:01,Disgusted,"{'Angry': 0.018066391348838806, 'Disgusted': 0.6661840677261353, 'Fearful': 0.0005411781021393836, 'Happy': 0.24474097788333893, 'Neutral': 0.054353926330804825, 'Other': 0.001544358441606164, 'Sad': 0.006318769417703152, 'Surprised': 0.00811572466045618, 'Unknown': 0.00013450434198603034}",It's true.
MARY,02:59:01,02:59:02,Neutral,"{'Angry': 2.5230740448023425e-06, 'Disgusted': 6.383261847986432e-07, 'Fearful': 1.8837026516393962e-07, 'Happy': 0.0001363216433674097, 'Neutral': 0.9998457431793213, 'Other': 8.891322522686096e-08, 'Sad': 1.1778111002058722e-05, 'Surprised': 2.7518983642949024e-06, 'Unknown': 1.7178127365014007e-08}",Yeah.
FELICIA,02:59:02,02:59:11,Neutral,"{'Angry': 1.2215089384426392e-07, 'Disgusted': 1.0387901738795335e-07, 'Fearful': 1.6932025559412978e-08, 'Happy': 1.896980620585964e-06, 'Neutral': 0.9999972581863403, 'Other': 5.314574380577142e-08, 'Sad': 3.834947222003393e-07, 'Surprised': 3.633742551301111e-08, 'Unknown': 8.754801683608093e-08}","And thanks to the mods who keep the chat, I watch every week unless I'm out of town and like, the fact that everybody in the chat is somebody I'd like to say hello to is pretty great. So thank you for that, all your work."
MARY,02:59:11,02:59:19,Surprised,"{'Angry': 0.06372834742069244, 'Disgusted': 0.09639886021614075, 'Fearful': 0.0035693261306732893, 'Happy': 0.19972524046897888, 'Neutral': 0.1971444934606552, 'Other': 0.005721587687730789, 'Sad': 0.0051074218936264515, 'Surprised': 0.4022504389286041, 'Unknown': 0.02635422721505165}","Thanks for being so supportive for those of us-- I mean, we had so much support coming in this week from all the Critters, so thank you very much."
MARISHA,02:59:19,02:59:22,Neutral,"{'Angry': 1.8840981965695391e-06, 'Disgusted': 1.7077570646506501e-06, 'Fearful': 3.469227749519632e-07, 'Happy': 4.951634764438495e-06, 'Neutral': 0.9999837875366211, 'Other': 7.882348995735811e-07, 'Sad': 1.5081428728080937e-06, 'Surprised': 2.3172156033979263e-06, 'Unknown': 2.689729853955214e-06}","Oh my gosh, you guys, get ready for the fanart."
ORION,02:59:22,02:59:27,Neutral,"{'Angry': 0.0002733449509833008, 'Disgusted': 0.00022653181804344058, 'Fearful': 5.38370331923943e-05, 'Happy': 0.0009075275156646967, 'Neutral': 0.995915949344635, 'Other': 0.0004192314518149942, 'Sad': 0.00036284676752984524, 'Surprised': 4.986676503904164e-05, 'Unknown': 0.0017909328453242779}","If Felicia's in that, it's gonna be fun."
MARISHA,02:59:27,02:59:30,Angry,"{'Angry': 0.6452874541282654, 'Disgusted': 0.12460140883922577, 'Fearful': 0.004917819518595934, 'Happy': 0.027927344664931297, 'Neutral': 0.07254781574010849, 'Other': 0.009120333008468151, 'Sad': 0.012681320309638977, 'Surprised': 0.08587580919265747, 'Unknown': 0.017040714621543884}","It's coming, it's coming, I'm so excited."
MATT,02:59:30,02:59:31,Neutral,"{'Angry': 0.005474750883877277, 'Disgusted': 0.00925577711313963, 'Fearful': 0.0002686062071006745, 'Happy': 0.005202295258641243, 'Neutral': 0.9773355722427368, 'Other': 1.9662007616716437e-05, 'Sad': 0.0012205751845613122, 'Surprised': 0.001208211644552648, 'Unknown': 1.4516352166538127e-05}",Oh man.
TRAVIS,02:59:31,02:59:32,Happy,"{'Angry': 0.06397587805986404, 'Disgusted': 0.00018956013082060963, 'Fearful': 0.0004334471595939249, 'Happy': 0.9065449833869934, 'Neutral': 0.000964718870818615, 'Other': 0.0002626834611874074, 'Sad': 0.0008835586486384273, 'Surprised': 0.026713719591498375, 'Unknown': 3.1427025533048436e-05}",With Aldor running away.
MARY,02:59:32,02:59:33,Angry,"{'Angry': 0.9999986886978149, 'Disgusted': 4.0386447608398157e-07, 'Fearful': 5.160234906043115e-08, 'Happy': 6.172439270812902e-07, 'Neutral': 1.5477831993848667e-07, 'Other': 2.1264744631821486e-08, 'Sad': 2.887201766554881e-08, 'Surprised': 1.6318617568344962e-08, 'Unknown': 4.88523923536377e-08}",Aldor.
FELICIA,02:59:33,02:59:34,Angry,"{'Angry': 0.8258282542228699, 'Disgusted': 0.021823639050126076, 'Fearful': 0.004761451855301857, 'Happy': 0.11729469895362854, 'Neutral': 0.0049227215349674225, 'Other': 0.0030526285991072655, 'Sad': 0.006392322946339846, 'Surprised': 0.01550877746194601, 'Unknown': 0.0004155478090979159}",No.
MARY,02:59:34,02:59:36,Happy,"{'Angry': 0.0415070503950119, 'Disgusted': 0.04604392871260643, 'Fearful': 0.0035483939573168755, 'Happy': 0.4756021499633789, 'Neutral': 0.4046112298965454, 'Other': 0.0023999977856874466, 'Sad': 0.007591038476675749, 'Surprised': 0.018047964200377464, 'Unknown': 0.0006482271128334105}",Noooo!
MATT,02:59:36,02:59:41,Happy,"{'Angry': 2.3312126359087415e-05, 'Disgusted': 0.0001221256097778678, 'Fearful': 6.7213109105068725e-06, 'Happy': 0.9831691980361938, 'Neutral': 0.015918714925646782, 'Other': 0.00023700985184405, 'Sad': 0.00010889105033129454, 'Surprised': 6.3798092924116645e-06, 'Unknown': 0.00040778651600703597}","I have to say, like, for your first time playing Dungeons and Dragons, can I just say Mary picked that up quick. (cheering)"
MARY,02:59:41,02:59:44,Happy,"{'Angry': 0.04064912348985672, 'Disgusted': 0.02413204312324524, 'Fearful': 0.010477020405232906, 'Happy': 0.8734802007675171, 'Neutral': 0.029781445860862732, 'Other': 0.0008242449257522821, 'Sad': 0.015636850148439407, 'Surprised': 0.004490447696298361, 'Unknown': 0.0005285799852572381}",Thank you! I had some amazing help and support from you guys.
MARISHA,02:59:44,02:59:48,Neutral,"{'Angry': 5.154899077042252e-12, 'Disgusted': 3.7646182829073616e-13, 'Fearful': 1.207131454256799e-13, 'Happy': 8.599125751740377e-12, 'Neutral': 1.0, 'Other': 3.1210419719571864e-14, 'Sad': 2.837417974188572e-11, 'Surprised': 2.246140122855178e-12, 'Unknown': 2.0608781879389443e-13}","Your like Jedi mind trick there at the beginning, I was like, oh!"
LIAM,02:59:48,02:59:59,Happy,"{'Angry': 3.1150739232543856e-05, 'Disgusted': 1.2220660210005008e-05, 'Fearful': 4.6729223868169356e-07, 'Happy': 0.9591581225395203, 'Neutral': 0.04076654836535454, 'Other': 5.386706106946804e-06, 'Sad': 9.560425496601965e-06, 'Surprised': 1.3245818990981206e-05, 'Unknown': 3.2820112210174557e-06}",Could somebody draw a picture of Scanlan and Lyra talking about the birds and the bees? That's a request I have. Please.
MARY,02:59:59,03:00:01,Neutral,"{'Angry': 0.0007451429264619946, 'Disgusted': 0.00983209814876318, 'Fearful': 0.00351557694375515, 'Happy': 0.020208772271871567, 'Neutral': 0.7941523194313049, 'Other': 0.024428177624940872, 'Sad': 0.13692227005958557, 'Surprised': 0.00046853796811774373, 'Unknown': 0.009727058000862598}",The rest of us sorting through Percy's guns.
TRAVIS,03:00:01,03:00:05,Happy,"{'Angry': 3.536806958415184e-10, 'Disgusted': 6.806887831167785e-10, 'Fearful': 2.093762802024557e-10, 'Happy': 1.0, 'Neutral': 2.826013867363031e-09, 'Other': 1.7782858519055367e-10, 'Sad': 1.5733515601468184e-09, 'Surprised': 5.383983259221736e-10, 'Unknown': 1.2615131161908266e-10}","Click, no. Click, no. Click, no."
MATT,03:00:05,03:00:42,Neutral,"{'Angry': 3.759785538459681e-11, 'Disgusted': 2.205521138984312e-12, 'Fearful': 7.449858330059456e-13, 'Happy': 8.627962927443278e-11, 'Neutral': 1.0, 'Other': 1.1181827626370947e-13, 'Sad': 7.25454765704292e-11, 'Surprised': 1.154599072600293e-11, 'Unknown': 1.9876483271785705e-12}","Tiberius back, sitting in the background with Bad News. He's not even in the group, but he still can't take it. Thank you guys so much, again, and I'm excited. I had Greg Tito from Wizards of the Coast, Dungeons and Dragons, send a care package, which we'll distribute once we've got the whole group together again. With a bunch of fun little gifts for the Critters that we want to give away in the future, some gifts for you guys in the group, and a bunch of really really cool minis that I get to try and kill you guys with in the future, so thank you very much, Greg Tito."
MARISHA,03:00:42,03:00:43,Neutral,"{'Angry': 0.0007346637430600822, 'Disgusted': 2.6975383661920205e-05, 'Fearful': 7.227469723147806e-06, 'Happy': 5.672157203662209e-05, 'Neutral': 0.9985830783843994, 'Other': 0.0001997277286136523, 'Sad': 4.6447632485069335e-05, 'Surprised': 1.0351327546231914e-06, 'Unknown': 0.00034409231739118695}","Thanks, Greg!"
MATT,03:00:43,03:00:50,Neutral,"{'Angry': 2.8818744723935197e-08, 'Disgusted': 1.094202839446723e-09, 'Fearful': 1.171824998147386e-10, 'Happy': 3.3015132849811835e-09, 'Neutral': 1.0, 'Other': 5.915356399155414e-11, 'Sad': 2.8129836238122152e-09, 'Surprised': 2.510091579033258e-10, 'Unknown': 1.172265479132406e-10}","And everyone at D&D for sending us that care package, you have officially helped facilitate a TPK at some point in the near future."
LIAM,03:00:50,03:00:53,Neutral,"{'Angry': 6.923130818625722e-11, 'Disgusted': 6.587697835153117e-12, 'Fearful': 2.302442958512785e-12, 'Happy': 2.433411805391472e-10, 'Neutral': 1.0, 'Other': 2.0711553403319344e-13, 'Sad': 1.736545351960217e-10, 'Surprised': 3.1297561764453974e-11, 'Unknown': 2.67649010593507e-12}",We're a big fan of what you do.
MARISHA,03:00:53,03:00:55,Neutral,"{'Angry': 2.20962931507529e-07, 'Disgusted': 8.069625891948817e-07, 'Fearful': 2.7519482159732434e-07, 'Happy': 9.211685636500988e-08, 'Neutral': 0.9999969005584717, 'Other': 3.4943813176369076e-08, 'Sad': 1.5251953300321475e-06, 'Surprised': 1.0639712222371145e-08, 'Unknown': 1.4144028170903766e-07}","Yes, we love you, Wizards of the Coast."
MATT,03:00:55,03:00:58,Neutral,"{'Angry': 2.903712426755023e-12, 'Disgusted': 1.1823730200217347e-13, 'Fearful': 3.061539940291645e-14, 'Happy': 4.202028915795131e-12, 'Neutral': 1.0, 'Other': 6.036871577717179e-15, 'Sad': 4.764829156234107e-12, 'Surprised': 9.947548427341468e-13, 'Unknown': 6.202957120388444e-14}",Obviously. My little DM bag. I love it.
TRAVIS,03:00:58,03:01:04,Angry,"{'Angry': 0.495347797870636, 'Disgusted': 0.017657462507486343, 'Fearful': 0.0035880987998098135, 'Happy': 0.23916590213775635, 'Neutral': 0.18748830258846283, 'Other': 0.0028265491127967834, 'Sad': 0.010284380987286568, 'Surprised': 0.002899874933063984, 'Unknown': 0.04074156656861305}","Joe, a.k.a. jpcguy89, thank you for the dice as well. I found his thing."
MATT,03:01:04,03:01:06,Neutral,"{'Angry': 2.3402946681017056e-05, 'Disgusted': 1.7249330994673073e-06, 'Fearful': 8.995751841212041e-07, 'Happy': 6.765863508917391e-05, 'Neutral': 0.9997420907020569, 'Other': 3.144974243696197e-06, 'Sad': 0.00015569628158118576, 'Surprised': 1.2030219522785046e-06, 'Unknown': 4.169434760115109e-06}","Thank you so much, buddy."
ZAC,03:01:06,03:01:09,Neutral,"{'Angry': 0.022969529032707214, 'Disgusted': 0.0052467230707407, 'Fearful': 0.0018029575003311038, 'Happy': 0.00438179075717926, 'Neutral': 0.9233828186988831, 'Other': 0.0018041152507066727, 'Sad': 0.004164803307503462, 'Surprised': 0.00014770212874282151, 'Unknown': 0.036099549382925034}","Oh, it's his birthday! (cheering)"
MATT,03:01:09,03:01:12,Neutral,"{'Angry': 0.0061630853451788425, 'Disgusted': 0.011373862624168396, 'Fearful': 0.016549110412597656, 'Happy': 0.06477173417806625, 'Neutral': 0.7040237188339233, 'Other': 0.004879118409007788, 'Sad': 0.01147727482020855, 'Surprised': 0.00045435831998474896, 'Unknown': 0.18030773103237152}","Happy birthday, Joe!"
MARY,03:01:12,03:01:13,Neutral,"{'Angry': 4.994272728708893e-08, 'Disgusted': 2.994191561356274e-08, 'Fearful': 3.4756801881030697e-09, 'Happy': 6.42400618744432e-06, 'Neutral': 0.999992847442627, 'Other': 8.02701294322361e-10, 'Sad': 5.737356900681334e-07, 'Surprised': 9.018483382305931e-08, 'Unknown': 1.2183414277444626e-09}",Happy birthday to you!
ZAC,03:01:13,03:01:15,Neutral,"{'Angry': 7.811441901139915e-05, 'Disgusted': 0.00025877502048388124, 'Fearful': 2.9468588763847947e-05, 'Happy': 0.04974321275949478, 'Neutral': 0.948971688747406, 'Other': 5.1420702220639214e-05, 'Sad': 0.0006299664382822812, 'Surprised': 1.8292559616384096e-05, 'Unknown': 0.0002190793602494523}",I was just talking to jpcguy. (cheering)
TRAVIS,03:01:15,03:01:16,Neutral,"{'Angry': 0.030504589900374413, 'Disgusted': 0.03569653630256653, 'Fearful': 0.00040221886592917144, 'Happy': 0.021139536052942276, 'Neutral': 0.9024603366851807, 'Other': 0.0009769477182999253, 'Sad': 0.0056690312922000885, 'Surprised': 0.0022739858832210302, 'Unknown': 0.0008767096442170441}",Happy birthday!
FELICIA,03:01:16,03:01:17,Neutral,"{'Angry': 1.8320386874215444e-10, 'Disgusted': 1.7904736027141155e-10, 'Fearful': 2.4614000074252296e-11, 'Happy': 1.0058322175154899e-08, 'Neutral': 1.0, 'Other': 4.1654756033349116e-11, 'Sad': 2.000743570818031e-09, 'Surprised': 1.0653380955183422e-10, 'Unknown': 3.207877366517842e-11}","Yeah, happy birthday."
LIAM,03:01:17,03:01:20,Neutral,"{'Angry': 1.3740474059886765e-05, 'Disgusted': 3.203624874004163e-05, 'Fearful': 6.0475358623079956e-06, 'Happy': 9.267070709029213e-05, 'Neutral': 0.9997443556785583, 'Other': 8.756411261856556e-06, 'Sad': 2.5794686735025607e-05, 'Surprised': 1.1900521712959744e-05, 'Unknown': 6.466867489507422e-05}","Zum Geburtstag, ja."
TRAVIS,03:01:20,03:01:21,Surprised,"{'Angry': 0.002295449376106262, 'Disgusted': 0.03072371520102024, 'Fearful': 0.0002579594438429922, 'Happy': 0.08067181706428528, 'Neutral': 0.13615210354328156, 'Other': 0.0004547389398794621, 'Sad': 0.001361168804578483, 'Surprised': 0.7480220198631287, 'Unknown': 6.096979268477298e-05}",What?
LIAM,03:01:21,03:01:24,Happy,"{'Angry': 6.424469489729745e-08, 'Disgusted': 2.7600606244959636e-07, 'Fearful': 0.0001788902300177142, 'Happy': 0.999810516834259, 'Neutral': 1.2685681838320306e-07, 'Other': 6.389182090060785e-07, 'Sad': 8.536736459063832e-06, 'Surprised': 5.930197062298248e-07, 'Unknown': 2.8196802759339334e-07}","That's German for happy birthday, darling."
TRAVIS,03:01:24,03:01:26,Happy,"{'Angry': 0.003412413876503706, 'Disgusted': 0.0012651672586798668, 'Fearful': 7.767661736579612e-05, 'Happy': 0.6873319745063782, 'Neutral': 0.3061569333076477, 'Other': 0.0001537331409053877, 'Sad': 0.0010143809486180544, 'Surprised': 0.00040562311187386513, 'Unknown': 0.00018216019088868052}",Oh. Fancy secret agent.
MATT,03:01:26,03:01:36,Neutral,"{'Angry': 6.384571205053646e-10, 'Disgusted': 4.4510811703091235e-11, 'Fearful': 3.353678446060826e-12, 'Happy': 1.4122552016715417e-08, 'Neutral': 1.0, 'Other': 4.043379780299672e-12, 'Sad': 6.666807661481755e-10, 'Surprised': 3.1700467251205566e-10, 'Unknown': 2.9465210653334406e-12}","Shut up, Nightcrawler. Well guys, thank you so much again, I think we're pretty much good for the evening, so we'll see you guys next week Thursday."
TRAVIS,03:01:36,03:01:38,Neutral,"{'Angry': 6.720725195918931e-06, 'Disgusted': 1.3081703400530387e-05, 'Fearful': 4.692354650615016e-06, 'Happy': 8.718720346223563e-05, 'Neutral': 0.999825656414032, 'Other': 6.9313737185439095e-06, 'Sad': 2.1740934244007803e-05, 'Surprised': 1.3534852314478485e-06, 'Unknown': 3.2586438464932144e-05}","Two giants and a dragon, really?"
MATT,03:01:38,03:01:40,Neutral,"{'Angry': 0.003444941248744726, 'Disgusted': 0.006772296037524939, 'Fearful': 0.004170878324657679, 'Happy': 0.2012009620666504, 'Neutral': 0.7260425686836243, 'Other': 0.0006109440582804382, 'Sad': 0.0032909829169511795, 'Surprised': 0.00041979464003816247, 'Unknown': 0.05404669791460037}","Yeah, you guys are fucked."
ORION,03:01:40,03:01:41,Neutral,"{'Angry': 4.958466774951376e-07, 'Disgusted': 7.483005788344599e-07, 'Fearful': 4.212114390611532e-07, 'Happy': 1.866033380792942e-05, 'Neutral': 0.9999686479568481, 'Other': 8.463635481348319e-07, 'Sad': 3.721329903783044e-06, 'Surprised': 5.43818856613143e-08, 'Unknown': 6.451846729760291e-06}","Tune in for these ladies too, please."
TRAVIS,03:01:41,03:01:43,Neutral,"{'Angry': 0.042111001908779144, 'Disgusted': 0.020659981295466423, 'Fearful': 0.0019495596643537283, 'Happy': 0.22823789715766907, 'Neutral': 0.6964817047119141, 'Other': 0.0007395340944640338, 'Sad': 0.002855858998373151, 'Surprised': 0.006114892661571503, 'Unknown': 0.0008496057125739753}",They'll be back next week.
FELICIA,03:01:43,03:01:44,Happy,"{'Angry': 0.002236628206446767, 'Disgusted': 0.28575238585472107, 'Fearful': 0.0007234615040943027, 'Happy': 0.472993940114975, 'Neutral': 0.23483505845069885, 'Other': 0.0001332329266006127, 'Sad': 0.0015052837552502751, 'Surprised': 0.0016368039650842547, 'Unknown': 0.00018323706171941012}","Next week I'll be back, hi."
ZAC,03:01:44,03:01:46,Neutral,"{'Angry': 1.3972615988677717e-06, 'Disgusted': 7.5054722401546314e-06, 'Fearful': 1.983068614208605e-06, 'Happy': 4.08073392463848e-05, 'Neutral': 0.999846339225769, 'Other': 4.2358265091024805e-06, 'Sad': 2.0942172341165133e-05, 'Surprised': 7.737852314448901e-08, 'Unknown': 7.66763769206591e-05}",Felicia might die!
FELICIA,03:01:46,03:01:47,Neutral,"{'Angry': 0.00010780136653920636, 'Disgusted': 3.5556713555706665e-05, 'Fearful': 5.599676569545409e-06, 'Happy': 0.0015951645327731967, 'Neutral': 0.9975647926330566, 'Other': 2.7868688903254224e-06, 'Sad': 0.00047917067422531545, 'Surprised': 0.00020875033806078136, 'Unknown': 3.74175584738623e-07}",I might die.
MARISHA,03:01:47,03:01:51,Neutral,"{'Angry': 6.545872747665271e-05, 'Disgusted': 8.128389163175598e-05, 'Fearful': 5.861156023456715e-05, 'Happy': 0.00037628720747306943, 'Neutral': 0.9986388087272644, 'Other': 4.367379369796254e-05, 'Sad': 0.00014915702922735363, 'Surprised': 1.2542463082354516e-05, 'Unknown': 0.0005742117646150291}","And then after that it's Wil Wheaton and Will Friedle, so."
MARY,03:01:51,03:01:52,Angry,"{'Angry': 0.4839881658554077, 'Disgusted': 0.0008624870679341257, 'Fearful': 0.00040715059731155634, 'Happy': 0.0460590235888958, 'Neutral': 0.28458526730537415, 'Other': 0.00020386245159897953, 'Sad': 0.004370636306703091, 'Surprised': 0.17951443791389465, 'Unknown': 8.93244578037411e-06}",Tiefling!
MARISHA,03:01:52,03:01:53,Neutral,"{'Angry': 0.0039021712727844715, 'Disgusted': 0.0006845927564427257, 'Fearful': 0.0004311874508857727, 'Happy': 0.00352551625110209, 'Neutral': 0.7897539138793945, 'Other': 7.864955841796473e-05, 'Sad': 0.003992061596363783, 'Surprised': 0.1976197361946106, 'Unknown': 1.2235172107466497e-05}",They'll be here as well.
MARY,03:01:53,03:01:55,Neutral,"{'Angry': 4.258083095010079e-07, 'Disgusted': 8.900839816305961e-07, 'Fearful': 1.1515170399434282e-06, 'Happy': 6.655793549725786e-05, 'Neutral': 0.9999176263809204, 'Other': 1.2493391068346682e-06, 'Sad': 5.115557542012539e-06, 'Surprised': 9.389275135163189e-08, 'Unknown': 6.892531473567942e-06}",My tail is whipping in happiness.
MATT,03:01:55,03:01:57,Neutral,"{'Angry': 0.00962770450860262, 'Disgusted': 0.007219263352453709, 'Fearful': 0.0015267840353772044, 'Happy': 0.10221002995967865, 'Neutral': 0.8752003312110901, 'Other': 0.00011497358354972675, 'Sad': 0.0019893543794751167, 'Surprised': 0.0014644194161519408, 'Unknown': 0.0006470864173024893}","Good night guys, good night."
