speaker,start_time,end_time,emotion,scores,text
MATT,00:00:00,00:00:43,Neutral,"{'Angry': 4.3361599033620024e-12, 'Disgusted': 1.9159146654162268e-13, 'Fearful': 4.745813795116807e-14, 'Happy': 6.86981374564688e-12, 'Neutral': 1.0, 'Other': 1.1384523457681848e-14, 'Sad': 9.518128472885135e-12, 'Surprised': 1.2457378878449887e-12, 'Unknown': 1.3120444130026304e-13}","Hello, everyone, and welcome back to Critical Role this week, where us crazy voice actors play a nerdy game of Dungeons and Dragons! I'm so glad you guys could join us. We had a small hiatus last week as me and Marisha were away at a cool event in the desert, but we're back. I want to give a big thanks and shout-out to Ivan for running that one-shot game last week. Ivan, you kicked ass, you were awesome, and thank you for carrying the torch when we couldn't be here. Really appreciate that. And for those who tuned in for him and supporting: thank you guys. Quick little shout-out. We had actually one of our fellow Critters come find us out in the desert this past week. So a shout-out to our friend Scott from Boise, Idaho. Operator, thank you so much for coming and visiting. It was awesome getting to chat with you, and it was cool."
MARISHA,00:00:43,00:00:44,Neutral,"{'Angry': 5.536420766283356e-10, 'Disgusted': 5.916417356033321e-11, 'Fearful': 9.178408033605479e-12, 'Happy': 1.4495887823429143e-09, 'Neutral': 1.0, 'Other': 2.6799177026831655e-12, 'Sad': 6.40610120505869e-10, 'Surprised': 6.901416244042835e-11, 'Unknown': 1.6738867236743005e-11}","Yeah, that was a surrealist experience."
MATT,00:00:44,00:02:40,Neutral,"{'Angry': 6.105962361158818e-14, 'Disgusted': 1.9521176582631755e-15, 'Fearful': 3.381199883135109e-16, 'Happy': 7.153094306114327e-14, 'Neutral': 1.0, 'Other': 4.449592715055704e-16, 'Sad': 2.390998098296404e-13, 'Surprised': 2.8022716254665764e-14, 'Unknown': 1.3170902814430485e-15}","Yeah, we had some cool Critical Role representation out on the Playas. That was really neat. Thank you so much. It was awesome to meet you, Scott, and thanks for coming by. Other fun announcements... This is a cool thing that came up, actually. Hasbro's working with Indiegogo right now to do essentially the search for their new face-to-face party game circumstance. So they're accepting a bunch of submissions right now. I think it's nextgreatgamechallenge.com, but if you're like me and spent a lot of your youth spending your summers designing your own card games and your own board games and your own party games and such that just sat there and did nothing, now is actually a really cool opportunity to submit those and possibly get them published. Because the person who wins, wins $10,000 on top of the fact that they get flown out to Hasbro, to the actual company building to work on developing the game with their development team. So that's pretty cool. (laughs) So those of you who have that little game design brain, go ahead and throw your ideas out that way. Submit to this! Hopefully you could win. The thing goes to September 30th? You don't have a whole lot of time, so get on it. But check it out! A possible opportunity for you to design your own game. Who knows, maybe one day we'll be playing it on this Twitch stream. So check that out. Also, Welovefine is running a t-shirt design contest for the upcoming Rage of Dragons Dungeons and Dragons release, and they've asked me to be one of the judges of that contest. So all you people with an artistic bone in your body, go ahead and design some t-shirts. Go to welovefine.com, check out the contest rules for the Rage of Demons contest. But I'll be judging your designs! And hopefully if yours is appreciated by me and all the other judges, you'll be getting a cash prize and have your shirts officially sanctioned by D&D and put on welovefine.com, so check that out! That's a cool thing! I've already seen some great art. Some people have floated over to Twitter. If I haven't responded, it's because I'm a judge and I probably shouldn't. (laughs) But everything looks cool, so thank you guys for your submissions."
TRAVIS,00:02:40,00:02:43,Neutral,"{'Angry': 5.893521574762417e-06, 'Disgusted': 1.9461489500827156e-05, 'Fearful': 8.931844058679417e-05, 'Happy': 1.1523707144078799e-06, 'Neutral': 0.9997097849845886, 'Other': 5.254730240267236e-06, 'Sad': 0.000167331745615229, 'Surprised': 1.4563026979885763e-06, 'Unknown': 3.043953711312497e-07}",Do you accept cash bribes?
MATT,00:02:43,00:03:43,Neutral,"{'Angry': 1.0552662042806471e-11, 'Disgusted': 9.896339390330633e-13, 'Fearful': 3.0308581707751137e-13, 'Happy': 4.0988237109962355e-11, 'Neutral': 1.0, 'Other': 7.774257447653796e-14, 'Sad': 5.384021353749269e-11, 'Surprised': 5.671362685033543e-12, 'Unknown': 5.16847252930025e-13}","(laughs) No. Other cool announcements. Oh! Once again, every week we have our hundred sub giveaway. Every hundred subs we get, we have a giveaway with somebody randomly within the chat who is actively in the chat. This involves a picture of the cast, signed, one of our posters from our fantastic official artist Kit Buss, signed, and for a few short giveaways, we'll also be giving away a copy of this Pen to Paper Imaginary Friend book that we received, gifted to us by 826LA. It's a book of a collection of stories from the kids that have been tutored at 826LA that told stories about their imaginary friends and what they were like, and their adventures. And they had a lot of talented artists and animators come in and actually illustrate what these imaginary friends look like and what their experiences are with those imaginary friends. So we'll be giving one of these away with each one of those hundred sub giveaways to you guys who have been so gracious in helping support 826LA."
MARISHA,00:03:43,00:03:45,Disgusted,"{'Angry': 0.03969082236289978, 'Disgusted': 0.6722075939178467, 'Fearful': 0.002342641819268465, 'Happy': 0.16360463201999664, 'Neutral': 0.09965632855892181, 'Other': 0.0010609196033328772, 'Sad': 0.0185188390314579, 'Surprised': 0.00250083114951849, 'Unknown': 0.00041735885315574706}",Yes. And we went today!
MATT,00:03:45,00:04:01,Sad,"{'Angry': 2.037394187937025e-05, 'Disgusted': 5.307442165758403e-07, 'Fearful': 4.839884013563278e-07, 'Happy': 2.2476178855868056e-06, 'Neutral': 1.0359592124586925e-05, 'Other': 2.853824412341055e-07, 'Sad': 0.9999642372131348, 'Surprised': 1.4554373137798393e-06, 'Unknown': 2.318746084029044e-08}","We went today to 826LA to deliver a nice, big, fatty check to them from you guys, and they were blown away by it. We got to teach a bunch of young kids the basics of Dungeons and Dragons, and we gave them copies of the books to hopefully start a few games of their own there, so thank you."
MARISHA,00:04:01,00:04:14,Sad,"{'Angry': 5.4905587603570893e-05, 'Disgusted': 6.688075018246309e-07, 'Fearful': 8.425798796452e-07, 'Happy': 3.446436494414229e-06, 'Neutral': 1.634629734326154e-05, 'Other': 2.6236423877890047e-07, 'Sad': 0.9999217987060547, 'Surprised': 1.6820730479594204e-06, 'Unknown': 2.4742679016753755e-08}","This was such a great experience, and we took video of it, so hopefully we'll have that edited and maybe sometime next week or the week after, you guys can see and learn a little bit about this charity that we support and talk about every week."
MATT,00:04:14,00:04:50,Neutral,"{'Angry': 9.403456351719797e-05, 'Disgusted': 0.0012533866101875901, 'Fearful': 8.923729183152318e-05, 'Happy': 0.0028817965649068356, 'Neutral': 0.9835725426673889, 'Other': 0.0003506856446620077, 'Sad': 0.0008811781881377101, 'Surprised': 1.6185589402084588e-06, 'Unknown': 0.010875594802200794}","Yep, we'll have a cool video up. It'll show you guys our whole experience at 826LA delivering and talking to them about everything, so that'll be fun! Other announcements: This is one of the gifts that we're actually talking about at the start of the stream because we want to utilize it through it. A fantastic gentleman by the name of Jim Donnis sent us custom Vox Machina etched glasses. Customized character glass icons. I have my Dungeon Master glass here. So that's really awesome. And also sent us some really, really nice, quality, expensive dranky-drank."
TRAVIS,00:04:50,00:04:52,Happy,"{'Angry': 2.0540726064499637e-10, 'Disgusted': 5.845261497050558e-10, 'Fearful': 7.384196726301084e-11, 'Happy': 1.0, 'Neutral': 7.691530745645991e-10, 'Other': 2.02944119842563e-10, 'Sad': 2.6737373426399813e-10, 'Surprised': 2.1320471776942185e-10, 'Unknown': 1.6696212468136906e-10}","Yeah, it's legit."
MATT,00:04:52,00:05:01,Happy,"{'Angry': 7.549010305751835e-09, 'Disgusted': 4.240562390123159e-08, 'Fearful': 8.828314079778465e-09, 'Happy': 0.9999996423721313, 'Neutral': 8.934429018836454e-08, 'Other': 5.105600564547785e-08, 'Sad': 5.135809644229994e-08, 'Surprised': 4.529680186493579e-09, 'Unknown': 1.2805988092168263e-07}","It's legit. Jim, that's ridiculous. And amazing. And thank you! We shall progressively enjoy it through the stream tonight. So here's to you, Jim. Thank you very much."
"MARISHA, TALIESIN",00:05:01,00:05:03,Neutral,"{'Angry': 0.009449724107980728, 'Disgusted': 0.015369372442364693, 'Fearful': 0.01901395432651043, 'Happy': 0.09269837290048599, 'Neutral': 0.8219090700149536, 'Other': 0.0005900880787521601, 'Sad': 0.015316816978156567, 'Surprised': 0.008867382071912289, 'Unknown': 0.016785213723778725}",To Jim!
TRAVIS,00:05:03,00:05:04,Neutral,"{'Angry': 1.0574123052720097e-06, 'Disgusted': 1.1973986602242803e-06, 'Fearful': 3.088405549078743e-07, 'Happy': 1.8199772284788196e-06, 'Neutral': 0.9999805688858032, 'Other': 1.674922032179893e-06, 'Sad': 3.0069718377490062e-06, 'Surprised': 5.555483184593868e-09, 'Unknown': 1.0350399861636106e-05}",(slurred) To Jim!
MATT,00:05:04,00:05:19,Happy,"{'Angry': 1.1902081098469353e-08, 'Disgusted': 8.237199011773555e-08, 'Fearful': 1.7279285557947333e-08, 'Happy': 0.999998927116394, 'Neutral': 4.1650503135315375e-07, 'Other': 3.48521567161697e-08, 'Sad': 8.449330124449261e-08, 'Surprised': 4.815502219202017e-09, 'Unknown': 4.0641887721903913e-07}","That's tasty. Also, announcements from us! Any project or game announcements? I know this recently sparks the release of the Mad Max game that just came out."
MARISHA,00:05:19,00:05:21,Neutral,"{'Angry': 3.5505071105390584e-10, 'Disgusted': 9.496626401928054e-11, 'Fearful': 1.539767272018544e-11, 'Happy': 1.7316047484783326e-09, 'Neutral': 1.0, 'Other': 4.313080274875869e-12, 'Sad': 7.402249924126636e-10, 'Surprised': 1.9823573338406675e-10, 'Unknown': 6.941399711968277e-12}",Where's Orion?
MATT,00:05:21,00:05:23,Neutral,"{'Angry': 3.1661641624464165e-12, 'Disgusted': 1.6216363104767928e-13, 'Fearful': 4.3453867620054515e-14, 'Happy': 5.265993370529021e-12, 'Neutral': 1.0, 'Other': 1.2847021555839437e-14, 'Sad': 1.1328655027953438e-11, 'Surprised': 8.471247791783099e-13, 'Unknown': 1.0268560090773149e-13}",Orion will be here in a second. He's missing his moment.
LAURA,00:05:23,00:05:25,Neutral,"{'Angry': 8.416176783265783e-11, 'Disgusted': 3.153545133360858e-11, 'Fearful': 6.847679541455154e-12, 'Happy': 3.226361122710131e-10, 'Neutral': 1.0, 'Other': 4.518224770017065e-12, 'Sad': 4.3906930868864436e-10, 'Surprised': 2.5515109122742352e-11, 'Unknown': 1.8579445273947393e-11}",But Travis plays the lead villain!
MATT,00:05:25,00:05:27,Neutral,"{'Angry': 0.0022023392375558615, 'Disgusted': 0.004707589745521545, 'Fearful': 0.0005167524795979261, 'Happy': 0.051562339067459106, 'Neutral': 0.9268601536750793, 'Other': 0.00012547402002383024, 'Sad': 0.006733090151101351, 'Surprised': 0.007185994181782007, 'Unknown': 0.00010626096627674997}",Travis is the main villain! Scrotus!
TRAVIS,00:05:27,00:05:31,Neutral,"{'Angry': 2.6723370183390216e-07, 'Disgusted': 5.643929625875899e-07, 'Fearful': 2.5044931817319593e-07, 'Happy': 1.2373819117783569e-05, 'Neutral': 0.9999780654907227, 'Other': 5.150027391209733e-07, 'Sad': 3.925382770830765e-06, 'Surprised': 2.408720689572874e-08, 'Unknown': 4.025620455649914e-06}","Yes, Scabrous Scrotus. Who is in no way related to Grog."
MATT,00:05:31,00:05:36,Neutral,"{'Angry': 1.6656594723288287e-12, 'Disgusted': 6.664848252284361e-14, 'Fearful': 1.901312325625331e-14, 'Happy': 2.3539796414201453e-12, 'Neutral': 1.0, 'Other': 5.740241910138144e-15, 'Sad': 5.853333442940034e-12, 'Surprised': 5.082552217636205e-13, 'Unknown': 4.305908589213002e-14}",No. He is large and has many curious accoutrements on his outfit.
TRAVIS,00:05:36,00:05:40,Unknown,"{'Angry': 0.000527557625900954, 'Disgusted': 0.010989604517817497, 'Fearful': 0.002255196450278163, 'Happy': 0.4029819965362549, 'Neutral': 0.018503444269299507, 'Other': 0.0011928458698093891, 'Sad': 0.00025390085647813976, 'Surprised': 2.779061469482258e-05, 'Unknown': 0.563267707824707}",Yes he does! He has a giant horn on his crotch. Don't know what that's about.
ORION,00:05:40,00:05:41,Neutral,"{'Angry': 6.853170634713024e-05, 'Disgusted': 0.0005292397690936923, 'Fearful': 5.09866549691651e-05, 'Happy': 0.03463473170995712, 'Neutral': 0.9623463749885559, 'Other': 0.00015599370817653835, 'Sad': 5.530876660486683e-05, 'Surprised': 2.9238768547656946e-05, 'Unknown': 0.002129493746906519}",Are we talking about Mad Max?
MATT,00:05:41,00:05:42,Neutral,"{'Angry': 0.027531983330845833, 'Disgusted': 0.16134297847747803, 'Fearful': 0.0024534850381314754, 'Happy': 0.008550549857318401, 'Neutral': 0.7036194205284119, 'Other': 0.00010739231947809458, 'Sad': 0.07234788686037064, 'Surprised': 0.02391226589679718, 'Unknown': 0.00013398946612142026}","Yes, we are."
ORION,00:05:42,00:05:43,Neutral,"{'Angry': 0.014302359893918037, 'Disgusted': 0.06735556572675705, 'Fearful': 0.0003262530080974102, 'Happy': 0.12446166574954987, 'Neutral': 0.784020185470581, 'Other': 0.00010849501995835453, 'Sad': 0.003414086066186428, 'Surprised': 0.005955464206635952, 'Unknown': 5.5922057072166353e-05}","Hey, he's Scrotus!"
MATT,00:05:43,00:05:45,Happy,"{'Angry': 4.812384577235207e-05, 'Disgusted': 2.3753837012918666e-05, 'Fearful': 7.193087867563008e-07, 'Happy': 0.99443519115448, 'Neutral': 0.0054627214558422565, 'Other': 2.5926267426257255e-06, 'Sad': 1.105722549255006e-05, 'Surprised': 1.6289092172883102e-06, 'Unknown': 1.4216348063200712e-05}",Yes! And you are?
ORION,00:05:45,00:05:57,Neutral,"{'Angry': 6.327707021552831e-12, 'Disgusted': 3.959586835928369e-13, 'Fearful': 1.3167952513971903e-13, 'Happy': 8.489028056890557e-12, 'Neutral': 1.0, 'Other': 2.5355507759583853e-14, 'Sad': 1.9483980401302503e-11, 'Surprised': 2.3596255158131463e-12, 'Unknown': 2.757191718862073e-13}",I play Scab and a bunch of war boys. So check it out! Because I work with this guy here!
MATT,00:05:57,00:06:07,Neutral,"{'Angry': 8.163825518381351e-14, 'Disgusted': 2.8491479957785818e-15, 'Fearful': 4.421185082889367e-16, 'Happy': 1.0400467515209524e-13, 'Neutral': 1.0, 'Other': 5.088849539139708e-16, 'Sad': 2.4884694999061097e-13, 'Surprised': 3.7425584956422495e-14, 'Unknown': 1.831670631954798e-15}","And I'm a war boy commander and a bunch of other guys, so you hear a lot of me going, ""Get that guy!"" And a lot of random NPCs giving quests."
LAURA,00:06:07,00:06:09,Neutral,"{'Angry': 4.079310019733384e-05, 'Disgusted': 1.4001355339132715e-05, 'Fearful': 1.2765338397002779e-05, 'Happy': 0.0007309052161872387, 'Neutral': 0.9990019202232361, 'Other': 2.489934558980167e-05, 'Sad': 4.9759506509872153e-05, 'Surprised': 1.3977028174849693e-06, 'Unknown': 0.0001235066883964464}","Yeah, I think you hear me barfing a lot during that game."
MATT,00:06:09,00:06:12,Neutral,"{'Angry': 6.75613197657042e-14, 'Disgusted': 3.1442172169105376e-15, 'Fearful': 5.26205665954578e-16, 'Happy': 9.312202972708988e-14, 'Neutral': 1.0, 'Other': 9.026013790886162e-16, 'Sad': 2.3133231441541113e-13, 'Surprised': 4.2512404051708516e-14, 'Unknown': 2.937896931618335e-15}","Oh, man. That was a lot of dry heaving for like twenty minutes."
LAURA,00:06:12,00:06:14,Neutral,"{'Angry': 6.1997358358212296e-09, 'Disgusted': 1.129004112421228e-09, 'Fearful': 1.3277209887085917e-10, 'Happy': 1.2089222991562565e-06, 'Neutral': 0.9999988079071045, 'Other': 1.3429130030218062e-10, 'Sad': 1.1380744346922711e-08, 'Surprised': 3.963872841072913e-10, 'Unknown': 2.875910343203003e-10}",Yeah! Crazy.
MARISHA,00:06:14,00:06:20,Happy,"{'Angry': 6.43329121885472e-06, 'Disgusted': 6.835335625510197e-06, 'Fearful': 1.0712304174376186e-05, 'Happy': 0.9995794892311096, 'Neutral': 9.837313700700179e-05, 'Other': 1.0736727745097596e-05, 'Sad': 0.00015086204803083092, 'Surprised': 0.00013437731831800193, 'Unknown': 2.259943585158908e-06}","Always makes me actually want to barf. It makes my eyes water and be like, ugh."
MATT,00:06:20,00:06:32,Happy,"{'Angry': 4.4814210120591724e-09, 'Disgusted': 2.070560256584031e-08, 'Fearful': 2.3864559217656733e-09, 'Happy': 0.9999961853027344, 'Neutral': 3.5649954952532426e-06, 'Other': 2.5416058591076762e-08, 'Sad': 1.6282706383208279e-07, 'Surprised': 3.0904954151367292e-09, 'Unknown': 3.1349046025752614e-08}","You know you've achieved it properly when the director goes, ""Okay, no, we got it. Ugh."" So yeah, Chris put us through the paces on our varying array of vomiting techniques on that project. So enjoy that in Mad Max! Also, same"
"time, M G S V",00:06:32,00:06:44,Other,"{'Angry': 0.0013679093681275845, 'Disgusted': 0.01301608793437481, 'Fearful': 0.022753162309527397, 'Happy': 0.05517267808318138, 'Neutral': 0.0003967996162828058, 'Other': 0.8867448568344116, 'Sad': 0.006343643181025982, 'Surprised': 0.011800818145275116, 'Unknown': 0.002404123777523637}","The Phantom Pain, for those of you who worked on that one. I know Marisha, if you want to talk about your involvement in that?"
MARISHA,00:06:44,00:06:46,Fearful,"{'Angry': 1.7580552480467304e-07, 'Disgusted': 1.0534870753531322e-08, 'Fearful': 0.9999990463256836, 'Happy': 5.441562507257913e-07, 'Neutral': 2.90345392173208e-09, 'Other': 7.308114113868669e-09, 'Sad': 4.0477438290054124e-08, 'Surprised': 9.918255727825454e-08, 'Unknown': 5.769834054980549e-10}","Yes, oh-- Sam!"
MATT,00:06:46,00:06:47,Surprised,"{'Angry': 0.007965635508298874, 'Disgusted': 0.005624142475426197, 'Fearful': 0.0014355473686009645, 'Happy': 0.016064409166574478, 'Neutral': 0.04886295646429062, 'Other': 5.516907913261093e-05, 'Sad': 0.004216789733618498, 'Surprised': 0.9156804084777832, 'Unknown': 9.489859075983986e-05}",We have a Sam! Sam's arrived! Yay!
MARISHA,00:06:47,00:07:07,Happy,"{'Angry': 2.174131763510445e-09, 'Disgusted': 7.594923800979814e-09, 'Fearful': 1.1142738953751063e-09, 'Happy': 0.9999997615814209, 'Neutral': 1.4886903443311894e-07, 'Other': 4.661992569765516e-09, 'Sad': 2.21092442131976e-08, 'Surprised': 1.0248581983063332e-09, 'Unknown': 6.160830068324685e-09}","Yeah, I'm one of the Diamond Dog soldiers that you can eventually recruit and play as, and so you can either shoot at me a lot and kill me a lot, or you can run around as me. And apparently once you get me I've got better stats than Big Boss, which is pretty fucking dope."
MATT,00:07:07,00:07:22,Neutral,"{'Angry': 1.4324868061521556e-05, 'Disgusted': 6.198927621881012e-06, 'Fearful': 5.370004032556608e-07, 'Happy': 3.885958449245663e-06, 'Neutral': 0.9999679327011108, 'Other': 1.4945597968107904e-06, 'Sad': 3.4920051348308334e-06, 'Surprised': 1.5514605138378101e-06, 'Unknown': 5.743070801145223e-07}","Damn right, you do. I also voice a lot of the male Diamond Dog soldiers and enemy soldiers throughout the game, so you'll be shooting and capturing and recruiting a lot of me and Marisha throughout the game. Yeah, so check that out. Any other announcements?"
ORION,00:07:22,00:07:39,Happy,"{'Angry': 6.905790939093492e-10, 'Disgusted': 2.707878365981742e-09, 'Fearful': 1.1333809446512078e-09, 'Happy': 1.0, 'Neutral': 5.797210711477874e-09, 'Other': 2.1729424926064667e-09, 'Sad': 5.928080692996218e-09, 'Surprised': 8.369118176254631e-10, 'Unknown': 1.9623449531991355e-09}","Yes! Speaking of Mad Max again, because it's super cool, I've actually partnered with Twitch as of ten days ago, so I'm doing my Twitch and I've been playing the shit out of Mad Max, so follow me on there! Orionacaba at Twitch, and check that shit out."
MARISHA,00:07:39,00:07:40,Neutral,"{'Angry': 0.0001619167742319405, 'Disgusted': 3.410128556424752e-06, 'Fearful': 5.1694273679459e-06, 'Happy': 0.0017337282188236713, 'Neutral': 0.9980714917182922, 'Other': 1.8804091723723104e-06, 'Sad': 1.5327157598221675e-05, 'Surprised': 7.0452329055115115e-06, 'Unknown': 1.6604833774636063e-07}",You should play some Metal Gear.
ORION,00:07:40,00:07:41,Neutral,"{'Angry': 9.807893212865348e-12, 'Disgusted': 4.902586041126422e-13, 'Fearful': 1.0031741198368929e-13, 'Happy': 1.3118854960691984e-11, 'Neutral': 1.0, 'Other': 3.431640483385866e-14, 'Sad': 1.503203637953643e-11, 'Surprised': 1.7316218988219778e-12, 'Unknown': 2.887732641985302e-13}",Nope!
TRAVIS,00:07:41,00:07:44,Neutral,"{'Angry': 1.0276437478751177e-09, 'Disgusted': 3.885909996559356e-11, 'Fearful': 5.919326660774882e-12, 'Happy': 3.5257471941996243e-10, 'Neutral': 1.0, 'Other': 1.0563053036427572e-11, 'Sad': 8.31270607903889e-10, 'Surprised': 1.697933599276169e-10, 'Unknown': 9.845698041577311e-12}",Not until you beat Mad Max.
LAURA,00:07:44,00:07:45,Sad,"{'Angry': 0.0003442437155172229, 'Disgusted': 0.00012447561312001199, 'Fearful': 0.00016228102322202176, 'Happy': 0.20022743940353394, 'Neutral': 0.015961654484272003, 'Other': 0.00013353570830076933, 'Sad': 0.7773745656013489, 'Surprised': 0.005669138859957457, 'Unknown': 2.6561508548184065e-06}",You should play some Borderlands.
ORION,00:07:45,00:07:50,Neutral,"{'Angry': 3.076698618098561e-12, 'Disgusted': 1.5067672587062986e-13, 'Fearful': 3.768136518957077e-14, 'Happy': 7.838812932092765e-12, 'Neutral': 1.0, 'Other': 1.0544598810920906e-14, 'Sad': 9.94497366402225e-12, 'Surprised': 1.0885764945706145e-12, 'Unknown': 5.999499806457961e-14}",I'll go to your place and watch you play it because I want to watch you play your character.
MATT,00:07:50,00:07:54,Neutral,"{'Angry': 7.673682110749536e-14, 'Disgusted': 2.839794634458526e-15, 'Fearful': 4.445555014875261e-16, 'Happy': 1.0982066764222281e-13, 'Neutral': 1.0, 'Other': 5.492145748129122e-16, 'Sad': 2.601733119309696e-13, 'Surprised': 3.587340046871078e-14, 'Unknown': 1.984834305850873e-15}",Why don't you come to our place to watch Laura play Borderlands? We'll chain this.
MARISHA,00:07:54,00:07:59,Neutral,"{'Angry': 5.432204911045256e-14, 'Disgusted': 2.1142560697518832e-15, 'Fearful': 3.3072496716750723e-16, 'Happy': 7.300662353305898e-14, 'Neutral': 1.0, 'Other': 5.619729556413709e-16, 'Sad': 1.8219303290437777e-13, 'Surprised': 3.026945420659885e-14, 'Unknown': 1.7186157680562273e-15}","Guys, why don't we just LAN party and only play as characters we voice?"
MATT,00:07:59,00:08:01,Neutral,"{'Angry': 5.196437058430092e-09, 'Disgusted': 2.2617707706729107e-09, 'Fearful': 5.289221283177881e-10, 'Happy': 1.8708130156142033e-08, 'Neutral': 1.0, 'Other': 5.15502196485329e-10, 'Sad': 2.200382454020655e-08, 'Surprised': 8.233491666231885e-10, 'Unknown': 6.449588085821745e-10}",That's not masturbatory at all.
TRAVIS,00:08:01,00:08:02,Neutral,"{'Angry': 0.0007077730260789394, 'Disgusted': 0.009825832210481167, 'Fearful': 0.00062118552159518, 'Happy': 0.1348084658384323, 'Neutral': 0.8383355140686035, 'Other': 0.0005745892995037138, 'Sad': 0.013699128292500973, 'Surprised': 0.001325590186752379, 'Unknown': 0.00010187523730564862}",No. Not at all.
ORION,00:08:02,00:08:04,Neutral,"{'Angry': 1.0503069941547594e-10, 'Disgusted': 3.3675898875040744e-11, 'Fearful': 7.201851528332304e-12, 'Happy': 4.5961001671201984e-10, 'Neutral': 1.0, 'Other': 2.8558223494346002e-12, 'Sad': 3.433317241618994e-10, 'Surprised': 3.002966209031399e-10, 'Unknown': 1.6083852999448922e-12}","Yeah, that's weird."
TALIESIN,00:08:04,00:08:05,Happy,"{'Angry': 0.000898134836461395, 'Disgusted': 0.021672938019037247, 'Fearful': 0.0006714678602293134, 'Happy': 0.6409829258918762, 'Neutral': 0.30277493596076965, 'Other': 0.0007866075611673295, 'Sad': 0.02655821107327938, 'Surprised': 0.005555434618145227, 'Unknown': 9.927471546689048e-05}",We can make a little ring.
MARISHA,00:08:05,00:08:06,Neutral,"{'Angry': 0.013079352676868439, 'Disgusted': 0.0168482456356287, 'Fearful': 0.00200393283739686, 'Happy': 0.01818162202835083, 'Neutral': 0.4933347702026367, 'Other': 6.25752581981942e-05, 'Sad': 0.45518484711647034, 'Surprised': 0.001278633950278163, 'Unknown': 2.601816777314525e-05}",Yes! Of narcissism!
MATT,00:08:06,00:08:07,Neutral,"{'Angry': 4.396195549816184e-07, 'Disgusted': 1.0092911679748795e-06, 'Fearful': 1.7840669386259833e-07, 'Happy': 4.470462329209113e-07, 'Neutral': 0.9999921321868896, 'Other': 6.310627043148997e-08, 'Sad': 4.453129349712981e-06, 'Surprised': 1.2091078360754182e-06, 'Unknown': 8.405179663384388e-09}",Exactly.
ORION,00:08:07,00:08:09,Neutral,"{'Angry': 6.525678664104362e-09, 'Disgusted': 1.769463509049274e-08, 'Fearful': 1.7955492648269455e-09, 'Happy': 8.702365761337205e-08, 'Neutral': 0.9999998807907104, 'Other': 5.7762830074636895e-09, 'Sad': 3.185954966511417e-08, 'Surprised': 3.799583314645361e-09, 'Unknown': 3.533834558311355e-09}","Ew, that's gross."
MATT,00:08:09,00:08:11,Neutral,"{'Angry': 2.5552768234682333e-10, 'Disgusted': 4.932068642382603e-11, 'Fearful': 3.79674000572372e-11, 'Happy': 2.815930821853385e-09, 'Neutral': 1.0, 'Other': 4.555034301134686e-12, 'Sad': 4.196228697850302e-09, 'Surprised': 2.6799817920419855e-10, 'Unknown': 4.026848299254482e-12}",Cool! Do we have any other announcements?
TRAVIS,00:08:11,00:08:24,Neutral,"{'Angry': 2.4113003260772814e-13, 'Disgusted': 8.054931809715286e-15, 'Fearful': 1.7493864633267263e-15, 'Happy': 2.889241851409402e-13, 'Neutral': 1.0, 'Other': 1.2961266395149782e-15, 'Sad': 8.774328919686214e-13, 'Surprised': 9.724840155161604e-14, 'Unknown': 5.656079022433062e-15}","Oh yeah, it's the start of the 2015 NFL football season. I'll be repping the Dallas Cowboys today. They're not playing right now, but they will be on Sunday. Go Cowboys."
MATT,00:08:24,00:08:27,Neutral,"{'Angry': 0.0013171685859560966, 'Disgusted': 0.004873381927609444, 'Fearful': 0.008859735913574696, 'Happy': 0.00472324388101697, 'Neutral': 0.608832836151123, 'Other': 0.0031031952239573, 'Sad': 0.20291978120803833, 'Surprised': 2.8493239369709045e-05, 'Unknown': 0.16534219682216644}",Awesome. For the four of you that are interested in football watching the stream--
TRAVIS,00:08:27,00:08:30,Neutral,"{'Angry': 4.9872774980030954e-05, 'Disgusted': 0.00024397540255449712, 'Fearful': 0.00015682746015954763, 'Happy': 0.00015077921852935106, 'Neutral': 0.9978699684143066, 'Other': 3.3776679629227147e-05, 'Sad': 0.00012204012455185875, 'Surprised': 2.631994448165642e-06, 'Unknown': 0.001370058860629797}","We all come from different walks, all right?"
MATT,00:08:30,00:08:34,Neutral,"{'Angry': 2.2827505290479166e-06, 'Disgusted': 4.888726834906265e-06, 'Fearful': 3.1515926366409985e-06, 'Happy': 1.9352741219336167e-05, 'Neutral': 0.9740924835205078, 'Other': 4.942512532579713e-07, 'Sad': 0.025874219834804535, 'Surprised': 3.3177715863530466e-07, 'Unknown': 2.686532980078482e-06}","I know. No, that's awesome. Cool! There we go."
TALIESIN,00:08:34,00:08:36,Neutral,"{'Angry': 5.616895837334823e-10, 'Disgusted': 1.7360651805020666e-10, 'Fearful': 6.846102157398448e-11, 'Happy': 2.6222288784794046e-09, 'Neutral': 1.0, 'Other': 3.78795848854363e-11, 'Sad': 2.9117475097706347e-09, 'Surprised': 1.5675039044538153e-10, 'Unknown': 2.7486514800334483e-11}",Teach me of your ways.
TRAVIS,00:08:36,00:08:38,Neutral,"{'Angry': 1.4238047373049678e-11, 'Disgusted': 1.954206978529993e-12, 'Fearful': 5.142061364378503e-13, 'Happy': 8.573990822879907e-11, 'Neutral': 1.0, 'Other': 2.0641512587724065e-13, 'Sad': 1.6788019585600722e-10, 'Surprised': 9.906919902491484e-12, 'Unknown': 5.173088520049607e-13}",(laughs) My sorcerer's ways.
MATT,00:08:38,00:08:41,Neutral,"{'Angry': 1.2141367078388754e-10, 'Disgusted': 1.4430115435892787e-10, 'Fearful': 3.709255472217343e-11, 'Happy': 7.458599293741486e-10, 'Neutral': 1.0, 'Other': 1.4720611882235168e-11, 'Sad': 1.513804970265653e-09, 'Surprised': 1.7156299991771817e-10, 'Unknown': 1.5688372476119206e-11}",(laughs) I was too much of an indoor kid. But I'm learning!
TRAVIS,00:08:41,00:08:43,Neutral,"{'Angry': 1.683469363911172e-08, 'Disgusted': 1.5318374124717593e-08, 'Fearful': 1.5398631258989326e-09, 'Happy': 1.4766856111236848e-06, 'Neutral': 0.9999983310699463, 'Other': 2.6885749182525842e-09, 'Sad': 6.05234333761473e-08, 'Surprised': 2.9127369405301806e-09, 'Unknown': 1.4534520254017025e-08}",There goes ball. Chase ball.
LAURA,00:08:43,00:08:45,Neutral,"{'Angry': 3.860595843008241e-09, 'Disgusted': 5.679749115472532e-09, 'Fearful': 1.769601021273104e-09, 'Happy': 5.971615024691346e-08, 'Neutral': 0.9999998807907104, 'Other': 1.3907255347334058e-09, 'Sad': 2.1438543384988407e-08, 'Surprised': 2.8680486874321787e-09, 'Unknown': 3.1769360475664143e-09}",We're growing! We're learning and growing.
MATT,00:08:45,00:08:48,Neutral,"{'Angry': 1.6395559909732071e-10, 'Disgusted': 1.5594968372223406e-10, 'Fearful': 9.38709734943366e-11, 'Happy': 1.1460368209981198e-09, 'Neutral': 1.0, 'Other': 2.206923359338031e-11, 'Sad': 7.211442998311668e-09, 'Surprised': 2.0583749982261423e-10, 'Unknown': 1.45830344328024e-11}","I am. I got really into rugby when we were in New Zealand. Oh, sports I can watch!"
MARISHA,00:08:48,00:08:51,Neutral,"{'Angry': 0.004795741755515337, 'Disgusted': 0.028662418946623802, 'Fearful': 0.0030373346526175737, 'Happy': 0.004300490487366915, 'Neutral': 0.9423822164535522, 'Other': 0.001556683680973947, 'Sad': 0.012553046457469463, 'Surprised': 0.0014998746337369084, 'Unknown': 0.0012120944447815418}","Rugby's dope, man. They're hardcore."
MATT,00:08:51,00:08:56,Neutral,"{'Angry': 1.0083590495924e-06, 'Disgusted': 2.239671857751091e-06, 'Fearful': 1.6607478414698562e-07, 'Happy': 1.2286559467611369e-06, 'Neutral': 0.99998939037323, 'Other': 1.5223386071738787e-06, 'Sad': 2.254948640256771e-06, 'Surprised': 6.372952299216195e-08, 'Unknown': 2.255462732136948e-06}","Yeah, they hit each other really hard. They call things a scrum. That sounds like fun."
TRAVIS,00:08:56,00:08:57,Angry,"{'Angry': 0.5074801445007324, 'Disgusted': 0.006622093729674816, 'Fearful': 0.030849115923047066, 'Happy': 0.09879548102617264, 'Neutral': 0.342069149017334, 'Other': 0.00014704099157825112, 'Sad': 0.008196323178708553, 'Surprised': 0.005790735129266977, 'Unknown': 4.9974958528764546e-05}",Yeah. That's rugby. Scrum.
MATT,00:08:57,00:08:58,Happy,"{'Angry': 0.0010807006619870663, 'Disgusted': 0.02469431608915329, 'Fearful': 0.0019799170549958944, 'Happy': 0.8936224579811096, 'Neutral': 0.06599303334951401, 'Other': 0.0017403492238372564, 'Sad': 0.0006736264331266284, 'Surprised': 0.009132154285907745, 'Unknown': 0.0010835722787305713}","That's intense, man."
TRAVIS,00:08:58,00:08:59,Disgusted,"{'Angry': 0.0061770542524755, 'Disgusted': 0.720749020576477, 'Fearful': 0.0014790571294724941, 'Happy': 0.020032446831464767, 'Neutral': 0.08977033197879791, 'Other': 0.00014525312872137874, 'Sad': 0.0070413039065897465, 'Surprised': 0.15457946062088013, 'Unknown': 2.604406836326234e-05}","Yeah, that's some brutal stuff."
MATT,00:08:59,00:09:08,Neutral,"{'Angry': 4.7962436106052664e-11, 'Disgusted': 4.651328801286159e-12, 'Fearful': 9.855162476021806e-13, 'Happy': 7.444159177971699e-10, 'Neutral': 1.0, 'Other': 2.646861137385603e-13, 'Sad': 1.691801143621774e-10, 'Surprised': 2.500061269117282e-11, 'Unknown': 8.151350688184733e-13}","Yeah. So we will have a Liam possibly joining us later in the evening. He had some family commitments tonight, but he's going to hope to try and join us around 8:30 or 9:00, if at all."
LAURA,00:09:08,00:09:11,Neutral,"{'Angry': 5.952108040219173e-05, 'Disgusted': 0.00015767764125484973, 'Fearful': 3.30822222167626e-05, 'Happy': 0.005440432112663984, 'Neutral': 0.9938499927520752, 'Other': 3.0185397918103263e-05, 'Sad': 0.00019383570179343224, 'Surprised': 2.6202529625152238e-05, 'Unknown': 0.00020900928939227015}",A wild Scanlan coming next to me.
MATT,00:09:11,00:09:14,Neutral,"{'Angry': 9.483964902301523e-08, 'Disgusted': 1.3932469755673083e-07, 'Fearful': 1.7171498001289365e-08, 'Happy': 5.817716441924858e-07, 'Neutral': 0.9999974966049194, 'Other': 1.8237479082472419e-07, 'Sad': 1.4032956414666842e-06, 'Surprised': 2.2385346909459258e-08, 'Unknown': 4.020722244035824e-08}",Oh no! We got Scanlan jumping ship now!
SAM,00:09:14,00:09:16,Sad,"{'Angry': 8.770496606302913e-06, 'Disgusted': 2.293418401677627e-05, 'Fearful': 0.00011666393402265385, 'Happy': 6.764294084860012e-05, 'Neutral': 0.001461148145608604, 'Other': 6.8470094447548036e-06, 'Sad': 0.9982165694236755, 'Surprised': 1.6387406276408e-06, 'Unknown': 9.790474723558873e-05}",I've never been over here before.
ORION,00:09:16,00:09:20,Neutral,"{'Angry': 7.946522780077903e-12, 'Disgusted': 3.798605039458808e-13, 'Fearful': 1.236080600939063e-13, 'Happy': 1.4151841157272749e-11, 'Neutral': 1.0, 'Other': 3.5964039770330566e-14, 'Sad': 2.6269169131620806e-11, 'Surprised': 8.734159229195626e-12, 'Unknown': 8.485571322209076e-14}",How does it feel on that side? When I played with Will Friedle--
LAURA,00:09:20,00:09:21,Happy,"{'Angry': 0.010271157138049603, 'Disgusted': 0.0150202801451087, 'Fearful': 0.0005603610770776868, 'Happy': 0.6261662244796753, 'Neutral': 0.22706104815006256, 'Other': 0.0002526261960156262, 'Sad': 0.010269270278513432, 'Surprised': 0.11035024374723434, 'Unknown': 4.8813235480338335e-05}","Yeah, I was on that side."
MARISHA,00:09:21,00:09:26,Neutral,"{'Angry': 0.005086798220872879, 'Disgusted': 0.006612434983253479, 'Fearful': 0.0019096171017736197, 'Happy': 0.37322625517845154, 'Neutral': 0.5350311398506165, 'Other': 0.005305647850036621, 'Sad': 0.005288752727210522, 'Surprised': 0.0008147563203237951, 'Unknown': 0.06672458350658417}","Yeah, we were switched. That's right. It's weird. It does feel weird."
SAM,00:09:26,00:09:28,Neutral,"{'Angry': 0.01234589796513319, 'Disgusted': 0.0030954990070313215, 'Fearful': 9.020153811434284e-05, 'Happy': 0.0004140953242313117, 'Neutral': 0.9835665822029114, 'Other': 7.024246588116512e-05, 'Sad': 0.0002934572985395789, 'Surprised': 1.8641212591319345e-05, 'Unknown': 0.00010533013846725225}",Everything flushes the other way around.
MATT,00:09:28,00:09:30,Neutral,"{'Angry': 2.745672341829958e-13, 'Disgusted': 8.237461480617957e-15, 'Fearful': 1.7883120741760345e-15, 'Happy': 3.0474250510212353e-13, 'Neutral': 1.0, 'Other': 1.041514676559203e-15, 'Sad': 9.638460819402783e-13, 'Surprised': 8.671123714887319e-14, 'Unknown': 5.189319399266212e-15}","That's how it works in this place, yeah."
MARISHA,00:09:30,00:09:33,Neutral,"{'Angry': 1.8766127974495506e-12, 'Disgusted': 8.547655449111027e-14, 'Fearful': 2.1272253300204727e-14, 'Happy': 3.145769885901095e-12, 'Neutral': 1.0, 'Other': 7.146190818187615e-15, 'Sad': 6.220154166042269e-12, 'Surprised': 6.613982365261117e-13, 'Unknown': 4.0063279435490276e-14}",Is it colder over there? Are you guys in winter?
SAM,00:09:33,00:09:35,Neutral,"{'Angry': 2.5377863699382885e-10, 'Disgusted': 1.690991374703188e-10, 'Fearful': 2.598755065308378e-11, 'Happy': 9.499746544960885e-10, 'Neutral': 1.0, 'Other': 2.2378326622329858e-11, 'Sad': 1.6996548612979723e-09, 'Surprised': 6.694084869751649e-11, 'Unknown': 4.310056478384894e-11}","Wow, that's so weird!"
MARISHA,00:09:35,00:09:36,Neutral,"{'Angry': 4.886668492076751e-08, 'Disgusted': 1.6817702785942856e-08, 'Fearful': 3.1307487713405635e-09, 'Happy': 5.535084710572846e-07, 'Neutral': 0.9999994039535522, 'Other': 5.71228231383003e-10, 'Sad': 4.9526715173442426e-08, 'Surprised': 5.562013072335503e-09, 'Unknown': 5.836001126802159e-10}","I know, it's awesome."
MATT,00:09:36,00:11:01,Neutral,"{'Angry': 5.383847565099131e-06, 'Disgusted': 0.00010404775821371004, 'Fearful': 1.790726491890382e-05, 'Happy': 0.004619531333446503, 'Neutral': 0.9462984204292297, 'Other': 0.001984237926080823, 'Sad': 0.0465560182929039, 'Surprised': 0.0003218442143406719, 'Unknown': 9.249593131244183e-05}","Well, anything else? Are we good on announcements? Perfect! All right. Well then, let's go ahead and roll that intro and return. We'll jump right into the game and kick up this next session of Critical Role! See you in just a minute. [dramatic music]"
MATT,00:11:01,00:11:23,Happy,"{'Angry': 1.8168012161368097e-07, 'Disgusted': 9.80456775323546e-07, 'Fearful': 1.5675651638957788e-06, 'Happy': 0.9999892711639404, 'Neutral': 1.6137404657001753e-07, 'Other': 3.8415951166825835e-06, 'Sad': 3.730353910214035e-06, 'Surprised': 1.8497389930871577e-07, 'Unknown': 1.3523150244054705e-07}","Welcome back. Quick announcement that I forgot: There is a Kickstarter up for the third Mythica film, which if you guys haven't watched it, it's a really awesome indie-budget fantasy series, and a bunch of good friends are in it. I play the main villain, necromancer Zorlock, who showed up a little bit in the second film, and the third one is now going into post, and that's what the Kickstarter's asking for your help. [no audio]"
MATT,00:11:23,00:11:26,Happy,"{'Angry': 1.600727773620747e-05, 'Disgusted': 5.2480940212262794e-05, 'Fearful': 2.124234742950648e-05, 'Happy': 0.9980164766311646, 'Neutral': 0.0009361595148220658, 'Other': 9.045121259987354e-06, 'Sad': 1.4090099284658208e-05, 'Surprised': 2.136802550012362e-06, 'Unknown': 0.0009323785779997706}","If it's something you want to donate to, it's a cool project, you get to watch me be all evil and cast--"
TRAVIS,00:11:26,00:11:29,Happy,"{'Angry': 3.0336901545524597e-05, 'Disgusted': 4.261976937414147e-05, 'Fearful': 5.421763034973992e-06, 'Happy': 0.9991897940635681, 'Neutral': 0.00044967030407860875, 'Other': 1.028255883284146e-05, 'Sad': 4.323043413023697e-06, 'Surprised': 1.2793182122550206e-06, 'Unknown': 0.0002662158804014325}",I watched it. It's really fun.
MATT,00:11:29,00:11:34,Neutral,"{'Angry': 1.8863200931806823e-12, 'Disgusted': 8.184873948307442e-14, 'Fearful': 2.1497196451875263e-14, 'Happy': 4.164750141977258e-12, 'Neutral': 1.0, 'Other': 7.0227429659053524e-15, 'Sad': 7.111406515741825e-12, 'Surprised': 7.37624967616507e-13, 'Unknown': 3.764609134951531e-14}","(laughs) You can see me cast necromantic spells at Kevin Sorbo. I mean, what more could you want, really?"
LAURA,00:11:34,00:11:35,Neutral,"{'Angry': 0.0005828333087265491, 'Disgusted': 0.00011857916251756251, 'Fearful': 2.154573394363979e-06, 'Happy': 0.0014498442178592086, 'Neutral': 0.9977885484695435, 'Other': 2.237072476418689e-05, 'Sad': 1.5796251318533905e-05, 'Surprised': 4.883725068793865e-06, 'Unknown': 1.4939710126782302e-05}",Nothing.
MATT,00:11:35,00:11:37,Neutral,"{'Angry': 6.246118639668952e-12, 'Disgusted': 3.4155198200963577e-13, 'Fearful': 8.057825782482875e-14, 'Happy': 8.737057952123983e-12, 'Neutral': 1.0, 'Other': 3.061627354091802e-14, 'Sad': 1.856608790318237e-11, 'Surprised': 1.7021244439960337e-12, 'Unknown': 1.401523347247316e-13}",Our hair has a battle. It's wonderful.
ORION,00:11:37,00:11:39,Neutral,"{'Angry': 1.6108361172717522e-11, 'Disgusted': 1.933511293780721e-12, 'Fearful': 8.129335420971329e-13, 'Happy': 2.2455672737953236e-11, 'Neutral': 1.0, 'Other': 1.373107899084458e-13, 'Sad': 5.157891128093617e-11, 'Surprised': 1.14136746928728e-11, 'Unknown': 2.1248794824374473e-12}",Our mighty DM versus Hercules.
MATT,00:11:39,00:12:08,Neutral,"{'Angry': 2.325261927449418e-10, 'Disgusted': 3.285580696399393e-10, 'Fearful': 1.2918330294375835e-10, 'Happy': 7.160863013666585e-10, 'Neutral': 1.0, 'Other': 3.1206478373624336e-11, 'Sad': 1.0493868884964286e-08, 'Surprised': 3.706584206231156e-10, 'Unknown': 6.233887017703665e-11}","Indeed. I remember the first time we met on set, he came up to me, and goes like, ""What's your mother's name?"" I still wonder. But anyway. Let us bring us back to the story. Now, Vox Machina, after completing the trials of the Slayer's Take and acquiring their marking brand as essence of them joining the actual guild itself, meeting the gynosphinx that is currently responsible--"
LAURA,00:12:08,00:12:09,Sad,"{'Angry': 2.0535155272227712e-05, 'Disgusted': 6.399482572305715e-06, 'Fearful': 2.1758489765488775e-06, 'Happy': 7.299696335394401e-06, 'Neutral': 0.005668906029313803, 'Other': 8.501894654955322e-08, 'Sad': 0.9942942261695862, 'Surprised': 3.3117271414084826e-07, 'Unknown': 5.1516657606498484e-08}",(chuckles)
MATT,00:12:09,00:12:39,Neutral,"{'Angry': 1.1156648938026592e-09, 'Disgusted': 2.687630784592443e-09, 'Fearful': 4.70914252037602e-10, 'Happy': 4.1090975066993e-09, 'Neutral': 1.0, 'Other': 6.495858850819047e-10, 'Sad': 1.8393231826507872e-08, 'Surprised': 4.554797872202698e-09, 'Unknown': 1.4493391209402517e-10}","Such children. Responsible for the development and the progression of the guild itself, they found themselves having Pike join them for about a week's time while the landscape of her temple to Sarenrae was being cleansed of a curse, and the group decided to follow through on their promise to aid Keyleth on her Aramente to find the Pyrah people to the far southwest of Vasselheim."
LAURA,00:12:39,00:12:42,Neutral,"{'Angry': 1.2574071124593633e-11, 'Disgusted': 9.259905125666434e-13, 'Fearful': 2.6106357743985176e-13, 'Happy': 5.569038286079575e-11, 'Neutral': 1.0, 'Other': 5.914839879819431e-14, 'Sad': 4.792330074443463e-11, 'Surprised': 5.734035642135371e-12, 'Unknown': 2.2017119843866645e-13}",Ugh!
TRAVIS,00:12:42,00:12:43,Neutral,"{'Angry': 5.233794581727125e-05, 'Disgusted': 2.3531465558335185e-05, 'Fearful': 1.023791355692083e-06, 'Happy': 8.815102773951367e-05, 'Neutral': 0.999804675579071, 'Other': 1.60653246439324e-06, 'Sad': 2.3200294890557416e-05, 'Surprised': 5.188285285839811e-06, 'Unknown': 2.95533169492046e-07}",I'm burping garlic.
MATT,00:12:43,00:13:43,Neutral,"{'Angry': 7.830526185153078e-14, 'Disgusted': 2.9813399809335873e-15, 'Fearful': 5.028487853735999e-16, 'Happy': 1.0648751845587778e-13, 'Neutral': 1.0, 'Other': 6.673899116963128e-16, 'Sad': 2.8097871794009743e-13, 'Surprised': 3.9439297368302345e-14, 'Unknown': 2.2732204370289923e-15}","Ugh. Garlic. Stinking Cloud over there. You thought he wasn't a caster. They made their way to the mountains, eventually to the actual Pyrah tribe itself, where they underwent a trial through the elemental plane of fire. Battled some of the druids, the Pyrah themselves, in elemental fire form, combated against time through a cinder storm as they attempted to escape, and managed to do so with their lives, and in doing so gained the blessing of the Aramente for Keyleth from the Pyrah tribe, as well as a blessing from the main druid as well, as a spark stone. And returned to Vasselheim, Pike then said her goodbyes again, returning to help the restoration of the temple of Sarenrae, and you've all been left to your devices now. So. As you all awaken the next morning within the guildhall itself, your journey and your path is your own to take."
TRAVIS,00:13:43,00:13:46,Neutral,"{'Angry': 5.092569161507798e-12, 'Disgusted': 2.83252154370528e-13, 'Fearful': 8.287074233217714e-14, 'Happy': 8.129680088841962e-12, 'Neutral': 1.0, 'Other': 2.097151933447977e-14, 'Sad': 1.5604750130959744e-11, 'Surprised': 1.3595234963845182e-12, 'Unknown': 1.743276204814459e-13}","We wake the next morning. Beard check, please."
MATT,00:13:46,00:13:50,Neutral,"{'Angry': 4.588009527850545e-09, 'Disgusted': 5.439878547619514e-10, 'Fearful': 2.3156929152001737e-10, 'Happy': 2.0385524379662456e-08, 'Neutral': 1.0, 'Other': 7.781608690748953e-12, 'Sad': 8.72333405510517e-09, 'Surprised': 1.8784422906037435e-09, 'Unknown': 4.0743176193958064e-11}",Beard check. (laughs)
TRAVIS,00:13:50,00:13:51,Neutral,"{'Angry': 0.006415373180061579, 'Disgusted': 0.02069241553544998, 'Fearful': 0.0003971850383095443, 'Happy': 0.004709587898105383, 'Neutral': 0.9441443085670471, 'Other': 0.0002942693536169827, 'Sad': 0.0029401169158518314, 'Surprised': 0.020366014912724495, 'Unknown': 4.062336665811017e-05}",Zero. Or ten?
LAURA,00:13:51,00:13:52,Neutral,"{'Angry': 0.01158991176635027, 'Disgusted': 0.11623718589544296, 'Fearful': 0.002520367968827486, 'Happy': 0.05232363939285278, 'Neutral': 0.4527270793914795, 'Other': 0.0020574929658323526, 'Sad': 0.02976396679878235, 'Surprised': 0.33250099420547485, 'Unknown': 0.0002793791936710477}",That's zero.
SAM,00:13:52,00:13:53,Neutral,"{'Angry': 0.0019470728002488613, 'Disgusted': 0.000179556300281547, 'Fearful': 1.6121952285175212e-05, 'Happy': 0.09463933855295181, 'Neutral': 0.8995732665061951, 'Other': 2.067324021481909e-05, 'Sad': 0.0004123911203350872, 'Surprised': 0.003204869804903865, 'Unknown': 6.656346158706583e-06}",That's good.
MARISHA,00:13:53,00:13:55,Happy,"{'Angry': 0.0005404850235208869, 'Disgusted': 0.00932861864566803, 'Fearful': 0.055275119841098785, 'Happy': 0.6327276825904846, 'Neutral': 0.1287442445755005, 'Other': 0.056403130292892456, 'Sad': 0.08294466137886047, 'Surprised': 0.00033778458600863814, 'Unknown': 0.03369826823472977}",It depends.
TRAVIS,00:13:55,00:13:56,Neutral,"{'Angry': 0.0012031665537506342, 'Disgusted': 0.00106222671456635, 'Fearful': 0.00025557915796525776, 'Happy': 0.0019718583207577467, 'Neutral': 0.9918640851974487, 'Other': 1.6389380107284524e-05, 'Sad': 0.003027048660442233, 'Surprised': 0.000587538059335202, 'Unknown': 1.2134000826335978e-05}",That's a hundred.
MARISHA,00:13:56,00:13:57,Neutral,"{'Angry': 0.028526335954666138, 'Disgusted': 0.004341172520071268, 'Fearful': 3.6932542570866644e-05, 'Happy': 0.0018438812112435699, 'Neutral': 0.9645982980728149, 'Other': 1.87741570698563e-05, 'Sad': 0.00023631227668374777, 'Surprised': 0.00039149023359641433, 'Unknown': 6.831266546214465e-06}",Are you serious?
TRAVIS,00:13:57,00:13:59,Neutral,"{'Angry': 0.0009697902714833617, 'Disgusted': 0.0034538444597274065, 'Fearful': 0.0010901086498051882, 'Happy': 0.4211885929107666, 'Neutral': 0.5290060043334961, 'Other': 0.000737742695491761, 'Sad': 0.0007756493869237602, 'Surprised': 0.00352844363078475, 'Unknown': 0.039249856024980545}",That's the second time that's happened.
MARISHA,00:13:59,00:14:05,Neutral,"{'Angry': 2.154492904082872e-05, 'Disgusted': 3.770049261220265e-06, 'Fearful': 6.441022719627654e-07, 'Happy': 1.811706169974059e-05, 'Neutral': 0.9998797178268433, 'Other': 5.64946276426781e-06, 'Sad': 6.076710997149348e-05, 'Surprised': 2.9753587682535e-07, 'Unknown': 9.389663318870589e-06}",All you had to have rolled was a nine or anything other than a zero. That's all you had to-- anything.
MATT,00:14:05,00:14:24,Neutral,"{'Angry': 2.426445988579218e-10, 'Disgusted': 8.181390287465007e-11, 'Fearful': 2.007947627613582e-11, 'Happy': 3.0036131914989994e-10, 'Neutral': 1.0, 'Other': 9.578299958734604e-12, 'Sad': 9.705589665287562e-10, 'Surprised': 4.4023745759957933e-10, 'Unknown': 2.6735625865970114e-11}","If this had been the second edition Encyclopedia Magica, you would've gotten the most broken artifact ever. You rolled two hundreds. With a tiny methodical squeak, your pores produce but a few random molecules of hair-like material that then puff in the air around you."
TRAVIS,00:14:24,00:14:29,Neutral,"{'Angry': 7.327227474936138e-13, 'Disgusted': 3.107190611577326e-14, 'Fearful': 6.6549371197685385e-15, 'Happy': 1.217551450286014e-12, 'Neutral': 1.0, 'Other': 1.7348591071274862e-15, 'Sad': 1.5913915150933544e-12, 'Surprised': 3.0541227099417645e-13, 'Unknown': 1.5159594296564917e-14}","Is it at least rough? Like, you know, he needs to shave, it's so rough."
LAURA,00:14:29,00:14:31,Neutral,"{'Angry': 2.7852701123265433e-07, 'Disgusted': 4.777666973154737e-08, 'Fearful': 1.1810205258200313e-08, 'Happy': 1.959850379762429e-07, 'Neutral': 0.9999991655349731, 'Other': 1.3401539433743892e-08, 'Sad': 7.826959347312368e-08, 'Surprised': 1.729556831087109e-09, 'Unknown': 2.056496697377952e-07}","Nah, it's smooth as a baby's bottom."
TALIESIN,00:14:31,00:14:32,Neutral,"{'Angry': 0.0002351276489207521, 'Disgusted': 6.927027425263077e-05, 'Fearful': 3.983127953688381e-06, 'Happy': 0.0004917719052173197, 'Neutral': 0.9991600513458252, 'Other': 9.997488632507157e-07, 'Sad': 2.7871989004779607e-05, 'Surprised': 1.0801242751767859e-05, 'Unknown': 2.2264140397965093e-07}",Well-oiled.
LAURA,00:14:32,00:14:37,Neutral,"{'Angry': 2.894899077399149e-11, 'Disgusted': 2.889673526504377e-12, 'Fearful': 1.3561308109463766e-12, 'Happy': 1.5282866638877124e-10, 'Neutral': 1.0, 'Other': 2.7910177424414484e-13, 'Sad': 2.0141704970555452e-10, 'Surprised': 9.647606498408567e-12, 'Unknown': 1.5395197052944787e-12}",Fine leather. That's what your face feels like.
ORION,00:14:37,00:14:43,Disgusted,"{'Angry': 0.205464169383049, 'Disgusted': 0.7132865190505981, 'Fearful': 0.0038515871856361628, 'Happy': 0.04216806963086128, 'Neutral': 0.008005276322364807, 'Other': 0.0036258946638554335, 'Sad': 0.011142284609377384, 'Surprised': 0.0004954779287800193, 'Unknown': 0.01196074578911066}","It's still 24 hours since we had the feast, right? It still counts as the same time?"
MATT,00:14:43,00:14:53,Neutral,"{'Angry': 5.743182622183762e-13, 'Disgusted': 2.260945574370562e-14, 'Fearful': 5.522190642042943e-15, 'Happy': 6.787003684755044e-13, 'Neutral': 1.0, 'Other': 3.130549916790116e-15, 'Sad': 2.2604431347550413e-12, 'Surprised': 2.3895983932917253e-13, 'Unknown': 1.5826177038802056e-14}","The travel back to the town took about two and a half, three days, so that's been long past the feast. So the benefits of the Heroes' Feast have already been washed from your system."
SAM,00:14:53,00:14:55,Neutral,"{'Angry': 5.253367740820636e-10, 'Disgusted': 1.13853718120005e-10, 'Fearful': 2.749673926050189e-11, 'Happy': 1.0039193476529817e-08, 'Neutral': 1.0, 'Other': 5.026312699385471e-12, 'Sad': 5.85722848001069e-09, 'Surprised': 5.440438655135438e-10, 'Unknown': 2.598466147113454e-12}",Where am I?
MATT,00:14:55,00:15:08,Happy,"{'Angry': 0.0027567457873374224, 'Disgusted': 0.0015683217206969857, 'Fearful': 0.0014961626147851348, 'Happy': 0.7761631011962891, 'Neutral': 0.14890837669372559, 'Other': 0.0010727242333814502, 'Sad': 0.0632844865322113, 'Surprised': 0.0038268209900707006, 'Unknown': 0.0009232991142198443}","Where are you? That's a very good question. As you returned, tired from the venture, went to sleep. You have spent the past week or so--"
SAM,00:15:08,00:15:10,Unknown,"{'Angry': 0.002882321598008275, 'Disgusted': 0.02779475226998329, 'Fearful': 0.009806111454963684, 'Happy': 0.3337351083755493, 'Neutral': 0.17064166069030762, 'Other': 0.006217083893716335, 'Sad': 0.0038506488781422377, 'Surprised': 0.010704291984438896, 'Unknown': 0.43436795473098755}",On my own.
MATT,00:15:10,00:15:29,Neutral,"{'Angry': 4.971386496910313e-11, 'Disgusted': 1.1020686967178062e-11, 'Fearful': 1.7068025595298741e-12, 'Happy': 1.1163539537228928e-10, 'Neutral': 1.0, 'Other': 2.311903923510328e-12, 'Sad': 1.9067927792271178e-10, 'Surprised': 1.7337083157986655e-11, 'Unknown': 5.131668961294578e-12}","On your own, essentially finding one of the various establishments in the city that can aid you through your sore muscles through the help of feminine companionship-- or other types of companionship; whatever your preference may be. But upon leaving, realize that your party had left and been gone for some time."
SAM,00:15:29,00:15:33,Unknown,"{'Angry': 0.00031294755171984434, 'Disgusted': 0.002766482997685671, 'Fearful': 0.0053995889611542225, 'Happy': 0.005055536981672049, 'Neutral': 0.013524247333407402, 'Other': 0.0017384043894708157, 'Sad': 0.0006394091760739684, 'Surprised': 1.8280243239132687e-05, 'Unknown': 0.9705450534820557}",Where are they? Where am I?
MATT,00:15:33,00:15:39,Neutral,"{'Angry': 1.0142503292310048e-13, 'Disgusted': 3.2984066477057374e-15, 'Fearful': 6.045095208843834e-16, 'Happy': 1.1824135420779314e-13, 'Neutral': 1.0, 'Other': 6.057560357453865e-16, 'Sad': 3.434582533743541e-13, 'Surprised': 4.6963243705141697e-14, 'Unknown': 2.076196126574669e-15}","You've just now found word they've returned to the Slayer's Take guildhall, and you've made your way in that direction this bright morning."
TRAVIS,00:15:39,00:15:41,Angry,"{'Angry': 0.5022007822990417, 'Disgusted': 0.19849154353141785, 'Fearful': 0.0032293794211000204, 'Happy': 0.10719174146652222, 'Neutral': 0.11459378898143768, 'Other': 0.0001701669825706631, 'Sad': 0.006269181612879038, 'Surprised': 0.06620991230010986, 'Unknown': 0.0016435550060123205}",Because it's free to stay there.
LAURA,00:15:41,00:15:42,Neutral,"{'Angry': 0.038424279540777206, 'Disgusted': 0.01647392101585865, 'Fearful': 0.0018317245412617922, 'Happy': 0.02376025915145874, 'Neutral': 0.881603479385376, 'Other': 6.102752377046272e-05, 'Sad': 0.034878019243478775, 'Surprised': 0.002842914080247283, 'Unknown': 0.00012430419155862182}","Yeah, we can stay there for free."
SAM,00:15:42,00:15:43,Neutral,"{'Angry': 0.00842270441353321, 'Disgusted': 0.0003236025804653764, 'Fearful': 0.0016851626569405198, 'Happy': 0.009549027308821678, 'Neutral': 0.9286976456642151, 'Other': 4.5800828956998885e-05, 'Sad': 0.04073546081781387, 'Surprised': 0.01051324512809515, 'Unknown': 2.7390633476898074e-05}",Hello!
"LAURA, MARISHA",00:15:43,00:15:44,Neutral,"{'Angry': 0.005050483625382185, 'Disgusted': 0.0258525088429451, 'Fearful': 0.0014268767554312944, 'Happy': 0.027007315307855606, 'Neutral': 0.8516589999198914, 'Other': 0.0008195980917662382, 'Sad': 0.0031764861196279526, 'Surprised': 0.08491671830415726, 'Unknown': 9.093007247429341e-05}",Scanlan!
SAM,00:15:44,00:15:46,Neutral,"{'Angry': 0.015465456061065197, 'Disgusted': 0.007974198088049889, 'Fearful': 0.0005323922378011048, 'Happy': 0.20809389650821686, 'Neutral': 0.7563962936401367, 'Other': 8.593042730353773e-05, 'Sad': 0.007096678484231234, 'Surprised': 0.00429999316111207, 'Unknown': 5.51662924408447e-05}",Where have you guys been?
LAURA,00:15:46,00:15:49,Happy,"{'Angry': 7.737390589346305e-11, 'Disgusted': 1.635557939083654e-10, 'Fearful': 3.552761210223743e-11, 'Happy': 1.0, 'Neutral': 7.912033250789818e-10, 'Other': 4.850790602528576e-11, 'Sad': 3.79103970438166e-10, 'Surprised': 1.4155060457099466e-10, 'Unknown': 3.952716626232089e-11}","Oh, Scanlan. You've just missed Pike!"
SAM,00:15:49,00:15:54,Neutral,"{'Angry': 7.640540283793129e-11, 'Disgusted': 1.7804742055704814e-11, 'Fearful': 6.92660035231385e-12, 'Happy': 1.2514310421263275e-10, 'Neutral': 1.0, 'Other': 1.4509336657489436e-12, 'Sad': 6.215997161440612e-10, 'Surprised': 1.0490876223290257e-10, 'Unknown': 3.851191501119677e-12}",What?! Pike? Pike was here?
MARISHA,00:15:54,00:15:58,Sad,"{'Angry': 0.01084630936384201, 'Disgusted': 0.005439675413072109, 'Fearful': 0.009982234798371792, 'Happy': 0.028047319501638412, 'Neutral': 0.08895990997552872, 'Other': 3.790686605498195e-05, 'Sad': 0.856172502040863, 'Surprised': 0.0002648250956553966, 'Unknown': 0.00024931738153100014}",We took a field trip with her.
SAM,00:15:58,00:16:02,Neutral,"{'Angry': 1.1308926332276314e-05, 'Disgusted': 1.985876588150859e-05, 'Fearful': 6.2175818129617255e-06, 'Happy': 5.0423332140780985e-05, 'Neutral': 0.9998351335525513, 'Other': 3.0702882213518023e-05, 'Sad': 2.470831896062009e-05, 'Surprised': 4.60453793493798e-06, 'Unknown': 1.708702984615229e-05}",What are you talking about? Why didn't you call me? We have an earring!
ORION,00:16:02,00:16:08,Neutral,"{'Angry': 3.2265778048511107e-13, 'Disgusted': 1.1284600674960153e-14, 'Fearful': 2.6351214047322597e-15, 'Happy': 3.6130237798977227e-13, 'Neutral': 1.0, 'Other': 1.6233645837968763e-15, 'Sad': 1.2495620857477796e-12, 'Surprised': 1.1321320400256574e-13, 'Unknown': 8.28482671599547e-15}","I used it twice, and you said, stop bothering me, Tiberius."
SAM,00:16:08,00:16:10,Sad,"{'Angry': 5.0107228162232786e-05, 'Disgusted': 9.941722055373248e-06, 'Fearful': 1.3285388376971241e-05, 'Happy': 0.00027776844217441976, 'Neutral': 0.00638548843562603, 'Other': 1.0367661161581054e-05, 'Sad': 0.9932118654251099, 'Surprised': 3.890077641699463e-05, 'Unknown': 2.2870822249387857e-06}","Well, I-- (sighs)"
TALIESIN,00:16:10,00:16:15,Neutral,"{'Angry': 3.0940734063733544e-07, 'Disgusted': 1.977776094008732e-07, 'Fearful': 1.4117715352313098e-07, 'Happy': 1.5212586731649935e-05, 'Neutral': 0.9999802112579346, 'Other': 2.3946250848894124e-07, 'Sad': 3.3143999189633178e-06, 'Surprised': 8.849575294789247e-08, 'Unknown': 2.5380450097145513e-07}",We were hearing very weird things from the other end of that ear piece
ORION,00:16:15,00:16:18,Surprised,"{'Angry': 4.0763676224742085e-05, 'Disgusted': 6.886383198434487e-05, 'Fearful': 1.8451310097589158e-05, 'Happy': 1.2261988558748271e-05, 'Neutral': 0.0001223017170559615, 'Other': 4.389066361909499e-06, 'Sad': 2.769358843579539e-06, 'Surprised': 0.9997256398200989, 'Unknown': 4.524306859821081e-06}",Though he definitely said my name and told me to stop.
SAM,00:16:18,00:16:22,Neutral,"{'Angry': 9.960331954061985e-05, 'Disgusted': 0.0005259891040623188, 'Fearful': 3.2840896892594174e-05, 'Happy': 0.009940898045897484, 'Neutral': 0.9877657890319824, 'Other': 0.00021081097656860948, 'Sad': 8.942368003772572e-05, 'Surprised': 0.00011996112880297005, 'Unknown': 0.0012147397501394153}","You didn't lead with Pike, though! You should have said, Pike's here. Hey, Pike's here."
LAURA,00:16:22,00:16:24,Neutral,"{'Angry': 5.521542689734815e-08, 'Disgusted': 9.566846870256995e-08, 'Fearful': 1.9530171257997608e-08, 'Happy': 5.92930078369136e-08, 'Neutral': 0.9999992847442627, 'Other': 2.1837239572164435e-08, 'Sad': 3.2978957165141765e-07, 'Surprised': 9.172150150504876e-09, 'Unknown': 5.8757795073915986e-08}",You probably should have done that.
ORION,00:16:24,00:16:25,Angry,"{'Angry': 1.0, 'Disgusted': 1.0927152932493911e-10, 'Fearful': 1.0493473277806142e-11, 'Happy': 2.8243796190707826e-10, 'Neutral': 5.633236099811256e-10, 'Other': 5.556133678141784e-12, 'Sad': 5.6386621066772946e-11, 'Surprised': 2.3680399655057194e-11, 'Unknown': 2.437221702667608e-13}",My bad.
SAM,00:16:25,00:16:27,Neutral,"{'Angry': 5.6264468639710685e-08, 'Disgusted': 2.6997838631359627e-08, 'Fearful': 3.829036998581614e-08, 'Happy': 1.835776970438019e-06, 'Neutral': 0.999996542930603, 'Other': 1.687085848800507e-08, 'Sad': 1.2504962114689988e-06, 'Surprised': 8.884525470875815e-08, 'Unknown': 4.291171418202566e-09}",(frustrated noise)
ORION,00:16:27,00:16:28,Neutral,"{'Angry': 6.0754973674193025e-06, 'Disgusted': 9.578643584973179e-07, 'Fearful': 1.6838536964769446e-07, 'Happy': 0.00028408586513251066, 'Neutral': 0.9996862411499023, 'Other': 1.3889547290091286e-07, 'Sad': 1.835535658756271e-05, 'Surprised': 4.093860297871288e-06, 'Unknown': 1.5401056430164317e-08}",Sorry about that.
SAM,00:16:28,00:16:32,Sad,"{'Angry': 2.357857511015027e-06, 'Disgusted': 3.911879957740894e-06, 'Fearful': 5.5479136790381745e-05, 'Happy': 4.3484960770001635e-06, 'Neutral': 1.0312585800420493e-05, 'Other': 2.7808553682007187e-07, 'Sad': 0.9999158382415771, 'Surprised': 7.48300772102084e-06, 'Unknown': 8.760970615639962e-08}","I mean, I was having a fun time, but I would've dropped everything to be with Pike."
ORION,00:16:32,00:16:37,Happy,"{'Angry': 9.953865287570807e-09, 'Disgusted': 4.456539670627535e-08, 'Fearful': 2.626128114968651e-08, 'Happy': 0.9999995231628418, 'Neutral': 1.4706293427479977e-07, 'Other': 1.835684138029592e-08, 'Sad': 1.2373587310321454e-07, 'Surprised': 2.5854040686112967e-08, 'Unknown': 8.365228865159224e-08}","Well, a Stormwind likes to finish a sentence, and I apparently need to start a sentence correctly for you to hold your attention long enough."
SAM,00:16:37,00:16:41,Neutral,"{'Angry': 8.980399434221908e-05, 'Disgusted': 0.00032722274772822857, 'Fearful': 5.90394192840904e-05, 'Happy': 0.021036529913544655, 'Neutral': 0.9747378826141357, 'Other': 0.00021923590975347906, 'Sad': 0.00017466480494476855, 'Surprised': 1.445955513190711e-05, 'Unknown': 0.003341222647577524}",Don't bury the lede. Pike first. Always Pike first.
ORION,00:16:41,00:16:42,Neutral,"{'Angry': 5.16284580953652e-06, 'Disgusted': 1.1439011359470896e-05, 'Fearful': 2.0033002101627062e-07, 'Happy': 1.0449962246639188e-05, 'Neutral': 0.999969482421875, 'Other': 4.754755025260238e-07, 'Sad': 2.3329876057687216e-06, 'Surprised': 3.3414022482247674e-07, 'Unknown': 2.046809299827146e-07}",Right. Sorry.
SAM,00:16:42,00:16:43,Neutral,"{'Angry': 0.00042486394522711635, 'Disgusted': 6.589901204279158e-06, 'Fearful': 6.703402846142126e-07, 'Happy': 2.507211684132926e-05, 'Neutral': 0.9995332956314087, 'Other': 5.802507416774461e-07, 'Sad': 6.739572654623771e-06, 'Surprised': 9.149193829216529e-07, 'Unknown': 1.2911453950437135e-06}",I wasn't even in a brothel.
LAURA,00:16:43,00:16:45,Neutral,"{'Angry': 4.723692654806655e-06, 'Disgusted': 1.0439491234137677e-05, 'Fearful': 1.8208263554697623e-06, 'Happy': 0.00023418120690621436, 'Neutral': 0.9997021555900574, 'Other': 7.293306680367095e-06, 'Sad': 9.50669709709473e-06, 'Surprised': 3.6900207760481862e-06, 'Unknown': 2.611051604617387e-05}","Oh, you weren't?"
SAM,00:16:45,00:16:49,Neutral,"{'Angry': 3.309273233753629e-05, 'Disgusted': 1.0594810191832948e-05, 'Fearful': 2.0583295281539904e-06, 'Happy': 0.0006749916356056929, 'Neutral': 0.9992350339889526, 'Other': 5.973527549940627e-06, 'Sad': 2.3647422494832426e-05, 'Surprised': 4.095225904166e-06, 'Unknown': 1.0509804269531742e-05}","I walked toward the brothel, but then I bumped into Zahra. Remember Zahra?"
TALIESIN,00:16:49,00:16:50,Happy,"{'Angry': 0.0004018956678919494, 'Disgusted': 0.0002841047535184771, 'Fearful': 2.394274815742392e-05, 'Happy': 0.9869018197059631, 'Neutral': 0.008421894162893295, 'Other': 1.4468719200522173e-05, 'Sad': 0.0037805172614753246, 'Surprised': 0.0001680434070294723, 'Unknown': 3.412138994463021e-06}","Oh, Zahra!"
SAM,00:16:50,00:17:07,Neutral,"{'Angry': 4.2888289491019305e-13, 'Disgusted': 1.5849739801328776e-14, 'Fearful': 3.9933567351046594e-15, 'Happy': 5.459484860720343e-13, 'Neutral': 1.0, 'Other': 2.349024380094095e-15, 'Sad': 1.8101541316220549e-12, 'Surprised': 1.6218001605301097e-13, 'Unknown': 1.2304768850699126e-14}","She invited me over. We talked all night. One thing led to another-- nothing untoward-- but we just had a nice slumber party. It was lovely. It was me and a couple of tieflings. Three, I think. We were doing each other's hair, telling stories, playing songs. It was wonderful!"
TRAVIS,00:17:07,00:17:10,Neutral,"{'Angry': 1.3124136326314595e-11, 'Disgusted': 1.036342344405694e-12, 'Fearful': 4.871341502919735e-13, 'Happy': 2.0156336669185926e-11, 'Neutral': 1.0, 'Other': 7.052627389427316e-14, 'Sad': 6.438829330823737e-11, 'Surprised': 5.646731346398148e-12, 'Unknown': 8.877758012233727e-13}",Can I roll to see if he's bullshitting?
MATT,00:17:10,00:17:12,Neutral,"{'Angry': 1.290097195738582e-10, 'Disgusted': 2.751788380495057e-11, 'Fearful': 1.0000477876359604e-11, 'Happy': 3.196293230089964e-10, 'Neutral': 1.0, 'Other': 3.4287587959841437e-12, 'Sad': 6.061843804694433e-10, 'Surprised': 2.53516790893471e-11, 'Unknown': 2.79189379948086e-11}",You can go ahead and make a-- this would be an insight.
TRAVIS,00:17:12,00:17:18,Neutral,"{'Angry': 1.8338355833869002e-10, 'Disgusted': 6.627817739079944e-11, 'Fearful': 2.8388687234315313e-11, 'Happy': 6.664595542105189e-10, 'Neutral': 1.0, 'Other': 1.1624944930288539e-11, 'Sad': 6.4846967795517685e-09, 'Surprised': 5.2253642385258203e-11, 'Unknown': 2.5349115168049607e-11}",Yeah! Grog insight check! Modifier is zero! That's a nine. (laughter)
MATT,00:17:18,00:17:26,Neutral,"{'Angry': 8.760043200811002e-14, 'Disgusted': 3.5452943054572637e-15, 'Fearful': 5.862840717769902e-16, 'Happy': 1.2652028133931098e-13, 'Neutral': 1.0, 'Other': 6.664053947138073e-16, 'Sad': 2.6700996557001144e-13, 'Surprised': 4.865070951892529e-14, 'Unknown': 2.5128394933018926e-15}",You are enthralled by his tale. Your elbows are on the edge of the bedspread right now with your hands clasped--
TRAVIS,00:17:26,00:17:28,Neutral,"{'Angry': 6.87600998361404e-09, 'Disgusted': 3.58926488530642e-09, 'Fearful': 7.547366620563878e-10, 'Happy': 2.3285512895654392e-07, 'Neutral': 0.9999997615814209, 'Other': 4.946532072835907e-10, 'Sad': 4.327789326907805e-08, 'Surprised': 1.184921716301801e-09, 'Unknown': 5.556933246886331e-10}","Are my feet behind me, crisscrossing?"
MATT,00:17:28,00:17:31,Neutral,"{'Angry': 1.0612550795485731e-05, 'Disgusted': 9.644792953622527e-06, 'Fearful': 1.2702165804512333e-05, 'Happy': 5.4466505389427766e-05, 'Neutral': 0.9997739195823669, 'Other': 2.208585783591843e-06, 'Sad': 0.00011570457718335092, 'Surprised': 1.956191954377573e-05, 'Unknown': 1.2106149824830936e-06}",You are this close to a breakdown from Grease. It's pretty fantastic.
TRAVIS,00:17:31,00:17:34,Happy,"{'Angry': 8.312636623486469e-07, 'Disgusted': 1.2905520634376444e-06, 'Fearful': 1.7596835277799983e-07, 'Happy': 0.9999500513076782, 'Neutral': 3.936536450055428e-05, 'Other': 9.820694657491913e-08, 'Sad': 6.424122602766147e-06, 'Surprised': 1.6299334220093442e-06, 'Unknown': 5.7468007241823216e-08}","(singing) Tell me more, tell me more..."
SAM,00:17:34,00:17:39,Happy,"{'Angry': 6.578910688403994e-05, 'Disgusted': 0.0002968974004033953, 'Fearful': 5.32857229700312e-05, 'Happy': 0.9499371647834778, 'Neutral': 0.04516462981700897, 'Other': 0.0002387166750850156, 'Sad': 0.00041999935638159513, 'Surprised': 1.4203001228452194e-05, 'Unknown': 0.0038094157353043556}",It was great. We had a great PG night.
MARISHA,00:17:39,00:17:43,Neutral,"{'Angry': 6.791131546002305e-10, 'Disgusted': 3.430397632619986e-10, 'Fearful': 8.699514719712198e-11, 'Happy': 8.860706834923349e-09, 'Neutral': 1.0, 'Other': 1.2162784668312554e-10, 'Sad': 8.245880422919072e-09, 'Surprised': 2.117247765998087e-10, 'Unknown': 1.1393148924287999e-10}",Sounds like exactly what you needed.
LAURA,00:17:43,00:17:46,Neutral,"{'Angry': 5.720885223881034e-11, 'Disgusted': 1.3603075263435294e-11, 'Fearful': 5.416454177537e-12, 'Happy': 3.805703252535153e-10, 'Neutral': 1.0, 'Other': 2.2410562988683935e-12, 'Sad': 6.105718153293083e-10, 'Surprised': 1.8346952429526553e-11, 'Unknown': 1.3615534047439759e-11}","Well, then. That sounds like a wonderful time. It's all right that you missed Pike."
SAM,00:17:46,00:17:57,Neutral,"{'Angry': 3.6031637742905964e-12, 'Disgusted': 3.2971520479152527e-13, 'Fearful': 1.1713919493682584e-13, 'Happy': 6.918440646763724e-12, 'Neutral': 1.0, 'Other': 3.83615868563246e-14, 'Sad': 3.232297068889167e-11, 'Surprised': 2.7430356163565817e-12, 'Unknown': 1.7317135952207158e-13}","Yeah, except I would have dropped everything to come to see the woman I love, the woman of my dreams, the woman I will marry and bear children with. I don't know if she'll bear mine or I'll bear hers."
ORION,00:17:57,00:17:59,Neutral,"{'Angry': 9.103837475543664e-12, 'Disgusted': 2.980939334349536e-13, 'Fearful': 7.51752718235188e-14, 'Happy': 7.947992958223793e-12, 'Neutral': 1.0, 'Other': 1.1909324743009878e-14, 'Sad': 1.481553595084062e-11, 'Surprised': 2.5574538146944104e-12, 'Unknown': 6.686188739170665e-14}",Yes. How does it work with gnomes?
SAM,00:17:59,00:18:01,Neutral,"{'Angry': 5.747303132540293e-13, 'Disgusted': 1.883402660988586e-14, 'Fearful': 4.624464466961367e-15, 'Happy': 6.505843498476327e-13, 'Neutral': 1.0, 'Other': 2.1573545884158397e-15, 'Sad': 1.9191963556569602e-12, 'Surprised': 1.753350069300108e-13, 'Unknown': 1.3387408247396947e-14}","Gnomes, it's tricky."
ORION,00:18:01,00:18:03,Neutral,"{'Angry': 3.754007955186767e-12, 'Disgusted': 2.0965209277835906e-13, 'Fearful': 6.878591256699942e-14, 'Happy': 6.32405109182721e-12, 'Neutral': 1.0, 'Other': 1.3040052741222167e-14, 'Sad': 1.7491230686061954e-11, 'Surprised': 1.2532068481910241e-12, 'Unknown': 8.71130763553142e-14}","Yes, I've never seen a gnome birth, before."
SAM,00:18:03,00:18:05,Neutral,"{'Angry': 5.382560716582496e-12, 'Disgusted': 1.8215759304586465e-13, 'Fearful': 4.385612017857379e-14, 'Happy': 7.520976029462556e-12, 'Neutral': 1.0, 'Other': 9.566783129577594e-15, 'Sad': 1.3150446877274735e-11, 'Surprised': 1.429403795848161e-12, 'Unknown': 5.047789511142438e-14}",You never know.
TALIESIN,00:18:05,00:18:06,Neutral,"{'Angry': 3.0770274861424696e-07, 'Disgusted': 3.0566243935936654e-07, 'Fearful': 1.8919799060768128e-08, 'Happy': 1.2812221257263445e-06, 'Neutral': 0.9999974966049194, 'Other': 3.344369758906396e-08, 'Sad': 3.0112278182059526e-07, 'Surprised': 1.977381103301923e-08, 'Unknown': 1.9772802772877185e-07}",Would it help if there were trolls?
SAM,00:18:06,00:18:08,Neutral,"{'Angry': 2.5156439431572863e-12, 'Disgusted': 1.231008025549818e-13, 'Fearful': 4.085610905038388e-14, 'Happy': 3.602998758719944e-12, 'Neutral': 1.0, 'Other': 9.8919497606661e-15, 'Sad': 8.294198661218388e-12, 'Surprised': 9.923973535302943e-13, 'Unknown': 7.350993051031748e-14}","Oh, don't get me started."
TALIESIN,00:18:08,00:18:15,Neutral,"{'Angry': 2.410800292035331e-12, 'Disgusted': 1.1040010594078054e-13, 'Fearful': 2.756096640786545e-14, 'Happy': 2.6258886558216954e-12, 'Neutral': 1.0, 'Other': 9.46275986035824e-15, 'Sad': 5.7409623929749465e-12, 'Surprised': 8.73417169752061e-13, 'Unknown': 7.657526143126786e-14}","All right, so if there were trolls, it would be better that you missed everything. There weren't trolls, but if there had been, it would have been better."
SAM,00:18:15,00:18:16,Neutral,"{'Angry': 3.834376911981963e-06, 'Disgusted': 3.532873233780265e-05, 'Fearful': 7.198073490144452e-06, 'Happy': 5.543395673157647e-05, 'Neutral': 0.9997621178627014, 'Other': 4.812349743588129e-06, 'Sad': 2.1915619072387926e-05, 'Surprised': 8.964649822473802e-08, 'Unknown': 0.00010925732203759253}","Well, at least we're all together again."
MARISHA,00:18:16,00:18:18,Neutral,"{'Angry': 6.738151009377802e-11, 'Disgusted': 2.0154797969462734e-11, 'Fearful': 4.206856651228774e-12, 'Happy': 2.535966991956684e-10, 'Neutral': 1.0, 'Other': 1.443824985784825e-12, 'Sad': 5.113871548445559e-10, 'Surprised': 3.132001602512702e-11, 'Unknown': 2.9502999435854216e-12}",We got to meet my family!
SAM,00:18:18,00:18:19,Neutral,"{'Angry': 0.0002587235067039728, 'Disgusted': 0.00012429196794983, 'Fearful': 0.0002454044879414141, 'Happy': 0.0005888146697543561, 'Neutral': 0.6489677429199219, 'Other': 1.7372401998727582e-05, 'Sad': 0.3497565984725952, 'Surprised': 1.8912242012447678e-05, 'Unknown': 2.2135336621431634e-05}","Wait, what?!"
MARISHA,00:18:19,00:18:20,Neutral,"{'Angry': 2.949266502128012e-07, 'Disgusted': 1.3179499092075275e-07, 'Fearful': 6.398996443834903e-09, 'Happy': 1.1517555549289682e-06, 'Neutral': 0.9999979734420776, 'Other': 1.853451792044325e-08, 'Sad': 3.1279301992981345e-07, 'Surprised': 3.155643568675259e-08, 'Unknown': 1.1801678745371191e-08}",Yeah!
SAM,00:18:20,00:18:21,Neutral,"{'Angry': 3.5046145058004186e-05, 'Disgusted': 2.6541019906289876e-05, 'Fearful': 1.287861232412979e-05, 'Happy': 0.00021118868608027697, 'Neutral': 0.9992891550064087, 'Other': 2.005752548939199e-06, 'Sad': 0.0004072097653988749, 'Surprised': 1.5390354747069068e-05, 'Unknown': 6.274879069678718e-07}",I missed everything.
LAURA,00:18:21,00:18:25,Neutral,"{'Angry': 6.34652375097744e-09, 'Disgusted': 8.437429643848304e-10, 'Fearful': 1.342699562645322e-10, 'Happy': 8.165730314146913e-09, 'Neutral': 1.0, 'Other': 2.733428761114709e-10, 'Sad': 2.2434814894722876e-08, 'Surprised': 4.519108698364249e-10, 'Unknown': 7.522576450647023e-10}",What did you do for all the days we've been gone now?
SAM,00:18:25,00:18:40,Sad,"{'Angry': 0.0017894176999107003, 'Disgusted': 0.007243351545184851, 'Fearful': 0.0017639967845752835, 'Happy': 0.12610331177711487, 'Neutral': 0.09581584483385086, 'Other': 0.02540529891848564, 'Sad': 0.681283712387085, 'Surprised': 0.0010367140639573336, 'Unknown': 0.059558380395174026}","This was a long slumber party. We just kept going and going, and at one point, I was like, okay, I'll see you-- oh, there's another meal? Okay, I'll stick around for another day. And we just kept going."
TRAVIS,00:18:40,00:18:42,Happy,"{'Angry': 6.753166985618009e-07, 'Disgusted': 2.920523684224463e-06, 'Fearful': 1.8262753656017594e-06, 'Happy': 0.9999761581420898, 'Neutral': 9.655276699049864e-06, 'Other': 3.3767526019801153e-07, 'Sad': 4.213221018289914e-06, 'Surprised': 3.894389919878449e-06, 'Unknown': 3.697996078244614e-07}",Did you do nails?
SAM,00:18:42,00:18:45,Happy,"{'Angry': 4.914895712637701e-10, 'Disgusted': 1.3419757527444176e-09, 'Fearful': 7.38075045525477e-10, 'Happy': 1.0, 'Neutral': 3.3708194013826187e-09, 'Other': 2.5499552469554487e-10, 'Sad': 2.7369047028713567e-09, 'Surprised': 2.2376940300716797e-09, 'Unknown': 2.7657551249227197e-10}",We did. Not my hands. Just my toenails.
LAURA,00:18:45,00:18:46,Surprised,"{'Angry': 0.014969689771533012, 'Disgusted': 0.0032647522166371346, 'Fearful': 0.0005790007999166846, 'Happy': 0.011507363989949226, 'Neutral': 0.3279760181903839, 'Other': 2.0184044842608273e-05, 'Sad': 0.002906825626268983, 'Surprised': 0.6387519836425781, 'Unknown': 2.4190776457544416e-05}",All right.
SAM,00:18:46,00:18:52,Neutral,"{'Angry': 2.4302992187585915e-06, 'Disgusted': 1.9816068288491806e-06, 'Fearful': 2.2560668639926007e-06, 'Happy': 4.0717732190387323e-05, 'Neutral': 0.9999196529388428, 'Other': 1.6305353938150802e-06, 'Sad': 2.8067930543329567e-05, 'Surprised': 1.2509260614024242e-06, 'Unknown': 2.134467877112911e-06}",We braided hair. We connected.
LAURA,00:18:52,00:18:53,Sad,"{'Angry': 4.3128864923858146e-09, 'Disgusted': 2.5015701510255894e-08, 'Fearful': 5.066245876150788e-07, 'Happy': 1.4384386304300278e-07, 'Neutral': 1.3382721419930022e-07, 'Other': 3.249978508534923e-09, 'Sad': 0.9999991655349731, 'Surprised': 2.2731658333441374e-08, 'Unknown': 3.085668831559474e-09}",That's wonderful.
TRAVIS,00:18:53,00:18:54,Sad,"{'Angry': 2.2569065549760126e-05, 'Disgusted': 0.000141387979965657, 'Fearful': 0.00015351998445112258, 'Happy': 0.004686105065047741, 'Neutral': 0.028301933780312538, 'Other': 2.766190482361708e-05, 'Sad': 0.9665917158126831, 'Surprised': 6.327864684863016e-05, 'Unknown': 1.1858121979457792e-05}",Connected.
SAM,00:18:54,00:19:00,Neutral,"{'Angry': 3.8176093397623845e-08, 'Disgusted': 3.232130296737523e-08, 'Fearful': 1.6842145456053004e-08, 'Happy': 8.423663757639588e-07, 'Neutral': 0.9999983310699463, 'Other': 2.0571295777926935e-08, 'Sad': 6.917634891578928e-07, 'Surprised': 1.7130947327359536e-08, 'Unknown': 1.9806705608971242e-08}","Well, at least we're all back. We can get on the flying carpet and go somewhere fun."
LAURA,00:19:00,00:19:01,Neutral,"{'Angry': 1.8898444977821782e-05, 'Disgusted': 7.473349796782713e-06, 'Fearful': 5.243731266091345e-06, 'Happy': 0.0004806653596460819, 'Neutral': 0.9994094371795654, 'Other': 9.128764872912143e-07, 'Sad': 3.6415407521417364e-05, 'Surprised': 4.0422281017526984e-05, 'Unknown': 5.34980472366442e-07}",Oh no.
TRAVIS,00:19:01,00:19:06,Neutral,"{'Angry': 0.0012312307953834534, 'Disgusted': 0.0025016367435455322, 'Fearful': 0.0013345772167667747, 'Happy': 0.0002992755325976759, 'Neutral': 0.9851927757263184, 'Other': 0.006428415421396494, 'Sad': 0.0009903450263664126, 'Surprised': 0.0011068392777815461, 'Unknown': 0.0009149507968686521}",Who wants to--
LAURA,00:19:06,00:19:10,Neutral,"{'Angry': 2.0885840967821423e-07, 'Disgusted': 4.982226187166816e-07, 'Fearful': 2.490779422714695e-07, 'Happy': 7.372190111709642e-07, 'Neutral': 0.9999939203262329, 'Other': 9.383725796396902e-08, 'Sad': 3.465207328190445e-06, 'Surprised': 8.089569547564679e-08, 'Unknown': 7.12569203642488e-07}","Scanlan, you've missed everything!"
TRAVIS,00:19:10,00:19:14,Neutral,"{'Angry': 3.70835869336391e-14, 'Disgusted': 1.5580331443333889e-15, 'Fearful': 2.238915602665193e-16, 'Happy': 4.645835447033772e-14, 'Neutral': 1.0, 'Other': 4.983535815225213e-16, 'Sad': 1.1798656669725904e-13, 'Surprised': 2.333632351486474e-14, 'Unknown': 1.3217913143003098e-15}",Maybe we should let Keyleth explain where the flying carpet went.
TALIESIN,00:19:14,00:19:16,Neutral,"{'Angry': 4.1329883959662084e-11, 'Disgusted': 8.208959553779316e-12, 'Fearful': 2.1200580353764042e-12, 'Happy': 5.447863271612619e-10, 'Neutral': 1.0, 'Other': 6.920350794151209e-13, 'Sad': 4.014582277722667e-10, 'Surprised': 1.4728362626725833e-11, 'Unknown': 1.895542316859844e-12}","Yes, Keyleth. Where is the flying carpet?"
MARISHA,00:19:16,00:19:18,Neutral,"{'Angry': 8.970963891446332e-14, 'Disgusted': 3.3736130090265522e-15, 'Fearful': 5.796239046522889e-16, 'Happy': 1.1768538888626973e-13, 'Neutral': 1.0, 'Other': 6.576172690673664e-16, 'Sad': 2.6154255085460154e-13, 'Surprised': 4.873411177104374e-14, 'Unknown': 2.4419000604528713e-15}",Why do I have to explain it?
TRAVIS,00:19:18,00:19:21,Neutral,"{'Angry': 4.3111603176271274e-10, 'Disgusted': 3.051716379598446e-10, 'Fearful': 1.2931224147028075e-10, 'Happy': 3.3992921810721555e-09, 'Neutral': 1.0, 'Other': 3.5602978898374715e-11, 'Sad': 1.2649116420959672e-08, 'Surprised': 1.4189363573002822e-10, 'Unknown': 2.4530538711431404e-10}","You're right. Tiberius, where did the flying carpet go?"
ORION,00:19:21,00:19:25,Neutral,"{'Angry': 1.1385988723036644e-12, 'Disgusted': 4.0939965312162055e-14, 'Fearful': 1.1150578886880841e-14, 'Happy': 1.3688593444513564e-12, 'Neutral': 1.0, 'Other': 3.730519023439861e-15, 'Sad': 3.731221928648942e-12, 'Surprised': 3.186415161674644e-13, 'Unknown': 2.930656070468732e-14}",It's right here. I open my Bag of Holding. (swoosh) It just doesn't fly anymore.
SAM,00:19:25,00:19:26,Neutral,"{'Angry': 0.0023248407524079084, 'Disgusted': 0.00032704128534533083, 'Fearful': 1.9205559510737658e-05, 'Happy': 0.00024508839123882353, 'Neutral': 0.9922755360603333, 'Other': 2.0110370314796455e-05, 'Sad': 0.004753311164677143, 'Surprised': 1.3414152817858849e-05, 'Unknown': 2.158326424250845e-05}",You have a Bag of Holding?
ORION,00:19:26,00:19:31,Neutral,"{'Angry': 3.685087391486208e-12, 'Disgusted': 3.074620094113689e-13, 'Fearful': 6.933651108776903e-14, 'Happy': 5.017729721307207e-12, 'Neutral': 1.0, 'Other': 3.4527881855733744e-14, 'Sad': 1.784758105194406e-11, 'Surprised': 1.6195444508051993e-12, 'Unknown': 9.035944871027893e-14}",I went to Draconia for like two minutes and picked one up.
SAM,00:19:31,00:19:32,Neutral,"{'Angry': 0.00048249162500724196, 'Disgusted': 0.0008266665390692651, 'Fearful': 1.0368304174335208e-05, 'Happy': 0.0003722202964127064, 'Neutral': 0.9963142275810242, 'Other': 2.2844875275040977e-05, 'Sad': 0.0017686636419966817, 'Surprised': 0.00020084873540326953, 'Unknown': 1.5820145335965208e-06}",That's really far.
ORION,00:19:32,00:19:36,Neutral,"{'Angry': 2.1665629360012595e-11, 'Disgusted': 1.9145167222400783e-12, 'Fearful': 6.116432230487967e-13, 'Happy': 3.648504762199245e-11, 'Neutral': 1.0, 'Other': 1.5085559212403565e-13, 'Sad': 6.589774559362382e-11, 'Surprised': 5.865134766747104e-12, 'Unknown': 1.039380929414302e-12}","Oh. Well, I teleported. I went there, came back."
LAURA,00:19:36,00:19:47,Neutral,"{'Angry': 6.226557491178022e-14, 'Disgusted': 2.65751187365998e-15, 'Fearful': 4.4293552450612266e-16, 'Happy': 8.241629899157984e-14, 'Neutral': 1.0, 'Other': 5.929190396715108e-16, 'Sad': 2.045210788920171e-13, 'Surprised': 3.7043363033039886e-14, 'Unknown': 1.915558233952022e-15}","So they killed the carpet. It lives no more. They also spent a lot of money. But hey, they didn't die, and that's a good thing."
SAM,00:19:47,00:19:48,Neutral,"{'Angry': 0.0004060378414578736, 'Disgusted': 0.00019803116447292268, 'Fearful': 5.687502198270522e-05, 'Happy': 0.1687345653772354, 'Neutral': 0.825699508190155, 'Other': 0.00013226941518951207, 'Sad': 0.0024225113447755575, 'Surprised': 0.002335224999114871, 'Unknown': 1.501172755524749e-05}",That is a good thing.
MARISHA,00:19:48,00:19:50,Sad,"{'Angry': 0.00047763032489456236, 'Disgusted': 0.0019057472236454487, 'Fearful': 0.0009498673025518656, 'Happy': 0.0010541030205786228, 'Neutral': 0.26190149784088135, 'Other': 2.7073601813754067e-05, 'Sad': 0.7335314154624939, 'Surprised': 9.465317998547107e-05, 'Unknown': 5.794691969640553e-05}",And we fought a devil.
LAURA,00:19:50,00:19:51,Fearful,"{'Angry': 0.004394731018692255, 'Disgusted': 0.0021117310971021652, 'Fearful': 0.6909308433532715, 'Happy': 0.007941648364067078, 'Neutral': 0.06048339605331421, 'Other': 0.00021074902906548232, 'Sad': 0.1459951102733612, 'Surprised': 0.08790870755910873, 'Unknown': 2.3100015823729336e-05}",A demon.
SAM,00:19:51,00:19:53,Angry,"{'Angry': 0.4852053225040436, 'Disgusted': 0.014057294465601444, 'Fearful': 0.028940221294760704, 'Happy': 0.006530954036861658, 'Neutral': 0.00996857788413763, 'Other': 3.819680932792835e-05, 'Sad': 0.4496067464351654, 'Surprised': 0.005603930912911892, 'Unknown': 4.869524491368793e-05}",Whoa! The devil?
ORION,00:19:53,00:19:55,Angry,"{'Angry': 0.7126938700675964, 'Disgusted': 0.019189516082406044, 'Fearful': 0.002103340346366167, 'Happy': 0.005477788858115673, 'Neutral': 0.23916806280612946, 'Other': 4.217874084133655e-05, 'Sad': 0.019878147169947624, 'Surprised': 0.0013841686304658651, 'Unknown': 6.29723072052002e-05}","No, a rakshasa."
TALIESIN,00:19:55,00:20:00,Neutral,"{'Angry': 2.4413857602212374e-09, 'Disgusted': 1.7003713992380654e-09, 'Fearful': 1.1510440517392695e-10, 'Happy': 3.4801557191599386e-09, 'Neutral': 0.9999998807907104, 'Other': 3.1790500787387543e-10, 'Sad': 7.503124521690552e-08, 'Surprised': 2.3620636002696926e-10, 'Unknown': 1.1186991333289598e-09}",It seems that an enormous amount of alcohol has given you some perspective. I'm very proud of you. Well done.
LAURA,00:20:00,00:20:01,Neutral,"{'Angry': 4.07825100410264e-05, 'Disgusted': 5.2980372856836766e-05, 'Fearful': 8.203283869079314e-06, 'Happy': 0.0011469201417639852, 'Neutral': 0.9983692765235901, 'Other': 6.184653784657712e-07, 'Sad': 0.0003269804292358458, 'Surprised': 5.4174321121536195e-05, 'Unknown': 2.1177127962346276e-07}",Thank you.
SAM,00:20:01,00:20:09,Neutral,"{'Angry': 1.4078959331698115e-08, 'Disgusted': 1.4488960253800087e-08, 'Fearful': 4.3098374868932865e-10, 'Happy': 3.5278824306317347e-09, 'Neutral': 0.9999983310699463, 'Other': 6.358089749136653e-11, 'Sad': 1.6767016859375872e-06, 'Surprised': 3.8150234082934276e-09, 'Unknown': 4.3053303977469426e-12}","Well, thank you for catching me up, fellows. What's our mission now? What are we doing now?"
LAURA,00:20:09,00:20:11,Fearful,"{'Angry': 0.0015786109725013375, 'Disgusted': 0.000585708417929709, 'Fearful': 0.9789328575134277, 'Happy': 0.008166900835931301, 'Neutral': 0.003724095644429326, 'Other': 6.2232493291958235e-06, 'Sad': 0.0067305006086826324, 'Surprised': 0.00026854738825932145, 'Unknown': 6.4702053350629285e-06}",That is a good question.
ORION,00:20:11,00:20:18,Neutral,"{'Angry': 0.00010824934724951163, 'Disgusted': 2.5842402465059422e-05, 'Fearful': 1.835162220231723e-05, 'Happy': 0.0012770183384418488, 'Neutral': 0.9969335794448853, 'Other': 9.928275176207535e-06, 'Sad': 0.001587134669534862, 'Surprised': 1.775983218976762e-05, 'Unknown': 2.2161419110489078e-05}","I have a suggestion. First I'm going to bring up Lockheed. Keyleth, if you think you could help?"
SAM,00:20:18,00:20:24,Neutral,"{'Angry': 2.0855181730866645e-12, 'Disgusted': 1.2348977363688812e-13, 'Fearful': 3.231798983700622e-14, 'Happy': 2.8335983733029924e-12, 'Neutral': 1.0, 'Other': 1.5170556596968282e-14, 'Sad': 8.126578403266915e-12, 'Surprised': 7.65880035173e-13, 'Unknown': 1.0348624355453057e-13}",What? I was gone for a day! There's a dragon now?
ORION,00:20:24,00:20:29,Sad,"{'Angry': 0.003295289818197489, 'Disgusted': 0.04586226865649223, 'Fearful': 0.08533082157373428, 'Happy': 0.22565634548664093, 'Neutral': 0.017322449013590813, 'Other': 0.004144272767007351, 'Sad': 0.5779389142990112, 'Surprised': 0.03880691155791283, 'Unknown': 0.0016427638474851847}",I'm going to take him out of his cage and put him on the table here.
MARISHA,00:20:29,00:20:33,Neutral,"{'Angry': 0.0027506817132234573, 'Disgusted': 0.014568435959517956, 'Fearful': 0.0012998983729630709, 'Happy': 0.3027304410934448, 'Neutral': 0.6588149070739746, 'Other': 0.004160769749432802, 'Sad': 0.006388672161847353, 'Surprised': 0.005755606107413769, 'Unknown': 0.003530525602400303}","Aw, he's got puppy breath. Oh, yes you do. Yes you do."
MATT,00:20:33,00:20:35,Neutral,"{'Angry': 4.138670647080289e-06, 'Disgusted': 5.688762030331418e-06, 'Fearful': 2.6148509277845733e-06, 'Happy': 5.272008365864167e-06, 'Neutral': 0.9997195601463318, 'Other': 1.1070687833125703e-06, 'Sad': 4.421881840244168e-06, 'Surprised': 0.00025702567654661834, 'Unknown': 1.0633522151692887e-07}",It is slightly worse than puppy breath.
MARISHA,00:20:35,00:20:38,Neutral,"{'Angry': 1.0042442951437719e-13, 'Disgusted': 4.096970463894015e-15, 'Fearful': 7.198335331090892e-16, 'Happy': 1.4227093353240405e-13, 'Neutral': 1.0, 'Other': 7.398754973114284e-16, 'Sad': 3.0015071916626723e-13, 'Surprised': 5.6415795971452576e-14, 'Unknown': 2.900436687767777e-15}",You want me to cure him of poison?
ORION,00:20:38,00:20:48,Neutral,"{'Angry': 1.5808936191380463e-12, 'Disgusted': 8.113128224795929e-14, 'Fearful': 2.1101237348154084e-14, 'Happy': 2.3664674820428333e-12, 'Neutral': 1.0, 'Other': 8.42791853287398e-15, 'Sad': 6.502844703687449e-12, 'Surprised': 6.362764590379932e-13, 'Unknown': 5.436496657582404e-14}",He's diseased. You can maybe see if you could perhaps use your medicine strengths to see what the problem is.
MARISHA,00:20:48,00:20:52,Neutral,"{'Angry': 6.228885137717077e-14, 'Disgusted': 2.9673728311498376e-15, 'Fearful': 4.811579127207526e-16, 'Happy': 9.392831700144946e-14, 'Neutral': 1.0, 'Other': 8.29509953157977e-16, 'Sad': 2.1187149528301835e-13, 'Surprised': 4.119854414216806e-14, 'Unknown': 2.7249160027453985e-15}","I mean, the Heroes' Feast would have worked."
ORION,00:20:52,00:20:55,Neutral,"{'Angry': 1.5293422084283748e-10, 'Disgusted': 4.5344231841548677e-11, 'Fearful': 1.344780016510061e-11, 'Happy': 9.742738837914544e-10, 'Neutral': 1.0, 'Other': 7.8557256186218e-12, 'Sad': 1.8314559868670699e-09, 'Surprised': 4.605742176533312e-11, 'Unknown': 3.7377840406138674e-11}","Yes, I know. That's why I asked earlier as the other guy."
LAURA,00:20:55,00:21:01,Neutral,"{'Angry': 9.530003739280368e-13, 'Disgusted': 3.32378337364065e-14, 'Fearful': 8.710821608026286e-15, 'Happy': 1.1529634668869249e-12, 'Neutral': 1.0, 'Other': 3.3529826745632265e-15, 'Sad': 3.085466777907886e-12, 'Surprised': 2.876847523224091e-13, 'Unknown': 2.2993597043746705e-14}",We did not have him with us then? We didn't have him with us when we had the feast?
ORION,00:21:01,00:21:02,Neutral,"{'Angry': 7.708357563362966e-11, 'Disgusted': 7.412216673774452e-12, 'Fearful': 2.0615672797347218e-12, 'Happy': 4.419748178552396e-10, 'Neutral': 1.0, 'Other': 6.428404900407636e-13, 'Sad': 3.046813634721701e-10, 'Surprised': 1.724207408793088e-11, 'Unknown': 2.791786116521089e-12}",No.
LAURA,00:21:02,00:21:06,Neutral,"{'Angry': 4.8024887696175925e-14, 'Disgusted': 1.4786767450875016e-15, 'Fearful': 2.5480805108306446e-16, 'Happy': 5.4565665950478265e-14, 'Neutral': 1.0, 'Other': 3.2111627835341365e-16, 'Sad': 1.6546330549194882e-13, 'Surprised': 2.460997307633314e-14, 'Unknown': 8.818743240506259e-16}",You didn't think of him at the time?
ORION,00:21:06,00:21:08,Neutral,"{'Angry': 8.118956028313473e-12, 'Disgusted': 8.404907087151969e-13, 'Fearful': 2.4970086762166055e-13, 'Happy': 1.3133450924018852e-11, 'Neutral': 1.0, 'Other': 5.751335415945039e-14, 'Sad': 5.574522093931833e-11, 'Surprised': 3.5561694648050812e-12, 'Unknown': 1.9094394034663287e-13}","I said I fed him, but I didn't say what I fed him."
TALIESIN,00:21:08,00:21:12,Neutral,"{'Angry': 3.1327765902255944e-12, 'Disgusted': 1.272004420196926e-13, 'Fearful': 3.808396672566432e-14, 'Happy': 3.772317961475702e-12, 'Neutral': 1.0, 'Other': 9.188676092252747e-15, 'Sad': 9.448633715714028e-12, 'Surprised': 9.432423375352328e-13, 'Unknown': 5.949768808058767e-14}",I have a strange thought.
LAURA,00:21:12,00:21:13,Neutral,"{'Angry': 8.082364502115524e-07, 'Disgusted': 1.6643319895592867e-06, 'Fearful': 2.910336718286999e-07, 'Happy': 0.0001244833110831678, 'Neutral': 0.9998595714569092, 'Other': 2.1829337129020132e-06, 'Sad': 3.447921699262224e-06, 'Surprised': 7.397274202958215e-06, 'Unknown': 1.2034554686124466e-07}",What?
TALIESIN,00:21:13,00:21:15,Neutral,"{'Angry': 1.3869420889545125e-10, 'Disgusted': 2.503119586605429e-11, 'Fearful': 2.892027763101712e-12, 'Happy': 2.7457761064830777e-10, 'Neutral': 1.0, 'Other': 1.617473190974883e-12, 'Sad': 3.9920414196537024e-10, 'Surprised': 1.683983508193876e-11, 'Unknown': 2.847723142365699e-12}",When was the last time we went home?
LAURA,00:21:15,00:21:20,Neutral,"{'Angry': 4.837026368635297e-14, 'Disgusted': 1.702154212121932e-15, 'Fearful': 2.70661913817264e-16, 'Happy': 5.972759315126322e-14, 'Neutral': 1.0, 'Other': 3.9949848383084006e-16, 'Sad': 1.5147029409825347e-13, 'Surprised': 2.7591894968901493e-14, 'Unknown': 1.1411997606600752e-15}","Well, okay. Here's the thing. If we're going to go home-- Emon."
TALIESIN,00:21:20,00:21:21,Neutral,"{'Angry': 0.008050858974456787, 'Disgusted': 0.008944387547671795, 'Fearful': 0.00020142989524174482, 'Happy': 0.038804251700639725, 'Neutral': 0.899583101272583, 'Other': 0.028256580233573914, 'Sad': 0.010167839005589485, 'Surprised': 0.00010065919923363253, 'Unknown': 0.005890968255698681}",Greyskull.
LAURA,00:21:21,00:21:27,Neutral,"{'Angry': 3.6719840492902e-14, 'Disgusted': 1.2261467891160776e-15, 'Fearful': 1.9534426030811384e-16, 'Happy': 4.54958573798455e-14, 'Neutral': 1.0, 'Other': 2.9992819916410055e-16, 'Sad': 1.3416991042486393e-13, 'Surprised': 1.968416647399069e-14, 'Unknown': 7.769936457304144e-16}","Right. If we're going to go home, I would really, really like to stop by Kraghammer."
TALIESIN,00:21:27,00:21:28,Angry,"{'Angry': 0.4025169610977173, 'Disgusted': 0.19711549580097198, 'Fearful': 0.0013299810234457254, 'Happy': 0.08545752614736557, 'Neutral': 0.2492896467447281, 'Other': 0.006681651808321476, 'Sad': 0.04214371740818024, 'Surprised': 0.014520556665956974, 'Unknown': 0.0009444239549338818}",And pick up our money.
LAURA,00:21:28,00:21:31,Neutral,"{'Angry': 1.7799502106605192e-12, 'Disgusted': 8.147492690279215e-14, 'Fearful': 2.032791998423343e-14, 'Happy': 2.2495785616249986e-12, 'Neutral': 1.0, 'Other': 7.508709908184141e-15, 'Sad': 6.3588496447553045e-12, 'Surprised': 5.860815305291922e-13, 'Unknown': 4.5327301211473686e-14}","Yes. 25,000 gold."
TRAVIS,00:21:31,00:21:36,Neutral,"{'Angry': 4.9145304492626e-10, 'Disgusted': 1.068349644861577e-10, 'Fearful': 5.4381225217392526e-11, 'Happy': 1.2660846593348651e-08, 'Neutral': 1.0, 'Other': 1.0643484357752975e-11, 'Sad': 3.9195819923065756e-09, 'Surprised': 2.0092130736948377e-10, 'Unknown': 5.310041295558676e-11}","If we're going to leave, could I make a small request?"
TALIESIN,00:21:36,00:21:38,Neutral,"{'Angry': 1.1098187473190801e-11, 'Disgusted': 5.136513501861895e-13, 'Fearful': 1.426867115130251e-13, 'Happy': 2.5666715280925345e-11, 'Neutral': 1.0, 'Other': 2.1333690293934976e-14, 'Sad': 3.488825894848446e-11, 'Surprised': 3.463067289530275e-12, 'Unknown': 6.935305194716301e-14}","You want to try again, don't you?"
TRAVIS,00:21:38,00:21:40,Neutral,"{'Angry': 1.679587398939475e-06, 'Disgusted': 2.154296652179255e-07, 'Fearful': 7.654141143120796e-08, 'Happy': 5.388092176872306e-07, 'Neutral': 0.9999955892562866, 'Other': 9.782138654657047e-09, 'Sad': 1.8568993027656688e-06, 'Surprised': 5.197358632358373e-08, 'Unknown': 9.056771332893732e-09}",I have a bit of a chip on my shoulder.
MARISHA,00:21:40,00:21:42,Neutral,"{'Angry': 5.045838861406082e-06, 'Disgusted': 1.5694444300606847e-05, 'Fearful': 1.92195348063251e-05, 'Happy': 6.5474919210828375e-06, 'Neutral': 0.9998860359191895, 'Other': 1.4369550171977608e-06, 'Sad': 6.0774913436034694e-05, 'Surprised': 2.159837777071516e-06, 'Unknown': 3.028989340236876e-06}",Oh!
TRAVIS,00:21:42,00:21:50,Angry,"{'Angry': 0.7849141359329224, 'Disgusted': 0.003957241773605347, 'Fearful': 0.00038185351877473295, 'Happy': 0.06130495294928551, 'Neutral': 0.05474621430039406, 'Other': 0.00035998481325805187, 'Sad': 0.08958650380373001, 'Surprised': 2.334517557756044e-05, 'Unknown': 0.0047257933765649796}",Would you mind terribly if I maybe went out to the street and picked a fight?
TALIESIN,00:21:50,00:21:51,Neutral,"{'Angry': 0.0007736013503745198, 'Disgusted': 0.0006205700919963419, 'Fearful': 0.0002487212768755853, 'Happy': 0.011845404282212257, 'Neutral': 0.9790570735931396, 'Other': 1.8819469914888032e-05, 'Sad': 0.002139837248250842, 'Surprised': 0.005277902819216251, 'Unknown': 1.8091312085743994e-05}","Oh, give me strength."
MARISHA,00:21:51,00:21:57,Neutral,"{'Angry': 5.855711748825598e-12, 'Disgusted': 3.626445118590921e-13, 'Fearful': 1.1090112931721324e-13, 'Happy': 1.0595095981114078e-11, 'Neutral': 1.0, 'Other': 1.914481993889241e-14, 'Sad': 2.5223236693738826e-11, 'Surprised': 1.6980225819168693e-12, 'Unknown': 8.523707455999896e-14}","Wait, go out on the street? You're not going to chase down what's-his-butt?"
TRAVIS,00:21:57,00:21:59,Neutral,"{'Angry': 1.4630005296112358e-07, 'Disgusted': 3.062125220054668e-09, 'Fearful': 3.503972112461895e-10, 'Happy': 4.2778513176244815e-08, 'Neutral': 0.9999998807907104, 'Other': 2.2809133748413757e-10, 'Sad': 3.3031774648861756e-08, 'Surprised': 1.392955306656063e-09, 'Unknown': 3.073915288975826e-10}",I want Kern.
MARISHA,00:21:59,00:22:00,Neutral,"{'Angry': 7.869256635206767e-11, 'Disgusted': 6.705892785507928e-11, 'Fearful': 4.165783169807202e-12, 'Happy': 4.3734421639740617e-10, 'Neutral': 1.0, 'Other': 4.207916133591727e-12, 'Sad': 7.569238014148993e-10, 'Surprised': 8.13497325058421e-11, 'Unknown': 4.173608941088203e-12}","Okay, we're going to find Kern."
SAM,00:22:00,00:22:02,Happy,"{'Angry': 0.03486078977584839, 'Disgusted': 0.006531295832246542, 'Fearful': 0.0018635739106684923, 'Happy': 0.7792101502418518, 'Neutral': 0.06700482964515686, 'Other': 0.00011635890405159444, 'Sad': 0.08288826793432236, 'Surprised': 0.027399403974413872, 'Unknown': 0.00012529741798061877}",Are you sure about this?
TRAVIS,00:22:02,00:22:04,Surprised,"{'Angry': 0.013676108792424202, 'Disgusted': 0.006441637873649597, 'Fearful': 0.011682351119816303, 'Happy': 0.012862465344369411, 'Neutral': 0.3070341944694519, 'Other': 3.148823088849895e-05, 'Sad': 0.0268336720764637, 'Surprised': 0.6213688254356384, 'Unknown': 6.9205547333695e-05}",I'm sure.
MARISHA,00:22:04,00:22:09,Angry,"{'Angry': 0.916541337966919, 'Disgusted': 0.035432375967502594, 'Fearful': 0.003380062058568001, 'Happy': 0.0013230872573330998, 'Neutral': 0.03012307547032833, 'Other': 0.00011169980280101299, 'Sad': 0.010080426000058651, 'Surprised': 0.0026598330587148666, 'Unknown': 0.000348125584423542}","Hang on, are we going to go find Kern and do this with rules, or we going to do this without rules?"
SAM,00:22:09,00:22:11,Neutral,"{'Angry': 0.013636922463774681, 'Disgusted': 0.00607452355325222, 'Fearful': 0.007805229630321264, 'Happy': 0.011457515880465508, 'Neutral': 0.6804172396659851, 'Other': 3.062762334593572e-05, 'Sad': 0.007317099720239639, 'Surprised': 0.27316731214523315, 'Unknown': 9.350554319098592e-05}","Without rules, you would win."
TRAVIS,00:22:11,00:22:14,Neutral,"{'Angry': 3.961521333195606e-09, 'Disgusted': 2.1857399223890184e-10, 'Fearful': 4.773166306648591e-10, 'Happy': 5.725716345494902e-09, 'Neutral': 1.0, 'Other': 1.7086153325518438e-10, 'Sad': 5.528214330752235e-09, 'Surprised': 8.839989296127726e-10, 'Unknown': 6.612441150188886e-10}",I can't do it. I have to do it by the rules.
LAURA,00:22:14,00:22:16,Neutral,"{'Angry': 3.852929642000902e-10, 'Disgusted': 6.204244062946174e-11, 'Fearful': 1.3217537307708138e-11, 'Happy': 5.403488767541376e-10, 'Neutral': 1.0, 'Other': 9.293741123905797e-12, 'Sad': 8.797350070643972e-10, 'Surprised': 5.312695769421616e-11, 'Unknown': 6.42102204739814e-11}",So you want to go in the Crucible again.
TRAVIS,00:22:16,00:22:25,Neutral,"{'Angry': 1.0512900229173172e-12, 'Disgusted': 4.002776164994601e-14, 'Fearful': 9.133564740572593e-15, 'Happy': 1.2029786888856364e-12, 'Neutral': 1.0, 'Other': 3.5025068596431863e-15, 'Sad': 3.111196630184443e-12, 'Surprised': 3.4269264401025346e-13, 'Unknown': 2.4305540964760473e-14}",Yeah. Is there a tavern downstairs or anywhere they'd have cups or wineskins?
MATT,00:22:25,00:22:33,Neutral,"{'Angry': 0.0067899832502007484, 'Disgusted': 0.009259795770049095, 'Fearful': 0.000944338389672339, 'Happy': 0.002350468188524246, 'Neutral': 0.9697250127792358, 'Other': 0.000873032957315445, 'Sad': 0.0013553211465477943, 'Surprised': 1.2719634469249286e-05, 'Unknown': 0.00868940819054842}","Within the guildhall, there is a mess hall area. A kitchen would have cups, but it's not a full tavern."
LAURA,00:22:33,00:22:35,Angry,"{'Angry': 0.621209442615509, 'Disgusted': 0.005911013577133417, 'Fearful': 0.003693911712616682, 'Happy': 0.006772116292268038, 'Neutral': 0.35529083013534546, 'Other': 8.1060548836831e-05, 'Sad': 0.0063314312137663364, 'Surprised': 0.0002160988951800391, 'Unknown': 0.0004941069637425244}","Tiberius, do you have any wineskins or anything?"
ORION,00:22:35,00:22:37,Neutral,"{'Angry': 1.129860094373214e-10, 'Disgusted': 1.2031262271172682e-11, 'Fearful': 2.224481883417173e-12, 'Happy': 1.7592419188083852e-10, 'Neutral': 1.0, 'Other': 1.2186457355387037e-12, 'Sad': 1.2767949197911577e-10, 'Surprised': 1.2934029715305773e-11, 'Unknown': 7.223077604784356e-12}",Excuse me?
LAURA,00:22:37,00:22:39,Neutral,"{'Angry': 2.302272514498327e-05, 'Disgusted': 1.6997188367895433e-06, 'Fearful': 6.318461487353488e-08, 'Happy': 9.136696462519467e-06, 'Neutral': 0.9999644756317139, 'Other': 8.161847375731668e-08, 'Sad': 1.4260908756114077e-06, 'Surprised': 9.118442534372662e-08, 'Unknown': 6.542187236391328e-08}",Do you have a wineskin?
ORION,00:22:39,00:22:41,Neutral,"{'Angry': 1.7101477178815827e-10, 'Disgusted': 1.191852259246895e-11, 'Fearful': 4.709937301283773e-12, 'Happy': 1.8008966540250526e-09, 'Neutral': 1.0, 'Other': 3.1694070111443207e-13, 'Sad': 1.0496145064209372e-09, 'Surprised': 5.5232755868939165e-11, 'Unknown': 3.1819815879408075e-13}","Oh, I'm sorry. I was waiting on my first request before."
SAM,00:22:41,00:22:43,Neutral,"{'Angry': 0.018439210951328278, 'Disgusted': 0.04573503136634827, 'Fearful': 0.002887803828343749, 'Happy': 0.0022740312851965427, 'Neutral': 0.7633286118507385, 'Other': 0.019588662311434746, 'Sad': 0.12441976368427277, 'Surprised': 0.00037525329389609396, 'Unknown': 0.02295161411166191}","Oh, what was your first request?"
ORION,00:22:43,00:22:47,Neutral,"{'Angry': 4.870772674081536e-10, 'Disgusted': 2.811968158322742e-10, 'Fearful': 6.57623885902403e-11, 'Happy': 1.261008630848437e-09, 'Neutral': 1.0, 'Other': 3.05236669273512e-11, 'Sad': 2.2028840973575825e-09, 'Surprised': 9.731665473466933e-11, 'Unknown': 1.3214140892614523e-10}","To see if Keyleth could do anything, but a wineskin? Yes."
"LAURA, TRAVIS",00:22:47,00:22:48,Neutral,"{'Angry': 4.983829349214375e-09, 'Disgusted': 1.6810585146131984e-09, 'Fearful': 3.1541860234796104e-09, 'Happy': 9.513859922094525e-09, 'Neutral': 1.0, 'Other': 1.449599051905892e-10, 'Sad': 4.5959907879478124e-08, 'Surprised': 1.9793133798629015e-09, 'Unknown': 1.7767161353265948e-10}","Oh, thank you."
MARISHA,00:22:48,00:22:55,Neutral,"{'Angry': 1.731427943241215e-07, 'Disgusted': 1.4783471158352768e-07, 'Fearful': 1.3018326683322812e-07, 'Happy': 1.677212094364222e-05, 'Neutral': 0.9999808073043823, 'Other': 6.253557671698218e-08, 'Sad': 1.3173977322367136e-06, 'Surprised': 6.5961058837160635e-09, 'Unknown': 5.053952918387949e-07}",Can I do a check to see if I can tell what Lockheed has? What kind of disease?
MATT,00:22:55,00:22:57,Neutral,"{'Angry': 1.4132921251075459e-06, 'Disgusted': 2.7226622023590608e-06, 'Fearful': 8.225832743846695e-07, 'Happy': 7.370193202405062e-07, 'Neutral': 0.9999909400939941, 'Other': 1.4587680396971336e-08, 'Sad': 2.9225086564110825e-06, 'Surprised': 4.969934366272355e-07, 'Unknown': 3.7492590365673095e-08}",Sure. Go ahead and make a medicine check.
SAM,00:22:57,00:22:59,Neutral,"{'Angry': 4.805988646694459e-05, 'Disgusted': 4.606934089679271e-05, 'Fearful': 5.738495474361116e-06, 'Happy': 3.912591637345031e-05, 'Neutral': 0.9996339082717896, 'Other': 4.232766059431015e-06, 'Sad': 2.9554867069236934e-05, 'Surprised': 0.00019039929611608386, 'Unknown': 2.9800091851939214e-06}","Oh, it's sick? Get me away from it."
MARISHA,00:22:59,00:23:00,Neutral,"{'Angry': 0.009731386788189411, 'Disgusted': 0.011228054761886597, 'Fearful': 0.0035258091520518064, 'Happy': 0.114518903195858, 'Neutral': 0.6963940262794495, 'Other': 9.143220813712105e-05, 'Sad': 0.003554993076249957, 'Surprised': 0.1608128696680069, 'Unknown': 0.00014247099170461297}",21.
MATT,00:23:00,00:23:17,Neutral,"{'Angry': 2.2715687464369694e-07, 'Disgusted': 3.711814855478224e-08, 'Fearful': 3.6370028766441465e-08, 'Happy': 0.0007670863997191191, 'Neutral': 0.9990654587745667, 'Other': 2.196976467416789e-08, 'Sad': 0.00016703963046893477, 'Surprised': 8.676772722537862e-08, 'Unknown': 1.980759911646146e-08}","21. Looking at Lockheed, you get the feeling that his disease essentially comes from a continuous time period of poor meat being presented as a meal option. It's less of a magical or any sort of unnatural disease. It's just something that is passing through his system."
ORION,00:23:17,00:23:19,Neutral,"{'Angry': 0.10541323572397232, 'Disgusted': 0.04065019264817238, 'Fearful': 0.03057008609175682, 'Happy': 0.023951534181833267, 'Neutral': 0.724963366985321, 'Other': 0.00020673645485658199, 'Sad': 0.03193045035004616, 'Surprised': 0.03858150541782379, 'Unknown': 0.003732852404937148}",Emaciated?
MATT,00:23:19,00:23:36,Neutral,"{'Angry': 7.350490704993717e-08, 'Disgusted': 8.649356431078559e-08, 'Fearful': 4.1745931156356164e-08, 'Happy': 7.500289029849228e-07, 'Neutral': 0.9999972581863403, 'Other': 3.120560876368472e-08, 'Sad': 1.6430014966317685e-06, 'Surprised': 3.0761331260009683e-08, 'Unknown': 1.307387709204022e-08}","Not too emaciated. More that some bad meat has found its system, which means without treatment over time, his health could diminish. However, if the food you've been feeding him has been a decent level, if this continues, it might clear. It could be aided through the use of simple healing salves and/or natural remedies."
MARISHA,00:23:36,00:23:42,Neutral,"{'Angry': 3.963237031712197e-05, 'Disgusted': 4.548582364805043e-05, 'Fearful': 0.00010841301264008507, 'Happy': 0.00020873254106845707, 'Neutral': 0.9963996410369873, 'Other': 1.004774276225362e-05, 'Sad': 0.003105261828750372, 'Surprised': 3.6922431263519684e-06, 'Unknown': 7.898701733211055e-05}",Can I make a few Goodberries for him and feed him a few more Goodberries?
MATT,00:23:42,00:23:43,Neutral,"{'Angry': 5.842504833708517e-05, 'Disgusted': 3.993590780737577e-06, 'Fearful': 7.775777703500353e-06, 'Happy': 4.1096689528785646e-05, 'Neutral': 0.9997031092643738, 'Other': 7.41163262318878e-07, 'Sad': 3.314709465485066e-05, 'Surprised': 0.00015167346282396466, 'Unknown': 3.671332393651028e-08}",Sure.
TALIESIN,00:23:43,00:23:45,Neutral,"{'Angry': 3.984208518659216e-09, 'Disgusted': 3.5097602602007782e-09, 'Fearful': 6.105531080713433e-10, 'Happy': 5.8644835654320104e-09, 'Neutral': 1.0, 'Other': 1.496441859316633e-10, 'Sad': 1.559567053277533e-08, 'Surprised': 2.010069977131934e-08, 'Unknown': 8.07432593008528e-12}",Why not great berries?
MARISHA,00:23:45,00:23:48,Neutral,"{'Angry': 3.1037707231007516e-05, 'Disgusted': 4.678868572227657e-05, 'Fearful': 3.605808160500601e-05, 'Happy': 0.0009610881097614765, 'Neutral': 0.9983271956443787, 'Other': 3.607524195103906e-05, 'Sad': 0.00038057746132835746, 'Surprised': 2.8233082048245706e-05, 'Unknown': 0.0001529436558485031}","Well, I guess that's a matter of opinion, Percy."
ORION,00:23:48,00:23:58,Neutral,"{'Angry': 9.060555385076441e-06, 'Disgusted': 3.6088756587560056e-06, 'Fearful': 3.199983211743529e-06, 'Happy': 0.00029713218100368977, 'Neutral': 0.9996211528778076, 'Other': 1.0839690730790608e-05, 'Sad': 4.170725878793746e-05, 'Surprised': 5.80639152758522e-06, 'Unknown': 7.535162239946658e-06}","As far as the matters at hand: I, of course, Grog, encourage your violence. And Taliesin, I do quite like the idea of going back to Emon--"
LAURA,00:23:58,00:24:00,Neutral,"{'Angry': 1.7897111320053227e-05, 'Disgusted': 1.9993376554339193e-05, 'Fearful': 3.788477215493913e-06, 'Happy': 2.194702028646134e-05, 'Neutral': 0.9998596906661987, 'Other': 1.1780050044762902e-05, 'Sad': 3.7992904253769666e-05, 'Surprised': 2.7403273179515963e-06, 'Unknown': 2.402901191089768e-05}",Who did you just-- who did you just--
TALIESIN,00:24:00,00:24:05,Neutral,"{'Angry': 2.298773150999356e-13, 'Disgusted': 6.760820473340062e-15, 'Fearful': 1.5108696086764406e-15, 'Happy': 2.557481678690243e-13, 'Neutral': 1.0, 'Other': 9.861691202691335e-16, 'Sad': 8.409589756334934e-13, 'Surprised': 7.910643304688894e-14, 'Unknown': 4.522218696381827e-15}",You just NPCed me. Just NPCed me all over the place.
ORION,00:24:05,00:24:09,Neutral,"{'Angry': 1.903119027701905e-06, 'Disgusted': 3.612056843849132e-06, 'Fearful': 1.3568563872468076e-06, 'Happy': 4.671684109780472e-06, 'Neutral': 0.9997403025627136, 'Other': 1.29901548007183e-06, 'Sad': 0.0002394261973677203, 'Surprised': 3.971773665512046e-08, 'Unknown': 7.445818937412696e-06}","Oh, sorry. I'm sorry, speaking Draconic again. Percy."
TALIESIN,00:24:09,00:24:14,Sad,"{'Angry': 5.852199933542579e-07, 'Disgusted': 8.459876426059054e-07, 'Fearful': 1.5178251260294928e-06, 'Happy': 1.1086440565577504e-07, 'Neutral': 5.043164037488168e-06, 'Other': 9.693322589043873e-09, 'Sad': 0.999991774559021, 'Surprised': 1.5668283026570862e-07, 'Unknown': 2.312304303586643e-08}","Taliesin is my mother's name, please. No."
ORION,00:24:14,00:24:17,Neutral,"{'Angry': 3.217431003577076e-05, 'Disgusted': 9.848390618572012e-05, 'Fearful': 0.00014652815298177302, 'Happy': 6.174001464387402e-05, 'Neutral': 0.926231861114502, 'Other': 4.8832174798008054e-05, 'Sad': 0.0731860101222992, 'Surprised': 2.0493367628660053e-05, 'Unknown': 0.00017385472892783582}","Sorry. No, that's not your mother's name."
TALIESIN,00:24:17,00:24:20,Neutral,"{'Angry': 0.00010032391583081335, 'Disgusted': 3.6884168366668746e-05, 'Fearful': 3.17467529384885e-05, 'Happy': 3.380955240572803e-05, 'Neutral': 0.9980613589286804, 'Other': 2.6130246624234132e-06, 'Sad': 0.0017261101165786386, 'Surprised': 4.127615284232888e-06, 'Unknown': 2.952604063466424e-06}",It's not my mother's name. She wasn't well. Carry on.
LAURA,00:24:20,00:24:22,Sad,"{'Angry': 0.021227210760116577, 'Disgusted': 0.002227588789537549, 'Fearful': 0.008554277941584587, 'Happy': 0.004759363830089569, 'Neutral': 0.024699615314602852, 'Other': 0.002654358744621277, 'Sad': 0.935255229473114, 'Surprised': 0.0005259242607280612, 'Unknown': 9.652635344536975e-05}",What was your mother's name?
ORION,00:24:22,00:24:27,Neutral,"{'Angry': 6.8933849739494235e-09, 'Disgusted': 3.480109755926719e-09, 'Fearful': 1.0410451389830655e-09, 'Happy': 2.4956818833743455e-08, 'Neutral': 1.0, 'Other': 1.9932389072607748e-10, 'Sad': 2.3186563780086544e-08, 'Surprised': 4.5971808582123685e-09, 'Unknown': 1.1243202202582125e-10}",I'm sorry. Percival. I go over to Percival and I give him a hug.
TALIESIN,00:24:27,00:24:28,Neutral,"{'Angry': 3.52997110708575e-11, 'Disgusted': 2.670136681204305e-12, 'Fearful': 6.046211166281512e-13, 'Happy': 6.097893717749159e-11, 'Neutral': 1.0, 'Other': 1.942392644296853e-13, 'Sad': 6.079046294127366e-11, 'Surprised': 7.008236005412449e-12, 'Unknown': 1.1980830823959954e-12}",Oh god.
ORION,00:24:28,00:24:30,Neutral,"{'Angry': 5.684710480124977e-10, 'Disgusted': 3.337512211043503e-10, 'Fearful': 1.330820731393345e-10, 'Happy': 2.868809412248652e-09, 'Neutral': 1.0, 'Other': 8.783546806556686e-11, 'Sad': 6.231301696857372e-09, 'Surprised': 1.5529164065775092e-10, 'Unknown': 2.2504735575079593e-10}","Sorry, I'm scaly."
TALIESIN,00:24:30,00:24:32,Neutral,"{'Angry': 0.002996297087520361, 'Disgusted': 0.01735156960785389, 'Fearful': 0.000379995588446036, 'Happy': 0.05015893280506134, 'Neutral': 0.6420629024505615, 'Other': 0.0007668417529202998, 'Sad': 0.0017861932283267379, 'Surprised': 0.2844139337539673, 'Unknown': 8.333638834301382e-05}",It's all right. We didn't touch in my family. Go ahead.
ORION,00:24:32,00:24:40,Neutral,"{'Angry': 0.012342697940766811, 'Disgusted': 0.09145067632198334, 'Fearful': 0.0038685668259859085, 'Happy': 0.0018084445036947727, 'Neutral': 0.5023565292358398, 'Other': 0.008593891747295856, 'Sad': 0.3543262183666229, 'Surprised': 0.0013724090531468391, 'Unknown': 0.02388058975338936}","I like the idea of going back to Emon, but before that, I do believe we should go back to Kraghammer and collect our gold."
"TALIESIN, LAURA",00:24:40,00:24:41,Sad,"{'Angry': 0.0024534277617931366, 'Disgusted': 0.017478056252002716, 'Fearful': 0.0023043593391776085, 'Happy': 0.0200999453663826, 'Neutral': 0.03158134967088699, 'Other': 0.00013690360356122255, 'Sad': 0.9241673350334167, 'Surprised': 0.001758016413077712, 'Unknown': 2.050113289442379e-05}",Yes.
ORION,00:24:41,00:24:42,Neutral,"{'Angry': 0.026460742577910423, 'Disgusted': 0.012560871429741383, 'Fearful': 0.2943515181541443, 'Happy': 0.07124356925487518, 'Neutral': 0.33939915895462036, 'Other': 0.00019628158770501614, 'Sad': 0.20941007137298584, 'Surprised': 0.0462665781378746, 'Unknown': 0.00011122579599032179}",Did we say that already?
"TALIESIN, LAURA",00:24:42,00:24:43,Neutral,"{'Angry': 0.0029451583977788687, 'Disgusted': 0.004641749896109104, 'Fearful': 0.003702363697811961, 'Happy': 0.017528818920254707, 'Neutral': 0.5991072654724121, 'Other': 9.829494229052216e-05, 'Sad': 0.3709491193294525, 'Surprised': 0.0009654227760620415, 'Unknown': 6.178962212288752e-05}",We did.
ORION,00:24:43,00:24:45,Neutral,"{'Angry': 0.038908861577510834, 'Disgusted': 0.051680464297533035, 'Fearful': 0.004027087241411209, 'Happy': 0.030651820823550224, 'Neutral': 0.4764769375324249, 'Other': 0.00015143703785724938, 'Sad': 0.3598947823047638, 'Surprised': 0.038112573325634, 'Unknown': 9.60287288762629e-05}",Wonderful. I was concerned about Lockheed.
MARISHA,00:24:45,00:24:46,Neutral,"{'Angry': 0.0988265722990036, 'Disgusted': 0.13064083456993103, 'Fearful': 0.0010134620824828744, 'Happy': 0.042115140706300735, 'Neutral': 0.5627022981643677, 'Other': 0.0024799236562103033, 'Sad': 0.11684467643499374, 'Surprised': 0.04507454112172127, 'Unknown': 0.0003025905753020197}",So much has happened.
ORION,00:24:46,00:24:48,Sad,"{'Angry': 0.001599685288965702, 'Disgusted': 0.00024521301384083927, 'Fearful': 0.0001770027301972732, 'Happy': 0.0003402868169359863, 'Neutral': 0.11310935765504837, 'Other': 1.725562833598815e-05, 'Sad': 0.8844481110572815, 'Surprised': 2.41121779254172e-05, 'Unknown': 3.898173963534646e-05}",I'm going to put him on my shoulder.
TRAVIS,00:24:48,00:24:51,Neutral,"{'Angry': 9.633332410885487e-06, 'Disgusted': 8.380518011108506e-06, 'Fearful': 6.596130788238952e-06, 'Happy': 0.00011019425437552854, 'Neutral': 0.9996778964996338, 'Other': 6.435397153836675e-06, 'Sad': 8.937872917158529e-05, 'Surprised': 4.2346863438069704e-07, 'Unknown': 9.107778896577656e-05}",Did you say you encourage my violence?
ORION,00:24:51,00:24:52,Sad,"{'Angry': 0.0004984707338735461, 'Disgusted': 0.0015405763406306505, 'Fearful': 0.0006221473449841142, 'Happy': 5.0691523938439786e-05, 'Neutral': 0.0025688873138278723, 'Other': 9.332147214990982e-07, 'Sad': 0.9945386052131653, 'Surprised': 0.00017916073556989431, 'Unknown': 3.970934585595387e-07}",Of course.
TRAVIS,00:24:52,00:24:56,Sad,"{'Angry': 4.3592412112047896e-05, 'Disgusted': 8.001439709914848e-05, 'Fearful': 0.0002382223028689623, 'Happy': 0.0007243404979817569, 'Neutral': 0.004760715179145336, 'Other': 5.641325333272107e-05, 'Sad': 0.9915159940719604, 'Surprised': 4.788657292920107e-07, 'Unknown': 0.002580332336947322}",I take off running out the room. (laughter)
MARISHA,00:24:56,00:24:59,Happy,"{'Angry': 0.1297747641801834, 'Disgusted': 0.0017747051315382123, 'Fearful': 0.0025757947005331516, 'Happy': 0.4864102602005005, 'Neutral': 0.018386881798505783, 'Other': 8.293375867651775e-05, 'Sad': 0.3597554564476013, 'Surprised': 0.0011607198975980282, 'Unknown': 7.836502481950447e-05}","Oh, Tiberius. You have to be careful. You have to be responsible--"
TRAVIS,00:24:59,00:25:00,Neutral,"{'Angry': 0.1027047410607338, 'Disgusted': 0.12132111936807632, 'Fearful': 0.001543346676044166, 'Happy': 0.032260712236166, 'Neutral': 0.5156683325767517, 'Other': 0.002400227589532733, 'Sad': 0.13248620927333832, 'Surprised': 0.09151668101549149, 'Unknown': 9.867710468824953e-05}",Was there a window in the room?
MATT,00:25:00,00:25:02,Neutral,"{'Angry': 3.6233373940097735e-11, 'Disgusted': 4.398928270255009e-12, 'Fearful': 1.008100287275271e-12, 'Happy': 7.955171243967385e-11, 'Neutral': 1.0, 'Other': 2.7237600738229395e-13, 'Sad': 1.7537339636053417e-10, 'Surprised': 8.643853861844963e-12, 'Unknown': 6.135946243289447e-13}","No, not in this one."
TRAVIS,00:25:02,00:25:03,Neutral,"{'Angry': 5.30659053765703e-06, 'Disgusted': 2.3387387955153827e-06, 'Fearful': 1.750018100210582e-06, 'Happy': 7.024776095931884e-06, 'Neutral': 0.9999635219573975, 'Other': 2.921691191204445e-07, 'Sad': 1.7991986169363372e-05, 'Surprised': 1.6940999785219901e-06, 'Unknown': 5.243251877118382e-08}","Okay, just checking."
TALIESIN,00:25:03,00:25:10,Other,"{'Angry': 0.0068596042692661285, 'Disgusted': 0.019996438175439835, 'Fearful': 0.0004609580209944397, 'Happy': 0.004361631814390421, 'Neutral': 0.4562094807624817, 'Other': 0.4729102551937103, 'Sad': 0.00035689445212483406, 'Surprised': 0.000499947345815599, 'Unknown': 0.03834480419754982}",Was there a Looney Tunes hole in the wall? (laughter)
MATT,00:25:10,00:25:13,Neutral,"{'Angry': 5.081147502750127e-09, 'Disgusted': 1.7318393386034359e-09, 'Fearful': 2.8128963047713285e-10, 'Happy': 2.1643895564693594e-08, 'Neutral': 1.0, 'Other': 5.400376812403351e-10, 'Sad': 7.389600042984057e-09, 'Surprised': 3.5903660600133946e-10, 'Unknown': 2.3213369004793094e-09}","So as Grog bounds off into the distance, do you guys give chase?"
"ORION, TALIESIN",00:25:13,00:25:15,Happy,"{'Angry': 0.10105427354574203, 'Disgusted': 0.1400335431098938, 'Fearful': 0.014056787826120853, 'Happy': 0.6955947279930115, 'Neutral': 0.024103708565235138, 'Other': 0.008532900363206863, 'Sad': 0.0061604236252605915, 'Surprised': 0.00023970830079633743, 'Unknown': 0.010223940946161747}",Yes!
MATT,00:25:15,00:25:17,Disgusted,"{'Angry': 0.4344750642776489, 'Disgusted': 0.49095797538757324, 'Fearful': 0.004085607826709747, 'Happy': 0.016148999333381653, 'Neutral': 0.010358606465160847, 'Other': 0.0018637956818565726, 'Sad': 0.039981745183467865, 'Surprised': 0.0013194303028285503, 'Unknown': 0.0008087236201390624}",You get out into the main thoroughfare.
MARISHA,00:25:17,00:25:20,Neutral,"{'Angry': 4.297608047210133e-09, 'Disgusted': 1.189741194451699e-09, 'Fearful': 1.8878373864161802e-10, 'Happy': 8.382286864616617e-09, 'Neutral': 1.0, 'Other': 1.0322657312267225e-10, 'Sad': 4.234168571315422e-09, 'Surprised': 7.233273979778687e-10, 'Unknown': 3.7637554184399846e-10}","We really need to make that leash for him, like we said we were going to."
MATT,00:25:20,00:25:36,Neutral,"{'Angry': 1.061979570948779e-08, 'Disgusted': 5.817857751111433e-09, 'Fearful': 3.0549954233016763e-10, 'Happy': 1.390585691041224e-08, 'Neutral': 1.0, 'Other': 5.85773929362432e-10, 'Sad': 6.963914334079391e-09, 'Surprised': 1.7831878196261641e-09, 'Unknown': 8.85038153874973e-10}","As you make your way to the main thoroughfare, you look over and you catch the image of the distant goliath heading northward towards the Braving Grounds, just plowing through the crowd. You see a couple people that are knocked flat onto their ass, like head shaking, ""what just happened?"" as he just goes bounding into the distance."
MARISHA,00:25:36,00:25:38,Happy,"{'Angry': 0.05244825780391693, 'Disgusted': 0.011193267069756985, 'Fearful': 0.0017209596699103713, 'Happy': 0.8318018913269043, 'Neutral': 0.09546226263046265, 'Other': 0.0001587264850968495, 'Sad': 0.004195692017674446, 'Surprised': 0.0020047752186656, 'Unknown': 0.0010141831589862704}",Follow the trail of distressed people!
ORION,00:25:38,00:25:44,Neutral,"{'Angry': 1.1291211715613869e-10, 'Disgusted': 3.466545106523e-11, 'Fearful': 5.10225282163157e-12, 'Happy': 1.0240099046487927e-10, 'Neutral': 1.0, 'Other': 1.5559655343680423e-12, 'Sad': 3.167490159050601e-10, 'Surprised': 6.226139048770563e-11, 'Unknown': 2.4285547531310847e-12}",I give chase. I give myself Fly so I can go over the crowd.
MATT,00:25:44,00:25:52,Neutral,"{'Angry': 1.821605540019977e-11, 'Disgusted': 1.4772132085269507e-12, 'Fearful': 4.202764167498402e-13, 'Happy': 2.36539919595824e-11, 'Neutral': 1.0, 'Other': 9.927603579701696e-14, 'Sad': 5.547939885275355e-11, 'Surprised': 5.5466469091325354e-12, 'Unknown': 1.389392507294973e-12}","As you glide over the crowd, you can see a few Bastions glance up and narrow their eyes and begin whispering to themselves."
ORION,00:25:52,00:25:57,Neutral,"{'Angry': 0.002399423159658909, 'Disgusted': 0.002260093577206135, 'Fearful': 0.0008007835131138563, 'Happy': 0.012288193218410015, 'Neutral': 0.9579139947891235, 'Other': 0.0022757549304515123, 'Sad': 0.002029533963650465, 'Surprised': 0.00018687252304516733, 'Unknown': 0.019845323637127876}","It's fine! I realize what I'm doing, and I stop."
TALIESIN,00:25:57,00:26:04,Happy,"{'Angry': 0.0014988959301263094, 'Disgusted': 0.002869001589715481, 'Fearful': 0.0028048621024936438, 'Happy': 0.7812861800193787, 'Neutral': 0.1725543737411499, 'Other': 0.001796377939172089, 'Sad': 0.009566020220518112, 'Surprised': 0.0012900347355753183, 'Unknown': 0.026334211230278015}","That's going on your tombstone: I realize what I'm doing, and I stop."
MATT,00:26:04,00:26:15,Neutral,"{'Angry': 3.1122222026169766e-06, 'Disgusted': 1.8665026573216892e-06, 'Fearful': 4.732984507427318e-06, 'Happy': 0.00012336205691099167, 'Neutral': 0.9942367076873779, 'Other': 5.96080440118385e-07, 'Sad': 0.005626981146633625, 'Surprised': 2.239591822217335e-06, 'Unknown': 2.9123955869181373e-07}","As you enter the group, you, Percy, thanks to him, notice that there are now no less than five Bastions keeping a 30-foot distance walking and following behind Tiberius."
LAURA,00:26:15,00:26:27,Neutral,"{'Angry': 2.645958972757878e-12, 'Disgusted': 1.6384437480799346e-13, 'Fearful': 6.41430471562919e-14, 'Happy': 3.969229892680781e-12, 'Neutral': 1.0, 'Other': 1.669687947473443e-14, 'Sad': 1.6386109483179645e-11, 'Surprised': 1.2439240176104205e-12, 'Unknown': 9.739541936620508e-14}","I go up and I tell Tiberius, maybe it's best just to keep a low profile for a while. And I turn around and wave at the Bastions."
TALIESIN,00:26:27,00:26:29,Neutral,"{'Angry': 0.20279408991336823, 'Disgusted': 0.008939788676798344, 'Fearful': 0.0005001333774998784, 'Happy': 0.011545645073056221, 'Neutral': 0.4913145899772644, 'Other': 3.710961391334422e-05, 'Sad': 0.22552962601184845, 'Surprised': 0.059327974915504456, 'Unknown': 1.098129268939374e-05}",It's all right. He's from Emon.
MATT,00:26:29,00:26:34,Neutral,"{'Angry': 6.39578647678718e-05, 'Disgusted': 0.00015078546130098403, 'Fearful': 0.002333936048671603, 'Happy': 0.0013838284648954868, 'Neutral': 0.9783207178115845, 'Other': 3.7416139093693346e-05, 'Sad': 0.017087895423173904, 'Surprised': 2.9278648980834987e-06, 'Unknown': 0.0006186980754137039}","As soon as you wave and make that interaction, they break off in two and three and go in different directions and disappear into the crowd."
LAURA,00:26:34,00:26:36,Sad,"{'Angry': 0.005802008789032698, 'Disgusted': 0.014757493510842323, 'Fearful': 0.009708301164209843, 'Happy': 0.018243765458464622, 'Neutral': 0.3897678554058075, 'Other': 0.00016113340097945184, 'Sad': 0.5571272969245911, 'Surprised': 0.004230654798448086, 'Unknown': 0.0002014877536566928}",Cool. That was fun.
TALIESIN,00:26:36,00:26:38,Neutral,"{'Angry': 0.003417965490370989, 'Disgusted': 0.02916986495256424, 'Fearful': 0.0004388648085296154, 'Happy': 0.02638249471783638, 'Neutral': 0.9229771494865417, 'Other': 0.0001026143945637159, 'Sad': 0.01517033763229847, 'Surprised': 0.0022516909521073103, 'Unknown': 8.908798918128014e-05}",Hunter's Mark one of them.
LAURA,00:26:38,00:26:39,Surprised,"{'Angry': 0.005505619570612907, 'Disgusted': 0.0851738303899765, 'Fearful': 0.00018853068468160927, 'Happy': 0.0034218488726764917, 'Neutral': 0.0933183878660202, 'Other': 0.00012120827159378678, 'Sad': 0.004317494574934244, 'Surprised': 0.8079434633255005, 'Unknown': 9.566930202709045e-06}","Yeah, I'll Hunter's Mark one of them."
ORION,00:26:39,00:26:41,Neutral,"{'Angry': 0.005757056176662445, 'Disgusted': 0.008066106587648392, 'Fearful': 0.0004822550108656287, 'Happy': 0.2821488082408905, 'Neutral': 0.6875466704368591, 'Other': 0.0008005648269318044, 'Sad': 0.01335101667791605, 'Surprised': 0.0011652199318632483, 'Unknown': 0.0006823096191510558}",Do they feel that?
LAURA,00:26:41,00:26:44,Neutral,"{'Angry': 8.303655750193165e-14, 'Disgusted': 2.8379860073579014e-15, 'Fearful': 5.327741417627391e-16, 'Happy': 1.037578023174203e-13, 'Neutral': 1.0, 'Other': 5.722922521586517e-16, 'Sad': 2.6442774836085703e-13, 'Surprised': 4.597230663641247e-14, 'Unknown': 1.8754651999431608e-15}","Oh, wait. Can they feel that?"
MATT,00:26:44,00:26:47,Neutral,"{'Angry': 3.7266946151248703e-07, 'Disgusted': 7.602946539009281e-08, 'Fearful': 6.748529557398797e-08, 'Happy': 5.050208983448101e-06, 'Neutral': 0.9999926090240479, 'Other': 3.763365086228987e-08, 'Sad': 1.55606710450229e-06, 'Surprised': 1.6454077922389843e-07, 'Unknown': 8.416508379127663e-09}",Go ahead and make a sleight-of-hand check on this.
LAURA,00:26:47,00:26:59,Neutral,"{'Angry': 0.001302332733757794, 'Disgusted': 0.061512771993875504, 'Fearful': 0.0011870235903188586, 'Happy': 0.006660133134573698, 'Neutral': 0.7837890982627869, 'Other': 0.03719590604305267, 'Sad': 0.0036946136970072985, 'Surprised': 0.0008048214949667454, 'Unknown': 0.1038532629609108}","Oh gosh. Wait, which one should I roll first? Okay. Hold on. Natural 20, what!"
MATT,00:26:59,00:28:17,Neutral,"{'Angry': 5.882965013574715e-14, 'Disgusted': 2.725207170321017e-15, 'Fearful': 4.1607878319642857e-16, 'Happy': 8.316288738381694e-14, 'Neutral': 1.0, 'Other': 8.376599453577803e-16, 'Sad': 2.1730168120633053e-13, 'Surprised': 3.4127702833869344e-14, 'Unknown': 2.6029316116377545e-15}","You are the anti-Wheaton as of late. It's kind of amazing. All right, yeah. You Hunter's Mark one of the Bastions who wanders off in the crowd, and you have a very good idea of where he and/or the cluster that's with him is moving. As you guys progress, following this path that Grog is carving through the crowd, heading for the main bazaar area at the center of the Quad Roads district, heading northwestern, up into the Braving Grounds of Vasselheim, you can also sense that they are following, though at a good 60-foot distance, keeping an eye on the red-scaled dragonborn that then flew out into the open air of the midday sun, with his tinier dragon, his very meta dragon-on-dragon action. You continue pushing into the Braving Grounds area. You can see, now, giant black smokestacks that are billowing up from the various blacksmithies, and there is a large industrial iron complex that is used in the mining and reforming of all the weapons and armor that go to the Bastions of the city here in the Braving Grounds. You make your way up towards the Bellows' Respite Inn, to where the Crucible itself is held in the center. As you approach, it is midday. There's no crowd gathered. The Crucible is currently empty and left on its own. You glance about for a second, and there's nobody here running any sort of fight ring."
SAM,00:28:17,00:28:20,Neutral,"{'Angry': 4.742118107969873e-06, 'Disgusted': 1.4427487258217297e-06, 'Fearful': 2.170360130548943e-05, 'Happy': 2.4409262096014572e-06, 'Neutral': 0.999846339225769, 'Other': 3.7947165765217505e-07, 'Sad': 0.00012127782974857837, 'Surprised': 1.5066907508298755e-06, 'Unknown': 1.91334038390778e-07}","Damn it, you'll have to come back."
TRAVIS,00:28:20,00:28:24,Neutral,"{'Angry': 7.890051847425639e-07, 'Disgusted': 6.501962275251572e-07, 'Fearful': 1.1579268175410107e-06, 'Happy': 1.4318546845970559e-06, 'Neutral': 0.9997722506523132, 'Other': 3.529812531155585e-08, 'Sad': 0.0002234036655863747, 'Surprised': 2.5166082195937634e-07, 'Unknown': 2.569180956868422e-08}",(shouting) Kern!
MATT,00:28:24,00:28:27,Sad,"{'Angry': 0.020495332777500153, 'Disgusted': 0.004006200470030308, 'Fearful': 0.0028415785636752844, 'Happy': 0.0003500677121337503, 'Neutral': 0.008595578372478485, 'Other': 6.127258529886603e-06, 'Sad': 0.9636338353157043, 'Surprised': 1.6423811757704243e-05, 'Unknown': 5.4971635108813643e-05}","As you're shouting into the air, a few people nearby--"
TRAVIS,00:28:27,00:28:35,Neutral,"{'Angry': 4.5627353983945795e-07, 'Disgusted': 1.4377158095157938e-06, 'Fearful': 3.508079089442617e-07, 'Happy': 1.910343371491763e-06, 'Neutral': 0.9999300241470337, 'Other': 4.902248633698036e-07, 'Sad': 6.395719537977129e-05, 'Surprised': 2.158335945523504e-07, 'Unknown': 1.1586796517804032e-06}",And the Star Trek reference is good. His name's Kern; it's fun.
MATT,00:28:35,00:29:11,Neutral,"{'Angry': 2.255874846923689e-07, 'Disgusted': 8.396496014029253e-07, 'Fearful': 1.4328550435038778e-07, 'Happy': 5.99821646574128e-07, 'Neutral': 0.9993298053741455, 'Other': 1.5703912481512816e-07, 'Sad': 0.0006681343074887991, 'Surprised': 3.8157704551622373e-08, 'Unknown': 2.7173093997134856e-08}","Nearby individuals drop their stuff and look over as this billowing, deep goliath voice fills the air around the center of this mildly business-as-usual road vicinity. Suddenly, a few individuals come looking out from inside the Bellows' Respite Inn. It has a tavern portion to the front. One of them is Once-Lucky Ned, who is the person that runs the tavern. He's a human barkeep that wanders out and, ""You! Philip! Yelling Kern?"" And you see this look on his face."
TRAVIS,00:29:11,00:29:16,Sad,"{'Angry': 0.0012755694333463907, 'Disgusted': 0.0007345973281189799, 'Fearful': 0.0014281074982136488, 'Happy': 0.037738483399152756, 'Neutral': 0.004351469222456217, 'Other': 0.00010299052519258112, 'Sad': 0.9531164765357971, 'Surprised': 0.0005633007967844605, 'Unknown': 0.000689005886670202}",Bring me the body of Kern.
LAURA,00:29:16,00:29:18,Neutral,"{'Angry': 6.565739618658029e-10, 'Disgusted': 1.3919933261608008e-10, 'Fearful': 9.456512829741914e-12, 'Happy': 2.99086231336787e-08, 'Neutral': 1.0, 'Other': 1.7346277192409332e-11, 'Sad': 8.846268606532703e-09, 'Surprised': 2.517341057828304e-10, 'Unknown': 2.1261901961278085e-11}",Alive! Alive.
ORION,00:29:18,00:29:20,Neutral,"{'Angry': 2.2117726487108635e-12, 'Disgusted': 9.00636715813613e-14, 'Fearful': 2.49591708791682e-14, 'Happy': 2.6653943809018532e-12, 'Neutral': 1.0, 'Other': 6.736466158524133e-15, 'Sad': 6.355866787738362e-12, 'Surprised': 5.833435947830146e-13, 'Unknown': 6.774790418332538e-14}",He wants to fight him.
MATT,00:29:20,00:29:26,Neutral,"{'Angry': 2.2804351462735184e-10, 'Disgusted': 2.118123038075126e-11, 'Fearful': 1.1188602995482189e-11, 'Happy': 8.275055640716289e-10, 'Neutral': 1.0, 'Other': 1.643430292026793e-12, 'Sad': 4.5113232594040653e-10, 'Surprised': 1.1344834793813874e-10, 'Unknown': 1.7359582521470074e-11}","He cocks his head a little bit at you. ""Just a moment. Stay right there."" And he runs back inside."
SAM,00:29:26,00:29:28,Neutral,"{'Angry': 0.03660518303513527, 'Disgusted': 0.07571423053741455, 'Fearful': 0.0007142079994082451, 'Happy': 0.04788632318377495, 'Neutral': 0.8262718915939331, 'Other': 0.0008073464268818498, 'Sad': 0.010640455409884453, 'Surprised': 0.0009634725865907967, 'Unknown': 0.0003968614910263568}",There's going to be a street fight!
MARISHA,00:29:28,00:29:33,Neutral,"{'Angry': 2.9868294859625166e-07, 'Disgusted': 3.456821717762182e-09, 'Fearful': 7.612307451054789e-10, 'Happy': 4.2089023821745286e-08, 'Neutral': 0.9999996423721313, 'Other': 1.9180816657193844e-10, 'Sad': 2.688872058342895e-08, 'Surprised': 1.6540300240563965e-09, 'Unknown': 6.314364586756938e-10}","I hear Scanlan say that and I run out and I say, (shouting) fight!"
MATT,00:29:33,00:30:04,Neutral,"{'Angry': 4.151254687223549e-11, 'Disgusted': 5.839661653544992e-12, 'Fearful': 3.238763207277784e-12, 'Happy': 1.0796716298777653e-10, 'Neutral': 1.0, 'Other': 6.354456891233262e-13, 'Sad': 2.5654198210212087e-10, 'Surprised': 3.176969798346363e-11, 'Unknown': 7.721170057484184e-12}","At this point, other members of the tavern are starting to come out, tankards in hand, like, ""what's going on?"" They see you. ""Oh! There's going to be a fight at the Crucible!"" You hear the shouts going off the nearby houses; it's echoing, like town crier to town crier. You're hearing voices echo throughout the entirety of the Braving Grounds: people preparing for this midday unexpected throwdown. At this point, you see a few of the Bastions wearing the armor that is geared towards Kord, the god of strength that runs this portion of Vasselheim."
LAURA,00:30:04,00:30:06,Neutral,"{'Angry': 9.437862900085747e-05, 'Disgusted': 0.00025059093604795635, 'Fearful': 4.824150892090984e-05, 'Happy': 0.00012395063822623342, 'Neutral': 0.8756352663040161, 'Other': 5.921979754930362e-05, 'Sad': 0.12363418936729431, 'Surprised': 1.5723765045549953e-06, 'Unknown': 0.00015251713921315968}",The ones that I'm keeping an eye on?
MATT,00:30:06,00:31:02,Happy,"{'Angry': 4.202011893994495e-08, 'Disgusted': 2.6483957071832265e-07, 'Fearful': 3.280634359725809e-07, 'Happy': 0.9999939203262329, 'Neutral': 6.376796477525204e-07, 'Other': 4.152049370986788e-07, 'Sad': 4.034023731946945e-06, 'Surprised': 1.7130260232534056e-07, 'Unknown': 1.5825335708541388e-07}","No, the ones that you're keeping an eye on were from the Quad Roads, and they're still staying back. One of them, the one that you've marked, is around the corner, just keeping an eye on everybody, but he's mainly keeping to himself. He does stand out like a sore thumb because his armor is darker and based around Erathis, whereas here the Bastions that are under Kord's vision have more of a red, dark, almost rusty look to their armor. Anyway, as the shouts continue, some of the Kord Bastions gather, one of which you recognize as the one who was acting as the bookie the first time you came to the Crucible. And he looks-- wiping sleep from his eyes-- he looks like he just got into his armor and rushed out here for about ten minutes since you just came out here and shouted your challenge to the sky. He rushes out for a second. ""You! Hey, am I to hear properly that you are challenging our standing champion once again?"""
TRAVIS,00:31:02,00:31:04,Surprised,"{'Angry': 1.6431178664788604e-05, 'Disgusted': 1.9378077922738157e-05, 'Fearful': 3.862308949464932e-05, 'Happy': 2.4787281290628016e-05, 'Neutral': 1.0978497812175192e-05, 'Other': 0.00027484065503813326, 'Sad': 2.3758622774039395e-05, 'Surprised': 0.9995908141136169, 'Unknown': 4.164931226569024e-07}","Aye, you heard right."
MATT,00:31:04,00:31:06,Other,"{'Angry': 0.0015594327123835683, 'Disgusted': 0.0010002789786085486, 'Fearful': 8.424815314356238e-05, 'Happy': 0.003690032521262765, 'Neutral': 0.04752363637089729, 'Other': 0.9320620894432068, 'Sad': 0.013030840083956718, 'Surprised': 0.0003653253079392016, 'Unknown': 0.0006841029389761388}","""Midday, now, under the noonday sun?"""
TRAVIS,00:31:06,00:31:11,Neutral,"{'Angry': 3.5499303407959815e-07, 'Disgusted': 1.4457417591984267e-06, 'Fearful': 9.517735293229634e-07, 'Happy': 2.978942177378485e-07, 'Neutral': 0.9999656677246094, 'Other': 1.858655309661117e-07, 'Sad': 3.0834300559945405e-05, 'Surprised': 8.299279130596915e-08, 'Unknown': 1.5876058512276359e-07}","Aye, where everyone can see, and he can't hide."
MATT,00:31:11,00:31:49,Happy,"{'Angry': 1.5745156567437135e-10, 'Disgusted': 5.171093553357764e-10, 'Fearful': 2.944664512227746e-10, 'Happy': 1.0, 'Neutral': 1.158825257974172e-09, 'Other': 9.128571787364592e-10, 'Sad': 2.3109201219284614e-09, 'Surprised': 2.543223132089878e-10, 'Unknown': 5.360650812136214e-10}","He glances over to another Bastion that's to his left. ""Get Kern. Now."" He rushes off and he looks back to you. ""Well, then. A fight we're going to have."" At this point now, there's probably about 20, 25 people that are beginning to gather around the outskirts of the Crucible around you. ""Oh, it's Philip! Philip's showing down with Kern!"" There's all these different whispers now going throughout the crowd as the rest of you gather. The Bastion that you've been following backs off and stays further back, and is slowly keeping a distance further away as the crowd begins to gather, wanting to stay inconspicuous amongst all this chaos and rabble you guys have collected."
MARISHA,00:31:49,00:31:53,Neutral,"{'Angry': 8.853389488194807e-08, 'Disgusted': 3.40191768088971e-08, 'Fearful': 1.0659704230420175e-08, 'Happy': 3.6231017475074623e-06, 'Neutral': 0.9999953508377075, 'Other': 1.9341858603638684e-07, 'Sad': 3.796165231051418e-07, 'Surprised': 3.102387324815936e-07, 'Unknown': 3.9831107301324664e-09}","I join in with everybody else. Yeah, did you see that, Kern's fighting Philip!"
TALIESIN,00:31:53,00:31:55,Neutral,"{'Angry': 0.0036651233676820993, 'Disgusted': 0.003017884213477373, 'Fearful': 0.008369396440684795, 'Happy': 0.020610308274626732, 'Neutral': 0.9502459764480591, 'Other': 3.922359610442072e-05, 'Sad': 0.01241625752300024, 'Surprised': 0.0015747840516269207, 'Unknown': 6.10934803262353e-05}",Why are you telling me this? Of course I know.
MARISHA,00:31:55,00:31:57,Neutral,"{'Angry': 0.00011377275222912431, 'Disgusted': 0.00017437245696783066, 'Fearful': 4.375092248665169e-05, 'Happy': 0.0001797383592929691, 'Neutral': 0.9979410767555237, 'Other': 8.950537448981777e-05, 'Sad': 0.000815707549918443, 'Surprised': 7.302697213162901e-06, 'Unknown': 0.000634782831184566}",Kern's fighting--
ORION,00:31:57,00:31:58,Neutral,"{'Angry': 0.002773520303890109, 'Disgusted': 0.009742075577378273, 'Fearful': 0.23253890872001648, 'Happy': 0.18581151962280273, 'Neutral': 0.39788568019866943, 'Other': 0.0004079809586983174, 'Sad': 0.16854795813560486, 'Surprised': 0.0009902245365083218, 'Unknown': 0.0013021711492910981}",I also know.
MARISHA,00:31:58,00:31:59,Disgusted,"{'Angry': 0.0024197595193982124, 'Disgusted': 0.5071097612380981, 'Fearful': 0.002284147311002016, 'Happy': 0.17074008285999298, 'Neutral': 0.23814478516578674, 'Other': 0.00010198260133620352, 'Sad': 0.07686130702495575, 'Surprised': 0.0022574414033442736, 'Unknown': 8.073128992691636e-05}",Shit.
LAURA,00:31:59,00:32:05,Neutral,"{'Angry': 3.6366659514897037e-06, 'Disgusted': 1.3926327255830984e-06, 'Fearful': 6.10192898875539e-07, 'Happy': 7.634670510014985e-06, 'Neutral': 0.9999555349349976, 'Other': 4.789330318999419e-07, 'Sad': 2.940960075648036e-05, 'Surprised': 7.530264269917097e-07, 'Unknown': 4.794393930751539e-07}","Can I try, subtly, to pass off my ring of AC to Grog?"
MATT,00:32:05,00:32:10,Neutral,"{'Angry': 1.1493615087454501e-10, 'Disgusted': 8.967004222482089e-12, 'Fearful': 3.116863104418721e-12, 'Happy': 5.465660701808872e-10, 'Neutral': 1.0, 'Other': 5.596163181291469e-13, 'Sad': 2.35304831175398e-10, 'Surprised': 1.4564723038734684e-10, 'Unknown': 5.450515798248456e-13}","Grog, do you have any enchantment of protection, currently?"
TRAVIS,00:32:10,00:32:11,Neutral,"{'Angry': 4.7862824430922046e-05, 'Disgusted': 0.0005783093511126935, 'Fearful': 9.351348126074299e-05, 'Happy': 3.926817953470163e-05, 'Neutral': 0.9982979893684387, 'Other': 1.4363476111611817e-05, 'Sad': 1.6821841199998744e-05, 'Surprised': 0.000909395341295749, 'Unknown': 2.4272926566482056e-06}",Nope.
MATT,00:32:11,00:32:12,Neutral,"{'Angry': 1.188569642013304e-11, 'Disgusted': 9.111336901970746e-13, 'Fearful': 3.6479166584148237e-13, 'Happy': 2.044269094281237e-11, 'Neutral': 1.0, 'Other': 4.8895186944425406e-14, 'Sad': 4.6828787375607916e-11, 'Surprised': 8.075004206964387e-12, 'Unknown': 1.5314942510783608e-13}",You do not?
TRAVIS,00:32:12,00:32:13,Sad,"{'Angry': 0.0011258911108598113, 'Disgusted': 0.0019399623852223158, 'Fearful': 0.0003067145589739084, 'Happy': 0.0007799486047588289, 'Neutral': 0.02992003783583641, 'Other': 2.1973679395159706e-05, 'Sad': 0.9657168984413147, 'Surprised': 0.0001790676760720089, 'Unknown': 9.553888958180323e-06}",I don't.
MATT,00:32:13,00:32:15,Neutral,"{'Angry': 0.00010418368765385821, 'Disgusted': 0.0001015778980217874, 'Fearful': 1.9771447114180773e-05, 'Happy': 0.00016550767759326845, 'Neutral': 0.9992311000823975, 'Other': 6.7351770667301025e-06, 'Sad': 0.0003464598848950118, 'Surprised': 2.383385435678065e-06, 'Unknown': 2.2239921236177906e-05}","On the ring, does it say attunement required?"
LAURA,00:32:15,00:32:20,Neutral,"{'Angry': 0.0022316626273095608, 'Disgusted': 0.012635144405066967, 'Fearful': 0.0014594781678169966, 'Happy': 0.21142788231372833, 'Neutral': 0.6531350612640381, 'Other': 0.006438381038606167, 'Sad': 0.0013394266134127975, 'Surprised': 0.015268240123987198, 'Unknown': 0.0960647240281105}","No. It doesn't, I don't think. Hold on, let me look."
MATT,00:32:20,00:32:23,Neutral,"{'Angry': 1.681698183486624e-11, 'Disgusted': 2.472507875522778e-12, 'Fearful': 7.432202097680529e-13, 'Happy': 4.004454753903097e-11, 'Neutral': 1.0, 'Other': 1.6859068665848326e-13, 'Sad': 9.335852924063914e-11, 'Surprised': 6.825967308748959e-12, 'Unknown': 5.149864367413881e-13}","I can look it up for you, if need be."
LAURA,00:32:23,00:32:24,Neutral,"{'Angry': 0.0002683573984540999, 'Disgusted': 0.00027027621399611235, 'Fearful': 5.190486626815982e-05, 'Happy': 0.0005298409960232675, 'Neutral': 0.9981176853179932, 'Other': 4.661704679165268e-06, 'Sad': 0.00026688448269851506, 'Surprised': 0.0004880740016233176, 'Unknown': 2.3882862478785682e-06}",Ring of Protection.
TRAVIS,00:32:24,00:32:26,Neutral,"{'Angry': 0.0001555562048451975, 'Disgusted': 0.0007109837024472654, 'Fearful': 0.00022019125754013658, 'Happy': 7.367229409283027e-05, 'Neutral': 0.9985597729682922, 'Other': 1.7871187083073892e-05, 'Sad': 0.00021051871590316296, 'Surprised': 2.3235224944073707e-05, 'Unknown': 2.8221780667081475e-05}","Yeah, my Belt of Dwarvenkind is the only thing, but that's all."
LAURA,00:32:26,00:32:30,Neutral,"{'Angry': 1.4865086939153116e-09, 'Disgusted': 2.353191808079913e-10, 'Fearful': 1.6298155880445364e-10, 'Happy': 3.4517761982044703e-09, 'Neutral': 1.0, 'Other': 2.4510524165854974e-10, 'Sad': 1.0897254654196331e-08, 'Surprised': 1.2392600834409961e-10, 'Unknown': 6.092282234249069e-10}","It just says plus two bonus to AC and saving throw-- oh, requires attunement."
MATT,00:32:30,00:32:32,Neutral,"{'Angry': 0.0001292762899538502, 'Disgusted': 0.0006506738136522472, 'Fearful': 4.306874325266108e-05, 'Happy': 0.007146311458200216, 'Neutral': 0.991317868232727, 'Other': 1.0362564353272319e-05, 'Sad': 0.00025461125187575817, 'Surprised': 0.00042595015838742256, 'Unknown': 2.1862821085960604e-05}","Yeah, you have to take time to go ahead and attune to the magical item."
LAURA,00:32:32,00:32:34,Neutral,"{'Angry': 0.0018283253302797675, 'Disgusted': 0.024000737816095352, 'Fearful': 0.0024192032869905233, 'Happy': 0.008126283064484596, 'Neutral': 0.9434144496917725, 'Other': 0.00010913000005530193, 'Sad': 0.019221540540456772, 'Surprised': 0.0005708405515179038, 'Unknown': 0.00030946318292990327}","Damn it! I'm sorry, Grog."
TRAVIS,00:32:34,00:32:35,Neutral,"{'Angry': 3.667237347126928e-11, 'Disgusted': 3.1237846510878686e-12, 'Fearful': 7.048327308085967e-13, 'Happy': 1.6432846750014107e-10, 'Neutral': 1.0, 'Other': 1.180169379106158e-13, 'Sad': 8.807166801405586e-11, 'Surprised': 1.256385794012882e-11, 'Unknown': 2.5478658896224693e-13}",It's all right.
LAURA,00:32:35,00:32:37,Neutral,"{'Angry': 3.7062420688016573e-07, 'Disgusted': 2.505416603071353e-07, 'Fearful': 1.3493068706793565e-07, 'Happy': 8.97380323294783e-06, 'Neutral': 0.9999872446060181, 'Other': 7.864711903948773e-08, 'Sad': 2.207092393291532e-06, 'Surprised': 6.862587156319933e-07, 'Unknown': 1.9499191594718468e-08}",You shouldn't have taken off running!
MATT,00:32:37,00:33:04,Neutral,"{'Angry': 1.6204475261627493e-11, 'Disgusted': 1.3046459529028609e-12, 'Fearful': 4.1070597443793044e-13, 'Happy': 2.4381075283685938e-11, 'Neutral': 1.0, 'Other': 7.120900955481443e-14, 'Sad': 5.1931920569403545e-11, 'Surprised': 5.891954892728313e-12, 'Unknown': 1.0191123119007717e-12}","(laughs) About 20 minutes pass by as the crowd is now gathered, about 50 to 60 people. Apparently, word of your last battle has gotten around, and now there's this fevered pitch of interest. People have dropped what they're doing and the smokestacks you can see have slowly turned to a dribble as everyone who's working the nearby forges and/or smelting irons have rushed out here to see this battle and dropped what they're doing. This has turned into full-on, ""Morpheus is fighting Neo."""
TRAVIS,00:33:04,00:33:10,Sad,"{'Angry': 0.0005086304154247046, 'Disgusted': 0.0006535268039442599, 'Fearful': 0.00025276956148445606, 'Happy': 0.0010811850661411881, 'Neutral': 0.2265196144580841, 'Other': 0.000638267956674099, 'Sad': 0.7667376399040222, 'Surprised': 1.349101512460038e-05, 'Unknown': 0.0035949256271123886}","I turn to the bookie, and I take out my entire coin purse, and I throw it at him."
ORION,00:33:10,00:33:13,Neutral,"{'Angry': 0.0003989464894402772, 'Disgusted': 0.0010844303760677576, 'Fearful': 0.00931833777576685, 'Happy': 0.0006103281630203128, 'Neutral': 0.6815342903137207, 'Other': 0.003879594849422574, 'Sad': 0.28983908891677856, 'Surprised': 2.301574386365246e-05, 'Unknown': 0.013311965391039848}",I use my Mage Hand--
LAURA,00:33:13,00:33:15,Neutral,"{'Angry': 1.5359072449427913e-06, 'Disgusted': 1.3507672065316e-06, 'Fearful': 3.250960617151577e-06, 'Happy': 1.1182838534296025e-05, 'Neutral': 0.9996428489685059, 'Other': 2.0503561870555131e-07, 'Sad': 0.0003372523933649063, 'Surprised': 2.4217333702836186e-06, 'Unknown': 6.205327451880294e-08}","No, don't use magic!"
ORION,00:33:15,00:33:16,Neutral,"{'Angry': 2.637760871948558e-07, 'Disgusted': 1.4682274240840343e-07, 'Fearful': 1.654473180678906e-07, 'Happy': 2.25543817578e-06, 'Neutral': 0.999992847442627, 'Other': 2.8885013492185863e-08, 'Sad': 3.050921122849104e-06, 'Surprised': 1.3199161230659229e-06, 'Unknown': 3.1049902649016303e-09}","Oh no, I don't! I don't do that!"
TALIESIN,00:33:16,00:33:20,Neutral,"{'Angry': 4.296273406478868e-12, 'Disgusted': 2.935065656229502e-13, 'Fearful': 9.947657254134532e-14, 'Happy': 6.888655878362071e-12, 'Neutral': 1.0, 'Other': 2.5908569452164076e-14, 'Sad': 2.0540010664538144e-11, 'Surprised': 1.3671425103112256e-12, 'Unknown': 1.5179711329062207e-13}",We whack him on the head before he starts to do the hand. Stop it!
TRAVIS,00:33:20,00:33:27,Neutral,"{'Angry': 1.7842762586438993e-13, 'Disgusted': 5.8118953917617004e-15, 'Fearful': 1.2419496710547643e-15, 'Happy': 2.0571317273319206e-13, 'Neutral': 1.0, 'Other': 1.017815012332383e-15, 'Sad': 6.839269276782967e-13, 'Surprised': 7.089553960169456e-14, 'Unknown': 4.196064001360349e-15}","I throw him the coin purse and I say, I expect to see that doubled when I get out. And I jump into the pit before Kern even arrives."
MATT,00:33:27,00:33:35,Neutral,"{'Angry': 4.2044493397952465e-07, 'Disgusted': 9.698273117919598e-08, 'Fearful': 2.0917534371278634e-08, 'Happy': 2.3595147524702043e-07, 'Neutral': 0.9999982118606567, 'Other': 5.378659295729449e-09, 'Sad': 8.200029810723208e-07, 'Surprised': 1.9551963248432003e-07, 'Unknown': 6.6993672831472395e-09}",You leap and the whole crowd goes (cheering) and this series of shouting screams surround the air around you. He grabs the coin purse-- how much is in that coin purse?
TRAVIS,00:33:35,00:33:40,Neutral,"{'Angry': 0.0003869509673677385, 'Disgusted': 0.00030716974288225174, 'Fearful': 5.9443340433062986e-05, 'Happy': 0.0011626105988398194, 'Neutral': 0.9969442486763, 'Other': 0.00012329062155913562, 'Sad': 0.0002736094465944916, 'Surprised': 0.00013015107833780348, 'Unknown': 0.0006124890642240644}","According to this, it's eleven-- that can't be right, can it?"
SAM,00:33:40,00:33:41,Happy,"{'Angry': 0.00013217018567956984, 'Disgusted': 0.0002224001073045656, 'Fearful': 1.0979515536746476e-05, 'Happy': 0.9817261099815369, 'Neutral': 0.017577383667230606, 'Other': 0.00011078643728978932, 'Sad': 0.00014253614062909037, 'Surprised': 6.070051313145086e-05, 'Unknown': 1.6917751054279506e-05}","11,000?"
LAURA,00:33:41,00:33:42,Neutral,"{'Angry': 2.1805526273510623e-08, 'Disgusted': 4.771402828396276e-08, 'Fearful': 1.3820204536330039e-08, 'Happy': 3.0093133318587206e-07, 'Neutral': 0.9999994039535522, 'Other': 5.319433782347005e-08, 'Sad': 1.4912276924405887e-07, 'Surprised': 2.85904078189958e-09, 'Unknown': 1.3596596204479283e-07}",Personal funds?!
MATT,00:33:42,00:33:44,Neutral,"{'Angry': 0.00024153295089490712, 'Disgusted': 0.00151642260607332, 'Fearful': 0.0019184555858373642, 'Happy': 0.039700426161289215, 'Neutral': 0.8551250100135803, 'Other': 0.0007501905784010887, 'Sad': 0.000994101632386446, 'Surprised': 6.285971721808892e-06, 'Unknown': 0.09974750876426697}","Your personal funds, not what's in the Bag of Holding."
TRAVIS,00:33:44,00:33:45,Angry,"{'Angry': 0.949711263179779, 'Disgusted': 0.02241128869354725, 'Fearful': 0.0009598606266081333, 'Happy': 0.007907326333224773, 'Neutral': 0.002198203466832638, 'Other': 0.001064887153916061, 'Sad': 0.000780385744292289, 'Surprised': 2.1396897864178754e-05, 'Unknown': 0.014945401810109615}","1,363."
MATT,00:33:45,00:33:48,Neutral,"{'Angry': 5.080971277493518e-06, 'Disgusted': 2.4091254999802914e-06, 'Fearful': 1.2590711548909894e-06, 'Happy': 7.143066613934934e-05, 'Neutral': 0.9998570680618286, 'Other': 1.1017816632374888e-06, 'Sad': 5.9437687013996765e-05, 'Surprised': 4.470685723845236e-07, 'Unknown': 1.7740820794642786e-06}","1,363 gold pieces."
LAURA,00:33:48,00:33:52,Neutral,"{'Angry': 1.6242552858258819e-09, 'Disgusted': 4.4717102243296836e-10, 'Fearful': 1.6380556633333043e-10, 'Happy': 9.926927724279722e-09, 'Neutral': 1.0, 'Other': 1.0605109845851501e-10, 'Sad': 6.007266684093793e-09, 'Surprised': 1.6763125609831064e-10, 'Unknown': 9.248763421787487e-10}",That's normal. He probably has more than that.
MARISHA,00:33:52,00:33:54,Neutral,"{'Angry': 1.7428955847997862e-11, 'Disgusted': 1.539155630204958e-12, 'Fearful': 3.187150521798132e-13, 'Happy': 3.2947033989927377e-11, 'Neutral': 1.0, 'Other': 9.057825426121366e-14, 'Sad': 5.0089925263119284e-11, 'Surprised': 5.173989275214508e-12, 'Unknown': 3.908018656947898e-13}",You should start charging admission at the door.
SAM,00:33:54,00:33:56,Neutral,"{'Angry': 2.523657949282665e-10, 'Disgusted': 1.2164866336483726e-11, 'Fearful': 2.5256441903154236e-12, 'Happy': 4.397131991851211e-09, 'Neutral': 1.0, 'Other': 3.0767557013429425e-13, 'Sad': 1.0791101345830612e-09, 'Surprised': 8.319966243730548e-11, 'Unknown': 2.5811218939096603e-13}",I run up. There's a bookie here?
MATT,00:33:56,00:33:58,Neutral,"{'Angry': 1.9264728701173794e-12, 'Disgusted': 8.219667351275217e-14, 'Fearful': 2.0657769860487306e-14, 'Happy': 3.24904643120294e-12, 'Neutral': 1.0, 'Other': 6.157605536436439e-15, 'Sad': 6.50629376763856e-12, 'Surprised': 6.227510369362366e-13, 'Unknown': 4.2026976245900655e-14}",There is a bookie.
SAM,00:33:58,00:34:05,Happy,"{'Angry': 7.877890311647207e-05, 'Disgusted': 0.001105896895751357, 'Fearful': 0.0002264266076963395, 'Happy': 0.8838585615158081, 'Neutral': 0.10321938246488571, 'Other': 0.0009998971363529563, 'Sad': 0.007423496339470148, 'Surprised': 0.002490359591320157, 'Unknown': 0.0005971654900349677}","I run up to him and very subtly say, I'd like a hundred against Grog, please. (laughter)"
MATT,00:34:05,00:34:11,Neutral,"{'Angry': 3.5819066354463025e-13, 'Disgusted': 1.4107702195852428e-14, 'Fearful': 3.0707491789557255e-15, 'Happy': 4.0343263126886575e-13, 'Neutral': 1.0, 'Other': 2.1632467613551774e-15, 'Sad': 1.351292125070791e-12, 'Surprised': 1.4219550016625337e-13, 'Unknown': 1.0179903693282883e-14}","Okay. He looks down at you and says, ""Not bad. Going with the odds. It's three to one against him."""
SAM,00:34:11,00:34:15,Neutral,"{'Angry': 0.12009096890687943, 'Disgusted': 0.19769996404647827, 'Fearful': 0.004721560049802065, 'Happy': 0.25944849848747253, 'Neutral': 0.3939610421657562, 'Other': 0.0001795906136976555, 'Sad': 0.021390987560153008, 'Surprised': 0.0014449143782258034, 'Unknown': 0.0010624973801895976}","All right, yes. Just don't mention if I win. Maybe I'll come and collect later."
ORION,00:34:15,00:34:16,Neutral,"{'Angry': 0.0033494422677904367, 'Disgusted': 0.015550948679447174, 'Fearful': 0.00010922249930445105, 'Happy': 0.047547776252031326, 'Neutral': 0.9143261909484863, 'Other': 0.0005322533543221653, 'Sad': 0.006641740445047617, 'Surprised': 0.011917319148778915, 'Unknown': 2.512757055228576e-05}",I have 600 gold pieces--
MATT,00:34:16,00:34:17,Neutral,"{'Angry': 0.0003105232026427984, 'Disgusted': 0.00033145176712423563, 'Fearful': 3.9671525883022696e-05, 'Happy': 0.002992253052070737, 'Neutral': 0.995084822177887, 'Other': 6.081963420001557e-06, 'Sad': 0.0005961672286503017, 'Surprised': 0.00063670938834548, 'Unknown': 2.2744677607988706e-06}",You don't hear this.
SAM,00:34:17,00:34:20,Happy,"{'Angry': 3.835610914393328e-05, 'Disgusted': 0.00012262466771062464, 'Fearful': 3.535068026394583e-05, 'Happy': 0.9971303343772888, 'Neutral': 0.0015494137769564986, 'Other': 2.645445056259632e-05, 'Sad': 5.234481068328023e-05, 'Surprised': 1.0881067282753065e-05, 'Unknown': 0.001034212182275951}",I'll collect later. Don't say anything.
MATT,00:34:20,00:34:22,Happy,"{'Angry': 2.0404371248172737e-10, 'Disgusted': 5.840180006266849e-10, 'Fearful': 2.1542269357244237e-10, 'Happy': 1.0, 'Neutral': 7.847601457555697e-10, 'Other': 3.6653860502333657e-10, 'Sad': 7.395786205677268e-10, 'Surprised': 2.853130509627988e-10, 'Unknown': 3.4006522597884725e-10}","""All right."""
TALIESIN,00:34:22,00:34:29,Neutral,"{'Angry': 5.801675600439898e-14, 'Disgusted': 2.439311951282536e-15, 'Fearful': 3.6193156676848698e-16, 'Happy': 8.412922322762612e-14, 'Neutral': 1.0, 'Other': 5.780208947996101e-16, 'Sad': 1.859140825229838e-13, 'Surprised': 3.3375751029010234e-14, 'Unknown': 1.8606571582010243e-15}","Good chap, I'd like to place a bet. 500 gold pieces on Philip."
MATT,00:34:29,00:34:34,Neutral,"{'Angry': 2.6975630388302585e-13, 'Disgusted': 8.096304286990975e-15, 'Fearful': 1.8035002219532513e-15, 'Happy': 3.0712268123643527e-13, 'Neutral': 1.0, 'Other': 1.0876410203722385e-15, 'Sad': 1.0198687597565148e-12, 'Surprised': 8.503896371803155e-14, 'Unknown': 5.3801707453591825e-15}","""On to Philip. All right. (laughs) 500."""
ORION,00:34:34,00:34:41,Unknown,"{'Angry': 0.0022680326364934444, 'Disgusted': 0.019952064380049706, 'Fearful': 0.0005539616104215384, 'Happy': 0.009279138408601284, 'Neutral': 0.15085114538669586, 'Other': 0.09046301990747452, 'Sad': 0.0004653531941585243, 'Surprised': 2.3319129468291067e-05, 'Unknown': 0.7261439561843872}","I'm going to break my bank and follow suit to my human friend. 612 is, I think, all I have left."
MATT,00:34:41,00:35:10,Neutral,"{'Angry': 3.8209036574698985e-06, 'Disgusted': 1.9068886558670783e-06, 'Fearful': 2.5818107474151475e-07, 'Happy': 5.3319879953050986e-05, 'Neutral': 0.9999243021011353, 'Other': 6.5447643464722205e-06, 'Sad': 6.654242042714031e-06, 'Surprised': 1.0300999520040932e-06, 'Unknown': 2.1428545551316347e-06}","""Curious number, but certainly."" At this time, the crowd gets a little more hushed, people are like, ""Oh."" And you see-- you don't see this, because you're down in the Crucible-- you see the crowd, which has probably gathered close to 70 plus people, part, and you see walking over, soot smeared across the front of his face, stepping up is Kern the Hammer, with a bristled, half-orc mustache, a little bit tousled from a day of hard work, sweat glistening off the top of his brow and the top of his head."
TRAVIS,00:35:10,00:35:13,Neutral,"{'Angry': 5.477454045887953e-10, 'Disgusted': 2.0763558927772152e-10, 'Fearful': 5.3261901833412395e-11, 'Happy': 1.7339116809012012e-09, 'Neutral': 1.0, 'Other': 8.582105859300526e-11, 'Sad': 3.6999745489652014e-09, 'Surprised': 7.902421772509882e-11, 'Unknown': 2.739326543377274e-10}",He's missing a lip.
MATT,00:35:13,00:35:33,Neutral,"{'Angry': 1.4009247983892692e-08, 'Disgusted': 2.0181554205578323e-08, 'Fearful': 6.003849861713206e-09, 'Happy': 8.789994581093197e-07, 'Neutral': 0.9999974966049194, 'Other': 2.153923794878665e-08, 'Sad': 1.5360375300588203e-06, 'Surprised': 9.986362847769215e-09, 'Unknown': 1.6687495829614818e-08}","As he approaches, you can see-- there has been some healing through the quick work of the clerics who worked after the last battle. However, there is definitely a section of his upper lip that is permanently missing, looking almost like a half-cleft palate. You can see beneath it, his sneering yellowed teeth grinding as he approaches the Crucible."
TALIESIN,00:35:33,00:35:35,Neutral,"{'Angry': 3.0198182843221844e-10, 'Disgusted': 5.972074224036561e-11, 'Fearful': 1.4990864452557595e-11, 'Happy': 7.385073108601148e-10, 'Neutral': 1.0, 'Other': 6.326548659951747e-12, 'Sad': 2.500884166423134e-09, 'Surprised': 6.002175839681101e-11, 'Unknown': 5.9579741314153e-12}","I believe in you, Philip."
LAURA,00:35:35,00:35:37,Neutral,"{'Angry': 0.019104938954114914, 'Disgusted': 0.012028954923152924, 'Fearful': 0.00047424293006770313, 'Happy': 0.1271030306816101, 'Neutral': 0.7688879370689392, 'Other': 0.0006192451110109687, 'Sad': 0.007484002970159054, 'Surprised': 0.06394404172897339, 'Unknown': 0.00035361741902306676}",I'm going to bet.
MATT,00:35:37,00:35:39,Neutral,"{'Angry': 1.8507405911805108e-05, 'Disgusted': 3.813859439105727e-05, 'Fearful': 1.2803369827452116e-05, 'Happy': 0.00013461129856295884, 'Neutral': 0.9995806813240051, 'Other': 2.169897925341502e-06, 'Sad': 9.72575944615528e-05, 'Surprised': 0.00011434461339376867, 'Unknown': 1.4276429283199832e-06}",You're going to bet?
LAURA,00:35:39,00:35:41,Neutral,"{'Angry': 1.0090299255860469e-11, 'Disgusted': 1.0348016931185922e-12, 'Fearful': 2.5880580773081363e-13, 'Happy': 1.5454665325265182e-11, 'Neutral': 1.0, 'Other': 9.513472908756482e-14, 'Sad': 3.5932621461620684e-11, 'Surprised': 3.5001348607649474e-12, 'Unknown': 5.508457188649341e-13}",I'm going to bet. I'm going to put 600 on Philip!
MARISHA,00:35:41,00:35:44,Neutral,"{'Angry': 0.00012703715765383095, 'Disgusted': 8.159717253874987e-05, 'Fearful': 2.275939732498955e-05, 'Happy': 2.5999610443250276e-05, 'Neutral': 0.9992604851722717, 'Other': 2.73882619694632e-06, 'Sad': 0.00020470960589591414, 'Surprised': 0.00027339145890437067, 'Unknown': 1.3025853604631266e-06}","So wait, this betting thing is enjoyable?"
ORION,00:35:44,00:35:47,Neutral,"{'Angry': 0.002382553881034255, 'Disgusted': 0.0010119004873558879, 'Fearful': 0.0005430419696494937, 'Happy': 0.009824803099036217, 'Neutral': 0.9808771014213562, 'Other': 5.9793466789415106e-05, 'Sad': 0.003051875624805689, 'Surprised': 0.002072283998131752, 'Unknown': 0.00017673221009317786}","No, it's not. It's a gamble."
MARISHA,00:35:47,00:35:48,Happy,"{'Angry': 0.03351997956633568, 'Disgusted': 0.02966975048184395, 'Fearful': 0.0005626840866170824, 'Happy': 0.8003770112991333, 'Neutral': 0.11980120837688446, 'Other': 0.00017245837079826742, 'Sad': 0.010545126162469387, 'Surprised': 0.005287795327603817, 'Unknown': 6.399883568519726e-05}",It feels bad?
TALIESIN,00:35:48,00:35:50,Surprised,"{'Angry': 0.0004159230156801641, 'Disgusted': 0.0006856018444523215, 'Fearful': 0.0007965744007378817, 'Happy': 0.0001197428282466717, 'Neutral': 0.002264847978949547, 'Other': 7.296728199435165e-06, 'Sad': 0.00013876191223971546, 'Surprised': 0.9955396056175232, 'Unknown': 3.171985736116767e-05}",It's terrible.
MARISHA,00:35:50,00:35:52,Neutral,"{'Angry': 4.203952266834676e-05, 'Disgusted': 6.940475486771902e-06, 'Fearful': 7.026856110314839e-06, 'Happy': 2.225270691269543e-05, 'Neutral': 0.9998151659965515, 'Other': 1.6564556062803604e-05, 'Sad': 3.641390139819123e-05, 'Surprised': 1.3165038126317086e-06, 'Unknown': 5.235656863078475e-05}",So why do we do it?
ORION,00:35:52,00:35:55,Happy,"{'Angry': 0.004085381515324116, 'Disgusted': 0.0005635221605189145, 'Fearful': 0.3649578094482422, 'Happy': 0.43244919180870056, 'Neutral': 0.004174944944679737, 'Other': 0.002698189578950405, 'Sad': 0.017985448241233826, 'Surprised': 0.17293041944503784, 'Unknown': 0.0001550459273857996}","So we can make more, and plus, it's giving faith in our friend."
LAURA,00:35:55,00:35:59,Surprised,"{'Angry': 0.00011114581866422668, 'Disgusted': 0.000318364764098078, 'Fearful': 7.861960330046713e-05, 'Happy': 0.0006952678668312728, 'Neutral': 0.00011442510731285438, 'Other': 3.208916950825369e-06, 'Sad': 9.91028718999587e-06, 'Surprised': 0.9986543655395508, 'Unknown': 1.472562780691078e-05}",It's inspiration.
MARISHA,00:35:59,00:36:01,Angry,"{'Angry': 0.7547591328620911, 'Disgusted': 0.007569638080894947, 'Fearful': 0.003893221030011773, 'Happy': 0.007074106018990278, 'Neutral': 0.21893855929374695, 'Other': 9.453906386625022e-05, 'Sad': 0.005897545255720615, 'Surprised': 0.001019601826556027, 'Unknown': 0.0007536506745964289}",I'll bet five gold on Philip.
TRAVIS,00:36:01,00:36:07,Neutral,"{'Angry': 0.027945993468165398, 'Disgusted': 0.019584447145462036, 'Fearful': 0.0031469068489968777, 'Happy': 0.04925220087170601, 'Neutral': 0.5923442840576172, 'Other': 0.021054089069366455, 'Sad': 0.0037432361859828234, 'Surprised': 0.0009953378466889262, 'Unknown': 0.2819335162639618}","(laughs) That's an excellent bet. That is an excellent bet, Keyleth."
MARISHA,00:36:07,00:36:10,Neutral,"{'Angry': 0.0029817032627761364, 'Disgusted': 0.002423284575343132, 'Fearful': 0.003576386021450162, 'Happy': 0.0922287330031395, 'Neutral': 0.8837487101554871, 'Other': 0.0002832994796335697, 'Sad': 0.0043041398748755455, 'Surprised': 0.001326591125689447, 'Unknown': 0.009127136319875717}",Thank you! Is that how it works?
MATT,00:36:10,00:36:44,Neutral,"{'Angry': 0.0072209881618618965, 'Disgusted': 0.011614026501774788, 'Fearful': 0.001260895631276071, 'Happy': 0.01396892685443163, 'Neutral': 0.9239556193351746, 'Other': 0.01293670292943716, 'Sad': 0.012244882993400097, 'Surprised': 0.0024899535346776247, 'Unknown': 0.014308019541203976}","Vax stands behind you and is like, ""Yes, I'll stand behind your bet,"" and keeps his gold to himself. At this point, the crowd separates. This tension's mounting, and everyone's eyes are on Kern as he steps up to the edge of the Crucible. You now notice the dark figure. The noonday sun is now high in the sky, and you can see, by the little bit of the shadowed outline of Kern, muscle-bound, looming over the edge of the Crucible. You hear a voice call down to you, low and gravelly and familiar. ""You! Did you like the gift I sent you?"""
TRAVIS,00:36:44,00:36:55,Neutral,"{'Angry': 2.727655328271794e-07, 'Disgusted': 1.4609307186219667e-07, 'Fearful': 9.141682077995483e-09, 'Happy': 2.110567720592371e-06, 'Neutral': 0.999996542930603, 'Other': 2.996630499296771e-08, 'Sad': 3.630267428889056e-07, 'Surprised': 6.19285515313095e-07, 'Unknown': 1.0873880462725083e-08}","I reach into my belt and I pull out his upper lip, and I give it a smell and I say, I've enjoyed it very much. I've come to collect the rest. And I fling it into the pit."
MATT,00:36:55,00:37:43,Neutral,"{'Angry': 0.00014245974307414144, 'Disgusted': 0.00023218074056785554, 'Fearful': 1.385007726639742e-05, 'Happy': 0.005010853987187147, 'Neutral': 0.9935283064842224, 'Other': 0.0004162598925177008, 'Sad': 0.0001227538741659373, 'Surprised': 0.0004023971559945494, 'Unknown': 0.00013106320693623275}","It hits the ground. ""You're not wearing the medal. A shame, really. I thought you'd be more proud of your status."" (whoosh, thud). He leaps down into the pit right before you, this grin on his face. As everyone's gathering around, people are now swarming the bookie, handing gold left and right, and he's making notes in his little ledger out of his pocket. People are beginning to gather around and crush against the outsides of the Crucible with some people being careful, almost being pushed in. At this point in time, now, Kern's glaring at you and you guys are slowly circling each other. (grunts) ""You've been training, I see. Good. So have I!"" He goes and takes his wine skin, pops off the top--"
TRAVIS,00:37:43,00:37:52,Neutral,"{'Angry': 1.0596908239790537e-08, 'Disgusted': 7.011065505935221e-09, 'Fearful': 9.185419647117499e-10, 'Happy': 1.9581440824367746e-07, 'Neutral': 0.9999997615814209, 'Other': 9.449744986511632e-09, 'Sad': 3.758184163871192e-08, 'Surprised': 1.6622085929896002e-09, 'Unknown': 6.492591353435273e-09}",Hold! Surely a man of your stature would honor me by sharing a drink before this battle.
MATT,00:37:52,00:38:03,Neutral,"{'Angry': 9.431402503423669e-08, 'Disgusted': 3.9937049223226495e-08, 'Fearful': 1.8421023595394104e-09, 'Happy': 4.804646280831548e-08, 'Neutral': 0.9999997615814209, 'Other': 5.961210192140243e-09, 'Sad': 2.487212924506821e-08, 'Surprised': 1.594572474061806e-08, 'Unknown': 2.97563351736585e-09}",He takes (glugging) and throws you the wineskin.
TRAVIS,00:38:03,00:38:05,Neutral,"{'Angry': 9.03953769011423e-05, 'Disgusted': 1.7527669115224853e-05, 'Fearful': 3.474879849818535e-05, 'Happy': 0.00015600520418956876, 'Neutral': 0.9993335604667664, 'Other': 6.20496439296403e-06, 'Sad': 0.00033616478322073817, 'Surprised': 1.1912343325093389e-05, 'Unknown': 1.3390700587478932e-05}",How much is left in there?
MATT,00:38:05,00:38:13,Neutral,"{'Angry': 1.0952510010042715e-09, 'Disgusted': 3.9889513914204144e-10, 'Fearful': 8.928915939954152e-11, 'Happy': 1.5994283231179907e-08, 'Neutral': 1.0, 'Other': 4.692391614158353e-11, 'Sad': 3.936822423611375e-09, 'Surprised': 3.859740305145465e-10, 'Unknown': 3.3514505060061595e-10}","About a third. You're clutching it in your hand, and he's staring at you intently."
TRAVIS,00:38:13,00:38:25,Happy,"{'Angry': 2.745875748999538e-10, 'Disgusted': 6.410146857760424e-10, 'Fearful': 3.5065531034383923e-10, 'Happy': 1.0, 'Neutral': 8.030684450766046e-10, 'Other': 3.362309319854262e-10, 'Sad': 1.3759552386360951e-09, 'Surprised': 5.882483389285653e-10, 'Unknown': 2.339149429708698e-10}","(sniff, sniff) I don't drink such piss water. I pour it out. I take out my own wineskin that I filled with the stone giant strength, and I chug it down."
SAM,00:38:25,00:38:27,Neutral,"{'Angry': 3.4653648839366724e-09, 'Disgusted': 6.95061697086885e-09, 'Fearful': 2.004868937532933e-09, 'Happy': 4.351910831701389e-08, 'Neutral': 0.9999998807907104, 'Other': 2.153574651941881e-09, 'Sad': 1.2300728258196614e-07, 'Surprised': 9.967029424018392e-10, 'Unknown': 8.794736494621702e-09}",He's juicing!
MARISHA,00:38:27,00:38:30,Neutral,"{'Angry': 9.661343369771203e-08, 'Disgusted': 3.1233301456268237e-07, 'Fearful': 1.5028537347916426e-07, 'Happy': 1.5434462738994625e-06, 'Neutral': 0.9999940395355225, 'Other': 9.294235780998861e-08, 'Sad': 2.6115883429156383e-06, 'Surprised': 2.749352212561007e-08, 'Unknown': 1.051077333613648e-06}",Oh shit!
TALIESIN,00:38:30,00:38:31,Neutral,"{'Angry': 0.00013510450662579387, 'Disgusted': 0.0007723175804130733, 'Fearful': 3.922847827197984e-05, 'Happy': 5.1656508730957285e-05, 'Neutral': 0.9984830021858215, 'Other': 3.1607993150828406e-05, 'Sad': 0.0002824447874445468, 'Surprised': 6.466242211899953e-06, 'Unknown': 0.00019832636462524533}",Oh!
MATT,00:38:31,00:38:41,Neutral,"{'Angry': 0.004413912538439035, 'Disgusted': 0.000571242708247155, 'Fearful': 0.00010442534403409809, 'Happy': 0.0012870697537437081, 'Neutral': 0.9912700653076172, 'Other': 0.00046746223233640194, 'Sad': 0.001113825710490346, 'Surprised': 0.00012565086944960058, 'Unknown': 0.0006463673198595643}","You see him snarl to the side as you toss his wineskin to the ground and you chug your own. It tastes very heavily-- this is frost giant strength, you said?"
TRAVIS,00:38:41,00:38:42,Neutral,"{'Angry': 0.0034969442058354616, 'Disgusted': 0.0018931877566501498, 'Fearful': 4.518585046753287e-05, 'Happy': 0.0021502862218767405, 'Neutral': 0.9918592572212219, 'Other': 4.999857992515899e-05, 'Sad': 0.00033898602123372257, 'Surprised': 0.0001218314646393992, 'Unknown': 4.435365190147422e-05}","Or the stone giant, yeah."
MATT,00:38:42,00:39:03,Neutral,"{'Angry': 0.003006743034347892, 'Disgusted': 0.0006650661234743893, 'Fearful': 0.00024495250545442104, 'Happy': 0.005349996965378523, 'Neutral': 0.9811551570892334, 'Other': 0.0005043648998253047, 'Sad': 0.008309876546263695, 'Surprised': 0.00037185882683843374, 'Unknown': 0.0003919050795957446}","Oh, the stone giant. It tastes very heavily of black charcoal, dust, grit, and the actual liquid itself has a very gravelly texture as it goes down your throat, and you can feel chunks getting caught, but you push through and continue gulping it. It's thicker, like a molasses, than it is an actual liquid. You finish it off, toss it to the side. Go ahead and mark your increase to strength for this."
TRAVIS,00:39:03,00:39:08,Neutral,"{'Angry': 2.157789280587963e-09, 'Disgusted': 6.3222760360304164e-09, 'Fearful': 1.617355138705534e-09, 'Happy': 2.777377083873489e-08, 'Neutral': 1.0, 'Other': 1.7268190211083834e-09, 'Sad': 2.3186743192127324e-08, 'Surprised': 5.095103006169666e-09, 'Unknown': 4.979160972418128e-10}",I got it down already. (laughter)
MATT,00:39:08,00:39:09,Neutral,"{'Angry': 0.0044681616127491, 'Disgusted': 0.4358554184436798, 'Fearful': 0.00024091076920740306, 'Happy': 0.002870833268389106, 'Neutral': 0.546042263507843, 'Other': 0.0002598075952846557, 'Sad': 0.0007163440459407866, 'Surprised': 0.00921799149364233, 'Unknown': 0.00032824312802404165}",You came prepared!
TRAVIS,00:39:09,00:39:15,Neutral,"{'Angry': 5.527589497233976e-10, 'Disgusted': 2.895082784615255e-10, 'Fearful': 6.962738718918615e-11, 'Happy': 9.00740371179154e-09, 'Neutral': 1.0, 'Other': 1.0458291177517509e-10, 'Sad': 3.60391161358109e-09, 'Surprised': 1.501897634037519e-10, 'Unknown': 3.2460575893900057e-10}","(singing) We're going to need a montage, a montage."
MATT,00:39:15,00:39:45,Happy,"{'Angry': 2.5100152925006114e-05, 'Disgusted': 6.799746188335121e-05, 'Fearful': 7.077255577314645e-05, 'Happy': 0.8972524404525757, 'Neutral': 0.00010076425678562373, 'Other': 8.384449756704271e-05, 'Sad': 0.10233287513256073, 'Surprised': 4.388261731946841e-05, 'Unknown': 2.2270929548540153e-05}","(laughs) You toss your wineskin to the side. The bookie, you hear now, raises his hand. ""All here in attendance. We have here in the Crucible this day, a rematch of titans. The standing champion of all the Braving Grounds of Vasselheim: Kern the Hammer."" (cheers) (booing)"
MATT,00:39:45,00:40:07,Neutral,"{'Angry': 0.009830204769968987, 'Disgusted': 0.012678617611527443, 'Fearful': 0.0027453990187495947, 'Happy': 0.13745273649692535, 'Neutral': 0.4723992943763733, 'Other': 0.17222526669502258, 'Sad': 0.14151696860790253, 'Surprised': 0.007357252761721611, 'Unknown': 0.04379427805542946}","Coins start raining on you: copper, silver, and gold pieces spin down on the ground around you, Grog. You guys just stand tensely locked in that warrior glare. ""Challenging him, once again, tail between his legs, intent on claiming his glory, returning to the Crucible, Philip."""
TRAVIS,00:40:07,00:40:20,Neutral,"{'Angry': 0.0015998960006982088, 'Disgusted': 0.008542251773178577, 'Fearful': 0.0004034948942717165, 'Happy': 0.005804143380373716, 'Neutral': 0.5202912092208862, 'Other': 0.304347962141037, 'Sad': 0.0021040397696197033, 'Surprised': 0.000180401504621841, 'Unknown': 0.15672658383846283}","No! Philip is dead. There is no Philip. There is only Grog, the Vengeful. (cheering)"
MATT,00:40:20,00:41:14,Neutral,"{'Angry': 0.0010100931394845247, 'Disgusted': 0.0008975164964795113, 'Fearful': 0.00023536938533652574, 'Happy': 0.02919929102063179, 'Neutral': 0.7988095283508301, 'Other': 0.001763969543389976, 'Sad': 0.15978080034255981, 'Surprised': 7.761510642012581e-05, 'Unknown': 0.00822579488158226}","Cheers go up around the outside of the Crucible. You can now see the entire crowd-- the energy itself is electric in the air; eyes are intense and bloodshot. Everyone is looking down into what is about to be, hopefully, a drag-out, throwdown fight. You feel the rippling strength of your stone giant elders tearing through your body. You flex, and you hear with each muscle tensing and the popping of bones and sinew as you prepare yourself for this. As you're doing this, you see across the way, Kern cracks his knuckles, and you can see the giant scar from his snarling lip. You realize he hasn't been snarling this whole time; it's just the natural state of his current smile. And then he snarls. You can see his orcish tusks protruding out, and the gums themselves, black and purple, peering out from underneath his upper lip that you once destroyed. ""I'm going to take yours this time, boy."""
TRAVIS,00:41:14,00:41:19,Unknown,"{'Angry': 0.20018209517002106, 'Disgusted': 0.14729653298854828, 'Fearful': 0.03061860427260399, 'Happy': 0.1909150630235672, 'Neutral': 0.11660744994878769, 'Other': 0.0023998550605028868, 'Sad': 0.012724051252007484, 'Surprised': 0.0007307211635634303, 'Unknown': 0.2985256016254425}","Enough words, toothless. Let's do this."
MATT,00:41:19,00:41:21,Happy,"{'Angry': 0.0035504596307873726, 'Disgusted': 4.086039189132862e-05, 'Fearful': 7.983857358340174e-05, 'Happy': 0.9911371469497681, 'Neutral': 0.0038361805491149426, 'Other': 4.649431957659544e-06, 'Sad': 0.0004012836143374443, 'Surprised': 0.0009486646158620715, 'Unknown': 1.0253725122311153e-06}",Roll initiative.
TRAVIS,00:41:21,00:41:28,Neutral,"{'Angry': 1.156727648776723e-06, 'Disgusted': 1.6755562910475419e-06, 'Fearful': 3.0913963655621046e-07, 'Happy': 1.590405076967727e-06, 'Neutral': 0.9999796152114868, 'Other': 4.88022897116025e-06, 'Sad': 3.2539203402848216e-06, 'Surprised': 4.235077710745827e-08, 'Unknown': 7.48525462768157e-06}","Oh, I get advantage, don't I? That's better. 20."
MARISHA,00:41:28,00:41:31,Neutral,"{'Angry': 0.0009914063848555088, 'Disgusted': 0.001270730746909976, 'Fearful': 0.0002662709739524871, 'Happy': 0.001585781341418624, 'Neutral': 0.993861198425293, 'Other': 0.00012136880832258612, 'Sad': 0.0006961702601984143, 'Surprised': 0.00010778736759675667, 'Unknown': 0.0010993079049512744}",Music change!
SAM,00:41:31,00:41:34,Unknown,"{'Angry': 0.03692626953125, 'Disgusted': 0.02305486612021923, 'Fearful': 0.013333549723029137, 'Happy': 0.07761000096797943, 'Neutral': 0.36051785945892334, 'Other': 0.02437784895300865, 'Sad': 0.03189145401120186, 'Surprised': 0.007559231948107481, 'Unknown': 0.42472898960113525}",How did you have that ready?
TALIESIN,00:41:34,00:41:40,Neutral,"{'Angry': 6.473032243548005e-08, 'Disgusted': 6.739701774449713e-08, 'Fearful': 4.5728674180622875e-09, 'Happy': 1.34597300416317e-07, 'Neutral': 0.9999996423721313, 'Other': 2.079285899014849e-08, 'Sad': 4.6730423974850055e-08, 'Surprised': 2.9499827025603054e-09, 'Unknown': 7.033972337922023e-08}",Witchcraft!
MATT,00:41:40,00:41:47,Neutral,"{'Angry': 0.0035128958988934755, 'Disgusted': 7.042234210530296e-05, 'Fearful': 1.865990270744078e-05, 'Happy': 0.01902586966753006, 'Neutral': 0.9761941432952881, 'Other': 0.0003041036834474653, 'Sad': 0.0005844843690283597, 'Surprised': 3.0297744160634466e-05, 'Unknown': 0.0002592184755485505}","I keep all my stuff at the ready, just in case. All right."
TALIESIN,00:41:47,00:41:49,Angry,"{'Angry': 0.8178538680076599, 'Disgusted': 0.038573749363422394, 'Fearful': 0.0030690471176058054, 'Happy': 0.12298740446567535, 'Neutral': 0.009215420112013817, 'Other': 0.0008357118349522352, 'Sad': 0.005864577833563089, 'Surprised': 0.001046417048200965, 'Unknown': 0.0005537304095923901}",Are we that predictable?
MATT,00:41:49,00:41:55,Neutral,"{'Angry': 0.006184568628668785, 'Disgusted': 0.002167368773370981, 'Fearful': 0.0003365644079167396, 'Happy': 0.11613371968269348, 'Neutral': 0.8641563057899475, 'Other': 0.0017771567218005657, 'Sad': 0.002467821119353175, 'Surprised': 0.00038203265285119414, 'Unknown': 0.006394409108906984}","I have a whole cluster over here. So what'd you get for initiative, in total?"
TRAVIS,00:41:55,00:41:56,Neutral,"{'Angry': 0.007085274439305067, 'Disgusted': 0.0028463786002248526, 'Fearful': 6.14170785411261e-05, 'Happy': 0.0009183049551211298, 'Neutral': 0.9873773455619812, 'Other': 2.0608315026038326e-05, 'Sad': 0.001150119467638433, 'Surprised': 0.0004984509432688355, 'Unknown': 4.212378917145543e-05}",20.
MARISHA,00:41:56,00:42:02,Neutral,"{'Angry': 0.008807654492557049, 'Disgusted': 0.007609520107507706, 'Fearful': 0.0038631209172308445, 'Happy': 0.002535286359488964, 'Neutral': 0.774639904499054, 'Other': 0.013427878729999065, 'Sad': 0.018877653405070305, 'Surprised': 4.001389243057929e-05, 'Unknown': 0.1701989620923996}","There's papers just littering our apartment, just information."
MATT,00:42:02,00:42:08,Angry,"{'Angry': 0.9828453660011292, 'Disgusted': 0.002171772299334407, 'Fearful': 0.00018484480096958578, 'Happy': 0.013287147507071495, 'Neutral': 0.0005838471697643399, 'Other': 9.386418969370425e-05, 'Sad': 0.00026585583691485226, 'Surprised': 3.0419259928748943e-05, 'Unknown': 0.0005368563579395413}","I have clusters and clusters of maps that are either used or unused, at all times. All righty."
MARISHA,00:42:08,00:42:09,Neutral,"{'Angry': 0.00044306370546109974, 'Disgusted': 0.0005599563010036945, 'Fearful': 0.0007286440231837332, 'Happy': 0.011875122785568237, 'Neutral': 0.5727574825286865, 'Other': 2.648811278049834e-05, 'Sad': 0.0009005536558106542, 'Surprised': 0.41269150376319885, 'Unknown': 1.7189522623084486e-05}",Our house is a D&D cave.
MATT,00:42:09,00:42:18,Sad,"{'Angry': 0.12684328854084015, 'Disgusted': 0.009895717725157738, 'Fearful': 0.005308373831212521, 'Happy': 0.008743111044168472, 'Neutral': 0.021469371393322945, 'Other': 0.00036080661811865866, 'Sad': 0.8229498267173767, 'Surprised': 0.0028671056497842073, 'Unknown': 0.0015624468214809895}","I'm so sorry. As you're preparing for this circumstance, you are up first. Grog, you have initiative."
TRAVIS,00:42:18,00:42:37,Sad,"{'Angry': 0.025608614087104797, 'Disgusted': 0.002067255089059472, 'Fearful': 0.0004158540687058121, 'Happy': 0.0007523247040808201, 'Neutral': 0.09233078360557556, 'Other': 0.0008402715320698917, 'Sad': 0.8770497441291809, 'Surprised': 0.0001269978383788839, 'Unknown': 0.0008081286214292049}","I race towards Kern, and I duck down as if I'm going to go into a form tackle towards his waist. I take a step to the side at the last second and wrap my arms around his waist from behind, pick him up to DDT him over my shoulder. (cheering)"
ORION,00:42:37,00:42:38,Neutral,"{'Angry': 0.025222934782505035, 'Disgusted': 0.040626656264066696, 'Fearful': 0.006241914350539446, 'Happy': 0.0835944414138794, 'Neutral': 0.624474287033081, 'Other': 0.00013170650345273316, 'Sad': 0.028148019686341286, 'Surprised': 0.19137932360172272, 'Unknown': 0.00018079931032843888}",The DDT!
MARISHA,00:42:38,00:42:40,Surprised,"{'Angry': 5.798041820526123e-05, 'Disgusted': 0.00012116642028558999, 'Fearful': 0.00018574607383925468, 'Happy': 3.804835432674736e-05, 'Neutral': 9.243260137736797e-05, 'Other': 1.8227096006739885e-05, 'Sad': 6.089170710765757e-06, 'Surprised': 0.99947589635849, 'Unknown': 4.498582256928785e-06}",The DDT!
MATT,00:42:40,00:42:42,Happy,"{'Angry': 0.0021275761537253857, 'Disgusted': 0.0412156917154789, 'Fearful': 0.17280824482440948, 'Happy': 0.3596753776073456, 'Neutral': 0.19077742099761963, 'Other': 0.003167730988934636, 'Sad': 0.2062491625547409, 'Surprised': 0.022962182760238647, 'Unknown': 0.0010166290448978543}","Okay. For this, go ahead and make an athletics check."
TRAVIS,00:42:42,00:42:48,Happy,"{'Angry': 0.000568570860195905, 'Disgusted': 0.0033361869864165783, 'Fearful': 0.0005283489590510726, 'Happy': 0.727091908454895, 'Neutral': 0.24185684323310852, 'Other': 0.0013010670663788915, 'Sad': 0.007100933697074652, 'Surprised': 0.0004880875058006495, 'Unknown': 0.0177280493080616}",Okay. (laughs) 25.
MATT,00:42:48,00:42:49,Neutral,"{'Angry': 0.004295109771192074, 'Disgusted': 0.001782681792974472, 'Fearful': 0.00040715321665629745, 'Happy': 0.0057485937140882015, 'Neutral': 0.9799665808677673, 'Other': 0.0007875040755607188, 'Sad': 0.0032724870834499598, 'Surprised': 0.0004482204094529152, 'Unknown': 0.003291743341833353}",25.
TRAVIS,00:42:49,00:42:51,Neutral,"{'Angry': 0.00029285208438523114, 'Disgusted': 2.1800256945425645e-05, 'Fearful': 6.428589131246554e-06, 'Happy': 2.5404695406905375e-05, 'Neutral': 0.9996017813682556, 'Other': 3.4157304185100656e-07, 'Sad': 2.542333459132351e-05, 'Surprised': 2.577436316641979e-05, 'Unknown': 3.296854913514835e-07}",18 plus seven.
MATT,00:42:51,00:43:13,Happy,"{'Angry': 0.013562691397964954, 'Disgusted': 0.005679661873728037, 'Fearful': 0.00012181331112515181, 'Happy': 0.9713963866233826, 'Neutral': 0.006027615163475275, 'Other': 0.0006764693534933031, 'Sad': 0.0010479639749974012, 'Surprised': 0.0004260266723576933, 'Unknown': 0.0010613591875880957}","He rolled a 23. 15 plus eight. So you rush up behind and he goes in for the feint, attempts to parry. However, you vanish from the side. He feels the arms wrap around him and he reaches down instinctively to try and pry them away, but it's too late as you lift him up off of his back and (whack) send him onto the ground. Go ahead and roll 1d2 plus your strength modifier."
LAURA,00:43:13,00:43:15,Unknown,"{'Angry': 0.1607731282711029, 'Disgusted': 0.07380037009716034, 'Fearful': 0.007737938314676285, 'Happy': 0.01994115673005581, 'Neutral': 0.14948129653930664, 'Other': 0.0070867957547307014, 'Sad': 0.010595058090984821, 'Surprised': 7.042929792078212e-05, 'Unknown': 0.5705138444900513}",1d-what? Two?
MATT,00:43:15,00:43:17,Angry,"{'Angry': 0.9805462956428528, 'Disgusted': 0.0019440057221800089, 'Fearful': 0.0068045808002352715, 'Happy': 0.00023707289074081928, 'Neutral': 0.00026817776961252093, 'Other': 7.193271449068561e-05, 'Sad': 0.0003884298203047365, 'Surprised': 0.00966606754809618, 'Unknown': 7.350117084570229e-05}","Well, it's 1d4 divided by two."
TRAVIS,00:43:17,00:43:20,Happy,"{'Angry': 3.836855466943234e-05, 'Disgusted': 0.0002769402344711125, 'Fearful': 8.00393390818499e-05, 'Happy': 0.9848520159721375, 'Neutral': 0.004378301091492176, 'Other': 0.00014512448979075998, 'Sad': 7.862429629312828e-05, 'Surprised': 3.4273314668098465e-05, 'Unknown': 0.01011634711176157}",Six.
MATT,00:43:20,00:43:40,Neutral,"{'Angry': 3.533806375344284e-05, 'Disgusted': 5.900846008444205e-05, 'Fearful': 4.4424687075661495e-06, 'Happy': 0.019832521677017212, 'Neutral': 0.9787367582321167, 'Other': 0.0005816039047203958, 'Sad': 0.0005528612527996302, 'Surprised': 8.35673745314125e-06, 'Unknown': 0.0001890600542537868}","Six, all right. (impact noise) So he took the damage. There's no attacks this round, currently; however, he is currently prone. He is prone on the ground right there. As you slam him onto the ground and release him, he falls to the ground and you hear (pained grunt) this exhale of pain. All right, you also have a bonus action, still."
TRAVIS,00:43:40,00:43:48,Neutral,"{'Angry': 6.167388512867342e-14, 'Disgusted': 1.9693732017064033e-15, 'Fearful': 3.7077607304547957e-16, 'Happy': 7.726509861603892e-14, 'Neutral': 1.0, 'Other': 4.076545905497313e-16, 'Sad': 2.4143976206335294e-13, 'Surprised': 2.9553094726183365e-14, 'Unknown': 1.2585850805014835e-15}","Right, with that action, I would like to go into-- does it take an action to rage?"
MATT,00:43:48,00:43:51,Neutral,"{'Angry': 1.3098759577001573e-10, 'Disgusted': 3.651623448064356e-11, 'Fearful': 2.6092397339971818e-11, 'Happy': 8.357091685340379e-10, 'Neutral': 1.0, 'Other': 1.4816066125702965e-12, 'Sad': 1.414157568824237e-09, 'Surprised': 1.4394296865560818e-10, 'Unknown': 1.004873267929085e-12}",It takes a bonus action for you to rage.
TRAVIS,00:43:51,00:43:52,Neutral,"{'Angry': 0.0010453122667968273, 'Disgusted': 1.4541789823852014e-05, 'Fearful': 1.100109420804074e-05, 'Happy': 3.8485472032334656e-05, 'Neutral': 0.9988219141960144, 'Other': 3.58427172386655e-07, 'Sad': 6.473087705671787e-05, 'Surprised': 3.6340434235171415e-06, 'Unknown': 3.5925481256526837e-08}",Which is what this is?
MATT,00:43:52,00:43:53,Neutral,"{'Angry': 4.6944830245365665e-08, 'Disgusted': 6.551129860810079e-09, 'Fearful': 3.914985668984627e-09, 'Happy': 2.1464182964336942e-07, 'Neutral': 0.9999996423721313, 'Other': 1.7127496088065186e-09, 'Sad': 1.147334600659633e-07, 'Surprised': 4.267115993883408e-09, 'Unknown': 1.58722132659328e-10}",Yes.
TRAVIS,00:43:53,00:43:56,Neutral,"{'Angry': 6.80351955328895e-12, 'Disgusted': 2.5981972649746776e-13, 'Fearful': 6.719249451541537e-14, 'Happy': 1.815999434162663e-11, 'Neutral': 1.0, 'Other': 1.1597907997754151e-14, 'Sad': 1.4828966179991632e-11, 'Surprised': 1.6395386567488734e-12, 'Unknown': 5.4783099308038444e-14}",I would like to rage. (cheering)
MATT,00:43:56,00:44:54,Happy,"{'Angry': 7.076023848640034e-06, 'Disgusted': 2.258776112284977e-05, 'Fearful': 0.0001418183819623664, 'Happy': 0.998569130897522, 'Neutral': 8.543051080778241e-06, 'Other': 4.412109774420969e-05, 'Sad': 5.3261177527019754e-05, 'Surprised': 0.0011311974376440048, 'Unknown': 2.2279897166299634e-05}","And with that, as you see his form crumple on the ground, he gets up to one knee and begins standing up, wiping off a little bit of the dust that's been smeared across his slobbered chin. You look down at him, and the light that's pouring down from the sun that was once white and yellow in tone now turns to red as your eyes focus on your quarry before you. That ends your turn. Kern uses half movement to stand up. (grunts) Looks at you and gives this chuckle. (slow chuckle) ""This early, then? So be it."" Bites the edge of his wrist and tears a chunk of his own flesh off the side of his arm. (tearing sound, heavy breathing) Uses his bonus action to rage. Goes into his frenzied rage, as well. And he's coming at you with both fists. One thing you notice, strangely: Kern, who previously seemed to throw haymakers at you, before, goes into a stance."
LAURA,00:44:54,00:44:57,Neutral,"{'Angry': 0.001162129919975996, 'Disgusted': 0.0006664388929493725, 'Fearful': 0.0023467568680644035, 'Happy': 0.0020058092195540667, 'Neutral': 0.9810888767242432, 'Other': 0.00037307312595658004, 'Sad': 0.0014071137411519885, 'Surprised': 0.008057340048253536, 'Unknown': 0.0028924308717250824}",He's been training!
ORION,00:44:57,00:44:59,Neutral,"{'Angry': 3.4557172057247953e-07, 'Disgusted': 1.92101219909091e-06, 'Fearful': 6.080687597886936e-08, 'Happy': 7.16261456545908e-06, 'Neutral': 0.9999879598617554, 'Other': 7.589353003822907e-07, 'Sad': 9.729600378705072e-07, 'Surprised': 2.0601993355739978e-07, 'Unknown': 6.109836476753117e-07}",He monked up!
MATT,00:44:59,00:45:09,Neutral,"{'Angry': 2.1494390468890234e-12, 'Disgusted': 1.8722645504266888e-13, 'Fearful': 5.0357494460169863e-14, 'Happy': 3.5578181026285627e-12, 'Neutral': 1.0, 'Other': 2.6652696366656452e-14, 'Sad': 1.3898039837034748e-11, 'Surprised': 1.7731088949521356e-12, 'Unknown': 9.217819785462336e-14}","And goes into swing two heavy fists at you. That is going to be a-- Let's see, 24?"
TRAVIS,00:45:09,00:45:10,Neutral,"{'Angry': 0.0007561966776847839, 'Disgusted': 0.0025309540797024965, 'Fearful': 5.370145572669571e-06, 'Happy': 0.0002182887401431799, 'Neutral': 0.9962984919548035, 'Other': 8.444296690868214e-05, 'Sad': 4.949752110405825e-05, 'Surprised': 3.4893787415057886e-06, 'Unknown': 5.337914626579732e-05}",That hits.
MATT,00:45:10,00:45:13,Neutral,"{'Angry': 5.136665745530955e-11, 'Disgusted': 6.840342962194379e-12, 'Fearful': 1.4453901400410252e-12, 'Happy': 1.9187372524154256e-10, 'Neutral': 1.0, 'Other': 6.275444031610122e-13, 'Sad': 1.6723239459892625e-10, 'Surprised': 1.2919630643093427e-11, 'Unknown': 3.0790350737802674e-12}","Ooh, that is going to be a 27."
TRAVIS,00:45:13,00:45:14,Neutral,"{'Angry': 0.012554148212075233, 'Disgusted': 0.0023798902984708548, 'Fearful': 0.002416144125163555, 'Happy': 0.018873607739806175, 'Neutral': 0.7855252623558044, 'Other': 0.008412094786763191, 'Sad': 0.1538146436214447, 'Surprised': 0.013881194405257702, 'Unknown': 0.0021430423948913813}","Yeah, that'll hit, too."
MATT,00:45:14,00:45:18,Neutral,"{'Angry': 1.9020415797932344e-10, 'Disgusted': 5.629020253389294e-12, 'Fearful': 1.6986120626380496e-12, 'Happy': 2.4765187678355005e-09, 'Neutral': 1.0, 'Other': 1.9795207411178045e-13, 'Sad': 2.819573186041424e-10, 'Surprised': 3.1529921035167163e-11, 'Unknown': 1.7234799741874807e-12}","All right, first hit is nine points of damage."
TRAVIS,00:45:18,00:45:19,Neutral,"{'Angry': 4.1890308466463466e-07, 'Disgusted': 2.9189687111852436e-08, 'Fearful': 2.0017575153019607e-08, 'Happy': 2.4561134068790125e-06, 'Neutral': 0.9999949932098389, 'Other': 1.3056321579441033e-09, 'Sad': 9.637220728109241e-07, 'Surprised': 1.1461794429123984e-06, 'Unknown': 8.518217381459081e-11}",Okay.
MATT,00:45:19,00:45:21,Neutral,"{'Angry': 0.0003402954898774624, 'Disgusted': 0.0015805511502549052, 'Fearful': 6.45650943624787e-05, 'Happy': 0.00025834684493020177, 'Neutral': 0.9962448477745056, 'Other': 0.00012514385161921382, 'Sad': 0.00044966215500608087, 'Surprised': 1.8483115127310157e-05, 'Unknown': 0.000918094941880554}",Second one is eight points of damage.
TRAVIS,00:45:21,00:45:22,Neutral,"{'Angry': 1.5075512237672228e-05, 'Disgusted': 9.500045416643843e-05, 'Fearful': 2.4889582164178137e-06, 'Happy': 0.0005719030159525573, 'Neutral': 0.9987782835960388, 'Other': 4.744159468828002e-06, 'Sad': 0.0005128520424477756, 'Surprised': 1.643983523536008e-05, 'Unknown': 3.2672523957444355e-06}",He got nine points of damage?
MATT,00:45:22,00:45:42,Neutral,"{'Angry': 1.974077151745135e-12, 'Disgusted': 1.0213554448804812e-13, 'Fearful': 2.6368523589116212e-14, 'Happy': 2.7778163883690477e-12, 'Neutral': 1.0, 'Other': 7.751644886687305e-15, 'Sad': 6.108554200662253e-12, 'Surprised': 6.620658882239283e-13, 'Unknown': 7.293230825039868e-14}","(whack, whack) Yeah. And for those who are paying attention: they're both raging, they both take half damage, but since they're both doing it, we're negating both abilities because otherwise this battle would take three hours. (whack, whack) These fists, you see as they hit you, they're not just extremely strong and powerful previously, but they're hitting precise areas where you feel the muscle and bone is less resistant. There is technique to these punches that wasn't there before."
TRAVIS,00:45:42,00:45:45,Neutral,"{'Angry': 2.539888022123904e-10, 'Disgusted': 2.744859894932006e-10, 'Fearful': 9.231909681162165e-11, 'Happy': 3.370092649390699e-09, 'Neutral': 1.0, 'Other': 5.42635242295475e-11, 'Sad': 5.716703110891785e-09, 'Surprised': 1.7544332653329775e-10, 'Unknown': 6.202646729569494e-11}",No problem!
MATT,00:45:45,00:45:56,Happy,"{'Angry': 5.869437558203572e-08, 'Disgusted': 1.5785788320954453e-07, 'Fearful': 6.577420919029464e-08, 'Happy': 0.999998927116394, 'Neutral': 1.4635153888775676e-07, 'Other': 1.134138969405285e-07, 'Sad': 1.4297998518486565e-07, 'Surprised': 2.008619048865512e-08, 'Unknown': 4.405484332892229e-07}","He is going to dodge to the side here. (whoosh) Dodge off to the side (whoosh). Prepares himself, fists ready, for a defensive action. It's your go."
TRAVIS,00:45:56,00:46:09,Angry,"{'Angry': 0.3889748454093933, 'Disgusted': 0.2946056127548218, 'Fearful': 0.008030966855585575, 'Happy': 0.020431553944945335, 'Neutral': 0.21756047010421753, 'Other': 0.0008627297356724739, 'Sad': 0.01848893240094185, 'Surprised': 0.04064245894551277, 'Unknown': 0.010402457788586617}","All right, I would like to enter a frenzied rage, and I would like to-- since he moves off to my side, I see him move, and I throw a back fist into the concave area of his nose."
MATT,00:46:09,00:46:11,Angry,"{'Angry': 0.5343487858772278, 'Disgusted': 0.36360564827919006, 'Fearful': 0.00030397751834243536, 'Happy': 0.04124436900019646, 'Neutral': 0.05128460377454758, 'Other': 0.00019139907089993358, 'Sad': 0.007953675463795662, 'Surprised': 0.0009309335146099329, 'Unknown': 0.00013660841796081513}",Okay.
TRAVIS,00:46:11,00:46:13,Neutral,"{'Angry': 0.035679891705513, 'Disgusted': 0.011480926536023617, 'Fearful': 0.006709941662847996, 'Happy': 0.06114000082015991, 'Neutral': 0.5187862515449524, 'Other': 0.0002605788758955896, 'Sad': 0.011420288123190403, 'Surprised': 0.3540421426296234, 'Unknown': 0.00048000685637816787}",23.
MATT,00:46:13,00:46:14,Sad,"{'Angry': 0.0028207446448504925, 'Disgusted': 0.0002477779344189912, 'Fearful': 0.001505433232523501, 'Happy': 0.004796125926077366, 'Neutral': 0.028211254626512527, 'Other': 0.00016026866796892136, 'Sad': 0.960716962814331, 'Surprised': 0.0015356906224042177, 'Unknown': 5.6271096582349855e-06}",23 hits.
TRAVIS,00:46:14,00:46:19,Neutral,"{'Angry': 9.95457622582352e-12, 'Disgusted': 4.633907732358444e-13, 'Fearful': 2.1104025102990087e-13, 'Happy': 1.4220975091960852e-11, 'Neutral': 1.0, 'Other': 2.7999260218290398e-14, 'Sad': 5.75171715810896e-11, 'Surprised': 3.712240584374804e-12, 'Unknown': 1.1977739763566198e-13}","Great. That is-- motherfucker, six."
MATT,00:46:19,00:46:20,Neutral,"{'Angry': 4.812930274056271e-05, 'Disgusted': 8.903251000447199e-05, 'Fearful': 1.1882638091265108e-06, 'Happy': 0.004827005788683891, 'Neutral': 0.994938850402832, 'Other': 3.807842585956678e-05, 'Sad': 3.267083957325667e-05, 'Surprised': 1.6962831068667583e-05, 'Unknown': 8.082444765022956e-06}",Six damage?
TRAVIS,00:46:20,00:46:21,Neutral,"{'Angry': 0.0007215347141027451, 'Disgusted': 0.0014837137423455715, 'Fearful': 0.0006623457884415984, 'Happy': 0.008858556859195232, 'Neutral': 0.9851090908050537, 'Other': 2.2239939426071942e-05, 'Sad': 0.0011531412601470947, 'Surprised': 0.0019731654319912195, 'Unknown': 1.6167452486115508e-05}",Yes.
MATT,00:46:21,00:46:22,Neutral,"{'Angry': 0.0010379435261711478, 'Disgusted': 0.3214982748031616, 'Fearful': 3.733054472832009e-05, 'Happy': 0.00390593521296978, 'Neutral': 0.666702926158905, 'Other': 0.0025881463661789894, 'Sad': 0.0004082447849214077, 'Surprised': 0.0034715449437499046, 'Unknown': 0.0003497494908515364}",All righty.
TRAVIS,00:46:22,00:46:30,Happy,"{'Angry': 6.2107369558361825e-06, 'Disgusted': 1.497428002039669e-05, 'Fearful': 5.626011443382595e-06, 'Happy': 0.9998704195022583, 'Neutral': 5.970919301034883e-05, 'Other': 3.905454832420219e-06, 'Sad': 1.6644269635435194e-05, 'Surprised': 6.163157195260283e-06, 'Unknown': 1.6312738807755522e-05}","I would like to then reach forward, as he's reeling back from that hit, with both of my thumbs and throw them towards his eyes."
MATT,00:46:30,00:46:46,Happy,"{'Angry': 0.00019985412654932588, 'Disgusted': 0.00023589703778270632, 'Fearful': 0.00016872376727405936, 'Happy': 0.9858461022377014, 'Neutral': 0.007019271142780781, 'Other': 0.000378579628886655, 'Sad': 0.004103510174900293, 'Surprised': 0.00191148417070508, 'Unknown': 0.0001364579948130995}","You're going to attempt to blind? All right, so what this is going to be is for your second attack, a loose grapple, and we'll see if you can manage to push forward from that point. So go ahead and make an athletics check."
TRAVIS,00:46:46,00:46:49,Neutral,"{'Angry': 0.10501578450202942, 'Disgusted': 0.008360796608030796, 'Fearful': 0.07412140816450119, 'Happy': 0.09523513913154602, 'Neutral': 0.6761159300804138, 'Other': 0.00011533046199474484, 'Sad': 0.01667429506778717, 'Surprised': 0.024033423513174057, 'Unknown': 0.00032801058841869235}",14.
MATT,00:46:49,00:47:03,Neutral,"{'Angry': 0.00012042978778481483, 'Disgusted': 3.4904769563581795e-05, 'Fearful': 5.048021648690337e-06, 'Happy': 0.0024816151708364487, 'Neutral': 0.9966752529144287, 'Other': 0.00017984073201660067, 'Sad': 0.0003515096614137292, 'Surprised': 2.847011091944296e-05, 'Unknown': 0.00012294191401451826}","14. That is going to be a 16 on his end, unfortunately. As you reach up, he (whoosh) slaps the hands away. His defensive posture-- he was ready for that sort of advance and he just knocks them to the side with a grin. Yeah. You do still have a bonus action, if you wish to use it."
TRAVIS,00:47:03,00:47:09,Neutral,"{'Angry': 1.2890763456674392e-10, 'Disgusted': 6.250567424759268e-11, 'Fearful': 1.374511181956306e-11, 'Happy': 7.20918436059037e-10, 'Neutral': 1.0, 'Other': 3.1858165411291495e-11, 'Sad': 6.019777454291386e-10, 'Surprised': 9.57529125433787e-11, 'Unknown': 5.7846349238444006e-11}","If he knocks it aside, I take my right leg and I throw it to the outside of his kneecap, trying to snap his ACL or MCL."
MATT,00:47:09,00:47:11,Happy,"{'Angry': 0.011180580593645573, 'Disgusted': 0.17783169448375702, 'Fearful': 0.0022284607402980328, 'Happy': 0.43580013513565063, 'Neutral': 0.0707993134856224, 'Other': 0.0019897837191820145, 'Sad': 0.002331080846488476, 'Surprised': 0.2971962094306946, 'Unknown': 0.0006427463958971202}","Okay, go ahead and roll for the attack on that."
TRAVIS,00:47:11,00:47:13,Surprised,"{'Angry': 2.0500037862802856e-05, 'Disgusted': 2.6542054911260493e-05, 'Fearful': 1.626115590624977e-05, 'Happy': 2.2538022676599212e-05, 'Neutral': 0.0006650344002991915, 'Other': 1.44336445373483e-06, 'Sad': 1.3862119885743596e-05, 'Surprised': 0.9992337226867676, 'Unknown': 1.4593125285955466e-07}",That's a 27.
MATT,00:47:13,00:47:15,Surprised,"{'Angry': 0.00015553212142549455, 'Disgusted': 0.00022709024779032916, 'Fearful': 0.002111499197781086, 'Happy': 0.04947889968752861, 'Neutral': 0.03157845512032509, 'Other': 3.5714103432837874e-05, 'Sad': 0.0024749855510890484, 'Surprised': 0.9139183759689331, 'Unknown': 1.9484792574075982e-05}",27 does indeed hit.
TRAVIS,00:47:15,00:47:20,Neutral,"{'Angry': 9.830257477005944e-05, 'Disgusted': 0.00012704543769359589, 'Fearful': 5.101222632220015e-05, 'Happy': 5.893332854611799e-05, 'Neutral': 0.9984453320503235, 'Other': 6.726518222421873e-06, 'Sad': 0.0006988451932556927, 'Surprised': 0.0005115967360325158, 'Unknown': 2.2324229576042853e-06}",Why didn't that happen before? That's seven.
MATT,00:47:20,00:47:53,Neutral,"{'Angry': 0.0015041411388665438, 'Disgusted': 0.004343128297477961, 'Fearful': 0.00024511441006325185, 'Happy': 0.0029108691960573196, 'Neutral': 0.9596603512763977, 'Other': 0.019638504832983017, 'Sad': 0.009322495199739933, 'Surprised': 0.0011401791125535965, 'Unknown': 0.0012352060293778777}","Seven points of damage? Oof, all right. As he pushes your hands out of the way, (whack) a resounding snap sound as your foot hits the side of his thigh. His leg muscles themselves are like a tree trunk and take most of the impact of the damage and you see him (pained cry). You can see the pain in his face. His grin gives way to a sudden grimace of pain. Your leg is now held in place; he resisted the full force of the blow to some physical damage himself, but not enough to knock the knee out. Do you want to move at all, or are you going to stay where you are?"
TRAVIS,00:47:53,00:47:56,Neutral,"{'Angry': 1.2419120309914433e-07, 'Disgusted': 3.165827422435541e-07, 'Fearful': 8.768285653104613e-08, 'Happy': 3.196480520273326e-07, 'Neutral': 0.9999874830245972, 'Other': 6.321597112446398e-08, 'Sad': 1.1356933100614697e-05, 'Surprised': 2.3245167568575198e-08, 'Unknown': 2.4976040435831237e-07}",I would like to move to flank his right side.
MATT,00:47:56,00:47:58,Neutral,"{'Angry': 3.5414655030763242e-06, 'Disgusted': 6.728882908646483e-06, 'Fearful': 2.2132977051114722e-07, 'Happy': 0.0001577707298565656, 'Neutral': 0.9998170733451843, 'Other': 2.2672242039334378e-07, 'Sad': 1.2851394785684533e-05, 'Surprised': 1.553687070554588e-06, 'Unknown': 6.209463521145153e-08}",All righty.
SAM,00:47:58,00:48:00,Neutral,"{'Angry': 1.2373721801850479e-05, 'Disgusted': 3.60125231964048e-05, 'Fearful': 3.169768206134904e-06, 'Happy': 3.9456248487113044e-05, 'Neutral': 0.9997270703315735, 'Other': 1.8125466567653348e-06, 'Sad': 0.00017578783445060253, 'Surprised': 3.06643710246135e-06, 'Unknown': 1.1968508033532999e-06}",Put him in a body bag!
MATT,00:48:00,00:48:14,Neutral,"{'Angry': 0.00018414456280879676, 'Disgusted': 0.010393551550805569, 'Fearful': 0.010098140686750412, 'Happy': 0.002533531282097101, 'Neutral': 0.8772542476654053, 'Other': 0.001067321514710784, 'Sad': 0.04312669113278389, 'Surprised': 0.05512220039963722, 'Unknown': 0.00022015144350007176}","As you move over, with that it comes to his turn. As you're moving to the side, he spins around this time. You have not yet seen him move his legs to this extent, to a full back roundhouse kick towards your head. That is going to be a 20?"
TRAVIS,00:48:14,00:48:15,Neutral,"{'Angry': 6.168593245092779e-07, 'Disgusted': 2.380606701990473e-06, 'Fearful': 2.2331663274144375e-07, 'Happy': 3.1904194202070357e-06, 'Neutral': 0.9999819993972778, 'Other': 4.006501058029244e-06, 'Sad': 6.8548160925274715e-06, 'Surprised': 7.011375942056475e-07, 'Unknown': 1.4346012733312818e-07}",That hits.
MATT,00:48:15,00:48:19,Neutral,"{'Angry': 0.0032121147960424423, 'Disgusted': 0.0041119749657809734, 'Fearful': 4.457025715964846e-05, 'Happy': 0.298911452293396, 'Neutral': 0.6628731489181519, 'Other': 0.0003146016097161919, 'Sad': 0.0001317428395850584, 'Surprised': 0.030152982100844383, 'Unknown': 0.00024741675588302314}","That hits, okay. Second attack is going to be a 19?"
TRAVIS,00:48:19,00:48:20,Neutral,"{'Angry': 4.6722390834474936e-05, 'Disgusted': 5.725117262045387e-06, 'Fearful': 1.3349322216527071e-05, 'Happy': 1.9821560272248462e-05, 'Neutral': 0.9998862743377686, 'Other': 4.5343838905864686e-07, 'Sad': 1.8500761143513955e-05, 'Surprised': 8.79713934409665e-06, 'Unknown': 3.61482278776748e-07}",That hits.
MATT,00:48:20,00:48:24,Neutral,"{'Angry': 0.1615663319826126, 'Disgusted': 0.0137236462906003, 'Fearful': 0.006428459659218788, 'Happy': 0.02624351903796196, 'Neutral': 0.6388185620307922, 'Other': 0.01189570501446724, 'Sad': 0.0028180654626339674, 'Surprised': 0.004816590342670679, 'Unknown': 0.13368916511535645}","Next attack is going to be a 12, no, 13."
TRAVIS,00:48:24,00:48:25,Sad,"{'Angry': 0.012383905239403248, 'Disgusted': 0.09307234734296799, 'Fearful': 0.05937368422746658, 'Happy': 0.20840881764888763, 'Neutral': 0.2112405151128769, 'Other': 0.0004260266141500324, 'Sad': 0.4071505069732666, 'Surprised': 0.0014876725617796183, 'Unknown': 0.006456457544118166}",That misses.
MATT,00:48:25,00:48:38,Neutral,"{'Angry': 5.101710373600632e-11, 'Disgusted': 1.3068482060396569e-11, 'Fearful': 7.110741682969657e-12, 'Happy': 2.898414563912155e-10, 'Neutral': 1.0, 'Other': 1.308863282513395e-12, 'Sad': 1.242036362647525e-09, 'Surprised': 4.860960592378838e-11, 'Unknown': 2.905629513036412e-12}","Okay. So the roundhouse kick (whoosh) swings around, completely unexpected as you pull to the side. (smack) Hits you right square in the side of the face and jaw. That is going to be seven points of damage."
TRAVIS,00:48:38,00:48:39,Neutral,"{'Angry': 0.09867063164710999, 'Disgusted': 0.0006810255581513047, 'Fearful': 0.00023891907767392695, 'Happy': 0.01078723929822445, 'Neutral': 0.8603392839431763, 'Other': 0.00015258364146575332, 'Sad': 0.0031279062386602163, 'Surprised': 0.025983141735196114, 'Unknown': 1.9284527297713794e-05}",Okay.
MATT,00:48:39,00:48:54,Neutral,"{'Angry': 4.3435415854331527e-13, 'Disgusted': 1.5788519648033024e-14, 'Fearful': 3.593823575862541e-15, 'Happy': 5.420574471053097e-13, 'Neutral': 1.0, 'Other': 2.181661045870249e-15, 'Sad': 1.6533214684463782e-12, 'Surprised': 1.5811550473868868e-13, 'Unknown': 1.1177451854165431e-14}","And as you're reeling from that, he brings the leg back, jumps in the air and does a secondary jump, side-swiping kick to the other side of your head, as you're sent to the side. (whack, whack) Second one doing eight points of damage. (whack, whack)"
TRAVIS,00:48:54,00:48:57,Surprised,"{'Angry': 0.003423850517719984, 'Disgusted': 0.027666844427585602, 'Fearful': 0.00281759281642735, 'Happy': 0.02873043157160282, 'Neutral': 0.41235873103141785, 'Other': 0.0001512896124040708, 'Sad': 0.01875171810388565, 'Surprised': 0.5059397220611572, 'Unknown': 0.0001597892405698076}",Okay. All right.
MATT,00:48:57,00:49:12,Neutral,"{'Angry': 3.283345222371281e-07, 'Disgusted': 3.2955389883682074e-07, 'Fearful': 7.102059385033499e-08, 'Happy': 2.7754201710195048e-06, 'Neutral': 0.999993085861206, 'Other': 4.343853632349237e-08, 'Sad': 9.344491331830795e-07, 'Surprised': 2.478431269992143e-06, 'Unknown': 1.137343197399332e-08}","And he's going to move slightly over here, basically getting you up against the wall. He's situating himself now where since you moved to the side; he's putting you in this pincer formation between the wall and himself. That ends his turn. You're up."
TRAVIS,00:49:12,00:49:21,Neutral,"{'Angry': 1.5314305813057816e-12, 'Disgusted': 7.781037099363619e-14, 'Fearful': 1.8760097574249505e-14, 'Happy': 1.866140488665513e-12, 'Neutral': 1.0, 'Other': 8.639967301988464e-15, 'Sad': 5.547249725540437e-12, 'Surprised': 6.198146921924941e-13, 'Unknown': 4.807896227952864e-14}","(grunts, pants) I see you've been taking some ballet. How very cultured of you. And I rush forward. I'm between him and the wall?"
MATT,00:49:21,00:49:24,Surprised,"{'Angry': 7.478675797756296e-06, 'Disgusted': 2.5111577997449785e-05, 'Fearful': 3.4362004953436553e-05, 'Happy': 7.086653567967005e-06, 'Neutral': 3.296843351563439e-05, 'Other': 1.2433170923031867e-05, 'Sad': 2.807052260322962e-05, 'Surprised': 0.9998518228530884, 'Unknown': 7.52589357944089e-07}","You are between him and the wall, yes."
TRAVIS,00:49:24,00:49:26,Happy,"{'Angry': 0.0002532385697122663, 'Disgusted': 0.0006525996723212302, 'Fearful': 0.0010925865499302745, 'Happy': 0.9689262509346008, 'Neutral': 0.01773225888609886, 'Other': 7.921104406705126e-05, 'Sad': 0.008861640468239784, 'Surprised': 0.0023631220683455467, 'Unknown': 3.9078324334695935e-05}",Okay. (laughs)
LAURA,00:49:26,00:49:31,Neutral,"{'Angry': 6.85313011672406e-07, 'Disgusted': 6.937888770153222e-07, 'Fearful': 6.091052568990563e-07, 'Happy': 2.5096809622482397e-05, 'Neutral': 0.9999558925628662, 'Other': 1.6081413605206762e-06, 'Sad': 1.087514465325512e-05, 'Surprised': 2.1236608915842226e-07, 'Unknown': 4.315141268307343e-06}",I get up on Trinket's shoulders and cheer.
MATT,00:49:31,00:49:42,Neutral,"{'Angry': 2.6663897756407096e-08, 'Disgusted': 1.4313449980818405e-07, 'Fearful': 1.7452656209115958e-08, 'Happy': 8.21576904286303e-08, 'Neutral': 0.9999994039535522, 'Other': 5.8868632635267204e-08, 'Sad': 2.0971799585822737e-07, 'Surprised': 1.1248655340523328e-08, 'Unknown': 5.489159349281181e-08}","(roars) Trinket roars with you. (roar) This roar of victory, which people around immediately take two steps away from the large bear that's suddenly roaring in the center. You guys are unfazed, too focused on each other."
TRAVIS,00:49:42,00:49:49,Angry,"{'Angry': 0.6448456048965454, 'Disgusted': 0.0007148860022425652, 'Fearful': 5.9790854720631614e-05, 'Happy': 0.004809875041246414, 'Neutral': 0.3485332727432251, 'Other': 4.811198959941976e-05, 'Sad': 0.0007758237770758569, 'Surprised': 0.00014837918570265174, 'Unknown': 6.435467366827652e-05}","I rush up and get him, give him a little nasty-- of the last time for a double thunderclap, to either side of his ears."
MATT,00:49:49,00:49:51,Neutral,"{'Angry': 0.00011045846622437239, 'Disgusted': 4.792606705450453e-05, 'Fearful': 1.711785989755299e-05, 'Happy': 0.00045092287473380566, 'Neutral': 0.9992043375968933, 'Other': 5.956505447102245e-06, 'Sad': 4.1708357457537204e-05, 'Surprised': 0.00010372724500484765, 'Unknown': 1.784360756573733e-05}","Oof, okay."
TRAVIS,00:49:51,00:49:56,Neutral,"{'Angry': 5.269135272101266e-06, 'Disgusted': 6.566769116034266e-06, 'Fearful': 5.262566446617711e-06, 'Happy': 2.7799153031082824e-05, 'Neutral': 0.9998934268951416, 'Other': 2.237219860035111e-06, 'Sad': 2.9663899113074876e-05, 'Surprised': 1.1575626785997883e-06, 'Unknown': 2.8607128115254454e-05}",That is a 13.
MATT,00:49:56,00:50:03,Neutral,"{'Angry': 1.0603438340694993e-06, 'Disgusted': 3.4430891560077725e-07, 'Fearful': 1.0878763845312278e-07, 'Happy': 1.975858367586625e-06, 'Neutral': 0.9999948740005493, 'Other': 9.682899104745957e-08, 'Sad': 9.508877383268555e-07, 'Surprised': 4.7656078550062375e-07, 'Unknown': 1.1813516920256006e-07}","13. Unfortunately, as you go to swing, he (whoosh) ducks out of the way, and your hands slap into each other, finding no purchase on his head."
TRAVIS,00:50:03,00:50:13,Neutral,"{'Angry': 3.3061513526888575e-09, 'Disgusted': 2.3189825615332893e-09, 'Fearful': 3.8490952092296027e-10, 'Happy': 1.8043081695395813e-08, 'Neutral': 1.0, 'Other': 8.627342173994634e-10, 'Sad': 1.2445386943227277e-08, 'Surprised': 6.971805355249217e-10, 'Unknown': 1.0261238525544059e-09}","That's all right. Since I didn't find any purchase, I'll see where his ears are, try and grab them, and I'm going to attempt to rip his ears off of his head. His nice pointy ears."
MATT,00:50:13,00:50:17,Neutral,"{'Angry': 3.0312630769913085e-06, 'Disgusted': 6.832548478996614e-06, 'Fearful': 3.39777488989057e-06, 'Happy': 2.4947106794570573e-05, 'Neutral': 0.999868631362915, 'Other': 1.0299842870153952e-05, 'Sad': 1.8602519048727117e-05, 'Surprised': 2.2815051181623858e-07, 'Unknown': 6.393570947693661e-05}","Okay, so your second attack is going to be to try and grab his ears. Go for it."
TRAVIS,00:50:17,00:50:19,Neutral,"{'Angry': 0.00017711150576360524, 'Disgusted': 0.00010516060137888417, 'Fearful': 1.828920176194515e-05, 'Happy': 0.001442709006369114, 'Neutral': 0.9977375268936157, 'Other': 6.781715910619823e-06, 'Sad': 0.0001994455960812047, 'Surprised': 0.00030591123504564166, 'Unknown': 7.040854143269826e-06}",16.
MATT,00:50:19,00:50:24,Neutral,"{'Angry': 0.0007036844035610557, 'Disgusted': 0.004225080832839012, 'Fearful': 0.00015317370707634836, 'Happy': 0.49320563673973083, 'Neutral': 0.49738752841949463, 'Other': 0.0008022792753763497, 'Sad': 0.0014218651922419667, 'Surprised': 0.00019738214905373752, 'Unknown': 0.0019032747950404882}","16, no. As you go up for the one ear, he parries it to the side with his hand."
TRAVIS,00:50:24,00:50:30,Neutral,"{'Angry': 0.0005397001514211297, 'Disgusted': 0.00013978418428450823, 'Fearful': 3.32520721713081e-05, 'Happy': 0.22331184148788452, 'Neutral': 0.774852991104126, 'Other': 6.826709432061762e-05, 'Sad': 0.00043522511259652674, 'Surprised': 0.0005917602102272213, 'Unknown': 2.7156300347996876e-05}",(sighs) Third attack. 14.
MATT,00:50:30,00:51:03,Happy,"{'Angry': 0.001433866680599749, 'Disgusted': 0.009351319633424282, 'Fearful': 0.005464932415634394, 'Happy': 0.7578058838844299, 'Neutral': 0.026082124561071396, 'Other': 0.022063156589865685, 'Sad': 0.10323752462863922, 'Surprised': 0.06836670637130737, 'Unknown': 0.006194479297846556}","14. (whoosh) Knocks that one out of the way. As you're (whoosh, whoosh) swinging at him, he seems to just be dodging out of the way. He still has the force behind him, but whatever he's picked up now has completely thrown you off. You weren't prepared. You were prepared for a bruiser. You've now seen, still a bruiser, but with a little more refined technique, and it's throwing you off your game. You need to resettle yourself. You need to pull yourself in, Grog. However, in that moment of thinking, he swings at you with a double pummel up towards the torso. That is a natural 20. That is going to be a 13."
SAM,00:51:03,00:51:04,Neutral,"{'Angry': 0.0004695500247180462, 'Disgusted': 0.0017304804641753435, 'Fearful': 0.0004774158587679267, 'Happy': 0.07434957474470139, 'Neutral': 0.58332359790802, 'Other': 0.0002045059809461236, 'Sad': 0.3002578914165497, 'Surprised': 0.03903010115027428, 'Unknown': 0.00015687868290115148}",Oh! Miss.
MATT,00:51:04,00:51:20,Happy,"{'Angry': 0.0005113892257213593, 'Disgusted': 0.0016355725238099694, 'Fearful': 0.00019834330305457115, 'Happy': 0.9837452173233032, 'Neutral': 0.012430913746356964, 'Other': 6.734083581250161e-05, 'Sad': 0.0006041565211489797, 'Surprised': 0.0007289263303391635, 'Unknown': 7.815883145667613e-05}","This is yours, I believe. And that's going to be a nine. (laughs) Or, sorry, a ten. So first one hits, second two miss. (whack) The first one comes through and smacks you right in the center of the stomach. With a double hit, that's 14 points of damage."
TRAVIS,00:51:20,00:51:22,Neutral,"{'Angry': 0.030126133933663368, 'Disgusted': 0.03313775360584259, 'Fearful': 0.00781303271651268, 'Happy': 0.10234291851520538, 'Neutral': 0.5893760323524475, 'Other': 0.0009990566177293658, 'Sad': 0.2099572867155075, 'Surprised': 0.02562902867794037, 'Unknown': 0.0006187281105667353}",I would like to use my Stone's Endurance.
MATT,00:51:22,00:51:35,Neutral,"{'Angry': 0.0029605035670101643, 'Disgusted': 0.0005208086804486811, 'Fearful': 2.4494411263731308e-05, 'Happy': 0.0006636172765865922, 'Neutral': 0.9923673272132874, 'Other': 9.10300004761666e-05, 'Sad': 0.003192103235051036, 'Surprised': 9.793457866180688e-05, 'Unknown': 8.233150583691895e-05}","Go for it. You, at that point as the punch hits your stomach, you flex, feeling the strength of the mountain fill your body, your ancestral roots of your stone giant brethren fill your form."
TRAVIS,00:51:35,00:51:38,Neutral,"{'Angry': 5.177176376491843e-07, 'Disgusted': 1.0248408699453648e-07, 'Fearful': 2.62271289130922e-08, 'Happy': 6.292369653237984e-05, 'Neutral': 0.999934196472168, 'Other': 3.1129868460766374e-08, 'Sad': 1.9972940208390355e-06, 'Surprised': 1.4268101722336723e-07, 'Unknown': 2.5449313767467174e-08}",That's 16.
MATT,00:51:38,00:52:02,Happy,"{'Angry': 0.1978718638420105, 'Disgusted': 0.10453017055988312, 'Fearful': 0.024944743141531944, 'Happy': 0.38696902990341187, 'Neutral': 0.035889867693185806, 'Other': 0.018225502222776413, 'Sad': 0.048722412437200546, 'Surprised': 0.1628926694393158, 'Unknown': 0.019953729584813118}","16. As the fist (crash) finds the side of your stomach, the iron-like form that is your torso stops his fist in its place, and you see him (pained exhale) pull away, shaking his hand. As he shakes away, he brings up his other hand to backhand you. You duck out of the way. He swings with a kick around with the momentum, and you catch it in the middle of the air. So we're going to start your turn with you now holding his leg up by the side of your head."
TRAVIS,00:52:02,00:52:14,Neutral,"{'Angry': 0.00024276708427350968, 'Disgusted': 0.00016109940770547837, 'Fearful': 0.013024783693253994, 'Happy': 0.00014798151096329093, 'Neutral': 0.8134440779685974, 'Other': 0.00016493124712724239, 'Sad': 0.0024214196018874645, 'Surprised': 0.17038986086845398, 'Unknown': 3.1901545298751444e-06}","Oh, fantastic. I'll keep that leg up in the air. I'll move it over to my shoulder, take both my hands up and bring it down on top of his kneecap, hyper-flexing the leg. (yelling)"
MATT,00:52:14,00:52:16,Happy,"{'Angry': 4.083197381987702e-06, 'Disgusted': 5.585136477748165e-06, 'Fearful': 2.145040980394697e-06, 'Happy': 0.999970555305481, 'Neutral': 8.530257218808401e-06, 'Other': 7.311810463761503e-07, 'Sad': 5.190923275222303e-06, 'Surprised': 2.8694271350104827e-06, 'Unknown': 2.800740048769512e-07}",Go ahead and roll for attack on this.
TRAVIS,00:52:16,00:52:20,Neutral,"{'Angry': 0.00021260364155750722, 'Disgusted': 0.0003749856841750443, 'Fearful': 0.00012819691619370133, 'Happy': 0.030668361112475395, 'Neutral': 0.9656935334205627, 'Other': 0.00029438830097205937, 'Sad': 0.0008291788981296122, 'Surprised': 0.00039746513357385993, 'Unknown': 0.0014013421023264527}",That's better. 26. (cheering)
TRAVIS,00:52:20,00:52:23,Neutral,"{'Angry': 5.8611803979147226e-06, 'Disgusted': 8.699447789695114e-05, 'Fearful': 7.1892518462846056e-06, 'Happy': 1.1781833563873079e-05, 'Neutral': 0.9998194575309753, 'Other': 2.723563738982193e-06, 'Sad': 5.776167381554842e-05, 'Surprised': 6.910434422024991e-06, 'Unknown': 1.2572995728987735e-06}",That's eight.
MATT,00:52:23,00:52:25,Neutral,"{'Angry': 5.424675237009069e-06, 'Disgusted': 7.956899935379624e-06, 'Fearful': 1.3681257769349031e-05, 'Happy': 1.4111362361290958e-05, 'Neutral': 0.9993966817855835, 'Other': 4.5211291421765054e-07, 'Sad': 0.0005594688118435442, 'Surprised': 1.8598979067974142e-06, 'Unknown': 2.446920461807167e-07}",Eight damage? All right.
MARISHA,00:52:25,00:52:27,Neutral,"{'Angry': 1.423302705916285e-06, 'Disgusted': 1.4081637118579238e-06, 'Fearful': 6.058088501958991e-07, 'Happy': 1.284330301132286e-05, 'Neutral': 0.9999748468399048, 'Other': 2.384116584153162e-07, 'Sad': 6.418103566829814e-06, 'Surprised': 1.9127148789266357e-06, 'Unknown': 1.9413920426814002e-07}",Maybe we can start a chant for inspiration.
LAURA,00:52:27,00:52:29,Neutral,"{'Angry': 0.005585396662354469, 'Disgusted': 0.02063966542482376, 'Fearful': 0.023002086207270622, 'Happy': 0.011899352073669434, 'Neutral': 0.6143090128898621, 'Other': 0.0006039389409124851, 'Sad': 0.008784213103353977, 'Surprised': 0.31456249952316284, 'Unknown': 0.0006138901808299124}","Yeah, can we? Grog."
MATT,00:52:29,00:52:30,Neutral,"{'Angry': 2.1106991425767774e-06, 'Disgusted': 3.4925587897305377e-06, 'Fearful': 1.3398492910710047e-06, 'Happy': 7.535787062806776e-06, 'Neutral': 0.9999586343765259, 'Other': 2.1996422105985403e-07, 'Sad': 2.4481339551130077e-06, 'Surprised': 2.4113713152473792e-05, 'Unknown': 4.637424311226823e-08}",So that's your first attack?
TRAVIS,00:52:30,00:52:32,Surprised,"{'Angry': 7.842467312002555e-05, 'Disgusted': 3.212727824575268e-05, 'Fearful': 7.225243280117866e-06, 'Happy': 4.3682641262421384e-05, 'Neutral': 0.00010882416245294735, 'Other': 1.1720966313077952e-06, 'Sad': 3.5290815958433086e-06, 'Surprised': 0.9997244477272034, 'Unknown': 6.02128579885175e-07}",That was my first.
MATT,00:52:32,00:52:44,Neutral,"{'Angry': 2.3161179342423566e-05, 'Disgusted': 1.140861331805354e-05, 'Fearful': 3.4040654099953827e-06, 'Happy': 3.11359362967778e-05, 'Neutral': 0.9998624324798584, 'Other': 6.136036972748116e-06, 'Sad': 1.6643152775941417e-05, 'Surprised': 4.422718484420329e-05, 'Unknown': 1.4931628129488672e-06}","So as you go (crash), bring it down, the knee-- a human's leg would have hyperextended, but the sheer size of muscle-- and this is comparable to your own-- you feel it definitely hurt and he's like (pained cry) yelp out in pain, but it's not enough to fully pop the leg back."
TRAVIS,00:52:44,00:52:53,Neutral,"{'Angry': 1.5340692605114725e-10, 'Disgusted': 2.098927628924052e-11, 'Fearful': 4.475323757413552e-12, 'Happy': 4.4440678914625664e-10, 'Neutral': 1.0, 'Other': 2.959622347545321e-12, 'Sad': 3.3661851084332284e-10, 'Surprised': 7.336269092217407e-11, 'Unknown': 7.394368103930127e-12}","What's the matter, ballerina? I thought you should be stretched out and ready for this. And I reach back and I drive my fist into his nutsack. (laughter)"
MATT,00:52:53,00:52:55,Neutral,"{'Angry': 0.0024766919668763876, 'Disgusted': 0.01937314309179783, 'Fearful': 0.0009017569827847183, 'Happy': 0.004155054222792387, 'Neutral': 0.9664210081100464, 'Other': 0.0004195395449642092, 'Sad': 0.0018693251768127084, 'Surprised': 0.004188385792076588, 'Unknown': 0.00019505061209201813}",Roll a second attack.
TRAVIS,00:52:55,00:52:56,Neutral,"{'Angry': 0.0005960188573226333, 'Disgusted': 0.00042266363743692636, 'Fearful': 0.00024094755644910038, 'Happy': 0.032363247126340866, 'Neutral': 0.959224283695221, 'Other': 2.5270539481425658e-05, 'Sad': 0.0007799571612849832, 'Surprised': 0.006335418671369553, 'Unknown': 1.2220279131724965e-05}",25.
MATT,00:52:56,00:52:58,Neutral,"{'Angry': 0.05663764476776123, 'Disgusted': 0.014949167147278786, 'Fearful': 0.03372016176581383, 'Happy': 0.36431536078453064, 'Neutral': 0.385471373796463, 'Other': 0.00017025155830197036, 'Sad': 0.12957672774791718, 'Surprised': 0.014502107165753841, 'Unknown': 0.0006571944104507565}",That definitely hits. Go ahead and roll damage on that.
ORION,00:52:58,00:53:00,Neutral,"{'Angry': 0.0014404300600290298, 'Disgusted': 0.0004956353805027902, 'Fearful': 0.0011970590567216277, 'Happy': 0.004283793270587921, 'Neutral': 0.8819909691810608, 'Other': 1.2120257451897487e-05, 'Sad': 0.0007259782869368792, 'Surprised': 0.10984549671411514, 'Unknown': 8.538978363503702e-06}","Oh my god, a Grog punch to the balls."
TRAVIS,00:53:00,00:53:02,Neutral,"{'Angry': 0.023442259058356285, 'Disgusted': 0.04238065332174301, 'Fearful': 0.004981375299394131, 'Happy': 0.0957549512386322, 'Neutral': 0.7046605348587036, 'Other': 0.033562421798706055, 'Sad': 0.006870292592793703, 'Surprised': 0.08443363755941391, 'Unknown': 0.0039138467982411385}",Eight. My first eight.
MATT,00:53:02,00:53:04,Neutral,"{'Angry': 1.6737070713743196e-12, 'Disgusted': 7.387706847097539e-14, 'Fearful': 1.9864941939659597e-14, 'Happy': 2.624997224795478e-12, 'Neutral': 1.0, 'Other': 6.789508632230618e-15, 'Sad': 6.215979553997331e-12, 'Surprised': 5.18042477404973e-13, 'Unknown': 4.447221467495689e-14}","Nice! Second eight, actually. You've already rolled."
TRAVIS,00:53:04,00:53:05,Angry,"{'Angry': 0.6927899122238159, 'Disgusted': 0.02452198602259159, 'Fearful': 0.00012528136721812189, 'Happy': 0.005759171675890684, 'Neutral': 0.2581626772880554, 'Other': 4.594379788613878e-05, 'Sad': 0.015849290415644646, 'Surprised': 0.0027305418625473976, 'Unknown': 1.5080455341376364e-05}","Oh, that's right, okay."
ORION,00:53:05,00:53:11,Neutral,"{'Angry': 4.20414380641887e-06, 'Disgusted': 2.8536817353597144e-06, 'Fearful': 7.56403863988453e-08, 'Happy': 0.03434852510690689, 'Neutral': 0.9656372666358948, 'Other': 5.207725735090207e-07, 'Sad': 4.968216671841219e-06, 'Surprised': 2.5715681317706185e-07, 'Unknown': 1.3679350558959413e-06}",I'm going to argue that that should be doubled because there's two balls. (laughter)
MATT,00:53:11,00:53:35,Neutral,"{'Angry': 7.045076699796482e-08, 'Disgusted': 1.6494752230755694e-08, 'Fearful': 2.622393191487049e-09, 'Happy': 1.1608302230570189e-07, 'Neutral': 0.9999996423721313, 'Other': 8.839265319693368e-09, 'Sad': 6.373188199404467e-08, 'Surprised': 2.6755246906873253e-08, 'Unknown': 4.996562719128406e-09}","Kern is one of those individuals who's had his nuts kicked enough times in his life to know the pain well and be prepared for it. So as you come down, (whack) slam it right into him. You hear this (high, pained wail) almost wolf-like screeching howl as Kern's head lifts up in severe pain. His hands come down and grasp your wrist and is now holding it, trying to pull it away from his midsection. He's in a very bad situation right now."
TRAVIS,00:53:35,00:53:43,Neutral,"{'Angry': 0.00019521499052643776, 'Disgusted': 4.983836697647348e-05, 'Fearful': 3.645915785455145e-05, 'Happy': 0.003402524860575795, 'Neutral': 0.9957911968231201, 'Other': 2.2344858734868467e-05, 'Sad': 0.00038744392804801464, 'Surprised': 5.1315375458216295e-05, 'Unknown': 6.372369534801692e-05}","With that last one, can I take my right leg and in an effort to shoot for that same knee I've been kicking at, aim for the knee or sweep his feet?"
MATT,00:53:43,00:53:45,Neutral,"{'Angry': 2.5233834094251506e-05, 'Disgusted': 6.741929610143416e-06, 'Fearful': 4.218331923766527e-06, 'Happy': 0.0005120913265272975, 'Neutral': 0.9994176626205444, 'Other': 1.4816214388702065e-06, 'Sad': 2.3809392587281764e-05, 'Surprised': 6.9142347456363495e-06, 'Unknown': 1.941446043929318e-06}","Sure, go for it."
TRAVIS,00:53:45,00:53:48,Happy,"{'Angry': 0.00021697042393498123, 'Disgusted': 0.0004727586347144097, 'Fearful': 0.00010668343747965991, 'Happy': 0.9783141016960144, 'Neutral': 0.01829688437283039, 'Other': 0.00019953625451307744, 'Sad': 0.00023000742658041418, 'Surprised': 9.225658141076565e-05, 'Unknown': 0.0020707857329398394}",Fuck. That'll miss. It's a 13.
MATT,00:53:48,00:54:10,Neutral,"{'Angry': 0.00035894388565793633, 'Disgusted': 0.00011620495206443593, 'Fearful': 1.7758227841113694e-05, 'Happy': 0.0005119522102177143, 'Neutral': 0.9985342025756836, 'Other': 2.2366850316757336e-05, 'Sad': 0.00013130866864230484, 'Surprised': 0.0002886079892050475, 'Unknown': 1.8617225578054786e-05}","13. As you pull back to sweep, Kern uses this advantage to bring up the other leg that you haven't hit, plant it right on your shoulder and neck area, and then push off your body. As you sweep underneath, he leaps backward, flipping in the air. (thud) Lands on both of his feet, clutching the inside of his groin area, like (snarling grunt) shaking off the pain through the anger. So he leaps back to here."
MARISHA,00:54:10,00:54:13,Neutral,"{'Angry': 1.1587460448936326e-06, 'Disgusted': 1.9681367575685726e-06, 'Fearful': 2.3804921056580497e-06, 'Happy': 2.816368214553222e-05, 'Neutral': 0.999922513961792, 'Other': 2.5908102543326095e-06, 'Sad': 7.082181582518388e-06, 'Surprised': 7.195047402319688e-08, 'Unknown': 3.4111220884369686e-05}","As that's happening, we all start a chant."
ALL,00:54:13,00:54:18,Neutral,"{'Angry': 1.2008673166974404e-08, 'Disgusted': 1.1264591037729588e-08, 'Fearful': 2.7258182377920548e-09, 'Happy': 8.191207001573275e-08, 'Neutral': 0.9999998807907104, 'Other': 2.7558038073749458e-09, 'Sad': 3.769391199170968e-08, 'Surprised': 3.577038887314643e-09, 'Unknown': 7.905731180812836e-09}","(chanting) Grog, Grog, Grog."
SAM,00:54:18,00:54:36,Neutral,"{'Angry': 0.026281900703907013, 'Disgusted': 0.0006782006821595132, 'Fearful': 7.005072257015854e-05, 'Happy': 0.0013205846771597862, 'Neutral': 0.5452643632888794, 'Other': 0.00015998036542441696, 'Sad': 0.4258452355861664, 'Surprised': 0.0002669420500751585, 'Unknown': 0.0001127293289755471}","As they're chanting, I'm starting to sing amid the chant. (singing) It's the eye of the goliath, it's the thrill of the fight. Rising up to the challenge of that asshole. (speaking) And I'm trying to send inspiration to him."
MATT,00:54:36,00:55:06,Happy,"{'Angry': 6.200659117894247e-05, 'Disgusted': 0.00020240638696122915, 'Fearful': 0.00011967732280027121, 'Happy': 0.9965676069259644, 'Neutral': 0.0005159571301192045, 'Other': 0.00031416534329764545, 'Sad': 0.001315851928666234, 'Surprised': 0.0007666649180464447, 'Unknown': 0.00013574957847595215}","With that, you hear through the fury, through the anger that the chant, your real name, not Philip now, your real name, reclaimed in the center of this proving point in the center of the oldest known city to civilization, under the visual guidance of the god of strength and valor. And through all that, you hear the gentle hymn of Scanlan's voice cut through all that and come to you with a beat, a rhythmic beat that drives you forward. Go ahead and take a d10 inspiration. (cheering)"
MATT,00:55:06,00:55:25,Happy,"{'Angry': 4.248070126777748e-06, 'Disgusted': 1.531469024484977e-05, 'Fearful': 1.5088333384483121e-05, 'Happy': 0.9997754693031311, 'Neutral': 3.146347080473788e-05, 'Other': 2.1002848370699212e-05, 'Sad': 9.821757703321055e-05, 'Surprised': 5.798604888695991e-06, 'Unknown': 3.336529334774241e-05}","Now Kern, having landed on his feet, rushes forward towards you, and first using his bonus action, is going to go ahead and reach down for a very deep uppercut. It looks like he's coming in for a left, and sweeps down to try and take you from underneath, breaking through your defense. That is going to be a 20."
TRAVIS,00:55:25,00:55:26,Neutral,"{'Angry': 1.8153584733227035e-06, 'Disgusted': 5.675357073187115e-08, 'Fearful': 1.1830687540737017e-08, 'Happy': 0.0005679865716956556, 'Neutral': 0.9994205236434937, 'Other': 9.201507999989644e-09, 'Sad': 9.128748388320673e-06, 'Surprised': 4.688483556947176e-07, 'Unknown': 3.8805425539578664e-10}",That hits.
MATT,00:55:26,00:55:48,Neutral,"{'Angry': 4.0604520613884976e-12, 'Disgusted': 2.5164969392164893e-13, 'Fearful': 8.817457126854972e-14, 'Happy': 7.018723709867336e-12, 'Neutral': 1.0, 'Other': 2.6644310740478634e-14, 'Sad': 1.6907614197592125e-11, 'Surprised': 2.1437560927817234e-12, 'Unknown': 2.2663437153434135e-13}","You take ten points of damage. Right to the chin from underneath. For the bonus action, Kern then comes back, and you're used to an unleashed flurry. Kern, however, comes back into a fully defensive position, righting his hands and leg in a backwards stance, and is just looking at you, ready for you to come. He's using his action to go into a dodge. It's now your turn."
SAM,00:55:48,00:55:50,Neutral,"{'Angry': 0.0014401136431843042, 'Disgusted': 0.004539276007562876, 'Fearful': 0.00011507396266097203, 'Happy': 0.04953305795788765, 'Neutral': 0.9389019012451172, 'Other': 0.00026202318258583546, 'Sad': 0.000548563722986728, 'Surprised': 0.004104764200747013, 'Unknown': 0.0005551920621655881}","Oh, wait, so he gets some sort of advantage?"
MATT,00:55:50,00:55:52,Neutral,"{'Angry': 3.030455104635621e-07, 'Disgusted': 1.0264615184496506e-06, 'Fearful': 2.3023068251859513e-07, 'Happy': 6.030114309396595e-05, 'Neutral': 0.9999269247055054, 'Other': 6.23158996404527e-07, 'Sad': 6.321624368865741e-06, 'Surprised': 1.3783041197257262e-07, 'Unknown': 4.066488600074081e-06}",All attacks against him have disadvantage this next turn.
ORION,00:55:52,00:56:00,Neutral,"{'Angry': 1.2169548138304953e-12, 'Disgusted': 4.826050854517955e-14, 'Fearful': 1.2892828250594002e-14, 'Happy': 1.4896825092924892e-12, 'Neutral': 1.0, 'Other': 4.388521745437787e-15, 'Sad': 4.178356011880213e-12, 'Surprised': 3.9545073487502747e-13, 'Unknown': 3.0545580171140174e-14}","Wait, against him? No, he meant... advantage, because balls."
ORION,00:56:00,00:56:02,Neutral,"{'Angry': 8.528037142241374e-06, 'Disgusted': 1.4328733414004091e-05, 'Fearful': 1.3034768926445395e-05, 'Happy': 7.609769090777263e-05, 'Neutral': 0.9996703863143921, 'Other': 1.5780497051309794e-05, 'Sad': 1.834428621805273e-05, 'Surprised': 2.2720048491464695e-06, 'Unknown': 0.0001812966074794531}",Damn it.
MARISHA,00:56:02,00:56:03,Neutral,"{'Angry': 1.012302763316042e-12, 'Disgusted': 4.3462077063379304e-14, 'Fearful': 9.908718471922894e-15, 'Happy': 1.1352572527878468e-12, 'Neutral': 1.0, 'Other': 3.208299282776825e-15, 'Sad': 3.5314644004219575e-12, 'Surprised': 3.539771015366455e-13, 'Unknown': 1.8753658429784478e-14}",The balls doesn't give advantage?
ORION,00:56:03,00:56:04,Neutral,"{'Angry': 0.0009275948395952582, 'Disgusted': 0.0010290738428011537, 'Fearful': 0.0002991377259604633, 'Happy': 0.0041308156214654446, 'Neutral': 0.9899083375930786, 'Other': 0.00012232853623572737, 'Sad': 0.0018101449823006988, 'Surprised': 0.0001708220224827528, 'Unknown': 0.0016017325688153505}","No, he has tough nuts. Never mind."
MATT,00:56:04,00:56:11,Neutral,"{'Angry': 1.9613737717305568e-11, 'Disgusted': 1.9060634147416433e-12, 'Fearful': 1.021367669259976e-12, 'Happy': 3.977174145575191e-11, 'Neutral': 1.0, 'Other': 1.8300416520719565e-13, 'Sad': 8.053550881736982e-11, 'Surprised': 1.5473925960018953e-11, 'Unknown': 1.1942956389468518e-12}","He has the feat Toughness, which I think really resists any sort of ball damage at this point."
TRAVIS,00:56:11,00:56:23,Neutral,"{'Angry': 2.6122090601710113e-10, 'Disgusted': 2.0779050702302015e-10, 'Fearful': 4.669874209550784e-11, 'Happy': 2.323861769681912e-09, 'Neutral': 1.0, 'Other': 7.248614208865689e-11, 'Sad': 3.0534474948495927e-09, 'Surprised': 1.3164104528673448e-10, 'Unknown': 9.790927096853252e-11}","In an effort to keep my distance, I run towards him, I jump up in the air and throw one thrust-kick towards the side, right towards his chest, just to see what his defense will do."
MATT,00:56:23,00:56:27,Neutral,"{'Angry': 1.1368194464012049e-05, 'Disgusted': 1.717838313197717e-05, 'Fearful': 1.13363639684394e-05, 'Happy': 0.00017742632189765573, 'Neutral': 0.9994414448738098, 'Other': 2.275848419230897e-05, 'Sad': 0.00027625475195236504, 'Surprised': 6.902975201228401e-06, 'Unknown': 3.5315853892825544e-05}","Go for it. With disadvantage, so roll twice."
LAURA,00:56:27,00:56:33,Neutral,"{'Angry': 1.6517164302953802e-09, 'Disgusted': 7.47393646971517e-10, 'Fearful': 3.8365322030387006e-10, 'Happy': 3.2723488363473052e-09, 'Neutral': 1.0, 'Other': 6.047278650056498e-11, 'Sad': 7.277560776230985e-09, 'Surprised': 3.3736042848175885e-09, 'Unknown': 3.456885472319371e-11}",Oh god. Mother bitch!
TRAVIS,00:56:33,00:56:36,Neutral,"{'Angry': 0.00011239823652431369, 'Disgusted': 0.0001315115368925035, 'Fearful': 9.274717012885958e-05, 'Happy': 0.01671769469976425, 'Neutral': 0.9819540977478027, 'Other': 1.8292425011168234e-05, 'Sad': 0.0005048796301707625, 'Surprised': 0.00043735167128033936, 'Unknown': 3.1143059459282085e-05}","Well, that was a natural 20, but 19."
MATT,00:56:36,00:56:37,Neutral,"{'Angry': 1.0753674359875731e-05, 'Disgusted': 2.985145101774833e-06, 'Fearful': 1.2029853451167583e-06, 'Happy': 0.0013774795224890113, 'Neutral': 0.9985045194625854, 'Other': 2.604637359127082e-07, 'Sad': 3.888156061293557e-05, 'Surprised': 6.392987415893003e-05, 'Unknown': 1.8380546862317715e-08}",19. Total 19?
TRAVIS,00:56:37,00:56:38,Sad,"{'Angry': 0.003979864530265331, 'Disgusted': 0.017314590513706207, 'Fearful': 0.0043403515592217445, 'Happy': 0.0074213710613548756, 'Neutral': 0.19368059933185577, 'Other': 0.001128210686147213, 'Sad': 0.750471830368042, 'Surprised': 0.021647529676556587, 'Unknown': 1.5716421330580488e-05}",Total 19.
MATT,00:56:38,00:56:40,Neutral,"{'Angry': 0.014303568750619888, 'Disgusted': 0.029051829129457474, 'Fearful': 0.01877105049788952, 'Happy': 0.06677675247192383, 'Neutral': 0.8510718941688538, 'Other': 0.0001870934502221644, 'Sad': 0.002968970686197281, 'Surprised': 0.012658333405852318, 'Unknown': 0.0042104278691112995}",That just barely hits.
TRAVIS,00:56:40,00:56:49,Neutral,"{'Angry': 5.884803613298573e-07, 'Disgusted': 5.738172148994636e-06, 'Fearful': 4.564197297440842e-06, 'Happy': 1.272741883440176e-06, 'Neutral': 0.9998550415039062, 'Other': 6.006305284245173e-07, 'Sad': 0.00013153177860658616, 'Surprised': 3.2191312016038864e-07, 'Unknown': 2.0246926624167827e-07}","Can I add the inspiration to the-- no, just to the roll, right. That is an eight."
MATT,00:56:49,00:56:51,Neutral,"{'Angry': 2.2990047365833988e-10, 'Disgusted': 1.1475959071916009e-10, 'Fearful': 6.327106893966317e-11, 'Happy': 7.972932314359582e-10, 'Neutral': 1.0, 'Other': 5.6203093394546766e-12, 'Sad': 4.052937541132451e-09, 'Surprised': 3.434613982111756e-10, 'Unknown': 1.0421328730525481e-11}",Eight. So.
TRAVIS,00:56:51,00:56:55,Neutral,"{'Angry': 3.1297247460315702e-06, 'Disgusted': 1.6548183339182287e-06, 'Fearful': 7.14830730430549e-06, 'Happy': 5.580939159699483e-06, 'Neutral': 0.9999606609344482, 'Other': 4.301486171698343e-07, 'Sad': 3.2268687846226385e-06, 'Surprised': 1.8128639567294158e-05, 'Unknown': 1.2606957966454502e-07}","Halved. So half of three is one and a half, and we're rounding up?"
MATT,00:56:55,00:56:57,Neutral,"{'Angry': 0.002433557529002428, 'Disgusted': 0.005872028414160013, 'Fearful': 0.010830814018845558, 'Happy': 0.03997313976287842, 'Neutral': 0.8661156296730042, 'Other': 0.0005460592801682651, 'Sad': 0.045904144644737244, 'Surprised': 0.028105802834033966, 'Unknown': 0.00021876256505493075}","Rounding up, yeah. Three and four is a two, considered."
TRAVIS,00:56:57,00:56:59,Neutral,"{'Angry': 2.0009932946707387e-11, 'Disgusted': 1.6638527578285989e-12, 'Fearful': 9.510992254185835e-13, 'Happy': 4.3469932514694776e-11, 'Neutral': 1.0, 'Other': 8.875839380964243e-14, 'Sad': 9.777136045219237e-11, 'Surprised': 9.966203209921254e-12, 'Unknown': 2.807649674817919e-13}","Right, so eight."
MATT,00:56:59,00:57:15,Neutral,"{'Angry': 1.9416102059466311e-10, 'Disgusted': 2.3271596455431975e-11, 'Fearful': 7.451254023516096e-12, 'Happy': 7.252545231040131e-10, 'Neutral': 1.0, 'Other': 1.8334140629294726e-12, 'Sad': 7.300524074160819e-10, 'Surprised': 1.148263775729852e-10, 'Unknown': 2.530214969834188e-12}","All righty. All right. So you rush up, (whack) slamming. He puts the defense out and tries to push to the side. However, his defense is imperfect; you can see he's still new to this fighting style, and you still manage to push through with sheer force and slam into the side of his torso from the impact."
TRAVIS,00:57:15,00:57:19,Neutral,"{'Angry': 3.646807454060763e-05, 'Disgusted': 0.00013075147580821067, 'Fearful': 5.453204721561633e-05, 'Happy': 0.00031173424213193357, 'Neutral': 0.9968587160110474, 'Other': 7.174196070991457e-05, 'Sad': 0.0014747746754437685, 'Surprised': 3.1853417112870375e-06, 'Unknown': 0.0010580834932625294}",I leap forward again and try to throw my thumbs into his eyes.
MATT,00:57:19,00:57:25,Neutral,"{'Angry': 7.758751865809266e-13, 'Disgusted': 2.679291420074493e-14, 'Fearful': 7.01471055246654e-15, 'Happy': 9.445891334738943e-13, 'Neutral': 1.0, 'Other': 2.6633269666011174e-15, 'Sad': 2.534098148335162e-12, 'Surprised': 2.8283267654999333e-13, 'Unknown': 1.491198962542354e-14}","Okay, you're going for the blind again. Go ahead and roll an attack on this, with disadvantage."
TRAVIS,00:57:25,00:57:27,Neutral,"{'Angry': 0.0005077963578514755, 'Disgusted': 0.022434182465076447, 'Fearful': 0.0012512756511569023, 'Happy': 0.07693831622600555, 'Neutral': 0.8878731727600098, 'Other': 6.783541903132573e-05, 'Sad': 0.006296476349234581, 'Surprised': 0.00452147051692009, 'Unknown': 0.00010945485701086}",21-- aw. 15.
MATT,00:57:27,00:57:28,Neutral,"{'Angry': 0.004514506086707115, 'Disgusted': 0.3954756259918213, 'Fearful': 6.234136526472867e-05, 'Happy': 0.0009845661697909236, 'Neutral': 0.5933374762535095, 'Other': 5.337794573279098e-05, 'Sad': 0.005407522898167372, 'Surprised': 0.00010200127871939912, 'Unknown': 6.254341860767454e-05}",15.
ORION,00:57:28,00:57:30,Neutral,"{'Angry': 1.3280456414577202e-06, 'Disgusted': 3.2704353998269653e-06, 'Fearful': 8.705849836587731e-07, 'Happy': 1.6491039787069894e-05, 'Neutral': 0.9999724626541138, 'Other': 1.5073268855303468e-07, 'Sad': 3.980421297455905e-06, 'Surprised': 1.3454981626637164e-06, 'Unknown': 9.887073559866622e-08}",Inspiration!
SAM,00:57:30,00:57:32,Neutral,"{'Angry': 2.2847582159535307e-10, 'Disgusted': 9.853123872360925e-11, 'Fearful': 4.093768379842544e-11, 'Happy': 1.9491919189817963e-09, 'Neutral': 1.0, 'Other': 1.578520127110128e-11, 'Sad': 3.171765738940735e-09, 'Surprised': 1.9218798774645052e-10, 'Unknown': 2.2702091942439218e-11}",If you want to use it.
TRAVIS,00:57:32,00:57:35,Neutral,"{'Angry': 1.312455461151274e-12, 'Disgusted': 4.9809653878676516e-14, 'Fearful': 1.428764672220008e-14, 'Happy': 1.5856257279400765e-12, 'Neutral': 1.0, 'Other': 4.473883184763234e-15, 'Sad': 4.6437849225700045e-12, 'Surprised': 4.1134020560378015e-13, 'Unknown': 3.363797210068943e-14}",That's a 22.
MATT,00:57:35,00:57:37,Neutral,"{'Angry': 1.5319025215010384e-10, 'Disgusted': 2.125038686684455e-11, 'Fearful': 1.1196501191468311e-11, 'Happy': 4.1106473780416763e-10, 'Neutral': 1.0, 'Other': 1.1082485840488432e-12, 'Sad': 9.991336646919535e-10, 'Surprised': 1.616250328018154e-10, 'Unknown': 6.319586238860697e-13}",22 hits. (cheering)
MATT,00:57:37,00:57:58,Neutral,"{'Angry': 1.5124238667008072e-11, 'Disgusted': 1.781254397453802e-12, 'Fearful': 6.725842756002964e-13, 'Happy': 7.012236624692747e-11, 'Neutral': 1.0, 'Other': 2.5758301741563017e-13, 'Sad': 8.119904748582485e-11, 'Surprised': 1.083843171462151e-11, 'Unknown': 5.269064806863455e-13}","So you rush forward to grab. You have hold of his head now. There's no damage this round, but you're enabling yourself now for the rest of the round to attempt to push into his eyes. There's no damage on this one. You grab the side of his head, and you see his eyes open with this look of fear at the unexpected ferocity from you. Go ahead and make an athletics check."
MARISHA,00:57:58,00:57:59,Neutral,"{'Angry': 0.0025253696367144585, 'Disgusted': 0.0016654339851811528, 'Fearful': 0.0003516842843964696, 'Happy': 0.007500140927731991, 'Neutral': 0.9710134863853455, 'Other': 1.3848246453562751e-05, 'Sad': 0.006313222460448742, 'Surprised': 0.010612884536385536, 'Unknown': 3.94295011574286e-06}","Come on, Grog!"
TRAVIS,00:57:59,00:58:02,Neutral,"{'Angry': 4.5026219197552564e-08, 'Disgusted': 9.757639141128038e-10, 'Fearful': 2.8430818810321057e-10, 'Happy': 8.978092409961391e-06, 'Neutral': 0.9999909400939941, 'Other': 1.3977807800102937e-10, 'Sad': 9.416363866421307e-08, 'Surprised': 2.439464630299426e-09, 'Unknown': 4.557045713005081e-11}",24.
MATT,00:58:02,00:58:07,Neutral,"{'Angry': 4.858655756834196e-06, 'Disgusted': 6.301182565948693e-06, 'Fearful': 1.8908611991719226e-06, 'Happy': 0.0007368620717898011, 'Neutral': 0.999138355255127, 'Other': 7.69562666391721e-06, 'Sad': 2.9291892133187503e-05, 'Surprised': 7.166039495132281e-07, 'Unknown': 7.397654553642496e-05}","24. He rolled a 19, so go ahead and do damage on this. Roll damage."
TRAVIS,00:58:07,00:58:15,Neutral,"{'Angry': 0.0001267908955924213, 'Disgusted': 0.00010313916573068127, 'Fearful': 3.827568798442371e-05, 'Happy': 0.003669178579002619, 'Neutral': 0.9945850968360901, 'Other': 3.2519488740945235e-05, 'Sad': 0.0002770469291135669, 'Surprised': 0.0011393814347684383, 'Unknown': 2.8487349482020363e-05}",With the four? Six.
MATT,00:58:15,00:58:38,Neutral,"{'Angry': 2.057202186378504e-09, 'Disgusted': 2.8760888115542116e-10, 'Fearful': 8.786628369339411e-11, 'Happy': 2.726465311297943e-07, 'Neutral': 0.9999997615814209, 'Other': 1.7646779870705842e-11, 'Sad': 2.363873363719904e-08, 'Surprised': 1.252955073027806e-09, 'Unknown': 4.594685396042131e-11}","Six, all righty. So as you have a hold of his head, you grin as your thumbs push into his eyes. He yells out in pain, and before you can damage the eyes permanently, he slaps off of your hands so hard and with such an intense push that you can't help but feel your actual forearms be blown back. However, he's clutching the side of his face, and for the next round, he is blinded."
TRAVIS,00:58:38,00:58:41,Neutral,"{'Angry': 1.1223875995280963e-10, 'Disgusted': 2.263986741135593e-11, 'Fearful': 7.006912411400279e-12, 'Happy': 9.47734224432395e-10, 'Neutral': 1.0, 'Other': 4.531757781534029e-12, 'Sad': 6.988473688629426e-10, 'Surprised': 5.66032047621956e-11, 'Unknown': 7.547994347600895e-12}",Can I move?
MATT,00:58:41,00:58:43,Neutral,"{'Angry': 1.1186951269337442e-05, 'Disgusted': 1.4361822650243994e-05, 'Fearful': 6.775820565962931e-06, 'Happy': 0.00011190489021828398, 'Neutral': 0.9994175434112549, 'Other': 1.2360885648377007e-06, 'Sad': 0.0004316151316743344, 'Surprised': 4.0239087866211776e-06, 'Unknown': 1.352416688860103e-06}","You can move, as well."
TRAVIS,00:58:43,00:58:44,Neutral,"{'Angry': 0.0009914478287100792, 'Disgusted': 0.0010175402276217937, 'Fearful': 0.00045536321704275906, 'Happy': 0.0015339531237259507, 'Neutral': 0.7946900129318237, 'Other': 2.496175693522673e-05, 'Sad': 0.00362287531606853, 'Surprised': 0.1976596862077713, 'Unknown': 4.069384431204526e-06}",I just back straight up.
MATT,00:58:44,00:58:50,Neutral,"{'Angry': 0.00018103665206581354, 'Disgusted': 0.0004775674897246063, 'Fearful': 0.00035353092243894935, 'Happy': 0.0005145635223016143, 'Neutral': 0.9866335391998291, 'Other': 0.0007711905054748058, 'Sad': 0.00142690259963274, 'Surprised': 2.9765433282591403e-06, 'Unknown': 0.009638599120080471}","Back this way? He currently doesn't threaten you because he's blinded, so you can rush past him and not get an attack of opportunity."
TRAVIS,00:58:50,00:58:51,Neutral,"{'Angry': 0.0014622161397710443, 'Disgusted': 0.00019430929387453943, 'Fearful': 0.0005884691490791738, 'Happy': 0.0006319237290881574, 'Neutral': 0.98985356092453, 'Other': 1.4213200302037876e-05, 'Sad': 0.0069021377712488174, 'Surprised': 0.00035181076964363456, 'Unknown': 1.3512116083802539e-06}","Oh, really?"
MATT,00:58:51,00:58:52,Neutral,"{'Angry': 0.0003300548414699733, 'Disgusted': 0.00027139787562191486, 'Fearful': 0.0002178419235860929, 'Happy': 0.0017087808810174465, 'Neutral': 0.9953292608261108, 'Other': 1.0148049113922752e-05, 'Sad': 0.001113627222366631, 'Surprised': 0.001014046953059733, 'Unknown': 4.748055289383046e-06}",Yeah.
TRAVIS,00:58:52,00:58:54,Neutral,"{'Angry': 9.571000242347694e-11, 'Disgusted': 1.026968701051123e-11, 'Fearful': 2.3512962410432436e-12, 'Happy': 1.3740926452232571e-10, 'Neutral': 1.0, 'Other': 1.3874115615056248e-12, 'Sad': 2.539713717109038e-10, 'Surprised': 1.4640138060184604e-11, 'Unknown': 9.731325988082684e-12}",I'll move along the wall to his left side.
MATT,00:58:54,00:58:55,Neutral,"{'Angry': 0.0091308718547225, 'Disgusted': 0.014764594845473766, 'Fearful': 0.000855660589877516, 'Happy': 0.02094040811061859, 'Neutral': 0.9366193413734436, 'Other': 3.624212331487797e-05, 'Sad': 0.015545511618256569, 'Surprised': 0.002073896350339055, 'Unknown': 3.3526415791129693e-05}",Over here?
TRAVIS,00:58:55,00:58:56,Neutral,"{'Angry': 5.327493113327364e-07, 'Disgusted': 7.893022058169663e-08, 'Fearful': 9.910203768725978e-10, 'Happy': 3.992795245721936e-05, 'Neutral': 0.9999583959579468, 'Other': 1.7836240262525394e-09, 'Sad': 7.00920509189018e-07, 'Surprised': 4.320346533859265e-07, 'Unknown': 8.769672488195823e-11}",Yes.
MATT,00:58:56,00:58:57,Neutral,"{'Angry': 0.008260459639132023, 'Disgusted': 0.006389156449586153, 'Fearful': 0.002572694793343544, 'Happy': 0.02813507616519928, 'Neutral': 0.8928037285804749, 'Other': 3.11824660457205e-05, 'Sad': 0.010095592588186264, 'Surprised': 0.0516565665602684, 'Unknown': 5.547912587644532e-05}",To there?
TRAVIS,00:58:57,00:58:58,Neutral,"{'Angry': 0.0028280869591981173, 'Disgusted': 0.00602946151047945, 'Fearful': 0.0007720972062088549, 'Happy': 0.009784925729036331, 'Neutral': 0.8492968678474426, 'Other': 0.00013185024727135897, 'Sad': 0.005153805483132601, 'Surprised': 0.12584461271762848, 'Unknown': 0.00015832248027436435}",Yes.
LAURA,00:58:58,00:58:59,Surprised,"{'Angry': 7.361929601756856e-05, 'Disgusted': 4.228293983032927e-05, 'Fearful': 1.5895740943960845e-05, 'Happy': 0.0006237171473912895, 'Neutral': 0.0003730010357685387, 'Other': 5.831165708514163e-06, 'Sad': 2.7572741601034068e-05, 'Surprised': 0.9988372921943665, 'Unknown': 8.109226996566576e-07}",But back up?
TRAVIS,00:58:59,00:59:01,Happy,"{'Angry': 2.063692789988636e-07, 'Disgusted': 7.299649951164611e-07, 'Fearful': 4.850249410992546e-07, 'Happy': 0.9999951124191284, 'Neutral': 9.393590403306007e-07, 'Other': 4.1411632878407545e-07, 'Sad': 1.0366458127464284e-06, 'Surprised': 9.701252565719187e-07, 'Unknown': 1.1993687110134488e-07}",And back up just a little bit. Yeah.
MATT,00:59:01,00:59:27,Other,"{'Angry': 0.001502455212175846, 'Disgusted': 0.022070104256272316, 'Fearful': 0.005295905284583569, 'Happy': 0.030947787687182426, 'Neutral': 0.2755655348300934, 'Other': 0.49172884225845337, 'Sad': 0.03168465197086334, 'Surprised': 0.10207059234380722, 'Unknown': 0.03913415968418121}","Okay. So. As you dodge off to the side, Kern's grabbing his face, and just takes a moment. Hears your footsteps along the side, as there is no stealth to this; there are just footprints. However, Kern does attempt to sidestep over. He's going to attempt to make three strikes at you, with a disadvantage on all of them because he's currently blinded."
TRAVIS,00:59:27,00:59:30,Surprised,"{'Angry': 0.0010044670198112726, 'Disgusted': 0.0008216074202209711, 'Fearful': 0.02514365129172802, 'Happy': 0.0033432072959840298, 'Neutral': 0.05189349874854088, 'Other': 2.8488719181041233e-05, 'Sad': 0.0024700378999114037, 'Surprised': 0.9152683019638062, 'Unknown': 2.672837217687629e-05}","All right, you seem to be rolling pretty high. You could use the dice that I threw."
MATT,00:59:30,00:59:39,Unknown,"{'Angry': 0.026526687666773796, 'Disgusted': 0.10009300708770752, 'Fearful': 0.004342175554484129, 'Happy': 0.0016264470759779215, 'Neutral': 0.011139639653265476, 'Other': 0.022046128287911415, 'Sad': 0.3491551876068115, 'Surprised': 0.00010158510849578306, 'Unknown': 0.4849690794944763}","And rolls against him have advantage as well. All right, so attacks against you. That is going to be a 14."
TRAVIS,00:59:39,00:59:40,Neutral,"{'Angry': 1.0649119758454617e-05, 'Disgusted': 1.3928280168329366e-05, 'Fearful': 5.169052201381419e-06, 'Happy': 4.724898826680146e-05, 'Neutral': 0.9998111128807068, 'Other': 9.067069868251565e-07, 'Sad': 0.00010775804548757151, 'Surprised': 2.697099034776329e-06, 'Unknown': 5.447112130241294e-07}",Misses!
MATT,00:59:40,00:59:45,Neutral,"{'Angry': 7.873336531349917e-12, 'Disgusted': 7.588972852912157e-13, 'Fearful': 2.033844284394376e-13, 'Happy': 1.4418553156980707e-11, 'Neutral': 1.0, 'Other': 8.433551301973222e-14, 'Sad': 3.04124989081167e-11, 'Surprised': 4.30512439933417e-12, 'Unknown': 2.186136878077824e-13}",Natural 20 or an eight. So that'll be 16.
TRAVIS,00:59:45,00:59:47,Neutral,"{'Angry': 2.2647604055237025e-05, 'Disgusted': 0.0007398472516797483, 'Fearful': 1.5104119484021794e-05, 'Happy': 0.017786137759685516, 'Neutral': 0.9778239727020264, 'Other': 1.89530874195043e-05, 'Sad': 0.003551085479557514, 'Surprised': 3.476729762041941e-05, 'Unknown': 7.410069883917458e-06}","Okay, that misses."
MATT,00:59:47,01:00:25,Neutral,"{'Angry': 9.464422845439913e-08, 'Disgusted': 2.0209897400036425e-07, 'Fearful': 1.1697126467424823e-07, 'Happy': 3.125345301668858e-06, 'Neutral': 0.9999852180480957, 'Other': 2.5360398581142363e-07, 'Sad': 2.890270479838364e-06, 'Surprised': 8.143023478623945e-06, 'Unknown': 2.1678818740156203e-08}","19 and 19. Another one does hit. So, wide punches forward. They're a foot away from you. You chuckle, getting out of the way, and as you chuckle, he hears that. (snap) And for a moment, his mind clarifies, even though his eyes are closed with a trickle of blood off the side of one of the eye. He immediately goes into a faster-than-you-expected midsection punch that (whack) smacks you right in the middle of your laughing stomach. Because you're laughing, there is that tension, but it wasn't flexed, prepared for an actual impact from a fist. And you take seven points of damage from the hit to your abdomen."
TRAVIS,01:00:25,01:00:27,Surprised,"{'Angry': 0.02828947827219963, 'Disgusted': 0.004762515425682068, 'Fearful': 0.010381557047367096, 'Happy': 0.03746964409947395, 'Neutral': 0.14995643496513367, 'Other': 1.3688058061234187e-05, 'Sad': 0.012809821404516697, 'Surprised': 0.756295382976532, 'Unknown': 2.1568128431681544e-05}",All right.
MATT,01:00:27,01:00:32,Happy,"{'Angry': 4.183161763648968e-06, 'Disgusted': 1.0563136129349004e-05, 'Fearful': 2.8161498448753264e-06, 'Happy': 0.9998083710670471, 'Neutral': 0.00014399476640392095, 'Other': 2.1330215531634167e-06, 'Sad': 1.2119141501898412e-05, 'Surprised': 4.483184511627769e-06, 'Unknown': 1.1214873666176572e-05}","It is your turn. He is still blinded, so you have advantage on all these attacks. As you reel from the hit to your midsection--"
TRAVIS,01:00:32,01:00:40,Neutral,"{'Angry': 4.490960236580577e-06, 'Disgusted': 1.6435295719929854e-06, 'Fearful': 2.867620025881479e-07, 'Happy': 0.04739167541265488, 'Neutral': 0.9525701403617859, 'Other': 1.543248004054476e-06, 'Sad': 2.714104630285874e-05, 'Surprised': 7.458582444996864e-07, 'Unknown': 2.3457000679627527e-06}","I want to move-- no, I'll stay right where I am. Can I reach forward, grab his head and his shoulder, and go in for a bite attack at his neck?"
MATT,01:00:40,01:00:41,Neutral,"{'Angry': 0.0015656386967748404, 'Disgusted': 0.06174508109688759, 'Fearful': 0.0015487471828237176, 'Happy': 0.03384708613157272, 'Neutral': 0.8454598784446716, 'Other': 0.0002659675956238061, 'Sad': 0.03469187766313553, 'Surprised': 0.02079017274081707, 'Unknown': 8.558647823520005e-05}",You certainly can.
TRAVIS,01:00:41,01:00:46,Neutral,"{'Angry': 0.0012942819157615304, 'Disgusted': 0.0023121817503124475, 'Fearful': 0.0005368674756027758, 'Happy': 0.042950719594955444, 'Neutral': 0.859687089920044, 'Other': 0.001528939581476152, 'Sad': 0.08561810851097107, 'Surprised': 0.00043818808626383543, 'Unknown': 0.005633638706058264}",(growls) Yes! Aiming for the jugular. 23.
MATT,01:00:46,01:00:50,Neutral,"{'Angry': 1.054110384757223e-06, 'Disgusted': 2.7672595024341717e-06, 'Fearful': 2.490648739694734e-06, 'Happy': 8.757415344007313e-06, 'Neutral': 0.9998923540115356, 'Other': 5.548944500333164e-06, 'Sad': 5.605796104646288e-05, 'Surprised': 1.6809275393825374e-07, 'Unknown': 3.0742434319108725e-05}",23? Definitely hits. Go ahead and roll damage on that.
TRAVIS,01:00:50,01:00:53,Neutral,"{'Angry': 0.00017257202125620097, 'Disgusted': 3.277467840234749e-05, 'Fearful': 1.6472286006319337e-05, 'Happy': 4.9548125389264897e-05, 'Neutral': 0.9996480941772461, 'Other': 2.037903186646872e-06, 'Sad': 5.1200280722696334e-05, 'Surprised': 2.5011586330947466e-05, 'Unknown': 2.2032088509149617e-06}",All right. Eight.
SAM,01:00:53,01:00:54,Neutral,"{'Angry': 0.006646729540079832, 'Disgusted': 0.00030424442957155406, 'Fearful': 0.0003094809362664819, 'Happy': 0.004996979609131813, 'Neutral': 0.9809398055076599, 'Other': 3.965698851970956e-05, 'Sad': 0.004389425739645958, 'Surprised': 0.002345422515645623, 'Unknown': 2.8258742531761527e-05}",You're sure you're adding that right?
TRAVIS,01:00:54,01:00:55,Surprised,"{'Angry': 0.0022536166943609715, 'Disgusted': 0.0014379938365891576, 'Fearful': 0.0002383674873271957, 'Happy': 0.0009986191289499402, 'Neutral': 5.945138036622666e-05, 'Other': 0.00017516744264867157, 'Sad': 7.09968589944765e-05, 'Surprised': 0.9947502017021179, 'Unknown': 1.5519530279561877e-05}",Yeah.
SAM,01:00:55,01:00:56,Neutral,"{'Angry': 0.04047045111656189, 'Disgusted': 0.002468239516019821, 'Fearful': 0.0010333945974707603, 'Happy': 0.027398191392421722, 'Neutral': 0.8821454644203186, 'Other': 0.00013781142479274422, 'Sad': 0.016169697046279907, 'Surprised': 0.03015037812292576, 'Unknown': 2.6363626602687873e-05}",It's just plus four?
TRAVIS,01:00:56,01:00:58,Surprised,"{'Angry': 0.0011195710394531488, 'Disgusted': 0.0036663981154561043, 'Fearful': 0.0005659967428073287, 'Happy': 0.003702837275341153, 'Neutral': 0.006760366261005402, 'Other': 0.00010311704681953415, 'Sad': 0.0011713661951944232, 'Surprised': 0.9828563332557678, 'Unknown': 5.39817992830649e-05}",Plus six. This is halved.
SAM,01:00:58,01:01:02,Neutral,"{'Angry': 0.00010037360334536061, 'Disgusted': 6.248513818718493e-05, 'Fearful': 0.00026491444441489875, 'Happy': 0.00011064909631386399, 'Neutral': 0.9990242719650269, 'Other': 2.4810327886370942e-05, 'Sad': 0.00026430803700350225, 'Surprised': 6.417664553737268e-05, 'Unknown': 8.395347686018795e-05}",Are you sure? I thought you were both raging. There's no halves!
TRAVIS,01:01:02,01:01:03,Neutral,"{'Angry': 1.1508040188346058e-05, 'Disgusted': 2.652261173352599e-06, 'Fearful': 1.1123111107735895e-06, 'Happy': 1.770036033121869e-05, 'Neutral': 0.9999375343322754, 'Other': 2.1989686160850397e-07, 'Sad': 1.4381250366568565e-05, 'Surprised': 1.484088716097176e-05, 'Unknown': 2.7675215008571286e-08}","No, we halve the die."
SAM,01:01:03,01:01:05,Neutral,"{'Angry': 0.0005602395394816995, 'Disgusted': 0.001312914420850575, 'Fearful': 0.005461013410240412, 'Happy': 0.03158329427242279, 'Neutral': 0.9450888633728027, 'Other': 0.00027057278202846646, 'Sad': 0.0012181183556094766, 'Surprised': 0.002189401537179947, 'Unknown': 0.0123156001791358}",Is that true?
MATT,01:01:05,01:01:11,Happy,"{'Angry': 0.0006973022827878594, 'Disgusted': 0.002942183054983616, 'Fearful': 0.00043161259964108467, 'Happy': 0.8838237524032593, 'Neutral': 0.0687645822763443, 'Other': 0.0009961044415831566, 'Sad': 0.0015135516878217459, 'Surprised': 2.6636082111508586e-05, 'Unknown': 0.04080432653427124}","Both of them are at half damage because of their raging, so we're considering them both to not count that."
SAM,01:01:11,01:01:13,Neutral,"{'Angry': 0.00011516173981362954, 'Disgusted': 6.32179289823398e-05, 'Fearful': 8.504055585945025e-05, 'Happy': 0.0004384266503620893, 'Neutral': 0.9979972243309021, 'Other': 4.186169917375082e-06, 'Sad': 0.0011830725707113743, 'Surprised': 0.00010834354907274246, 'Unknown': 5.32374997419538e-06}",So they're not counting the halves?
LAURA,01:01:13,01:01:14,Neutral,"{'Angry': 0.00028843621839769185, 'Disgusted': 0.0003138428146485239, 'Fearful': 9.521027823211625e-05, 'Happy': 0.0030733125749975443, 'Neutral': 0.989031970500946, 'Other': 8.770507520239335e-06, 'Sad': 0.006959943100810051, 'Surprised': 0.00022307697508949786, 'Unknown': 5.443915142677724e-06}",So he shouldn't be halving his die?
MATT,01:01:14,01:01:21,Happy,"{'Angry': 2.811260401358595e-06, 'Disgusted': 3.626774196163751e-05, 'Fearful': 1.7278158338740468e-05, 'Happy': 0.991155743598938, 'Neutral': 0.008479930460453033, 'Other': 1.4206134437699802e-05, 'Sad': 7.377664587693289e-05, 'Surprised': 1.234545652550878e-05, 'Unknown': 0.0002076928358292207}","Well, no. The die halving is the natural damage of a punch, 1d2. So it's half of a d4."
LAURA,01:01:21,01:01:22,Happy,"{'Angry': 3.005189153082455e-10, 'Disgusted': 4.1611974976873967e-10, 'Fearful': 6.619406689445384e-10, 'Happy': 1.0, 'Neutral': 2.4908097806530805e-10, 'Other': 3.8538627844530993e-10, 'Sad': 4.1712416853911805e-10, 'Surprised': 1.7578003497220607e-09, 'Unknown': 8.075438928667467e-11}",Got it. Sorry.
MATT,01:01:22,01:01:49,Neutral,"{'Angry': 0.0009073503315448761, 'Disgusted': 0.0034644179977476597, 'Fearful': 0.001180744613520801, 'Happy': 0.06007863208651543, 'Neutral': 0.8944844007492065, 'Other': 0.0018484024330973625, 'Sad': 0.0014786203391849995, 'Surprised': 0.03421957418322563, 'Unknown': 0.0023378343321383}","Except for Kern, who is currently doing a full d4 on his punches. For some reason! (laughs) All right. So. As you rush in, he puts out a hand to try and punch instinctively as you rush towards him, his eyes still coated in his own blood. You push to the side, reach in, and grab the back of his shoulder, and (crunching sound) Grog-bite into the side. It's like biting into a tree trunk, his skin is so thick."
TRAVIS,01:01:49,01:01:51,Neutral,"{'Angry': 0.02474529668688774, 'Disgusted': 0.0017563148867338896, 'Fearful': 0.00010479241609573364, 'Happy': 0.0006714342744089663, 'Neutral': 0.9702192544937134, 'Other': 1.364079253107775e-05, 'Sad': 0.000520247092936188, 'Surprised': 0.001960545312613249, 'Unknown': 8.471844921587035e-06}",I eat bar stools for dinner.
MATT,01:01:51,01:02:18,Neutral,"{'Angry': 9.445448654332722e-07, 'Disgusted': 1.219918999595393e-06, 'Fearful': 8.108224136549325e-08, 'Happy': 4.979721168751894e-08, 'Neutral': 0.9999969005584717, 'Other': 1.3856747216323129e-07, 'Sad': 5.06936089550436e-07, 'Surprised': 1.2868842702573602e-07, 'Unknown': 7.974037430358294e-09}","You do, actually, and the taste is similar, Your teeth grind in, and you find yourself tearing into probably what would be the toughest steak you've ever tried. You get about a quarter to a half an inch in with your teeth, definitely taking a chunk and (tearing sound) tearing out what you can, but based on the general hardiness of his half-orc structure, you don't get to a jugular or any major vein, but you do leave a gash that leaves a significant mark on his body. That's the first attack."
TRAVIS,01:02:18,01:02:30,Neutral,"{'Angry': 4.165560691521408e-12, 'Disgusted': 3.821816994820093e-13, 'Fearful': 6.923819427951533e-14, 'Happy': 7.7846670082371e-12, 'Neutral': 1.0, 'Other': 3.698130601119225e-14, 'Sad': 1.7332949311943402e-11, 'Surprised': 1.7460489434503734e-12, 'Unknown': 2.340931268274282e-13}","I pull back from the bite, and I whisper into his ear, I was wondering what was going to break first: your spirit, or your body. And I would like to try to pick him up over my head and bring him down on my knee, Bane-style."
LAURA,01:02:30,01:02:31,Neutral,"{'Angry': 0.0002089069166686386, 'Disgusted': 0.00044174655340611935, 'Fearful': 4.7521398300887085e-06, 'Happy': 0.0075845010578632355, 'Neutral': 0.9915581941604614, 'Other': 1.5194438674370758e-05, 'Sad': 0.00013872937415726483, 'Surprised': 4.247881952323951e-05, 'Unknown': 5.482233973452821e-06}",Batman!
MATT,01:02:31,01:02:37,Neutral,"{'Angry': 6.936228813536616e-10, 'Disgusted': 4.0399155132320175e-09, 'Fearful': 2.524662978675707e-10, 'Happy': 2.6152897625308924e-09, 'Neutral': 0.9999995231628418, 'Other': 3.7980871225862245e-10, 'Sad': 4.5946148929942865e-07, 'Surprised': 8.444154819819971e-10, 'Unknown': 2.2130554333532615e-11}",Go ahead and make an athletics check. With advantage.
TRAVIS,01:02:37,01:02:40,Surprised,"{'Angry': 0.005604948848485947, 'Disgusted': 0.016058923676609993, 'Fearful': 0.0321061871945858, 'Happy': 0.008674795739352703, 'Neutral': 0.02588721178472042, 'Other': 0.0005531965289264917, 'Sad': 0.0022125770337879658, 'Surprised': 0.8875543475151062, 'Unknown': 0.021347777917981148}","Okay, that's 25."
MATT,01:02:40,01:02:42,Neutral,"{'Angry': 0.002238272223621607, 'Disgusted': 0.004571155644953251, 'Fearful': 0.0004184202116448432, 'Happy': 0.002058371901512146, 'Neutral': 0.9622500538825989, 'Other': 3.272126923548058e-05, 'Sad': 0.02753281593322754, 'Surprised': 0.0008666586363688111, 'Unknown': 3.1526848033536226e-05}",25.
TRAVIS,01:02:42,01:02:47,Neutral,"{'Angry': 2.554923286823829e-12, 'Disgusted': 1.2776869948334657e-13, 'Fearful': 3.7866167449870924e-14, 'Happy': 3.85702841193547e-12, 'Neutral': 1.0, 'Other': 1.1362613256435221e-14, 'Sad': 1.1041580844084464e-11, 'Surprised': 8.040297485960302e-13, 'Unknown': 7.489575772718846e-14}",Do I need to roll on advantage to see if I get a 20?
MATT,01:02:47,01:02:48,Neutral,"{'Angry': 7.795153578626923e-06, 'Disgusted': 7.575956715299981e-06, 'Fearful': 5.456504936773854e-07, 'Happy': 0.0025458112359046936, 'Neutral': 0.9973601698875427, 'Other': 2.103338147207978e-06, 'Sad': 7.154343620641157e-05, 'Surprised': 3.460279458522564e-06, 'Unknown': 1.027851453727635e-06}","Sure, go for it."
TRAVIS,01:02:48,01:02:50,Neutral,"{'Angry': 3.7710575270466506e-05, 'Disgusted': 9.641873475629836e-05, 'Fearful': 4.729016836790834e-06, 'Happy': 0.0001665324525674805, 'Neutral': 0.9995183944702148, 'Other': 3.139436012133956e-05, 'Sad': 1.2255250112502836e-05, 'Surprised': 2.3534230422228575e-06, 'Unknown': 0.00013020979531574994}","Oh, it's a 19. It was so close! 26."
MATT,01:02:50,01:02:51,Happy,"{'Angry': 0.11299154907464981, 'Disgusted': 0.013259004801511765, 'Fearful': 0.0012299087829887867, 'Happy': 0.6740761399269104, 'Neutral': 0.1556272953748703, 'Other': 0.00023758612223900855, 'Sad': 0.03450184315443039, 'Surprised': 0.007986647076904774, 'Unknown': 8.994364179670811e-05}",26.
TRAVIS,01:02:51,01:02:52,Neutral,"{'Angry': 4.753838425131107e-07, 'Disgusted': 5.423648730129571e-08, 'Fearful': 1.6069286346009903e-08, 'Happy': 2.9884752166253747e-06, 'Neutral': 0.9999959468841553, 'Other': 1.0538595773823545e-08, 'Sad': 4.302425509195018e-07, 'Surprised': 4.361191940915887e-08, 'Unknown': 2.3233386325927086e-09}",Son of a bitch!
MATT,01:02:52,01:03:14,Neutral,"{'Angry': 2.1971876776660793e-05, 'Disgusted': 5.381470691645518e-05, 'Fearful': 4.982683822163381e-05, 'Happy': 1.4456941244134214e-05, 'Neutral': 0.9936211705207825, 'Other': 1.3403948287304956e-05, 'Sad': 0.00012841708667110652, 'Surprised': 0.006096476223319769, 'Unknown': 3.615767809606041e-07}","You reach forward and scoop him up, lifting him over your head. He's trying to resist it, but in his unable-to-see state, there's no way he can possibly resist this. You lift him up over the top, (whack) down onto the knee. Go ahead and roll damage. I will consider both your two final attacks, but this attack damage is doubled, modifier included."
TRAVIS,01:03:14,01:03:18,Neutral,"{'Angry': 5.66550521774456e-11, 'Disgusted': 8.632600710656302e-12, 'Fearful': 5.4137376005736204e-12, 'Happy': 1.0498863584063045e-10, 'Neutral': 1.0, 'Other': 5.633088396780894e-13, 'Sad': 1.19615772842252e-09, 'Surprised': 5.753033813227226e-11, 'Unknown': 3.816397339210381e-13}","Seven, so 14. (cheering)"
MATT,01:03:18,01:03:28,Neutral,"{'Angry': 8.876721024897449e-10, 'Disgusted': 4.502419770346933e-09, 'Fearful': 1.4535138370685985e-10, 'Happy': 6.863904111753527e-09, 'Neutral': 1.0, 'Other': 2.4009882970688068e-09, 'Sad': 7.033368110143101e-09, 'Surprised': 4.6459178726365735e-09, 'Unknown': 3.767971767931755e-10}","All right. As part of this, he is--"
SAM,01:03:28,01:03:30,Neutral,"{'Angry': 3.1511292490904452e-06, 'Disgusted': 2.4426278741884744e-06, 'Fearful': 5.896498578294995e-07, 'Happy': 0.00034759746631607413, 'Neutral': 0.9996345043182373, 'Other': 2.07840102461887e-07, 'Sad': 7.927288606879301e-06, 'Surprised': 3.4221368423459353e-06, 'Unknown': 2.3092893286502658e-07}",Oh no. He's going to pull some shit.
TRAVIS,01:03:30,01:03:33,Neutral,"{'Angry': 1.36388939608878e-06, 'Disgusted': 2.1001487482408265e-07, 'Fearful': 1.1357856877225458e-08, 'Happy': 2.427062213428144e-07, 'Neutral': 0.9999978542327881, 'Other': 1.1007088573933288e-08, 'Sad': 2.384082904427487e-07, 'Surprised': 3.181527929996264e-08, 'Unknown': 2.8857513711955107e-08}",Matt reaching for things is never good.
MATT,01:03:33,01:03:57,Neutral,"{'Angry': 0.26188892126083374, 'Disgusted': 0.006426457781344652, 'Fearful': 0.004475986119359732, 'Happy': 0.09259386360645294, 'Neutral': 0.43085145950317383, 'Other': 0.1501215547323227, 'Sad': 0.006233867723494768, 'Surprised': 0.0044474354945123196, 'Unknown': 0.04296043515205383}","I'm going to go ahead and make a constitution check on his end. The DC is going to be the damage dealt, so he's going to try and essentially resist the effect of this. He is at disadvantage because he's blinded. That is a three. An 18 and a three. However, he still has a high constitution and so that's still plus 9 to that."
"TALIESIN, TRAVIS, LAURA",01:03:57,01:03:58,Sad,"{'Angry': 0.0006537735462188721, 'Disgusted': 0.0002626461209729314, 'Fearful': 0.00043171923607587814, 'Happy': 0.0008265000651590526, 'Neutral': 0.02635604701936245, 'Other': 6.147285148472292e-06, 'Sad': 0.9713469743728638, 'Surprised': 0.00011549846385605633, 'Unknown': 7.705802431701159e-07}",12.
MATT,01:03:58,01:04:09,Neutral,"{'Angry': 0.007886271923780441, 'Disgusted': 0.002989735221490264, 'Fearful': 0.0004651316849049181, 'Happy': 0.03291989862918854, 'Neutral': 0.9123653173446655, 'Other': 0.008673054166138172, 'Sad': 0.0012699032668024302, 'Surprised': 0.00015196090680547059, 'Unknown': 0.03327871486544609}","Not enough to beat the 14. So, for the purposes of this round, Kern is currently on the ground, stunned. He loses an entire round of combat. (excited noises)"
MATT,01:04:09,01:04:23,Neutral,"{'Angry': 1.7459454326740342e-08, 'Disgusted': 4.421319843572746e-08, 'Fearful': 1.5134234976343919e-09, 'Happy': 9.494193875525525e-08, 'Neutral': 0.9999997615814209, 'Other': 5.982442097263174e-09, 'Sad': 3.199961540190088e-08, 'Surprised': 6.352132686515688e-08, 'Unknown': 4.127540087495163e-09}","No longer blinded, but Kern is currently (choking noises) reaching towards his back, where there's this shooting pain throughout his entire nervous system. You have another round to go."
TRAVIS,01:04:23,01:04:35,Neutral,"{'Angry': 0.0007862928905524313, 'Disgusted': 0.00044868834083899856, 'Fearful': 4.814808926312253e-05, 'Happy': 0.004341367166489363, 'Neutral': 0.9889612793922424, 'Other': 0.0036883659195154905, 'Sad': 0.000512799946591258, 'Surprised': 0.0002044412394752726, 'Unknown': 0.0010086654219776392}","I reach up with my fingernails, and I carve these scrapes down my face, and I leap up with both feet, and I jump down on his head. (yelling)"
LAURA,01:04:35,01:04:37,Neutral,"{'Angry': 3.846930121653713e-05, 'Disgusted': 3.70542511518579e-05, 'Fearful': 1.6800689991214313e-05, 'Happy': 0.006831868551671505, 'Neutral': 0.9918445944786072, 'Other': 0.0002780683571472764, 'Sad': 0.00011534832447068766, 'Surprised': 2.558760343163158e-06, 'Unknown': 0.0008351558935828507}",It's so brutal!
MATT,01:04:37,01:04:40,Neutral,"{'Angry': 4.559020183592111e-08, 'Disgusted': 2.3038950303089223e-08, 'Fearful': 2.5385222812701613e-08, 'Happy': 3.351103998738836e-07, 'Neutral': 0.9999990463256836, 'Other': 2.7445878458820516e-08, 'Sad': 4.4685026523438864e-07, 'Surprised': 1.1953201983772033e-08, 'Unknown': 6.417903364308586e-08}",All right. Go ahead and roll. Attacks have advantage on him because he's stunned.
TRAVIS,01:04:40,01:04:43,Neutral,"{'Angry': 0.0032826929818838835, 'Disgusted': 0.005987243261188269, 'Fearful': 0.07139226794242859, 'Happy': 0.004761620424687862, 'Neutral': 0.7141218781471252, 'Other': 0.0016808412037789822, 'Sad': 0.16649627685546875, 'Surprised': 0.0022415982093662024, 'Unknown': 0.0300355963408947}",That's better. 23.
MATT,01:04:43,01:04:44,Neutral,"{'Angry': 1.7824993392423494e-06, 'Disgusted': 3.5551881865103496e-06, 'Fearful': 6.185056463436922e-06, 'Happy': 3.6284574889577925e-05, 'Neutral': 0.9999116659164429, 'Other': 2.2360150069289375e-06, 'Sad': 3.2869189453776926e-05, 'Surprised': 2.249811586807482e-06, 'Unknown': 3.0464343581115827e-06}",23 hits.
TRAVIS,01:04:44,01:04:49,Neutral,"{'Angry': 9.357892238881504e-10, 'Disgusted': 2.785533748106417e-10, 'Fearful': 8.094329373431464e-11, 'Happy': 3.0926947669485116e-09, 'Neutral': 1.0, 'Other': 1.0222320906416726e-10, 'Sad': 3.7222289694938127e-09, 'Surprised': 2.0341964224179776e-10, 'Unknown': 5.164785266131844e-10}",You know what? Just three of them. (battle cry)
MATT,01:04:49,01:04:53,Neutral,"{'Angry': 2.3860379817775e-12, 'Disgusted': 1.1279097501901841e-13, 'Fearful': 3.0135060571055694e-14, 'Happy': 3.3874682572876402e-12, 'Neutral': 1.0, 'Other': 6.603828422280635e-15, 'Sad': 5.700448793555246e-12, 'Surprised': 6.656391475338974e-13, 'Unknown': 8.132494786101951e-14}",Just rage-stomping on him? Okay! Three attacks.
TRAVIS,01:04:53,01:04:56,Neutral,"{'Angry': 1.070328062291459e-10, 'Disgusted': 2.443382128569649e-11, 'Fearful': 7.203417983631111e-12, 'Happy': 7.522490963474127e-10, 'Neutral': 1.0, 'Other': 3.811256431979215e-12, 'Sad': 6.307517841364074e-10, 'Surprised': 2.5230165179301878e-11, 'Unknown': 1.7725283046887697e-11}",20.
MATT,01:04:56,01:04:57,Neutral,"{'Angry': 3.951043936467613e-08, 'Disgusted': 6.793305118435455e-08, 'Fearful': 3.040183216285186e-08, 'Happy': 7.144934670577641e-07, 'Neutral': 0.9999985694885254, 'Other': 8.28523809559556e-08, 'Sad': 3.615228649778146e-07, 'Surprised': 5.326777241521086e-09, 'Unknown': 1.7346967240428057e-07}",20 hits.
MARISHA,01:04:57,01:05:00,Neutral,"{'Angry': 6.118789883657882e-07, 'Disgusted': 2.1845801256858977e-07, 'Fearful': 2.8074451208226492e-08, 'Happy': 2.317198595847003e-05, 'Neutral': 0.9999741315841675, 'Other': 7.000866730777489e-08, 'Sad': 1.4955516007830738e-06, 'Surprised': 1.2577297070492932e-07, 'Unknown': 8.885021429705375e-08}",You're right. This is so much more exciting when you bet.
TRAVIS,01:05:00,01:05:01,Neutral,"{'Angry': 0.02039252407848835, 'Disgusted': 0.01470385305583477, 'Fearful': 0.0018304181285202503, 'Happy': 0.06192678213119507, 'Neutral': 0.8602842688560486, 'Other': 3.7371981306932867e-05, 'Sad': 0.022321540862321854, 'Surprised': 0.018446167930960655, 'Unknown': 5.700671681552194e-05}",15.
MATT,01:05:01,01:05:46,Happy,"{'Angry': 3.0423468615481397e-06, 'Disgusted': 0.00016513213631697, 'Fearful': 1.8648670447873883e-05, 'Happy': 0.9985566735267639, 'Neutral': 5.0473619921831414e-05, 'Other': 0.00038799966569058597, 'Sad': 0.0006425844039767981, 'Surprised': 2.41680427279789e-05, 'Unknown': 0.00015129522944334894}","The first, you leap up into the air, both feet down (wham) right into the shoulder and side of the rib cage. You hear a (wet crunching noise) snap as at least two ribs give way under the sheer weight and force of your left foot. As you leap up again, bring down both feet a second time, one finds purchase on the ground next to him, while the second one hits him right in the lower abdomen, pelvis region. (whack) With this second one, you hear (deep groaning) the scream as the air is nearly knocked out of Kern. The third one, you reach up, this time just seeing seething rage. You can feel the actual foam at the corners of your mouth dripping down the sides of your chin. As you bring your leg up again to stomp a third time, this time Kern rolls out of the way. He manages to just avoid the third slam. What's the total damage on that?"
TRAVIS,01:05:46,01:05:53,Neutral,"{'Angry': 1.9734222936329537e-12, 'Disgusted': 8.655707037620933e-14, 'Fearful': 2.316271225386371e-14, 'Happy': 2.396181126781971e-12, 'Neutral': 1.0, 'Other': 7.126073785690325e-15, 'Sad': 6.61112267361097e-12, 'Surprised': 7.609032761507484e-13, 'Unknown': 5.111793692329225e-14}",Did I roll? It's good. Eight and eight!
MATT,01:05:53,01:05:54,Neutral,"{'Angry': 1.1951389751629904e-05, 'Disgusted': 1.0227208804280963e-05, 'Fearful': 3.883520548697561e-06, 'Happy': 1.8927539713331498e-05, 'Neutral': 0.9999165534973145, 'Other': 1.4489586419585976e-06, 'Sad': 2.497350942576304e-05, 'Surprised': 1.1413323591114022e-05, 'Unknown': 6.453716991927649e-07}",Damn!
TALIESIN,01:05:54,01:06:03,Neutral,"{'Angry': 0.0017835622420534492, 'Disgusted': 6.981389742577448e-05, 'Fearful': 0.00022702063142787665, 'Happy': 0.002998556476086378, 'Neutral': 0.9937898516654968, 'Other': 0.0001029863633448258, 'Sad': 0.0006616406026296318, 'Surprised': 0.00032795328297652304, 'Unknown': 3.862633457174525e-05}",You turned him into a stain.
MATT,01:06:03,01:06:11,Neutral,"{'Angry': 1.2058111451551667e-06, 'Disgusted': 5.767446054960601e-06, 'Fearful': 1.5391440228995634e-06, 'Happy': 1.7599448938199203e-06, 'Neutral': 0.9996899366378784, 'Other': 4.039538907818496e-07, 'Sad': 0.0001207328969030641, 'Surprised': 0.0001786908251233399, 'Unknown': 2.0954445290044532e-08}","Kern, no longer stunned, now gets up, (grunts) holding the back of his side."
LAURA,01:06:11,01:06:13,Neutral,"{'Angry': 2.208627811889352e-12, 'Disgusted': 1.0957293422207345e-13, 'Fearful': 2.847899596269271e-14, 'Happy': 3.029299033840971e-12, 'Neutral': 1.0, 'Other': 9.373874763972216e-15, 'Sad': 8.497208145441526e-12, 'Surprised': 6.289223699121327e-13, 'Unknown': 6.076567607383662e-14}","You suck, Kern!"
ORION,01:06:13,01:06:15,Neutral,"{'Angry': 4.3467792920637294e-08, 'Disgusted': 1.3958820943571482e-07, 'Fearful': 2.5431450723090165e-08, 'Happy': 7.238400030473713e-06, 'Neutral': 0.9999911785125732, 'Other': 7.07020291201843e-08, 'Sad': 1.0297327435182524e-06, 'Surprised': 2.6481119519417007e-08, 'Unknown': 2.3348978572812484e-07}",You also smell!
MATT,01:06:15,01:06:32,Neutral,"{'Angry': 1.8871823215249606e-08, 'Disgusted': 7.494735854152168e-08, 'Fearful': 2.6176154577228772e-08, 'Happy': 3.214084927094518e-07, 'Neutral': 0.9999990463256836, 'Other': 6.265240415359585e-08, 'Sad': 3.784723787703115e-07, 'Surprised': 4.806017628311565e-08, 'Unknown': 1.02861065442994e-07}","(chuckles) Glances up for a moment at you, and sees you raising your fists and gives a grin. Looks back towards you and lunges towards you now. He's going to attempt a grapple at you. Go ahead and make an athletics check."
TRAVIS,01:06:32,01:06:34,Neutral,"{'Angry': 0.00012555763532873243, 'Disgusted': 6.0933114582439885e-05, 'Fearful': 1.0250730156258214e-05, 'Happy': 0.12235598266124725, 'Neutral': 0.8765219449996948, 'Other': 0.00011826158151961863, 'Sad': 0.0002489963371772319, 'Surprised': 3.0960000003688037e-06, 'Unknown': 0.0005549734923988581}",That's a one.
LAURA,01:06:34,01:06:36,Neutral,"{'Angry': 2.5667439331300557e-05, 'Disgusted': 4.1617928218329325e-05, 'Fearful': 0.00012613116996362805, 'Happy': 3.106438452959992e-05, 'Neutral': 0.9990233182907104, 'Other': 5.405867341323756e-06, 'Sad': 0.00039236198063008487, 'Surprised': 0.0003432158555369824, 'Unknown': 1.1189676115463953e-05}",Do you get an advantage at all?
MATT,01:06:36,01:06:57,Neutral,"{'Angry': 0.0008145861211232841, 'Disgusted': 0.0022639124654233456, 'Fearful': 0.00022727232135366648, 'Happy': 0.18772609531879425, 'Neutral': 0.7494389414787292, 'Other': 0.010728814639151096, 'Sad': 0.0013574125478044152, 'Surprised': 0.00010226464655715972, 'Unknown': 0.04734060540795326}","Nope, no longer blinded, no longer stunned. You are considered currently grappled. All right, so for the action there-- as a bonus action he's going to rear back, open his mouth, and attempt to bite towards your face."
MARISHA,01:06:57,01:06:58,Angry,"{'Angry': 0.999975323677063, 'Disgusted': 2.0003765257570194e-06, 'Fearful': 2.7959524118159607e-07, 'Happy': 9.154799045063555e-06, 'Neutral': 1.0084377208841033e-05, 'Other': 6.130136398496688e-08, 'Sad': 2.8626211587834405e-06, 'Surprised': 2.259572084994943e-07, 'Unknown': 2.1907135661081156e-08}",He's Mike Tyson-ing you.
MATT,01:06:58,01:07:03,Neutral,"{'Angry': 1.0422925100783687e-07, 'Disgusted': 9.402688760928868e-08, 'Fearful': 1.329562451246602e-07, 'Happy': 1.9513531697157305e-06, 'Neutral': 0.9999966621398926, 'Other': 4.2361520513622963e-08, 'Sad': 8.561902404835564e-07, 'Surprised': 7.749665087430913e-08, 'Unknown': 7.883003405595446e-08}",Correct. That is a 21.
TRAVIS,01:07:03,01:07:05,Angry,"{'Angry': 0.9329574704170227, 'Disgusted': 0.011184477247297764, 'Fearful': 0.0024722409434616566, 'Happy': 0.03232594579458237, 'Neutral': 0.018080871552228928, 'Other': 0.0002040757390204817, 'Sad': 0.001597677473910153, 'Surprised': 0.0006224430399015546, 'Unknown': 0.0005547462496906519}",That hits.
MATT,01:07:05,01:07:44,Neutral,"{'Angry': 0.00012546234938781708, 'Disgusted': 0.002864579204469919, 'Fearful': 0.00018563421326689422, 'Happy': 0.0302269384264946, 'Neutral': 0.9375653266906738, 'Other': 0.012568367645144463, 'Sad': 0.004572196863591671, 'Surprised': 0.00035774728166870773, 'Unknown': 0.011533773504197598}","You take ten points of damage, and you feel teeth grasp on to the top of your lip, and with a sickening sharp, burning sensation, (wet ripping noise) your upper lip is now torn from the front of your face. As you see Kern reel back, a streak of blood spilling off in an arc as his head pulls back, a terrible grin creeping across his smile. As you now see, this dull gray-colored, Grog flesh-toned piece of skin dangling bloodily from his mouth. (disgusted noises)"
MARISHA,01:07:44,01:07:46,Neutral,"{'Angry': 0.0016562729142606258, 'Disgusted': 0.0030118420254439116, 'Fearful': 6.173842848511413e-05, 'Happy': 0.00486388336867094, 'Neutral': 0.9625824689865112, 'Other': 0.023600010201334953, 'Sad': 0.00214163470081985, 'Surprised': 0.0019292377401143312, 'Unknown': 0.00015284983965102583}",We can fix it!
MATT,01:07:46,01:07:49,Neutral,"{'Angry': 2.9000349968555383e-05, 'Disgusted': 2.626370041980408e-05, 'Fearful': 3.6062117487745127e-06, 'Happy': 3.404799645068124e-05, 'Neutral': 0.9996562004089355, 'Other': 2.400902667432092e-05, 'Sad': 7.17546499799937e-05, 'Surprised': 1.7795106543871952e-07, 'Unknown': 0.00015501708548981696}","Your turn, currently grappled so you can't move."
TRAVIS,01:07:49,01:07:52,Neutral,"{'Angry': 1.9263577399897258e-08, 'Disgusted': 1.563133444903997e-08, 'Fearful': 4.152649335509295e-09, 'Happy': 3.4976685014953546e-07, 'Neutral': 0.9999992847442627, 'Other': 1.0885758072731733e-08, 'Sad': 2.897366755405528e-07, 'Surprised': 2.559134459900747e-09, 'Unknown': 9.276592294327202e-08}",I would like to attempt to break that grapple.
MATT,01:07:52,01:07:54,Neutral,"{'Angry': 0.05157243087887764, 'Disgusted': 0.1396552175283432, 'Fearful': 0.0034149158746004105, 'Happy': 0.005050817970186472, 'Neutral': 0.7562126517295837, 'Other': 5.693577622878365e-05, 'Sad': 0.04334539175033569, 'Surprised': 0.0006312394398264587, 'Unknown': 6.043224857421592e-05}",Okay. Make an athletics check.
TRAVIS,01:07:54,01:07:58,Neutral,"{'Angry': 8.865816067404886e-12, 'Disgusted': 5.701250561061799e-13, 'Fearful': 2.0459288018088995e-13, 'Happy': 1.125746631330804e-11, 'Neutral': 1.0, 'Other': 4.106415389475669e-14, 'Sad': 4.237767775583379e-11, 'Surprised': 3.674075800541576e-12, 'Unknown': 3.1028096216488554e-13}",That is 21.
MATT,01:07:58,01:08:02,Neutral,"{'Angry': 5.783606232823146e-12, 'Disgusted': 4.441112462592184e-13, 'Fearful': 1.8520375391715277e-13, 'Happy': 1.0693480823054102e-11, 'Neutral': 1.0, 'Other': 4.2194448212099986e-14, 'Sad': 3.39205434574108e-11, 'Surprised': 3.863360586303655e-12, 'Unknown': 1.7828272224403724e-13}",He rolled a 14. So you break from the grapple. Still have your bonus action.
TRAVIS,01:08:02,01:08:04,Sad,"{'Angry': 0.0002635229902807623, 'Disgusted': 0.00026631494984030724, 'Fearful': 0.00031599667272530496, 'Happy': 0.00038686732295900583, 'Neutral': 0.11115291714668274, 'Other': 1.0515857866266742e-05, 'Sad': 0.8873810172080994, 'Surprised': 0.00020208786008879542, 'Unknown': 2.0801571736228652e-05}","Both of my bonus actions, or all three?"
MATT,01:08:04,01:08:15,Happy,"{'Angry': 5.528130486709415e-08, 'Disgusted': 2.444145650315477e-07, 'Fearful': 7.037891691652476e-08, 'Happy': 0.9999920129776001, 'Neutral': 5.119247816764982e-06, 'Other': 1.171080015183179e-07, 'Sad': 6.03577120728005e-07, 'Surprised': 3.120235092524126e-08, 'Unknown': 1.7423875533495448e-06}","Actually, breaking from grapple-- let me double-check. It uses an action, so yeah, it's your action. You still have a bonus action."
TRAVIS,01:08:15,01:08:26,Neutral,"{'Angry': 0.0002479862596374005, 'Disgusted': 0.002020844491198659, 'Fearful': 5.974850137135945e-05, 'Happy': 8.362183871213347e-05, 'Neutral': 0.9960188269615173, 'Other': 0.0008271499536931515, 'Sad': 6.106805813033134e-05, 'Surprised': 1.3990465959068388e-05, 'Unknown': 0.0006667070556432009}","I blow through my newly lipless mouth, (laughs) and I run up and I throw my face into his."
MATT,01:08:26,01:08:28,Neutral,"{'Angry': 0.00043092225678265095, 'Disgusted': 0.00032581802224740386, 'Fearful': 8.168659405782819e-05, 'Happy': 0.0008817639900371432, 'Neutral': 0.9511973857879639, 'Other': 6.315167865977855e-06, 'Sad': 0.04697873443365097, 'Surprised': 9.199725900543854e-05, 'Unknown': 5.24311826666235e-06}",Okay! Go ahead and roll for your headbutt.
TRAVIS,01:08:28,01:08:31,Neutral,"{'Angry': 1.6038834473874886e-06, 'Disgusted': 4.0854424696590286e-06, 'Fearful': 1.8873940916819265e-06, 'Happy': 4.509498467086814e-06, 'Neutral': 0.9999653100967407, 'Other': 5.5372906899719965e-06, 'Sad': 1.5203469047264662e-05, 'Surprised': 1.7126885722973384e-06, 'Unknown': 2.221071468966329e-07}",That's a 17.
MATT,01:08:31,01:08:58,Happy,"{'Angry': 2.562921281423769e-06, 'Disgusted': 2.36150140153768e-06, 'Fearful': 3.743171248515864e-07, 'Happy': 0.9967285394668579, 'Neutral': 0.0032398311886936426, 'Other': 9.4513306976296e-06, 'Sad': 1.2508376130426768e-05, 'Surprised': 1.4726954304933315e-06, 'Unknown': 2.9981217721797293e-06}","17 misses. As you dodge forward, Kern actually spits it toward you and it (squelch) hits you in the face, and for a second, it completely throws you off. Your head still goes forward. However, as you look down, Kern has already swished beneath you. The sheer speed is unexpected; he's now beneath looking up and grabs the chunk of the lip that he had taken and comes up for a full round of attacks against you."
TRAVIS,01:08:58,01:08:59,Angry,"{'Angry': 0.5312620997428894, 'Disgusted': 0.12271852791309357, 'Fearful': 0.028344852849841118, 'Happy': 0.04966101795434952, 'Neutral': 0.1271861344575882, 'Other': 0.0027702441439032555, 'Sad': 0.02364896610379219, 'Surprised': 0.11408497393131256, 'Unknown': 0.00032326148357242346}","Wait, that was just my one attack."
MATT,01:08:59,01:09:06,Neutral,"{'Angry': 8.309435778341978e-11, 'Disgusted': 2.2537329641414416e-11, 'Fearful': 9.298634778831527e-12, 'Happy': 2.8000973761876935e-10, 'Neutral': 1.0, 'Other': 2.278832721483437e-12, 'Sad': 8.095553671871869e-10, 'Surprised': 7.310427957429866e-11, 'Unknown': 8.374603094329913e-12}","Oh, that's right. You still have-- No, you used your action to break the grapple. So you're still grappled, so you can't move. So this is his turn."
TRAVIS,01:09:06,01:09:07,Angry,"{'Angry': 0.8340561985969543, 'Disgusted': 0.004100190009921789, 'Fearful': 0.0004690476635005325, 'Happy': 0.004429130349308252, 'Neutral': 0.15385682880878448, 'Other': 0.000122013472719118, 'Sad': 0.0013559425715357065, 'Surprised': 0.000243823291384615, 'Unknown': 0.0013668680330738425}",I broke the grapple!
MATT,01:09:07,01:09:10,Neutral,"{'Angry': 0.0009294213959947228, 'Disgusted': 0.006965902633965015, 'Fearful': 0.01102615986019373, 'Happy': 0.012425640597939491, 'Neutral': 0.8319736123085022, 'Other': 0.0014095088699832559, 'Sad': 0.02867002598941326, 'Surprised': 9.135289292316884e-05, 'Unknown': 0.1065082922577858}","You did break the grapple, so yeah, you could still move if you wanted to."
TRAVIS,01:09:10,01:09:12,Neutral,"{'Angry': 0.0005225463537499309, 'Disgusted': 0.0005729211261495948, 'Fearful': 9.808672984945588e-06, 'Happy': 0.0008412140305154026, 'Neutral': 0.9948692321777344, 'Other': 0.0026442205999046564, 'Sad': 0.0003483346663415432, 'Surprised': 0.0001407318632118404, 'Unknown': 5.102782597532496e-05}","No, I'll stay there."
MATT,01:09:12,01:09:15,Neutral,"{'Angry': 1.0581493459227431e-09, 'Disgusted': 8.596049982934062e-10, 'Fearful': 8.540207985241466e-10, 'Happy': 1.6829936555495806e-08, 'Neutral': 0.9999998807907104, 'Other': 3.3584954262089184e-10, 'Sad': 6.676319230791705e-08, 'Surprised': 1.7644476990597013e-09, 'Unknown': 3.55337231860986e-10}",Okay. That is a 23.
TRAVIS,01:09:15,01:09:16,Surprised,"{'Angry': 6.890925578773022e-05, 'Disgusted': 0.00041830589179880917, 'Fearful': 0.0001661252317717299, 'Happy': 0.0002197697904193774, 'Neutral': 0.018985293805599213, 'Other': 2.2558637283509597e-05, 'Sad': 4.6163262595655397e-05, 'Surprised': 0.9800727367401123, 'Unknown': 1.8933641854346206e-07}",Hits.
MATT,01:09:16,01:09:20,Neutral,"{'Angry': 3.340977938748324e-09, 'Disgusted': 1.8181012251261564e-09, 'Fearful': 5.740047881452881e-10, 'Happy': 3.60959546696904e-08, 'Neutral': 0.9999998807907104, 'Other': 4.656034238714746e-11, 'Sad': 3.172638685100537e-08, 'Surprised': 5.255667900883054e-08, 'Unknown': 1.9656392832856362e-11}",23. And a 12.
TRAVIS,01:09:20,01:09:22,Neutral,"{'Angry': 1.8868662664317526e-05, 'Disgusted': 4.137750693189446e-06, 'Fearful': 1.6012343621696346e-05, 'Happy': 0.0036091844085603952, 'Neutral': 0.9955997467041016, 'Other': 2.3347722617472755e-06, 'Sad': 0.0007322659948840737, 'Surprised': 1.4141952306090388e-05, 'Unknown': 3.256910758864251e-06}",(sighs) Misses.
MATT,01:09:22,01:09:30,Neutral,"{'Angry': 5.8195670504801456e-09, 'Disgusted': 6.1245231108841836e-09, 'Fearful': 1.662751270004037e-09, 'Happy': 7.213905917069496e-09, 'Neutral': 1.0, 'Other': 3.304354567745804e-09, 'Sad': 5.047641238320466e-08, 'Surprised': 1.6931125390584612e-09, 'Unknown': 1.4522787417092786e-09}","So, grabs the lip in one hand, reaches up and then (slam) uppercuts you from underneath for the first hit. That is seven points of damage."
TRAVIS,01:09:30,01:09:31,Neutral,"{'Angry': 0.003787957364693284, 'Disgusted': 0.05184639245271683, 'Fearful': 0.0008080020197667181, 'Happy': 0.015024464577436447, 'Neutral': 0.907663106918335, 'Other': 0.00021718785865232348, 'Sad': 0.0064721242524683475, 'Surprised': 0.01410225685685873, 'Unknown': 7.84738949732855e-05}",Okay.
MATT,01:09:31,01:10:07,Happy,"{'Angry': 3.1284794204111677e-06, 'Disgusted': 2.22306334762834e-05, 'Fearful': 0.0007284636958502233, 'Happy': 0.9965093731880188, 'Neutral': 5.569447694142582e-06, 'Other': 0.0011732155689969659, 'Sad': 0.0015141580952331424, 'Surprised': 3.0197234082152136e-05, 'Unknown': 1.3702661817660555e-05}","The next one, however, is eight points of damage. Swings up and actually haymakers you to the side with the hand still holding the chunk of your lip in it (slamming impact) across the side of your face, and is going to attempt to do a backwards leaping flip-kick. However, because Kern is not as practiced at this and is over-extending, you see it telegraphed far in advance, and you duck out of the way, and it (whoosh) whiffs past. Kern loses his balance for a minute and in an embarrassing moment almost falls over from his own strike. Manages to catch himself and is like, ""Nobody saw that, right?"" That ends Kern's turn. You're up."
LAURA,01:10:07,01:10:09,Sad,"{'Angry': 2.772923153315787e-06, 'Disgusted': 1.0354746336815879e-05, 'Fearful': 2.0905597921228036e-05, 'Happy': 1.3211503755883314e-05, 'Neutral': 1.1704262760758866e-05, 'Other': 4.704580715042539e-05, 'Sad': 0.9998855590820312, 'Surprised': 8.108806468953844e-06, 'Unknown': 4.134471396355366e-07}","(shouting) I saw that, Kern!"
TRAVIS,01:10:09,01:10:13,Sad,"{'Angry': 3.53789291693829e-05, 'Disgusted': 6.277146894717589e-05, 'Fearful': 0.0007046610116958618, 'Happy': 0.41051560640335083, 'Neutral': 0.0005570111097767949, 'Other': 0.0001757211866788566, 'Sad': 0.5872702598571777, 'Surprised': 0.0006158493342809379, 'Unknown': 6.280242814682424e-05}","I reach forward, throw that leg towards the right knee again. Still working on the same spot."
MATT,01:10:13,01:10:15,Happy,"{'Angry': 0.0038604578003287315, 'Disgusted': 0.0071992590092122555, 'Fearful': 0.012121380306780338, 'Happy': 0.9122709631919861, 'Neutral': 0.02290138229727745, 'Other': 0.0010746046900749207, 'Sad': 0.005736416671425104, 'Surprised': 0.012320186011493206, 'Unknown': 0.022515321150422096}",Okay.
TRAVIS,01:10:15,01:10:16,Neutral,"{'Angry': 6.35103631907441e-08, 'Disgusted': 4.035000955582291e-08, 'Fearful': 3.120040448223449e-09, 'Happy': 6.541333277709782e-06, 'Neutral': 0.999993085861206, 'Other': 1.5049886670226442e-08, 'Sad': 1.5024554045339755e-07, 'Surprised': 2.8498938320353773e-08, 'Unknown': 1.033764895908007e-08}",Miss.
MATT,01:10:16,01:10:19,Happy,"{'Angry': 0.003830275498330593, 'Disgusted': 0.020670423284173012, 'Fearful': 0.0021044195163995028, 'Happy': 0.42516425251960754, 'Neutral': 0.14018335938453674, 'Other': 0.0009252459276467562, 'Sad': 0.014680550433695316, 'Surprised': 0.39089667797088623, 'Unknown': 0.0015447709010913968}",All right. Still have two more strikes.
TRAVIS,01:10:19,01:10:22,Surprised,"{'Angry': 0.0009878433775156736, 'Disgusted': 0.0003332914784550667, 'Fearful': 1.7119329640991054e-05, 'Happy': 0.00020443531684577465, 'Neutral': 0.0003668787539936602, 'Other': 2.139083699148614e-05, 'Sad': 1.8586295482236892e-05, 'Surprised': 0.9980443716049194, 'Unknown': 6.17256409896072e-06}",That's a 21.
MATT,01:10:22,01:10:24,Neutral,"{'Angry': 0.0004859832988586277, 'Disgusted': 0.0004338372382335365, 'Fearful': 0.00040477217407897115, 'Happy': 0.03285156935453415, 'Neutral': 0.962374210357666, 'Other': 2.109081469825469e-05, 'Sad': 0.0015984191559255123, 'Surprised': 0.0018054560059681535, 'Unknown': 2.4599597963970155e-05}",21 hits.
TRAVIS,01:10:24,01:10:29,Neutral,"{'Angry': 3.652417604471658e-11, 'Disgusted': 3.1786834449321066e-12, 'Fearful': 9.102373802610808e-13, 'Happy': 1.6846206374321326e-10, 'Neutral': 1.0, 'Other': 2.317076652075256e-13, 'Sad': 1.9309076559892446e-10, 'Surprised': 1.7624719392261845e-11, 'Unknown': 5.689518409353334e-13}",And I miss.
MATT,01:10:29,01:10:45,Neutral,"{'Angry': 2.644063533807639e-05, 'Disgusted': 4.749208164867014e-05, 'Fearful': 1.166569290944608e-05, 'Happy': 6.271400343393907e-05, 'Neutral': 0.9986284971237183, 'Other': 4.728157728095539e-05, 'Sad': 0.0011290045222267509, 'Surprised': 1.7867540009319782e-05, 'Unknown': 2.90941334242234e-05}","Okay. So, you rush forward with your leg (whoomph) he manages to duck out of the way, bringing his knee up to the side. Comes down to try and get ready for the next attack; however, you already used that inertia of the kick to bring your fist down (whack) right across the front of his face. Go ahead and roll damage."
TRAVIS,01:10:45,01:10:46,Neutral,"{'Angry': 0.00022753950906917453, 'Disgusted': 1.775033524609171e-05, 'Fearful': 4.521526534517761e-06, 'Happy': 0.0011311209527775645, 'Neutral': 0.9985246062278748, 'Other': 1.3232222499937052e-06, 'Sad': 3.321643089293502e-05, 'Surprised': 5.951946150162257e-05, 'Unknown': 4.659979708776518e-07}",That's an eight.
MATT,01:10:46,01:11:10,Neutral,"{'Angry': 1.8477286367613033e-10, 'Disgusted': 1.9321592936716314e-11, 'Fearful': 5.918118859554733e-12, 'Happy': 4.29145652347529e-09, 'Neutral': 1.0, 'Other': 1.2473856583067322e-12, 'Sad': 6.801877949769164e-10, 'Surprised': 1.1422566364993614e-10, 'Unknown': 6.547000355044963e-12}","Eight. All right. Okay, and the third strike, you come out to follow that up with a full combo, at which point however, he reaches out, (clutching noise) grabs the sides of your wrists with both of his hands and brings it down to where you're now face-to-face again, left at his mercy at this point. You're off-balance and led towards him. It's Kern's turn. Kern is going to reach back and attempt to headbutt you in the front. That is a 21."
TRAVIS,01:11:10,01:11:11,Sad,"{'Angry': 6.8898266363248695e-06, 'Disgusted': 1.648898773964902e-06, 'Fearful': 1.118041723202623e-06, 'Happy': 2.843036418198608e-05, 'Neutral': 0.0011744045186787844, 'Other': 9.1354358744411e-08, 'Sad': 0.9987848401069641, 'Surprised': 2.594294301161426e-06, 'Unknown': 1.038106844930553e-07}",That hits.
MATT,01:11:11,01:11:15,Neutral,"{'Angry': 1.8235555288015348e-08, 'Disgusted': 4.315040769142797e-08, 'Fearful': 2.1409375605685455e-08, 'Happy': 9.677913794803317e-07, 'Neutral': 0.9999983310699463, 'Other': 5.429954441638074e-08, 'Sad': 4.124689780837798e-07, 'Surprised': 4.022886468391107e-09, 'Unknown': 1.5090098770542681e-07}",That is an 11.
TRAVIS,01:11:15,01:11:16,Disgusted,"{'Angry': 0.004602236207574606, 'Disgusted': 0.42339709401130676, 'Fearful': 0.000924889522138983, 'Happy': 0.1830185502767563, 'Neutral': 0.08810240030288696, 'Other': 0.23364177346229553, 'Sad': 0.005221837665885687, 'Surprised': 0.06075873598456383, 'Unknown': 0.00033258245093747973}",Misses.
MATT,01:11:16,01:11:18,Neutral,"{'Angry': 0.0022324142046272755, 'Disgusted': 0.018975727260112762, 'Fearful': 0.00024446079623885453, 'Happy': 0.002061308827251196, 'Neutral': 0.9612314105033875, 'Other': 0.000870926829520613, 'Sad': 0.0002866304130293429, 'Surprised': 4.3236192141193897e-05, 'Unknown': 0.014053821563720703}",And that's going to be a 22.
TRAVIS,01:11:18,01:11:19,Neutral,"{'Angry': 1.586230609973427e-05, 'Disgusted': 2.0793479052372277e-05, 'Fearful': 7.447126222359657e-07, 'Happy': 2.5461569748586044e-05, 'Neutral': 0.9998953342437744, 'Other': 8.759036973060574e-06, 'Sad': 6.876377938169753e-06, 'Surprised': 5.99404046397467e-08, 'Unknown': 2.6079473173012957e-05}",That hits.
MATT,01:11:19,01:11:38,Neutral,"{'Angry': 0.0008724103099666536, 'Disgusted': 0.0029716663993895054, 'Fearful': 9.18437508516945e-05, 'Happy': 0.0254804827272892, 'Neutral': 0.9662833213806152, 'Other': 0.0012583391508087516, 'Sad': 0.0005028345622122288, 'Surprised': 0.0002384088875260204, 'Unknown': 0.002300587249919772}","Just (whack) headbutts you right square in the face. You reel back from it. He goes to headbutt again. This time you duck out of the way. However, at that point, he pulls you closer in towards him, still holding your wrists to his side, and he headbutts you a third time. So, the first headbutt does nine points of damage, and the other one does seven points of damage."
TRAVIS,01:11:38,01:11:40,Happy,"{'Angry': 0.004916697274893522, 'Disgusted': 0.004748454783111811, 'Fearful': 0.001428414834663272, 'Happy': 0.859489381313324, 'Neutral': 0.11630704998970032, 'Other': 0.000859392574056983, 'Sad': 0.007594647817313671, 'Surprised': 0.0044577280059456825, 'Unknown': 0.00019824408809654415}",Okay.
MATT,01:11:40,01:11:48,Neutral,"{'Angry': 0.13953787088394165, 'Disgusted': 0.01102455984801054, 'Fearful': 0.0029809630941599607, 'Happy': 0.08515477925539017, 'Neutral': 0.6136457324028015, 'Other': 0.013172447681427002, 'Sad': 0.0006907805218361318, 'Surprised': 0.00012407857866492122, 'Unknown': 0.13366879522800446}","(whack, whoosh, whack) Pulling you in, this time releasing you from the sheer impact, pushing you back onto your feet. It's your go."
TRAVIS,01:11:48,01:11:50,Surprised,"{'Angry': 0.002582603134214878, 'Disgusted': 0.007595743518322706, 'Fearful': 0.03562828153371811, 'Happy': 0.002679999452084303, 'Neutral': 0.028691599145531654, 'Other': 4.678668483393267e-05, 'Sad': 0.0028076334856450558, 'Surprised': 0.9199347496032715, 'Unknown': 3.2612631912343204e-05}",Am I back to the wall?
MATT,01:11:50,01:11:51,Neutral,"{'Angry': 0.2545664608478546, 'Disgusted': 0.021880116313695908, 'Fearful': 0.003502681152895093, 'Happy': 0.22682252526283264, 'Neutral': 0.4633033871650696, 'Other': 0.0029757602605968714, 'Sad': 0.006410861853510141, 'Surprised': 0.013822847977280617, 'Unknown': 0.00671535125002265}","You're pretty close to the wall, yeah."
TRAVIS,01:11:51,01:11:57,Neutral,"{'Angry': 0.03824187442660332, 'Disgusted': 0.006434879265725613, 'Fearful': 0.000402807752834633, 'Happy': 0.05938078835606575, 'Neutral': 0.8734413981437683, 'Other': 0.00524264806881547, 'Sad': 0.002053631003946066, 'Surprised': 0.00039256500895135105, 'Unknown': 0.014409391209483147}","I'd like to take a step back, put my back foot on the wall, and then push off into the air with a huge overhand right."
MATT,01:11:57,01:12:01,Angry,"{'Angry': 0.5275164842605591, 'Disgusted': 0.12595297396183014, 'Fearful': 0.04634152352809906, 'Happy': 0.0781060978770256, 'Neutral': 0.11302153766155243, 'Other': 0.00035141894477419555, 'Sad': 0.08156301826238632, 'Surprised': 0.016307832673192024, 'Unknown': 0.010839160531759262}","Nice! Okay, pushing off in the air and arcing down with the fist."
TRAVIS,01:12:01,01:12:03,Happy,"{'Angry': 0.0002854513586498797, 'Disgusted': 7.384061063930858e-06, 'Fearful': 2.6503045091885724e-07, 'Happy': 0.8954740166664124, 'Neutral': 0.1039971262216568, 'Other': 3.0481655812764075e-06, 'Sad': 0.00019683121354319155, 'Surprised': 3.54638796125073e-05, 'Unknown': 4.372806472474622e-07}",That's a 22.
MATT,01:12:03,01:12:04,Neutral,"{'Angry': 0.0007338225841522217, 'Disgusted': 0.00017431916785426438, 'Fearful': 0.0008608145290054381, 'Happy': 0.004225985612720251, 'Neutral': 0.9894194602966309, 'Other': 6.995105195528595e-06, 'Sad': 0.003637797199189663, 'Surprised': 0.0009198497282341123, 'Unknown': 2.0889065126539208e-05}",22 hits.
TRAVIS,01:12:04,01:12:07,Happy,"{'Angry': 0.001136351260356605, 'Disgusted': 0.0018780946265906096, 'Fearful': 0.0025776682887226343, 'Happy': 0.8127835392951965, 'Neutral': 0.1560094654560089, 'Other': 0.0012846268946304917, 'Sad': 0.005551960319280624, 'Surprised': 0.000998478732071817, 'Unknown': 0.017779840156435966}",Eight points of damage.
MATT,01:12:07,01:12:10,Neutral,"{'Angry': 0.0008262984338216484, 'Disgusted': 0.0007115512853488326, 'Fearful': 0.00021403726714197546, 'Happy': 0.04538263753056526, 'Neutral': 0.9416541457176208, 'Other': 0.0006670434377156198, 'Sad': 0.0005987346521578729, 'Surprised': 1.994041485886555e-05, 'Unknown': 0.009925718419253826}",Eight points of damage. All righty.
TRAVIS,01:12:10,01:12:20,Happy,"{'Angry': 1.7374471639186595e-08, 'Disgusted': 6.577072753088942e-08, 'Fearful': 1.4049788887859904e-08, 'Happy': 0.9999994039535522, 'Neutral': 2.1197003263750958e-07, 'Other': 5.2081354340316466e-08, 'Sad': 7.921760669660216e-08, 'Surprised': 6.046266154413615e-09, 'Unknown': 2.09814217555504e-07}","And then I say, you were supposed to be the only lipless one. And I soccer ball the shit out of those dimes between his legs. (laughter)"
TRAVIS,01:12:20,01:12:21,Neutral,"{'Angry': 1.8822099434601114e-07, 'Disgusted': 5.261159685687744e-08, 'Fearful': 1.7185415757126066e-08, 'Happy': 1.3733112609770615e-05, 'Neutral': 0.9999856948852539, 'Other': 1.5384051810229948e-09, 'Sad': 2.2744787031570013e-07, 'Surprised': 5.715860851296384e-08, 'Unknown': 3.864613351556301e-10}",Nice! 25.
MATT,01:12:21,01:12:23,Neutral,"{'Angry': 1.658211901123252e-10, 'Disgusted': 4.791918598034961e-11, 'Fearful': 1.4029610806431947e-11, 'Happy': 3.878862231410096e-10, 'Neutral': 1.0, 'Other': 6.206808938341579e-12, 'Sad': 8.426043751619261e-10, 'Surprised': 1.0762237628858529e-10, 'Unknown': 8.277288576774566e-12}","25, that definitely hits."
TRAVIS,01:12:23,01:12:25,Happy,"{'Angry': 1.7055092060846988e-10, 'Disgusted': 1.723304138279147e-10, 'Fearful': 5.794440968709402e-11, 'Happy': 1.0, 'Neutral': 3.033107986993855e-09, 'Other': 6.04957403615991e-11, 'Sad': 2.706918023065441e-09, 'Surprised': 2.2295684742879018e-10, 'Unknown': 2.03793891484505e-11}",That is seven.
MATT,01:12:25,01:12:46,Happy,"{'Angry': 2.1601335902232677e-05, 'Disgusted': 0.00011164824536535889, 'Fearful': 5.249978130450472e-05, 'Happy': 0.9979350566864014, 'Neutral': 0.0005608528153970838, 'Other': 9.314621274825186e-05, 'Sad': 0.0010491838911548257, 'Surprised': 4.868632822763175e-05, 'Unknown': 0.00012738464283756912}","All righty. (whack) With another screeching (howls in pain) your foot immediately cracks right. You've now repeatedly pummeled him into his man-bits, and you can see there is a dark stain in his trousers when you pull your foot back. You've definitely drawn blood in his nether regions."
LAURA,01:12:46,01:12:50,Neutral,"{'Angry': 8.330992500305001e-07, 'Disgusted': 8.89843875029328e-07, 'Fearful': 6.545022870341199e-07, 'Happy': 4.922592779621482e-06, 'Neutral': 0.9999834299087524, 'Other': 4.353402118795202e-07, 'Sad': 2.134632495653932e-06, 'Surprised': 4.3876195121583805e-08, 'Unknown': 6.62895081404713e-06}","Oh, Kord. That is painful."
TRAVIS,01:12:50,01:12:53,Neutral,"{'Angry': 2.3796296964168073e-12, 'Disgusted': 9.369660266839858e-14, 'Fearful': 2.556378299691832e-14, 'Happy': 3.685796893387883e-12, 'Neutral': 1.0, 'Other': 6.937484441082997e-15, 'Sad': 7.193957235474002e-12, 'Surprised': 6.658931218928021e-13, 'Unknown': 5.098862209730083e-14}",Is he still standing? Is he bent over?
MATT,01:12:53,01:12:58,Neutral,"{'Angry': 7.320575434732746e-08, 'Disgusted': 5.243468237381421e-08, 'Fearful': 1.648851366553572e-08, 'Happy': 3.6577026207851304e-07, 'Neutral': 0.9999990463256836, 'Other': 2.7620068010492105e-08, 'Sad': 2.061712081058431e-07, 'Surprised': 3.0420157504096323e-09, 'Unknown': 1.986184798852264e-07}","He's standing partially bent forward, clutching towards the severe pain in his nether regions."
TRAVIS,01:12:58,01:13:01,Neutral,"{'Angry': 5.830018000481385e-14, 'Disgusted': 2.361756344082511e-15, 'Fearful': 3.745532311853029e-16, 'Happy': 7.238309886366256e-14, 'Neutral': 1.0, 'Other': 6.464839738877742e-16, 'Sad': 2.028149512483396e-13, 'Surprised': 3.152890749587127e-14, 'Unknown': 1.965410569820911e-15}",What? Did you lose something? No? You'll lose it now. And I do it again.
MATT,01:13:01,01:13:03,Neutral,"{'Angry': 2.542166299690507e-08, 'Disgusted': 1.3961176215104842e-08, 'Fearful': 2.155567280226478e-08, 'Happy': 2.9324755246307177e-07, 'Neutral': 0.9999991655349731, 'Other': 1.6950983949826082e-09, 'Sad': 4.435594291862799e-07, 'Surprised': 1.954559714079096e-08, 'Unknown': 2.910573337899791e-09}",All right.
TRAVIS,01:13:03,01:13:04,Neutral,"{'Angry': 0.07768043875694275, 'Disgusted': 0.019997823983430862, 'Fearful': 0.01196539867669344, 'Happy': 0.011889483779668808, 'Neutral': 0.8254870176315308, 'Other': 3.171007847413421e-05, 'Sad': 0.04677577316761017, 'Surprised': 0.006054053083062172, 'Unknown': 0.00011830103176180273}",19.
MATT,01:13:04,01:13:07,Neutral,"{'Angry': 1.488242833147524e-05, 'Disgusted': 4.662527317123022e-06, 'Fearful': 4.8214442358585075e-06, 'Happy': 0.0001301904849242419, 'Neutral': 0.9997715353965759, 'Other': 8.331138815265149e-06, 'Sad': 1.0780573575175367e-05, 'Surprised': 1.8083512998146034e-07, 'Unknown': 5.465729191200808e-05}",19 just barely hits. (cheering)
TRAVIS,01:13:07,01:13:08,Neutral,"{'Angry': 0.00010492545698070899, 'Disgusted': 3.1779629352968186e-05, 'Fearful': 1.908290505525656e-05, 'Happy': 9.622488869354129e-05, 'Neutral': 0.9996354579925537, 'Other': 2.575325424913899e-06, 'Sad': 9.206754475599155e-05, 'Surprised': 1.3436787412501872e-05, 'Unknown': 4.297871328162728e-06}",Eight!
MATT,01:13:08,01:13:10,Neutral,"{'Angry': 1.661886095405407e-08, 'Disgusted': 3.976706519637219e-09, 'Fearful': 3.0341837931047166e-09, 'Happy': 2.4598602976766415e-07, 'Neutral': 0.9999997615814209, 'Other': 1.2480060318509345e-09, 'Sad': 5.325922458609966e-08, 'Surprised': 1.2345897637544567e-08, 'Unknown': 1.354013123844311e-09}",Eight. All righty.
TRAVIS,01:13:10,01:13:11,Surprised,"{'Angry': 0.04757292568683624, 'Disgusted': 0.001168544520623982, 'Fearful': 0.0014143382431939244, 'Happy': 0.028060205280780792, 'Neutral': 0.09313181042671204, 'Other': 0.00047092820750549436, 'Sad': 0.009079608134925365, 'Surprised': 0.8190485835075378, 'Unknown': 5.308583058649674e-05}","Thank you, Percy."
MATT,01:13:11,01:13:35,Angry,"{'Angry': 0.8634412288665771, 'Disgusted': 0.0071542756631970406, 'Fearful': 0.005054803099483252, 'Happy': 0.0896882563829422, 'Neutral': 0.01248886063694954, 'Other': 0.0021759108640253544, 'Sad': 0.008916781283915043, 'Surprised': 0.0032675566617399454, 'Unknown': 0.007812393829226494}","(whack) A third hit. This time (guttural cry) another howl in pain. Kern reaches down and clasps his hands once again, the same capture maneuver he did with your fist, onto your ankle, and you can see the face goes from pain and his eyes flash open with a blood-seething orc rage. Half-orc this may be; in this moment, Kern's gone full orc."
TRAVIS,01:13:35,01:13:36,Angry,"{'Angry': 0.9098726511001587, 'Disgusted': 0.011426091194152832, 'Fearful': 0.004476399626582861, 'Happy': 0.004503190517425537, 'Neutral': 0.046128593385219574, 'Other': 4.605955473380163e-05, 'Sad': 0.021724173799157143, 'Surprised': 0.0014613824896514416, 'Unknown': 0.00036149955121800303}",Okay.
MATT,01:13:36,01:13:47,Surprised,"{'Angry': 2.0992734789615497e-05, 'Disgusted': 1.3371003660722636e-05, 'Fearful': 4.6983486754470505e-06, 'Happy': 4.3450672819744796e-06, 'Neutral': 0.001274783513508737, 'Other': 2.742310925896163e-06, 'Sad': 1.0874500731006265e-05, 'Surprised': 0.9986681938171387, 'Unknown': 5.3476082229053645e-08}","And you can see (growls) on his turn, Kern is going to, pulling your leg forward towards you. You feel yourself pulled off balance, and the momentum pull you towards him as he unleashes another flurry of blows against you."
SAM,01:13:47,01:13:52,Neutral,"{'Angry': 0.095395527780056, 'Disgusted': 0.016322992742061615, 'Fearful': 0.012340343557298183, 'Happy': 0.02939850650727749, 'Neutral': 0.6890980005264282, 'Other': 0.007242717780172825, 'Sad': 0.017200704663991928, 'Surprised': 0.0021823151037096977, 'Unknown': 0.1308189034461975}","As he does, I shout out from the audience using my Cutting Words."
MATT,01:13:52,01:13:54,Neutral,"{'Angry': 0.00024675382883287966, 'Disgusted': 1.8157365047954954e-05, 'Fearful': 3.818686309386976e-06, 'Happy': 0.02217138558626175, 'Neutral': 0.9768452644348145, 'Other': 1.939656158356229e-06, 'Sad': 0.00024401515838690102, 'Surprised': 0.0004684275481849909, 'Unknown': 2.3649955949167634e-07}",What do you shout?
SAM,01:13:54,01:14:03,Neutral,"{'Angry': 2.5865936996438688e-12, 'Disgusted': 1.3113013279386632e-13, 'Fearful': 3.657319876094155e-14, 'Happy': 5.6712546984971635e-12, 'Neutral': 1.0, 'Other': 1.5138647171779318e-14, 'Sad': 9.079836708891786e-12, 'Surprised': 1.1090478578903995e-12, 'Unknown': 7.223511204338187e-14}","Oh, Kern, do you need some dick? Because I gave some to your mom last night! (laughing and jeering)"
MATT,01:14:03,01:14:05,Neutral,"{'Angry': 1.4488154192804359e-05, 'Disgusted': 4.601148611982353e-05, 'Fearful': 6.361345640470972e-06, 'Happy': 0.0013965755933895707, 'Neutral': 0.9983175992965698, 'Other': 2.791493352560792e-05, 'Sad': 4.826024451176636e-05, 'Surprised': 9.134872925642412e-06, 'Unknown': 0.00013369631778914481}","Go ahead and roll a d10, and I'll subtract it from his attack roll."
SAM,01:14:05,01:14:06,Neutral,"{'Angry': 4.160794730978523e-08, 'Disgusted': 7.580727867662063e-08, 'Fearful': 7.596849371793724e-09, 'Happy': 1.9782075924013043e-06, 'Neutral': 0.999997615814209, 'Other': 4.7633104571787044e-08, 'Sad': 1.3984201530092832e-07, 'Surprised': 1.2348884581570019e-08, 'Unknown': 6.772999228132903e-08}",d10?
ORION,01:14:06,01:14:07,Neutral,"{'Angry': 2.1942853783984972e-11, 'Disgusted': 1.6423241889704232e-12, 'Fearful': 3.222027137282646e-13, 'Happy': 2.2031518276399709e-10, 'Neutral': 1.0, 'Other': 1.1137851708628577e-13, 'Sad': 1.1218717621552798e-10, 'Surprised': 6.0617569991316955e-12, 'Unknown': 4.988840829160679e-13}",That was a burn.
SAM,01:14:07,01:14:09,Neutral,"{'Angry': 4.2583804538143255e-11, 'Disgusted': 5.198709952108915e-12, 'Fearful': 1.1212822120451604e-12, 'Happy': 4.089096006243409e-10, 'Neutral': 1.0, 'Other': 2.0754738531102157e-13, 'Sad': 1.9191984113042793e-10, 'Surprised': 1.9342829421509222e-11, 'Unknown': 6.082844189285452e-13}",Fuck! Only three.
MATT,01:14:09,01:14:15,Neutral,"{'Angry': 8.513533628073944e-11, 'Disgusted': 1.609721210493742e-11, 'Fearful': 5.596038389621416e-12, 'Happy': 5.33828536930514e-10, 'Neutral': 1.0, 'Other': 2.4937020764309592e-12, 'Sad': 4.3279016481712063e-10, 'Surprised': 4.288669766538966e-11, 'Unknown': 6.565858533952307e-12}","That's okay. So, his roll was a 21, that brings it down to an 18. What's your armor class?"
TRAVIS,01:14:15,01:14:16,Happy,"{'Angry': 4.0441030080273777e-08, 'Disgusted': 4.6313015644727784e-08, 'Fearful': 9.864184136176846e-09, 'Happy': 0.9999974966049194, 'Neutral': 1.705105091787118e-06, 'Other': 5.596416663422588e-09, 'Sad': 6.14158693679201e-07, 'Surprised': 8.253228145349567e-08, 'Unknown': 3.6108085965658177e-10}",It's 18.
MATT,01:14:16,01:14:19,Neutral,"{'Angry': 0.004770969972014427, 'Disgusted': 0.2386198788881302, 'Fearful': 0.014984797686338425, 'Happy': 0.13490404188632965, 'Neutral': 0.4497145712375641, 'Other': 0.002947485074400902, 'Sad': 0.08981447666883469, 'Surprised': 0.06268858164548874, 'Unknown': 0.001555175520479679}","18, so it still hits. (dismayed shouting)"
MATT,01:14:19,01:14:46,Neutral,"{'Angry': 0.0008294600411318243, 'Disgusted': 0.002978263422846794, 'Fearful': 0.0007486414397135377, 'Happy': 0.004745650105178356, 'Neutral': 0.7143951654434204, 'Other': 0.0009707136196084321, 'Sad': 0.005531476344913244, 'Surprised': 0.2697206735610962, 'Unknown': 7.995139458216727e-05}","Still, that was awesome! You can see there's a momentary distraction as Kern glances over for a second angrily, but still follows through with the first hit, this one clocking you straight in the face, sending your head back in severe pain. You take ten points of damage. (whack) You fall backward, the force of the blow sending you onto your heels. Second strike comes in at a 15. I believe that misses."
TRAVIS,01:14:46,01:14:48,Neutral,"{'Angry': 5.226883672548865e-07, 'Disgusted': 3.0946947227050714e-09, 'Fearful': 1.492918566547985e-09, 'Happy': 5.357857662602328e-05, 'Neutral': 0.9999444484710693, 'Other': 2.7876895236644827e-11, 'Sad': 8.932934179028962e-07, 'Surprised': 5.804993747915432e-07, 'Unknown': 6.192334405658029e-12}","Oh, that misses. Yeah, sorry."
MATT,01:14:48,01:15:15,Neutral,"{'Angry': 0.00161565444432199, 'Disgusted': 0.011826599016785622, 'Fearful': 0.0007200394757091999, 'Happy': 0.06701381504535675, 'Neutral': 0.6828821897506714, 'Other': 0.0033577987924218178, 'Sad': 0.001258484204299748, 'Surprised': 0.22901134192943573, 'Unknown': 0.002314153825864196}","That is-- oh, that's a natural 20. That puts it at 12 points of damage on the third strike. As Kern comes forward, the second punch swings over your head as you're still reeled back. The third one, he runs forward towards you as you're pushed a few feet away and knees you right straight to the solar plexus, (gasps) the impact causing the air to escape your lungs, and for a brief moment you're (gasping) having to pull the air back in. It's your turn."
TRAVIS,01:15:15,01:15:16,Neutral,"{'Angry': 9.437852713745087e-05, 'Disgusted': 1.5884254025877453e-05, 'Fearful': 2.006372142204782e-06, 'Happy': 1.9200950191589072e-05, 'Neutral': 0.9997884631156921, 'Other': 4.2375262410132564e-07, 'Sad': 1.1842570529552177e-05, 'Surprised': 6.777459202567115e-05, 'Unknown': 4.614930304569498e-08}",Right.
MARISHA,01:15:16,01:15:22,Sad,"{'Angry': 0.0007677107350900769, 'Disgusted': 0.003725889604538679, 'Fearful': 0.002808356424793601, 'Happy': 0.0010375580750405788, 'Neutral': 0.041003189980983734, 'Other': 0.0011874681804329157, 'Sad': 0.9268642663955688, 'Surprised': 7.988818833837286e-05, 'Unknown': 0.022525744512677193}","So, is that-- I was just saying, if we get another chant going--"
ALL,01:15:22,01:15:25,Neutral,"{'Angry': 3.418380583752878e-05, 'Disgusted': 3.4120228519896045e-05, 'Fearful': 4.0947870729723945e-05, 'Happy': 0.0004898923798464239, 'Neutral': 0.9989921450614929, 'Other': 2.739606861723587e-05, 'Sad': 0.00030267954571172595, 'Surprised': 2.06145596166607e-05, 'Unknown': 5.80622254346963e-05}","(chanting) Grog, Grog, Grog."
MARISHA,01:15:25,01:15:30,Neutral,"{'Angry': 4.628005756401876e-10, 'Disgusted': 1.4099015011037608e-10, 'Fearful': 3.052430877503731e-11, 'Happy': 2.5315705087791684e-09, 'Neutral': 1.0, 'Other': 3.40036505896979e-11, 'Sad': 1.6913694889097997e-09, 'Surprised': 5.319895218791615e-11, 'Unknown': 1.612112388027498e-10}",Cover me. I cast Healing Word on Grog.
MATT,01:15:30,01:15:34,Neutral,"{'Angry': 0.06313438713550568, 'Disgusted': 0.017643796280026436, 'Fearful': 0.00173209048807621, 'Happy': 0.009127053432166576, 'Neutral': 0.8755264282226562, 'Other': 0.0008641884778626263, 'Sad': 0.02080937847495079, 'Surprised': 0.0020188658963888884, 'Unknown': 0.009143806993961334}","All right, I'm going to ask you to do a sleight-of-hand check."
MARISHA,01:15:34,01:15:38,Neutral,"{'Angry': 3.216056240762377e-11, 'Disgusted': 3.1287518149208937e-12, 'Fearful': 9.303508484437284e-13, 'Happy': 1.5023474131403702e-10, 'Neutral': 1.0, 'Other': 2.8098302764373306e-13, 'Sad': 1.2869096066570052e-10, 'Surprised': 1.3559581409083865e-11, 'Unknown': 8.21601955306589e-13}",Okay. Do I get advantage because we're all chanting together?
MATT,01:15:38,01:15:40,Neutral,"{'Angry': 0.1120232492685318, 'Disgusted': 0.001289810985326767, 'Fearful': 7.179193198680878e-05, 'Happy': 0.0439351350069046, 'Neutral': 0.8417874574661255, 'Other': 8.415128104388714e-05, 'Sad': 0.0004870117118116468, 'Surprised': 0.0002675465075299144, 'Unknown': 5.3822004701942205e-05}",Nope.
ORION,01:15:40,01:15:42,Neutral,"{'Angry': 4.577801245714275e-12, 'Disgusted': 2.0017776498904016e-13, 'Fearful': 4.0889631226304415e-14, 'Happy': 7.400590557038456e-12, 'Neutral': 1.0, 'Other': 1.343580686297011e-14, 'Sad': 1.0641393148602685e-11, 'Surprised': 1.1315950346896253e-12, 'Unknown': 7.967656075929044e-14}",What if I shot off a Prestidigitation firework?
LAURA,01:15:42,01:15:43,Neutral,"{'Angry': 1.1642846402537543e-06, 'Disgusted': 1.8939052779387566e-06, 'Fearful': 1.8311260419068276e-07, 'Happy': 1.2906589290651027e-05, 'Neutral': 0.9999808073043823, 'Other': 3.0156004982018203e-07, 'Sad': 2.180946694352315e-06, 'Surprised': 2.61968921222433e-07, 'Unknown': 3.127956915704999e-07}",Nope.
MARISHA,01:15:43,01:15:46,Neutral,"{'Angry': 5.2377351587862275e-12, 'Disgusted': 2.9037276055854377e-13, 'Fearful': 7.054725998257433e-14, 'Happy': 1.6693497278952307e-11, 'Neutral': 1.0, 'Other': 1.739386053538263e-14, 'Sad': 1.775577081197799e-11, 'Surprised': 1.8670945865773003e-12, 'Unknown': 9.482530456380103e-14}",To help me out? Will it be a team effort? No? All right.
MATT,01:15:46,01:15:47,Neutral,"{'Angry': 1.1733039428918346e-08, 'Disgusted': 1.2178110075922177e-08, 'Fearful': 3.500105094644823e-09, 'Happy': 2.1088769130983565e-07, 'Neutral': 0.9999995231628418, 'Other': 1.4921218038921324e-08, 'Sad': 2.838088164480723e-07, 'Surprised': 2.7788807699380413e-08, 'Unknown': 5.799649094306858e-10}",Doing this now.
MARISHA,01:15:47,01:15:52,Neutral,"{'Angry': 2.9123202693881467e-07, 'Disgusted': 5.372489653154844e-08, 'Fearful': 3.1549085566240365e-09, 'Happy': 0.0035689761862158775, 'Neutral': 0.9964302182197571, 'Other': 5.122406498969667e-09, 'Sad': 3.624516864420002e-07, 'Surprised': 7.519157207980243e-08, 'Unknown': 1.6190567109219955e-08}","Oh, that's good, that's a 16. 18 total."
MATT,01:15:52,01:16:04,Happy,"{'Angry': 0.00029405165696516633, 'Disgusted': 0.0025802459567785263, 'Fearful': 7.315219409065321e-05, 'Happy': 0.9900578856468201, 'Neutral': 0.0035350651014596224, 'Other': 0.00037179983337409794, 'Sad': 0.001970466924831271, 'Surprised': 4.598206214723177e-05, 'Unknown': 0.0010712731163948774}","(chuckles) As you begin casting, one of the Bastions grabs your wrist and pulls you into his face and says, ""I'm sorry, missy. Am I to understand that you're cheating?"""
MARISHA,01:16:04,01:16:08,Happy,"{'Angry': 0.010423685424029827, 'Disgusted': 0.00873979739844799, 'Fearful': 0.054305724799633026, 'Happy': 0.5491697192192078, 'Neutral': 0.14878490567207336, 'Other': 0.005439194850623608, 'Sad': 0.10708211362361908, 'Surprised': 0.0019874875433743, 'Unknown': 0.11406737565994263}",No! That's just the language of my people.
ORION,01:16:08,01:16:09,Angry,"{'Angry': 0.9994388222694397, 'Disgusted': 0.00010628768359310925, 'Fearful': 4.3964930227957666e-05, 'Happy': 9.156105807051063e-05, 'Neutral': 0.00016175310884136707, 'Other': 1.12841667032626e-06, 'Sad': 0.00013197751832194626, 'Surprised': 1.149675063061295e-05, 'Unknown': 1.2817983588320203e-05}",She's foreign.
MARISHA,01:16:09,01:16:10,Happy,"{'Angry': 0.011901616118848324, 'Disgusted': 0.002982399659231305, 'Fearful': 0.0012017546687275171, 'Happy': 0.978018581867218, 'Neutral': 0.0018919717986136675, 'Other': 7.259113772306591e-05, 'Sad': 0.003043602919206023, 'Surprised': 0.0007998539949767292, 'Unknown': 8.766641985857859e-05}","Yes, I'm foreign."
MATT,01:16:10,01:16:17,Neutral,"{'Angry': 7.850023393984884e-05, 'Disgusted': 7.726669718977064e-05, 'Fearful': 4.8250141844619066e-05, 'Happy': 0.016443932428956032, 'Neutral': 0.9827309250831604, 'Other': 8.505872392561287e-05, 'Sad': 0.0002047485759248957, 'Surprised': 0.00028309409390203655, 'Unknown': 4.810922109754756e-05}","Go ahead and make a deception roll. It would be with disadvantage, but because Tiberius is helping you, we're just gonna make it a straight roll."
MARISHA,01:16:17,01:16:21,Neutral,"{'Angry': 1.824130464456175e-07, 'Disgusted': 3.756687192435493e-07, 'Fearful': 2.8305680643825326e-07, 'Happy': 3.1381518965645228e-06, 'Neutral': 0.9999879598617554, 'Other': 5.339506969903596e-07, 'Sad': 4.270956196705811e-06, 'Surprised': 2.1128149896298964e-08, 'Unknown': 3.242498223698931e-06}",Deception?
MATT,01:16:21,01:16:23,Neutral,"{'Angry': 1.3426113582681865e-05, 'Disgusted': 1.8330909369979054e-05, 'Fearful': 6.272226073633647e-06, 'Happy': 0.0004370982642285526, 'Neutral': 0.9991787075996399, 'Other': 1.9674610030051554e-06, 'Sad': 0.0002259128086734563, 'Surprised': 0.00011780186468968168, 'Unknown': 4.913377438242605e-07}",Deception.
MARISHA,01:16:23,01:16:26,Neutral,"{'Angry': 0.0012940868036821485, 'Disgusted': 0.0012012915685772896, 'Fearful': 0.0014988896436989307, 'Happy': 0.041119400411844254, 'Neutral': 0.8468658924102783, 'Other': 0.00020628876518458128, 'Sad': 0.004190799314528704, 'Surprised': 0.10281869024038315, 'Unknown': 0.000804655603133142}","11 total, because charisma."
MATT,01:16:26,01:16:28,Neutral,"{'Angry': 0.001077720196917653, 'Disgusted': 0.0008587403572164476, 'Fearful': 0.02413693442940712, 'Happy': 0.010813138447701931, 'Neutral': 0.8829867243766785, 'Other': 4.9885082262335345e-05, 'Sad': 0.07901470363140106, 'Surprised': 0.0010094661265611649, 'Unknown': 5.263405182631686e-05}","The Bastion says, ""You're coming with me."""
MARISHA,01:16:28,01:16:32,Surprised,"{'Angry': 3.9394166378770024e-05, 'Disgusted': 0.00013453743304125965, 'Fearful': 2.2781792722526006e-05, 'Happy': 0.00016800797311589122, 'Neutral': 0.0001593935303390026, 'Other': 1.7566686437930912e-05, 'Sad': 1.3907078937336337e-05, 'Surprised': 0.9994189739227295, 'Unknown': 2.5420597012271173e-05}",Why do I always get busted?
ORION,01:16:32,01:16:36,Neutral,"{'Angry': 5.274930232196384e-12, 'Disgusted': 3.1799609061418377e-13, 'Fearful': 1.0948854263547261e-13, 'Happy': 7.746335690950179e-12, 'Neutral': 1.0, 'Other': 2.4046945194095525e-14, 'Sad': 2.5604421360903018e-11, 'Surprised': 1.969436332766028e-12, 'Unknown': 1.2136393777971433e-13}",Can I do something real quick?
MATT,01:16:36,01:16:38,Neutral,"{'Angry': 1.01722991985298e-06, 'Disgusted': 4.736018127005082e-06, 'Fearful': 6.454650360865344e-07, 'Happy': 1.5041268852655776e-06, 'Neutral': 0.9999858140945435, 'Other': 5.017394073547621e-07, 'Sad': 5.122829406900564e-06, 'Surprised': 4.1246772752856486e-07, 'Unknown': 3.265637076310668e-07}","Scanlan was going to act first, and then we'll get to you."
ORION,01:16:38,01:16:40,Neutral,"{'Angry': 0.00011009591980837286, 'Disgusted': 2.0876668713754043e-05, 'Fearful': 8.578520464652684e-06, 'Happy': 0.0005961824208498001, 'Neutral': 0.9984201192855835, 'Other': 3.0349590360856382e-06, 'Sad': 4.814080602955073e-05, 'Surprised': 0.0007919622003100812, 'Unknown': 9.247128787137626e-07}","I want to be like, excuse me, and I-- sorry."
SAM,01:16:40,01:16:46,Happy,"{'Angry': 0.000384768150979653, 'Disgusted': 0.0016030622646212578, 'Fearful': 0.0003923910262528807, 'Happy': 0.9871242046356201, 'Neutral': 0.0061015961691737175, 'Other': 0.00016910803969949484, 'Sad': 0.0009647440165281296, 'Surprised': 0.00031798670534044504, 'Unknown': 0.002942169550806284}","I said, I see this happening. I go over and I use Friends to cast--"
MATT,01:16:46,01:16:51,Neutral,"{'Angry': 1.1705738955924971e-07, 'Disgusted': 1.124309463307327e-07, 'Fearful': 1.0956892282365516e-07, 'Happy': 1.5752276283365063e-07, 'Neutral': 0.9999984502792358, 'Other': 4.2515696918599133e-07, 'Sad': 4.688068599989492e-07, 'Surprised': 3.4078965427397634e-08, 'Unknown': 9.20535896398178e-08}","As you're about to walk over, Tiberius puts his hand out and goes--"
ORION,01:16:51,01:17:08,Neutral,"{'Angry': 2.915716930049217e-12, 'Disgusted': 1.597360210683213e-13, 'Fearful': 4.568568423958877e-14, 'Happy': 3.626052800034807e-12, 'Neutral': 1.0, 'Other': 1.494339421897594e-14, 'Sad': 8.420588878954582e-12, 'Surprised': 9.44000086433583e-13, 'Unknown': 1.0992691945512639e-13}","No! Excuse me. And I pull out ten gold coins. That's all I actually have because I had ten left, (laughs) and I take those, and I give them. I'm sorry. This has been a misunderstanding. She's foreign, and she's royalty. Please, I'm from Draconia. She's from-- she's a druid. I say all this shit really quick, and I'm like, I'm so, so sorry."
MARISHA,01:17:08,01:17:12,Neutral,"{'Angry': 4.798093414137838e-06, 'Disgusted': 9.073551154870074e-06, 'Fearful': 7.742374691588338e-06, 'Happy': 0.00011805424583144486, 'Neutral': 0.9995962977409363, 'Other': 9.203281479130965e-06, 'Sad': 9.170622797682881e-05, 'Surprised': 2.423527689643379e-07, 'Unknown': 0.00016284915909636766}","I worship the ever-loving unicorn, Rainbow Fluffers."
MATT,01:17:12,01:17:19,Neutral,"{'Angry': 0.0003544258652254939, 'Disgusted': 0.0005039233365096152, 'Fearful': 5.3368239605333656e-05, 'Happy': 0.4849514067173004, 'Neutral': 0.5101051926612854, 'Other': 0.000453671149443835, 'Sad': 0.00021579711756203324, 'Surprised': 0.00022925599478185177, 'Unknown': 0.0031329873017966747}","Make a deception check with disadvantage, because he's already pissed off with this."
ORION,01:17:19,01:17:25,Neutral,"{'Angry': 7.359340914447898e-10, 'Disgusted': 1.301505708761752e-10, 'Fearful': 1.5473695935686038e-10, 'Happy': 8.711524279725325e-10, 'Neutral': 1.0, 'Other': 1.075098864100621e-11, 'Sad': 4.32471880529306e-09, 'Surprised': 5.964688742920998e-10, 'Unknown': 1.1871240969407726e-11}",What was it? Deception?
MARISHA,01:17:25,01:17:27,Neutral,"{'Angry': 0.0001986575371120125, 'Disgusted': 0.0001354629930574447, 'Fearful': 0.0006146170780993998, 'Happy': 0.001126194722019136, 'Neutral': 0.9968165755271912, 'Other': 7.1163713073474355e-06, 'Sad': 0.000828696764074266, 'Surprised': 0.0002567759365774691, 'Unknown': 1.5925579646136612e-05}",He rolled a 12 and a 13.
ORION,01:17:27,01:17:31,Neutral,"{'Angry': 0.003644054289907217, 'Disgusted': 0.000803695700597018, 'Fearful': 0.00046416252735070884, 'Happy': 0.06401678919792175, 'Neutral': 0.8216304779052734, 'Other': 6.800585106248036e-05, 'Sad': 0.10847538709640503, 'Surprised': 0.0008058711537159979, 'Unknown': 9.157569729723036e-05}",Deception? So that's 22 and 21.
MATT,01:17:31,01:17:51,Neutral,"{'Angry': 1.7348171510445098e-10, 'Disgusted': 1.2307985186588155e-10, 'Fearful': 2.713159384659658e-11, 'Happy': 6.118752171602182e-10, 'Neutral': 1.0, 'Other': 6.805910696128237e-11, 'Sad': 1.6280145009872626e-09, 'Surprised': 2.7340960051525087e-10, 'Unknown': 4.4093385193066936e-11}","Okay. The Bastion glares at you, looks over at one of the nearby Bastions. You see two manacles clank down on your wrists. Another Bastion to your left and the Bastion that's holding you both says, ""Apparently, she's got people helping her out. Come on. We're dragging her off."" You both are being pulled away"
ORION,01:17:51,01:17:55,Neutral,"{'Angry': 0.00011359417112544179, 'Disgusted': 0.00011881758109666407, 'Fearful': 6.996178854024038e-05, 'Happy': 0.0009171320125460625, 'Neutral': 0.9974138736724854, 'Other': 6.755696813343093e-05, 'Sad': 0.0005134880193509161, 'Surprised': 2.4230661438195966e-05, 'Unknown': 0.0007612680201418698}","As they do that, I'm like, you said dragon!"
MATT,01:17:55,01:17:58,Neutral,"{'Angry': 1.676815464257686e-09, 'Disgusted': 4.1523887106542645e-10, 'Fearful': 1.12332620982869e-09, 'Happy': 3.1533438082931298e-09, 'Neutral': 1.0, 'Other': 9.641063641874226e-11, 'Sad': 6.158822341006953e-09, 'Surprised': 1.353574585749584e-09, 'Unknown': 8.134259238401498e-11}",You guys are being dragged away from the Crucible. Grog.
TRAVIS,01:17:58,01:17:59,Neutral,"{'Angry': 1.5993615306797437e-05, 'Disgusted': 1.1006417253156542e-06, 'Fearful': 6.133593615231803e-07, 'Happy': 8.661640436002926e-07, 'Neutral': 0.9999759197235107, 'Other': 3.133738800897845e-06, 'Sad': 1.9028577753488207e-06, 'Surprised': 4.221676306315203e-07, 'Unknown': 4.4402629129081106e-08}",It's my turn?
MATT,01:17:59,01:18:00,Neutral,"{'Angry': 0.0003295030037406832, 'Disgusted': 4.1648614569567144e-05, 'Fearful': 1.290009640797507e-05, 'Happy': 0.00023666489869356155, 'Neutral': 0.9992146492004395, 'Other': 2.805005351547152e-06, 'Sad': 4.9552054406376556e-05, 'Surprised': 0.00011212058598175645, 'Unknown': 2.2628931617418857e-07}",It is your turn.
TRAVIS,01:18:00,01:18:02,Neutral,"{'Angry': 2.573617621237645e-07, 'Disgusted': 2.142820960671088e-07, 'Fearful': 3.242512889300997e-07, 'Happy': 2.041012749032234e-06, 'Neutral': 0.9999940395355225, 'Other': 7.570469762185894e-08, 'Sad': 2.7377459446142893e-06, 'Surprised': 3.2068433597487456e-07, 'Unknown': 1.332175436630223e-08}",I come back from that knee to the solar plexus.
MARISHA,01:18:02,01:18:04,Neutral,"{'Angry': 0.0004386914661154151, 'Disgusted': 0.0007590629393234849, 'Fearful': 0.00029540539253503084, 'Happy': 0.0010844978969544172, 'Neutral': 0.9937843084335327, 'Other': 0.00013243842113297433, 'Sad': 0.0015143105993047357, 'Surprised': 0.001289471983909607, 'Unknown': 0.0007017580792307854}","Right, guys, have fun! Root for Grog for us!"
TRAVIS,01:18:04,01:18:08,Neutral,"{'Angry': 4.053812840965065e-12, 'Disgusted': 2.2240563069594182e-13, 'Fearful': 6.95296074946887e-14, 'Happy': 6.06191876209583e-12, 'Neutral': 1.0, 'Other': 1.9086627081350144e-14, 'Sad': 1.4070773192431663e-11, 'Surprised': 1.4108550482408444e-12, 'Unknown': 1.2036550955159958e-13}","I reach out and grab the back of his head, and I drive my elbow straight into his chin."
MATT,01:18:08,01:18:09,Neutral,"{'Angry': 0.00018742286192718893, 'Disgusted': 0.00017740220937412232, 'Fearful': 0.000121737590234261, 'Happy': 0.01264807116240263, 'Neutral': 0.9803436994552612, 'Other': 1.4250705135054886e-05, 'Sad': 0.0044142985716462135, 'Surprised': 0.002086848020553589, 'Unknown': 6.257971108425409e-06}",Go for it.
TRAVIS,01:18:09,01:18:12,Neutral,"{'Angry': 2.1555570128839463e-07, 'Disgusted': 7.686106187065889e-07, 'Fearful': 2.1632962443618453e-07, 'Happy': 6.459708856709767e-07, 'Neutral': 0.9999853372573853, 'Other': 4.4072189098187664e-07, 'Sad': 1.0772457244456746e-05, 'Surprised': 3.109484580932076e-08, 'Unknown': 1.5309881291614147e-06}",25?
MATT,01:18:12,01:18:13,Neutral,"{'Angry': 0.0047202822752296925, 'Disgusted': 0.00027011657948605716, 'Fearful': 0.00010171121539315209, 'Happy': 0.00012948720541317016, 'Neutral': 0.9929446578025818, 'Other': 0.00011852977331727743, 'Sad': 0.001189023139886558, 'Surprised': 1.3410160136118066e-05, 'Unknown': 0.0005127495969645679}",25 does hit.
TRAVIS,01:18:13,01:18:15,Neutral,"{'Angry': 3.963229300296689e-09, 'Disgusted': 1.1946346134550367e-09, 'Fearful': 2.183231651020634e-10, 'Happy': 1.4996006214573754e-08, 'Neutral': 1.0, 'Other': 1.7167690880004471e-10, 'Sad': 1.4049287067052774e-08, 'Surprised': 1.29771871026918e-09, 'Unknown': 1.665432514119658e-10}",Yes! Eight.
MATT,01:18:15,01:18:17,Neutral,"{'Angry': 1.0297511465751086e-07, 'Disgusted': 3.367805447851424e-07, 'Fearful': 3.081670385540747e-08, 'Happy': 1.6636934674352233e-07, 'Neutral': 0.9999895095825195, 'Other': 1.5767795957799535e-07, 'Sad': 9.5757814051467e-06, 'Surprised': 7.673123469942311e-09, 'Unknown': 6.543636033029543e-08}",All righty.
TRAVIS,01:18:17,01:18:24,Neutral,"{'Angry': 1.3850590813158092e-11, 'Disgusted': 1.8745560659283456e-12, 'Fearful': 5.870089570675363e-13, 'Happy': 3.6664050268031545e-11, 'Neutral': 1.0, 'Other': 2.3406946411501373e-13, 'Sad': 1.180333331074479e-10, 'Surprised': 8.011552359021845e-12, 'Unknown': 5.206188670274503e-13}","As it carries through, I'd like to come back with a back elbow, same spot. Boom."
MATT,01:18:24,01:18:26,Neutral,"{'Angry': 3.316401262054569e-06, 'Disgusted': 4.6984069967948017e-07, 'Fearful': 2.72107399723609e-07, 'Happy': 1.786119355529081e-05, 'Neutral': 0.9999706745147705, 'Other': 1.396711155621233e-07, 'Sad': 6.251341801544186e-06, 'Surprised': 1.0009484867623542e-06, 'Unknown': 3.7062740432247665e-08}",All righty. Roll for an attack on that.
TRAVIS,01:18:26,01:18:29,Neutral,"{'Angry': 8.938630949783741e-14, 'Disgusted': 2.4722964730398023e-15, 'Fearful': 4.927524173401246e-16, 'Happy': 1.0886154174286067e-13, 'Neutral': 1.0, 'Other': 4.1605972495511534e-16, 'Sad': 3.316540564315268e-13, 'Surprised': 3.6985893541634576e-14, 'Unknown': 1.4584366810546233e-15}",16.
MATT,01:18:29,01:18:38,Neutral,"{'Angry': 2.886642480603996e-09, 'Disgusted': 5.080534881685139e-10, 'Fearful': 4.2475614692172314e-10, 'Happy': 2.647726304871867e-08, 'Neutral': 1.0, 'Other': 2.047981645381114e-10, 'Sad': 8.547678120862656e-09, 'Surprised': 9.839423498192446e-09, 'Unknown': 9.773052506156787e-11}",No. (whoosh) Parries it to the side after the first impact sets his jaw off to the side again. (crack) Snaps it back into place.
MATT,01:18:38,01:18:39,Happy,"{'Angry': 0.0016236183000728488, 'Disgusted': 0.003425530157983303, 'Fearful': 0.006846821866929531, 'Happy': 0.6574764251708984, 'Neutral': 0.271820068359375, 'Other': 0.0001527532731415704, 'Sad': 0.05645456165075302, 'Surprised': 0.0006074437405914068, 'Unknown': 0.0015927765052765608}",Last one.
TRAVIS,01:18:39,01:18:45,Neutral,"{'Angry': 6.397779441641438e-12, 'Disgusted': 5.829631482406894e-13, 'Fearful': 2.308655111700475e-13, 'Happy': 1.2938667498518797e-11, 'Neutral': 1.0, 'Other': 6.821977607384538e-14, 'Sad': 3.6732016733820316e-11, 'Surprised': 4.785942475660221e-12, 'Unknown': 3.3513879063411245e-13}","Since I'm standing and I probably whiffed, I see that knee that I've been working on, and I throw my heel out and try and pop it in."
MATT,01:18:45,01:18:46,Neutral,"{'Angry': 4.774279638297685e-09, 'Disgusted': 1.0203138334219375e-09, 'Fearful': 1.1945162636806117e-09, 'Happy': 1.4686755811510466e-08, 'Neutral': 1.0, 'Other': 1.774562302658822e-10, 'Sad': 4.749142590299016e-08, 'Surprised': 7.831411963366008e-09, 'Unknown': 1.0966928754019278e-10}",Okay.
TRAVIS,01:18:46,01:18:48,Neutral,"{'Angry': 0.00033151329262182117, 'Disgusted': 0.0004804299969691783, 'Fearful': 0.000818479573354125, 'Happy': 0.006478304509073496, 'Neutral': 0.9260717630386353, 'Other': 0.0008493663626722991, 'Sad': 0.06390973180532455, 'Surprised': 0.0004563865077216178, 'Unknown': 0.0006039583822712302}",Yes! 27.
MATT,01:18:48,01:18:50,Unknown,"{'Angry': 0.00019132914894726127, 'Disgusted': 0.0015501867746934295, 'Fearful': 0.0037680407986044884, 'Happy': 0.019403688609600067, 'Neutral': 0.11001291126012802, 'Other': 0.03511635214090347, 'Sad': 0.005763655994087458, 'Surprised': 1.406953469995642e-05, 'Unknown': 0.8241798281669617}",27 does hit. Go ahead and roll damage.
TRAVIS,01:18:50,01:18:51,Neutral,"{'Angry': 0.009710351936519146, 'Disgusted': 0.01585904136300087, 'Fearful': 8.943599095800892e-05, 'Happy': 0.008219734765589237, 'Neutral': 0.9587161540985107, 'Other': 8.83824031916447e-05, 'Sad': 0.006928315386176109, 'Surprised': 0.0003487137728370726, 'Unknown': 3.986150477430783e-05}",Eight.
MATT,01:18:51,01:19:46,Neutral,"{'Angry': 0.00030017481185495853, 'Disgusted': 0.0008407875429838896, 'Fearful': 2.7421916456660256e-05, 'Happy': 9.553469135425985e-05, 'Neutral': 0.9979454874992371, 'Other': 0.0002663891646079719, 'Sad': 0.00032424399978481233, 'Surprised': 2.046714689640794e-05, 'Unknown': 0.00017947331070899963}","Eight. All right. You go forward and (pop) your foot finds the side of the knee, and the knee this time buckles under the weight (cracking) off to the side. Kern falls onto one knee, puts both hands out on the ground, and (coughing) coughs up this sputtering puddle of blood that then spills out on the ground. Kern looks like that blow is about to knock Kern over to the side, but Kern sits there and tenses his muscles. His head whips up at you, and that orcish glare, that sheer focus of fury that you saw once before, is holding him on the edge. Kern looks up at you. ""No, this is my town!"" (roars) and leaps up at you with a flurry of an extremely desperate half-orc. First strike comes at you. That is a 22 to hit."
TRAVIS,01:19:46,01:19:47,Neutral,"{'Angry': 3.3854951198009076e-07, 'Disgusted': 1.406594805075656e-07, 'Fearful': 3.2100760449793597e-07, 'Happy': 0.0001529965957161039, 'Neutral': 0.9997561573982239, 'Other': 1.9684325707203243e-06, 'Sad': 8.754941518418491e-05, 'Surprised': 4.49893178711136e-07, 'Unknown': 8.53090895702735e-08}",Hits.
MATT,01:19:47,01:19:51,Neutral,"{'Angry': 1.3484928729212697e-09, 'Disgusted': 1.6588896922797858e-09, 'Fearful': 4.847232615290409e-10, 'Happy': 7.548206504282007e-09, 'Neutral': 1.0, 'Other': 1.5490831950515371e-09, 'Sad': 3.072054965969073e-08, 'Surprised': 6.111613437553842e-10, 'Unknown': 2.6778219641698797e-09}",That is a 27 to hit.
TRAVIS,01:19:51,01:19:52,Neutral,"{'Angry': 4.048595236838537e-09, 'Disgusted': 8.970623133208733e-10, 'Fearful': 1.3681794586162255e-10, 'Happy': 9.607224349394983e-09, 'Neutral': 1.0, 'Other': 8.35788521724723e-11, 'Sad': 1.6915382872184637e-08, 'Surprised': 9.142406831585959e-10, 'Unknown': 3.026968953268039e-10}",Hits.
MATT,01:19:52,01:19:56,Neutral,"{'Angry': 3.631311847129837e-05, 'Disgusted': 6.5993721364066e-05, 'Fearful': 1.5419198462041095e-05, 'Happy': 3.0953298846725374e-05, 'Neutral': 0.9970307350158691, 'Other': 2.665966576387291e-06, 'Sad': 0.0028007561340928078, 'Surprised': 9.08711911051796e-07, 'Unknown': 1.6200350728468038e-05}",And natural 20. (groaning)
MATT,01:19:56,01:19:58,Disgusted,"{'Angry': 0.0007211270276457071, 'Disgusted': 0.8904806971549988, 'Fearful': 0.0014024191768839955, 'Happy': 0.03920817747712135, 'Neutral': 0.039725955575704575, 'Other': 0.011363393627107143, 'Sad': 0.011147947981953621, 'Surprised': 0.004590549506247044, 'Unknown': 0.0013597100041806698}",First strike is ten points of damage.
TRAVIS,01:19:58,01:20:00,Neutral,"{'Angry': 7.700546848354861e-05, 'Disgusted': 0.0013064345112070441, 'Fearful': 4.147878280491568e-05, 'Happy': 0.00012929139484185725, 'Neutral': 0.9970847964286804, 'Other': 0.0003267104912083596, 'Sad': 0.000812104030046612, 'Surprised': 0.00021570308308582753, 'Unknown': 6.550721991516184e-06}",Ten points. Okay.
MATT,01:20:00,01:20:02,Disgusted,"{'Angry': 0.0373409278690815, 'Disgusted': 0.3151944577693939, 'Fearful': 0.028619730845093727, 'Happy': 0.12048612534999847, 'Neutral': 0.2659812271595001, 'Other': 0.0001593032939126715, 'Sad': 0.05261365696787834, 'Surprised': 0.1792679876089096, 'Unknown': 0.00033650395926088095}",Next one is eight points of damage.
TRAVIS,01:20:02,01:20:03,Neutral,"{'Angry': 0.005657523404806852, 'Disgusted': 0.010493180714547634, 'Fearful': 0.005176934413611889, 'Happy': 0.04406791925430298, 'Neutral': 0.9104321599006653, 'Other': 7.411451952066272e-05, 'Sad': 0.01903645135462284, 'Surprised': 0.004980518016964197, 'Unknown': 8.118721598293632e-05}",Okay.
MATT,01:20:03,01:20:08,Happy,"{'Angry': 0.0010546105913817883, 'Disgusted': 0.006720626261085272, 'Fearful': 0.006837442051619291, 'Happy': 0.7479981780052185, 'Neutral': 0.12379803508520126, 'Other': 0.0005288465763442218, 'Sad': 0.007330028805881739, 'Surprised': 0.0005056777154095471, 'Unknown': 0.1052265465259552}","Last one which is eight, six, 14 points of damage."
TRAVIS,01:20:08,01:20:10,Neutral,"{'Angry': 2.401890686343222e-09, 'Disgusted': 6.952232123325075e-10, 'Fearful': 6.297296711865741e-11, 'Happy': 9.3541139278841e-09, 'Neutral': 1.0, 'Other': 2.3103579813166242e-11, 'Sad': 3.023404637758631e-09, 'Surprised': 7.477657937293714e-10, 'Unknown': 3.306652174295266e-11}","Right, okay."
MATT,01:20:10,01:20:11,Neutral,"{'Angry': 0.0033187393564730883, 'Disgusted': 0.000682372075971216, 'Fearful': 0.0003163832298014313, 'Happy': 0.005190966185182333, 'Neutral': 0.9810185432434082, 'Other': 1.085255280486308e-05, 'Sad': 0.007513836026191711, 'Surprised': 0.0019404399208724499, 'Unknown': 7.789808478264604e-06}",What are you at?
TRAVIS,01:20:11,01:20:15,Neutral,"{'Angry': 1.823199546890919e-08, 'Disgusted': 1.7350535230775677e-08, 'Fearful': 5.006703496235332e-09, 'Happy': 6.23855669346085e-08, 'Neutral': 0.9999996423721313, 'Other': 9.908140974346225e-09, 'Sad': 1.361062373916866e-07, 'Surprised': 1.3300267553972844e-09, 'Unknown': 5.530239732820519e-08}",So that puts me at negative 13. I use my Relentless Rage.
SAM,01:20:15,01:20:17,Neutral,"{'Angry': 3.3658363918220857e-06, 'Disgusted': 1.2480150871851947e-05, 'Fearful': 3.4453594253136544e-06, 'Happy': 2.8266524623177247e-06, 'Neutral': 0.9999420642852783, 'Other': 5.795581046186271e-07, 'Sad': 3.424628448556177e-05, 'Surprised': 5.952271635578654e-07, 'Unknown': 3.974248272697878e-07}",Oh! What is that?
TALIESIN,01:20:17,01:20:20,Neutral,"{'Angry': 0.0002679651661310345, 'Disgusted': 0.002096612937748432, 'Fearful': 0.0007802825421094894, 'Happy': 0.0035712437238544226, 'Neutral': 0.9844735860824585, 'Other': 0.00017404464597348124, 'Sad': 0.006492610089480877, 'Surprised': 0.0003062874311581254, 'Unknown': 0.0018373654456809163}",Our little boy's growing up!
MATT,01:20:20,01:20:37,Sad,"{'Angry': 0.004629658069461584, 'Disgusted': 0.0022535668686032295, 'Fearful': 0.0007772066746838391, 'Happy': 0.006901882588863373, 'Neutral': 0.34784263372421265, 'Other': 0.004835960455238819, 'Sad': 0.6218395233154297, 'Surprised': 0.0101460050791502, 'Unknown': 0.0007735198014415801}","So Grog is put in the negative as the orc has pummeled you, and you feel (doosh, doosh), and with a final resounding crack, the knee comes up, slamming you into your chin. You feel your body begin to fade. Your vision begin to dull to black."
SAM,01:20:37,01:20:41,Neutral,"{'Angry': 3.5571209172635676e-11, 'Disgusted': 5.825966879063893e-12, 'Fearful': 9.793699054863603e-13, 'Happy': 3.6346890774918705e-11, 'Neutral': 1.0, 'Other': 4.2164218622652017e-13, 'Sad': 1.662052856454821e-10, 'Surprised': 1.2065319229814797e-11, 'Unknown': 8.320989296900505e-13}",I just won 100 gold!
MATT,01:20:41,01:20:53,Neutral,"{'Angry': 1.928593285072111e-09, 'Disgusted': 3.479280197282719e-09, 'Fearful': 3.583893737335586e-10, 'Happy': 7.439309168688624e-09, 'Neutral': 1.0, 'Other': 6.3147678197594814e-09, 'Sad': 1.1547109934895161e-08, 'Surprised': 5.976418249176163e-10, 'Unknown': 1.241456160094856e-09}","At that point, you feel that seething anger, that rage, that medallion that was given to you, the section of lip that is now missing from your face. Let me go and see what this is. Relentless Rage."
ORION,01:20:53,01:20:58,Neutral,"{'Angry': 0.0004898819606751204, 'Disgusted': 0.001893353066407144, 'Fearful': 0.013028878718614578, 'Happy': 0.022063029929995537, 'Neutral': 0.5822485685348511, 'Other': 0.0018092087702825665, 'Sad': 0.2613816559314728, 'Surprised': 5.145405884832144e-05, 'Unknown': 0.11703396588563919}","For Philip! No, it's Grog now. I'm not there; I'm arrested."
MATT,01:20:58,01:21:00,Neutral,"{'Angry': 7.829195237718523e-05, 'Disgusted': 0.00038813590072095394, 'Fearful': 0.00020736234728246927, 'Happy': 0.0006277705542743206, 'Neutral': 0.993187427520752, 'Other': 5.88472030358389e-05, 'Sad': 0.005102500319480896, 'Surprised': 4.782127507496625e-05, 'Unknown': 0.0003018684219568968}","All right, make a constitution saving throw right now."
TRAVIS,01:21:00,01:21:03,Neutral,"{'Angry': 2.2316473291539296e-07, 'Disgusted': 2.600911273020756e-07, 'Fearful': 1.9079116952980257e-07, 'Happy': 3.4124086596420966e-06, 'Neutral': 0.9999939203262329, 'Other': 1.571963963442613e-07, 'Sad': 1.4944789654691704e-06, 'Surprised': 3.797485135237366e-07, 'Unknown': 4.3041467279181234e-08}",21.
MATT,01:21:03,01:21:06,Neutral,"{'Angry': 0.030969908460974693, 'Disgusted': 0.012705540284514427, 'Fearful': 0.003449747571721673, 'Happy': 0.010441385209560394, 'Neutral': 0.922217845916748, 'Other': 0.0009185873786918819, 'Sad': 0.007425770163536072, 'Surprised': 0.010769599117338657, 'Unknown': 0.0011015854543074965}",21. You instead drop to one hit point.
TRAVIS,01:21:06,01:21:08,Neutral,"{'Angry': 5.0607695811777376e-08, 'Disgusted': 1.051340348112717e-07, 'Fearful': 5.604646347023845e-08, 'Happy': 4.628218732705136e-07, 'Neutral': 0.9999977350234985, 'Other': 2.337210958103242e-08, 'Sad': 1.297175799663819e-06, 'Surprised': 2.5239762635465013e-07, 'Unknown': 1.342032174278529e-08}",One hit point.
MATT,01:21:08,01:21:33,Happy,"{'Angry': 3.449360574947491e-09, 'Disgusted': 1.83816553089855e-08, 'Fearful': 5.251607593237395e-09, 'Happy': 0.9999998807907104, 'Neutral': 1.865695686831259e-08, 'Other': 9.069170303632745e-09, 'Sad': 2.3932257064984697e-08, 'Surprised': 3.759294209260133e-09, 'Unknown': 1.1765671992236548e-08}","All of a sudden, the rage pulls you through, and your whole body (whipping noise) snaps up into place again, and you can see Kern before you has this grin on his face that he's just watched victory come to him, and then it's torn away. His eyes open and that half-orcish rage suddenly fades for a second as you see, for the first time, deep fear take the heart of your combatant. Take your turn."
TRAVIS,01:21:33,01:21:51,Neutral,"{'Angry': 6.736309860616574e-12, 'Disgusted': 5.209735095580703e-13, 'Fearful': 2.2106031198274034e-13, 'Happy': 1.7628147205850375e-11, 'Neutral': 1.0, 'Other': 6.506125797616988e-14, 'Sad': 3.758373126605541e-11, 'Surprised': 3.699503377252444e-12, 'Unknown': 4.687654886655068e-13}","I look at my arms, I look at him, I spit blood into the sand, and I say, well, well. Where have I seen this happen before? Time's up. And I run forward and in a massive arcing uppercut, I drive my fist under his jaw with everything I have."
MATT,01:21:51,01:21:53,Neutral,"{'Angry': 1.961109603598743e-07, 'Disgusted': 1.769880952906533e-07, 'Fearful': 8.350428259973341e-08, 'Happy': 1.0788804502226412e-05, 'Neutral': 0.9999834299087524, 'Other': 4.445966084176689e-08, 'Sad': 5.159816737432266e-06, 'Surprised': 1.2569044827159814e-07, 'Unknown': 1.6640983702131962e-08}",Go ahead and roll for damage.
TRAVIS,01:21:53,01:21:54,Happy,"{'Angry': 3.095665078944876e-06, 'Disgusted': 8.891132893040776e-06, 'Fearful': 1.4708740536661935e-07, 'Happy': 0.9871315956115723, 'Neutral': 0.012840032577514648, 'Other': 5.104034698888427e-06, 'Sad': 8.79823255672818e-06, 'Surprised': 1.055172219821543e-06, 'Unknown': 1.1952301974815782e-06}","Oh, damage?"
MATT,01:21:54,01:21:56,Neutral,"{'Angry': 5.338007369459774e-08, 'Disgusted': 7.045779426562149e-08, 'Fearful': 1.617032729939183e-08, 'Happy': 1.1137586852782988e-06, 'Neutral': 0.9999983310699463, 'Other': 1.6051220796953203e-08, 'Sad': 2.934591236680717e-07, 'Surprised': 1.7645097827312384e-08, 'Unknown': 8.830912889834508e-09}",Roll for attack.
TRAVIS,01:21:56,01:22:00,Neutral,"{'Angry': 0.0002479748800396919, 'Disgusted': 0.0006853541126474738, 'Fearful': 0.00022797136625740677, 'Happy': 0.0009673101012594998, 'Neutral': 0.9695447683334351, 'Other': 0.0018063185270875692, 'Sad': 0.0020450495649129152, 'Surprised': 2.6598238491715165e-06, 'Unknown': 0.024472584947943687}","Okay. Oh, shit. 18?"
MATT,01:22:00,01:22:07,Neutral,"{'Angry': 9.952497714849073e-10, 'Disgusted': 1.2431431439807739e-09, 'Fearful': 2.639227447698289e-10, 'Happy': 3.333238796088267e-09, 'Neutral': 1.0, 'Other': 1.1755214579523e-09, 'Sad': 5.4397877313761e-09, 'Surprised': 3.387646274610745e-10, 'Unknown': 3.0724209287846804e-10}","18? As you rush forward he, through the fear, still brings his hand up and slaps the first hit out of the way. Second attack."
TRAVIS,01:22:07,01:22:15,Neutral,"{'Angry': 2.8260799922463775e-07, 'Disgusted': 4.318923529922358e-08, 'Fearful': 8.19369994076169e-09, 'Happy': 1.3870398163362552e-07, 'Neutral': 0.9999994039535522, 'Other': 1.2819418415688233e-08, 'Sad': 1.2484615297125856e-07, 'Surprised': 9.11344031351291e-08, 'Unknown': 7.623802922296363e-09}","I look down and I say, (sighs) Very well, respect. And I take my elbow and drive it into his temple."
MATT,01:22:15,01:22:18,Neutral,"{'Angry': 9.330267669582781e-10, 'Disgusted': 1.5948053988523725e-10, 'Fearful': 3.485779373479936e-11, 'Happy': 5.697851790387176e-08, 'Neutral': 1.0, 'Other': 1.658818395144923e-11, 'Sad': 5.779534628658212e-09, 'Surprised': 5.532557190157661e-10, 'Unknown': 1.3060408657339373e-11}",Roll for second attack.
TRAVIS,01:22:18,01:22:19,Neutral,"{'Angry': 1.5182932244783842e-08, 'Disgusted': 1.021505813270096e-08, 'Fearful': 3.973992246386615e-09, 'Happy': 7.348070596435718e-08, 'Neutral': 0.9999997615814209, 'Other': 5.009149539603186e-09, 'Sad': 8.282498953349204e-08, 'Surprised': 1.1966464263934995e-08, 'Unknown': 7.549727509825743e-10}",15.
MATT,01:22:19,01:22:23,Neutral,"{'Angry': 1.0370745684440408e-07, 'Disgusted': 6.392303220081885e-08, 'Fearful': 4.394560093601285e-08, 'Happy': 4.542667284113122e-06, 'Neutral': 0.9999942779541016, 'Other': 4.557822119721777e-09, 'Sad': 8.221734333346831e-07, 'Surprised': 1.1220361528785361e-07, 'Unknown': 4.287676436121046e-09}","15. The second one, brings back and parries it to the side. (heavy breathing)"
LAURA,01:22:23,01:22:29,Neutral,"{'Angry': 2.117555553127204e-08, 'Disgusted': 2.0058633865005504e-08, 'Fearful': 2.7506981137292996e-09, 'Happy': 2.7983006134491006e-07, 'Neutral': 0.9999994039535522, 'Other': 2.0544261403188102e-08, 'Sad': 8.739971946170044e-08, 'Surprised': 2.3849027197542227e-09, 'Unknown': 4.9263764623219686e-08}","I lift up my shirt and I say, I love you, Grog!"
SAM,01:22:29,01:22:31,Happy,"{'Angry': 0.0028227095026522875, 'Disgusted': 0.02353467047214508, 'Fearful': 0.0009693329920992255, 'Happy': 0.7493855357170105, 'Neutral': 0.2029590755701065, 'Other': 8.344474190380424e-05, 'Sad': 0.01780860126018524, 'Surprised': 0.002348971553146839, 'Unknown': 8.77457350725308e-05}","Oh my god, it's her tits! It's her tits!"
MATT,01:22:31,01:22:34,Neutral,"{'Angry': 3.648841357062338e-06, 'Disgusted': 7.215424830064876e-06, 'Fearful': 1.3069465012449655e-06, 'Happy': 1.5344209032264189e-06, 'Neutral': 0.9999619722366333, 'Other': 2.668565457497607e-07, 'Sad': 2.3565487936139107e-05, 'Surprised': 1.8373430066276342e-07, 'Unknown': 2.5485252308499184e-07}",Through the fury of your rage--
SAM,01:22:34,01:22:37,Neutral,"{'Angry': 4.058729463629618e-10, 'Disgusted': 1.0105444259167484e-10, 'Fearful': 3.026551578799719e-11, 'Happy': 2.5869921760346415e-09, 'Neutral': 1.0, 'Other': 6.233598706661958e-12, 'Sad': 2.5144679671740278e-09, 'Surprised': 1.7295047338716785e-10, 'Unknown': 2.9470505896744825e-11}",She just showed her tits. That's inspiring!
MATT,01:22:37,01:22:42,Neutral,"{'Angry': 1.7145019228337333e-05, 'Disgusted': 0.00020507039153017104, 'Fearful': 0.00014545842714142054, 'Happy': 0.00012053835234837607, 'Neutral': 0.9801203608512878, 'Other': 0.00011611022637225688, 'Sad': 0.017711183056235313, 'Surprised': 2.3611178221472073e-06, 'Unknown': 0.0015616569435223937}","In this moment, if that were to distract Grog, I'm afraid Grog would drop his rage."
TRAVIS,01:22:42,01:22:44,Neutral,"{'Angry': 1.1053586490561429e-08, 'Disgusted': 1.3684914534906056e-08, 'Fearful': 1.6126515678394071e-09, 'Happy': 2.962112866100597e-08, 'Neutral': 1.0, 'Other': 3.2173050890094146e-09, 'Sad': 5.214718967749832e-08, 'Surprised': 1.6452550433143642e-09, 'Unknown': 8.63595683853191e-09}","(laughing) Don't, no."
LAURA,01:22:44,01:22:46,Neutral,"{'Angry': 2.6143336384620852e-09, 'Disgusted': 1.4807302051167426e-09, 'Fearful': 8.426348507839521e-10, 'Happy': 4.849447776678062e-08, 'Neutral': 1.0, 'Other': 4.3616127376466807e-10, 'Sad': 5.678485237581299e-08, 'Surprised': 1.9151624730540107e-09, 'Unknown': 3.1985800119649355e-10}",Never mind! I put my shirt back on.
MATT,01:22:46,01:23:05,Happy,"{'Angry': 0.0034716285299509764, 'Disgusted': 0.005487133748829365, 'Fearful': 0.001171843963675201, 'Happy': 0.7927456498146057, 'Neutral': 0.1049189567565918, 'Other': 0.011453480459749699, 'Sad': 0.07372254133224487, 'Surprised': 0.0016271785134449601, 'Unknown': 0.005401592701673508}","However, the entire other side of the Crucible right now is going (gasps, cheers) they all burst into cheers. Vax, by the way, is standing behind you and going, ""Sister!"" and is pulling your shirt down for you, and is desperately trying--"
LAURA,01:23:05,01:23:06,Neutral,"{'Angry': 0.007211732212454081, 'Disgusted': 0.012443448416888714, 'Fearful': 0.0008739196928218007, 'Happy': 0.026042986661195755, 'Neutral': 0.8251430988311768, 'Other': 8.922195411287248e-05, 'Sad': 0.047362565994262695, 'Surprised': 0.0808076336979866, 'Unknown': 2.5349490897497162e-05}",600 gold!
TRAVIS,01:23:06,01:23:08,Neutral,"{'Angry': 0.0010709138587117195, 'Disgusted': 4.9440925067756325e-05, 'Fearful': 5.176144100005331e-07, 'Happy': 4.725007602246478e-05, 'Neutral': 0.9988114833831787, 'Other': 4.921692834614078e-06, 'Sad': 7.926390935608651e-06, 'Surprised': 3.155975264235167e-06, 'Unknown': 4.328211616666522e-06}",I've missed the uppercut.
MATT,01:23:08,01:23:10,Disgusted,"{'Angry': 0.0023424560204148293, 'Disgusted': 0.892433762550354, 'Fearful': 0.0022852947004139423, 'Happy': 0.05193990841507912, 'Neutral': 0.026378825306892395, 'Other': 2.705937367863953e-05, 'Sad': 0.014418981969356537, 'Surprised': 0.01013282872736454, 'Unknown': 4.092156814294867e-05}",Missed the elbow.
TRAVIS,01:23:10,01:23:11,Neutral,"{'Angry': 0.006601592991501093, 'Disgusted': 0.009844766929745674, 'Fearful': 0.0016261109849438071, 'Happy': 0.013371898792684078, 'Neutral': 0.9460161328315735, 'Other': 0.00036493182415142655, 'Sad': 0.005473379511386156, 'Surprised': 0.01643246039748192, 'Unknown': 0.00026867343694902956}",Missed the elbow.
SAM,01:23:11,01:23:12,Neutral,"{'Angry': 6.289627094702155e-07, 'Disgusted': 5.539563474599163e-08, 'Fearful': 1.0706048492181708e-08, 'Happy': 7.342134722421179e-07, 'Neutral': 0.9999980926513672, 'Other': 7.943762092565976e-09, 'Sad': 4.3446939912428206e-07, 'Surprised': 2.9079860297542837e-08, 'Unknown': 4.795297492421469e-09}",Can I sing from the audience?
MATT,01:23:12,01:23:14,Neutral,"{'Angry': 1.979108219529735e-06, 'Disgusted': 2.514672587494715e-06, 'Fearful': 2.422447778371861e-06, 'Happy': 1.945571966643911e-05, 'Neutral': 0.9999377727508545, 'Other': 3.2580396691628266e-07, 'Sad': 3.274614937254228e-05, 'Surprised': 2.652767989275162e-06, 'Unknown': 1.9030203191050532e-07}","At this, not right now."
SAM,01:23:14,01:23:15,Disgusted,"{'Angry': 0.003967226017266512, 'Disgusted': 0.7770686149597168, 'Fearful': 0.00018277583876624703, 'Happy': 0.004986714571714401, 'Neutral': 0.1584586501121521, 'Other': 0.046034619212150574, 'Sad': 0.004211538936942816, 'Surprised': 0.003857105504721403, 'Unknown': 0.0012326892465353012}",It's all this roll.
MATT,01:23:15,01:23:17,Neutral,"{'Angry': 7.339860417232558e-07, 'Disgusted': 7.20368760198653e-08, 'Fearful': 9.259797906224776e-08, 'Happy': 3.81333006771456e-06, 'Neutral': 0.9999934434890747, 'Other': 8.558409803072209e-08, 'Sad': 1.17587217118853e-06, 'Surprised': 5.295756295708998e-07, 'Unknown': 1.5032048494845185e-08}",It's the middle of his turn.
TRAVIS,01:23:17,01:23:21,Neutral,"{'Angry': 4.413329435237756e-08, 'Disgusted': 1.56207724533175e-09, 'Fearful': 4.563852629146936e-10, 'Happy': 8.726480018594884e-07, 'Neutral': 0.9999990463256836, 'Other': 2.357794515184253e-10, 'Sad': 6.726507706389384e-08, 'Surprised': 8.578866506070426e-09, 'Unknown': 3.8304283356271895e-11}","I take both of my fists up over my head, and I just bring it down."
MATT,01:23:21,01:23:23,Neutral,"{'Angry': 0.00011779511260101572, 'Disgusted': 0.00016993097960948944, 'Fearful': 0.00021941516024526209, 'Happy': 0.00493226945400238, 'Neutral': 0.9923186302185059, 'Other': 0.00013767954078502953, 'Sad': 0.00029985205037519336, 'Surprised': 0.0016113102901726961, 'Unknown': 0.00019311756477691233}",All right. Roll for it.
TRAVIS,01:23:23,01:23:26,Neutral,"{'Angry': 3.9301506493671923e-10, 'Disgusted': 4.7646595002781567e-11, 'Fearful': 2.086840422688141e-11, 'Happy': 7.076491059798684e-10, 'Neutral': 1.0, 'Other': 1.414506706209906e-11, 'Sad': 1.7502728155704972e-09, 'Surprised': 5.4726889686662616e-11, 'Unknown': 8.038265886245455e-11}",13.
MATT,01:23:26,01:23:48,Happy,"{'Angry': 1.0635898828326162e-09, 'Disgusted': 1.0255719828933252e-08, 'Fearful': 5.001407643590028e-08, 'Happy': 0.9999994039535522, 'Neutral': 8.942196316752415e-09, 'Other': 4.066963015247893e-07, 'Sad': 1.4769034351047594e-07, 'Surprised': 1.5953537157997744e-08, 'Unknown': 1.905168645066624e-08}","13. Kern simply slaps it out of your way, and you can see the fear begin to fade, and for a second, looks at you and sees, truly, how close on the edge you are. ""Oh, you've proven yourself this day, but there is only one champion of the Crucible."" You're up, Scanlan."
SAM,01:23:48,01:23:54,Neutral,"{'Angry': 4.071996036257401e-14, 'Disgusted': 1.5433276994569886e-15, 'Fearful': 2.3436083455502326e-16, 'Happy': 5.285771549189827e-14, 'Neutral': 1.0, 'Other': 3.8450332721669917e-16, 'Sad': 1.3095317744678953e-13, 'Surprised': 2.5019464378419655e-14, 'Unknown': 1.052903775688866e-15}","Yeah, so I was going sing to him to inspire. I guess I can still try."
MATT,01:23:54,01:23:56,Surprised,"{'Angry': 0.010228526778519154, 'Disgusted': 0.10856976360082626, 'Fearful': 0.0010200553806498647, 'Happy': 0.044096920639276505, 'Neutral': 0.09821215271949768, 'Other': 0.04938622564077377, 'Sad': 0.0011239158920943737, 'Surprised': 0.6857409477233887, 'Unknown': 0.0016214126953855157}","Yeah, go for it, what do you want to sing?"
SAM,01:23:56,01:24:05,Neutral,"{'Angry': 1.8194888928846353e-09, 'Disgusted': 1.4282196258985635e-10, 'Fearful': 2.689437908487413e-11, 'Happy': 7.775096122486502e-08, 'Neutral': 0.9999998807907104, 'Other': 3.1904621305978154e-11, 'Sad': 1.015964379291745e-08, 'Surprised': 1.783363595686538e-10, 'Unknown': 5.856931606373905e-11}","I sing, (singing) with your arms, and your fists, and your legs, and your wrists, it's in your head--"
ALL,01:24:05,01:24:08,Happy,"{'Angry': 0.00012755548232235014, 'Disgusted': 5.8296438510296866e-05, 'Fearful': 9.18947989703156e-06, 'Happy': 0.9929543137550354, 'Neutral': 0.005866530817002058, 'Other': 1.511498248873977e-05, 'Sad': 5.0677328545134515e-05, 'Surprised': 0.0009119219030253589, 'Unknown': 6.49434241495328e-06}","(singing) In your head, you are fighting."
SAM,01:24:08,01:24:10,Neutral,"{'Angry': 0.0014336754102259874, 'Disgusted': 0.0026752199046313763, 'Fearful': 0.00041563817649148405, 'Happy': 0.006929222494363785, 'Neutral': 0.9849646687507629, 'Other': 0.00015844720473978668, 'Sad': 0.0023478292860090733, 'Surprised': 0.00020709625096060336, 'Unknown': 0.0008681847248226404}",That's all I got.
MATT,01:24:10,01:24:14,Neutral,"{'Angry': 2.372536167527528e-09, 'Disgusted': 1.0171739006636926e-09, 'Fearful': 2.269963661483132e-10, 'Happy': 1.507311431225844e-08, 'Neutral': 1.0, 'Other': 4.2751147066866224e-10, 'Sad': 1.1355562712367373e-08, 'Surprised': 6.166211985458858e-10, 'Unknown': 5.144384918054357e-10}","d10 inspiration die to you, Grog, in this pinnacle moment, so hold on to that d10."
TRAVIS,01:24:14,01:24:16,Surprised,"{'Angry': 0.0055524553172290325, 'Disgusted': 0.00937493983656168, 'Fearful': 0.0005493026692420244, 'Happy': 0.0008702020859345794, 'Neutral': 0.0017017651116475463, 'Other': 0.0041469731368124485, 'Sad': 0.00021263898815959692, 'Surprised': 0.9766876101493835, 'Unknown': 0.0009041829034686089}",Okay.
MATT,01:24:16,01:24:43,Happy,"{'Angry': 3.2957593703031307e-06, 'Disgusted': 1.0416523764433805e-05, 'Fearful': 4.5793144636263605e-06, 'Happy': 0.9999229907989502, 'Neutral': 1.5030623217171524e-05, 'Other': 3.952777205995517e-06, 'Sad': 9.101288014790043e-06, 'Surprised': 2.7061085347668268e-05, 'Unknown': 3.459629169810796e-06}","All right. Kern, now intensely scared, is using his action to go into his dodge maneuver. He's on the edge. You can see, one eye is swollen shut and he (deep breath) goes into the stance to defend himself. However, as his bonus action, all of a sudden takes two steps forward and almost Bruce Lee one-inch (whipping noise) punches to your torso. That is nine plus eight. 17."
TRAVIS,01:24:43,01:24:44,Neutral,"{'Angry': 0.071985624730587, 'Disgusted': 0.012713209725916386, 'Fearful': 0.0011170539073646069, 'Happy': 0.016530122607946396, 'Neutral': 0.8865218162536621, 'Other': 0.002484520897269249, 'Sad': 0.0014630963560193777, 'Surprised': 0.0034392294473946095, 'Unknown': 0.003745401743799448}",Misses.
MATT,01:24:44,01:24:59,Neutral,"{'Angry': 0.0097757987678051, 'Disgusted': 0.0010580148082226515, 'Fearful': 0.0001516272604931146, 'Happy': 0.001441156375221908, 'Neutral': 0.9854088425636292, 'Other': 0.00020433531608432531, 'Sad': 0.0010226494632661343, 'Surprised': 8.594800419814419e-06, 'Unknown': 0.0009290016023442149}","Misses. Goes to punch; however, the short distance, while the speed is extreme, misjudged the distance and it stops an inch before your chest. You look down, and it's barely stopping before it finds your chest. Looks up at you. ""Come at me."""
MARISHA,01:24:59,01:25:02,Happy,"{'Angry': 0.00011854778858833015, 'Disgusted': 7.418976747430861e-05, 'Fearful': 2.1131785615580156e-05, 'Happy': 0.9962108135223389, 'Neutral': 0.0033538416028022766, 'Other': 7.773572178848553e-06, 'Sad': 3.3587934012757614e-05, 'Surprised': 1.5017240912129637e-05, 'Unknown': 0.00016520579811185598}",He just come-at-me-bro'd you!
SAM,01:25:02,01:25:05,Neutral,"{'Angry': 8.112056859577166e-11, 'Disgusted': 1.1019384189847603e-11, 'Fearful': 2.3452494286868575e-12, 'Happy': 1.7024703868884217e-10, 'Neutral': 1.0, 'Other': 1.2680855714444772e-12, 'Sad': 1.7253795614458056e-10, 'Surprised': 1.9587009097987718e-11, 'Unknown': 4.414124447904566e-12}",Is he in defense now?
MATT,01:25:05,01:25:07,Neutral,"{'Angry': 2.211794809803269e-11, 'Disgusted': 2.865174243693591e-12, 'Fearful': 5.641023130380229e-13, 'Happy': 2.210449531747649e-11, 'Neutral': 1.0, 'Other': 2.492326549134727e-13, 'Sad': 5.0465263912169434e-11, 'Surprised': 6.826331600678914e-12, 'Unknown': 7.294876508412429e-13}","He's in dodge mode, yeah."
SAM,01:25:07,01:25:09,Neutral,"{'Angry': 2.8923088393639773e-05, 'Disgusted': 1.5251298464136198e-05, 'Fearful': 3.1776930882188026e-06, 'Happy': 1.2879013411293272e-05, 'Neutral': 0.999923825263977, 'Other': 1.3137231462678756e-06, 'Sad': 1.1808758245024364e-05, 'Surprised': 1.6996366412058705e-06, 'Unknown': 1.1504902204251266e-06}","He's in dodge, so it's at disadvantage?"
MATT,01:25:09,01:25:11,Neutral,"{'Angry': 0.0021987208165228367, 'Disgusted': 0.00699941860511899, 'Fearful': 0.00012850888015236706, 'Happy': 0.0003894680121447891, 'Neutral': 0.9872674345970154, 'Other': 0.00030854358919896185, 'Sad': 0.00046060714521445334, 'Surprised': 5.856202551512979e-05, 'Unknown': 0.0021887351758778095}",So all of your attacks are at disadvantage.
TRAVIS,01:25:11,01:25:14,Neutral,"{'Angry': 0.0001372147526126355, 'Disgusted': 0.00024415936786681414, 'Fearful': 0.00010686519090086222, 'Happy': 0.0030549142975360155, 'Neutral': 0.9950668811798096, 'Other': 4.149677624809556e-05, 'Sad': 0.0005191602976992726, 'Surprised': 1.3542958186008036e-05, 'Unknown': 0.0008156377007253468}",I want to leap at him and try and grab him around the waist.
LAURA,01:25:14,01:25:18,Neutral,"{'Angry': 5.8220340548587046e-08, 'Disgusted': 2.293724499224936e-08, 'Fearful': 1.8316129724027519e-09, 'Happy': 1.764129109460555e-08, 'Neutral': 0.9999998807907104, 'Other': 5.01683761200411e-09, 'Sad': 4.8777401673305576e-08, 'Surprised': 2.331213444506375e-09, 'Unknown': 7.783030220309684e-09}",Oh my god. Just hit him.
MARISHA,01:25:18,01:25:19,Disgusted,"{'Angry': 6.78049837006256e-05, 'Disgusted': 0.9560659527778625, 'Fearful': 0.0300738587975502, 'Happy': 0.00591836404055357, 'Neutral': 0.00024464947637170553, 'Other': 0.0026610337663441896, 'Sad': 0.0038557155057787895, 'Surprised': 0.0008230378734879196, 'Unknown': 0.00028955808375030756}",Take him down!
TRAVIS,01:25:19,01:25:21,Happy,"{'Angry': 4.652998541132547e-06, 'Disgusted': 2.168803803215269e-06, 'Fearful': 9.966559133545161e-08, 'Happy': 0.9992786049842834, 'Neutral': 0.0007065870449878275, 'Other': 6.467824960054713e-07, 'Sad': 5.786212568636984e-06, 'Surprised': 1.04533796729811e-06, 'Unknown': 3.052551278415194e-07}",I get three-- no.
SAM,01:25:21,01:25:22,Neutral,"{'Angry': 0.002008814364671707, 'Disgusted': 0.02027888596057892, 'Fearful': 0.011391964741051197, 'Happy': 0.1202559620141983, 'Neutral': 0.8308010101318359, 'Other': 0.00027487261104397476, 'Sad': 0.011434991843998432, 'Surprised': 0.00227500987239182, 'Unknown': 0.0012785386061295867}",Just hit him!
MATT,01:25:22,01:25:25,Neutral,"{'Angry': 3.3969306969083846e-05, 'Disgusted': 0.00016044532821979374, 'Fearful': 4.778845323016867e-05, 'Happy': 0.002819537650793791, 'Neutral': 0.9950371384620667, 'Other': 4.0339084080187604e-05, 'Sad': 4.543073009699583e-05, 'Surprised': 1.6714378716642386e-06, 'Unknown': 0.001813575392588973}","Do what you want, Grog. Do what you want. What are you doing?"
TRAVIS,01:25:25,01:25:32,Neutral,"{'Angry': 3.909660789558345e-12, 'Disgusted': 1.5172012138384844e-13, 'Fearful': 3.618504760692816e-14, 'Happy': 6.528470038874579e-12, 'Neutral': 1.0, 'Other': 1.1488879610849472e-14, 'Sad': 8.334574350121748e-12, 'Surprised': 1.2142234917175698e-12, 'Unknown': 6.285431024396701e-14}","All right, fine, fuck it. With desperation that this might fall away, I throw my goliath fist at him."
MATT,01:25:32,01:25:35,Neutral,"{'Angry': 7.514886629644835e-11, 'Disgusted': 3.551600853690662e-12, 'Fearful': 2.2376733712498043e-12, 'Happy': 1.7798230944610083e-10, 'Neutral': 1.0, 'Other': 7.096805917450669e-14, 'Sad': 1.1394147431120771e-10, 'Surprised': 1.6329947810644896e-11, 'Unknown': 3.2530954926363043e-12}","All right, so first punch (grunts), with disadvantage."
TRAVIS,01:25:35,01:25:38,Happy,"{'Angry': 0.018387332558631897, 'Disgusted': 0.0016978763742372394, 'Fearful': 1.9003926354344003e-05, 'Happy': 0.5380163192749023, 'Neutral': 0.4411858320236206, 'Other': 0.00027023954316973686, 'Sad': 9.445082832826301e-05, 'Surprised': 7.145675044739619e-05, 'Unknown': 0.0002575222752057016}",19. Nine. 17.
ORION,01:25:38,01:25:39,Neutral,"{'Angry': 4.942180748912506e-05, 'Disgusted': 0.00011641853780020028, 'Fearful': 2.6454974431544542e-05, 'Happy': 0.0017634362448006868, 'Neutral': 0.9977350234985352, 'Other': 3.8098737604741473e-06, 'Sad': 0.00023105827858671546, 'Surprised': 7.092212763382122e-05, 'Unknown': 3.484945182208321e-06}",Plus ten!
TRAVIS,01:25:39,01:25:42,Neutral,"{'Angry': 2.638050056180674e-10, 'Disgusted': 3.8238041205618245e-11, 'Fearful': 8.21734000289176e-12, 'Happy': 1.4641772239087913e-09, 'Neutral': 1.0, 'Other': 5.597212363733783e-12, 'Sad': 7.567361182125865e-10, 'Surprised': 3.179321389490397e-11, 'Unknown': 2.96870375504632e-11}",22!
MATT,01:25:42,01:25:45,Neutral,"{'Angry': 0.007601045072078705, 'Disgusted': 0.00016477635654155165, 'Fearful': 6.671997653029393e-06, 'Happy': 0.015477107837796211, 'Neutral': 0.9764753580093384, 'Other': 6.351131742121652e-05, 'Sad': 0.00017385785758960992, 'Surprised': 1.7524542272440158e-05, 'Unknown': 2.0092025806661695e-05}",22! (whoosh) Roll damage.
TRAVIS,01:25:45,01:25:47,Neutral,"{'Angry': 7.523319800384343e-05, 'Disgusted': 4.1221443098038435e-05, 'Fearful': 8.66034042701358e-06, 'Happy': 5.423538823379204e-05, 'Neutral': 0.9994193315505981, 'Other': 4.990159868611954e-05, 'Sad': 8.685791726747993e-06, 'Surprised': 1.3506847551525425e-07, 'Unknown': 0.00034254128695465624}",Eight!
MATT,01:25:47,01:25:55,Happy,"{'Angry': 3.4313121233253696e-09, 'Disgusted': 9.62124335757153e-09, 'Fearful': 9.749347995580138e-10, 'Happy': 0.9999990463256836, 'Neutral': 9.664915978646604e-07, 'Other': 2.164130430415412e-09, 'Sad': 3.5242010198999196e-08, 'Surprised': 6.790542572687741e-10, 'Unknown': 6.496240878561821e-09}",How do you want to do this? (cheering)
MATT,01:25:55,01:26:03,Neutral,"{'Angry': 0.00011890956375282258, 'Disgusted': 4.672036084230058e-05, 'Fearful': 4.663540494220797e-06, 'Happy': 0.00020017489441670477, 'Neutral': 0.9992603659629822, 'Other': 4.2572730308165774e-05, 'Sad': 2.946908716694452e-05, 'Surprised': 8.67614460275945e-07, 'Unknown': 0.0002962170692626387}","(laughs) RIP ears, everyone. Clutch Scanlan inspiration. Grog, how do you want to do this?"
TRAVIS,01:26:03,01:26:24,Angry,"{'Angry': 1.0, 'Disgusted': 1.807267530073986e-11, 'Fearful': 8.773194844213794e-12, 'Happy': 1.9814654084182592e-10, 'Neutral': 4.774757672576513e-11, 'Other': 1.736166006967299e-12, 'Sad': 2.035479944317853e-11, 'Surprised': 6.456784412689487e-11, 'Unknown': 5.848770971120416e-15}","(chuckles) As the fist connects and he starts to wobble, I reach over. I stand above him and grab around his waist with his back facing towards me. I lift him up over my head so that his head gets to come up and look at the crowd one last time before sending him straight back onto his shoulder blades and neck and smashing him into the earth!"
MATT,01:26:24,01:27:12,Happy,"{'Angry': 0.00044485394028015435, 'Disgusted': 0.005159355234354734, 'Fearful': 0.012564913369715214, 'Happy': 0.7038196325302124, 'Neutral': 0.07811418920755386, 'Other': 0.028313498944044113, 'Sad': 0.002154500223696232, 'Surprised': 0.16610154509544373, 'Unknown': 0.0033274819143116474}","(smash) With a resounding slam, Kern's body impacts into the stone floor of the Crucible, a cloud of dirt and dust (whoosh) around. Rocks break off and tumble down the side of the walls of the Crucible as the crowd has to stop themselves from falling in from the sheer impact of the tremor that you've left slamming Kern. You can see everyone fall silent; the crowd's cheers all come to a sudden halt. The dust settles. You can see nothing at the base of the Crucible. As the cloud slowly comes to rest, you see there, broken and laid out on the ground is an unconscious, bloodied, and ruined Kern, as Grog steps forward, head hunched beneath his billowing shoulders, fists clenched in anger, victorious in the center of the Crucible."
TRAVIS,01:27:12,01:27:18,Happy,"{'Angry': 0.08540796488523483, 'Disgusted': 0.001422520144842565, 'Fearful': 0.0008492351626046002, 'Happy': 0.4857274293899536, 'Neutral': 0.07698491960763931, 'Other': 0.0001447698741685599, 'Sad': 0.34892886877059937, 'Surprised': 0.0002616820274852216, 'Unknown': 0.00027260303613729775}",I put my foot on his chest and do my best King Kong. (yells)
MATT,01:27:18,01:27:25,Sad,"{'Angry': 0.2586634159088135, 'Disgusted': 0.017751218751072884, 'Fearful': 0.012555418536067009, 'Happy': 0.030734583735466003, 'Neutral': 0.29001671075820923, 'Other': 9.741049871081486e-05, 'Sad': 0.38778015971183777, 'Surprised': 0.0014246369246393442, 'Unknown': 0.0009765182621777058}","At which point, the crowd raises into shouting cheers, claps--"
LAURA,01:27:25,01:27:27,Neutral,"{'Angry': 0.004546581767499447, 'Disgusted': 0.004362544044852257, 'Fearful': 0.0022157214116305113, 'Happy': 0.04789033159613609, 'Neutral': 0.9188536405563354, 'Other': 9.777964442037046e-05, 'Sad': 0.01522255688905716, 'Surprised': 0.006675551179796457, 'Unknown': 0.00013528444105759263}",Did I show my boobs?!
SAM,01:27:27,01:27:29,Neutral,"{'Angry': 0.2664017677307129, 'Disgusted': 0.08069385588169098, 'Fearful': 0.01555989496409893, 'Happy': 0.19944943487644196, 'Neutral': 0.3437153398990631, 'Other': 0.0001358099834760651, 'Sad': 0.07686996459960938, 'Surprised': 0.017051920294761658, 'Unknown': 0.00012195717135909945}",No.
TALIESIN,01:27:29,01:27:33,Sad,"{'Angry': 0.33617034554481506, 'Disgusted': 0.007926814258098602, 'Fearful': 0.03006811998784542, 'Happy': 0.08066152781248093, 'Neutral': 0.06453236937522888, 'Other': 8.477411029161885e-05, 'Sad': 0.47392070293426514, 'Surprised': 0.006529174745082855, 'Unknown': 0.0001061902949004434}",None of us remember that. At all.
MATT,01:27:33,01:29:31,Sad,"{'Angry': 1.1911855835933238e-05, 'Disgusted': 2.9902881237831025e-07, 'Fearful': 1.3896611505970213e-07, 'Happy': 4.5049205255054403e-07, 'Neutral': 3.852056124742376e-06, 'Other': 3.8751100106537706e-08, 'Sad': 0.9999829530715942, 'Surprised': 3.775877246425807e-07, 'Unknown': 4.4724552950015095e-09}","The bookie screams out, ""We have now a new champion of the Crucible! Not Philip, but Grog, the Victorious!"" Cheers and shouts, and you hear loud boos, even curses shouted. You see people shouting off, throwing empty coin purses off to the side, different language-- it's a whole cacophony of cheers and curses, and then all of them fall suddenly quiet. The whole crowd turns over to the edge of the Crucible. You see standing over-- let me bring this down here for a moment of tension-- standing over to the edge, a hood is thrown back on a figure that's been watching the entire fight. You notice this figure, as the hood is thrown back: an older human man in his mid- to late-sixties with tough reddish tanned skin. Short, but stocky. Receding gray hairline with a long, coarse gray beard that tumbles to his belt line. He wears what looks like ceremonial robes of red and gold, simple wooden sandals, and a dark brown necklace of large, two-inch round beads that adorn the shoulders and neck area. His body is stout and ripped as muscle, trained over a lifetime of martial prowess and careful honing. His arms are crossed as he looks down at the Crucible, down at you, Grog. Gives a nod and a smile. Turns around and walks away from the crowd, quietly, as everyone silently takes in this momentary experience. A few seconds pass, and then the crowd continues cheering once again. (cheering)"
MATT,01:29:31,01:29:43,Happy,"{'Angry': 9.599100849300157e-06, 'Disgusted': 4.9573194701224566e-05, 'Fearful': 4.55139197583776e-05, 'Happy': 0.9994064569473267, 'Neutral': 5.179647632758133e-05, 'Other': 0.00010722841398091987, 'Sad': 0.0002920686383731663, 'Surprised': 6.880164164613234e-06, 'Unknown': 3.082763942074962e-05}","The clerics now come climbing down to the center of the Crucible to retrieve the unconscious and bleeding-out body of Kern, administering Heals immediately to make sure he doesn't actually slip away from everyone."
TRAVIS,01:29:43,01:29:52,Neutral,"{'Angry': 0.0005003680125810206, 'Disgusted': 0.004226829390972853, 'Fearful': 0.022124554961919785, 'Happy': 0.008039403706789017, 'Neutral': 0.8492805361747742, 'Other': 0.002396888332441449, 'Sad': 0.014933808706700802, 'Surprised': 8.987331966636702e-05, 'Unknown': 0.09840776771306992}","I run over and grab my lip and pick it up and go, just between you and me, is there anything we can do with this? (laughter)"
MATT,01:29:52,01:30:31,Happy,"{'Angry': 0.008255555294454098, 'Disgusted': 0.0005875892820768058, 'Fearful': 6.966305954847485e-05, 'Happy': 0.9122303128242493, 'Neutral': 0.053911104798316956, 'Other': 3.415653918636963e-05, 'Sad': 0.024729378521442413, 'Surprised': 9.884737664833665e-05, 'Unknown': 8.348954725079238e-05}","One of the clerics looks up for a second. ""Hold it there for a moment."" And reaches out and administers a 5th-level Cure Wounds. He's making a medicine check to see how-- well, that's a 16. You go ahead and heal-- that's shitty rolls-- ten. I should've just rolled that one there. You heal 22 hit points, but you feel your lip fuse, and while it might leave a very small scar, it is in one piece. You might want to be careful about spitting or anything too heavy with it for the next few days for fear of jettisoning it from the front of your face accidentally."
TRAVIS,01:30:31,01:30:37,Neutral,"{'Angry': 0.05989015847444534, 'Disgusted': 0.007037496659904718, 'Fearful': 0.0007434492581523955, 'Happy': 0.0800653025507927, 'Neutral': 0.7858918309211731, 'Other': 0.0007732237572781742, 'Sad': 0.06292761862277985, 'Surprised': 0.0021450596395879984, 'Unknown': 0.0005258041783235967}","Right, or growing a beard on it-- oh, that's already on my chin."
TALIESIN,01:30:37,01:30:40,Neutral,"{'Angry': 0.3204962909221649, 'Disgusted': 0.03293604031205177, 'Fearful': 0.0011962990975007415, 'Happy': 0.025400815531611443, 'Neutral': 0.5613685250282288, 'Other': 0.0017580038402229548, 'Sad': 0.04996883124113083, 'Surprised': 0.006089272443205118, 'Unknown': 0.0007858344470150769}","If you grow enough beard, you can knit it together to hold it in place."
TRAVIS,01:30:40,01:30:42,Neutral,"{'Angry': 0.2089315801858902, 'Disgusted': 0.13245168328285217, 'Fearful': 0.013700767420232296, 'Happy': 0.1695890575647354, 'Neutral': 0.2406337559223175, 'Other': 0.0052177258767187595, 'Sad': 0.15135003626346588, 'Surprised': 0.07752061635255814, 'Unknown': 0.0006048192735761404}",I'm actually sweating.
LAURA,01:30:42,01:30:44,Neutral,"{'Angry': 0.1373915672302246, 'Disgusted': 0.1551230251789093, 'Fearful': 0.002457864349707961, 'Happy': 0.03341606259346008, 'Neutral': 0.4411992132663727, 'Other': 0.001417586812749505, 'Sad': 0.13910356163978577, 'Surprised': 0.08970700949430466, 'Unknown': 0.00018414830265101045}","Yeah. I am, too."
MATT,01:30:44,01:31:04,Happy,"{'Angry': 0.0018813124625012279, 'Disgusted': 0.004176406655460596, 'Fearful': 0.00017760095943231136, 'Happy': 0.9599732160568237, 'Neutral': 0.027675552293658257, 'Other': 0.000368532637367025, 'Sad': 0.004719521384686232, 'Surprised': 0.00016809551743790507, 'Unknown': 0.000859758525621146}","You make your way up the rope ladder to the top of the Crucible as the crowd-- some folks come up and cheer and grab your hand and shake it. ""Thank you. I believed you'd do this. Kern's been sent in there too long. It's about time he got taken down."" (laughs) And he gets pushed out of the way by another person, a young guy, 16: scrawny but excited, ""You're my new hero. Oh my god. Oh, Grog. Where did you learn to train? Can I train with you?"""
TRAVIS,01:31:04,01:31:21,Happy,"{'Angry': 0.0011085638543590903, 'Disgusted': 0.00174910353962332, 'Fearful': 0.00010665591980796307, 'Happy': 0.9759746193885803, 'Neutral': 0.01692662574350834, 'Other': 0.00011391129373805597, 'Sad': 0.003640499198809266, 'Surprised': 0.0002673230483196676, 'Unknown': 0.00011268226080574095}","Grog's not here right now. This is Philip. If you'd like to leave a message, come back another time. Got to go, bye! And I walk away. I find Scanlan in the crowd, and I reach out and shake his hand."
SAM,01:31:21,01:31:23,Neutral,"{'Angry': 0.08513052016496658, 'Disgusted': 0.22655093669891357, 'Fearful': 0.0024941025767475367, 'Happy': 0.042653921991586685, 'Neutral': 0.401393324136734, 'Other': 0.006889742333441973, 'Sad': 0.05999601259827614, 'Surprised': 0.17457698285579681, 'Unknown': 0.0003144032962154597}",Ow!
TRAVIS,01:31:23,01:31:25,Neutral,"{'Angry': 0.038148704916238785, 'Disgusted': 0.13585495948791504, 'Fearful': 0.0009420518763363361, 'Happy': 0.0461786687374115, 'Neutral': 0.6984960436820984, 'Other': 0.003046079073101282, 'Sad': 0.03932899609208107, 'Surprised': 0.03783353045582771, 'Unknown': 0.0001709583739284426}","Sorry, little bit of ongoing rage."
TALIESIN,01:31:25,01:31:32,Neutral,"{'Angry': 0.4190064072608948, 'Disgusted': 0.011587130837142467, 'Fearful': 0.00044730602530762553, 'Happy': 0.011911575682461262, 'Neutral': 0.4802856147289276, 'Other': 0.0005273152492009103, 'Sad': 0.047245632857084274, 'Surprised': 0.028942037373781204, 'Unknown': 4.700052522821352e-05}","Scanlan, are you all right? You look a little poorer, somehow. Have you lost money? You look like you've lost money. Especially in the face."
SAM,01:31:32,01:31:33,Disgusted,"{'Angry': 0.01140059344470501, 'Disgusted': 0.9057450890541077, 'Fearful': 0.000411602552048862, 'Happy': 0.0031038946472108364, 'Neutral': 0.012923129834234715, 'Other': 0.055033981800079346, 'Sad': 0.0072806356474757195, 'Surprised': 0.0040051075629889965, 'Unknown': 9.605995001038536e-05}","Well, it was worth it."
TRAVIS,01:31:33,01:31:38,Neutral,"{'Angry': 0.005226376466453075, 'Disgusted': 0.004831121768802404, 'Fearful': 0.00014965816808398813, 'Happy': 0.013248754665255547, 'Neutral': 0.9650327563285828, 'Other': 0.00045821783714927733, 'Sad': 0.006336484104394913, 'Surprised': 0.004668396431952715, 'Unknown': 4.827402517548762e-05}",I heard your voices cutting through the crowd. Where are Tiberius and Keyleth?
ORION,01:31:38,01:31:44,Angry,"{'Angry': 0.5920701026916504, 'Disgusted': 0.05680457502603531, 'Fearful': 0.003792485687881708, 'Happy': 0.09593578428030014, 'Neutral': 0.09623034298419952, 'Other': 0.006592546124011278, 'Sad': 0.09150774776935577, 'Surprised': 0.055297307670116425, 'Unknown': 0.001769157242961228}","Grog, we got arrested while you were fighting, just so you know."
MATT,01:31:44,01:31:57,Happy,"{'Angry': 0.005399028770625591, 'Disgusted': 0.028843330219388008, 'Fearful': 0.009843635372817516, 'Happy': 0.7630643248558044, 'Neutral': 0.12720218300819397, 'Other': 0.0041572232730686665, 'Sad': 0.02365550771355629, 'Surprised': 0.0015239875065162778, 'Unknown': 0.036310672760009766}","You guys, by the way, right now are currently brought to a small holding facility not far from the Crucible, where you've been set down on a bench, both manacled and left while the one Bastion that originally found you is currently keeping watch."
TRAVIS,01:31:57,01:31:58,Disgusted,"{'Angry': 0.031183093786239624, 'Disgusted': 0.7606523036956787, 'Fearful': 0.0016105419490486383, 'Happy': 0.05414707958698273, 'Neutral': 0.1035677045583725, 'Other': 0.007124198600649834, 'Sad': 0.01494260597974062, 'Surprised': 0.026095343753695488, 'Unknown': 0.0006771126063540578}",Outside?
MATT,01:31:58,01:32:00,Happy,"{'Angry': 0.03072297014296055, 'Disgusted': 0.07234503328800201, 'Fearful': 0.026731884106993675, 'Happy': 0.28646621108055115, 'Neutral': 0.22183296084403992, 'Other': 0.15246082842350006, 'Sad': 0.05017683655023575, 'Surprised': 0.15354298055171967, 'Unknown': 0.005720384884625673}",Out of vision of you guys. You don't see; they're just missing.
SAM,01:32:00,01:32:17,Happy,"{'Angry': 0.0001269024214707315, 'Disgusted': 7.481918146368116e-05, 'Fearful': 8.321276254719123e-06, 'Happy': 0.9986490607261658, 'Neutral': 0.0007973925676196814, 'Other': 4.382486440590583e-05, 'Sad': 0.00022297463146969676, 'Surprised': 5.828343546454562e-06, 'Unknown': 7.085723336786032e-05}","Grog, before we go deal with our friends, if I may: That man fought a brave fight. I feel you should go make amends with him, it was a respectable battle. You won't feel good about yourself unless you do."
MATT,01:32:17,01:32:23,Happy,"{'Angry': 0.0024954441469162703, 'Disgusted': 0.0011143884621560574, 'Fearful': 0.0001303749595535919, 'Happy': 0.9276357293128967, 'Neutral': 0.06460733711719513, 'Other': 0.00020696129649877548, 'Sad': 0.003055514534935355, 'Surprised': 0.0005722807254642248, 'Unknown': 0.00018196619930677116}","At which point, the bookie hands a sack of gold right into your hand. ""Well fought, new champion!"" And hands it to you."
TRAVIS,01:32:23,01:32:31,Neutral,"{'Angry': 0.03426641970872879, 'Disgusted': 0.007913465611636639, 'Fearful': 0.0007445979863405228, 'Happy': 0.056519366800785065, 'Neutral': 0.8387407660484314, 'Other': 0.001170675503090024, 'Sad': 0.046198729425668716, 'Surprised': 0.014132161624729633, 'Unknown': 0.0003138540487270802}","Fuck that shit. (laughs) I was about to, but chaotic neutral, sorry! (laughter)"
ORION,01:32:31,01:32:32,Sad,"{'Angry': 0.1388990879058838, 'Disgusted': 0.23151856660842896, 'Fearful': 0.0031510801054537296, 'Happy': 0.027964092791080475, 'Neutral': 0.18423029780387878, 'Other': 0.00411367928609252, 'Sad': 0.288118451833725, 'Surprised': 0.12193656712770462, 'Unknown': 6.816534005338326e-05}",Never mind.
TRAVIS,01:32:32,01:32:33,Neutral,"{'Angry': 0.06493441760540009, 'Disgusted': 0.3141014575958252, 'Fearful': 0.001135963830165565, 'Happy': 0.022920124232769012, 'Neutral': 0.4382990896701813, 'Other': 0.0030955197289586067, 'Sad': 0.12066344916820526, 'Surprised': 0.03479645401239395, 'Unknown': 5.353573942556977e-05}",I was ready.
TALIESIN,01:32:33,01:32:34,Disgusted,"{'Angry': 0.0909506157040596, 'Disgusted': 0.5453227162361145, 'Fearful': 0.005120671354234219, 'Happy': 0.04276049882173538, 'Neutral': 0.0829411968588829, 'Other': 0.000875385943800211, 'Sad': 0.17491327226161957, 'Surprised': 0.05705440789461136, 'Unknown': 6.120163016021252e-05}","And that, kids, is chaotic neutral."
MATT,01:32:34,01:32:40,Neutral,"{'Angry': 0.02346009761095047, 'Disgusted': 0.10109270364046097, 'Fearful': 0.0008356510079465806, 'Happy': 0.012330363504588604, 'Neutral': 0.8427021503448486, 'Other': 0.0009599837940186262, 'Sad': 0.01311100460588932, 'Surprised': 0.0053085084073245525, 'Unknown': 0.00019958849588874727}","At three to one odds, that sack of gold you get back contains 5,452 gold pieces."
LAURA,01:32:40,01:32:46,Happy,"{'Angry': 0.01692027784883976, 'Disgusted': 0.00894713494926691, 'Fearful': 0.0013220019172877073, 'Happy': 0.7291916608810425, 'Neutral': 0.2036142349243164, 'Other': 0.0029628300108015537, 'Sad': 0.029642535373568535, 'Surprised': 0.005930035840719938, 'Unknown': 0.0014692405238747597}","You know what's so great about that, Grog? You said you were going to pay back the gold you lost me in the first fight."
TRAVIS,01:32:46,01:32:52,Neutral,"{'Angry': 0.26959964632987976, 'Disgusted': 0.004522097762674093, 'Fearful': 0.0014424333348870277, 'Happy': 0.15727710723876953, 'Neutral': 0.3744243383407593, 'Other': 0.0006707487045787275, 'Sad': 0.18612059950828552, 'Surprised': 0.005377016495913267, 'Unknown': 0.0005659356829710305}",I did. And I pay it back happily as I look at her dragon eyes of money hoarding.
MATT,01:32:52,01:32:55,Angry,"{'Angry': 0.5837517380714417, 'Disgusted': 0.02601214498281479, 'Fearful': 0.0012702314415946603, 'Happy': 0.027783282101154327, 'Neutral': 0.25646382570266724, 'Other': 0.0004415790899656713, 'Sad': 0.06800930202007294, 'Surprised': 0.03615345433354378, 'Unknown': 0.00011449714656919241}",Okay. You go ahead and work out that payback to her.
LAURA,01:32:55,01:32:56,Disgusted,"{'Angry': 0.04928181320428848, 'Disgusted': 0.7892768383026123, 'Fearful': 0.0022353630047291517, 'Happy': 0.02196521870791912, 'Neutral': 0.033291880041360855, 'Other': 0.008718486875295639, 'Sad': 0.02671988680958748, 'Surprised': 0.06815211474895477, 'Unknown': 0.00035833712900057435}",All right!
ORION,01:32:56,01:32:58,Angry,"{'Angry': 0.2668481469154358, 'Disgusted': 0.1469508856534958, 'Fearful': 0.004152141511440277, 'Happy': 0.11973773688077927, 'Neutral': 0.2550874650478363, 'Other': 0.0013184075942263007, 'Sad': 0.1215365007519722, 'Surprised': 0.0841708555817604, 'Unknown': 0.00019789999350905418}","I'm going to use the earring real quick again. Whenever you're free, Grog."
TRAVIS,01:32:58,01:33:10,Neutral,"{'Angry': 0.0632215291261673, 'Disgusted': 0.006022830493748188, 'Fearful': 0.0015952902613207698, 'Happy': 0.08312277495861053, 'Neutral': 0.7177502512931824, 'Other': 0.0013656435767188668, 'Sad': 0.1231556236743927, 'Surprised': 0.00205259770154953, 'Unknown': 0.0017135005909949541}","And handing money to Vex has sobered me up a little bit. I do walk over to Kern the Hammer and extend a hand and say, well fought, brother."
MATT,01:33:10,01:33:52,Neutral,"{'Angry': 0.0008714167634025216, 'Disgusted': 0.00033554804394952953, 'Fearful': 0.00032160119735635817, 'Happy': 0.0019257962703704834, 'Neutral': 0.9941604733467102, 'Other': 2.1256753825582564e-05, 'Sad': 0.0011928644962608814, 'Surprised': 0.001164159970358014, 'Unknown': 6.867685897304909e-06}","His arms are currently draped over two of the clerics that have pulled him out of the Crucible, face broken, blood streaked down one side of his face. Is stepping with one foot, dragging the toes of the other. (grunts) Is brought to turn around to face you by the two clerics and looks at you as you extend your hand. Looks over at you. One eye swollen shut, the other glaring at you, bloodshot and angry. You see the teeth are gritted and grinding beneath his still-busted, missing upper lip. (snarls, laughs) ""Well fought, goliath."" And he (groans) brings one hand around one of the clerics and takes you in a Beastmaster--"
TRAVIS,01:33:52,01:33:53,Neutral,"{'Angry': 0.020672384649515152, 'Disgusted': 0.014669680036604404, 'Fearful': 0.00023197384143713862, 'Happy': 0.015970172360539436, 'Neutral': 0.9141507148742676, 'Other': 0.0005240943864919245, 'Sad': 0.02878033183515072, 'Surprised': 0.004984286148101091, 'Unknown': 1.6467920431750827e-05}",Yes! Strength and honor!
MATT,01:33:53,01:34:17,Neutral,"{'Angry': 0.022426659241318703, 'Disgusted': 0.01827395148575306, 'Fearful': 0.006190595217049122, 'Happy': 0.015675146132707596, 'Neutral': 0.729758083820343, 'Other': 0.006989897694438696, 'Sad': 0.18683141469955444, 'Surprised': 0.01014564000070095, 'Unknown': 0.003708594711497426}","However, there is no strength left. It's barely there. He takes his hand back and it hangs loosely to one side, and he looks at you and says, ""I'm proud to have finally found my match. When I recover, I'm going to find you, and I'm going to want that championship back!"""
TRAVIS,01:34:17,01:34:21,Other,"{'Angry': 0.05695490166544914, 'Disgusted': 0.019106874242424965, 'Fearful': 0.037596892565488815, 'Happy': 0.0775161013007164, 'Neutral': 0.1237412616610527, 'Other': 0.5417709350585938, 'Sad': 0.12293466180562973, 'Surprised': 0.015306472778320312, 'Unknown': 0.005071890074759722}","When the time comes for a rematch, I'll be here."
MATT,01:34:21,01:34:26,Happy,"{'Angry': 0.07712453603744507, 'Disgusted': 0.04440033808350563, 'Fearful': 0.019610188901424408, 'Happy': 0.3684917986392975, 'Neutral': 0.18470601737499237, 'Other': 0.11318878084421158, 'Sad': 0.15166987478733063, 'Surprised': 0.03323879837989807, 'Unknown': 0.007569646928459406}","""Good. Where can I find you, Grog?"""
TRAVIS,01:34:26,01:34:28,Disgusted,"{'Angry': 0.06133633106946945, 'Disgusted': 0.5540316104888916, 'Fearful': 0.021809538826346397, 'Happy': 0.05615317448973656, 'Neutral': 0.1147732138633728, 'Other': 0.025729477405548096, 'Sad': 0.13835006952285767, 'Surprised': 0.027111463248729706, 'Unknown': 0.0007051141001284122}",(quietly) Oh shit.
SAM,01:34:28,01:34:32,Other,"{'Angry': 0.05158301815390587, 'Disgusted': 0.21515317261219025, 'Fearful': 0.0479518361389637, 'Happy': 0.05567839741706848, 'Neutral': 0.10790523886680603, 'Other': 0.3677721321582794, 'Sad': 0.11285965144634247, 'Surprised': 0.03672879934310913, 'Unknown': 0.004367726854979992}","Yeah, yeah. Just tell him."
TRAVIS,01:34:32,01:34:42,Sad,"{'Angry': 0.16175849735736847, 'Disgusted': 0.018570248037576675, 'Fearful': 0.05921168252825737, 'Happy': 0.03439948335289955, 'Neutral': 0.2184010148048401, 'Other': 0.06962906569242477, 'Sad': 0.31328704953193665, 'Surprised': 0.11576951295137405, 'Unknown': 0.008973492309451103}","If I'm not here at the Crucible, because I don't think you need an audience for glory, you can always find me in Emon at Castle Greyskull."
LAURA,01:34:42,01:34:44,Sad,"{'Angry': 0.013444328680634499, 'Disgusted': 0.012364789843559265, 'Fearful': 0.06226889416575432, 'Happy': 0.14421311020851135, 'Neutral': 0.20116031169891357, 'Other': 0.0002739110786933452, 'Sad': 0.3219832479953766, 'Surprised': 0.24419008195400238, 'Unknown': 0.00010136412311112508}",Greyskull Keep!
TRAVIS,01:34:44,01:34:46,Neutral,"{'Angry': 0.06594079732894897, 'Disgusted': 0.048552606254816055, 'Fearful': 0.185011625289917, 'Happy': 0.0920819342136383, 'Neutral': 0.2567897439002991, 'Other': 0.0001298788411077112, 'Sad': 0.1918349713087082, 'Surprised': 0.1593477874994278, 'Unknown': 0.0003106321964878589}",Greyskull Keep!
SAM,01:34:46,01:34:48,Happy,"{'Angry': 0.017567625269293785, 'Disgusted': 0.009541376493871212, 'Fearful': 0.012328632175922394, 'Happy': 0.8103972673416138, 'Neutral': 0.05308791249990463, 'Other': 0.0024338362272828817, 'Sad': 0.08203642070293427, 'Surprised': 0.012320874258875847, 'Unknown': 0.0002860907407011837}",It's a real place.
LAURA,01:34:48,01:34:53,Surprised,"{'Angry': 0.001162440632469952, 'Disgusted': 0.0032767781522125006, 'Fearful': 0.0029777754098176956, 'Happy': 0.002984950551763177, 'Neutral': 0.13616546988487244, 'Other': 0.0007644228753633797, 'Sad': 0.015038247220218182, 'Surprised': 0.8373289704322815, 'Unknown': 0.0003009435022249818}","Good luck with your dick, by the way. Sorry about that."
MATT,01:34:53,01:35:30,Sad,"{'Angry': 0.0004206999728921801, 'Disgusted': 0.00033720413921400905, 'Fearful': 0.00016299588605761528, 'Happy': 5.025078644393943e-05, 'Neutral': 0.00146082928404212, 'Other': 2.027115442615468e-05, 'Sad': 0.9974520802497864, 'Surprised': 9.066154598258436e-05, 'Unknown': 5.024520760343876e-06}","He looks over at you, (groans) and you see for a minute he had forgotten about that in this exchange of honor, and some of the pain resurges, and (moans) starts whimpering, (coughs up spit) spits off to the side this giant bloody loogie that slaps on one of the sides of the cleric who's like, ""Ugh!"" Starts wiping it from the outside of his tunic. Looks back at you. ""Greyskull. So be it. Ow."" And hobbles away through a series of painful whimpers and whines. Percy, the bookie collects you. You bet 500 at a three to one; that is four times return. You make 2,000 gold."
TALIESIN,01:35:30,01:35:31,Disgusted,"{'Angry': 0.12777109444141388, 'Disgusted': 0.37957173585891724, 'Fearful': 0.00868326798081398, 'Happy': 0.04452412202954292, 'Neutral': 0.1380251944065094, 'Other': 0.07393346726894379, 'Sad': 0.21795155107975006, 'Surprised': 0.00865410640835762, 'Unknown': 0.000885471235960722}",Beautiful!
MARISHA,01:35:31,01:35:33,Sad,"{'Angry': 0.17282749712467194, 'Disgusted': 0.13281668722629547, 'Fearful': 0.0065717799589037895, 'Happy': 0.04467577859759331, 'Neutral': 0.20172208547592163, 'Other': 0.1256607174873352, 'Sad': 0.2889333963394165, 'Surprised': 0.02115081623196602, 'Unknown': 0.005641191266477108}",I've made 20 gold.
MATT,01:35:33,01:35:37,Sad,"{'Angry': 0.04919947311282158, 'Disgusted': 0.0032071806490421295, 'Fearful': 0.0005230922251939774, 'Happy': 0.014610822312533855, 'Neutral': 0.005653918255120516, 'Other': 0.0014937871601432562, 'Sad': 0.9243854284286499, 'Surprised': 0.0008649859810248017, 'Unknown': 6.129768735263497e-05}",You haven't made anything yet. You're arrested.
MARISHA,01:35:37,01:35:38,Neutral,"{'Angry': 0.02267376333475113, 'Disgusted': 0.0659702867269516, 'Fearful': 0.0009693403262645006, 'Happy': 0.017998553812503815, 'Neutral': 0.8399096131324768, 'Other': 0.0016825752099975944, 'Sad': 0.01872258447110653, 'Surprised': 0.031969573348760605, 'Unknown': 0.0001037724650814198}",I'm arrested.
MATT,01:35:38,01:35:41,Sad,"{'Angry': 0.06224094703793526, 'Disgusted': 0.019644666463136673, 'Fearful': 0.0020319533068686724, 'Happy': 0.023359665647149086, 'Neutral': 0.033999763429164886, 'Other': 0.01616598293185234, 'Sad': 0.8351885676383972, 'Surprised': 0.007039796561002731, 'Unknown': 0.00032865849789232016}","2,400 to you, Vex."
LAURA,01:35:41,01:35:42,Disgusted,"{'Angry': 0.0038536919746547937, 'Disgusted': 0.8310823440551758, 'Fearful': 0.0014554441440850496, 'Happy': 0.006658182479441166, 'Neutral': 0.04840034991502762, 'Other': 0.00624348409473896, 'Sad': 0.10087928920984268, 'Surprised': 0.0006869306671433151, 'Unknown': 0.000740213377866894}",Fuck yeah!
SAM,01:35:42,01:35:45,Sad,"{'Angry': 0.3853462040424347, 'Disgusted': 0.04829077795147896, 'Fearful': 0.004167752340435982, 'Happy': 0.038992173969745636, 'Neutral': 0.042441148310899734, 'Other': 0.013633432798087597, 'Sad': 0.44097238779067993, 'Surprised': 0.025301095098257065, 'Unknown': 0.0008550555212423205}","I'm here to collect my winnings, please."
MATT,01:35:45,01:35:52,Sad,"{'Angry': 0.0021710009314119816, 'Disgusted': 3.149853364448063e-05, 'Fearful': 3.0748513381695375e-05, 'Happy': 0.00024170937831513584, 'Neutral': 0.0005702121998183429, 'Other': 2.0386811229400337e-05, 'Sad': 0.9968269467353821, 'Surprised': 0.00010528539132792503, 'Unknown': 2.125209448422538e-06}","The Bastion laughs. ""Then you would owe me 300 gold."""
SAM,01:35:52,01:35:55,Sad,"{'Angry': 0.04941808804869652, 'Disgusted': 0.0031946974340826273, 'Fearful': 0.0008051387849263847, 'Happy': 0.010575708001852036, 'Neutral': 0.011420522816479206, 'Other': 0.008577792905271053, 'Sad': 0.9146081805229187, 'Surprised': 0.0012429461348801851, 'Unknown': 0.00015692581655457616}","No, I bet on Grog, if you remember correctly."
MATT,01:35:55,01:36:00,Sad,"{'Angry': 0.07671411335468292, 'Disgusted': 0.020472105592489243, 'Fearful': 0.001359427347779274, 'Happy': 0.00917936023324728, 'Neutral': 0.03322125971317291, 'Other': 0.009297964163124561, 'Sad': 0.8449994921684265, 'Surprised': 0.004042909014970064, 'Unknown': 0.0007133947219699621}","""No, I have it here in my ledger that you bet against your friend Grog."""
LAURA,01:36:00,01:36:02,Sad,"{'Angry': 0.11291597038507462, 'Disgusted': 0.2756080627441406, 'Fearful': 0.0037927748635411263, 'Happy': 0.02852429822087288, 'Neutral': 0.19066785275936127, 'Other': 0.009702375158667564, 'Sad': 0.355410099029541, 'Surprised': 0.02118736319243908, 'Unknown': 0.0021912534721195698}","Oh, he would never do that. I believe you are mistaken, actually."
SAM,01:36:02,01:36:09,Sad,"{'Angry': 0.11315108090639114, 'Disgusted': 0.00010989896691171452, 'Fearful': 0.00018574630666989833, 'Happy': 0.001302896998822689, 'Neutral': 0.011690204031765461, 'Other': 2.4379467504331842e-05, 'Sad': 0.873228907585144, 'Surprised': 0.00029908388387411833, 'Unknown': 7.813389856892172e-06}",There must be a typo. I bet on Grog. Don't you remember?
MATT,01:36:09,01:36:11,Neutral,"{'Angry': 0.11013631522655487, 'Disgusted': 0.026541806757450104, 'Fearful': 0.002265817718580365, 'Happy': 0.04297441616654396, 'Neutral': 0.5664612650871277, 'Other': 0.058780692517757416, 'Sad': 0.18181189894676208, 'Surprised': 0.008958431892096996, 'Unknown': 0.002069358015432954}",Are you casting something?
SAM,01:36:11,01:36:13,Sad,"{'Angry': 0.11667335778474808, 'Disgusted': 0.035304054617881775, 'Fearful': 0.019171541556715965, 'Happy': 0.07388704270124435, 'Neutral': 0.053438205271959305, 'Other': 0.0790475457906723, 'Sad': 0.5718433260917664, 'Surprised': 0.050009459257125854, 'Unknown': 0.0006255092448554933}","Nope, I'm just doing this."
MATT,01:36:13,01:36:17,Sad,"{'Angry': 0.2300816774368286, 'Disgusted': 0.0009753258782438934, 'Fearful': 0.0009902722667902708, 'Happy': 0.045984312891960144, 'Neutral': 0.14626134932041168, 'Other': 0.0018502961611375213, 'Sad': 0.5690309405326843, 'Surprised': 0.00445789797231555, 'Unknown': 0.0003679200599435717}",Go ahead and make a deception roll.
LAURA,01:36:17,01:36:18,Neutral,"{'Angry': 0.15688969194889069, 'Disgusted': 0.035951074212789536, 'Fearful': 0.0004105896223336458, 'Happy': 0.044047292321920395, 'Neutral': 0.6784233450889587, 'Other': 0.0038591152988374233, 'Sad': 0.0713919922709465, 'Surprised': 0.008789293467998505, 'Unknown': 0.00023766300000716}",Can I back him up?
SAM,01:36:18,01:36:21,Angry,"{'Angry': 0.5881640315055847, 'Disgusted': 0.0215365719050169, 'Fearful': 0.0013759350404143333, 'Happy': 0.04058792069554329, 'Neutral': 0.04751491919159889, 'Other': 0.01970355212688446, 'Sad': 0.27780672907829285, 'Surprised': 0.0022619401570409536, 'Unknown': 0.001048443140462041}",Nope.
MATT,01:36:21,01:36:23,Neutral,"{'Angry': 0.11556578427553177, 'Disgusted': 0.009292565286159515, 'Fearful': 0.0009106879006139934, 'Happy': 0.11360008269548416, 'Neutral': 0.625328540802002, 'Other': 0.0029791160486638546, 'Sad': 0.12532801926136017, 'Surprised': 0.0045080664567649364, 'Unknown': 0.0024871157947927713}",What did you roll?
SAM,01:36:23,01:36:29,Neutral,"{'Angry': 0.0032815684098750353, 'Disgusted': 0.0004935591714456677, 'Fearful': 8.790779975242913e-05, 'Happy': 0.003153084311634302, 'Neutral': 0.9803094267845154, 'Other': 0.0005852918839082122, 'Sad': 0.011710762046277523, 'Surprised': 0.00019229289318900555, 'Unknown': 0.00018602469936013222}","Two. Well, wait. What is this, deception or persuasion? What is this?"
LAURA,01:36:29,01:36:30,Fearful,"{'Angry': 9.742022666614503e-05, 'Disgusted': 0.00026815859018824995, 'Fearful': 0.9990469813346863, 'Happy': 0.00017763779032975435, 'Neutral': 0.0002548993506934494, 'Other': 4.882091889157891e-05, 'Sad': 5.980220157653093e-05, 'Surprised': 4.544616604107432e-05, 'Unknown': 7.800160801707534e-07}","Deception. Oh, that's so high!"
MATT,01:36:30,01:36:31,Other,"{'Angry': 0.015221680514514446, 'Disgusted': 0.26591309905052185, 'Fearful': 0.000927693850826472, 'Happy': 0.002043707761913538, 'Neutral': 0.01000386942178011, 'Other': 0.6950839757919312, 'Sad': 0.00932777114212513, 'Surprised': 0.0012093086261302233, 'Unknown': 0.00026892381720244884}",Deception.
SAM,01:36:31,01:36:33,Sad,"{'Angry': 1.453214493185584e-10, 'Disgusted': 1.4650257396109367e-10, 'Fearful': 1.4520847857468766e-09, 'Happy': 1.5770651451418871e-09, 'Neutral': 9.42816225091292e-09, 'Other': 8.536345935672429e-11, 'Sad': 1.0, 'Surprised': 5.864536078981075e-10, 'Unknown': 6.280032917305167e-12}","Yeah, it's 15. No, it's not good, no."
MATT,01:36:33,01:36:36,Neutral,"{'Angry': 4.650829578167759e-05, 'Disgusted': 4.252812505001202e-05, 'Fearful': 1.041821406033705e-06, 'Happy': 0.0010114902397617698, 'Neutral': 0.9988208413124084, 'Other': 6.890923032187857e-06, 'Sad': 2.917669462476624e-06, 'Surprised': 6.586256495211273e-05, 'Unknown': 1.935095724547864e-06}","He gives you a look and goes, ""No, you did not."""
SAM,01:36:36,01:36:42,Happy,"{'Angry': 2.305230373167433e-05, 'Disgusted': 0.0003286880091764033, 'Fearful': 0.0006382226129062474, 'Happy': 0.979560911655426, 'Neutral': 0.006921511143445969, 'Other': 0.00017582492728251964, 'Sad': 0.00043754244688898325, 'Surprised': 6.188136467244476e-05, 'Unknown': 0.011852399446070194}",I've got to work on this.
MATT,01:36:42,01:36:49,Neutral,"{'Angry': 5.174767281346249e-09, 'Disgusted': 2.853000613534107e-10, 'Fearful': 2.7930236248807638e-11, 'Happy': 3.5478415156831034e-06, 'Neutral': 0.9999964237213135, 'Other': 2.966133198431531e-12, 'Sad': 1.7894651094252367e-08, 'Surprised': 1.8628507625351176e-09, 'Unknown': 9.85655567581345e-13}","And he whips around and takes his cloak around, dismissing you, taking you out of the conversation, and walks back towards the Bellows' Respite Inn."
ORION,01:36:49,01:36:57,Neutral,"{'Angry': 2.1380584414032455e-08, 'Disgusted': 5.16139877504429e-08, 'Fearful': 4.703144984574692e-09, 'Happy': 2.2677873801058013e-08, 'Neutral': 0.9999991655349731, 'Other': 1.8389172407040633e-09, 'Sad': 6.637806109210942e-07, 'Surprised': 3.3830283019398166e-09, 'Unknown': 2.0484536289444577e-09}","Can I now use the damn earring? Okay. Grog, (stutters) could you use your clout to get us out of holding?"
TRAVIS,01:36:57,01:37:01,Neutral,"{'Angry': 5.9335925470804796e-06, 'Disgusted': 1.3523720554076135e-05, 'Fearful': 5.31422392668901e-06, 'Happy': 0.00010503400699235499, 'Neutral': 0.9996652603149414, 'Other': 1.0329586075386032e-05, 'Sad': 0.00014048549928702414, 'Surprised': 4.7858222387731075e-05, 'Unknown': 6.2977205743663944e-06}","What? You're in holding? Yeah, I'm sure. I'm a pretty big deal."
LAURA,01:37:01,01:37:05,Neutral,"{'Angry': 4.710185574907655e-09, 'Disgusted': 5.051633777952702e-09, 'Fearful': 3.784855540089893e-09, 'Happy': 1.0253381077518497e-07, 'Neutral': 0.9999996423721313, 'Other': 1.7696206722206398e-09, 'Sad': 1.7648936534442328e-07, 'Surprised': 3.3578559932578855e-09, 'Unknown': 1.3129377585130442e-09}",What's going on? You were arrested? Why?
ORION,01:37:05,01:37:10,Happy,"{'Angry': 1.038199037850518e-08, 'Disgusted': 7.126308076976784e-08, 'Fearful': 1.213740752348258e-08, 'Happy': 0.999998927116394, 'Neutral': 6.634146529904683e-07, 'Other': 2.5427718597370585e-08, 'Sad': 7.75553772314197e-08, 'Surprised': 1.5174986600641205e-08, 'Unknown': 2.0317523308222007e-07}","Because Keyleth tried to do something, and I tried to talk her out of it and it didn't work out, and we're now in holding. It's fine."
MARISHA,01:37:10,01:37:12,Neutral,"{'Angry': 0.0004264272574800998, 'Disgusted': 0.0002313945151399821, 'Fearful': 0.0001694239763310179, 'Happy': 0.052231188863515854, 'Neutral': 0.9426591396331787, 'Other': 1.3047153515799437e-05, 'Sad': 0.0026089719031006098, 'Surprised': 0.0016563213430345058, 'Unknown': 4.000216904387344e-06}","Oh, bullshit, you tried to talk me out of it."
LAURA,01:37:12,01:37:13,Neutral,"{'Angry': 0.020303552970290184, 'Disgusted': 0.03995655104517937, 'Fearful': 0.00042296669562347233, 'Happy': 0.06205812096595764, 'Neutral': 0.845833420753479, 'Other': 0.0001436189777450636, 'Sad': 0.026878977194428444, 'Surprised': 0.0043515488505363464, 'Unknown': 5.127504118718207e-05}",You tried to talk out what?
ORION,01:37:13,01:37:15,Happy,"{'Angry': 3.575755869178465e-08, 'Disgusted': 2.9681737956366305e-08, 'Fearful': 1.1212660799841956e-09, 'Happy': 0.9999992847442627, 'Neutral': 6.946279427211266e-07, 'Other': 8.440127485798143e-10, 'Sad': 2.386478037408324e-08, 'Surprised': 6.194207369247806e-09, 'Unknown': 1.3710004242994955e-09}","I mean, I tried to help her out."
TRAVIS,01:37:15,01:37:18,Happy,"{'Angry': 0.0075688548386096954, 'Disgusted': 0.0011319341138005257, 'Fearful': 0.0005896881921216846, 'Happy': 0.9477423429489136, 'Neutral': 0.0253276526927948, 'Other': 0.0001373713166685775, 'Sad': 0.0005775759927928448, 'Surprised': 0.016729308292269707, 'Unknown': 0.00019516226893756539}","Tiberius, what can you see around you?"
ORION,01:37:18,01:37:21,Neutral,"{'Angry': 3.0791920124784156e-09, 'Disgusted': 1.3632853734790729e-09, 'Fearful': 4.0291953107285394e-10, 'Happy': 8.638596682430943e-08, 'Neutral': 0.9999998807907104, 'Other': 1.7075922620346518e-10, 'Sad': 2.0568856839986438e-08, 'Surprised': 1.6423774340523778e-08, 'Unknown': 1.3042265878393522e-10}",A guard looking at me.
LAURA,01:37:21,01:37:23,Neutral,"{'Angry': 4.0855079735946376e-11, 'Disgusted': 4.9041500027602325e-12, 'Fearful': 1.067248719954783e-12, 'Happy': 2.649623020989367e-10, 'Neutral': 1.0, 'Other': 2.1094970659597118e-13, 'Sad': 1.3048315206098948e-10, 'Surprised': 3.6634480171660044e-11, 'Unknown': 5.195227386310675e-13}",Can I track them?
MATT,01:37:23,01:37:26,Neutral,"{'Angry': 6.747478131785556e-10, 'Disgusted': 1.2052626952030465e-10, 'Fearful': 2.207201088566535e-11, 'Happy': 2.2743029681748794e-09, 'Neutral': 1.0, 'Other': 7.025634848195628e-12, 'Sad': 1.422758244551403e-09, 'Surprised': 1.6532789026690864e-10, 'Unknown': 2.5551439436499734e-11}",Make a survival check.
TALIESIN,01:37:26,01:37:34,Neutral,"{'Angry': 6.238480326943574e-14, 'Disgusted': 2.1556600990048575e-15, 'Fearful': 3.3505386139334834e-16, 'Happy': 8.15058537697623e-14, 'Neutral': 1.0, 'Other': 3.914293832774996e-16, 'Sad': 1.9258399942042453e-13, 'Surprised': 3.15646522862454e-14, 'Unknown': 1.2893902923645831e-15}","If someone were to be an idiot, where would you take them to hold them?"
LAURA,01:37:34,01:37:36,Neutral,"{'Angry': 2.7027694159187376e-05, 'Disgusted': 1.0366758942836896e-05, 'Fearful': 7.675162692066806e-07, 'Happy': 6.762670818716288e-05, 'Neutral': 0.9998832941055298, 'Other': 1.7953103679246851e-06, 'Sad': 5.701409918401623e-06, 'Surprised': 4.389592902498407e-07, 'Unknown': 3.0210992463253206e-06}",16.
MATT,01:37:36,01:38:03,Neutral,"{'Angry': 3.7467141282832017e-06, 'Disgusted': 5.202988631936023e-06, 'Fearful': 1.3788775277134846e-07, 'Happy': 3.288976222393103e-05, 'Neutral': 0.9999499320983887, 'Other': 2.0849886368523585e-06, 'Sad': 3.068598289246438e-06, 'Surprised': 1.988188159884885e-06, 'Unknown': 8.54861127663753e-07}","Because you know their tracks, their footprints-- I would put it at a disadvantage, but that would cancel it out. At a 16, you look around. You can see there is a track of two people with their feet being dragged behind two heavy footprints by heavily armored individuals that lead. There are three buildings off to the side and there is what looks to be a small station for holding, a general Bastion satellite station within this portion of the Braving Grounds."
LAURA,01:38:03,01:38:06,Neutral,"{'Angry': 9.614197632457078e-11, 'Disgusted': 1.0469922671896281e-11, 'Fearful': 2.328530597506262e-12, 'Happy': 1.4252380386992058e-09, 'Neutral': 1.0, 'Other': 6.96347493556182e-13, 'Sad': 3.535033099577589e-10, 'Surprised': 2.6789428314577535e-11, 'Unknown': 1.5703601613514806e-12}",Can we go over and knock?
MATT,01:38:06,01:38:23,Neutral,"{'Angry': 7.358722734895212e-14, 'Disgusted': 2.4534313552385546e-15, 'Fearful': 4.563286241796504e-16, 'Happy': 8.337968716073257e-14, 'Neutral': 1.0, 'Other': 5.618700411382795e-16, 'Sad': 2.8353591718412174e-13, 'Surprised': 3.4924889586243624e-14, 'Unknown': 1.7383570355622912e-15}","You knock. A few seconds pass and the door slides open a little bit, and from the inside, you can see a partially scarred on one cheek, late thirties, early forties gentleman who looks square-jawed and definitely trained in some semblance of looking gruff and angry and says, ""Can I help you?"""
LAURA,01:38:23,01:38:33,Neutral,"{'Angry': 3.747260477176412e-13, 'Disgusted': 1.3529335393972983e-14, 'Fearful': 2.4847959264841972e-15, 'Happy': 4.763800031531984e-13, 'Neutral': 1.0, 'Other': 9.92971430110296e-16, 'Sad': 8.672120638784919e-13, 'Surprised': 1.4169923372685245e-13, 'Unknown': 6.48653257029428e-15}","Hi, yes. I'm looking for-- (sighs) I'm looking for a couple of people. They're actually mental patients, and they've gotten loose."
ORION,01:38:33,01:38:34,Neutral,"{'Angry': 2.4136010967623633e-09, 'Disgusted': 1.787539005704275e-10, 'Fearful': 5.145579101695219e-11, 'Happy': 1.2911668179071967e-08, 'Neutral': 1.0, 'Other': 1.3642673796221416e-11, 'Sad': 3.2278524297879585e-09, 'Surprised': 4.5120374103646554e-10, 'Unknown': 1.194059434661554e-11}",Vex! Here we are!
LAURA,01:38:34,01:38:38,Neutral,"{'Angry': 3.567304815987882e-07, 'Disgusted': 8.107038951266077e-08, 'Fearful': 5.111777667821116e-08, 'Happy': 0.00019437994342297316, 'Neutral': 0.9998031258583069, 'Other': 1.8400205803459357e-08, 'Sad': 1.7291544054387487e-06, 'Surprised': 3.035841302789777e-07, 'Unknown': 1.800192528378375e-08}","Oh! That's them, I'm afraid."
MATT,01:38:38,01:38:41,Neutral,"{'Angry': 1.8200835256720893e-05, 'Disgusted': 1.0472952453710604e-05, 'Fearful': 2.1088766516186297e-05, 'Happy': 6.482633762061596e-05, 'Neutral': 0.9996227025985718, 'Other': 1.0952254342555534e-05, 'Sad': 0.00021356258366722614, 'Surprised': 1.9494269508868456e-05, 'Unknown': 1.8699940483202226e-05}","""These two cheaters over here? These are the ones you're looking for?"""
LAURA,01:38:41,01:38:49,Neutral,"{'Angry': 2.700696677493397e-05, 'Disgusted': 1.5434299712069333e-05, 'Fearful': 6.804871190979611e-06, 'Happy': 0.0034668934531509876, 'Neutral': 0.9963228702545166, 'Other': 7.423962870234391e-06, 'Sad': 0.00010297882545273751, 'Surprised': 4.227427052683197e-05, 'Unknown': 8.44195528770797e-06}","Cheaters? Well, that makes sense. They don't understand normal social rules."
ORION,01:38:49,01:38:51,Neutral,"{'Angry': 9.764243857901533e-10, 'Disgusted': 6.733824609028716e-10, 'Fearful': 6.54048828985232e-11, 'Happy': 3.111879820494323e-08, 'Neutral': 1.0, 'Other': 1.1625106433044152e-10, 'Sad': 2.8873419211095097e-09, 'Surprised': 1.3120194930493767e-09, 'Unknown': 1.132550650484454e-10}",I'm from Draconia!
MARISHA,01:38:51,01:38:57,Happy,"{'Angry': 1.7938309726517332e-09, 'Disgusted': 8.224078307250693e-09, 'Fearful': 3.3471139193608224e-09, 'Happy': 0.9999998807907104, 'Neutral': 2.6720980983441223e-08, 'Other': 1.793051040976934e-09, 'Sad': 1.2257486581290777e-08, 'Surprised': 1.3333721904373874e-09, 'Unknown': 2.4516246810435405e-08}",And I'm also... not from here.
LAURA,01:38:57,01:38:59,Happy,"{'Angry': 0.001868078950792551, 'Disgusted': 0.0036791462916880846, 'Fearful': 0.00018381061090622097, 'Happy': 0.8351894021034241, 'Neutral': 0.15646547079086304, 'Other': 0.00011426117998780683, 'Sad': 0.0009110777173191309, 'Surprised': 0.001277304021641612, 'Unknown': 0.00031149256392382085}",You see what I'm talking about?
MATT,01:38:59,01:39:02,Happy,"{'Angry': 0.003710298566147685, 'Disgusted': 0.004387215711176395, 'Fearful': 0.0005792392184957862, 'Happy': 0.7998408675193787, 'Neutral': 0.1771954596042633, 'Other': 0.00014791991270612925, 'Sad': 0.00518452562391758, 'Surprised': 0.008923678658902645, 'Unknown': 3.079892849200405e-05}",Go ahead and make a deception check.
ORION,01:39:02,01:39:06,Neutral,"{'Angry': 0.02891627699136734, 'Disgusted': 0.06608261168003082, 'Fearful': 0.009714382700622082, 'Happy': 0.040879588574171066, 'Neutral': 0.6051161885261536, 'Other': 0.06580783426761627, 'Sad': 0.04242119938135147, 'Surprised': 0.010455140843987465, 'Unknown': 0.1306067705154419}",Just say where you're from. That's easy.
MARISHA,01:39:06,01:39:10,Neutral,"{'Angry': 2.0743918867083266e-05, 'Disgusted': 9.008561391965486e-06, 'Fearful': 7.14290536052431e-06, 'Happy': 6.129555549705401e-05, 'Neutral': 0.9998351335525513, 'Other': 2.0150105228822213e-06, 'Sad': 3.904819823219441e-05, 'Surprised': 2.3877835701568983e-05, 'Unknown': 1.6833602103361045e-06}",Zephra. But they don't know what that means.
ORION,01:39:10,01:39:13,Neutral,"{'Angry': 9.301129466621205e-08, 'Disgusted': 8.599710810131e-08, 'Fearful': 1.654004755380356e-08, 'Happy': 2.3003308058378025e-07, 'Neutral': 0.9999991655349731, 'Other': 3.869825349056555e-08, 'Sad': 2.6187456114712404e-07, 'Surprised': 7.263589729689102e-09, 'Unknown': 1.2535281257441966e-07}","I'm sure they don't know what Draconia is, but I like to spread the word."
LAURA,01:39:13,01:39:14,Happy,"{'Angry': 0.0044356402941048145, 'Disgusted': 0.03954542055726051, 'Fearful': 0.00030099027208052576, 'Happy': 0.7884232401847839, 'Neutral': 0.16396264731884003, 'Other': 0.00013495271559804678, 'Sad': 0.001736061880365014, 'Surprised': 0.0013599158264696598, 'Unknown': 0.00010120445222128183}",24.
MATT,01:39:14,01:39:30,Neutral,"{'Angry': 2.5738133899722015e-06, 'Disgusted': 3.5714474506676197e-06, 'Fearful': 4.44427797674507e-07, 'Happy': 1.2589832749654306e-06, 'Neutral': 0.9999818801879883, 'Other': 2.9384702671109153e-08, 'Sad': 8.364287964468531e-07, 'Surprised': 9.301811587647535e-06, 'Unknown': 3.0244688975500367e-09}","24. Okay. He gives you a look and says, ""Well, look. We have reason to believe they may have been trying to fix and/or rig the bets on the recent bout out here in the Crucible. That is a very serious offense here in the Braving Grounds."""
LAURA,01:39:30,01:39:32,Happy,"{'Angry': 0.04768601804971695, 'Disgusted': 0.06259839236736298, 'Fearful': 0.017986861988902092, 'Happy': 0.6763341426849365, 'Neutral': 0.16371072828769684, 'Other': 0.0037883459590375423, 'Sad': 0.01189426053315401, 'Surprised': 0.001381246722303331, 'Unknown': 0.014620015397667885}","I can imagine it would be, yes."
MATT,01:39:32,01:39:40,Happy,"{'Angry': 4.0963442415886675e-08, 'Disgusted': 8.557496933292441e-09, 'Fearful': 1.0151565810190277e-08, 'Happy': 0.9999998807907104, 'Neutral': 1.1617114381579086e-08, 'Other': 2.9975766313583563e-09, 'Sad': 4.3658950232838833e-08, 'Surprised': 4.140853349099416e-08, 'Unknown': 4.639238437853521e-10}","""However, I don't want to deal with the processing and the time it takes, so if these are indeed your charges and you're willing to fill out some paperwork and pay the fines right now, we'll relinquish them to you."""
SAM,01:39:40,01:39:43,Neutral,"{'Angry': 0.0006189660634845495, 'Disgusted': 0.000594364944845438, 'Fearful': 5.9988469729432836e-05, 'Happy': 0.0006759607931599021, 'Neutral': 0.9932670593261719, 'Other': 0.0008327244431711733, 'Sad': 6.943888729438186e-05, 'Surprised': 1.809201239666436e-05, 'Unknown': 0.0038633968215435743}","Well, what's the fine? How much was the fine?"
LAURA,01:39:43,01:39:45,Neutral,"{'Angry': 1.173481109617569e-06, 'Disgusted': 3.431529194131144e-08, 'Fearful': 9.187605343186078e-09, 'Happy': 1.0661098713171668e-05, 'Neutral': 0.9999873638153076, 'Other': 1.0285980955870855e-08, 'Sad': 6.690918326057727e-07, 'Surprised': 5.744571396348874e-08, 'Unknown': 2.6930104812805666e-09}","Oh, he's my lawyer."
SAM,01:39:45,01:39:59,Neutral,"{'Angry': 9.062496974365786e-05, 'Disgusted': 0.008600923232734203, 'Fearful': 1.0077626029669773e-05, 'Happy': 0.0011645857011899352, 'Neutral': 0.8880486488342285, 'Other': 0.0011162119917571545, 'Sad': 0.00011840697698062286, 'Surprised': 0.10080421715974808, 'Unknown': 4.624156645149924e-05}","I'm Burt Reynolds, esquire. I'm an attorney at large. I represent all manner of escaped mental patients. (laughs)"
MATT,01:39:59,01:40:01,Happy,"{'Angry': 0.2003055363893509, 'Disgusted': 0.06661869585514069, 'Fearful': 0.008908899500966072, 'Happy': 0.6623216867446899, 'Neutral': 0.026930535212159157, 'Other': 0.012368384748697281, 'Sad': 0.005823779851198196, 'Surprised': 0.00952882133424282, 'Unknown': 0.007193644065409899}",Make a deception check.
TRAVIS,01:40:01,01:40:03,Neutral,"{'Angry': 0.0021846790332347155, 'Disgusted': 0.00518953800201416, 'Fearful': 0.005035319831222296, 'Happy': 0.023731572553515434, 'Neutral': 0.9230628609657288, 'Other': 5.357092959457077e-05, 'Sad': 0.035363901406526566, 'Surprised': 0.005270336288958788, 'Unknown': 0.00010816611757036299}",The mustache is up.
SAM,01:40:03,01:40:04,Neutral,"{'Angry': 0.0017225182382389903, 'Disgusted': 0.00285130157135427, 'Fearful': 0.0011124172015115619, 'Happy': 0.004756850656121969, 'Neutral': 0.7055031061172485, 'Other': 4.2038533138111234e-05, 'Sad': 0.007075841538608074, 'Surprised': 0.2769158184528351, 'Unknown': 2.0153753212071024e-05}",20.
MATT,01:40:04,01:40:10,Neutral,"{'Angry': 0.0021130095701664686, 'Disgusted': 0.0007493855082429945, 'Fearful': 9.527568181511015e-05, 'Happy': 0.00014826722326688468, 'Neutral': 0.995177149772644, 'Other': 8.487056038575247e-05, 'Sad': 0.001234806957654655, 'Surprised': 2.3049153242027387e-05, 'Unknown': 0.0003741648397408426}","""Very well, small Reynolds, sir."""
SAM,01:40:10,01:40:30,Happy,"{'Angry': 0.00015317805809900165, 'Disgusted': 0.0007988150464370847, 'Fearful': 0.000276679580565542, 'Happy': 0.9940500259399414, 'Neutral': 0.0015914629912003875, 'Other': 0.00024666707031428814, 'Sad': 0.0021022623404860497, 'Surprised': 0.0004696452815551311, 'Unknown': 0.00031130327261053026}","If you would like us to fill out the paperwork. I have about two reams of paperwork for you to fill out, to release them to us, as well. And also there will be court costs involved, oh boy, in triplicate. You'll have to get your supervisor to fill out this one, and I will need this one, and I will need this one, as well--"
MATT,01:40:30,01:40:32,Neutral,"{'Angry': 3.615347168306471e-06, 'Disgusted': 1.5899345271463972e-06, 'Fearful': 6.644528411925421e-07, 'Happy': 3.905997800757177e-05, 'Neutral': 0.9999469518661499, 'Other': 1.8431281034736458e-07, 'Sad': 4.348167294665473e-06, 'Surprised': 3.449906898822519e-06, 'Unknown': 9.061657380016186e-08}","""500 gold's fine, and we'll release them to you. All right? Is that fine?"""
SAM,01:40:32,01:40:36,Neutral,"{'Angry': 0.00014889617159496993, 'Disgusted': 0.0003633720625657588, 'Fearful': 0.00027578629669733346, 'Happy': 0.001969917444512248, 'Neutral': 0.9938509464263916, 'Other': 0.00020887718710582703, 'Sad': 0.00034741905983537436, 'Surprised': 3.934692358598113e-05, 'Unknown': 0.002795511158183217}","Oh, 500 gold. That's fine. And they'll still get to collect their winnings from the pit?"
MATT,01:40:36,01:40:38,Happy,"{'Angry': 0.0026811256539076567, 'Disgusted': 0.01676340028643608, 'Fearful': 0.0056576658971607685, 'Happy': 0.4573580026626587, 'Neutral': 0.36461973190307617, 'Other': 0.00161548366304487, 'Sad': 0.002053679898381233, 'Surprised': 0.040171682834625244, 'Unknown': 0.10907921940088272}","""I don't care what they're going to do, just take them from me!"""
SAM,01:40:38,01:40:46,Neutral,"{'Angry': 0.000599111313931644, 'Disgusted': 0.0021457006223499775, 'Fearful': 0.0005805368418805301, 'Happy': 0.0009169625118374825, 'Neutral': 0.9877558946609497, 'Other': 0.0015519008738920093, 'Sad': 0.0006497629219666123, 'Surprised': 0.0003955913125537336, 'Unknown': 0.005404574330896139}","Great, thank you sir. You know what, I can make this paperwork disappear. This is fine."
LAURA,01:40:46,01:40:49,Neutral,"{'Angry': 1.846275132777464e-08, 'Disgusted': 2.3626336442816864e-08, 'Fearful': 2.8615185776459384e-09, 'Happy': 1.933220659111612e-07, 'Neutral': 0.9999997615814209, 'Other': 4.7149137927249285e-09, 'Sad': 4.603192849117477e-08, 'Surprised': 1.2011100558595444e-08, 'Unknown': 4.265741093689712e-09}","Actually, for a small-- never mind."
TALIESIN,01:40:49,01:40:51,Sad,"{'Angry': 0.0001462517975596711, 'Disgusted': 0.00030457781394943595, 'Fearful': 0.0001572708279127255, 'Happy': 0.0007044851081445813, 'Neutral': 0.05574361979961395, 'Other': 7.71457634982653e-05, 'Sad': 0.9416629672050476, 'Surprised': 0.001201465493068099, 'Unknown': 2.190087343478808e-06}",Just let it go.
LAURA,01:40:51,01:41:00,Happy,"{'Angry': 0.003767811693251133, 'Disgusted': 0.21480117738246918, 'Fearful': 0.00034097713069058955, 'Happy': 0.6571945548057556, 'Neutral': 0.08783235400915146, 'Other': 0.007199706044048071, 'Sad': 0.0005246188957244158, 'Surprised': 0.0007854221039451659, 'Unknown': 0.027553411200642586}","I noped myself on that one. Here you are, 500 gold."
MATT,01:41:00,01:41:12,Happy,"{'Angry': 5.475231773743872e-06, 'Disgusted': 1.186966346722329e-05, 'Fearful': 2.5178620489896275e-05, 'Happy': 0.9993358254432678, 'Neutral': 0.0003357365494593978, 'Other': 5.338372284313664e-05, 'Sad': 0.00021678073971997947, 'Surprised': 9.49003515415825e-06, 'Unknown': 6.112339633546071e-06}","He collects it and ushers over the other Bastion, who comes over and takes off your manacles and escorts you to the door and says, ""However, if I see either of you two causing any trouble anywhere in Vasselheim, it's down to the oubliette you go, you hear me?"""
SAM,01:41:12,01:41:15,Happy,"{'Angry': 4.3861439280590275e-07, 'Disgusted': 8.503151320837787e-07, 'Fearful': 3.5400026376919413e-07, 'Happy': 0.9999871253967285, 'Neutral': 7.539790203736629e-06, 'Other': 1.034114305298317e-07, 'Sad': 2.3030197553453036e-06, 'Surprised': 1.1363714520484791e-06, 'Unknown': 9.498185704615025e-08}",Say that word again? What? Oubliette?
MATT,01:41:15,01:41:22,Happy,"{'Angry': 0.0007343688630498946, 'Disgusted': 0.0020606687758117914, 'Fearful': 0.00034496531588956714, 'Happy': 0.9782480597496033, 'Neutral': 0.01233675330877304, 'Other': 0.0005352737498469651, 'Sad': 0.0010334565304219723, 'Surprised': 0.001478389953263104, 'Unknown': 0.003228072077035904}","""The Amaranthine oub-lie-blah-bloo. What is wrong with me? Get out of here! Run!"" (laughter)"
SAM,01:41:22,01:41:25,Neutral,"{'Angry': 2.7724114559646296e-08, 'Disgusted': 1.635546631462148e-08, 'Fearful': 2.319185066212981e-09, 'Happy': 1.3802065268464503e-07, 'Neutral': 0.9999996423721313, 'Other': 1.2848722974467819e-08, 'Sad': 6.798368445970482e-08, 'Surprised': 2.901573203928365e-09, 'Unknown': 4.712155643460392e-08}",You've been bested. (laughs)
MATT,01:41:25,01:41:41,Happy,"{'Angry': 0.004500817507505417, 'Disgusted': 0.010196882300078869, 'Fearful': 0.0009807107271626592, 'Happy': 0.6182012557983398, 'Neutral': 0.30838340520858765, 'Other': 0.012045752257108688, 'Sad': 0.010012010112404823, 'Surprised': 0.0004126652784179896, 'Unknown': 0.03526640683412552}","You've out-talked the talker as the guard finds himself so flustered by the frustration and anger that he's been caused by this entire strange arrival of individuals, his speech pattern has been muddled, and in frustration shoves both of you out the front door and slams it behind you."
ORION,01:41:41,01:41:43,Angry,"{'Angry': 0.39273157715797424, 'Disgusted': 0.021470418199896812, 'Fearful': 0.0890623927116394, 'Happy': 0.0613577701151371, 'Neutral': 0.002173147862777114, 'Other': 0.3793891370296478, 'Sad': 0.02071712724864483, 'Surprised': 0.01993574947118759, 'Unknown': 0.013162683695554733}","As I leave, he's speaking Draconian!"
SAM,01:41:43,01:41:45,Neutral,"{'Angry': 0.12208104133605957, 'Disgusted': 0.17306417226791382, 'Fearful': 0.01780655048787594, 'Happy': 0.12760120630264282, 'Neutral': 0.4756549000740051, 'Other': 0.0018406294984743, 'Sad': 0.04558061808347702, 'Surprised': 0.034057244658470154, 'Unknown': 0.002313594799488783}",I think he's having an aneurysm.
ORION,01:41:45,01:41:47,Happy,"{'Angry': 0.0013366403291001916, 'Disgusted': 0.0002981465368065983, 'Fearful': 9.594714356353506e-06, 'Happy': 0.9981650710105896, 'Neutral': 1.1810256182798184e-05, 'Other': 2.7075509478891036e-07, 'Sad': 0.0001723472378216684, 'Surprised': 5.842309292347636e-06, 'Unknown': 3.166341571159137e-07}",He's speaking Draconian! I heard him.
LAURA,01:41:47,01:41:51,Neutral,"{'Angry': 0.030368544161319733, 'Disgusted': 0.017686892300844193, 'Fearful': 0.0052383397705852985, 'Happy': 0.14732705056667328, 'Neutral': 0.5269224643707275, 'Other': 0.024079851806163788, 'Sad': 0.007101689465343952, 'Surprised': 0.0038092604372650385, 'Unknown': 0.23746591806411743}",You guys! What were you trying to do? Cast magic?
ORION,01:41:51,01:41:57,Neutral,"{'Angry': 0.00548031460493803, 'Disgusted': 0.0016211355105042458, 'Fearful': 0.0005650351522490382, 'Happy': 0.03494973108172417, 'Neutral': 0.9359360933303833, 'Other': 0.00018840495613403618, 'Sad': 0.001472820877097547, 'Surprised': 0.019223691895604134, 'Unknown': 0.0005627807695418596}","She casted heal and I tried to talk her out of it, and I just got arrested, too."
SAM,01:41:57,01:41:59,Neutral,"{'Angry': 0.0059625678695738316, 'Disgusted': 0.010599842295050621, 'Fearful': 0.011465433984994888, 'Happy': 0.08873181790113449, 'Neutral': 0.6055465936660767, 'Other': 0.004726257640868425, 'Sad': 0.1306595802307129, 'Surprised': 0.0016315748216584325, 'Unknown': 0.1406763643026352}",Thank goodness you are being represented by an Ace Attorney.
ORION,01:41:59,01:42:02,Neutral,"{'Angry': 0.16596588492393494, 'Disgusted': 0.058826547116041183, 'Fearful': 0.016265837475657463, 'Happy': 0.08207906782627106, 'Neutral': 0.5558275580406189, 'Other': 0.0022559058852493763, 'Sad': 0.006954748649150133, 'Surprised': 0.0015315578784793615, 'Unknown': 0.11029286682605743}",Hold it!
LAURA,01:42:02,01:42:10,Neutral,"{'Angry': 1.832652856137429e-07, 'Disgusted': 3.616126207361958e-07, 'Fearful': 9.959400415482378e-08, 'Happy': 8.130630249070236e-07, 'Neutral': 0.9999960660934448, 'Other': 1.0329486599403026e-07, 'Sad': 1.9959093151555862e-06, 'Surprised': 1.472090644938362e-07, 'Unknown': 1.238539795167526e-07}","He won! Let's go get your winnings, because I think that should cover the amount I just spent on getting you out of jail."
MARISHA,01:42:10,01:42:12,Neutral,"{'Angry': 8.873250170651076e-14, 'Disgusted': 2.963899784307858e-15, 'Fearful': 4.834005912672859e-16, 'Happy': 1.1266154160841438e-13, 'Neutral': 1.0, 'Other': 4.029882860433074e-16, 'Sad': 2.408597410061275e-13, 'Surprised': 4.229685788355482e-14, 'Unknown': 1.5594245018283725e-15}",Yes! I'm owed 20 gold!
TRAVIS,01:42:12,01:42:14,Neutral,"{'Angry': 3.344222121448581e-10, 'Disgusted': 2.355958206301523e-10, 'Fearful': 1.5937797956389055e-11, 'Happy': 3.656185132427936e-09, 'Neutral': 1.0, 'Other': 3.750717791906055e-11, 'Sad': 1.0213302426009818e-09, 'Surprised': 4.132076347751479e-10, 'Unknown': 5.599647048132317e-12}","Tiberius, thank you for your efforts. You, as well, Keyleth."
MARISHA,01:42:14,01:42:17,Neutral,"{'Angry': 4.570291025629558e-07, 'Disgusted': 6.152175160423212e-07, 'Fearful': 3.6456239627113973e-07, 'Happy': 4.48804303232464e-06, 'Neutral': 0.9999881982803345, 'Other': 3.1987181614567817e-07, 'Sad': 2.4716564439586364e-06, 'Surprised': 5.040885753260227e-08, 'Unknown': 2.9604432256746804e-06}","Oh, I'm so happy you won, Grog."
TRAVIS,01:42:17,01:42:18,Neutral,"{'Angry': 2.6880682071350748e-06, 'Disgusted': 4.230110334901838e-06, 'Fearful': 1.6840600665091188e-06, 'Happy': 2.757358379312791e-05, 'Neutral': 0.9999532699584961, 'Other': 6.600335495932086e-07, 'Sad': 8.853379767970182e-06, 'Surprised': 3.624309101724066e-07, 'Unknown': 7.314494610000111e-07}",Thank you.
MARISHA,01:42:18,01:42:19,Neutral,"{'Angry': 3.0176330255926587e-05, 'Disgusted': 2.2324600649881177e-05, 'Fearful': 3.7439706375153037e-06, 'Happy': 0.0005033172201365232, 'Neutral': 0.9992043375968933, 'Other': 3.500717639326467e-06, 'Sad': 0.00021556623687501997, 'Surprised': 1.633693500480149e-05, 'Unknown': 8.343099011653976e-07}",So happy.
TRAVIS,01:42:19,01:42:20,Neutral,"{'Angry': 1.1307600189525147e-08, 'Disgusted': 1.0759517721226075e-08, 'Fearful': 4.03842015384015e-10, 'Happy': 6.860059187374645e-08, 'Neutral': 0.9999998807907104, 'Other': 8.024011677321141e-09, 'Sad': 3.35894725367325e-08, 'Surprised': 2.7924129675227505e-09, 'Unknown': 2.4355302219447594e-09}",I'm the champion.
MARISHA,01:42:20,01:42:24,Neutral,"{'Angry': 9.508445145911537e-06, 'Disgusted': 6.741352990502492e-06, 'Fearful': 1.157011070063163e-06, 'Happy': 2.6913645342574455e-05, 'Neutral': 0.9998431205749512, 'Other': 3.3552933018654585e-06, 'Sad': 8.653382246848196e-05, 'Surprised': 4.499537737956416e-07, 'Unknown': 2.2217578589334153e-05}","I wish I could've seen, because I was eating my binder out of stress."
MATT,01:42:24,01:42:40,Neutral,"{'Angry': 0.01144232228398323, 'Disgusted': 0.0018770488677546382, 'Fearful': 0.0005725767696276307, 'Happy': 0.021906539797782898, 'Neutral': 0.9424224495887756, 'Other': 0.0045685055665671825, 'Sad': 0.006467218045145273, 'Surprised': 0.00020258444419596344, 'Unknown': 0.010540774092078209}","As you guys make your way back to the Bellows' Respite Inn, you manage to find the one Bastion who acts as the bookie, who is currently halfway through a very heavy pint and chatting with one of his friends, and you can hear there are stories now. People are retelling the tale of the battle in the Cauldron of the rise of Grog the Victorious."
ORION,01:42:40,01:42:44,Sad,"{'Angry': 2.599190156615805e-05, 'Disgusted': 3.665120675577782e-05, 'Fearful': 0.00011371055006748065, 'Happy': 2.908083115471527e-05, 'Neutral': 0.001445997622795403, 'Other': 2.590092890386586e-06, 'Sad': 0.9982938170433044, 'Surprised': 4.6591962018283084e-05, 'Unknown': 5.448521278594853e-06}","When we're released, I would like to get my winnings back."
MATT,01:42:44,01:42:47,Happy,"{'Angry': 0.0019485402153804898, 'Disgusted': 0.013022971339523792, 'Fearful': 0.0012154029682278633, 'Happy': 0.782304048538208, 'Neutral': 0.17579185962677002, 'Other': 0.0014885662822052836, 'Sad': 0.006447662599384785, 'Surprised': 0.010159149765968323, 'Unknown': 0.007621760480105877}",That's where you guys are going: to the bookie who keeps them.
TRAVIS,01:42:47,01:42:48,Neutral,"{'Angry': 0.0006665618275292218, 'Disgusted': 0.0008244628552347422, 'Fearful': 0.00027147302171215415, 'Happy': 0.0012670900905504823, 'Neutral': 0.96193927526474, 'Other': 2.27472646656679e-05, 'Sad': 0.03393655642867088, 'Surprised': 0.0010533692548051476, 'Unknown': 1.842646270233672e-05}",Are we in the tavern?
MARISHA,01:42:48,01:42:50,Neutral,"{'Angry': 0.0001977969368454069, 'Disgusted': 0.00042744274833239615, 'Fearful': 0.0007724568713456392, 'Happy': 0.0003075265558436513, 'Neutral': 0.9497618079185486, 'Other': 5.232224793871865e-06, 'Sad': 0.04843279346823692, 'Surprised': 6.615632446482778e-05, 'Unknown': 2.871207834687084e-05}","Hey, Grog! They're talking about you."
MATT,01:42:50,01:42:52,Neutral,"{'Angry': 0.0005307240644469857, 'Disgusted': 0.001002797158434987, 'Fearful': 0.0011434078915044665, 'Happy': 0.0020239835139364004, 'Neutral': 0.990568220615387, 'Other': 1.8388507669442333e-05, 'Sad': 0.0016547597479075193, 'Surprised': 0.002995310351252556, 'Unknown': 6.24507520115003e-05}","You guys are now in the Bellows' Respite, yes."
TRAVIS,01:42:52,01:42:56,Neutral,"{'Angry': 5.8441168221179396e-05, 'Disgusted': 3.336444206070155e-05, 'Fearful': 1.1018281838914845e-05, 'Happy': 0.0015126375947147608, 'Neutral': 0.9981961846351624, 'Other': 6.498529728560243e-06, 'Sad': 0.00011883243132615462, 'Surprised': 3.5472701711114496e-05, 'Unknown': 2.753836270130705e-05}",Are there any small lads running about or maybe excited to see me or something?
MATT,01:42:56,01:43:10,Neutral,"{'Angry': 0.0034618645440787077, 'Disgusted': 0.010383701883256435, 'Fearful': 0.0009700186783447862, 'Happy': 0.004964331164956093, 'Neutral': 0.971034049987793, 'Other': 0.0001885075180325657, 'Sad': 0.006563793867826462, 'Surprised': 0.002012836281210184, 'Unknown': 0.00042092392686754465}","As you guys enter the tavern, there is a sudden bit of whispered quiet. ""Shh! There he is!"" And all the tales fall to an end and the place falls quiet as everyone stares at you as you enter. (heavy footstep sounds) Stepping in."
TRAVIS,01:43:10,01:43:12,Surprised,"{'Angry': 0.0062461900524795055, 'Disgusted': 0.002688830019906163, 'Fearful': 0.0004820524191018194, 'Happy': 0.008147655054926872, 'Neutral': 0.4359015226364136, 'Other': 0.00015951154637150466, 'Sad': 0.0012380176922306418, 'Surprised': 0.545009970664978, 'Unknown': 0.0001262196310563013}",Are there any younger men that are--
MATT,01:43:12,01:43:25,Neutral,"{'Angry': 9.738182598084677e-07, 'Disgusted': 5.949073624833545e-07, 'Fearful': 7.995789985670854e-08, 'Happy': 2.640253478602972e-05, 'Neutral': 0.9999701976776123, 'Other': 1.1464400984095846e-07, 'Sad': 1.3203306252762559e-06, 'Surprised': 1.6069999730916606e-07, 'Unknown': 1.4099006762080535e-07}","(shushing noises) There are maybe two men looking like late teens to early twenties who saw the fight and are currently like wide doe-eyed, seeing a hero before them."
TRAVIS,01:43:25,01:43:31,Neutral,"{'Angry': 0.0005946269375272095, 'Disgusted': 0.00021949445363134146, 'Fearful': 0.00011752165301004425, 'Happy': 0.0009354670764878392, 'Neutral': 0.9947298765182495, 'Other': 0.00015931384405121207, 'Sad': 0.002361208200454712, 'Surprised': 2.059717917290982e-05, 'Unknown': 0.0008619060390628874}","I walk over to one of them and I pull out a gold coin and I say, how would you like to make a gold coin, son?"
TALIESIN,01:43:31,01:43:32,Neutral,"{'Angry': 0.013789301738142967, 'Disgusted': 0.017115576192736626, 'Fearful': 0.015646597370505333, 'Happy': 0.005896908696740866, 'Neutral': 0.3924136757850647, 'Other': 0.0001002787976176478, 'Sad': 0.18362276256084442, 'Surprised': 0.3713700771331787, 'Unknown': 4.488266131374985e-05}",Oh boy.
TRAVIS,01:43:32,01:43:34,Neutral,"{'Angry': 2.0220471924403682e-05, 'Disgusted': 2.3243766918312758e-05, 'Fearful': 6.141225185274379e-06, 'Happy': 5.4725907830288634e-05, 'Neutral': 0.9998302459716797, 'Other': 3.1324816518463194e-06, 'Sad': 4.8002028051996604e-05, 'Surprised': 1.1829676623165142e-05, 'Unknown': 2.4500011477357475e-06}",Wait!
MATT,01:43:34,01:43:39,Surprised,"{'Angry': 0.002537683816626668, 'Disgusted': 0.021819131448864937, 'Fearful': 0.0007173044141381979, 'Happy': 0.0018691858276724815, 'Neutral': 0.03443761169910431, 'Other': 0.00018158931925427169, 'Sad': 0.0007520720828324556, 'Surprised': 0.93707674741745, 'Unknown': 0.0006086916546337306}","""From you, Grog the Victorious? Of course! What can I do?"""
TRAVIS,01:43:39,01:43:49,Surprised,"{'Angry': 0.0012626273091882467, 'Disgusted': 0.00042170885717496276, 'Fearful': 0.0005275505245663226, 'Happy': 0.00026465451810508966, 'Neutral': 0.0014949024189263582, 'Other': 5.977266118861735e-05, 'Sad': 0.00024019836564548314, 'Surprised': 0.9956398010253906, 'Unknown': 8.868866279954091e-05}","I reach into the Bag of Holding. I take out the second-place medal, the participant medal, and I go, make sure Kern gets this. (laughter)"
MATT,01:43:49,01:43:53,Happy,"{'Angry': 0.0014614603715017438, 'Disgusted': 0.00858018733561039, 'Fearful': 0.006461851764470339, 'Happy': 0.5829463005065918, 'Neutral': 0.3773091435432434, 'Other': 0.0015182544011622667, 'Sad': 0.004533472005277872, 'Surprised': 0.004627690184861422, 'Unknown': 0.012561595067381859}","He reads it. (chuckles) ""Yes. Yes, indeed. Of course."" And he runs off."
TRAVIS,01:43:53,01:43:57,Neutral,"{'Angry': 2.4683200535946526e-05, 'Disgusted': 1.875472480605822e-05, 'Fearful': 4.324779729358852e-05, 'Happy': 0.00011402255768189207, 'Neutral': 0.9995983242988586, 'Other': 4.397795692057116e-06, 'Sad': 0.00016406382201239467, 'Surprised': 1.668585537117906e-05, 'Unknown': 1.577255898155272e-05}",You sick fucks! (laughter)
SAM,01:43:57,01:44:02,Neutral,"{'Angry': 1.2745606653430386e-11, 'Disgusted': 1.2503703584673675e-12, 'Fearful': 5.000110026541493e-13, 'Happy': 2.357035920608208e-11, 'Neutral': 1.0, 'Other': 1.0006382387180851e-13, 'Sad': 1.0342009887365222e-10, 'Surprised': 6.6896648810710335e-12, 'Unknown': 2.4497304141821163e-13}","Well, I mean, come on. You came into a bar looking for young boys. What was I supposed to think?"
MARISHA,01:44:02,01:44:11,Neutral,"{'Angry': 1.0921086868620478e-05, 'Disgusted': 0.00025872900732792914, 'Fearful': 2.0606097677955404e-05, 'Happy': 7.545344124082476e-05, 'Neutral': 0.9993384480476379, 'Other': 2.299420884810388e-05, 'Sad': 0.00021555098646786064, 'Surprised': 1.640802474867087e-05, 'Unknown': 4.08599225920625e-05}",We're together now. We're not arrested anymore. You don't have to keep doing this. All right! To Grog the Victorious!
ALL,01:44:11,01:44:12,Neutral,"{'Angry': 8.073025128396694e-06, 'Disgusted': 2.7644466626952635e-06, 'Fearful': 8.80817424331326e-07, 'Happy': 3.2430466490041e-06, 'Neutral': 0.99997878074646, 'Other': 1.693070288411036e-07, 'Sad': 1.6407351495217881e-06, 'Surprised': 4.467511189432116e-06, 'Unknown': 5.386555201880583e-08}",To Grog!
MATT,01:44:12,01:44:16,Neutral,"{'Angry': 6.906563794473186e-05, 'Disgusted': 0.00012731603055726737, 'Fearful': 0.0018468807684257627, 'Happy': 0.018031630665063858, 'Neutral': 0.9758867025375366, 'Other': 5.491618867381476e-05, 'Sad': 0.0016308508347719908, 'Surprised': 0.002308986382558942, 'Unknown': 4.364684718893841e-05}",The bookie gives you your coin purse of 20 gold.
MARISHA,01:44:16,01:44:20,Neutral,"{'Angry': 2.0128465560986797e-09, 'Disgusted': 3.0634050851574557e-09, 'Fearful': 1.1125093068997671e-09, 'Happy': 2.7574984073908126e-08, 'Neutral': 1.0, 'Other': 8.379836269334362e-10, 'Sad': 5.086948817734083e-08, 'Surprised': 1.4456624786163275e-09, 'Unknown': 2.8691035658390263e-10}","You guys, this really makes gambling so much fun."
SAM,01:44:20,01:44:22,Neutral,"{'Angry': 1.1059383723477367e-05, 'Disgusted': 8.437688848061953e-06, 'Fearful': 9.25750191527186e-06, 'Happy': 3.346307494211942e-05, 'Neutral': 0.9998990297317505, 'Other': 2.2402641661756206e-06, 'Sad': 3.0465254894807003e-05, 'Surprised': 2.684676474018488e-06, 'Unknown': 3.3288731628999813e-06}",Don't make a habit of it.
MATT,01:44:22,01:44:28,Neutral,"{'Angry': 1.2287021178281066e-08, 'Disgusted': 5.6912877965942243e-08, 'Fearful': 1.3173906410202108e-08, 'Happy': 3.436293027903048e-08, 'Neutral': 0.9999994039535522, 'Other': 1.1426187995766668e-08, 'Sad': 4.391827985728014e-07, 'Surprised': 2.5613479337494027e-08, 'Unknown': 1.2346826894216179e-09}","Tiberius, you get your coin purse of 2,448."
ORION,01:44:28,01:44:29,Neutral,"{'Angry': 4.764090455466885e-09, 'Disgusted': 8.026027620289256e-10, 'Fearful': 3.442706675294005e-10, 'Happy': 7.649649091945321e-08, 'Neutral': 0.9999997615814209, 'Other': 3.84031118016992e-09, 'Sad': 1.582882447337397e-07, 'Surprised': 1.0239246783783074e-08, 'Unknown': 6.53278195428264e-11}","Great, wonderful."
TALIESIN,01:44:29,01:44:31,Sad,"{'Angry': 9.470228405916714e-07, 'Disgusted': 1.8059447029372677e-05, 'Fearful': 1.3664135622093454e-05, 'Happy': 4.8562142183072865e-06, 'Neutral': 4.609117968357168e-05, 'Other': 4.624064615654788e-07, 'Sad': 0.999882698059082, 'Surprised': 3.315058347652666e-05, 'Unknown': 6.060341917191181e-08}",But you owe--
ORION,01:44:31,01:44:33,Neutral,"{'Angry': 0.0002530433121137321, 'Disgusted': 0.00047910859575495124, 'Fearful': 0.00022847196669317782, 'Happy': 0.0010549788130447268, 'Neutral': 0.9888880848884583, 'Other': 9.554322605254129e-05, 'Sad': 0.005713793449103832, 'Surprised': 1.0451698472024873e-05, 'Unknown': 0.003276565345004201}","No, she's paying for that."
"LAURA, TALIESIN",01:44:33,01:44:35,Neutral,"{'Angry': 7.341693617490819e-06, 'Disgusted': 1.517468444944825e-05, 'Fearful': 2.2380695554602426e-06, 'Happy': 0.0024953819811344147, 'Neutral': 0.9972746968269348, 'Other': 2.141646518794005e-06, 'Sad': 8.393682219320908e-05, 'Surprised': 0.00011884111154358834, 'Unknown': 2.592097985143482e-07}",She's got 20 gold.
ORION,01:44:35,01:44:36,Happy,"{'Angry': 5.04889503645245e-05, 'Disgusted': 3.404789822525345e-06, 'Fearful': 5.441904704639455e-07, 'Happy': 0.8145657181739807, 'Neutral': 0.18518789112567902, 'Other': 5.652189116744921e-08, 'Sad': 0.00012868705380242318, 'Surprised': 6.312455661827698e-05, 'Unknown': 3.1021323287916402e-09}",She had other gold.
MARISHA,01:44:36,01:44:39,Neutral,"{'Angry': 1.178163198511245e-13, 'Disgusted': 4.205534253227125e-15, 'Fearful': 7.713029607534048e-16, 'Happy': 1.3952820019161316e-13, 'Neutral': 1.0, 'Other': 6.60425342106192e-16, 'Sad': 4.1088462385090174e-13, 'Surprised': 4.944362722524541e-14, 'Unknown': 2.6070755085739594e-15}",I bought a nice meal for you the other night.
LAURA,01:44:39,01:44:41,Happy,"{'Angry': 0.02083779126405716, 'Disgusted': 0.00034440704621374607, 'Fearful': 8.696201257407665e-05, 'Happy': 0.7615506052970886, 'Neutral': 0.21345865726470947, 'Other': 0.0012783228885382414, 'Sad': 0.0005579955177381635, 'Surprised': 2.373440111114178e-05, 'Unknown': 0.0018615733133628964}",That's true. She bought a couple of nice meals for you.
ORION,01:44:41,01:44:43,Happy,"{'Angry': 0.0005631995154544711, 'Disgusted': 0.0010910230921581388, 'Fearful': 0.0005418388755060732, 'Happy': 0.9592611193656921, 'Neutral': 0.017145520076155663, 'Other': 0.0003909390070475638, 'Sad': 0.000892940501216799, 'Surprised': 3.1326853786595166e-05, 'Unknown': 0.020081985741853714}","Oh, shit! That's right. I'll pay you."
SAM,01:44:43,01:44:44,Neutral,"{'Angry': 0.002974017756059766, 'Disgusted': 0.0014600579161196947, 'Fearful': 0.00013243388093542308, 'Happy': 0.00560340378433466, 'Neutral': 0.9811774492263794, 'Other': 2.7020798370358534e-05, 'Sad': 0.008139359764754772, 'Surprised': 0.0004645624430850148, 'Unknown': 2.1717163690482266e-05}",I lost 100 gold.
ORION,01:44:44,01:44:45,Neutral,"{'Angry': 4.040030809893125e-10, 'Disgusted': 2.0739335249153612e-10, 'Fearful': 8.149338842633469e-11, 'Happy': 1.1338004979322136e-09, 'Neutral': 1.0, 'Other': 5.1447644755509003e-11, 'Sad': 4.015189070116776e-09, 'Surprised': 1.3509945939738088e-10, 'Unknown': 8.569740056474373e-11}",What was it? 24?
MATT,01:44:45,01:44:47,Neutral,"{'Angry': 0.026019347831606865, 'Disgusted': 0.003706257790327072, 'Fearful': 0.002779813949018717, 'Happy': 0.06151676923036575, 'Neutral': 0.851537823677063, 'Other': 0.0005500419065356255, 'Sad': 0.04413037374615669, 'Surprised': 0.006817631423473358, 'Unknown': 0.0029420373030006886}","2,448 was the number."
LAURA,01:44:47,01:44:49,Neutral,"{'Angry': 5.182826168237398e-09, 'Disgusted': 3.8837795202084635e-09, 'Fearful': 1.3513533625442165e-09, 'Happy': 5.543833481169713e-08, 'Neutral': 0.9999998807907104, 'Other': 1.2560372741887704e-09, 'Sad': 3.202331200213848e-08, 'Surprised': 9.05815311647018e-10, 'Unknown': 3.1444065129448973e-09}",So I guess I broke even.
TALIESIN,01:44:49,01:44:50,Neutral,"{'Angry': 8.475785628903054e-10, 'Disgusted': 1.9672570517048626e-10, 'Fearful': 8.198510620394117e-11, 'Happy': 8.403802098655433e-09, 'Neutral': 1.0, 'Other': 9.713455040305519e-11, 'Sad': 4.896876237836523e-09, 'Surprised': 9.337063067160756e-11, 'Unknown': 3.6012365312032557e-10}",You still netted a profit.
MATT,01:44:50,01:44:57,Neutral,"{'Angry': 0.0006490304367616773, 'Disgusted': 0.005741244647651911, 'Fearful': 0.004249787889420986, 'Happy': 0.0012767139123752713, 'Neutral': 0.5137143731117249, 'Other': 0.0014321744674816728, 'Sad': 0.4379146695137024, 'Surprised': 3.77892138203606e-05, 'Unknown': 0.03498420491814613}","If you want to take the 500 from that, (mutters quietly) minus 500... 1,948."
SAM,01:44:57,01:44:58,Neutral,"{'Angry': 0.0010889442637562752, 'Disgusted': 0.0010368595831096172, 'Fearful': 6.620246131205931e-05, 'Happy': 0.004775990266352892, 'Neutral': 0.9891835451126099, 'Other': 6.998711614869535e-05, 'Sad': 0.0033001929987221956, 'Surprised': 2.001935354201123e-05, 'Unknown': 0.0004582906258292496}",That fight was amazing.
MARISHA,01:44:58,01:44:59,Neutral,"{'Angry': 0.02169058471918106, 'Disgusted': 0.017930427566170692, 'Fearful': 0.0020350278355181217, 'Happy': 0.08030906319618225, 'Neutral': 0.8223366141319275, 'Other': 0.00012202273501316085, 'Sad': 0.022597065195441246, 'Surprised': 0.032823771238327026, 'Unknown': 0.00015548621013294905}",That was fantastic.
MATT,01:44:59,01:45:22,Neutral,"{'Angry': 3.6055478602747826e-09, 'Disgusted': 1.9271739759574302e-09, 'Fearful': 9.819153268253444e-10, 'Happy': 8.759530878421629e-09, 'Neutral': 1.0, 'Other': 1.0391125460085249e-10, 'Sad': 1.2944908256429244e-08, 'Surprised': 3.7222716020579583e-09, 'Unknown': 3.324673203408679e-09}","I was going to say, as you guys celebrate with a joyous drink of ale here at the Bellows' Respite Inn to celebrate the victory of not Philip, but Grog the Victorious in the Cauldron here in the Braving Grounds of Vasselheim in the northwestern region of the countryside, we will go and take a quick restroom break, return here in about five minutes. See you guys here shortly."
TRAVIS,01:45:22,01:58:18,Neutral,"{'Angry': 6.842308835075528e-07, 'Disgusted': 3.400033392608748e-07, 'Fearful': 3.2933531457501886e-08, 'Happy': 0.0003641810326371342, 'Neutral': 0.9996305704116821, 'Other': 1.282280237546729e-07, 'Sad': 3.8289099393296055e-06, 'Surprised': 2.2358736373462307e-07, 'Unknown': 5.818152715164615e-08}",Yeah! [break]
MATT,01:58:18,01:58:28,Neutral,"{'Angry': 6.556291620718468e-10, 'Disgusted': 3.291326100551828e-10, 'Fearful': 4.271542494715952e-11, 'Happy': 3.807353099460897e-09, 'Neutral': 1.0, 'Other': 1.8842186144674145e-10, 'Sad': 2.568701695793152e-09, 'Surprised': 1.2580626818081697e-10, 'Unknown': 2.400684928627328e-10}","Welcome back, guys. Welcome back! We are returning as the party has finished their celebration, drinking hard through the afternoon, celebrating Grog's victory at the Crucible."
LIAM,01:58:28,01:58:42,Neutral,"{'Angry': 2.9051280825420633e-10, 'Disgusted': 6.529270180077873e-11, 'Fearful': 2.3930673415106796e-11, 'Happy': 4.201041736706657e-09, 'Neutral': 1.0, 'Other': 5.470557600667503e-12, 'Sad': 2.134754151228435e-09, 'Surprised': 2.0627689834018526e-10, 'Unknown': 1.0073954691269815e-11}","Was that amazing, or was that amazing? I've never seen anything like that, at all! Cheers to you, big man."
TRAVIS,01:58:42,01:58:43,Neutral,"{'Angry': 0.00014807544357609004, 'Disgusted': 0.00013075702008791268, 'Fearful': 3.2061404908745317e-06, 'Happy': 0.00024383173149544746, 'Neutral': 0.9992691874504089, 'Other': 5.100436283100862e-06, 'Sad': 0.00018507507047615945, 'Surprised': 1.6475916027047788e-06, 'Unknown': 1.304883789998712e-05}","Thanks, bud."
SAM,01:58:43,01:58:44,Neutral,"{'Angry': 0.00016514489834662527, 'Disgusted': 0.0002666596556082368, 'Fearful': 5.499344115378335e-05, 'Happy': 0.0001262109581148252, 'Neutral': 0.9989653825759888, 'Other': 1.3777813364868052e-05, 'Sad': 0.0003673517785500735, 'Surprised': 2.0857893105130643e-05, 'Unknown': 1.9515015083015896e-05}",L'chaim!
"MARISHA, LAURA",01:58:44,01:58:45,Neutral,"{'Angry': 9.649886578699807e-07, 'Disgusted': 1.5679544276281376e-06, 'Fearful': 1.6406050917794346e-07, 'Happy': 1.5733265172457322e-05, 'Neutral': 0.9999715089797974, 'Other': 1.4732202657796734e-07, 'Sad': 9.449034223507624e-06, 'Surprised': 3.278721578681143e-07, 'Unknown': 6.302077082409596e-08}",Cheers!
ORION,01:58:45,01:58:46,Neutral,"{'Angry': 3.3982171316893073e-06, 'Disgusted': 1.1211827768420335e-06, 'Fearful': 5.523923505279527e-07, 'Happy': 3.7698278902098536e-05, 'Neutral': 0.9999425411224365, 'Other': 2.1000988681407762e-07, 'Sad': 1.1392087799322326e-05, 'Surprised': 3.0578369205613853e-06, 'Unknown': 2.8337328927818817e-08}","I raise my glass of water and cheers, as well."
TRAVIS,01:58:46,01:58:47,Neutral,"{'Angry': 4.2139395271811875e-12, 'Disgusted': 2.1478560032969773e-13, 'Fearful': 4.8021953574046636e-14, 'Happy': 1.0201611257143472e-11, 'Neutral': 1.0, 'Other': 1.0664011821758922e-14, 'Sad': 1.3084495292803311e-11, 'Surprised': 1.3595363983903708e-12, 'Unknown': 4.338206971931345e-14}","Thank you, Tiberius."
MATT,01:58:47,01:58:49,Neutral,"{'Angry': 2.7439738914836198e-05, 'Disgusted': 1.9022256310563534e-05, 'Fearful': 1.7615736851439578e-06, 'Happy': 0.0005934458458796144, 'Neutral': 0.9992857575416565, 'Other': 2.811992317219847e-06, 'Sad': 5.389492434915155e-05, 'Surprised': 1.4061878573556896e-05, 'Unknown': 1.8078095536111505e-06}",Y'all enjoy our applesauce.
TRAVIS,01:58:49,01:58:51,Neutral,"{'Angry': 5.214892406790739e-10, 'Disgusted': 2.842023560933882e-10, 'Fearful': 1.1518304365853993e-10, 'Happy': 1.0969512409531035e-08, 'Neutral': 1.0, 'Other': 4.680458451367109e-11, 'Sad': 4.416270016349699e-09, 'Surprised': 4.243723150665346e-10, 'Unknown': 5.47195830313818e-11}",Or glass of water.
MATT,01:58:51,01:58:53,Neutral,"{'Angry': 9.707556455396116e-05, 'Disgusted': 1.5788213204359636e-05, 'Fearful': 8.18724038254004e-06, 'Happy': 0.00010793998808367178, 'Neutral': 0.999574601650238, 'Other': 9.335941285826266e-05, 'Sad': 5.718698594137095e-05, 'Surprised': 3.8996922739897855e-06, 'Unknown': 4.190421896055341e-05}",Apple juice.
LAURA,01:58:53,01:58:54,Neutral,"{'Angry': 8.47888827593124e-07, 'Disgusted': 9.186094871438399e-07, 'Fearful': 3.405665722766571e-07, 'Happy': 1.1617734344326891e-05, 'Neutral': 0.9999743700027466, 'Other': 5.857860969626927e-07, 'Sad': 2.507862063794164e-06, 'Surprised': 3.931523551159444e-08, 'Unknown': 8.7950620581978e-06}",Good apple juice.
MATT,01:58:54,01:58:55,Neutral,"{'Angry': 1.4820029718976002e-05, 'Disgusted': 1.4864504009892698e-05, 'Fearful': 6.434158308366023e-07, 'Happy': 0.00019013161363545805, 'Neutral': 0.9997604489326477, 'Other': 2.9382626962615177e-06, 'Sad': 1.345352029602509e-05, 'Surprised': 1.3368155578064034e-06, 'Unknown': 1.3294074960867874e-06}",Very good apple juice.
TALIESIN,01:58:55,01:58:58,Neutral,"{'Angry': 1.9666924339079017e-12, 'Disgusted': 6.64360263308815e-14, 'Fearful': 2.0009293294530675e-14, 'Happy': 2.400041537037323e-12, 'Neutral': 1.0, 'Other': 4.288677313263713e-15, 'Sad': 5.344749816338368e-12, 'Surprised': 5.017708254104192e-13, 'Unknown': 3.952378721072507e-14}",Be gentle with that. Apples don't grow on trees.
LIAM,01:58:58,01:59:00,Neutral,"{'Angry': 1.0400875473381976e-11, 'Disgusted': 7.812210622328009e-13, 'Fearful': 2.3029993710677044e-13, 'Happy': 2.3745800464824995e-11, 'Neutral': 1.0, 'Other': 6.592933122183398e-14, 'Sad': 3.583611532520514e-11, 'Surprised': 3.037213709700115e-12, 'Unknown': 5.310471572032849e-13}",This episode of Critical Role brought to you by Mott's!
MATT,01:59:00,01:59:15,Neutral,"{'Angry': 2.2430191384814613e-12, 'Disgusted': 1.0918968230662698e-13, 'Fearful': 3.067682962038312e-14, 'Happy': 2.654228182727425e-12, 'Neutral': 1.0, 'Other': 1.2262456166851985e-14, 'Sad': 6.95777029741107e-12, 'Surprised': 8.297454520342362e-13, 'Unknown': 7.825643209618746e-14}","Mott's Irish apple juice. All right! With that bit of business with the Crucible currently taken care of, the rest of your path is your own. What do you wish to do?"
LAURA,01:59:15,01:59:20,Neutral,"{'Angry': 4.050678588667263e-14, 'Disgusted': 1.314089137831808e-15, 'Fearful': 2.077074340922294e-16, 'Happy': 5.2242200366051095e-14, 'Neutral': 1.0, 'Other': 3.246116127498177e-16, 'Sad': 1.4141492881217244e-13, 'Surprised': 2.1673531770834663e-14, 'Unknown': 8.612978820585692e-16}",(stuttering) Money? Kraghammer?
TALIESIN,01:59:20,01:59:22,Neutral,"{'Angry': 4.80865304172684e-12, 'Disgusted': 2.520551313240499e-13, 'Fearful': 7.40986251849228e-14, 'Happy': 7.067702759849803e-12, 'Neutral': 1.0, 'Other': 1.191782302456968e-14, 'Sad': 1.7931042067820258e-11, 'Surprised': 1.7279926404697998e-12, 'Unknown': 4.657502478849253e-14}",Emon by way of Kraghammer.
MARISHA,01:59:22,01:59:25,Neutral,"{'Angry': 4.1160592445521615e-06, 'Disgusted': 1.1033549753847183e-06, 'Fearful': 4.978577408110141e-07, 'Happy': 1.078340119420318e-05, 'Neutral': 0.9999727010726929, 'Other': 9.794359812076436e-07, 'Sad': 3.5010450574191054e-06, 'Surprised': 7.260091194893903e-08, 'Unknown': 6.133413080533501e-06}",Is there anything else we want to do while we're here?
ORION,01:59:25,01:59:26,Neutral,"{'Angry': 7.747259500590076e-10, 'Disgusted': 1.0589687460260677e-10, 'Fearful': 6.662088936071342e-11, 'Happy': 2.236700780144929e-08, 'Neutral': 1.0, 'Other': 1.2789172498806067e-11, 'Sad': 1.4406149162482507e-08, 'Surprised': 1.0254176396884418e-09, 'Unknown': 3.888858852996169e-12}",No!
MARISHA,01:59:26,01:59:28,Neutral,"{'Angry': 9.177729409781676e-11, 'Disgusted': 8.11925093130439e-12, 'Fearful': 1.1381234496510295e-12, 'Happy': 6.437208405207784e-11, 'Neutral': 1.0, 'Other': 5.297946868536296e-13, 'Sad': 7.246042654784901e-11, 'Surprised': 1.7848135469566984e-10, 'Unknown': 2.2030184480045095e-13}",Are we over this town? Over this city?
TALIESIN,01:59:28,01:59:35,Neutral,"{'Angry': 7.3391834121139254e-06, 'Disgusted': 2.3462125682272017e-05, 'Fearful': 1.8411910787108354e-05, 'Happy': 0.00145200383849442, 'Neutral': 0.9979752898216248, 'Other': 1.74188371602213e-05, 'Sad': 0.0001294537796638906, 'Surprised': 8.740845487409388e-07, 'Unknown': 0.00037575469468720257}",I just need to pick up a little bit of ore on the way out so I can work on making some more ammunition on the way to Kraghammer.
ORION,01:59:35,01:59:45,Neutral,"{'Angry': 6.510717298624513e-08, 'Disgusted': 3.9998067080659894e-08, 'Fearful': 3.9320987355040415e-08, 'Happy': 4.7018019699862634e-07, 'Neutral': 0.9999986886978149, 'Other': 1.925596393448359e-08, 'Sad': 4.900406906926946e-07, 'Surprised': 1.6884857245713647e-07, 'Unknown': 1.7499576898671876e-08}","I like that idea. We could take the airship and you could craft some things. When we do go, I think I might have an idea for our carpet situation."
SAM,01:59:45,01:59:46,Neutral,"{'Angry': 4.613188997470985e-11, 'Disgusted': 5.897036331470318e-12, 'Fearful': 2.005340338229189e-12, 'Happy': 2.2391700993384944e-10, 'Neutral': 1.0, 'Other': 7.728076533743133e-13, 'Sad': 3.31242366868878e-10, 'Surprised': 2.5370204201347057e-11, 'Unknown': 1.6534128666895187e-12}",Oh?!
MARISHA,01:59:46,01:59:47,Neutral,"{'Angry': 7.033246163246076e-08, 'Disgusted': 1.4966286698836484e-07, 'Fearful': 9.758010577343157e-08, 'Happy': 3.312135845590092e-07, 'Neutral': 0.9999897480010986, 'Other': 4.0977248261242494e-08, 'Sad': 9.387956197315361e-06, 'Surprised': 2.8559679066120225e-08, 'Unknown': 1.1076878969618065e-08}",Really?
SAM,01:59:47,01:59:49,Neutral,"{'Angry': 2.2558378987014294e-07, 'Disgusted': 6.294661147876468e-07, 'Fearful': 5.52534942244165e-08, 'Happy': 5.909467290621251e-06, 'Neutral': 0.999984622001648, 'Other': 1.0515591242210576e-07, 'Sad': 8.270953003375325e-06, 'Surprised': 9.984297122400676e-08, 'Unknown': 4.9373653610018664e-08}","Your Wheel of Mending, perhaps?"
ORION,01:59:49,01:59:50,Neutral,"{'Angry': 6.281564157717412e-09, 'Disgusted': 3.316952268406226e-09, 'Fearful': 3.7880545922241993e-10, 'Happy': 2.2771514451846997e-08, 'Neutral': 1.0, 'Other': 2.3194147991123515e-10, 'Sad': 1.4565375572317407e-08, 'Surprised': 1.1714121894712548e-09, 'Unknown': 4.1958503338435094e-10}","No, that didn't work."
LIAM,01:59:50,01:59:51,Neutral,"{'Angry': 1.0869979405470076e-06, 'Disgusted': 5.037675236962968e-07, 'Fearful': 3.291036705377337e-07, 'Happy': 2.9772002108074958e-06, 'Neutral': 0.9999867677688599, 'Other': 5.054530305415028e-08, 'Sad': 7.876139534346294e-06, 'Surprised': 4.58403036418531e-07, 'Unknown': 2.558761913462604e-08}",We tried that. It didn't work.
ORION,01:59:51,02:00:17,Neutral,"{'Angry': 1.1388150839009015e-10, 'Disgusted': 8.913635801688358e-11, 'Fearful': 2.2443340588762517e-11, 'Happy': 3.633734702024327e-10, 'Neutral': 1.0, 'Other': 2.0509396264634105e-11, 'Sad': 1.257288495537523e-09, 'Surprised': 1.1676239142222045e-10, 'Unknown': 2.2072305788656266e-11}","It kept it intact. But when we return to House Thunderbrand, I believe we have a few items that they want. The deal was when we procure certain items, we will be allowed to have certain information and certain-- we didn't explain what we were going to get. But we should return, get our gold, and definitely visit House Thunderbrand."
LAURA,02:00:17,02:00:19,Neutral,"{'Angry': 6.669509996365397e-12, 'Disgusted': 4.777822560329825e-13, 'Fearful': 1.5794822589600133e-13, 'Happy': 1.687887329904214e-11, 'Neutral': 1.0, 'Other': 3.5469125195513457e-14, 'Sad': 4.04416881927272e-11, 'Surprised': 3.4631596635553707e-12, 'Unknown': 1.292020825180082e-13}",Right. 'Cause they have magic things.
ORION,02:00:19,02:00:30,Neutral,"{'Angry': 2.2817977975847503e-13, 'Disgusted': 7.0095212051151864e-15, 'Fearful': 1.5562986326156489e-15, 'Happy': 2.5930386310379916e-13, 'Neutral': 1.0, 'Other': 1.102007652069737e-15, 'Sad': 8.532430946679714e-13, 'Surprised': 8.06620598764983e-14, 'Unknown': 4.985078156343045e-15}",They are strongly arcane. Perhaps they can enchant for what we have procured for them in that venture. And maybe that could be a good way of getting around getting our carpet re-enchanted without costing any coin.
TALIESIN,02:00:30,02:00:31,Neutral,"{'Angry': 0.0002483013377059251, 'Disgusted': 0.00017079243843909353, 'Fearful': 5.8634697779780254e-05, 'Happy': 0.000491545011755079, 'Neutral': 0.9483213424682617, 'Other': 5.545386557059828e-06, 'Sad': 0.05069073289632797, 'Surprised': 7.590908353449777e-06, 'Unknown': 5.476908881973941e-06}",We'll prod that.
LIAM,02:00:31,02:00:35,Neutral,"{'Angry': 2.032977258759061e-11, 'Disgusted': 2.4067341002076414e-12, 'Fearful': 4.501432050458415e-13, 'Happy': 4.267763920040579e-11, 'Neutral': 1.0, 'Other': 2.5438109734973735e-13, 'Sad': 5.271210898327716e-11, 'Surprised': 1.3144277333232424e-11, 'Unknown': 4.495974718823209e-13}",Can they make me unsee my sister's boobies?
LAURA,02:00:35,02:00:41,Neutral,"{'Angry': 9.110075183116351e-08, 'Disgusted': 1.2580935049300024e-07, 'Fearful': 1.5152183507893824e-08, 'Happy': 2.595264732008218e-06, 'Neutral': 0.9999963045120239, 'Other': 1.251169123861473e-07, 'Sad': 3.1383410714624915e-07, 'Surprised': 6.723805068276079e-09, 'Unknown': 3.477111647498532e-07}","You didn't see them! You were behind me, so shut up. What are you doing all the way over there, anyway?"
SAM,02:00:41,02:00:42,Neutral,"{'Angry': 0.004883619956672192, 'Disgusted': 0.012772461399435997, 'Fearful': 7.187751907622442e-05, 'Happy': 0.010103965178132057, 'Neutral': 0.970255434513092, 'Other': 8.532979700248688e-05, 'Sad': 0.001239080331288278, 'Surprised': 0.0005566860781982541, 'Unknown': 3.156534512527287e-05}",I saw them. I saw them!
ORION,02:00:42,02:00:44,Neutral,"{'Angry': 5.687595394654466e-10, 'Disgusted': 6.118854034564691e-11, 'Fearful': 1.382306508840303e-11, 'Happy': 3.7527541074666715e-09, 'Neutral': 1.0, 'Other': 9.44448512452123e-13, 'Sad': 1.9790415972664732e-09, 'Surprised': 2.5412738580143923e-10, 'Unknown': 8.136253715033959e-13}",Scanlan? When you describe them to me?
SAM,02:00:44,02:00:46,Neutral,"{'Angry': 0.00012420929851941764, 'Disgusted': 0.0002464140416122973, 'Fearful': 1.7253298210562207e-05, 'Happy': 0.00428004190325737, 'Neutral': 0.9944869875907898, 'Other': 5.6044606026262045e-05, 'Sad': 0.0003951414255425334, 'Surprised': 0.00038454111199826, 'Unknown': 9.237191989086568e-06}",I will draw them in great detail.
ORION,02:00:46,02:00:47,Neutral,"{'Angry': 0.0001426000235369429, 'Disgusted': 0.0012232860317453742, 'Fearful': 2.3417936972691678e-05, 'Happy': 0.24045947194099426, 'Neutral': 0.7266320586204529, 'Other': 0.004102228209376335, 'Sad': 9.473236423218623e-05, 'Surprised': 0.02697673626244068, 'Unknown': 0.00034552544821053743}",Thank you.
MARISHA,02:00:47,02:00:48,Neutral,"{'Angry': 9.43034392548725e-05, 'Disgusted': 0.000766702345572412, 'Fearful': 1.3452759958454408e-05, 'Happy': 0.00015449848433490843, 'Neutral': 0.998818576335907, 'Other': 1.6874393622856587e-05, 'Sad': 3.6979305150453e-05, 'Surprised': 8.650057134218514e-05, 'Unknown': 1.1973500477324706e-05}","I wasn't there, either!"
LAURA,02:00:48,02:00:49,Neutral,"{'Angry': 4.627502547815965e-10, 'Disgusted': 8.753876790112969e-11, 'Fearful': 3.842946100229838e-11, 'Happy': 1.1530267851611598e-09, 'Neutral': 1.0, 'Other': 1.497197678335116e-11, 'Sad': 1.233948943024643e-09, 'Surprised': 1.8326956618963663e-10, 'Unknown': 4.493004232553055e-11}",How about no?
TALIESIN,02:00:49,02:00:57,Neutral,"{'Angry': 3.273957815963513e-08, 'Disgusted': 6.253015527590833e-08, 'Fearful': 1.7851062850127164e-08, 'Happy': 1.938388436428795e-07, 'Neutral': 0.9999990463256836, 'Other': 2.5791573321498618e-08, 'Sad': 5.737567221331119e-07, 'Surprised': 7.0777974592317605e-09, 'Unknown': 8.709181997801352e-08}",In great details of the internet. Just saying. I went there. It was already there.
LAURA,02:00:57,02:01:02,Neutral,"{'Angry': 0.00027467464678920805, 'Disgusted': 0.0008678864105604589, 'Fearful': 0.00010362174361944199, 'Happy': 0.0034864991903305054, 'Neutral': 0.9910502433776855, 'Other': 0.00047663316945545375, 'Sad': 0.00026074014022015035, 'Surprised': 0.002654073992744088, 'Unknown': 0.0008255763095803559}",I was caught up in a moment of passion! I'm sorry!
TALIESIN,02:01:02,02:01:04,Neutral,"{'Angry': 4.878887921222486e-06, 'Disgusted': 1.3225438124209177e-05, 'Fearful': 2.0852887701039435e-06, 'Happy': 0.00012126746878493577, 'Neutral': 0.999816358089447, 'Other': 6.800241408200236e-06, 'Sad': 5.640835297526792e-06, 'Surprised': 2.521853821235709e-05, 'Unknown': 4.522797553363489e-06}",Too late!
SAM,02:01:04,02:01:07,Neutral,"{'Angry': 6.966738874325529e-05, 'Disgusted': 0.0029871484730392694, 'Fearful': 0.0001751165691530332, 'Happy': 0.00010987879795720801, 'Neutral': 0.9958867430686951, 'Other': 0.00020704499911516905, 'Sad': 0.00042411021422594786, 'Surprised': 5.685745054506697e-05, 'Unknown': 8.346193499164656e-05}","She would do anything for you, Grog!"
LAURA,02:01:07,02:01:09,Neutral,"{'Angry': 0.00014557118993252516, 'Disgusted': 0.00023448772844858468, 'Fearful': 6.14631426287815e-05, 'Happy': 0.004082939121872187, 'Neutral': 0.9948275685310364, 'Other': 3.6227069358574226e-05, 'Sad': 0.00020314248104114085, 'Surprised': 0.0003502383769955486, 'Unknown': 5.8354195061838254e-05}",Anything for you and for the 600 gold that that I put on your fight.
SAM,02:01:09,02:01:11,Surprised,"{'Angry': 7.703592928010039e-06, 'Disgusted': 8.54285008244915e-06, 'Fearful': 5.6806734392012e-06, 'Happy': 6.4561449107714e-05, 'Neutral': 7.74580767028965e-05, 'Other': 3.7963257000228623e-06, 'Sad': 4.549881396087585e-06, 'Surprised': 0.9998273253440857, 'Unknown': 3.2002475336412317e-07}","Oh, it was for the money!"
LIAM,02:01:11,02:01:15,Neutral,"{'Angry': 1.0476371244294569e-05, 'Disgusted': 7.043624918878777e-06, 'Fearful': 4.057176283822628e-06, 'Happy': 0.0015570058021694422, 'Neutral': 0.9983691573143005, 'Other': 1.5254803429343156e-06, 'Sad': 2.9689716029679403e-05, 'Surprised': 1.9073258954449557e-05, 'Unknown': 1.9483743471937487e-06}","Listen, I was right there. There was no other way around that situation."
TALIESIN,02:01:15,02:01:17,Neutral,"{'Angry': 0.017162205651402473, 'Disgusted': 0.011195656843483448, 'Fearful': 0.014458098448812962, 'Happy': 0.14818675816059113, 'Neutral': 0.6708329916000366, 'Other': 0.0005147495539858937, 'Sad': 0.014417482540011406, 'Surprised': 0.1217147707939148, 'Unknown': 0.001517329248599708}",You did what you had to.
SAM,02:01:17,02:01:21,Happy,"{'Angry': 2.2738058760296553e-06, 'Disgusted': 5.844260158482939e-06, 'Fearful': 1.530940062366426e-05, 'Happy': 0.9999125003814697, 'Neutral': 1.050227820087457e-05, 'Other': 1.8056807675748132e-06, 'Sad': 3.611702413763851e-05, 'Surprised': 1.467079437134089e-05, 'Unknown': 1.046559873429942e-06}","Listen. I would show any part of me for, like, two gold."
TRAVIS,02:01:21,02:01:23,Happy,"{'Angry': 2.853264413715806e-05, 'Disgusted': 0.00011797377374023199, 'Fearful': 0.00013821803440805525, 'Happy': 0.9989596605300903, 'Neutral': 0.00032699128496460617, 'Other': 1.8847345927497372e-05, 'Sad': 0.00018367879965808243, 'Surprised': 0.00022278590768110007, 'Unknown': 3.3074384191422723e-06}",Here's two gold.
SAM,02:01:23,02:01:26,Happy,"{'Angry': 0.0004879553453065455, 'Disgusted': 0.0015414459630846977, 'Fearful': 0.000783192808739841, 'Happy': 0.9421049356460571, 'Neutral': 0.025665171444416046, 'Other': 0.0003433885576669127, 'Sad': 0.0005802924861200154, 'Surprised': 7.957413617987186e-05, 'Unknown': 0.028413986787199974}","Here, take a look at my third nipple!"
LAURA,02:01:26,02:01:28,Neutral,"{'Angry': 7.407130033243448e-05, 'Disgusted': 6.929692608537152e-05, 'Fearful': 1.5743489711894654e-05, 'Happy': 0.00019599453662522137, 'Neutral': 0.9991747736930847, 'Other': 4.909888230031356e-05, 'Sad': 9.100565512198955e-05, 'Surprised': 2.953097009594785e-06, 'Unknown': 0.00032709978404454887}",On your body?
SAM,02:01:28,02:01:31,Neutral,"{'Angry': 0.0025450473185628653, 'Disgusted': 0.0016400108579546213, 'Fearful': 0.0007720292778685689, 'Happy': 0.17454470694065094, 'Neutral': 0.5913294553756714, 'Other': 0.006092365365475416, 'Sad': 0.0012656509643420577, 'Surprised': 0.20518189668655396, 'Unknown': 0.016628801822662354}","It can be wherever I put it, really. It's magical."
ORION,02:01:31,02:01:34,Happy,"{'Angry': 0.00011938195530092344, 'Disgusted': 0.00016723728913348168, 'Fearful': 8.920921391109005e-05, 'Happy': 0.9817995429039001, 'Neutral': 0.017192017287015915, 'Other': 1.2766467079927679e-05, 'Sad': 0.00043848343193531036, 'Surprised': 0.00010927618859568611, 'Unknown': 7.201180414995179e-05}",It's a piece of gum!
LIAM,02:01:34,02:01:39,Neutral,"{'Angry': 1.4345534964377293e-06, 'Disgusted': 1.8567158122095861e-06, 'Fearful': 6.699786467834201e-07, 'Happy': 1.145361329690786e-05, 'Neutral': 0.9999805688858032, 'Other': 9.138181553680624e-07, 'Sad': 1.893787498374877e-06, 'Surprised': 6.165466857055435e-07, 'Unknown': 6.003479597893602e-07}",I have no idea what's going on.
SAM,02:01:39,02:01:42,Happy,"{'Angry': 0.0002264419017592445, 'Disgusted': 0.003259866265580058, 'Fearful': 0.0002275389852002263, 'Happy': 0.6509705185890198, 'Neutral': 0.001024017808958888, 'Other': 0.0031940583139657974, 'Sad': 0.00035332568222656846, 'Surprised': 0.34044426679611206, 'Unknown': 0.0002999998105224222}",We're all together. That's what's going on.
MARISHA,02:01:42,02:01:44,Neutral,"{'Angry': 5.027979113947367e-06, 'Disgusted': 1.2341472938715015e-05, 'Fearful': 1.5931896996335126e-05, 'Happy': 5.102832074044272e-05, 'Neutral': 0.99978107213974, 'Other': 2.295710828548181e-06, 'Sad': 0.00012187592074042186, 'Surprised': 8.622410859970842e-06, 'Unknown': 1.8671580619411543e-06}",I love this tavern.
ORION,02:01:44,02:01:48,Neutral,"{'Angry': 4.923931262723613e-10, 'Disgusted': 6.960046428083899e-10, 'Fearful': 3.353840122288787e-11, 'Happy': 3.4958502759252497e-09, 'Neutral': 1.0, 'Other': 2.4071853885199168e-11, 'Sad': 3.696264405661509e-09, 'Surprised': 4.956590693439011e-10, 'Unknown': 8.32616961488064e-12}",What is closer to Kraghammer? Emon? Or where we're from?
TALIESIN,02:01:48,02:01:51,Neutral,"{'Angry': 5.760949989053188e-06, 'Disgusted': 4.37985863754875e-06, 'Fearful': 2.563141379141598e-06, 'Happy': 4.427497333381325e-05, 'Neutral': 0.9999247789382935, 'Other': 8.79287654242944e-07, 'Sad': 8.224383236665744e-06, 'Surprised': 8.395189070142806e-06, 'Unknown': 8.384030820707267e-07}",It's halfway. I think Kraghammer is in between us and Emon.
MATT,02:01:51,02:02:01,Neutral,"{'Angry': 0.00020190088253002614, 'Disgusted': 1.609770151844714e-05, 'Fearful': 1.528056259303412e-06, 'Happy': 4.255318708601408e-05, 'Neutral': 0.999687910079956, 'Other': 7.533150437666336e-06, 'Sad': 2.7202735509490594e-05, 'Surprised': 2.8652420951402746e-06, 'Unknown': 1.2509958651207853e-05}","No. Actually, from where you guys are currently, across the Ozmit Sea is Emon, which is the port city in Tal'Dorei, and then Kraghammer is maybe two days' travel."
LAURA,02:02:01,02:02:03,Neutral,"{'Angry': 6.06757021159865e-06, 'Disgusted': 8.06043601642159e-07, 'Fearful': 3.312210594685894e-07, 'Happy': 3.447972994763404e-05, 'Neutral': 0.9999532699584961, 'Other': 7.022892418717674e-07, 'Sad': 2.4108239813358523e-06, 'Surprised': 2.4180155833164463e-07, 'Unknown': 1.7143690911325393e-06}",So we gotta stop into Emon first.
ORION,02:02:03,02:02:04,Angry,"{'Angry': 0.542078971862793, 'Disgusted': 0.02274075709283352, 'Fearful': 0.09705907106399536, 'Happy': 0.026136035099625587, 'Neutral': 0.17056536674499512, 'Other': 0.001384866307489574, 'Sad': 0.03528067469596863, 'Surprised': 0.10430137068033218, 'Unknown': 0.00045285478699952364}","Oh, that's fine. Are we all ready to go?"
MARISHA,02:02:04,02:02:05,Neutral,"{'Angry': 0.001182949636131525, 'Disgusted': 0.0005483569693751633, 'Fearful': 0.00013603900151792914, 'Happy': 0.004267965909093618, 'Neutral': 0.9912824630737305, 'Other': 3.9817132346797734e-05, 'Sad': 0.0021691557485610247, 'Surprised': 0.0003558250027708709, 'Unknown': 1.742802487569861e-05}",What time is it?
MATT,02:02:05,02:02:09,Neutral,"{'Angry': 5.994444052248582e-08, 'Disgusted': 1.2434838048136498e-08, 'Fearful': 8.800327133684505e-10, 'Happy': 1.1004884754584054e-06, 'Neutral': 0.9999988079071045, 'Other': 1.03119834893306e-09, 'Sad': 3.053008512665656e-08, 'Surprised': 9.50575795855002e-09, 'Unknown': 9.225565866799457e-10}","By now, I'd say it's probably 1:00 in the afternoon, since that fight's happened."
MARISHA,02:02:09,02:02:10,Neutral,"{'Angry': 0.065965436398983, 'Disgusted': 0.020117247477173805, 'Fearful': 0.0012757302029058337, 'Happy': 0.023315299302339554, 'Neutral': 0.8680303692817688, 'Other': 0.00010657889652065933, 'Sad': 0.010763656347990036, 'Surprised': 0.010308681055903435, 'Unknown': 0.0001170276736957021}","Y'all, we're day drunk!"
ORION,02:02:10,02:02:11,Neutral,"{'Angry': 0.008494322188198566, 'Disgusted': 0.00018539313168730587, 'Fearful': 4.2851628677453846e-05, 'Happy': 0.12102687358856201, 'Neutral': 0.8645970821380615, 'Other': 1.9150802472722717e-05, 'Sad': 0.0049332971684634686, 'Surprised': 0.0006969991372898221, 'Unknown': 4.042296950501623e-06}",Are we ready to go?
TRAVIS,02:02:11,02:02:13,Neutral,"{'Angry': 2.7987809552570964e-12, 'Disgusted': 1.3114613832843763e-13, 'Fearful': 3.517807112230972e-14, 'Happy': 3.731072742430008e-12, 'Neutral': 1.0, 'Other': 1.0113791924716738e-14, 'Sad': 8.160315305427712e-12, 'Surprised': 8.331280001820651e-13, 'Unknown': 8.461537948176862e-14}","We're getting ore, right?"
MARISHA,02:02:13,02:02:15,Neutral,"{'Angry': 7.845348502788507e-12, 'Disgusted': 4.147791593696326e-13, 'Fearful': 1.0199440847024482e-13, 'Happy': 2.0242443138362987e-11, 'Neutral': 1.0, 'Other': 4.148794141892696e-14, 'Sad': 2.1304770447816423e-11, 'Surprised': 2.3620840526594744e-12, 'Unknown': 1.9458485387216506e-13}","We're celebrating Grog, right?"
TRAVIS,02:02:15,02:02:16,Neutral,"{'Angry': 7.334365753619565e-11, 'Disgusted': 7.212092468372733e-12, 'Fearful': 1.259518747978583e-12, 'Happy': 4.91216844977771e-10, 'Neutral': 1.0, 'Other': 3.17674814405422e-13, 'Sad': 3.0385033378266257e-10, 'Surprised': 2.1833137728299867e-11, 'Unknown': 7.362165889944483e-13}",Doesn't Percy want ore?
TALIESIN,02:02:16,02:02:20,Neutral,"{'Angry': 2.88734435666127e-11, 'Disgusted': 3.9005439503303485e-12, 'Fearful': 7.952235332904511e-13, 'Happy': 6.748684944213323e-11, 'Neutral': 1.0, 'Other': 5.427092152412993e-13, 'Sad': 1.0664765598411563e-10, 'Surprised': 8.383904681608101e-12, 'Unknown': 2.145105924486468e-12}",It's not hard to get a little bit of ore. I'm just going to pick up some.
ORION,02:02:20,02:02:25,Neutral,"{'Angry': 1.5259760469121808e-11, 'Disgusted': 1.9995882120232844e-12, 'Fearful': 5.966090794139178e-13, 'Happy': 2.2381496656009858e-10, 'Neutral': 1.0, 'Other': 1.1987818778012166e-13, 'Sad': 1.383248793285219e-10, 'Surprised': 8.7898100256667e-12, 'Unknown': 4.124809760246151e-13}","After that, are we ready to go?"
SAM,02:02:25,02:02:37,Neutral,"{'Angry': 1.2413134409250404e-10, 'Disgusted': 1.0579748882522111e-11, 'Fearful': 2.906582743586461e-12, 'Happy': 7.403577195752575e-10, 'Neutral': 1.0, 'Other': 4.019739998761124e-13, 'Sad': 2.347959882076367e-10, 'Surprised': 8.331352274737469e-11, 'Unknown': 3.6048958956813593e-12}","Well, maybe. There's two more things that I have unanswered questions for. First of all, you said we were going to stop on the way to get a new carpet or to get our carpet repaired?"
ORION,02:02:37,02:02:41,Neutral,"{'Angry': 3.903243850800209e-05, 'Disgusted': 2.530416713852901e-05, 'Fearful': 1.4440632867263048e-06, 'Happy': 0.013065568171441555, 'Neutral': 0.9867503046989441, 'Other': 1.2974662240594625e-05, 'Sad': 3.3795808121794835e-05, 'Surprised': 9.699975862531574e-07, 'Unknown': 7.062928489176556e-05}","We need to go to Kraghammer to collect our 30,000 gold waiting for us."
LAURA,02:02:41,02:02:42,Surprised,"{'Angry': 0.006835800129920244, 'Disgusted': 0.007864050567150116, 'Fearful': 0.0039998991414904594, 'Happy': 0.009428763762116432, 'Neutral': 0.09172269701957703, 'Other': 4.7889781853882596e-05, 'Sad': 0.0040997909381985664, 'Surprised': 0.8759551644325256, 'Unknown': 4.592791447066702e-05}","25,000."
ORION,02:02:42,02:03:00,Happy,"{'Angry': 1.4718738157171174e-06, 'Disgusted': 6.573603059223387e-06, 'Fearful': 2.8807780836359598e-06, 'Happy': 0.9999579191207886, 'Neutral': 5.484384928422514e-06, 'Other': 3.672447064673179e-06, 'Sad': 3.900927822542144e-06, 'Surprised': 4.1490145008538093e-07, 'Unknown': 1.77300171344541e-05}","25,000, sorry. While we're there, House Thunderbrand. We've procured a few items, or at least one, while we were down in the Underdark. We should return there and talk to them and perhaps in exchange for gold, perhaps have them enchant the carpet to fly again."
SAM,02:03:00,02:03:14,Neutral,"{'Angry': 7.773353494092486e-14, 'Disgusted': 3.2939050911075544e-15, 'Fearful': 5.363835609092265e-16, 'Happy': 1.0302322146424348e-13, 'Neutral': 1.0, 'Other': 7.329481442314276e-16, 'Sad': 2.694220714583029e-13, 'Surprised': 4.182817422504828e-14, 'Unknown': 2.509869795788819e-15}","That is a smart idea. That's great. Before we leave though, does anyone have a nagging, tugging feeling about that cloaked human who praised your performance? Should we investigate that at all?"
TRAVIS,02:03:14,02:03:17,Neutral,"{'Angry': 0.002187049947679043, 'Disgusted': 0.008442189544439316, 'Fearful': 0.010987738147377968, 'Happy': 0.1303769052028656, 'Neutral': 0.7611724734306335, 'Other': 0.0042232791893184185, 'Sad': 0.03764404356479645, 'Surprised': 0.029922930523753166, 'Unknown': 0.015043407678604126}",He had a lovely beard!
SAM,02:03:17,02:03:22,Neutral,"{'Angry': 0.0002392439782852307, 'Disgusted': 0.0005483616259880364, 'Fearful': 0.0001943235838552937, 'Happy': 0.0035653829108923674, 'Neutral': 0.9824230670928955, 'Other': 2.885474168579094e-05, 'Sad': 0.0007731877849437296, 'Surprised': 0.012174181640148163, 'Unknown': 5.347967453417368e-05}","Well, that makes something. Could we at least find out who he was before we leave town?"
LAURA,02:03:22,02:03:24,Surprised,"{'Angry': 0.004679900594055653, 'Disgusted': 0.0008858132059685886, 'Fearful': 0.0016602949472144246, 'Happy': 0.003918400499969721, 'Neutral': 0.3552379906177521, 'Other': 0.0008115572854876518, 'Sad': 0.019195478409528732, 'Surprised': 0.6135858297348022, 'Unknown': 2.475873588991817e-05}","Oh, bartender!"
MATT,02:03:24,02:03:32,Neutral,"{'Angry': 3.720972098150699e-13, 'Disgusted': 1.2519584029419342e-14, 'Fearful': 2.954845849134657e-15, 'Happy': 4.3842178693888345e-13, 'Neutral': 1.0, 'Other': 1.7120134638697352e-15, 'Sad': 1.3934503507659346e-12, 'Surprised': 1.3220473977712532e-13, 'Unknown': 8.82584868226342e-15}","At which point, you see off to the side Once-Lucky Ned, the barkeep, looks over. ""Yes, yes? You have a question?"""
LAURA,02:03:32,02:03:37,Neutral,"{'Angry': 3.835494747327084e-13, 'Disgusted': 1.2275466592921811e-14, 'Fearful': 2.8714173389948446e-15, 'Happy': 4.4505759212547236e-13, 'Neutral': 1.0, 'Other': 1.5539140231108912e-15, 'Sad': 1.4406533691696533e-12, 'Surprised': 1.2229247562528522e-13, 'Unknown': 8.409741205825903e-15}","Yes. That bearded, hooded gentleman at the end of the fight, yeah?"
MATT,02:03:37,02:03:41,Neutral,"{'Angry': 0.07044153660535812, 'Disgusted': 0.004796631168574095, 'Fearful': 0.0009519124287180603, 'Happy': 0.198564812541008, 'Neutral': 0.6235294938087463, 'Other': 0.004658861085772514, 'Sad': 0.0906529650092125, 'Surprised': 0.0029566313605755568, 'Unknown': 0.0034472071565687656}","Thinks for a second. ""Oh, you mean--"""
LAURA,02:03:41,02:03:43,Neutral,"{'Angry': 1.2182062469889843e-08, 'Disgusted': 1.683131500840318e-08, 'Fearful': 1.1711084546561779e-08, 'Happy': 1.661374824379891e-07, 'Neutral': 0.9999996423721313, 'Other': 8.983104926585384e-09, 'Sad': 9.709243187216998e-08, 'Surprised': 5.175436079696283e-09, 'Unknown': 4.5702190476504256e-08}",The one that everyone was quiet for.
MARISHA,02:03:43,02:03:44,Neutral,"{'Angry': 0.003428674302995205, 'Disgusted': 0.025245338678359985, 'Fearful': 0.004216424189507961, 'Happy': 0.011312341317534447, 'Neutral': 0.5478559136390686, 'Other': 4.7299032303271815e-05, 'Sad': 0.4056200683116913, 'Surprised': 0.0022394564002752304, 'Unknown': 3.442498928052373e-05}",The red and gold robes.
LAURA,02:03:44,02:03:47,Neutral,"{'Angry': 4.005808542945771e-14, 'Disgusted': 1.6210377842907687e-15, 'Fearful': 2.442010545312929e-16, 'Happy': 5.229783349002676e-14, 'Neutral': 1.0, 'Other': 4.610142516251836e-16, 'Sad': 1.321573330371334e-13, 'Surprised': 2.4921208556538156e-14, 'Unknown': 1.2495006521421811e-15}",What? Who? Who is he?
MATT,02:03:47,02:03:49,Neutral,"{'Angry': 2.8425220510719384e-10, 'Disgusted': 3.770861678464854e-10, 'Fearful': 5.154881729807492e-11, 'Happy': 1.7625004788968113e-09, 'Neutral': 1.0, 'Other': 1.1323000870255839e-10, 'Sad': 1.8865928819167266e-09, 'Surprised': 9.869360884096068e-10, 'Unknown': 8.218331570830628e-11}","""You're certainly not from around here, are you?"""
LAURA,02:03:49,02:03:50,Neutral,"{'Angry': 0.0013501731446012855, 'Disgusted': 0.008204524405300617, 'Fearful': 3.9506281609646976e-05, 'Happy': 0.018152562901377678, 'Neutral': 0.9708943963050842, 'Other': 4.450184860615991e-05, 'Sad': 0.0007190115284174681, 'Surprised': 0.0005800522048957646, 'Unknown': 1.5168088793870993e-05}",I'm not.
MATT,02:03:50,02:03:55,Neutral,"{'Angry': 0.00015411118511110544, 'Disgusted': 0.00010861571354325861, 'Fearful': 4.574848207994364e-05, 'Happy': 0.0037491009570658207, 'Neutral': 0.9947624802589417, 'Other': 0.00013104267418384552, 'Sad': 0.00021291371376719326, 'Surprised': 1.975740997295361e-05, 'Unknown': 0.0008163244929164648}","Looks around. ""That was Earthbreaker Groon."""
SAM,02:03:55,02:03:56,Neutral,"{'Angry': 0.005787065718322992, 'Disgusted': 0.002286364557221532, 'Fearful': 0.00036270663258619606, 'Happy': 0.016214942559599876, 'Neutral': 0.9685368537902832, 'Other': 5.221765604801476e-05, 'Sad': 0.002606836147606373, 'Surprised': 0.004080221988260746, 'Unknown': 7.281632133526728e-05}",Earthbaker Groon?
MATT,02:03:56,02:03:57,Neutral,"{'Angry': 1.4484120583801996e-05, 'Disgusted': 1.737805905577261e-05, 'Fearful': 5.062730997451581e-05, 'Happy': 3.025644036824815e-05, 'Neutral': 0.9995808005332947, 'Other': 1.880295371847751e-06, 'Sad': 0.00020494968339335173, 'Surprised': 9.787794988369569e-05, 'Unknown': 1.775138457560388e-06}","""Earthbreaker Groon."""
ALL,02:03:57,02:04:00,Neutral,"{'Angry': 5.610615704670918e-12, 'Disgusted': 6.277575030980143e-13, 'Fearful': 1.601664899883795e-13, 'Happy': 1.606672260512365e-11, 'Neutral': 1.0, 'Other': 8.574075423175426e-14, 'Sad': 2.953668559735334e-11, 'Surprised': 2.4893680866666656e-12, 'Unknown': 3.2017736985995304e-13}",Earthbreaker Groon.
TRAVIS,02:04:00,02:04:02,Neutral,"{'Angry': 2.1652545001416001e-07, 'Disgusted': 1.8008083202403213e-07, 'Fearful': 4.8606267455397756e-08, 'Happy': 2.9424720082715794e-07, 'Neutral': 0.9999985694885254, 'Other': 2.3442940033646664e-08, 'Sad': 5.189546072870144e-07, 'Surprised': 1.214050087128271e-07, 'Unknown': 4.729193037178447e-09}",That's a great name!
ORION,02:04:02,02:04:03,Happy,"{'Angry': 3.151455629790689e-08, 'Disgusted': 1.2468480292682216e-07, 'Fearful': 2.0022443436573667e-07, 'Happy': 0.9999992847442627, 'Neutral': 5.493976829029634e-08, 'Other': 1.1830208990204483e-07, 'Sad': 7.316432260040528e-08, 'Surprised': 1.533452476110142e-08, 'Unknown': 8.293228859201918e-08}",Where does he hail from?
MATT,02:04:03,02:04:08,Neutral,"{'Angry': 2.0174336157197104e-07, 'Disgusted': 3.018866436832468e-07, 'Fearful': 8.096861847661785e-07, 'Happy': 3.098087972830399e-07, 'Neutral': 0.9999903440475464, 'Other': 8.503239712354116e-08, 'Sad': 7.421709597110748e-06, 'Surprised': 4.995863491785713e-07, 'Unknown': 1.6259516399941276e-08}","""He's the Dawn Marshal of the entirety of these here Braving Grounds."""
MARISHA,02:04:08,02:04:11,Neutral,"{'Angry': 8.629136516447034e-08, 'Disgusted': 6.59823058413167e-08, 'Fearful': 2.063119453055151e-08, 'Happy': 4.023693691124208e-06, 'Neutral': 0.999995231628418, 'Other': 4.794783237116462e-08, 'Sad': 3.006888107393024e-07, 'Surprised': 8.388900241129704e-09, 'Unknown': 1.8303073545666848e-07}",Dawn Marshal?
MATT,02:04:11,02:04:30,Neutral,"{'Angry': 6.245940396831795e-12, 'Disgusted': 5.368173353753614e-13, 'Fearful': 1.7169891810414617e-13, 'Happy': 1.3830713484208612e-11, 'Neutral': 1.0, 'Other': 7.060096864769383e-14, 'Sad': 2.7152662063212318e-11, 'Surprised': 4.837981577854311e-12, 'Unknown': 3.9292305303514907e-13}","""He's the Dawn Marshal. He is the highest esteemed cleric of the church of Kord, the Trial Forge itself, in the center of this city, this portion, this district. Well, he is the very top of the entire hierarchy underneath Kord's strength and watch."""
LAURA,02:04:30,02:04:32,Neutral,"{'Angry': 0.00592068349942565, 'Disgusted': 0.010229322127997875, 'Fearful': 0.002461967756971717, 'Happy': 0.04097175598144531, 'Neutral': 0.8870770931243896, 'Other': 0.0019430426182225347, 'Sad': 0.0014600969152525067, 'Surprised': 0.0006312312325462699, 'Unknown': 0.049304813146591187}",And he nodded!
MATT,02:04:32,02:04:38,Neutral,"{'Angry': 6.752479651817023e-12, 'Disgusted': 3.809277925644755e-13, 'Fearful': 1.0965614673881172e-13, 'Happy': 1.5050540674854673e-11, 'Neutral': 1.0, 'Other': 2.5727157017718834e-14, 'Sad': 1.4965752595519355e-11, 'Surprised': 3.0878038841108957e-12, 'Unknown': 1.8808763682827412e-13}","""Apparently, he was summoned to watch this fight and approved of your prowess in battle."""
LAURA,02:04:38,02:04:39,Neutral,"{'Angry': 0.00011168355558766052, 'Disgusted': 3.6994424590375274e-05, 'Fearful': 2.719564918152173e-06, 'Happy': 0.001582433469593525, 'Neutral': 0.9979117512702942, 'Other': 2.8493757326941704e-06, 'Sad': 0.00034155583125539124, 'Surprised': 9.304278137278743e-06, 'Unknown': 7.727687716396758e-07}",What does that mean?
MATT,02:04:39,02:04:42,Neutral,"{'Angry': 9.02342822683977e-09, 'Disgusted': 5.1341522144809915e-09, 'Fearful': 3.101271239813741e-09, 'Happy': 1.992507776549246e-07, 'Neutral': 0.9999997615814209, 'Other': 3.964241379605937e-09, 'Sad': 4.427970168308093e-08, 'Surprised': 5.143196424306495e-10, 'Unknown': 2.614144811730057e-08}","""I have no fucking clue!"" (laughter)"
MATT,02:04:42,02:04:45,Neutral,"{'Angry': 1.4396027425700453e-10, 'Disgusted': 3.563592823607742e-11, 'Fearful': 8.481793392633996e-12, 'Happy': 8.480119939591191e-10, 'Neutral': 1.0, 'Other': 7.828951029131836e-12, 'Sad': 9.595736427669976e-10, 'Surprised': 3.928874586778264e-11, 'Unknown': 2.925784614582483e-11}","""But that's an honor is what that is, and appreciate that yourself."""
TRAVIS,02:04:45,02:04:50,Neutral,"{'Angry': 5.945790082506619e-09, 'Disgusted': 4.611099502227489e-09, 'Fearful': 7.383185174347773e-10, 'Happy': 1.323189025015381e-07, 'Neutral': 0.9999998807907104, 'Other': 1.2267585836056583e-09, 'Sad': 1.912137292947591e-08, 'Surprised': 1.6753926024293264e-09, 'Unknown': 4.0086387542714874e-09}","Aye, and I do. If I wanted to find this Earthbreaker Groom--"
MATT,02:04:50,02:04:53,Happy,"{'Angry': 5.552008587983437e-05, 'Disgusted': 0.00032773864222690463, 'Fearful': 0.00012931514356750995, 'Happy': 0.9866567254066467, 'Neutral': 0.010259067639708519, 'Other': 7.735233521088958e-05, 'Sad': 0.00016760897415224463, 'Surprised': 0.0003838922712020576, 'Unknown': 0.0019427253864705563}","""Groon. With an N."""
TRAVIS,02:04:53,02:04:59,Happy,"{'Angry': 0.000634836673270911, 'Disgusted': 0.0024335894268006086, 'Fearful': 0.002008244628086686, 'Happy': 0.46382462978363037, 'Neutral': 0.45128852128982544, 'Other': 0.0013264139415696263, 'Sad': 0.009279315359890461, 'Surprised': 0.00012106656504329294, 'Unknown': 0.0690833181142807}",Oh. Groon. Right. The other one's weird. Would I find him in the middle of the Trial Forge?
MATT,02:04:59,02:05:00,Neutral,"{'Angry': 0.0001101200541597791, 'Disgusted': 0.0009160818881355226, 'Fearful': 7.341914169955999e-06, 'Happy': 0.011624298989772797, 'Neutral': 0.9862536191940308, 'Other': 8.385325054405257e-05, 'Sad': 6.668471178272739e-05, 'Surprised': 0.0009141496848315, 'Unknown': 2.380609657848254e-05}","""Most likely."""
MARISHA,02:05:00,02:05:04,Neutral,"{'Angry': 3.2521695839810016e-13, 'Disgusted': 1.0526633242109642e-14, 'Fearful': 2.3554040204945776e-15, 'Happy': 3.6505198278309614e-13, 'Neutral': 1.0, 'Other': 1.4331443831287283e-15, 'Sad': 1.178011139156554e-12, 'Surprised': 1.0584460012012104e-13, 'Unknown': 7.404744237205201e-15}",So this guy's like the Pope of Kord?
MATT,02:05:04,02:05:06,Neutral,"{'Angry': 2.6617444746079855e-06, 'Disgusted': 2.7233088985667564e-05, 'Fearful': 1.6075682651717216e-06, 'Happy': 1.255120150744915e-05, 'Neutral': 0.9999370574951172, 'Other': 6.4295991251128726e-06, 'Sad': 6.005168415867956e-06, 'Surprised': 2.618566895762342e-06, 'Unknown': 3.7947697819618043e-06}","""Pope?"""
ORION,02:05:06,02:05:13,Neutral,"{'Angry': 0.0003518387966323644, 'Disgusted': 5.106410389998928e-05, 'Fearful': 1.104805323848268e-05, 'Happy': 0.0003669637371785939, 'Neutral': 0.9989870190620422, 'Other': 9.157715794572141e-06, 'Sad': 0.00019142455130349845, 'Surprised': 1.5584828361170366e-05, 'Unknown': 1.5904432075330988e-05}",What is a Pope? It's okay. She's young. Thank you for the information.
MARISHA,02:05:13,02:05:15,Happy,"{'Angry': 0.0003000259166583419, 'Disgusted': 0.0003513054980430752, 'Fearful': 0.00015920358418952674, 'Happy': 0.9642493724822998, 'Neutral': 0.029773499816656113, 'Other': 2.7392869014875032e-05, 'Sad': 0.004292276222258806, 'Surprised': 0.0008336001192219555, 'Unknown': 1.3251962627691682e-05}",I'm foreign!
ORION,02:05:15,02:05:17,Neutral,"{'Angry': 1.7159678122879995e-09, 'Disgusted': 1.3361881601170467e-09, 'Fearful': 9.970015923954634e-10, 'Happy': 3.900103351384132e-09, 'Neutral': 1.0, 'Other': 8.138992951822743e-11, 'Sad': 3.9259592909957064e-08, 'Surprised': 1.6078754994097721e-09, 'Unknown': 2.4235966011865173e-10}",And foreign. Have a good day.
MATT,02:05:17,02:05:18,Neutral,"{'Angry': 0.001450203126296401, 'Disgusted': 0.001767714275047183, 'Fearful': 0.0004970335867255926, 'Happy': 0.021361952647566795, 'Neutral': 0.734484076499939, 'Other': 0.0002783083764370531, 'Sad': 0.005380455870181322, 'Surprised': 0.23473598062992096, 'Unknown': 4.43440985691268e-05}","""Thank you."""
TALIESIN,02:05:18,02:05:20,Neutral,"{'Angry': 3.7795838579768315e-05, 'Disgusted': 5.479541505337693e-05, 'Fearful': 5.517261342902202e-06, 'Happy': 0.0002095394884236157, 'Neutral': 0.9994850158691406, 'Other': 8.011804311536252e-06, 'Sad': 0.00017685409693513066, 'Surprised': 1.952725142473355e-05, 'Unknown': 2.8174713406770024e-06}",And has antlers on her head.
ORION,02:05:20,02:05:21,Neutral,"{'Angry': 0.046902284026145935, 'Disgusted': 0.2533172369003296, 'Fearful': 0.0027821820694953203, 'Happy': 0.02847721055150032, 'Neutral': 0.4616245925426483, 'Other': 0.026553431525826454, 'Sad': 0.07191397994756699, 'Surprised': 0.10835939645767212, 'Unknown': 6.976055010454729e-05}",I think we should all leave.
MARISHA,02:05:21,02:05:22,Neutral,"{'Angry': 8.072605778286501e-11, 'Disgusted': 5.116246402231406e-12, 'Fearful': 1.820433994520476e-12, 'Happy': 3.644687884829523e-10, 'Neutral': 1.0, 'Other': 2.3730336814499486e-13, 'Sad': 4.5475645471526605e-10, 'Surprised': 2.5331330782973893e-11, 'Unknown': 5.09465516648766e-13}",I like my antlers.
TALIESIN,02:05:22,02:05:24,Neutral,"{'Angry': 2.261306940309904e-11, 'Disgusted': 4.030260066650859e-12, 'Fearful': 1.2075671408998123e-12, 'Happy': 1.2849890596022817e-10, 'Neutral': 1.0, 'Other': 3.7041471777875257e-13, 'Sad': 2.126248066502967e-10, 'Surprised': 1.83060563235804e-11, 'Unknown': 3.95577478108991e-13}",I like your antlers.
MARISHA,02:05:24,02:05:25,Sad,"{'Angry': 6.184280891829985e-07, 'Disgusted': 3.652878149296157e-06, 'Fearful': 1.788496047083754e-05, 'Happy': 3.3638668810453964e-06, 'Neutral': 0.0006674309261143208, 'Other': 4.3120900272697327e-07, 'Sad': 0.9993054866790771, 'Surprised': 3.3372862162650563e-07, 'Unknown': 8.451677331322571e-07}",What's wrong with my antlers?
TALIESIN,02:05:25,02:05:27,Neutral,"{'Angry': 1.5911707715310364e-11, 'Disgusted': 1.6136551730244753e-12, 'Fearful': 7.16605756938965e-13, 'Happy': 7.301370619217096e-11, 'Neutral': 1.0, 'Other': 1.0335702698436103e-13, 'Sad': 1.3665781006810818e-10, 'Surprised': 6.1608695575698924e-12, 'Unknown': 4.2537975637572945e-13}",There's nothing. It's just a very reasonable reason not to take you too seriously.
ORION,02:05:27,02:05:28,Happy,"{'Angry': 0.005334129557013512, 'Disgusted': 0.0136644896119833, 'Fearful': 0.0009457571431994438, 'Happy': 0.8090300559997559, 'Neutral': 0.13083966076374054, 'Other': 0.00021673364972230047, 'Sad': 0.028709275647997856, 'Surprised': 0.011217807419598103, 'Unknown': 4.2108757043024525e-05}",Scanlan?
SAM,02:05:28,02:05:30,Sad,"{'Angry': 0.01574571616947651, 'Disgusted': 0.002188857411965728, 'Fearful': 0.0006591084529645741, 'Happy': 0.036813899874687195, 'Neutral': 0.19340649247169495, 'Other': 0.0009721549577079713, 'Sad': 0.737764298915863, 'Surprised': 0.012340006418526173, 'Unknown': 0.00010946216934826225}","Yes? Yes, Tiberius, my good friend?"
ORION,02:05:30,02:05:35,Neutral,"{'Angry': 3.7166157653700793e-06, 'Disgusted': 4.248971436027205e-06, 'Fearful': 2.0693727492471226e-05, 'Happy': 2.9713126423303038e-05, 'Neutral': 0.9996280670166016, 'Other': 1.322719640484138e-07, 'Sad': 0.00031080745975486934, 'Surprised': 1.6635292467981344e-06, 'Unknown': 9.043408226716565e-07}",Are you satisfied in your knowledge you've procured?
SAM,02:05:35,02:05:40,Angry,"{'Angry': 0.9969478249549866, 'Disgusted': 0.0013601407408714294, 'Fearful': 0.00015146154328249395, 'Happy': 0.0008937902748584747, 'Neutral': 0.0003057845460716635, 'Other': 3.9260107769223396e-06, 'Sad': 0.00014783420192543417, 'Surprised': 0.00018019400886259973, 'Unknown': 9.16465614864137e-06}",I'm always satisfied. (laughter)
ORION,02:05:40,02:05:42,Happy,"{'Angry': 0.04855874180793762, 'Disgusted': 0.04227431118488312, 'Fearful': 0.03507113456726074, 'Happy': 0.29845887422561646, 'Neutral': 0.22630774974822998, 'Other': 0.0011965760495513678, 'Sad': 0.0734686478972435, 'Surprised': 0.27346673607826233, 'Unknown': 0.0011973147047683597}",Wonderful!
TRAVIS,02:05:42,02:05:43,Neutral,"{'Angry': 0.010110097005963326, 'Disgusted': 0.0027445724699646235, 'Fearful': 0.0010484541999176145, 'Happy': 0.004694693721830845, 'Neutral': 0.9779465198516846, 'Other': 3.83447295462247e-05, 'Sad': 0.002792761195451021, 'Surprised': 0.0005139008280821145, 'Unknown': 0.00011072795314248651}",Too easy. Too easy!
ORION,02:05:43,02:05:50,Neutral,"{'Angry': 3.155185002157168e-09, 'Disgusted': 1.9880987967013652e-09, 'Fearful': 4.6270526299352355e-10, 'Happy': 1.2372089130963104e-08, 'Neutral': 1.0, 'Other': 1.3283260047458612e-09, 'Sad': 7.806953306044306e-09, 'Surprised': 6.563085630517662e-10, 'Unknown': 1.7837356036665142e-09}","Grog, I'm sure you would like to... go to a pub of sorts?"
"LAURA, MARISHA",02:05:50,02:05:52,Neutral,"{'Angry': 3.978155973527464e-07, 'Disgusted': 2.338530151746454e-07, 'Fearful': 7.431330004692427e-07, 'Happy': 1.568245465932705e-06, 'Neutral': 0.9999873638153076, 'Other': 1.3230891227067332e-07, 'Sad': 8.903214620659128e-06, 'Surprised': 5.100391717860475e-07, 'Unknown': 2.5134349712629955e-08}",We're in a pub!
ORION,02:05:52,02:05:53,Neutral,"{'Angry': 3.6467918107518926e-05, 'Disgusted': 9.432079650650849e-07, 'Fearful': 1.9825070296519698e-07, 'Happy': 0.01613551750779152, 'Neutral': 0.98380047082901, 'Other': 3.280400662220018e-08, 'Sad': 2.0714411220978945e-05, 'Surprised': 5.7086017477558926e-06, 'Unknown': 2.238202956306168e-09}","Oh, fuck!"
MARISHA,02:05:53,02:05:54,Neutral,"{'Angry': 9.635497008275706e-06, 'Disgusted': 1.092944967240328e-05, 'Fearful': 1.0661103715392528e-06, 'Happy': 2.0162891814834438e-05, 'Neutral': 0.9999196529388428, 'Other': 4.502348929236177e-06, 'Sad': 1.588273335073609e-05, 'Surprised': 1.3726797476465435e-07, 'Unknown': 1.800309109967202e-05}",We're day drunk!
SAM,02:05:54,02:05:56,Happy,"{'Angry': 2.93383664029534e-07, 'Disgusted': 1.659724148339592e-06, 'Fearful': 8.784181773080491e-07, 'Happy': 0.999947190284729, 'Neutral': 3.6535529943648726e-05, 'Other': 2.0071564676982234e-07, 'Sad': 2.922079602285521e-06, 'Surprised': 6.956328491014574e-08, 'Unknown': 1.0188618944084737e-05}",That's how drunk we are!
ORION,02:05:56,02:05:57,Neutral,"{'Angry': 2.1214480057096807e-06, 'Disgusted': 2.701468247323646e-06, 'Fearful': 6.941762080714398e-07, 'Happy': 3.4769175272231223e-06, 'Neutral': 0.9999686479568481, 'Other': 5.950892045802902e-07, 'Sad': 2.0758483515237458e-05, 'Surprised': 2.825381102411484e-07, 'Unknown': 7.040382001832768e-07}",Shit!
TALIESIN,02:05:57,02:06:00,Neutral,"{'Angry': 0.00015176116721704602, 'Disgusted': 0.00017547496827319264, 'Fearful': 0.00012269873695913702, 'Happy': 0.0011862325482070446, 'Neutral': 0.9962009787559509, 'Other': 0.00013315063551999629, 'Sad': 0.00044415623415261507, 'Surprised': 2.4620010663056746e-05, 'Unknown': 0.0015609306283295155}","I have a brilliant, if slightly inebriated, thought."
ORION,02:06:00,02:06:01,Neutral,"{'Angry': 0.0027114504482597113, 'Disgusted': 0.003742097644135356, 'Fearful': 0.0012648419942706823, 'Happy': 0.013445951044559479, 'Neutral': 0.9617534875869751, 'Other': 3.859115531668067e-05, 'Sad': 0.01559265237301588, 'Surprised': 0.0013703495496883988, 'Unknown': 8.060602704063058e-05}",I walk out of the bar.
MATT,02:06:01,02:06:03,Happy,"{'Angry': 0.07404516637325287, 'Disgusted': 0.008581300266087055, 'Fearful': 0.007095831912010908, 'Happy': 0.7321116924285889, 'Neutral': 0.1250217854976654, 'Other': 0.0025115786120295525, 'Sad': 0.0061168665997684, 'Surprised': 0.04431106150150299, 'Unknown': 0.00020468879665713757}",Okay.
TALIESIN,02:06:03,02:06:05,Neutral,"{'Angry': 1.7631018636166118e-05, 'Disgusted': 7.518443453591317e-06, 'Fearful': 1.1801309483416844e-05, 'Happy': 0.00136731774546206, 'Neutral': 0.9982749223709106, 'Other': 4.629196155292448e-06, 'Sad': 0.0003046722849830985, 'Surprised': 9.567370398144703e-06, 'Unknown': 2.0598670289473375e-06}","I have an even better brilliant, yet slightly inebriated thought."
SAM,02:06:05,02:06:08,Happy,"{'Angry': 0.00010327752534067258, 'Disgusted': 1.7281803593505174e-05, 'Fearful': 6.525777735078009e-06, 'Happy': 0.9968542456626892, 'Neutral': 0.0028869272209703922, 'Other': 6.820650355621183e-07, 'Sad': 0.00012100786261726171, 'Surprised': 9.333083653473295e-06, 'Unknown': 7.245305937431112e-07}","Oh, I think I saw Tiberius fall over."
MARISHA,02:06:08,02:06:11,Angry,"{'Angry': 0.9789406657218933, 'Disgusted': 0.011276911944150925, 'Fearful': 0.0030245466623455286, 'Happy': 0.0032764864154160023, 'Neutral': 0.0009464123868383467, 'Other': 0.0001047005716827698, 'Sad': 0.000978332944214344, 'Surprised': 0.0010726390173658729, 'Unknown': 0.00037923938361927867}","Oh, is Tiberius puking? Oh..."
LAURA,02:06:11,02:06:13,Angry,"{'Angry': 0.9969176054000854, 'Disgusted': 0.0020651284139603376, 'Fearful': 8.900605462258682e-05, 'Happy': 0.00043259066296741366, 'Neutral': 0.00023356365272775292, 'Other': 1.9029623217647895e-05, 'Sad': 0.00019260082626715302, 'Surprised': 4.364556662039831e-05, 'Unknown': 6.803325504733948e-06}","What is it, Percy?"
TALIESIN,02:06:13,02:06:27,Happy,"{'Angry': 0.0002933589566964656, 'Disgusted': 0.0003934692358598113, 'Fearful': 0.00028972828295081854, 'Happy': 0.6180089116096497, 'Neutral': 0.36441025137901306, 'Other': 0.000317471130983904, 'Sad': 0.013778584077954292, 'Surprised': 0.0023495801724493504, 'Unknown': 0.000158714537974447}","My thought is I can probably find some of the ore I need to procure at the same time that we find this Groon fellow, and at the very least, you can strike up a quick conversation with him."
LAURA,02:06:27,02:06:31,Neutral,"{'Angry': 4.94190571771469e-05, 'Disgusted': 7.670899503864348e-05, 'Fearful': 1.925651122292038e-05, 'Happy': 0.00037739815888926387, 'Neutral': 0.9989410042762756, 'Other': 3.7238798540784046e-05, 'Sad': 8.103754225885496e-05, 'Surprised': 5.4276447372103576e-06, 'Unknown': 0.00041253180825151503}","Would you like me to go with you, Grog, as your manager?"
TRAVIS,02:06:31,02:06:33,Neutral,"{'Angry': 0.0019631129689514637, 'Disgusted': 0.014651443809270859, 'Fearful': 0.001424493733793497, 'Happy': 0.07035651803016663, 'Neutral': 0.8998820781707764, 'Other': 0.0005712913698516786, 'Sad': 0.008079925552010536, 'Surprised': 0.0011163388844579458, 'Unknown': 0.0019548817072063684}",I would actually like both the twins to go with.
SAM,02:06:33,02:06:38,Happy,"{'Angry': 0.00016055945889092982, 'Disgusted': 0.0005361984949558973, 'Fearful': 0.0003897175192832947, 'Happy': 0.9838570356369019, 'Neutral': 0.010014469735324383, 'Other': 0.0004876330785918981, 'Sad': 0.0002227842342108488, 'Surprised': 0.002080947859212756, 'Unknown': 0.0022506483364850283}","Grog, would you like any young boys to accompany you? (laughter)"
TALIESIN,02:06:38,02:06:41,Neutral,"{'Angry': 0.0013360988814383745, 'Disgusted': 0.0007557335775345564, 'Fearful': 0.0010844396892935038, 'Happy': 0.03884764760732651, 'Neutral': 0.95379239320755, 'Other': 5.262947888695635e-05, 'Sad': 0.00163178367074579, 'Surprised': 0.002415049122646451, 'Unknown': 8.429316949332133e-05}",You can give them a medal!
TRAVIS,02:06:41,02:06:43,Happy,"{'Angry': 0.0002221524337073788, 'Disgusted': 0.0011876095086336136, 'Fearful': 0.0021322525572031736, 'Happy': 0.9059438705444336, 'Neutral': 0.027442019432783127, 'Other': 0.0001431958080502227, 'Sad': 0.0012175643350929022, 'Surprised': 2.2723819711245596e-05, 'Unknown': 0.061688587069511414}",No.
ORION,02:06:43,02:06:45,Neutral,"{'Angry': 0.0009497776627540588, 'Disgusted': 0.0024742817040532827, 'Fearful': 0.0006996045703999698, 'Happy': 0.015525135211646557, 'Neutral': 0.9730715155601501, 'Other': 7.887480751378462e-05, 'Sad': 0.005588824860751629, 'Surprised': 0.0015314220217987895, 'Unknown': 8.060023537836969e-05}",I went back into the bar because I went to take a piss outside.
LAURA,02:06:45,02:06:48,Happy,"{'Angry': 5.53367165423424e-08, 'Disgusted': 1.8841981841433153e-07, 'Fearful': 5.6609458454204287e-08, 'Happy': 0.9999982118606567, 'Neutral': 1.0294680805600365e-06, 'Other': 2.108444796533604e-08, 'Sad': 1.699152960554784e-07, 'Surprised': 1.3535566267819377e-07, 'Unknown': 7.253314748822959e-08}",Let's go!
MARISHA,02:06:48,02:06:50,Neutral,"{'Angry': 1.3761455193161964e-05, 'Disgusted': 7.180745888035744e-05, 'Fearful': 4.567244104691781e-06, 'Happy': 0.00011115033703390509, 'Neutral': 0.9997461438179016, 'Other': 1.4640983181379852e-06, 'Sad': 2.4382494302699342e-05, 'Surprised': 2.6176165192737244e-05, 'Unknown': 4.992871822651068e-07}","Wait, where're we going?"
ORION,02:06:50,02:06:51,Angry,"{'Angry': 0.5516432523727417, 'Disgusted': 0.17254182696342468, 'Fearful': 0.0024615253787487745, 'Happy': 0.004177136346697807, 'Neutral': 0.247691810131073, 'Other': 6.186169775901362e-05, 'Sad': 0.019967684522271156, 'Surprised': 0.0014019724912941456, 'Unknown': 5.287790554575622e-05}",What is going on?
LAURA,02:06:51,02:06:53,Neutral,"{'Angry': 0.19250015914440155, 'Disgusted': 0.03480289503931999, 'Fearful': 0.0032422763761132956, 'Happy': 0.11688297241926193, 'Neutral': 0.6443942785263062, 'Other': 0.0001800370664568618, 'Sad': 0.0022824208717793226, 'Surprised': 0.004404151812195778, 'Unknown': 0.001310838619247079}",You guys are recovering from your drink.
ORION,02:06:53,02:06:54,Neutral,"{'Angry': 0.02438701130449772, 'Disgusted': 0.0013416997389867902, 'Fearful': 9.90069929684978e-06, 'Happy': 0.0005870531313121319, 'Neutral': 0.973458468914032, 'Other': 4.7979796363506466e-05, 'Sad': 0.0001185507353511639, 'Surprised': 3.0046610845602117e-05, 'Unknown': 1.931804399646353e-05}",Hold on a second.
MARISHA,02:06:54,02:06:55,Neutral,"{'Angry': 2.8406701435557125e-09, 'Disgusted': 8.569711607009367e-10, 'Fearful': 1.9280040064462156e-10, 'Happy': 2.4903454853841822e-09, 'Neutral': 1.0, 'Other': 1.4130513426025004e-10, 'Sad': 5.04832176062564e-09, 'Surprised': 4.6498163652763935e-10, 'Unknown': 2.7793614632010133e-10}",No!
ORION,02:06:55,02:06:56,Neutral,"{'Angry': 1.9732661371563154e-07, 'Disgusted': 1.1963323665042935e-08, 'Fearful': 1.2195207510501405e-08, 'Happy': 2.581813168944791e-05, 'Neutral': 0.999971866607666, 'Other': 2.2329327276082722e-09, 'Sad': 1.9275273643870605e-06, 'Surprised': 1.6278150383186585e-07, 'Unknown': 6.25572232904048e-11}",I've had plenty of water.
TALIESIN,02:06:56,02:06:58,Neutral,"{'Angry': 1.8547507280031184e-11, 'Disgusted': 1.4066605952961497e-12, 'Fearful': 2.6653318766466094e-13, 'Happy': 1.289649359526024e-10, 'Neutral': 1.0, 'Other': 7.75167758215907e-14, 'Sad': 8.310086646590165e-11, 'Surprised': 6.318396326976394e-12, 'Unknown': 2.5950126921435446e-13}",You're already been arrested today.
ORION,02:06:58,02:07:03,Neutral,"{'Angry': 1.7042823749480185e-11, 'Disgusted': 1.5966878427059461e-12, 'Fearful': 4.079492548891145e-13, 'Happy': 5.6437621936966664e-11, 'Neutral': 1.0, 'Other': 2.645346778001184e-13, 'Sad': 7.851625599686329e-11, 'Surprised': 5.019452735399721e-12, 'Unknown': 8.16099629281225e-13}",I'm fine! (slurred) Scanlan has been ordering me water for the whole time has been cleared.
MARISHA,02:07:03,02:07:07,Neutral,"{'Angry': 2.7498714416651637e-07, 'Disgusted': 3.810354201050359e-07, 'Fearful': 1.716611421898051e-07, 'Happy': 1.3274898265080992e-06, 'Neutral': 0.9999963045120239, 'Other': 9.874946016452668e-08, 'Sad': 1.0232603244730853e-06, 'Surprised': 9.719067151081617e-08, 'Unknown': 3.0281000817922177e-07}","That's right! I have already been arrested today, but I did get better."
MATT,02:07:07,02:07:15,Neutral,"{'Angry': 9.024478755427501e-13, 'Disgusted': 3.527556461453869e-14, 'Fearful': 8.628669576537986e-15, 'Happy': 1.2055053136283966e-12, 'Neutral': 1.0, 'Other': 3.3771669475149944e-15, 'Sad': 3.1939559504146064e-12, 'Surprised': 2.8102319733422365e-13, 'Unknown': 2.2125129080729188e-14}","All right, so you guys are going with Percy to procure materials for forging new ammunition?"
TALIESIN,02:07:15,02:07:17,Neutral,"{'Angry': 2.399055745172518e-07, 'Disgusted': 1.439436232431035e-06, 'Fearful': 3.039299372176174e-06, 'Happy': 3.635089115050505e-06, 'Neutral': 0.9999815225601196, 'Other': 5.462400167743908e-07, 'Sad': 3.607299504437833e-06, 'Surprised': 1.7065718793674023e-07, 'Unknown': 5.692874765372835e-06}",Yes.
MATT,02:07:17,02:07:19,Neutral,"{'Angry': 8.501682864647808e-12, 'Disgusted': 5.547194105968989e-13, 'Fearful': 1.1981510076621016e-13, 'Happy': 1.1063820866408225e-11, 'Neutral': 1.0, 'Other': 4.145472078673565e-14, 'Sad': 3.11995776436369e-11, 'Surprised': 2.5201824134513107e-12, 'Unknown': 2.57777604600537e-13}","All right, go ahead and make an investigation check."
TALIESIN,02:07:19,02:07:24,Neutral,"{'Angry': 3.955727550532771e-14, 'Disgusted': 1.4838074354072577e-15, 'Fearful': 2.249986058588011e-16, 'Happy': 4.8953039294722875e-14, 'Neutral': 1.0, 'Other': 4.076359293551121e-16, 'Sad': 1.3637456777997742e-13, 'Surprised': 2.26690004658317e-14, 'Unknown': 1.0851792249901623e-15}",What happened to my dice? Okay. 14.
MATT,02:07:24,02:08:27,Neutral,"{'Angry': 7.324875975949288e-14, 'Disgusted': 3.105844083301076e-15, 'Fearful': 4.898119954032905e-16, 'Happy': 1.0173347488864545e-13, 'Neutral': 1.0, 'Other': 7.241630890794204e-16, 'Sad': 2.52491061912552e-13, 'Surprised': 4.0285957621059854e-14, 'Unknown': 2.4630339560033397e-15}","14, okay. It takes you roughly 30 minutes or so. Thankfully, this region itself contains... honestly, most of the smithing-based materials and/or workshops they required. The difficult part is finding black powder. It is not refined in this region. It's usually considered almost a byproduct of some of the mining and smelting, and it's very rare to find. Eventually, you find one smithy that gathers it. You're not entirely certain why. And after you give people a couple of examples of the smell of it and what to look for, people send you in this one direction. And you're sent to this one small hovel that is attached to the very base of the mountain that overlooks the entirety of the city, on the far northwestern edge of the Braving Grounds. You come to the door, and it's a very simple, slovenly-kept house. The wood itself is a little warped from the weather; it hasn't kept well, and there's a musty smell of mildew from the outside of the building. But you see a slight glow between the cracks. Apparently, there is some sort of interior light."
TALIESIN,02:08:27,02:08:30,Neutral,"{'Angry': 1.358594768803567e-13, 'Disgusted': 4.766403895515138e-15, 'Fearful': 7.590003895296873e-16, 'Happy': 1.8742010710320195e-13, 'Neutral': 1.0, 'Other': 5.439893344404189e-16, 'Sad': 3.8705716691629644e-13, 'Surprised': 5.509442118560408e-14, 'Unknown': 2.501363043899544e-15}",Hello?
MATT,02:08:30,02:08:32,Neutral,"{'Angry': 4.249246150799836e-14, 'Disgusted': 1.2933361953493673e-15, 'Fearful': 2.0903087013275504e-16, 'Happy': 4.7362914507237744e-14, 'Neutral': 1.0, 'Other': 2.851266689877461e-16, 'Sad': 1.4456540348498081e-13, 'Surprised': 2.1514794408387418e-14, 'Unknown': 7.570253733944863e-16}","""Yes?"""
TALIESIN,02:08:32,02:08:40,Neutral,"{'Angry': 1.2489633622030788e-13, 'Disgusted': 4.241025780750028e-15, 'Fearful': 7.207705103674301e-16, 'Happy': 1.7691825380996423e-13, 'Neutral': 1.0, 'Other': 5.527161031377431e-16, 'Sad': 3.8905854991659605e-13, 'Surprised': 5.2740492908261855e-14, 'Unknown': 2.3894409806888076e-15}",Charming. My name is Percival Fredrickstein Von Musel Klossowski De Rolo III.
SAM,02:08:40,02:08:41,Neutral,"{'Angry': 3.9053597333804646e-07, 'Disgusted': 1.7106448524373263e-07, 'Fearful': 4.730093223770382e-07, 'Happy': 3.1120641779125435e-06, 'Neutral': 0.9999724626541138, 'Other': 3.8439015526137155e-08, 'Sad': 2.318863698747009e-05, 'Surprised': 2.83706441450704e-07, 'Unknown': 1.0612437151280574e-08}",Huzzah!
TALIESIN,02:08:41,02:08:50,Neutral,"{'Angry': 5.580974050956033e-13, 'Disgusted': 1.9068542927926264e-14, 'Fearful': 4.55613982482052e-15, 'Happy': 6.659642455553172e-13, 'Neutral': 1.0, 'Other': 2.2916351450605376e-15, 'Sad': 1.9010676279712646e-12, 'Surprised': 1.9168358306870248e-13, 'Unknown': 1.2819094032535516e-14}",Thank you. I was sent here in terms to hopefully negotiate the purchase of some black powder? I heard--
MATT,02:08:50,02:09:17,Neutral,"{'Angry': 1.3577218282989634e-07, 'Disgusted': 4.22480155748417e-07, 'Fearful': 5.523543791241536e-07, 'Happy': 3.0486691571240954e-07, 'Neutral': 0.9998471736907959, 'Other': 7.650871793885017e-07, 'Sad': 0.00012490438530221581, 'Surprised': 2.5736866518855095e-05, 'Unknown': 2.2903876573110438e-09}","The door slams open at this point, mid-sentence, and you see from around the corner a very lithe, crooked-looking man. Quite elderly, but very spry for his size. You see his arms and legs are very lanky and almost spider-like in the way they move and shift as he peeks out. And you can see he has spectacles of two different sizes and thicknesses around each eye. His hair is frazzled and gray and white, and he goes, ""Yes?! You said you need black powder? Yes, yes, come in, come in!"" And he runs back into the hovel."
TALIESIN,02:09:17,02:09:19,Neutral,"{'Angry': 2.895002597022578e-12, 'Disgusted': 1.5019498774034024e-13, 'Fearful': 4.2350136255937115e-14, 'Happy': 4.440022134677424e-12, 'Neutral': 1.0, 'Other': 1.1473987924603794e-14, 'Sad': 9.527609604043086e-12, 'Surprised': 9.640556582202198e-13, 'Unknown': 6.920690149431197e-14}",I gingerly enter.
MATT,02:09:19,02:09:46,Neutral,"{'Angry': 1.2529606010502903e-06, 'Disgusted': 9.786757800611667e-06, 'Fearful': 2.155786660296144e-06, 'Happy': 2.200299422838725e-05, 'Neutral': 0.9998595714569092, 'Other': 1.9676970623550005e-05, 'Sad': 6.496933929156512e-05, 'Surprised': 1.626282391953282e-05, 'Unknown': 4.299355623516021e-06}","As you step inside, the scent hits you immediately, and you realize this place is probably filled with black powder. And the last thing anyone wants is to set off any sort of flame. This would be a very bad idea. And as you look around, your eyes adjust to the low-lit interior. You realize it's low-lit because there are two very, very faintly set magical torch sconces on each side that are very, very low light."
LAURA,02:09:46,02:09:48,Neutral,"{'Angry': 5.521253246265623e-11, 'Disgusted': 8.838210545369929e-12, 'Fearful': 2.4921091665991435e-12, 'Happy': 1.1325441973131234e-10, 'Neutral': 1.0, 'Other': 8.19853408252913e-13, 'Sad': 1.6665223367962056e-10, 'Surprised': 3.935144571309834e-11, 'Unknown': 9.074534201326812e-13}",Very similar to the ones surrounding you.
MATT,02:09:48,02:09:54,Neutral,"{'Angry': 5.698167115042452e-06, 'Disgusted': 7.377851943601854e-06, 'Fearful': 3.658761670521926e-06, 'Happy': 8.847640856401995e-06, 'Neutral': 0.9982982277870178, 'Other': 8.968695510702673e-07, 'Sad': 0.0016675966326147318, 'Surprised': 6.907893293828238e-06, 'Unknown': 8.333570349350339e-07}","Kind of like these, but even smaller! And you can see in the room, there is a small forge that's in disuse to the far end."
TALIESIN,02:09:54,02:09:56,Neutral,"{'Angry': 1.0253852454622514e-11, 'Disgusted': 1.4341364467512774e-12, 'Fearful': 3.642972967558833e-13, 'Happy': 1.646129239862848e-11, 'Neutral': 1.0, 'Other': 1.7697597402312193e-13, 'Sad': 7.920938210892459e-11, 'Surprised': 8.19700557430636e-12, 'Unknown': 2.2848639213285393e-13}",I would hope so!
MATT,02:09:56,02:10:55,Neutral,"{'Angry': 9.231516742147505e-07, 'Disgusted': 2.795319687720621e-06, 'Fearful': 8.404079920865115e-08, 'Happy': 0.0024752493482083082, 'Neutral': 0.9973410964012146, 'Other': 9.534631317364983e-06, 'Sad': 0.00012420931307133287, 'Surprised': 4.607017763191834e-05, 'Unknown': 1.448384239211009e-07}","There are a large, large, large number of crates and barrels that all seem to be containing various parts of discarded gravel. Basically, whatever is shoved off of any mining expedition goes to him and he just shuffles through it and separates in different pieces. And there's barrels full of sulfur, barrels full of what looks like broken onyx or broken quartz, and they've all been separated. And you can see now this is his OCD collection. And there is, indeed, at the far end what looks to be a barrel that contains a large amount of black powder that is just everywhere. It's like this very fine coat of powder that is encompassing this entire room. And as he turns around, you can see now his hands themselves are black and coated in it. And he goes, ""So! You came looking for black powder, did you? No one asks about the black powder, but I knew it had a purpose! Yes! You wish to buy it?! How much do you want?"" (giggling)"
MATT,02:10:55,02:10:57,Sad,"{'Angry': 0.0002550598874222487, 'Disgusted': 0.000836509803775698, 'Fearful': 0.007503024768084288, 'Happy': 0.0009581635822542012, 'Neutral': 0.10836998373270035, 'Other': 4.7932651796145365e-05, 'Sad': 0.8803091645240784, 'Surprised': 3.331482730573043e-05, 'Unknown': 0.001686758711002767}","(pants heavily) ""Speak up! Speak up, I haven't all day!"""
TALIESIN,02:10:57,02:11:00,Neutral,"{'Angry': 0.0014333755243569613, 'Disgusted': 0.006005217786878347, 'Fearful': 0.0022254036739468575, 'Happy': 0.005769483279436827, 'Neutral': 0.9554232954978943, 'Other': 0.002059299498796463, 'Sad': 0.0028885887004435062, 'Surprised': 0.0014857337810099125, 'Unknown': 0.022709541022777557}",How much for a barrel or a hogshead's worth?
MATT,02:11:00,02:11:18,Sad,"{'Angry': 0.2584056854248047, 'Disgusted': 0.01462091226130724, 'Fearful': 0.0031502898782491684, 'Happy': 0.0033847589511424303, 'Neutral': 0.032765526324510574, 'Other': 0.013607466593384743, 'Sad': 0.656511664390564, 'Surprised': 0.0016239508986473083, 'Unknown': 0.0159298125654459}","""For the barrel? The barrel, that'll run you... (mutters) 4,623 gold pieces for the barrel. However, for the hogshead--"" You can see now the spittle dribbling down his chin."
TALIESIN,02:11:18,02:11:20,Neutral,"{'Angry': 9.976557890922777e-08, 'Disgusted': 6.787168160826695e-08, 'Fearful': 3.674975701528638e-08, 'Happy': 3.6610642837331397e-06, 'Neutral': 0.9999873638153076, 'Other': 1.646487746143066e-08, 'Sad': 8.619848813395947e-06, 'Surprised': 3.3219642148196726e-08, 'Unknown': 8.164350084882699e-09}",I can! It's as if I can see the spittle myself!
MATT,02:11:20,02:11:40,Neutral,"{'Angry': 0.00047441720380447805, 'Disgusted': 0.045313116163015366, 'Fearful': 0.0014418705832213163, 'Happy': 0.00037974954466335475, 'Neutral': 0.9169012904167175, 'Other': 0.021396175026893616, 'Sad': 0.00480001512914896, 'Surprised': 0.0027652843855321407, 'Unknown': 0.006528100464493036}","Yes, indeed! ""But! For the hogshead, which-- ooh!"" And he turns around and shuffles through a bunch of pieces of burlap and sacks and pulls out what looks to be an actual dried and hollowed-out hog's head. ""To fill this? To fill this hog's head with it? This'll only cost you 426 gold pieces. Yes?"""
TALIESIN,02:11:40,02:11:46,Neutral,"{'Angry': 4.778449858022782e-10, 'Disgusted': 3.0865393574330824e-11, 'Fearful': 1.3904642194584316e-11, 'Happy': 3.127603454000649e-10, 'Neutral': 1.0, 'Other': 9.048971424605035e-13, 'Sad': 1.4587944185961987e-09, 'Surprised': 6.784085099242887e-11, 'Unknown': 1.5217288150057295e-12}","How about 400 even, and you can direct me to some ore, as well?"
MATT,02:11:46,02:11:50,Neutral,"{'Angry': 3.862899689011101e-08, 'Disgusted': 1.9393375794152234e-08, 'Fearful': 7.917343225471996e-09, 'Happy': 6.465840215241769e-06, 'Neutral': 0.9999798536300659, 'Other': 1.0093172519987093e-08, 'Sad': 1.3600249076262116e-05, 'Surprised': 2.2873134497558567e-08, 'Unknown': 1.33319106865315e-08}","""Ore? I do not work in ore."""
TALIESIN,02:11:50,02:11:53,Neutral,"{'Angry': 0.00035433180164545774, 'Disgusted': 0.001552815898321569, 'Fearful': 0.0039859008975327015, 'Happy': 0.007442113012075424, 'Neutral': 0.8527019619941711, 'Other': 0.00015848467592149973, 'Sad': 0.13153105974197388, 'Surprised': 0.00025120878126472235, 'Unknown': 0.00202217441983521}",I thought you might have a friend.
MATT,02:11:53,02:11:55,Happy,"{'Angry': 0.00029445599648170173, 'Disgusted': 0.0012258474016562104, 'Fearful': 0.011134771630167961, 'Happy': 0.7784585356712341, 'Neutral': 0.10211796313524246, 'Other': 0.0006854728562757373, 'Sad': 0.004537446424365044, 'Surprised': 1.4615924555982929e-05, 'Unknown': 0.10153087228536606}",Make a persuasion roll.
TRAVIS,02:11:55,02:11:56,Neutral,"{'Angry': 0.005640298128128052, 'Disgusted': 0.0017358342884108424, 'Fearful': 7.788963557686657e-05, 'Happy': 0.002871396020054817, 'Neutral': 0.9821321964263916, 'Other': 1.038015579979401e-05, 'Sad': 0.007460310589522123, 'Surprised': 6.648068665526807e-05, 'Unknown': 5.223876996751642e-06}","Nice, Percy."
LIAM,02:11:56,02:11:58,Neutral,"{'Angry': 2.183407559641637e-06, 'Disgusted': 1.6968255067695281e-06, 'Fearful': 1.3795395261695376e-06, 'Happy': 5.915409929002635e-05, 'Neutral': 0.9998705387115479, 'Other': 4.982899213246128e-07, 'Sad': 6.253557512536645e-05, 'Surprised': 1.539887421131425e-06, 'Unknown': 4.1501596115267603e-07}","Look at that, he slipped right into Mercer there."
SAM,02:11:58,02:12:00,Neutral,"{'Angry': 1.948049202837865e-06, 'Disgusted': 5.5888308452267665e-06, 'Fearful': 5.069669555268774e-07, 'Happy': 4.5086808313499205e-06, 'Neutral': 0.9993902444839478, 'Other': 9.57056300876502e-08, 'Sad': 0.0005957302637398243, 'Surprised': 1.2338678061496466e-06, 'Unknown': 8.08792535167413e-08}","No, that's the other character."
TALIESIN,02:12:00,02:12:03,Neutral,"{'Angry': 8.238447250785708e-12, 'Disgusted': 1.0589474176009306e-12, 'Fearful': 2.878647840931503e-13, 'Happy': 1.536513624667002e-11, 'Neutral': 1.0, 'Other': 9.770297364122132e-14, 'Sad': 1.2960706119446996e-10, 'Surprised': 2.301687486438997e-12, 'Unknown': 5.076274144956427e-13}",I love Percy. 25.
MATT,02:12:03,02:12:04,Neutral,"{'Angry': 1.550134129502112e-06, 'Disgusted': 9.075237358047161e-06, 'Fearful': 4.537131644610781e-06, 'Happy': 2.9043252652627416e-05, 'Neutral': 0.9999175071716309, 'Other': 3.7462461932591395e-06, 'Sad': 2.9493723559426144e-05, 'Surprised': 2.156417167498148e-06, 'Unknown': 3.0188441542122746e-06}",25.
TALIESIN,02:12:04,02:12:08,Neutral,"{'Angry': 2.035502802755218e-05, 'Disgusted': 3.4190128644695505e-05, 'Fearful': 3.131415360257961e-05, 'Happy': 9.083467739401385e-05, 'Neutral': 0.9456416964530945, 'Other': 6.806801593484124e-06, 'Sad': 0.05413224920630455, 'Surprised': 3.3582655305508524e-05, 'Unknown': 8.900894499674905e-06}",I'm sure you have a friend. You must. You seem so amiable.
MATT,02:12:08,02:12:13,Neutral,"{'Angry': 0.00044528156286105514, 'Disgusted': 0.00016654227511025965, 'Fearful': 2.3772898202878423e-05, 'Happy': 3.760065010283142e-05, 'Neutral': 0.9983150959014893, 'Other': 1.454461471439572e-05, 'Sad': 0.0009598220349289477, 'Surprised': 2.730912819970399e-05, 'Unknown': 9.98521954898024e-06}","""400! 400 and I send you to Samson! Yes? You take?"""
TALIESIN,02:12:13,02:12:15,Neutral,"{'Angry': 1.8922524759545922e-05, 'Disgusted': 3.0842591513646767e-05, 'Fearful': 3.9215148717630655e-05, 'Happy': 5.069825783721171e-05, 'Neutral': 0.9672293663024902, 'Other': 1.8583466953714378e-05, 'Sad': 5.934154978604056e-05, 'Surprised': 0.032549936324357986, 'Unknown': 3.1348536140285432e-06}","My good sir, you have a deal!"
MATT,02:12:15,02:12:33,Neutral,"{'Angry': 2.8460235470401107e-12, 'Disgusted': 1.7184174818784398e-13, 'Fearful': 6.069953296505143e-14, 'Happy': 4.441377387393031e-12, 'Neutral': 1.0, 'Other': 2.101620540464512e-14, 'Sad': 1.600072678520359e-11, 'Surprised': 1.2831067588633949e-12, 'Unknown': 1.084042523715606e-13}","""Glorious!"" He turns around and jams the hog head into the barrel of black powder, picks it up. (poof) The soot settles against you and the rest of you guys as you now find yourself partially covered in this slowly dissipating cloud of black powder. (coughs) You cough instinctively and push it away. ""Yes. 400 gold. You pay?"""
TALIESIN,02:12:33,02:12:37,Neutral,"{'Angry': 1.7275583559239749e-06, 'Disgusted': 1.0597515029076021e-05, 'Fearful': 2.5359172468597535e-06, 'Happy': 4.370712304080371e-06, 'Neutral': 0.9998676776885986, 'Other': 1.1579954843909945e-06, 'Sad': 0.00011010885646101087, 'Surprised': 7.230714231809543e-07, 'Unknown': 1.077646629710216e-06}",I gingerly put the purse down in front of me.
MATT,02:12:37,02:13:02,Happy,"{'Angry': 3.4148345262607904e-10, 'Disgusted': 2.3644046720505685e-09, 'Fearful': 4.162771460869408e-09, 'Happy': 1.0, 'Neutral': 1.988546216580289e-09, 'Other': 4.689944876901109e-09, 'Sad': 1.9885625590632117e-08, 'Surprised': 1.7036860811003862e-09, 'Unknown': 2.7401432234341883e-09}","He takes it. With a whisk, it's already put away into a side pouch, and you hear the clanging of haphazard coins in his far pocket. ""Here! Hog head! Take it! (grunts) To Samson! This way!"" And he grabs your arm and drags you out of his hovel. He points across the way with his shaking, crooked finger. ""Samson! There! In the brick building! Tell him Victor sent you. He'll give you ore!"""
TALIESIN,02:13:02,02:13:06,Happy,"{'Angry': 0.00018158341117668897, 'Disgusted': 0.00018378363165538758, 'Fearful': 3.0644539947388694e-05, 'Happy': 0.9777957797050476, 'Neutral': 0.02016817405819893, 'Other': 0.00021218988695181906, 'Sad': 0.00013616711657959968, 'Surprised': 1.0031666533905081e-05, 'Unknown': 0.0012816040543839335}",Thank you for all of your help. You've been so kind.
MATT,02:13:06,02:13:11,Happy,"{'Angry': 2.1781968371215044e-06, 'Disgusted': 6.323683919617906e-06, 'Fearful': 8.799368060863344e-07, 'Happy': 0.9997262358665466, 'Neutral': 0.00020693363330792636, 'Other': 3.1149972983257612e-06, 'Sad': 2.0973679966118652e-06, 'Surprised': 2.8989356337660865e-07, 'Unknown': 5.2044124458916485e-05}","""My pleasure. You want more powder, come back. Yes, yes?!"""
TALIESIN,02:13:11,02:13:13,Neutral,"{'Angry': 0.005499576684087515, 'Disgusted': 0.007051680702716112, 'Fearful': 0.0008658276638016105, 'Happy': 0.47017231583595276, 'Neutral': 0.49717646837234497, 'Other': 0.00010105583351105452, 'Sad': 0.008088762871921062, 'Surprised': 0.010935259982943535, 'Unknown': 0.00010911974095506594}",I might do that.
MATT,02:13:13,02:13:25,Happy,"{'Angry': 0.00031987420516088605, 'Disgusted': 0.009565257467329502, 'Fearful': 0.000479609559988603, 'Happy': 0.9178194999694824, 'Neutral': 0.008560326881706715, 'Other': 0.03046759031713009, 'Sad': 0.001655337167903781, 'Surprised': 0.01726141758263111, 'Unknown': 0.013871110044419765}","""Good! Goodbye!"" And pushes you out, takes both of you by the arms and pushes you out, slams the door behind, and you are left standing there, half-covered in blackened soot and black powder, in the center of the thoroughfare, midday, stunned by the whole encounter."
TRAVIS,02:13:25,02:13:27,Neutral,"{'Angry': 4.0078957681544125e-05, 'Disgusted': 4.929283750243485e-05, 'Fearful': 3.2520412787562236e-05, 'Happy': 0.005721292924135923, 'Neutral': 0.9938415288925171, 'Other': 5.236994184087962e-06, 'Sad': 0.00011962708231294528, 'Surprised': 0.00017398402269463986, 'Unknown': 1.644876283535268e-05}","I mean, come on, come the fuck on!"
SAM,02:13:27,02:13:30,Neutral,"{'Angry': 1.0648180948091834e-10, 'Disgusted': 2.1575977116050638e-11, 'Fearful': 3.456600023571399e-12, 'Happy': 4.3242628922079973e-10, 'Neutral': 1.0, 'Other': 2.656502188363996e-12, 'Sad': 5.697041727259489e-10, 'Surprised': 2.1295180896441224e-11, 'Unknown': 8.678148477603287e-12}",Amazing. Matt's crazy prospector character.
TALIESIN,02:13:30,02:13:39,Neutral,"{'Angry': 1.5402995545699127e-10, 'Disgusted': 4.1913771064994165e-11, 'Fearful': 1.759670360812482e-11, 'Happy': 4.98741159482563e-10, 'Neutral': 1.0, 'Other': 4.2723467992555886e-12, 'Sad': 1.2163927642916406e-09, 'Surprised': 1.1133324123724364e-10, 'Unknown': 1.5536946729177714e-11}",I'm going to walk over to Samson's place and become very excited at the prospect of a new accent.
LIAM,02:13:39,02:13:43,Neutral,"{'Angry': 4.663504660129547e-05, 'Disgusted': 6.794209912186489e-05, 'Fearful': 3.4771197533700615e-05, 'Happy': 0.01644289307296276, 'Neutral': 0.9823970794677734, 'Other': 5.446462091640569e-05, 'Sad': 0.0001743321627145633, 'Surprised': 5.201088697504019e-06, 'Unknown': 0.0007767128408886492}","6.2, 6.4, 6.5."
TALIESIN,02:13:43,02:13:45,Neutral,"{'Angry': 3.7143305235076696e-05, 'Disgusted': 0.0001087815617211163, 'Fearful': 8.978935511549935e-05, 'Happy': 2.519466943340376e-05, 'Neutral': 0.9995104074478149, 'Other': 2.3498071186622838e-06, 'Sad': 0.0002073946816381067, 'Surprised': 1.591176442161668e-05, 'Unknown': 3.0556234378309455e-06}",4.3 from the Russian judge.
MATT,02:13:45,02:14:25,Neutral,"{'Angry': 1.1442425132401901e-11, 'Disgusted': 1.3312764519241016e-12, 'Fearful': 5.20727124614373e-13, 'Happy': 2.0249472237887645e-11, 'Neutral': 1.0, 'Other': 1.5537109088453044e-13, 'Sad': 7.532293538892176e-11, 'Surprised': 6.780679750323371e-12, 'Unknown': 1.221517461832966e-12}","Yeah, you walk to the distant brick building. The bricks themselves are made of a hardened, grayish clay material that's been made in the basic construction of this. The roof itself is a solid slab of stone. There is no pretty or elegant aspect of its construction. It's merely built here for purpose. The door is partially ajar, and as you peek in you can see there is a very active forge. There is a heat emanating from the interior, and you can see there is a man who is currently hammering something away at what looks like an anvil set outside in front of it. (metal clanging) ""Yes?"""
TALIESIN,02:14:25,02:14:27,Neutral,"{'Angry': 8.166260522557423e-05, 'Disgusted': 0.00026404461823403835, 'Fearful': 5.198464714339934e-05, 'Happy': 0.00010043474321719259, 'Neutral': 0.9945074915885925, 'Other': 7.4870272328553256e-06, 'Sad': 0.0005987563054077327, 'Surprised': 0.004385290667414665, 'Unknown': 2.9193142836447805e-06}",Mr. Samson?
MATT,02:14:27,02:14:29,Neutral,"{'Angry': 6.830415344438734e-09, 'Disgusted': 9.178784843300036e-09, 'Fearful': 7.615041042186022e-09, 'Happy': 3.928593983459905e-08, 'Neutral': 0.9999995231628418, 'Other': 2.3667272586180843e-09, 'Sad': 3.8960610027061193e-07, 'Surprised': 1.4042555562809866e-08, 'Unknown': 1.7180564748642269e-09}","""Yes?"""
TALIESIN,02:14:29,02:14:35,Happy,"{'Angry': 3.226494413866021e-07, 'Disgusted': 1.6024524711610866e-06, 'Fearful': 5.863470278200111e-07, 'Happy': 0.9999692440032959, 'Neutral': 7.750791155558545e-06, 'Other': 9.982892379412078e-07, 'Sad': 1.447148520128394e-06, 'Surprised': 2.649899215612095e-07, 'Unknown': 1.7832078810897656e-05}",The strange fellow down the road sent me to you. He said you might have some ore?
MATT,02:14:35,02:15:17,Sad,"{'Angry': 2.355907781748101e-05, 'Disgusted': 6.992797716520727e-05, 'Fearful': 1.6380829038098454e-05, 'Happy': 6.699615914840251e-05, 'Neutral': 0.173345148563385, 'Other': 7.40699251764454e-05, 'Sad': 0.8262869715690613, 'Surprised': 0.00011122087016701698, 'Unknown': 5.835653610120062e-06}","(heavy sigh) The head sinks into the shoulders with a sigh. ""All right. If you dealt with that crazy old coot, at the very least I can offer you a brief conversation. Hold on just a second!"" (grunts) And you see he takes this visor off the front of his face and sets it down and removes these big leather gloves and this leather apron of sorts and puts it to the side, and he wipes his brow as he steps over. And you can see him now. He's a man in his late twenties. Muscle-bound, a little thick around the waist, barrel-chested. A little bit of scruff on his chin, but nothing beyond not having time for upkeep and focused on his work. He steps up. ""So what did the old coot tell you, anyway?"""
TALIESIN,02:15:17,02:15:24,Neutral,"{'Angry': 0.0013389080995693803, 'Disgusted': 0.002876599319279194, 'Fearful': 0.004359791055321693, 'Happy': 0.003454099176451564, 'Neutral': 0.9432703852653503, 'Other': 0.003979634493589401, 'Sad': 0.007007787469774485, 'Surprised': 0.00921355839818716, 'Unknown': 0.024499328806996346}",He said you might have some raw ore for sale that I might purchase. You'll excuse me if I don't come in; I'm covered in explosive powder.
MATT,02:15:24,02:15:31,Happy,"{'Angry': 0.0001758798025548458, 'Disgusted': 0.0004677393299061805, 'Fearful': 9.75877046585083e-05, 'Happy': 0.8407646417617798, 'Neutral': 0.14960521459579468, 'Other': 0.00010798431321745738, 'Sad': 0.001422419911250472, 'Surprised': 0.007204125635325909, 'Unknown': 0.00015443982556462288}","""No, please. Stay there. For the love of Kord, stay on that doorstep. Do not step into my abode, please."""
TALIESIN,02:15:31,02:15:32,Happy,"{'Angry': 0.002787883160635829, 'Disgusted': 0.0011228693183511496, 'Fearful': 0.0009744578856043518, 'Happy': 0.991309642791748, 'Neutral': 0.0015243367524817586, 'Other': 0.00010500274220248684, 'Sad': 0.0008609957294538617, 'Surprised': 0.0012799004325643182, 'Unknown': 3.4942233469337225e-05}",Of course.
MATT,02:15:32,02:15:33,Happy,"{'Angry': 0.014774947427213192, 'Disgusted': 0.0008252065163105726, 'Fearful': 0.00045410756138153374, 'Happy': 0.9833042621612549, 'Neutral': 0.0001704250171314925, 'Other': 2.9495073249563575e-05, 'Sad': 0.00032106356229633093, 'Surprised': 8.917186642065644e-05, 'Unknown': 3.130426921416074e-05}","""Please."""
TALIESIN,02:15:33,02:15:34,Angry,"{'Angry': 0.9999630451202393, 'Disgusted': 1.1329329936415888e-05, 'Fearful': 1.9932490431529004e-06, 'Happy': 1.0483454389031976e-05, 'Neutral': 5.037558366893791e-06, 'Other': 2.968718888496369e-07, 'Sad': 2.7450391826278064e-06, 'Surprised': 4.67137033410836e-06, 'Unknown': 3.611805539094348e-07}",No. Yes.
MATT,02:15:34,02:15:39,Happy,"{'Angry': 0.0001779033918865025, 'Disgusted': 0.000998369767330587, 'Fearful': 0.0007104960968717933, 'Happy': 0.9813812971115112, 'Neutral': 0.010656435042619705, 'Other': 0.0001062105075106956, 'Sad': 0.004785981960594654, 'Surprised': 0.0004727831110358238, 'Unknown': 0.000710529275238514}","""Please. All right. What ore are you interested in?"""
TALIESIN,02:15:39,02:15:44,Neutral,"{'Angry': 0.00025562799419276416, 'Disgusted': 0.0004416446899995208, 'Fearful': 0.00019618395890574902, 'Happy': 0.032275181263685226, 'Neutral': 0.9596258997917175, 'Other': 0.0004455561866052449, 'Sad': 0.0003880325239151716, 'Surprised': 5.646091085509397e-05, 'Unknown': 0.006315384991466999}","Just some iron ore. Actually, I have a little invention which sends projectiles at great speed."
MATT,02:15:44,02:15:55,Neutral,"{'Angry': 5.891364192279688e-14, 'Disgusted': 1.9305528347007914e-15, 'Fearful': 3.422896932848274e-16, 'Happy': 7.470258678136943e-14, 'Neutral': 1.0, 'Other': 4.2545054101330736e-16, 'Sad': 2.0875468508766565e-13, 'Surprised': 3.017388178509425e-14, 'Unknown': 1.2945850395509753e-15}","""That sounds fascinating. I have ore for sale. Raw ore-- would you like ingots? I prepare ingots. They're a little more expensive, but they're proper and ready for any sort of use as blacksmithing materials."""
TALIESIN,02:15:55,02:15:57,Neutral,"{'Angry': 1.046530483800323e-12, 'Disgusted': 4.527778705350899e-14, 'Fearful': 1.2195839566649276e-14, 'Happy': 1.3536086314325235e-12, 'Neutral': 1.0, 'Other': 4.4516837217651196e-15, 'Sad': 3.708412049663323e-12, 'Surprised': 3.756742638326427e-13, 'Unknown': 3.2368205338251244e-14}","Ingots would be preferable, yes."
MATT,02:15:57,02:15:59,Neutral,"{'Angry': 4.0112827474772864e-14, 'Disgusted': 1.637033154466719e-15, 'Fearful': 2.484425190751096e-16, 'Happy': 5.1008462997057316e-14, 'Neutral': 1.0, 'Other': 4.580744120235008e-16, 'Sad': 1.3257162023976726e-13, 'Surprised': 2.4594299578677148e-14, 'Unknown': 1.254994084321599e-15}","""All right, how many are you looking for? Five, ten, 20?"""
TALIESIN,02:15:59,02:16:03,Disgusted,"{'Angry': 0.028951125219464302, 'Disgusted': 0.4643886983394623, 'Fearful': 0.0019496983150020242, 'Happy': 0.14296133816242218, 'Neutral': 0.21012602746486664, 'Other': 0.021729428321123123, 'Sad': 0.01010096538811922, 'Surprised': 0.1038956493139267, 'Unknown': 0.01589702069759369}",What could you give me for approximately a thousand gold's worth?
MATT,02:16:03,02:16:13,Neutral,"{'Angry': 4.553155812450638e-13, 'Disgusted': 1.4240633005495676e-14, 'Fearful': 3.559821979293859e-15, 'Happy': 4.940612806023092e-13, 'Neutral': 1.0, 'Other': 1.7976000022009147e-15, 'Sad': 1.5662471319899396e-12, 'Surprised': 1.4806820320626551e-13, 'Unknown': 1.0205449359939125e-14}","He gives you an arched eyebrow in surprise. ""I mean, I only have about 200 pounds of iron ingots at the ready."""
TALIESIN,02:16:13,02:16:17,Neutral,"{'Angry': 6.125457474581708e-09, 'Disgusted': 6.67256161435148e-09, 'Fearful': 2.103121676810815e-09, 'Happy': 1.430863338924837e-08, 'Neutral': 1.0, 'Other': 1.0336098643648484e-09, 'Sad': 2.607940174925716e-08, 'Surprised': 1.9266519490912515e-09, 'Unknown': 1.0578589115795012e-09}",I certainly can't carry that much with me right now. Let's say about a hundred pounds' worth?
MATT,02:16:17,02:16:24,Neutral,"{'Angry': 3.6835892114339686e-09, 'Disgusted': 4.981529411196561e-09, 'Fearful': 3.832759887245629e-09, 'Happy': 1.2713892161286822e-08, 'Neutral': 1.0, 'Other': 4.541159392967842e-10, 'Sad': 5.1835314707204816e-08, 'Surprised': 5.388012702667311e-09, 'Unknown': 1.1822418044538097e-10}","""A hundred pounds of iron ingots. I could sell it to you. Let's set the price at about 400 gold pieces."""
LAURA,02:16:24,02:16:26,Neutral,"{'Angry': 0.0049866740591824055, 'Disgusted': 0.007180354557931423, 'Fearful': 0.0005592609522864223, 'Happy': 0.015936413779854774, 'Neutral': 0.9452022910118103, 'Other': 0.00025904184440150857, 'Sad': 0.01975230872631073, 'Surprised': 0.0059211780317127705, 'Unknown': 0.00020245241466909647}","Ugh, haggle him down. I'm not there."
LIAM,02:16:26,02:16:33,Neutral,"{'Angry': 1.5924375706966032e-10, 'Disgusted': 7.32711981366041e-12, 'Fearful': 2.913904144016821e-12, 'Happy': 9.51196788001596e-10, 'Neutral': 1.0, 'Other': 5.091497969761383e-13, 'Sad': 4.540449127787838e-10, 'Surprised': 5.652229378982909e-11, 'Unknown': 1.831987903391785e-12}","But in the back of his head, he hears your voice. We all do, at this point."
TALIESIN,02:16:33,02:16:43,Neutral,"{'Angry': 2.5699750949570443e-06, 'Disgusted': 3.386401294847019e-05, 'Fearful': 1.0628605195961427e-05, 'Happy': 1.0117030797118787e-05, 'Neutral': 0.9995632767677307, 'Other': 1.4925659343134612e-05, 'Sad': 0.00026296733994968235, 'Surprised': 9.999979374697432e-05, 'Unknown': 1.6204114672291325e-06}","Let's say 350 gold, and I promise to always shower twice before entering your home for my next purchase."
MATT,02:16:43,02:16:45,Neutral,"{'Angry': 3.7480593628735903e-10, 'Disgusted': 3.735425163631234e-11, 'Fearful': 1.1795450900742299e-11, 'Happy': 8.269442908215296e-09, 'Neutral': 1.0, 'Other': 8.788833918450811e-13, 'Sad': 1.89446081044764e-09, 'Surprised': 2.779186603074635e-10, 'Unknown': 1.2310039055815625e-12}",Make a persuasion roll.
TALIESIN,02:16:45,02:16:46,Neutral,"{'Angry': 0.01832367107272148, 'Disgusted': 0.01085875928401947, 'Fearful': 0.3164606988430023, 'Happy': 0.032531462609767914, 'Neutral': 0.3410496413707733, 'Other': 5.2764095016755164e-05, 'Sad': 0.2803991436958313, 'Surprised': 0.00030503561720252037, 'Unknown': 1.8736034689936787e-05}",All right.
SAM,02:16:46,02:16:50,Neutral,"{'Angry': 1.7201932586696778e-11, 'Disgusted': 3.5803235376441478e-12, 'Fearful': 1.1340777492443999e-12, 'Happy': 5.395082644521487e-11, 'Neutral': 1.0, 'Other': 6.27834156191609e-13, 'Sad': 2.0899364183701863e-10, 'Surprised': 1.3078656213583173e-11, 'Unknown': 9.014088303907486e-13}",Pointless haggle. I love it. Best part of the show.
MARISHA,02:16:50,02:16:52,Neutral,"{'Angry': 4.6694523803125776e-07, 'Disgusted': 7.328561224539953e-08, 'Fearful': 1.0494316171616447e-07, 'Happy': 1.0693232752601034e-06, 'Neutral': 0.9999924898147583, 'Other': 2.7293525661775675e-08, 'Sad': 3.984591330663534e-06, 'Surprised': 1.787547944331891e-06, 'Unknown': 3.904093048845425e-09}",I wish I were Percy.
TALIESIN,02:16:52,02:16:53,Neutral,"{'Angry': 0.03300367668271065, 'Disgusted': 0.06435895711183548, 'Fearful': 0.0011145523749291897, 'Happy': 0.24744033813476562, 'Neutral': 0.5969627499580383, 'Other': 0.0004026192764285952, 'Sad': 0.028373174369335175, 'Surprised': 0.02818319946527481, 'Unknown': 0.00016064329247456044}",24.
MATT,02:16:53,02:17:14,Neutral,"{'Angry': 1.514746309069434e-13, 'Disgusted': 5.5523115571637794e-15, 'Fearful': 1.0064176546314843e-15, 'Happy': 2.0739107046280347e-13, 'Neutral': 1.0, 'Other': 7.994958171280537e-16, 'Sad': 4.544358324972547e-13, 'Surprised': 7.02799905945295e-14, 'Unknown': 3.596923292933018e-15}","24? He goes, ""You drive a hard bargain. However, underneath all that soot, I can see you dress well, at the very least. A bit tattered around the edges... I'd like future business, so 350 and take the ingots, and please do shower next time."""
TALIESIN,02:17:14,02:17:21,Neutral,"{'Angry': 2.669641309231696e-13, 'Disgusted': 9.928393353221716e-15, 'Fearful': 1.9162233665738536e-15, 'Happy': 3.5969133487662175e-13, 'Neutral': 1.0, 'Other': 1.1405250989175871e-15, 'Sad': 7.988126761622472e-13, 'Surprised': 1.0663325555665057e-13, 'Unknown': 6.24248882566316e-15}","Of course. You are a gentleman, and apparently a worthy smith, as well. I do bid you good day, then."
MATT,02:17:21,02:17:46,Happy,"{'Angry': 5.476516162161715e-05, 'Disgusted': 0.0002578913699835539, 'Fearful': 5.028376472182572e-05, 'Happy': 0.567631185054779, 'Neutral': 0.42357417941093445, 'Other': 0.0006506780628114939, 'Sad': 0.0004534075560513884, 'Surprised': 4.177149094175547e-06, 'Unknown': 0.007323417812585831}","""I've already completed the transaction. Flattery is not required."" He reaches over and settles into a large, triple-bagged sack of ingots. He gets partway through and goes, ""Nah, this is cart-worthy."" He sets it up on a small cart and brings it over to you. And it's a small, wheeled wooden cart. It looks really rickety and probably about to collapse, but he does not charge you for it. It can be hand-carried if need be."
TALIESIN,02:17:46,02:17:49,Neutral,"{'Angry': 0.0002633132680784911, 'Disgusted': 0.0007952789892442524, 'Fearful': 7.296250987565145e-05, 'Happy': 0.02503705769777298, 'Neutral': 0.9704970717430115, 'Other': 0.0003966182703152299, 'Sad': 0.0001788641675375402, 'Surprised': 0.00011542061838554218, 'Unknown': 0.0026433365419507027}","Good man, I will see you when my need arises again."
MATT,02:17:49,02:17:52,Neutral,"{'Angry': 2.453379079753182e-12, 'Disgusted': 1.2648336425533785e-13, 'Fearful': 3.4978489831145876e-14, 'Happy': 4.211979289653334e-12, 'Neutral': 1.0, 'Other': 1.1606847583479473e-14, 'Sad': 9.747636725565556e-12, 'Surprised': 1.0762452127416333e-12, 'Unknown': 5.943734545342527e-14}","""I look forward to it. Remember: bathed!"""
TALIESIN,02:17:52,02:17:55,Neutral,"{'Angry': 1.7197652807041108e-13, 'Disgusted': 5.255399404096835e-15, 'Fearful': 1.1400553132692162e-15, 'Happy': 1.9623785560939078e-13, 'Neutral': 1.0, 'Other': 8.380786443315199e-16, 'Sad': 6.206605325173586e-13, 'Surprised': 6.781332223190772e-14, 'Unknown': 3.479322509085652e-15}","Very bathed. In fact, quite bathed."
MATT,02:17:55,02:18:08,Neutral,"{'Angry': 2.5568281758307776e-13, 'Disgusted': 8.597554668253547e-15, 'Fearful': 1.9785296278662223e-15, 'Happy': 2.8426371499745695e-13, 'Neutral': 1.0, 'Other': 1.425728609675517e-15, 'Sad': 9.355521999460104e-13, 'Surprised': 1.0195530942939957e-13, 'Unknown': 6.404801937697239e-15}","""Seriously. Bathed. Please. All right, we're good. Thank you."" And he closes the door. All right. You guys?"
TRAVIS,02:18:08,02:18:11,Neutral,"{'Angry': 1.091784440632182e-09, 'Disgusted': 4.155765509494813e-09, 'Fearful': 1.219303102928393e-09, 'Happy': 7.360073883688756e-09, 'Neutral': 0.9999998807907104, 'Other': 1.910058555765204e-09, 'Sad': 1.1718736203647495e-07, 'Surprised': 2.6573054867640167e-10, 'Unknown': 2.5796060842964152e-09}",We're going to see Earthbreaker...
"SAM, LAURA",02:18:11,02:18:12,Neutral,"{'Angry': 7.433566679537762e-06, 'Disgusted': 0.0002553174563217908, 'Fearful': 5.021097240387462e-05, 'Happy': 9.294183655583765e-06, 'Neutral': 0.9973767995834351, 'Other': 0.0008749207481741905, 'Sad': 0.0006189123960211873, 'Surprised': 0.00025304153678007424, 'Unknown': 0.0005540704005397856}",Earthbreaker Groon!
MATT,02:18:12,02:18:15,Neutral,"{'Angry': 3.6820556098462326e-14, 'Disgusted': 1.5255044321808636e-15, 'Fearful': 2.2321954550199143e-16, 'Happy': 4.8452442822895583e-14, 'Neutral': 1.0, 'Other': 4.469496930524996e-16, 'Sad': 1.140391492175652e-13, 'Surprised': 2.4042450837277393e-14, 'Unknown': 1.1977795498334127e-15}",All right. Make your way to the outskirts of the Trial Forge.
ORION,02:18:15,02:18:17,Neutral,"{'Angry': 2.5857515781324558e-11, 'Disgusted': 1.89295909676368e-12, 'Fearful': 4.272157714396707e-13, 'Happy': 2.989568662070674e-11, 'Neutral': 1.0, 'Other': 1.1854033650938317e-13, 'Sad': 2.106766011644723e-10, 'Surprised': 4.222266633546745e-12, 'Unknown': 4.1076945447512947e-13}",We know who he is. Do we need to pursue this guy?
LAURA,02:18:17,02:18:19,Neutral,"{'Angry': 5.2353999607790414e-11, 'Disgusted': 5.8253332713142925e-12, 'Fearful': 2.1350521177410098e-12, 'Happy': 2.2228723028927533e-10, 'Neutral': 1.0, 'Other': 9.635005467079072e-13, 'Sad': 3.826987338140242e-10, 'Surprised': 1.226776145946129e-11, 'Unknown': 2.317736497517431e-12}","Just to talk to him, because he likes Grog."
MARISHA,02:18:19,02:18:21,Happy,"{'Angry': 3.458092760411091e-05, 'Disgusted': 0.00010986338747898117, 'Fearful': 0.00038937749923206866, 'Happy': 0.9437331557273865, 'Neutral': 0.04014244303107262, 'Other': 6.6794702433981e-05, 'Sad': 0.01216531079262495, 'Surprised': 1.3275372111820616e-05, 'Unknown': 0.003345186123624444}","I mean, we can stay and keep getting day-drunk."
SAM,02:18:21,02:18:23,Neutral,"{'Angry': 8.684413046466943e-07, 'Disgusted': 6.130349561317416e-07, 'Fearful': 1.743500916973062e-07, 'Happy': 1.2826335478166584e-06, 'Neutral': 0.9999942779541016, 'Other': 1.9969674269759707e-07, 'Sad': 1.795398247850244e-06, 'Surprised': 5.908005960009177e-07, 'Unknown': 6.92255923695484e-08}",Why don't you just go get arrested again?
MARISHA,02:18:23,02:18:27,Neutral,"{'Angry': 6.635153537715155e-11, 'Disgusted': 2.4483082228243802e-11, 'Fearful': 9.181821969406201e-12, 'Happy': 1.564015722488321e-10, 'Neutral': 1.0, 'Other': 4.225465029955577e-12, 'Sad': 5.027256944067915e-10, 'Surprised': 4.6962957828133867e-11, 'Unknown': 2.5487079894498388e-12}","Hey, that hurts, Scanlan."
TALIESIN,02:18:27,02:18:30,Neutral,"{'Angry': 0.002317517763003707, 'Disgusted': 0.0063955215737223625, 'Fearful': 5.671378312399611e-05, 'Happy': 0.0010758317075669765, 'Neutral': 0.9606146812438965, 'Other': 0.005396184045821428, 'Sad': 0.022870080545544624, 'Surprised': 0.0011204249458387494, 'Unknown': 0.00015308050205931067}",I'm going to come back and join you.
ORION,02:18:30,02:18:37,Neutral,"{'Angry': 4.47887993360041e-09, 'Disgusted': 1.378001002194651e-08, 'Fearful': 2.192951154000866e-09, 'Happy': 3.963532719808427e-07, 'Neutral': 0.9999992847442627, 'Other': 2.1817836426407666e-08, 'Sad': 2.0944034417880175e-07, 'Surprised': 4.8707089916888435e-08, 'Unknown': 2.299808166128514e-08}","I'm going to do a daily roll for my pet because I'm going to try to teach a trick, and I rolled a 15."
MATT,02:18:37,02:18:39,Neutral,"{'Angry': 1.1724963542292244e-06, 'Disgusted': 2.2685755993734347e-06, 'Fearful': 1.232225145031407e-06, 'Happy': 5.8802805142477155e-05, 'Neutral': 0.9999127388000488, 'Other': 9.308120638706896e-07, 'Sad': 1.7903354091686197e-05, 'Surprised': 3.812002375980228e-07, 'Unknown': 4.525658368947916e-06}",Okay. Trying to teach it a trick?
ORION,02:18:39,02:18:46,Neutral,"{'Angry': 3.2098588110401893e-12, 'Disgusted': 2.3674776874170467e-13, 'Fearful': 7.327280194266775e-14, 'Happy': 5.80612077513698e-12, 'Neutral': 1.0, 'Other': 2.26747077738303e-14, 'Sad': 1.9971498413373645e-11, 'Surprised': 1.292953374573691e-12, 'Unknown': 1.2136763761962793e-13}",Yeah. At the end of the-- does it just build up points today and then try...
MATT,02:18:46,02:18:48,Neutral,"{'Angry': 3.9753645069140475e-06, 'Disgusted': 3.0369367323146435e-06, 'Fearful': 6.442323410738027e-06, 'Happy': 6.71276302455226e-06, 'Neutral': 0.9983792304992676, 'Other': 2.037932667064979e-08, 'Sad': 0.0016000488540157676, 'Surprised': 4.351769007371331e-07, 'Unknown': 1.713253006130344e-08}",What kind of trick are you teaching?
ORION,02:18:48,02:18:50,Surprised,"{'Angry': 0.000591735471971333, 'Disgusted': 0.0001425507798558101, 'Fearful': 0.013653225265443325, 'Happy': 0.0032442042138427496, 'Neutral': 0.03974322974681854, 'Other': 4.9860303988680243e-05, 'Sad': 0.0052539752796292305, 'Surprised': 0.937317967414856, 'Unknown': 3.2709335755498614e-06}",To scout!
MATT,02:18:50,02:19:13,Neutral,"{'Angry': 5.6297714763786644e-05, 'Disgusted': 8.755834278417751e-05, 'Fearful': 2.5408640794921666e-05, 'Happy': 9.368829341838136e-05, 'Neutral': 0.999407172203064, 'Other': 5.078435788163915e-05, 'Sad': 0.00018691834702622145, 'Surprised': 4.963330866303295e-05, 'Unknown': 4.263583105057478e-05}","To scout for you? I'd say with a 15, yeah. You take some time, and with a small Draconian command, a phrase of your choice, you teach it that on that one phrase, it will go ahead and wander ahead for a bit and then come back and relinquish in very broken, very basic Draconic language into your connection with it. Very, very basic information on what it saw."
ORION,02:19:13,02:19:14,Sad,"{'Angry': 5.613195025944151e-05, 'Disgusted': 0.00024313759058713913, 'Fearful': 5.3148258302826434e-05, 'Happy': 0.0001573070912854746, 'Neutral': 0.2340725064277649, 'Other': 7.150509918574244e-05, 'Sad': 0.7652744650840759, 'Surprised': 1.356648044747999e-05, 'Unknown': 5.824966137879528e-05}",Cool.
SAM,02:19:14,02:19:17,Neutral,"{'Angry': 0.0007934382883831859, 'Disgusted': 0.0022398903965950012, 'Fearful': 0.005483041983097792, 'Happy': 0.01651538349688053, 'Neutral': 0.6763925552368164, 'Other': 0.003957853186875582, 'Sad': 0.13647496700286865, 'Surprised': 3.320155155961402e-05, 'Unknown': 0.1581096202135086}",I'm going to throw a Lightning Bolt spell into my Ioun Stone.
MATT,02:19:17,02:19:19,Neutral,"{'Angry': 3.586426373658469e-06, 'Disgusted': 1.151456672232598e-06, 'Fearful': 2.9759792141703656e-07, 'Happy': 6.366376328514889e-05, 'Neutral': 0.9999243021011353, 'Other': 3.9066001988885546e-08, 'Sad': 6.202832082635723e-06, 'Surprised': 6.59210513731523e-07, 'Unknown': 4.349001159198451e-08}","Okay, so you store that. Awesome."
ORION,02:19:19,02:19:21,Neutral,"{'Angry': 1.4292883179223281e-06, 'Disgusted': 3.228280718303722e-07, 'Fearful': 7.72185558162164e-06, 'Happy': 2.7913818030356197e-06, 'Neutral': 0.9999456405639648, 'Other': 3.218831778895037e-08, 'Sad': 4.1738665458979085e-05, 'Surprised': 3.503674008697999e-07, 'Unknown': 2.3713178975981464e-08}",Little treat.
MATT,02:19:21,02:20:11,Neutral,"{'Angry': 3.349373556282842e-10, 'Disgusted': 1.227849488749655e-09, 'Fearful': 4.0698281550399784e-11, 'Happy': 6.895234938575356e-10, 'Neutral': 1.0, 'Other': 1.2855037867520736e-10, 'Sad': 7.066796925414565e-09, 'Surprised': 9.962159569498752e-11, 'Unknown': 1.4129435121912337e-10}","It takes it and gobbles it down happily. Awesome. You guys make your way to the Trial Forge, the large temple to Kord itself. It's once again brilliant to behold. There are steps leading up to the front area: these giant reddish, almost rusted-over looking iron doors that block the front entrance. At the very top of it, you see looming over this entire district is a gargantuan statue of Kord himself. This giant, muscle-bound humanoid titan of a figure, that stands there: giant beard, muscle-bound torso, bracers against the arms, just one knee up. This very heroic pose and just looking over the rest of Vasselheim under his gaze. You see at the front of these iron doors, there are two more Bastions adorned in the same way as the ones that oversaw the battle at the Crucible. One shouts out, ""Halt! Ye who approacheth the Trial Forge, what is your business here?"""
LAURA,02:20:11,02:20:21,Neutral,"{'Angry': 5.872762671131626e-14, 'Disgusted': 2.291670085169612e-15, 'Fearful': 3.365847410966125e-16, 'Happy': 8.431122011480496e-14, 'Neutral': 1.0, 'Other': 5.287974279544986e-16, 'Sad': 2.0238292378765843e-13, 'Surprised': 3.037998522995196e-14, 'Unknown': 1.7123139488077737e-15}","Yes, we are here to pay homage to Earthbreaker Groon with the latest champion of the city."
MATT,02:20:21,02:20:25,Neutral,"{'Angry': 1.0062950472899956e-11, 'Disgusted': 1.6494911990114214e-12, 'Fearful': 4.943742897695058e-13, 'Happy': 2.432839693589095e-11, 'Neutral': 1.0, 'Other': 1.5577969957828591e-13, 'Sad': 2.306092955484118e-10, 'Surprised': 4.796772354320744e-12, 'Unknown': 4.609515893982952e-13}","""Of the city? The city claims no champion!"""
LAURA,02:20:25,02:20:28,Sad,"{'Angry': 0.0011421078816056252, 'Disgusted': 0.00598449120298028, 'Fearful': 0.013125069439411163, 'Happy': 0.01832064427435398, 'Neutral': 0.2042950987815857, 'Other': 0.00025909769465215504, 'Sad': 0.7558789253234863, 'Surprised': 0.0002253441489301622, 'Unknown': 0.0007692791987210512}",Of the Crucible. You know.
MATT,02:20:28,02:20:30,Neutral,"{'Angry': 1.9689891814778093e-06, 'Disgusted': 4.523998086369829e-06, 'Fearful': 3.8014479741832474e-06, 'Happy': 2.7331248929840513e-05, 'Neutral': 0.9998557567596436, 'Other': 2.9516061204049038e-06, 'Sad': 8.27599797048606e-05, 'Surprised': 3.075869585700275e-07, 'Unknown': 2.0589195628417656e-05}",They glance at each other.
LIAM,02:20:30,02:20:32,Neutral,"{'Angry': 2.667801446420981e-08, 'Disgusted': 6.897941773331695e-08, 'Fearful': 3.718606222946619e-08, 'Happy': 3.800788306307368e-07, 'Neutral': 0.9999984502792358, 'Other': 3.2450905962377874e-08, 'Sad': 7.744171170998015e-07, 'Surprised': 3.9422638486996675e-09, 'Unknown': 2.3216234978917782e-07}",The Earthbreaker is a fan.
MATT,02:20:32,02:20:37,Neutral,"{'Angry': 4.378614484878973e-11, 'Disgusted': 4.852898031343367e-12, 'Fearful': 1.4775062683741735e-12, 'Happy': 4.831503530589032e-10, 'Neutral': 1.0, 'Other': 3.653012950726592e-13, 'Sad': 2.407085364364292e-10, 'Surprised': 1.562661285092748e-11, 'Unknown': 1.7513254301632086e-12}","(chuckles) ""I highly doubt that."""
ORION,02:20:37,02:20:39,Neutral,"{'Angry': 1.498359487699108e-12, 'Disgusted': 7.278583253689588e-14, 'Fearful': 1.9559576397779055e-14, 'Happy': 2.330921046456158e-12, 'Neutral': 1.0, 'Other': 6.3180013893944075e-15, 'Sad': 5.7916761664333904e-12, 'Surprised': 5.443139428767951e-13, 'Unknown': 3.96311333901965e-14}",Tell him it's Grog's--
MARISHA,02:20:39,02:20:42,Neutral,"{'Angry': 6.440444423432001e-13, 'Disgusted': 2.0980038791863255e-14, 'Fearful': 5.288864828809905e-15, 'Happy': 7.260090965910404e-13, 'Neutral': 1.0, 'Other': 2.2269576150323305e-15, 'Sad': 2.164686615721556e-12, 'Surprised': 1.8806252399545392e-13, 'Unknown': 1.4639529619477933e-14}",We're not there.
LIAM,02:20:42,02:20:47,Neutral,"{'Angry': 0.002728478517383337, 'Disgusted': 0.00457766093313694, 'Fearful': 0.0025381576269865036, 'Happy': 0.12805989384651184, 'Neutral': 0.8250728249549866, 'Other': 0.0003942851908504963, 'Sad': 0.01564355567097664, 'Surprised': 0.020749935880303383, 'Unknown': 0.00023515299835707992}","Check your facts, buddy. He likes the cut of his jib, believe you me."
MATT,02:20:47,02:21:24,Neutral,"{'Angry': 3.2248106962562417e-10, 'Disgusted': 2.267008386569458e-10, 'Fearful': 1.4562723249511578e-10, 'Happy': 1.2755007050557765e-09, 'Neutral': 1.0, 'Other': 3.2931830873383916e-11, 'Sad': 6.18839024468798e-09, 'Surprised': 5.96635019167735e-10, 'Unknown': 3.2765440360904563e-10}","And the other one gets up to his side and stands there, arms crossed, looking down upon you from three large stone steps up with this look of, ""I'm looking forward to throwing these guys out."" About five minutes pass and the next one comes back and whispers in his ear... ""Very well. The four of you may enter briefly. But this one's only invited to the center chamber. The rest of you must keep a distance. A distance."""
LAURA,02:21:24,02:21:28,Happy,"{'Angry': 0.0007340001175180078, 'Disgusted': 0.005402315407991409, 'Fearful': 0.0004010643460787833, 'Happy': 0.9228739738464355, 'Neutral': 0.06086483225226402, 'Other': 0.0003600246855057776, 'Sad': 0.002934782998636365, 'Surprised': 0.005934414453804493, 'Unknown': 0.0004945762921124697}","Oh, yeah, like what? Ten feet? Yeah?"
MATT,02:21:28,02:22:41,Neutral,"{'Angry': 1.7740391404161282e-12, 'Disgusted': 1.193152022495314e-13, 'Fearful': 3.12459781626976e-14, 'Happy': 3.1089900619230004e-12, 'Neutral': 1.0, 'Other': 1.4126173443333202e-14, 'Sad': 8.126578403266915e-12, 'Surprised': 8.257101057583538e-13, 'Unknown': 7.571098966947104e-14}","""You'll know."" He steps aside and the doors (stone scraping) slide open. As you guys step into the interior, the smell that hits you immediately is that of sage and other burned herbs that are used ceremonially to cleanse a certain landscape of evil spirits, from a superstitious standpoint, but also to build an atmosphere of meditation and understanding. The one Bastion that left and came back and whispered in his ear comes up and leans into you guys and gives you a nod. He doesn't actually speak to you, but he gives you a hand gesture to follow. Leads you into the Trial Forge and you can see now, these halls are essentially one long hallway. It's an arch about 85 to 100 feet up. And the interior of it is built out of a very thick, sturdy reddish stone. You don't know if the actual stone itself is built from a substance of this color, or itself has been stained or colored to match the rest of the Kord reddish aesthetic. But as you step in, your footfalls clack against a black marble floor with what looks like gold streaks through it, almost like there are small veins of some sort of gold material that has been polished within the actual marble itself."
LAURA,02:22:41,02:22:42,Neutral,"{'Angry': 1.756890119497534e-11, 'Disgusted': 1.1133440089988733e-12, 'Fearful': 1.5951557566160068e-13, 'Happy': 3.832726844232859e-11, 'Neutral': 1.0, 'Other': 4.847065403126155e-14, 'Sad': 5.3294011564952726e-11, 'Surprised': 5.6930922649744975e-12, 'Unknown': 1.0009054945536028e-13}",Very pretty.
MATT,02:22:42,02:24:02,Neutral,"{'Angry': 1.7090918524170773e-13, 'Disgusted': 5.045765525914974e-15, 'Fearful': 1.0954439937614635e-15, 'Happy': 1.9258692676629025e-13, 'Neutral': 1.0, 'Other': 8.438466210649665e-16, 'Sad': 6.548932945417418e-13, 'Surprised': 6.238349545056518e-14, 'Unknown': 3.4960727973758427e-15}","Gives you a nod and a smile. No words in response. Continues to gesture forth, and as you guys step in, you see occasionally a few other individuals walking by with a similar gold and red robe aesthetic that you saw Earthbreaker wearing when he went to watch your battle in the Crucible. However, they are generally a little more dressed down, very simple, as opposed the expressive designs that were billowing across the baggy leggings that the Earthbreaker was wearing. And the robes. As you continue forward, they all step aside and keep a quiet watch, until you begin to notice in the distance, there are two large hallways that intersect. You can see most of the Trial Forge are now two long hallways that intersect into a center piece. And the center place of this temple, there is a raised dais at three different levels. And at the top of it, you can see, there is a beam of light that comes down from above. As you begin to walk towards the structure, you see there is a small figure that is currently sitting on top of this central dais. As you approach the outskirts of this main central chamber where the two long hallways intersect, the quiet Bastion puts his hand out and tells the rest of you to stop. Gives you a look and nudges you to proceed."
SAM,02:24:02,02:24:05,Neutral,"{'Angry': 3.0580438306060387e-06, 'Disgusted': 7.695589374634437e-07, 'Fearful': 2.2364089602433523e-07, 'Happy': 0.000638954050373286, 'Neutral': 0.9993417859077454, 'Other': 1.1722521975343625e-07, 'Sad': 1.3768211829301436e-05, 'Surprised': 1.2794542953997734e-06, 'Unknown': 6.136075825224907e-08}",Do you need us with you?
TRAVIS,02:24:05,02:24:07,Neutral,"{'Angry': 0.00019384401093702763, 'Disgusted': 0.000585935718845576, 'Fearful': 6.350124021992087e-05, 'Happy': 0.001405515824444592, 'Neutral': 0.9966880679130554, 'Other': 9.354135545436293e-05, 'Sad': 0.0008181422599591315, 'Surprised': 0.0001400983746862039, 'Unknown': 1.1507412637001835e-05}","What? Yeah, you know I don't like talking."
LAURA,02:24:07,02:24:15,Surprised,"{'Angry': 0.00015111999528016895, 'Disgusted': 4.8611163947498426e-05, 'Fearful': 0.00032019775244407356, 'Happy': 0.14177961647510529, 'Neutral': 0.004866970237344503, 'Other': 0.0003139524778816849, 'Sad': 0.0004557155480142683, 'Surprised': 0.8519963622093201, 'Unknown': 6.747074075974524e-05}",(whispering) He's not very good at talking. Would you like someone to come and translate for him?
LIAM,02:24:15,02:24:17,Happy,"{'Angry': 0.04735779017210007, 'Disgusted': 0.02961215376853943, 'Fearful': 0.15446025133132935, 'Happy': 0.3989924192428589, 'Neutral': 0.011730371974408627, 'Other': 0.0032303945627063513, 'Sad': 0.005281615536659956, 'Surprised': 0.3103042542934418, 'Unknown': 0.039030686020851135}","Is he going on his own, then?"
LAURA,02:24:17,02:24:21,Happy,"{'Angry': 2.2566504220833394e-10, 'Disgusted': 7.409298730109981e-10, 'Fearful': 1.7465602575317263e-10, 'Happy': 1.0, 'Neutral': 2.905716778300871e-09, 'Other': 1.7655277240180567e-10, 'Sad': 8.346768831657414e-10, 'Surprised': 5.135923908383688e-10, 'Unknown': 3.0239105663909527e-10}",Is that a yes?
SAM,02:24:21,02:24:23,Neutral,"{'Angry': 0.00019899479229934514, 'Disgusted': 0.00011113511573057622, 'Fearful': 2.3099601094145328e-05, 'Happy': 0.004105499014258385, 'Neutral': 0.9952307343482971, 'Other': 3.4750493796309456e-05, 'Sad': 0.00017980682605411857, 'Surprised': 4.102243110537529e-05, 'Unknown': 7.49311875551939e-05}",Good luck.
LAURA,02:24:23,02:24:24,Neutral,"{'Angry': 0.0014222003519535065, 'Disgusted': 0.001638688612729311, 'Fearful': 0.00020193011732771993, 'Happy': 0.0015210596611723304, 'Neutral': 0.9940699934959412, 'Other': 1.7775773812900297e-05, 'Sad': 0.0009393286891281605, 'Surprised': 0.0001761830208124593, 'Unknown': 1.269631138711702e-05}","Okay, sorry."
TRAVIS,02:24:24,02:24:25,Neutral,"{'Angry': 0.00274851662106812, 'Disgusted': 0.0006361394189298153, 'Fearful': 6.855160609120503e-05, 'Happy': 0.006902544759213924, 'Neutral': 0.9876244068145752, 'Other': 1.877901922853198e-05, 'Sad': 0.0011325727682560682, 'Surprised': 0.00086110585834831, 'Unknown': 7.45314127925667e-06}",I go forward.
MATT,02:24:25,02:24:28,Neutral,"{'Angry': 8.644686633196841e-10, 'Disgusted': 5.921677731501873e-11, 'Fearful': 7.620597729240952e-12, 'Happy': 3.219700417389504e-08, 'Neutral': 1.0, 'Other': 2.8074691009460917e-12, 'Sad': 2.876705096355181e-09, 'Surprised': 2.5621007537779406e-09, 'Unknown': 2.425702867736579e-12}","As you step forward, footfalls clacking against the material--"
LIAM,02:24:28,02:24:37,Neutral,"{'Angry': 1.903495937261024e-11, 'Disgusted': 1.6288785641485615e-12, 'Fearful': 6.167567541751073e-13, 'Happy': 9.802624684196459e-11, 'Neutral': 1.0, 'Other': 1.2511808266963548e-13, 'Sad': 9.57467091722286e-11, 'Surprised': 8.137001489272322e-12, 'Unknown': 4.5437427691891186e-13}","I'm sorry, we've been daytime drinking, and I hate to interrupt that, do you have a place here if I can't--"
SAM,02:24:37,02:24:39,Happy,"{'Angry': 0.0003974375722464174, 'Disgusted': 0.0013623964041471481, 'Fearful': 0.000699494150467217, 'Happy': 0.6449087262153625, 'Neutral': 0.3466600179672241, 'Other': 0.00038096559001132846, 'Sad': 0.0008011762402020395, 'Surprised': 0.0030029905028641224, 'Unknown': 0.0017868273425847292}",I don't think they-- This is a temple.
LAURA,02:24:39,02:24:40,Disgusted,"{'Angry': 0.005703603383153677, 'Disgusted': 0.7317285537719727, 'Fearful': 0.07828420400619507, 'Happy': 0.005185005255043507, 'Neutral': 0.0018665590323507786, 'Other': 0.1322128176689148, 'Sad': 0.010463983751833439, 'Surprised': 0.03353985399007797, 'Unknown': 0.0010153078474104404}",Yeah this really not the kind of--
LIAM,02:24:40,02:24:41,Disgusted,"{'Angry': 0.007079808972775936, 'Disgusted': 0.5787929892539978, 'Fearful': 0.002260115696117282, 'Happy': 0.05144144594669342, 'Neutral': 0.3342558443546295, 'Other': 0.0013774289982393384, 'Sad': 0.003543579252436757, 'Surprised': 0.0203574076294899, 'Unknown': 0.0008914030622690916}",Are you sure?
LAURA,02:24:41,02:24:42,Neutral,"{'Angry': 0.0015087858773767948, 'Disgusted': 0.07259101420640945, 'Fearful': 0.00038398438482545316, 'Happy': 0.002965861465781927, 'Neutral': 0.8793267011642456, 'Other': 0.00026237324345856905, 'Sad': 0.0405811183154583, 'Surprised': 0.002249401295557618, 'Unknown': 0.00013073209265712649}",Yeah.
MATT,02:24:42,02:24:44,Sad,"{'Angry': 0.002342417137697339, 'Disgusted': 0.004852655343711376, 'Fearful': 0.014447706751525402, 'Happy': 0.015091661363840103, 'Neutral': 0.18346348404884338, 'Other': 8.943572174757719e-05, 'Sad': 0.7783349752426147, 'Surprised': 0.0008621587185189128, 'Unknown': 0.0005155763938091695}",Puts his hand out.
LAURA,02:24:44,02:24:45,Neutral,"{'Angry': 0.0036967992782592773, 'Disgusted': 0.013094959780573845, 'Fearful': 0.0005387854762375355, 'Happy': 0.009192339144647121, 'Neutral': 0.9509245157241821, 'Other': 3.3946565963560715e-05, 'Sad': 0.021850310266017914, 'Surprised': 0.0006343115237541497, 'Unknown': 3.407559415791184e-05}",They don't like talking.
SAM,02:24:45,02:24:51,Happy,"{'Angry': 0.00021794148779008538, 'Disgusted': 0.000832976249512285, 'Fearful': 0.0002121644647559151, 'Happy': 0.9194843173027039, 'Neutral': 0.06640703231096268, 'Other': 0.0006234094616957009, 'Sad': 0.0005710663972422481, 'Surprised': 7.811594696249813e-05, 'Unknown': 0.01157295424491167}",Oh he has some sort of vow of silence. We should respect it and also make fun of it when he's gone.
LIAM,02:24:51,02:24:56,Happy,"{'Angry': 4.971432645106688e-05, 'Disgusted': 0.00045929482439532876, 'Fearful': 0.00022969351266510785, 'Happy': 0.9722580909729004, 'Neutral': 0.008178993128240108, 'Other': 0.00013988983118906617, 'Sad': 0.0003111904952675104, 'Surprised': 4.274150796845788e-06, 'Unknown': 0.018368760123848915}",Is that the end of that? It's fine. (whispering) I've got a flask.
MATT,02:24:56,02:25:51,Happy,"{'Angry': 7.76884553488344e-06, 'Disgusted': 9.343724377686158e-05, 'Fearful': 6.903710891492665e-05, 'Happy': 0.9987653493881226, 'Neutral': 7.866269152145833e-05, 'Other': 6.570056575583294e-05, 'Sad': 0.000817478692624718, 'Surprised': 2.2479624021798372e-05, 'Unknown': 7.999628724064678e-05}","As Grog steps out in the central chamber, you can hear his footfalls echoing throughout the site, and as you look up, you can see now the light source from above, there is what looks like a stained-glass domed roof to the top of the central chamber. There is a dark spot in the center, where you can see the shadow from the early afternoon sun is being blocked from the giant statue of Kord that remains at the top of this temple, who is currently, essentially, now looking at the structure, straddling the top of this giant domed stained glass roof, and so underneath this statue is where the top of this structure is, and through it, these beams of light are coming down, multicolored and cascading onto this central chamber. Sitting in the center, you see, cross-legged, arms to the side, eyes closed, there sits Earthbreaker Groon, the Dawn Marshal himself. Quiet, as you approach."
TRAVIS,02:25:51,02:25:52,Neutral,"{'Angry': 9.467377822147682e-05, 'Disgusted': 0.0004200829134788364, 'Fearful': 1.3356192539504264e-05, 'Happy': 0.0001919530623126775, 'Neutral': 0.999103307723999, 'Other': 3.2868294965737732e-06, 'Sad': 0.0001501282531535253, 'Surprised': 2.1689911591238342e-05, 'Unknown': 1.5900664038781542e-06}",Eyes closed?
MATT,02:25:52,02:25:53,Neutral,"{'Angry': 2.4073788154055364e-06, 'Disgusted': 4.326887506067578e-07, 'Fearful': 3.672041088975675e-07, 'Happy': 2.028649305430008e-06, 'Neutral': 0.9999910593032837, 'Other': 4.924446983523012e-08, 'Sad': 1.1739914498321014e-06, 'Surprised': 2.513753770472249e-06, 'Unknown': 1.0952648565876189e-08}",Eyes closed.
TRAVIS,02:25:53,02:26:06,Neutral,"{'Angry': 1.821244268285227e-06, 'Disgusted': 8.223478857871669e-07, 'Fearful': 2.8614249458769336e-07, 'Happy': 2.1187413494772045e-06, 'Neutral': 0.9999908208847046, 'Other': 3.778284280997468e-07, 'Sad': 2.847138375727809e-06, 'Surprised': 7.060568236738618e-07, 'Unknown': 1.516362999609555e-07}","I step forward and say: (coughs) Sorry to disturb, I'm looking for Earthbreaker Groon."
MATT,02:26:06,02:26:48,Neutral,"{'Angry': 1.0889455569901285e-13, 'Disgusted': 3.694293541868163e-15, 'Fearful': 7.373621917382473e-16, 'Happy': 1.2844038983425565e-13, 'Neutral': 1.0, 'Other': 7.842804584174063e-16, 'Sad': 4.1794700838225507e-13, 'Surprised': 4.9502319832226555e-14, 'Unknown': 2.7672360981308283e-15}","You see an eyebrow twitch for a second. Eyes remain closed, and the head turns for a second. Hands come together like this, and in that one motion stands to his feet, almost like it was effortless, from what would seem like a very uncomfortable position, suddenly is fully standing with a swift movement. In place, rotates and turns towards you, eyes still closed, at which point the eyes open-- and you saw pupils previously, but in this moment of what seems to be serious meditation, there is this luminescent white light that encompasses the entirety of each eye, just looking straight towards you, the hands still clasped in the center. They're staring straight at you."
TRAVIS,02:26:48,02:26:49,Happy,"{'Angry': 0.011515796184539795, 'Disgusted': 0.01336715929210186, 'Fearful': 0.0013907463289797306, 'Happy': 0.4513099491596222, 'Neutral': 0.30878716707229614, 'Other': 0.00022998351778369397, 'Sad': 0.17108482122421265, 'Surprised': 0.04227420687675476, 'Unknown': 4.020047708763741e-05}",Okay.
MATT,02:26:49,02:26:59,Neutral,"{'Angry': 3.00397964695439e-14, 'Disgusted': 1.0528676709094893e-15, 'Fearful': 1.51220077389261e-16, 'Happy': 3.628775204584864e-14, 'Neutral': 1.0, 'Other': 2.921622834663179e-16, 'Sad': 1.0418813571220695e-13, 'Surprised': 1.7261494696715202e-14, 'Unknown': 6.991412593614955e-16}","""You have found the Earthbreaker. What do you ask of me?"""
TRAVIS,02:26:59,02:27:19,Neutral,"{'Angry': 7.242025311686093e-14, 'Disgusted': 2.845183458068958e-15, 'Fearful': 4.681884618697499e-16, 'Happy': 9.746027498491044e-14, 'Neutral': 1.0, 'Other': 6.458037534915698e-16, 'Sad': 2.9067200035814977e-13, 'Surprised': 3.471157958507068e-14, 'Unknown': 2.1476653785321978e-15}","I keep the little bit of pee that's about to fall out from falling out, and I say: I happened to see you amongst the crowd at my recent tussle. It seemed that everyone there seemed to know who you were. I wanted to at least introduce myself."
MATT,02:27:19,02:27:24,Neutral,"{'Angry': 2.011496326304041e-05, 'Disgusted': 5.167075869394466e-05, 'Fearful': 3.410737190279178e-05, 'Happy': 0.0018165113870054483, 'Neutral': 0.9975913763046265, 'Other': 1.2175293704785872e-05, 'Sad': 0.0004159215313848108, 'Surprised': 3.4744440199574456e-05, 'Unknown': 2.34143062698422e-05}","""You are Grog the Victorious."""
TRAVIS,02:27:24,02:27:26,Neutral,"{'Angry': 5.038387462263927e-05, 'Disgusted': 8.640285523142666e-05, 'Fearful': 0.00011131088103866205, 'Happy': 0.0034975658636540174, 'Neutral': 0.9948475360870361, 'Other': 2.6554460418992676e-05, 'Sad': 0.0007080275099724531, 'Surprised': 0.0006576552987098694, 'Unknown': 1.4430044757318683e-05}",That's right! (coughs) That's right.
MATT,02:27:26,02:27:57,Neutral,"{'Angry': 4.468574219419069e-13, 'Disgusted': 1.625385413826612e-14, 'Fearful': 3.488492699530864e-15, 'Happy': 6.089681710286232e-13, 'Neutral': 1.0, 'Other': 1.7737184376486717e-15, 'Sad': 1.7323025609458642e-12, 'Surprised': 1.3931175278040359e-13, 'Unknown': 1.0210472265316343e-14}","""Once called Philip. Known as one of Vox Machina, the travelling band from Emon. Slayer of demons that once usurped Uriel himself. I know of your travels. I know of your deeds. What else do you ask of the Earthbreaker?"""
TRAVIS,02:27:57,02:28:26,Neutral,"{'Angry': 4.9632220805017474e-14, 'Disgusted': 1.9847131801394155e-15, 'Fearful': 2.976622536812973e-16, 'Happy': 6.739425776345134e-14, 'Neutral': 1.0, 'Other': 5.028775844938065e-16, 'Sad': 1.517044953200375e-13, 'Surprised': 3.0240312885081513e-14, 'Unknown': 1.502409549478383e-15}","I don't really ask. I only mean to say that Vox Machina is at your disposal, if you would ever need someone outside of the amazing Braving Grounds, Vasselheim. We're really amazing."
ORION,02:28:26,02:28:30,Neutral,"{'Angry': 4.131500439615195e-14, 'Disgusted': 1.7385227363825979e-15, 'Fearful': 2.6137059766059476e-16, 'Happy': 5.559711152287698e-14, 'Neutral': 1.0, 'Other': 5.053371564143962e-16, 'Sad': 1.284639170213986e-13, 'Surprised': 2.7236806898951228e-14, 'Unknown': 1.4009554370671704e-15}","We know where they're at, right?"
MARISHA,02:28:30,02:28:31,Neutral,"{'Angry': 0.00013661854609381407, 'Disgusted': 9.982103620131966e-06, 'Fearful': 0.00015545279893558472, 'Happy': 0.00212175864726305, 'Neutral': 0.9974544644355774, 'Other': 6.070660560908436e-07, 'Sad': 3.947245204471983e-05, 'Surprised': 8.163383608916774e-05, 'Unknown': 9.110546206336778e-10}",No.
ORION,02:28:31,02:28:32,Neutral,"{'Angry': 0.0019601969979703426, 'Disgusted': 0.0009389718761667609, 'Fearful': 0.0009754107450135052, 'Happy': 0.0038395195733755827, 'Neutral': 0.9903588891029358, 'Other': 0.00017673381080385298, 'Sad': 0.0007905431557446718, 'Surprised': 3.157206447212957e-05, 'Unknown': 0.0009281152742914855}",We don't know where they're at?
TRAVIS,02:28:32,02:28:34,Neutral,"{'Angry': 0.0023916803766041994, 'Disgusted': 0.003207720350474119, 'Fearful': 0.00027445799787528813, 'Happy': 0.011859560385346413, 'Neutral': 0.9764744639396667, 'Other': 0.00011576891120057553, 'Sad': 0.004574309103190899, 'Surprised': 0.0006857339758425951, 'Unknown': 0.000416402006521821}",If you would just keep us in mind.
MATT,02:28:34,02:30:06,Neutral,"{'Angry': 4.556329002980419e-08, 'Disgusted': 1.4581858387430202e-08, 'Fearful': 1.2737185750566482e-09, 'Happy': 1.3596552150829666e-07, 'Neutral': 0.9999998807907104, 'Other': 9.546341495081379e-09, 'Sad': 4.445165657784855e-08, 'Surprised': 6.003451957781181e-09, 'Unknown': 6.832007404256046e-09}","At this point in time, his eyelids close, and they open again, and there's a softness that there wasn't before. The white light has faded, and you can now see beneath them these extremely piercing very, very light blue, almost white irises that surround his pupils. And from his old, weathered, wrinkled face from underneath his beard, you can see a smile slowly crawl across his cheeks. His hands release and rest to his side. He lifts his head slightly as if to look down at you from upon this dais, not with judgment, but with curiosity. His voice echoes and booms through this with even but a whisper from his throat, once again saying, ""Your piety is accepted. Perhaps there may be a use for Kord of you and your compatriots in the future. Should this day arise, you will know, and you must hurry. Dark times are ahead. I can see the veils twisting. Many, many evil minds come to rend the peace apart. There will be a day I call for you, Grog the Victorious. Stay alive."""
TRAVIS,02:30:06,02:30:14,Neutral,"{'Angry': 1.623046697041275e-10, 'Disgusted': 3.1682783566827633e-12, 'Fearful': 6.119431675798148e-13, 'Happy': 6.136560704028682e-11, 'Neutral': 1.0, 'Other': 1.1220241586968466e-13, 'Sad': 8.387124328379514e-11, 'Surprised': 9.373942594370632e-12, 'Unknown': 5.61982372530162e-13}",I mean to. Thank you. It has been an honor being in your presence.
MATT,02:30:14,02:30:28,Neutral,"{'Angry': 4.880071227762045e-14, 'Disgusted': 1.887724731305246e-15, 'Fearful': 2.8924907246291435e-16, 'Happy': 6.597977372790886e-14, 'Neutral': 1.0, 'Other': 4.687495682577467e-16, 'Sad': 1.536711431932361e-13, 'Surprised': 2.922456452726131e-14, 'Unknown': 1.382005827729434e-15}","He steps back to his position originally. ""Now go."" He turns around and sits back into his meditate position and closes his eyes and disappears back into the same place where you originally saw him."
TRAVIS,02:30:28,02:30:32,Neutral,"{'Angry': 4.7242609130249136e-12, 'Disgusted': 2.27414658285352e-13, 'Fearful': 5.128200042891183e-14, 'Happy': 5.8284006961006884e-12, 'Neutral': 1.0, 'Other': 1.7710081651515185e-14, 'Sad': 1.0335694106133886e-11, 'Surprised': 1.3301899729270539e-12, 'Unknown': 9.466735663606063e-14}","I turn around and I go: Guys, his fucking eyes are glowing."
LIAM,02:30:32,02:30:34,Angry,"{'Angry': 0.9999998807907104, 'Disgusted': 4.831994360188219e-09, 'Fearful': 4.0479364304957244e-10, 'Happy': 3.1540672296159755e-08, 'Neutral': 7.763655673898029e-08, 'Other': 2.983059632644114e-10, 'Sad': 1.3328739223439356e-09, 'Surprised': 1.70023184420387e-09, 'Unknown': 2.8732308199330703e-11}",(whispers) We're not here.
LAURA,02:30:34,02:30:35,Neutral,"{'Angry': 2.0570685421716917e-07, 'Disgusted': 1.1959510004544427e-07, 'Fearful': 1.917083380931217e-08, 'Happy': 3.4355778666395054e-07, 'Neutral': 0.9999986886978149, 'Other': 8.839779574998374e-09, 'Sad': 5.378821583690296e-07, 'Surprised': 2.2683053657601704e-08, 'Unknown': 7.985466510262995e-09}",(whispers) You've got to go.
SAM,02:30:35,02:30:37,Neutral,"{'Angry': 3.367411627319683e-10, 'Disgusted': 9.51190862186202e-11, 'Fearful': 1.910716376785082e-11, 'Happy': 7.13131276253165e-10, 'Neutral': 1.0, 'Other': 4.2286738347052655e-12, 'Sad': 8.713285648553892e-10, 'Surprised': 1.5489169669091751e-10, 'Unknown': 8.59789583279591e-12}",You kept it together great!
TRAVIS,02:30:37,02:30:38,Angry,"{'Angry': 0.9240868091583252, 'Disgusted': 1.177305148303276e-05, 'Fearful': 3.7365148841672635e-07, 'Happy': 0.00025436352007091045, 'Neutral': 0.07561217993497849, 'Other': 2.0466760020099173e-07, 'Sad': 2.699500873859506e-05, 'Surprised': 7.266917691595154e-06, 'Unknown': 4.437320555439328e-08}",Thanks. Did you hear all of that?
SAM,02:30:38,02:30:40,Neutral,"{'Angry': 8.454694583326372e-11, 'Disgusted': 7.592133519085387e-12, 'Fearful': 1.5678312597841582e-12, 'Happy': 1.906596269751759e-10, 'Neutral': 1.0, 'Other': 1.0269976058810415e-12, 'Sad': 1.4300624573415632e-10, 'Surprised': 1.7795947007681612e-11, 'Unknown': 2.18612974944854e-12}","Yeah, I couldn't hear much, but it was great."
TRAVIS,02:30:40,02:30:42,Neutral,"{'Angry': 4.025174291100164e-12, 'Disgusted': 1.8130904221556887e-13, 'Fearful': 4.6277143629733924e-14, 'Happy': 7.259347203220079e-12, 'Neutral': 1.0, 'Other': 1.294970905410097e-14, 'Sad': 9.886948031112563e-12, 'Surprised': 1.1007488323611092e-12, 'Unknown': 8.7237278490436e-14}",I almost had an aneurysm.
LIAM,02:30:42,02:30:44,Neutral,"{'Angry': 0.0008332579745911062, 'Disgusted': 0.0018885863246396184, 'Fearful': 0.0025031997356563807, 'Happy': 0.004369187168776989, 'Neutral': 0.9809128642082214, 'Other': 0.00010683124128263444, 'Sad': 0.001823490485548973, 'Surprised': 4.884122245130129e-05, 'Unknown': 0.007513685617595911}",He sounded very serious.
TRAVIS,02:30:44,02:30:46,Other,"{'Angry': 0.0001980196248041466, 'Disgusted': 0.009057456627488136, 'Fearful': 4.755159534397535e-05, 'Happy': 0.00010803260374814272, 'Neutral': 8.473861089441925e-05, 'Other': 0.9900997281074524, 'Sad': 0.0001936774788191542, 'Surprised': 1.2791346307494678e-05, 'Unknown': 0.00019802946189884096}",Yeah we should go. He's cool.
SAM,02:30:46,02:30:48,Neutral,"{'Angry': 1.0911940080404747e-05, 'Disgusted': 3.4238205444125924e-06, 'Fearful': 1.5273551525751827e-06, 'Happy': 8.741965757508297e-06, 'Neutral': 0.9998869895935059, 'Other': 5.076028628536733e-06, 'Sad': 6.994636351009831e-05, 'Surprised': 2.0527178890006326e-07, 'Unknown': 1.3173614206607454e-05}",Do you think I should shit somewhere--
LAURA,02:30:48,02:30:49,Neutral,"{'Angry': 9.275435331801418e-06, 'Disgusted': 1.586554390087258e-07, 'Fearful': 4.939784048474394e-08, 'Happy': 0.00014410953735932708, 'Neutral': 0.9998372793197632, 'Other': 7.290202574949944e-08, 'Sad': 6.386042059602914e-06, 'Surprised': 2.57517467616708e-06, 'Unknown': 4.320503066423953e-09}",No. Just go.
SAM,02:30:49,02:30:51,Neutral,"{'Angry': 0.004650942515581846, 'Disgusted': 0.008145620115101337, 'Fearful': 0.0025023329071700573, 'Happy': 0.04584328457713127, 'Neutral': 0.8857862949371338, 'Other': 0.00032272160751745105, 'Sad': 0.026961948722600937, 'Surprised': 0.024988729506731033, 'Unknown': 0.0007980999071151018}","Okay, we'll just go, then."
TRAVIS,02:30:51,02:30:52,Angry,"{'Angry': 0.2034987360239029, 'Disgusted': 0.11305054277181625, 'Fearful': 0.02045673131942749, 'Happy': 0.09621182084083557, 'Neutral': 0.18891602754592896, 'Other': 0.0001445165544282645, 'Sad': 0.19728374481201172, 'Surprised': 0.179899662733078, 'Unknown': 0.0005381842493079603}","Yeah, sans shit. And we're out."
LIAM,02:30:52,02:30:53,Neutral,"{'Angry': 0.006497601047158241, 'Disgusted': 0.006821484304964542, 'Fearful': 0.0014248271472752094, 'Happy': 0.07765749841928482, 'Neutral': 0.8936060667037964, 'Other': 3.4619613870745525e-05, 'Sad': 0.005103630945086479, 'Surprised': 0.008801144547760487, 'Unknown': 5.315344242262654e-05}",Better be safe.
SAM,02:30:53,02:30:55,Neutral,"{'Angry': 0.0006117658922448754, 'Disgusted': 0.0010944007663056254, 'Fearful': 0.0005599552532657981, 'Happy': 0.02698984369635582, 'Neutral': 0.957738995552063, 'Other': 0.00021903113520238549, 'Sad': 0.0015383167192339897, 'Surprised': 3.666127668111585e-05, 'Unknown': 0.011210977099835873}",Better be safe?
LIAM,02:30:55,02:30:56,Neutral,"{'Angry': 0.011752751655876637, 'Disgusted': 0.015064346604049206, 'Fearful': 0.0010066534159705043, 'Happy': 0.1839277297258377, 'Neutral': 0.7301679253578186, 'Other': 0.00011638198338914663, 'Sad': 0.010441248305141926, 'Surprised': 0.04748018458485603, 'Unknown': 4.282989539206028e-05}",Just a little one.
"LAURA, TRAVIS",02:30:56,02:30:57,Neutral,"{'Angry': 0.00017839547945186496, 'Disgusted': 0.0004660234844777733, 'Fearful': 0.00012063338363077492, 'Happy': 0.03255355730652809, 'Neutral': 0.9573423266410828, 'Other': 0.00017366088286507875, 'Sad': 0.00024616203154437244, 'Surprised': 0.00864415057003498, 'Unknown': 0.00027502403827384114}",No.
SAM,02:30:57,02:30:59,Neutral,"{'Angry': 3.3297772461082786e-05, 'Disgusted': 3.8105736166471615e-05, 'Fearful': 6.4081391428771894e-06, 'Happy': 0.008146721869707108, 'Neutral': 0.991588294506073, 'Other': 1.6941146895987913e-05, 'Sad': 4.1075050830841064e-05, 'Surprised': 2.515688720450271e-06, 'Unknown': 0.0001266464387299493}","No? Okay, we'll just go."
TRAVIS,02:30:59,02:31:04,Neutral,"{'Angry': 0.000591536401771009, 'Disgusted': 0.0028538668993860483, 'Fearful': 0.003155552316457033, 'Happy': 0.011918270029127598, 'Neutral': 0.947881817817688, 'Other': 0.0005217288853600621, 'Sad': 0.002262166002765298, 'Surprised': 8.940159750636667e-05, 'Unknown': 0.030725650489330292}","And we make our way out of the golden-floored, glowing-eyed guy's house."
MATT,02:31:04,02:31:18,Neutral,"{'Angry': 1.8941510686321106e-12, 'Disgusted': 9.353929170943451e-14, 'Fearful': 3.029030476962846e-14, 'Happy': 2.8453830003966063e-12, 'Neutral': 1.0, 'Other': 9.01758729536864e-15, 'Sad': 7.785291508688452e-12, 'Surprised': 8.319624828466432e-13, 'Unknown': 5.667193534657049e-14}","You are escorted out of the Trial Forge. You eventually meet up with the rest of Vox Machina. You carrying to your side, strapped, a dried hogshead filled with black powder and a cart of about 100 pounds of iron ingots."
TRAVIS,02:31:18,02:31:20,Neutral,"{'Angry': 0.13973894715309143, 'Disgusted': 0.11913729459047318, 'Fearful': 0.0024798300582915545, 'Happy': 0.11230630427598953, 'Neutral': 0.4964418411254883, 'Other': 0.0014477699296548963, 'Sad': 0.12174001336097717, 'Surprised': 0.005683358758687973, 'Unknown': 0.0010246873134747148}",Ooh! You want me to hold onto all that for you?
TALIESIN,02:31:20,02:31:25,Neutral,"{'Angry': 2.1079175731297806e-12, 'Disgusted': 1.0748948389358026e-13, 'Fearful': 2.3819569363800475e-14, 'Happy': 2.4307513467325403e-12, 'Neutral': 1.0, 'Other': 1.0253954701663643e-14, 'Sad': 6.637555088895297e-12, 'Surprised': 8.652740524951741e-13, 'Unknown': 4.8371557952696376e-14}","Actually, if you could just help load it onto the ship, that would be lovely."
SAM,02:31:25,02:31:26,Neutral,"{'Angry': 2.8442100301617756e-05, 'Disgusted': 3.6617034311348107e-06, 'Fearful': 1.2851999144913862e-06, 'Happy': 0.0001755251723807305, 'Neutral': 0.9996108412742615, 'Other': 1.4392458069778513e-06, 'Sad': 0.0001646585442358628, 'Surprised': 1.3926074643677566e-05, 'Unknown': 1.6232502275670413e-07}",Are we going on the airship?
ORION,02:31:26,02:31:28,Neutral,"{'Angry': 3.608062112969712e-11, 'Disgusted': 4.784792787676517e-12, 'Fearful': 9.837189656608514e-13, 'Happy': 1.747730155043925e-10, 'Neutral': 1.0, 'Other': 4.5013802798046787e-13, 'Sad': 1.1731376980961272e-10, 'Surprised': 9.9533428374321e-12, 'Unknown': 1.534518280672803e-12}","If we could fit it in the Bag of Holding, it would be much better."
TALIESIN,02:31:28,02:31:32,Neutral,"{'Angry': 0.0015244310488924384, 'Disgusted': 0.01319114025682211, 'Fearful': 0.002492183819413185, 'Happy': 0.0030656312592327595, 'Neutral': 0.9018705487251282, 'Other': 0.0014403872191905975, 'Sad': 0.057294126600027084, 'Surprised': 0.00022469689429271966, 'Unknown': 0.01889694109559059}","Sure. Certainly, if we can put it in the Bag of Holding, that would be fine."
LAURA,02:31:32,02:31:34,Neutral,"{'Angry': 4.5765164990996254e-09, 'Disgusted': 1.9514683202714878e-09, 'Fearful': 4.805155717768628e-10, 'Happy': 1.310364616813331e-08, 'Neutral': 1.0, 'Other': 3.0495578284828184e-10, 'Sad': 8.438335363791793e-09, 'Surprised': 2.2830171086951623e-09, 'Unknown': 1.6542757441673217e-10}",Is that a pig's head?
MARISHA,02:31:34,02:31:35,Neutral,"{'Angry': 3.874928552249912e-06, 'Disgusted': 9.010415169541375e-08, 'Fearful': 1.882255595830884e-08, 'Happy': 1.227455641128472e-06, 'Neutral': 0.9999942779541016, 'Other': 1.1236525487845483e-08, 'Sad': 3.817788751803164e-07, 'Surprised': 5.230258182109537e-08, 'Unknown': 1.971746987905476e-09}",It is literally a pig's head.
TALIESIN,02:31:35,02:31:40,Neutral,"{'Angry': 1.0896624713652159e-09, 'Disgusted': 7.485792541395142e-10, 'Fearful': 4.1233844116916885e-10, 'Happy': 1.2685429595649111e-08, 'Neutral': 1.0, 'Other': 6.049193784773976e-11, 'Sad': 1.3900367967778493e-08, 'Surprised': 1.2271565985599864e-09, 'Unknown': 1.3638719494057927e-11}","I... Yes, that is in fact a pig's head. It's complicated."
SAM,02:31:40,02:31:46,Neutral,"{'Angry': 7.405017710127026e-10, 'Disgusted': 7.604165908059457e-11, 'Fearful': 6.976520489782034e-12, 'Happy': 2.544262800441288e-09, 'Neutral': 1.0, 'Other': 8.60217713033462e-12, 'Sad': 1.0801727290399299e-09, 'Surprised': 7.793827250246466e-10, 'Unknown': 1.068976938217725e-11}",Let's find Captain Damon and get back on the ship.
ORION,02:31:46,02:31:49,Angry,"{'Angry': 0.9999773502349854, 'Disgusted': 1.1913294883925118e-06, 'Fearful': 6.97778432368068e-07, 'Happy': 1.0406778301330633e-06, 'Neutral': 6.732125712005654e-06, 'Other': 1.7648280845605768e-06, 'Sad': 3.2031512091634795e-06, 'Surprised': 7.763222129142378e-06, 'Unknown': 2.7006836944565293e-07}",I start casting Circle of Teleportation.
MATT,02:31:49,02:32:24,Neutral,"{'Angry': 7.42109661482776e-13, 'Disgusted': 3.6865103255224324e-14, 'Fearful': 9.172391036808836e-15, 'Happy': 1.035816723192473e-12, 'Neutral': 1.0, 'Other': 4.432197305297061e-15, 'Sad': 2.8878054461611846e-12, 'Surprised': 3.2941347132692256e-13, 'Unknown': 2.771537034975454e-14}","As you guys are having this discussion, you look over and you can see the airship, which is a not too hard to see from this distance, is currently being outfitted, actually being finalized, being outfitted with brand new ballistae. Remember those giant dragon-headed ballistae you saw settled on the walls on the outskirts of Vasselheim? Those have now been affixed to the airship, as the previous air encounter it had, they didn't seem to quite cut through the defenses. You guys notice this just in time, as you see a flash of light and you look over your shoulder, and Tiberius has finished drawing what looks to be a large sigil-- I fixed my pronunciation in that, thank you--"
SAM,02:32:24,02:32:26,Neutral,"{'Angry': 0.010837598703801632, 'Disgusted': 0.013930875808000565, 'Fearful': 0.0005617918213829398, 'Happy': 0.026684025302529335, 'Neutral': 0.901164710521698, 'Other': 0.0006084158085286617, 'Sad': 0.04203314334154129, 'Surprised': 0.00396158080548048, 'Unknown': 0.00021794783242512494}","I like ""siggle."""
MATT,02:32:26,02:32:31,Happy,"{'Angry': 2.466583282512147e-06, 'Disgusted': 7.383195679722121e-06, 'Fearful': 2.6297841486666584e-06, 'Happy': 0.999889612197876, 'Neutral': 2.0874125766567886e-05, 'Other': 8.28805877972627e-06, 'Sad': 1.2616778803931084e-05, 'Surprised': 7.870791023378843e-07, 'Unknown': 5.532920840778388e-05}","I grew up with ""siggle,"" and nevertheless-- I know. Sigil--"
LIAM,02:32:31,02:32:51,Neutral,"{'Angry': 0.00013922402285970747, 'Disgusted': 0.00603555329144001, 'Fearful': 2.0405153918545693e-05, 'Happy': 0.0009593237191438675, 'Neutral': 0.9024926424026489, 'Other': 0.08884613960981369, 'Sad': 0.0005233529955148697, 'Surprised': 0.0001161599502665922, 'Unknown': 0.0008672877447679639}","Since I came in at the halfway mark, I really wanted to go to an ink specialist here in Vasselheim before we left, so can we retcon and go backwards and say that I got the elven sounds for ""vuh"" and ""mm"" put right there?"
LAURA,02:32:51,02:32:53,Neutral,"{'Angry': 0.021246837452054024, 'Disgusted': 0.0031001404859125614, 'Fearful': 9.047655476024374e-05, 'Happy': 0.010677557438611984, 'Neutral': 0.9625450372695923, 'Other': 0.00020861258963122964, 'Sad': 0.0011033964110538363, 'Surprised': 0.0009058188879862428, 'Unknown': 0.0001221589045599103}",Tattooed on his fucking wrist.
LIAM,02:32:53,02:33:05,Neutral,"{'Angry': 5.530826907573783e-10, 'Disgusted': 5.97202010066411e-10, 'Fearful': 3.486850044809309e-11, 'Happy': 2.0348183138452214e-09, 'Neutral': 1.0, 'Other': 2.7381039102714055e-10, 'Sad': 3.3361391427177978e-09, 'Surprised': 3.72906505674564e-09, 'Unknown': 1.505464676532231e-11}","Elven. And then over here, I don't remember much of the mathematics, that my teachers in our homeland--"
SAM,02:33:05,02:33:14,Neutral,"{'Angry': 1.2598935566696112e-12, 'Disgusted': 6.838548959964622e-14, 'Fearful': 1.6363722781854474e-14, 'Happy': 1.7791863902300031e-12, 'Neutral': 1.0, 'Other': 6.651383816554807e-15, 'Sad': 3.579271861536837e-12, 'Surprised': 4.44771606697425e-13, 'Unknown': 5.514478237651603e-14}","Wait, are you saying that someone out there in the world should do the elven symbol for VM and we should all get literally tattooed?"
LIAM,02:33:14,02:33:39,Neutral,"{'Angry': 4.073951913596829e-06, 'Disgusted': 3.1669264899392147e-06, 'Fearful': 3.1973138447938254e-07, 'Happy': 2.697199988688226e-06, 'Neutral': 0.9999802112579346, 'Other': 9.989420277634053e-07, 'Sad': 7.64016203902429e-06, 'Surprised': 3.238453984977241e-07, 'Unknown': 5.907505737923202e-07}","No, that's ridiculous. But over here, I have a mathematical shape. I don't know if you know arithmetic, but I learned arithmetic when I was studying. I learned knife-work, I learned elven poetry, and I learned arithmetic and I had a knack for it. She didn't, but I did. And I would like to get a-- it was called an icosahedron-- right here."
LAURA,02:33:39,02:33:40,Neutral,"{'Angry': 0.025242062285542488, 'Disgusted': 0.012280045077204704, 'Fearful': 0.002745480975136161, 'Happy': 0.06018471717834473, 'Neutral': 0.8493088483810425, 'Other': 0.00011766107490984723, 'Sad': 0.023128995671868324, 'Surprised': 0.026938293129205704, 'Unknown': 5.391845843405463e-05}",Right here?
LIAM,02:33:40,02:33:42,Neutral,"{'Angry': 0.03265248239040375, 'Disgusted': 0.000519743247423321, 'Fearful': 0.0003132475831080228, 'Happy': 0.13866659998893738, 'Neutral': 0.7995634078979492, 'Other': 0.0005291641573421657, 'Sad': 0.002066058572381735, 'Surprised': 0.02558894269168377, 'Unknown': 0.00010043816291727126}",Right here.
MARISHA,02:33:42,02:33:46,Neutral,"{'Angry': 0.005982947535812855, 'Disgusted': 0.006479160860180855, 'Fearful': 0.0011563010048121214, 'Happy': 0.3278103470802307, 'Neutral': 0.6172617077827454, 'Other': 0.0023778113536536694, 'Sad': 0.0005930924089625478, 'Surprised': 0.0003381397109478712, 'Unknown': 0.038000546395778656}","Wait, are we all doing that together?"
SAM,02:33:46,02:33:47,Neutral,"{'Angry': 0.006048321723937988, 'Disgusted': 5.9455538576003164e-05, 'Fearful': 1.4727012285220553e-06, 'Happy': 0.00013025241787545383, 'Neutral': 0.993685781955719, 'Other': 1.062368210114073e-05, 'Sad': 5.5208129197126254e-05, 'Surprised': 4.95893709739903e-06, 'Unknown': 3.958136403525714e-06}",In real life?
MARISHA,02:33:47,02:33:49,Neutral,"{'Angry': 7.983576473524767e-12, 'Disgusted': 2.5202293051952707e-13, 'Fearful': 6.165094747646177e-14, 'Happy': 9.180596387270423e-12, 'Neutral': 1.0, 'Other': 1.051419202218037e-14, 'Sad': 1.3774269919109017e-11, 'Surprised': 1.4981109885611743e-12, 'Unknown': 6.36424235794103e-14}",I'll go with you.
LIAM,02:33:49,02:33:52,Angry,"{'Angry': 0.5996608734130859, 'Disgusted': 0.023864232003688812, 'Fearful': 0.008174460381269455, 'Happy': 0.03907618671655655, 'Neutral': 0.24262675642967224, 'Other': 0.0009064897894859314, 'Sad': 0.024936409667134285, 'Surprised': 0.05856018513441086, 'Unknown': 0.0021944348700344563}",This is real life. But to start--
MARISHA,02:33:52,02:33:56,Neutral,"{'Angry': 0.005012666340917349, 'Disgusted': 0.0016446656081825495, 'Fearful': 0.00019974925089627504, 'Happy': 0.0011354992166161537, 'Neutral': 0.9900289177894592, 'Other': 3.042083335458301e-05, 'Sad': 0.0005900368560105562, 'Surprised': 0.001260175253264606, 'Unknown': 9.780991240404546e-05}","You guys, we got a little day-drunk. Let's go together. Come on."
LIAM,02:33:56,02:34:03,Neutral,"{'Angry': 4.363572437410257e-12, 'Disgusted': 2.2672385887115287e-13, 'Fearful': 4.4351929220183203e-14, 'Happy': 4.493336692307226e-12, 'Neutral': 1.0, 'Other': 1.5772566629504436e-14, 'Sad': 1.0336956117462659e-11, 'Surprised': 1.3446741550099395e-12, 'Unknown': 8.1167033814597e-14}","Just me, the symbol for ""vuh"" and ""mm"" in Elven right there."
MATT,02:34:03,02:34:16,Happy,"{'Angry': 0.021563507616519928, 'Disgusted': 0.00786548387259245, 'Fearful': 0.001487090135924518, 'Happy': 0.7385810017585754, 'Neutral': 0.21813832223415375, 'Other': 0.0011814003810286522, 'Sad': 0.006823670119047165, 'Surprised': 0.0030366231221705675, 'Unknown': 0.0013229544274508953}","All right. So, as you've had this done over the past few days as you were awaiting the return of the other team who went off against a white dragon, apparently, you've had the time to do so, you just haven't quite revealed it to the rest of your allies yet."
LIAM,02:34:16,02:34:17,Angry,"{'Angry': 0.9995773434638977, 'Disgusted': 7.735044346190989e-05, 'Fearful': 2.2498702492157463e-06, 'Happy': 0.0002379772486165166, 'Neutral': 4.6380682761082426e-05, 'Other': 4.154444013693137e-06, 'Sad': 6.033576482877834e-06, 'Surprised': 4.460786658455618e-05, 'Unknown': 3.895465852110647e-06}",All right.
MATT,02:34:17,02:34:28,Neutral,"{'Angry': 3.101092488577706e-06, 'Disgusted': 1.1986645631623105e-06, 'Fearful': 1.0210213474692864e-07, 'Happy': 0.0012681479565799236, 'Neutral': 0.9987169504165649, 'Other': 1.491235366302135e-07, 'Sad': 9.89780619420344e-06, 'Surprised': 2.0867446437478065e-07, 'Unknown': 2.5860521191134467e-07}","All right. But you guys look over your shoulder, and as you're talking about taking an airship, Tiberius has crafted a runic circle into the ground that itself is beginning to pulse with arcane energy, a familiar ""siggle,"" one that you think actually--"
LAURA,02:34:28,02:34:29,Neutral,"{'Angry': 0.03344827517867088, 'Disgusted': 0.00011497690866235644, 'Fearful': 4.288020591047825e-06, 'Happy': 0.010623212903738022, 'Neutral': 0.9554957747459412, 'Other': 1.1878220220751246e-06, 'Sad': 0.00025662293774075806, 'Surprised': 5.529562622541562e-05, 'Unknown': 3.322707016195636e-07}",(whispers) Sigil.
MATT,02:34:29,02:34:36,Happy,"{'Angry': 0.011606678366661072, 'Disgusted': 5.7812980230664834e-05, 'Fearful': 1.2677215863732272e-06, 'Happy': 0.9813521504402161, 'Neutral': 0.006920680869370699, 'Other': 1.8564849597169086e-05, 'Sad': 2.127309562638402e-05, 'Surprised': 6.139635843283031e-06, 'Unknown': 1.5440180504810996e-05}","Sigil. No, I keep fucking it up. I just happily fixed it, and then you caught me."
LIAM,02:34:36,02:34:43,Neutral,"{'Angry': 2.2460961042469751e-13, 'Disgusted': 6.909647126787958e-15, 'Fearful': 1.4961011657245882e-15, 'Happy': 2.431440736683915e-13, 'Neutral': 1.0, 'Other': 1.0565450644499938e-15, 'Sad': 8.196626428806641e-13, 'Surprised': 7.899215136164539e-14, 'Unknown': 4.7134440075210105e-15}",That's pronounced Coke and a cola.
MATT,02:34:43,02:34:53,Neutral,"{'Angry': 8.694596154157352e-09, 'Disgusted': 6.387253392858838e-09, 'Fearful': 8.051910804773854e-10, 'Happy': 9.430449665615015e-08, 'Neutral': 0.9999998807907104, 'Other': 8.482949342969448e-10, 'Sad': 3.1776163922359046e-08, 'Surprised': 2.8750866132298825e-09, 'Unknown': 1.446726960452338e-09}","There we go. The arcane sigil on the ground, a familiar one that you once saw on the beach of one Underdark subterranean island."
MARISHA,02:34:53,02:34:57,Neutral,"{'Angry': 9.881868656691495e-10, 'Disgusted': 1.7115607542361744e-10, 'Fearful': 3.1564820202056865e-11, 'Happy': 1.519851577924669e-09, 'Neutral': 1.0, 'Other': 1.290116190960644e-11, 'Sad': 1.3315983871109438e-09, 'Surprised': 3.770257717139458e-10, 'Unknown': 2.8257413769994244e-11}","Down by the beach, so that we have--"
LAURA,02:34:57,02:34:59,Happy,"{'Angry': 8.921008287643417e-08, 'Disgusted': 6.434243715602861e-08, 'Fearful': 6.685271003448179e-09, 'Happy': 0.9999955892562866, 'Neutral': 3.866469342028722e-06, 'Other': 4.534728148541944e-09, 'Sad': 8.10948179719162e-08, 'Surprised': 2.458450012454705e-07, 'Unknown': 6.050485112929493e-10}",Down over by the bad lands?
MATT,02:34:59,02:35:03,Neutral,"{'Angry': 5.326001683951531e-13, 'Disgusted': 1.732479177479762e-14, 'Fearful': 4.1956633547762974e-15, 'Happy': 6.087104019621148e-13, 'Neutral': 1.0, 'Other': 1.948821641307172e-15, 'Sad': 1.824776007380846e-12, 'Surprised': 1.5897766230624916e-13, 'Unknown': 1.1963052889887166e-14}","Tiberius, you are on the cusp of completing your ritual."
ORION,02:35:03,02:35:07,Neutral,"{'Angry': 4.3641986849252135e-05, 'Disgusted': 1.8914261090685613e-05, 'Fearful': 8.109066584438551e-06, 'Happy': 7.241483399411663e-05, 'Neutral': 0.9996421337127686, 'Other': 6.093611773394514e-06, 'Sad': 3.927978832507506e-05, 'Surprised': 0.0001655628002481535, 'Unknown': 3.845810624625301e-06}","Oh, I choose Emon."
MATT,02:35:07,02:35:16,Neutral,"{'Angry': 8.036736017348958e-14, 'Disgusted': 2.560798498775431e-15, 'Fearful': 4.750645165168827e-16, 'Happy': 9.298837470427673e-14, 'Neutral': 1.0, 'Other': 4.647594607410277e-16, 'Sad': 2.6814756469949186e-13, 'Surprised': 3.815070953377617e-14, 'Unknown': 1.5153602597254277e-15}",All right. The sigil flashes with arcane energy and opens up. You see a small doorway that's sparkling across the ground.
MARISHA,02:35:16,02:35:17,Neutral,"{'Angry': 1.1176160796821932e-06, 'Disgusted': 3.800626586780709e-07, 'Fearful': 2.5839648643000146e-08, 'Happy': 2.091751593980007e-05, 'Neutral': 0.9999748468399048, 'Other': 1.0055077837023418e-06, 'Sad': 1.5507952184634632e-06, 'Surprised': 1.0050728604937831e-07, 'Unknown': 1.0882862255812142e-07}",He's just making the sigil.
LAURA,02:35:17,02:35:20,Neutral,"{'Angry': 1.222185460392211e-06, 'Disgusted': 2.3555161376975775e-08, 'Fearful': 2.1235744274150647e-09, 'Happy': 4.4252297470848134e-07, 'Neutral': 0.9999982118606567, 'Other': 6.716380229754293e-10, 'Sad': 1.1504117480853893e-07, 'Surprised': 6.9810845992890336e-09, 'Unknown': 1.1051495274472245e-09}",We can just pop over to Emon.
MATT,02:35:20,02:35:25,Neutral,"{'Angry': 0.00022499133774545044, 'Disgusted': 0.0003279329393990338, 'Fearful': 7.311104127438739e-05, 'Happy': 0.0005694619030691683, 'Neutral': 0.9954268932342529, 'Other': 0.00010170714085688815, 'Sad': 0.0028980481438338757, 'Surprised': 0.0001864116347860545, 'Unknown': 0.00019147834973409772}",You can see the sigil shimmering as the energy is beginning to fade.
TRAVIS,02:35:25,02:35:26,Neutral,"{'Angry': 0.11168013513088226, 'Disgusted': 0.00111986487172544, 'Fearful': 0.0002492544299457222, 'Happy': 0.019699620082974434, 'Neutral': 0.8642178177833557, 'Other': 1.2327044714766089e-05, 'Sad': 0.000922301784157753, 'Surprised': 0.0020918736699968576, 'Unknown': 6.729022516083205e-06}",We should go in.
TALIESIN,02:35:26,02:35:28,Neutral,"{'Angry': 0.000985670485533774, 'Disgusted': 0.0004892289871349931, 'Fearful': 3.7463651096913964e-05, 'Happy': 0.0012847905745729804, 'Neutral': 0.9952517747879028, 'Other': 0.0005839542136527598, 'Sad': 0.00017177441623061895, 'Surprised': 6.615380698349327e-05, 'Unknown': 0.0011291955597698689}",Let's go!
SAM,02:35:28,02:35:30,Neutral,"{'Angry': 2.30832627318156e-12, 'Disgusted': 9.983868251442832e-14, 'Fearful': 2.434544299283973e-14, 'Happy': 3.0952512688336986e-12, 'Neutral': 1.0, 'Other': 8.047131483304021e-15, 'Sad': 6.583791237885217e-12, 'Surprised': 6.70719068392861e-13, 'Unknown': 5.4229708966674686e-14}",What about the airship? What about Captain Damon?
LAURA,02:35:30,02:35:31,Neutral,"{'Angry': 0.00012414743832778186, 'Disgusted': 0.00020651625527534634, 'Fearful': 5.164198682905408e-06, 'Happy': 0.0003168985713273287, 'Neutral': 0.9990713596343994, 'Other': 1.6153135220520198e-06, 'Sad': 0.0002658073790371418, 'Surprised': 7.403767085634172e-06, 'Unknown': 1.0671938071027398e-06}","The airship was only going to take us to Emon, anyway."
LIAM,02:35:31,02:35:33,Angry,"{'Angry': 0.9983426332473755, 'Disgusted': 0.0002336509496672079, 'Fearful': 4.510752478381619e-05, 'Happy': 0.0003989211400039494, 'Neutral': 0.0008886567084118724, 'Other': 5.768028131569736e-06, 'Sad': 5.529673580895178e-05, 'Surprised': 2.254325954709202e-05, 'Unknown': 7.401521543215495e-06}","I walk right through it and say, Tiberius, where are we going?"
ORION,02:35:33,02:35:36,Neutral,"{'Angry': 2.8955243758232996e-10, 'Disgusted': 4.6719319385379876e-11, 'Fearful': 9.557131128157259e-12, 'Happy': 8.238204562971418e-10, 'Neutral': 1.0, 'Other': 1.0583563539445784e-11, 'Sad': 3.846797880235897e-10, 'Surprised': 2.8715765876263788e-11, 'Unknown': 3.833501918681925e-11}","Emon. I go through, too."
SAM,02:35:36,02:35:37,Neutral,"{'Angry': 0.00023202397278510034, 'Disgusted': 5.953109575784765e-05, 'Fearful': 8.392051427108527e-07, 'Happy': 2.5124203602899797e-05, 'Neutral': 0.9996383190155029, 'Other': 5.37693676960771e-06, 'Sad': 3.221943916287273e-05, 'Surprised': 1.1021060117855086e-06, 'Unknown': 5.490659532370046e-06}",Captain Damon--
ORION,02:35:37,02:35:39,Neutral,"{'Angry': 2.89511376649898e-07, 'Disgusted': 5.713818040931073e-07, 'Fearful': 1.4224065125745256e-07, 'Happy': 1.6074183804448694e-05, 'Neutral': 0.9999786615371704, 'Other': 3.70925477000128e-07, 'Sad': 1.2864358041042578e-06, 'Surprised': 3.295040329476251e-08, 'Unknown': 2.6161771984334337e-06}",I'll hold it for a minute.
LAURA,02:35:39,02:35:40,Angry,"{'Angry': 0.9999310970306396, 'Disgusted': 4.778239599545486e-06, 'Fearful': 1.9448242483122158e-07, 'Happy': 3.640232898760587e-05, 'Neutral': 2.4947688871179707e-05, 'Other': 4.863370577368187e-07, 'Sad': 3.6270711234465125e-07, 'Surprised': 1.6318045936714043e-06, 'Unknown': 1.4150315053029772e-07}","Good thinking, Tiberius!"
MARISHA,02:35:40,02:35:42,Neutral,"{'Angry': 6.801774361520074e-07, 'Disgusted': 6.084640631343063e-07, 'Fearful': 2.6019304755209305e-07, 'Happy': 1.0423312232887838e-05, 'Neutral': 0.9999831914901733, 'Other': 3.6357590715851984e-07, 'Sad': 1.1487089750517043e-06, 'Surprised': 2.4553978406061105e-08, 'Unknown': 3.2512486995983636e-06}","And I just jump in, woohoo!"
MATT,02:35:42,02:35:43,Fearful,"{'Angry': 0.018372515216469765, 'Disgusted': 0.020441314205527306, 'Fearful': 0.7780380845069885, 'Happy': 0.11141379177570343, 'Neutral': 0.05458755046129227, 'Other': 0.0010616931831464171, 'Sad': 0.007299193646758795, 'Surprised': 0.008339907974004745, 'Unknown': 0.0004459850024431944}",You all leap through the sigil--
TALIESIN,02:35:43,02:35:47,Angry,"{'Angry': 0.8419180512428284, 'Disgusted': 0.00014544971054419875, 'Fearful': 5.141030214872444e-06, 'Happy': 5.927311212872155e-05, 'Neutral': 0.15780086815357208, 'Other': 3.3840685773611767e-06, 'Sad': 5.890328247915022e-05, 'Surprised': 4.520927177509293e-06, 'Unknown': 4.2739770833577495e-06}",I keep jumping into things.
MARISHA,02:35:47,02:35:50,Neutral,"{'Angry': 3.789849358781794e-07, 'Disgusted': 4.927091481476964e-07, 'Fearful': 1.7909937355398142e-07, 'Happy': 5.474451882037101e-06, 'Neutral': 0.9999876022338867, 'Other': 6.176598503770947e-07, 'Sad': 2.035488932961016e-06, 'Surprised': 1.7950007702438597e-08, 'Unknown': 3.255771389376605e-06}",I like jumping into things. I like leap of faiths. They're exciting.
MATT,02:35:50,02:35:59,Happy,"{'Angry': 0.0001547588617540896, 'Disgusted': 4.9071484681917354e-05, 'Fearful': 0.0012223481899127364, 'Happy': 0.9982840418815613, 'Neutral': 6.908783234393923e-06, 'Other': 3.185732930433005e-05, 'Sad': 8.35760420159204e-06, 'Surprised': 0.0001425546215614304, 'Unknown': 0.00010008043318521231}","You guys find yourself once again in a small, white room. Familiar; the place that was your immediate sigh of relief when you returned from the Underdark."
MARISHA,02:35:59,02:36:01,Neutral,"{'Angry': 0.00016515766037628055, 'Disgusted': 5.50850345462095e-05, 'Fearful': 3.909402494173264e-06, 'Happy': 0.004792589694261551, 'Neutral': 0.9876519441604614, 'Other': 6.923210094100796e-06, 'Sad': 1.924480966408737e-05, 'Surprised': 0.007302757818251848, 'Unknown': 2.4124210540321656e-06}","Guys, it feels good to be home."
MATT,02:36:01,02:36:17,Neutral,"{'Angry': 8.493328262915156e-10, 'Disgusted': 1.1068850003237429e-10, 'Fearful': 5.4902114104971034e-11, 'Happy': 1.5190234847750617e-08, 'Neutral': 1.0, 'Other': 3.2744913551485677e-12, 'Sad': 3.2775333558276998e-09, 'Surprised': 4.3624862056113045e-10, 'Unknown': 5.8037984140835164e-11}","You push through the doorway, returning once again to the 80-foot circular chamber of white stone, where a vibrant crystal chandelier hangs from the ceiling. There are five other doors around the room, and you are currently in the center of the Traverse Junction within the Alabaster Lyceum."
LIAM,02:36:17,02:36:19,Neutral,"{'Angry': 0.03681834414601326, 'Disgusted': 0.2377312332391739, 'Fearful': 0.004250426776707172, 'Happy': 0.015386867336928844, 'Neutral': 0.6808710694313049, 'Other': 0.0012024661991745234, 'Sad': 0.004300492350012064, 'Surprised': 0.003140863263979554, 'Unknown': 0.01629822328686714}","I mean, we just did this. It wasn't too long ago."
LAURA,02:36:19,02:36:22,Neutral,"{'Angry': 0.00018442048167344183, 'Disgusted': 0.0005540304118767381, 'Fearful': 5.031630280427635e-05, 'Happy': 0.004330249968916178, 'Neutral': 0.9928777813911438, 'Other': 0.00014358777843881398, 'Sad': 0.00021963825565762818, 'Surprised': 1.4928820746717975e-05, 'Unknown': 0.001625027391128242}","So it's okay, we popped out. Is the same guy there?"
MATT,02:36:22,02:36:26,Unknown,"{'Angry': 0.0725184828042984, 'Disgusted': 0.025746304541826248, 'Fearful': 0.007954061031341553, 'Happy': 0.04345007985830307, 'Neutral': 0.3577151894569397, 'Other': 0.0132526820525527, 'Sad': 0.0052933902479708195, 'Surprised': 6.836211832705885e-05, 'Unknown': 0.4740014374256134}",Indeed. Gatekeeper Xanthus is there waiting for you.
MARISHA,02:36:26,02:36:27,Neutral,"{'Angry': 6.944256725205378e-09, 'Disgusted': 7.450053352009434e-10, 'Fearful': 5.207467235202046e-10, 'Happy': 1.548655426120149e-08, 'Neutral': 0.9999998807907104, 'Other': 8.66632599016981e-11, 'Sad': 2.8118151362832577e-08, 'Surprised': 1.1140157596400968e-07, 'Unknown': 1.1979464295541753e-11}",How long have we been gone?
TRAVIS,02:36:27,02:36:29,Neutral,"{'Angry': 2.3026176521057096e-09, 'Disgusted': 6.885404468803813e-10, 'Fearful': 2.0810185519248847e-10, 'Happy': 3.1986811421802486e-08, 'Neutral': 1.0, 'Other': 1.7984071176702088e-10, 'Sad': 4.538979414547839e-09, 'Surprised': 7.351091957374933e-10, 'Unknown': 5.293944727036148e-10}","Hold on, Tiberius wants to say something."
ORION,02:36:29,02:36:46,Happy,"{'Angry': 4.508754500420764e-06, 'Disgusted': 8.394736141781323e-06, 'Fearful': 9.954512734111631e-07, 'Happy': 0.9999567270278931, 'Neutral': 6.082672371121589e-06, 'Other': 4.480041297938442e-06, 'Sad': 1.8922477238447755e-06, 'Surprised': 1.5834893929422833e-07, 'Unknown': 1.682795482338406e-05}","To explain the travel schematic, it would take us a few days to come back on the airship to this particular area if want to go back to Kraghammer. It would be much more efficient if we teleport, as we have, and take a transport to Kraghammer, which is only north of here, as well, which will only probably take a day, right?"
LAURA,02:36:46,02:36:47,Neutral,"{'Angry': 7.571301102871075e-05, 'Disgusted': 1.6266198144876398e-05, 'Fearful': 2.7493535981193418e-06, 'Happy': 0.00011733406427083537, 'Neutral': 0.9997522234916687, 'Other': 2.5372232812514994e-06, 'Sad': 2.5144157916656695e-05, 'Surprised': 7.078882845235057e-06, 'Unknown': 9.610148481442593e-07}",Five days.
SAM,02:36:47,02:36:49,Unknown,"{'Angry': 0.00025076951715163887, 'Disgusted': 0.007462469395250082, 'Fearful': 0.011116471141576767, 'Happy': 0.023669077083468437, 'Neutral': 0.12316536158323288, 'Other': 0.0004998412914574146, 'Sad': 0.0047182054258883, 'Surprised': 1.5393368357763393e-06, 'Unknown': 0.8291162848472595}","Oh shit, did we leave Trinket?"
LAURA,02:36:49,02:36:51,Neutral,"{'Angry': 1.2233273082529195e-05, 'Disgusted': 1.2122847692808136e-05, 'Fearful': 1.0945242138404865e-05, 'Happy': 0.00042402598774060607, 'Neutral': 0.9992561936378479, 'Other': 1.3539255633077119e-05, 'Sad': 2.3115722797228955e-05, 'Surprised': 2.716711549055617e-07, 'Unknown': 0.0002475636429153383}",Trinket is with us.
ORION,02:36:51,02:36:52,Angry,"{'Angry': 0.5618858337402344, 'Disgusted': 0.15930385887622833, 'Fearful': 0.004006929229944944, 'Happy': 0.031178517267107964, 'Neutral': 0.22240698337554932, 'Other': 0.0002155878464691341, 'Sad': 0.01793655753135681, 'Surprised': 0.001186390407383442, 'Unknown': 0.0018793347990140319}",Airship. From here.
MATT,02:36:52,02:36:58,Neutral,"{'Angry': 7.084046457078719e-12, 'Disgusted': 3.611597782990361e-13, 'Fearful': 9.693968853552795e-14, 'Happy': 9.157126446002195e-12, 'Neutral': 1.0, 'Other': 2.3336902885400662e-14, 'Sad': 1.629696551319615e-11, 'Surprised': 1.9280239297453372e-12, 'Unknown': 2.214734878781474e-13}","Oh. It is nearly a week to travel from Emon to Vasselheim in the airship, yes."
ORION,02:36:58,02:36:59,Happy,"{'Angry': 0.0005284079816192389, 'Disgusted': 0.00022820498270448297, 'Fearful': 8.018269727472216e-05, 'Happy': 0.9955134987831116, 'Neutral': 0.0006748734158463776, 'Other': 4.299342617741786e-05, 'Sad': 0.002754948101937771, 'Surprised': 0.00016872736159712076, 'Unknown': 8.158574019034859e-06}",To Kraghammer?
MATT,02:36:59,02:37:01,Happy,"{'Angry': 1.3887110350552234e-09, 'Disgusted': 3.412049975892728e-09, 'Fearful': 2.0299957270708546e-09, 'Happy': 1.0, 'Neutral': 2.1723334242551573e-09, 'Other': 1.0577437814518476e-09, 'Sad': 2.272455557061903e-09, 'Surprised': 1.0747888801176941e-08, 'Unknown': 2.650836217199526e-10}","No, to Kraghammer from here, it's about a three-day travel on horseback."
ORION,02:37:01,02:37:04,Neutral,"{'Angry': 0.002131624147295952, 'Disgusted': 2.1554462819040054e-06, 'Fearful': 2.982914111271384e-07, 'Happy': 1.5239754247886594e-05, 'Neutral': 0.997841477394104, 'Other': 3.25935531009236e-07, 'Sad': 8.117667675833218e-06, 'Surprised': 4.832428999179683e-07, 'Unknown': 2.0710592707473552e-07}","Right. The airship, right?"
MATT,02:37:04,02:37:06,Neutral,"{'Angry': 9.510407039670099e-07, 'Disgusted': 4.2575862835292355e-07, 'Fearful': 6.113591410894514e-08, 'Happy': 1.0431385817355476e-05, 'Neutral': 0.9999868869781494, 'Other': 1.338945025963767e-07, 'Sad': 9.355659926768567e-07, 'Surprised': 1.0561969077116373e-07, 'Unknown': 1.177001465180183e-07}",There is no airship to Kraghammer.
LAURA,02:37:06,02:37:09,Neutral,"{'Angry': 4.83536405360141e-11, 'Disgusted': 6.900727819031394e-12, 'Fearful': 1.782508494106716e-12, 'Happy': 1.7730464318965744e-10, 'Neutral': 1.0, 'Other': 5.307889002457988e-13, 'Sad': 1.307973590547462e-10, 'Surprised': 1.256234873070472e-11, 'Unknown': 3.5299560583595957e-12}","Yeah, but it would have dropped us off in Emon anyway."
ORION,02:37:09,02:37:11,Neutral,"{'Angry': 4.5684206417817563e-10, 'Disgusted': 5.6088852312674575e-11, 'Fearful': 1.2056507701918573e-11, 'Happy': 7.822062997320245e-10, 'Neutral': 1.0, 'Other': 1.944548168320015e-11, 'Sad': 1.5173721168437737e-09, 'Surprised': 6.839902255695307e-11, 'Unknown': 6.938530305866664e-11}",So we just shaved off five days.
SAM,02:37:11,02:37:13,Neutral,"{'Angry': 5.840262019773945e-06, 'Disgusted': 1.267234893020941e-05, 'Fearful': 4.1785947360040154e-06, 'Happy': 0.000428614643169567, 'Neutral': 0.999350368976593, 'Other': 8.396209523198195e-06, 'Sad': 4.05604878324084e-05, 'Surprised': 3.966699182456068e-07, 'Unknown': 0.00014893882325850427}","Good job, Tiberius."
LAURA,02:37:13,02:37:17,Happy,"{'Angry': 0.00618917727842927, 'Disgusted': 0.008014891296625137, 'Fearful': 0.0032222450245171785, 'Happy': 0.8948330283164978, 'Neutral': 0.05150555074214935, 'Other': 0.0015268807765096426, 'Sad': 0.002962094498798251, 'Surprised': 0.000606559042353183, 'Unknown': 0.031139589846134186}","I pop on out and I say, hello again."
MATT,02:37:17,02:37:21,Happy,"{'Angry': 8.160752429375862e-08, 'Disgusted': 1.8222937114842352e-07, 'Fearful': 4.4690011691272957e-07, 'Happy': 0.9999980926513672, 'Neutral': 4.626027418908052e-07, 'Other': 4.9944897995146675e-08, 'Sad': 1.550793484739188e-07, 'Surprised': 3.063723568175192e-07, 'Unknown': 1.914430214355889e-07}","""Yes? Oh, you. You've returned."""
LAURA,02:37:21,02:37:22,Happy,"{'Angry': 0.009679473005235195, 'Disgusted': 0.0032627435866743326, 'Fearful': 0.0024947812780737877, 'Happy': 0.9211596846580505, 'Neutral': 0.033668264746665955, 'Other': 0.0010429519461467862, 'Sad': 8.382663509109989e-05, 'Surprised': 0.0011274224380031228, 'Unknown': 0.027480874210596085}","Yes, we have."
MATT,02:37:22,02:37:27,Happy,"{'Angry': 6.059844236006029e-05, 'Disgusted': 3.374590596649796e-05, 'Fearful': 2.3509601305704564e-05, 'Happy': 0.9995360374450684, 'Neutral': 5.7528204706613906e-06, 'Other': 0.00028741933056153357, 'Sad': 1.9324110326124355e-05, 'Surprised': 1.6817408322822303e-05, 'Unknown': 1.6861024050740525e-05}","""Well, this time, I would like you to fill out the proper paperwork."""
LAURA,02:37:27,02:37:34,Happy,"{'Angry': 0.007753176148980856, 'Disgusted': 0.005722787696868181, 'Fearful': 0.07678727805614471, 'Happy': 0.726759135723114, 'Neutral': 0.0005626302445307374, 'Other': 0.10651294142007828, 'Sad': 0.005005659535527229, 'Surprised': 0.03825097531080246, 'Unknown': 0.032645516097545624}","This time, of course, you already know ahead of time that we are dear friends of Uriel, and we do not need to."
MATT,02:37:34,02:37:53,Happy,"{'Angry': 4.7799233016121434e-08, 'Disgusted': 8.557879027648596e-08, 'Fearful': 2.487713288701343e-07, 'Happy': 0.9999982118606567, 'Neutral': 4.500061834278313e-08, 'Other': 6.603449520525828e-08, 'Sad': 1.1193668569831061e-06, 'Surprised': 1.2086742628980573e-07, 'Unknown': 4.0369005915863454e-08}","""That is not true. I had my ass chewed out by Headmaster Thurmond the last time you came through and told me that. So--"" and he fumbles underneath his desk-- (boof) slams down what looks to be a cluster of about 20 to 25 papers. ""I require you to fill these out so I do not lose my job here in the Lyceum."""
LIAM,02:37:53,02:37:58,Neutral,"{'Angry': 3.7059760815694176e-10, 'Disgusted': 1.2450930564344986e-10, 'Fearful': 2.5438042297598606e-11, 'Happy': 3.3959806078343036e-09, 'Neutral': 1.0, 'Other': 2.4504854742590787e-11, 'Sad': 1.193136367483305e-09, 'Surprised': 1.8119937494898153e-10, 'Unknown': 3.784824190167235e-11}","All right, Vax pulls it over and starts filling it out and says, all right, but you know, we're kind of a big deal here--"
LAURA,02:37:58,02:38:02,Neutral,"{'Angry': 5.064958868983283e-13, 'Disgusted': 1.791149592197689e-14, 'Fearful': 4.495867077876272e-15, 'Happy': 6.100540537144761e-13, 'Neutral': 1.0, 'Other': 2.2246225569549872e-15, 'Sad': 1.9115720291396077e-12, 'Surprised': 1.7128251670727596e-13, 'Unknown': 1.3115708030005026e-14}","I was saying, Percy is so good at paperwork."
ORION,02:38:02,02:38:04,Neutral,"{'Angry': 1.8161282255846345e-08, 'Disgusted': 2.5581975648947264e-08, 'Fearful': 7.348091202175056e-08, 'Happy': 5.290685862746614e-07, 'Neutral': 0.9999988079071045, 'Other': 5.716958018098239e-09, 'Sad': 5.385278996072884e-07, 'Surprised': 2.9421542535601475e-08, 'Unknown': 1.5530465802271465e-08}",I can split the load.
MARISHA,02:38:04,02:38:07,Neutral,"{'Angry': 8.382557343568353e-13, 'Disgusted': 2.882943043363076e-14, 'Fearful': 7.300937808420345e-15, 'Happy': 9.886942610101701e-13, 'Neutral': 1.0, 'Other': 2.777631945250717e-15, 'Sad': 2.7475704003632195e-12, 'Surprised': 2.3575997924740744e-13, 'Unknown': 2.0185391444264844e-14}","I thought we had a lawyer for this. I thought we had Burt Reynolds, esquire."
ORION,02:38:07,02:38:11,Neutral,"{'Angry': 0.001899240305647254, 'Disgusted': 0.006079614628106356, 'Fearful': 0.0001785313943400979, 'Happy': 0.00048400083323940635, 'Neutral': 0.9857090711593628, 'Other': 0.0004360385937616229, 'Sad': 0.0002868835290428251, 'Surprised': 1.9662376871565357e-05, 'Unknown': 0.004906948190182447}",We're doing the paperwork.
LIAM,02:38:11,02:38:23,Neutral,"{'Angry': 5.418928177816813e-14, 'Disgusted': 2.1796478603128625e-15, 'Fearful': 3.2270774738218607e-16, 'Happy': 7.644785412347366e-14, 'Neutral': 1.0, 'Other': 5.025803288688795e-16, 'Sad': 1.6877181618392412e-13, 'Surprised': 3.1711527799299297e-14, 'Unknown': 1.5706962868948407e-15}","I've got it, Burt. Just because you didn't like paperwork, or Elven, doesn't mean I don't. I've got it. But Uriel's not going to be pleased."
LAURA,02:38:23,02:38:24,Neutral,"{'Angry': 0.0008149421191774309, 'Disgusted': 6.022295565344393e-05, 'Fearful': 1.5453787227670546e-06, 'Happy': 0.004138481803238392, 'Neutral': 0.9949145317077637, 'Other': 1.3156437717043445e-06, 'Sad': 4.4766835344489664e-05, 'Surprised': 2.381088415859267e-05, 'Unknown': 4.054274995723972e-07}",He's going to be super pissed.
LIAM,02:38:24,02:38:25,Surprised,"{'Angry': 0.0028194556944072247, 'Disgusted': 0.03698696196079254, 'Fearful': 0.024841830134391785, 'Happy': 0.00738811818882823, 'Neutral': 0.08951082080602646, 'Other': 0.00020151959324721247, 'Sad': 0.0037986624520272017, 'Surprised': 0.8343047499656677, 'Unknown': 0.00014777216711081564}","But don't worry, I'll do it."
MATT,02:38:25,02:38:28,Happy,"{'Angry': 0.0014866827987134457, 'Disgusted': 0.006378957536071539, 'Fearful': 0.2672368288040161, 'Happy': 0.3434828221797943, 'Neutral': 0.013268714770674706, 'Other': 0.023124350234866142, 'Sad': 0.004607301205396652, 'Surprised': 0.3393517732620239, 'Unknown': 0.0010625754948705435}","""I look forward to it. Great."""
ORION,02:38:28,02:38:30,Neutral,"{'Angry': 0.00011392508167773485, 'Disgusted': 4.079282734892331e-05, 'Fearful': 9.887316991807893e-06, 'Happy': 0.0029186755418777466, 'Neutral': 0.9962323307991028, 'Other': 8.744515798753127e-05, 'Sad': 0.00011090502084698528, 'Surprised': 9.381172958455863e-07, 'Unknown': 0.0004850986006204039}","Well, there you are, and here's my--"
SAM,02:38:30,02:38:31,Happy,"{'Angry': 1.1376607433888353e-09, 'Disgusted': 9.043451321133489e-09, 'Fearful': 1.7847292532735537e-09, 'Happy': 1.0, 'Neutral': 2.0651567567142592e-08, 'Other': 2.229773699014004e-09, 'Sad': 4.756111060544299e-09, 'Surprised': 1.0948374429275987e-09, 'Unknown': 2.3450754227383186e-08}",Do you have a bathroom around here?
ORION,02:38:31,02:38:33,Neutral,"{'Angry': 0.00018685484246816486, 'Disgusted': 0.00015297405479941517, 'Fearful': 3.725105125340633e-05, 'Happy': 0.004777427297085524, 'Neutral': 0.9944515824317932, 'Other': 4.12809822591953e-06, 'Sad': 0.00019311360665597022, 'Surprised': 0.00019319189595989883, 'Unknown': 3.5738389669859316e-06}","Oh, Scanlan, hold it."
MATT,02:38:33,02:38:36,Happy,"{'Angry': 3.6519493733067065e-05, 'Disgusted': 4.254237865097821e-05, 'Fearful': 4.569048178382218e-05, 'Happy': 0.9993977546691895, 'Neutral': 0.0002557384723331779, 'Other': 1.0943786037387326e-05, 'Sad': 0.00015413422079291195, 'Surprised': 4.046705726068467e-05, 'Unknown': 1.6137861166498624e-05}","""Down the hall to the left."""
SAM,02:38:36,02:38:38,Happy,"{'Angry': 6.90286439120058e-11, 'Disgusted': 1.2816160632755924e-10, 'Fearful': 3.93503944706719e-11, 'Happy': 1.0, 'Neutral': 8.381898508602603e-10, 'Other': 1.1624330664705695e-10, 'Sad': 5.030365013425353e-10, 'Surprised': 1.7961926390697158e-10, 'Unknown': 2.5835182951294833e-11}",All right. I might make it.
LIAM,02:38:38,02:38:48,Neutral,"{'Angry': 1.6517809689475804e-11, 'Disgusted': 2.3370333446237623e-12, 'Fearful': 3.967154296041775e-13, 'Happy': 3.899326000977865e-11, 'Neutral': 1.0, 'Other': 2.1616116828351156e-13, 'Sad': 5.705096117747388e-11, 'Surprised': 9.376428453111707e-12, 'Unknown': 7.911583714548254e-13}","Vax fills out the entire thing, except for the final signature, and says, Scanlan, could you put the final signature on this?"
ORION,02:38:48,02:38:49,Neutral,"{'Angry': 0.006541893817484379, 'Disgusted': 0.0006642921362072229, 'Fearful': 2.6395819077151828e-05, 'Happy': 0.0006133499555289745, 'Neutral': 0.9818317890167236, 'Other': 3.4217609936604276e-05, 'Sad': 0.00037689393502660096, 'Surprised': 0.00989861786365509, 'Unknown': 1.256835548701929e-05}",Notarize it.
LAURA,02:38:49,02:38:51,Happy,"{'Angry': 0.00585870211943984, 'Disgusted': 0.004825250245630741, 'Fearful': 0.008248329162597656, 'Happy': 0.4769573211669922, 'Neutral': 0.3747478425502777, 'Other': 0.0028599787037819624, 'Sad': 0.004622152075171471, 'Surprised': 0.00016767751367297024, 'Unknown': 0.12171275168657303}",Tiberius is helping.
SAM,02:38:51,02:39:01,Neutral,"{'Angry': 4.6151403011729375e-12, 'Disgusted': 1.9899651316959005e-13, 'Fearful': 5.734073562106354e-14, 'Happy': 5.3925592290171576e-12, 'Neutral': 1.0, 'Other': 1.5230252090958976e-14, 'Sad': 1.0909570989647843e-11, 'Surprised': 1.498962737787879e-12, 'Unknown': 9.697501319756024e-14}",Oh boy. Buttoning up my fly. Final signature? I'll just sign my name.
LIAM,02:39:01,02:39:03,Neutral,"{'Angry': 1.3945039567531126e-11, 'Disgusted': 3.438674475372827e-12, 'Fearful': 6.256011333971578e-13, 'Happy': 3.974458956390592e-11, 'Neutral': 1.0, 'Other': 4.4022755276221237e-13, 'Sad': 8.505580267881285e-11, 'Surprised': 8.42904131909128e-12, 'Unknown': 6.91756602087118e-13}","That works, too."
MATT,02:39:03,02:39:08,Neutral,"{'Angry': 6.006123549895381e-12, 'Disgusted': 3.287619471364217e-13, 'Fearful': 9.44884090674919e-14, 'Happy': 1.4276443742466949e-11, 'Neutral': 1.0, 'Other': 2.034820981145196e-14, 'Sad': 1.731662556403446e-11, 'Surprised': 1.9927197912605887e-12, 'Unknown': 8.674796449746613e-14}","""Thank you kindly. You are free to go."""
LAURA,02:39:08,02:39:09,Angry,"{'Angry': 0.9999899864196777, 'Disgusted': 4.178087692707777e-06, 'Fearful': 3.101589811649319e-07, 'Happy': 3.6574060686689336e-06, 'Neutral': 1.0678480748538277e-06, 'Other': 3.8162909277161816e-07, 'Sad': 2.1677504946637782e-07, 'Surprised': 1.205267494697182e-07, 'Unknown': 1.034042256264911e-07}",Thank you so much.
MATT,02:39:09,02:39:11,Neutral,"{'Angry': 5.891530319157567e-11, 'Disgusted': 7.1738977605595444e-12, 'Fearful': 2.907558525541698e-12, 'Happy': 5.68603386597033e-10, 'Neutral': 1.0, 'Other': 3.055095510341027e-13, 'Sad': 3.0835811681839687e-10, 'Surprised': 4.756350868717618e-11, 'Unknown': 1.2359846219417436e-12}","""Oh, it's been a pleasure."""
LAURA,02:39:11,02:39:12,Neutral,"{'Angry': 7.240604116276472e-09, 'Disgusted': 1.5247405560359084e-09, 'Fearful': 2.8867666590493e-10, 'Happy': 1.2968943963187485e-07, 'Neutral': 0.9999996423721313, 'Other': 8.824247582639444e-11, 'Sad': 1.9418847330143763e-07, 'Surprised': 5.014789028479072e-09, 'Unknown': 1.2746866062673945e-11}",A real pleasure.
MATT,02:39:12,02:39:13,Happy,"{'Angry': 0.00038356680306605995, 'Disgusted': 1.639243600948248e-05, 'Fearful': 6.100114842411131e-05, 'Happy': 0.9578084349632263, 'Neutral': 0.03945189714431763, 'Other': 0.00213769543915987, 'Sad': 8.726127271074802e-05, 'Surprised': 1.0240422852803022e-05, 'Unknown': 4.345384513726458e-05}","""Very much so, thank you."""
LAURA,02:39:13,02:39:14,Neutral,"{'Angry': 6.111345555837033e-06, 'Disgusted': 4.502786850935081e-06, 'Fearful': 6.659118412244425e-08, 'Happy': 1.6704366316844244e-06, 'Neutral': 0.9999855756759644, 'Other': 1.0805188566109791e-07, 'Sad': 1.638400931369688e-06, 'Surprised': 2.94948563350772e-07, 'Unknown': 3.264491610366349e-08}",Thank you.
MATT,02:39:14,02:39:15,Disgusted,"{'Angry': 0.005465699825435877, 'Disgusted': 0.7134421467781067, 'Fearful': 0.0002789172576740384, 'Happy': 0.22179140150547028, 'Neutral': 0.05515673756599426, 'Other': 0.0005575236864387989, 'Sad': 0.0007933355518616736, 'Surprised': 0.001555506489239633, 'Unknown': 0.0009587073000147939}","""Thank you."""
LAURA,02:39:15,02:39:16,Neutral,"{'Angry': 0.005058749578893185, 'Disgusted': 0.029021434485912323, 'Fearful': 0.005670387297868729, 'Happy': 0.005164455622434616, 'Neutral': 0.904376745223999, 'Other': 0.000538359337951988, 'Sad': 0.002833963604643941, 'Surprised': 0.00032237471896223724, 'Unknown': 0.047013524919748306}",Thank you so much.
MATT,02:39:16,02:39:18,Neutral,"{'Angry': 7.371250831944565e-11, 'Disgusted': 6.704227017290121e-12, 'Fearful': 1.5177287595105615e-12, 'Happy': 2.14735132453292e-10, 'Neutral': 1.0, 'Other': 4.2895163332792863e-13, 'Sad': 1.6101088518016837e-10, 'Surprised': 2.0800888789196392e-11, 'Unknown': 1.9867501740988835e-12}","""Thank you so much."""
TRAVIS,02:39:18,02:39:20,Neutral,"{'Angry': 8.16197776032368e-09, 'Disgusted': 3.627600886346727e-09, 'Fearful': 6.722544187987012e-10, 'Happy': 1.611351763131097e-08, 'Neutral': 1.0, 'Other': 5.034300198936137e-10, 'Sad': 1.1878507955032092e-08, 'Surprised': 1.259477411252874e-09, 'Unknown': 2.297059875644436e-09}","Okay, here we go. We'll go out this way."
SAM,02:39:20,02:39:22,Neutral,"{'Angry': 8.83004602769688e-08, 'Disgusted': 4.866437848249916e-07, 'Fearful': 9.842120363146023e-08, 'Happy': 2.7046567652178055e-07, 'Neutral': 0.9999949932098389, 'Other': 7.75404274122593e-08, 'Sad': 3.7933211842755554e-06, 'Surprised': 1.813179295595546e-08, 'Unknown': 2.0287917834593827e-07}","You know what I think? I think you guys hate each other, actually."
MATT,02:39:22,02:39:28,Neutral,"{'Angry': 8.393965981667861e-05, 'Disgusted': 3.259485310991295e-05, 'Fearful': 1.3313559065863956e-05, 'Happy': 0.00034713937202468514, 'Neutral': 0.9992972612380981, 'Other': 2.9276272471179254e-05, 'Sad': 6.108074012445286e-05, 'Surprised': 3.569439650163986e-05, 'Unknown': 9.958836017176509e-05}","""Be on your way. Goodbye. Please, leave now. Go."""
LAURA,02:39:28,02:39:31,Neutral,"{'Angry': 5.653727839671774e-06, 'Disgusted': 5.344832970877178e-06, 'Fearful': 4.551076017378364e-06, 'Happy': 1.1969397746725008e-05, 'Neutral': 0.9995606541633606, 'Other': 3.406114217341383e-07, 'Sad': 0.0004095818439964205, 'Surprised': 9.023708003041975e-07, 'Unknown': 9.545962029733346e-07}",Emon is so beautiful--
SAM,02:39:31,02:39:33,Neutral,"{'Angry': 6.322914636314181e-09, 'Disgusted': 1.8325846395939038e-09, 'Fearful': 2.805486121193468e-10, 'Happy': 6.359489379548222e-09, 'Neutral': 1.0, 'Other': 7.159247500387877e-11, 'Sad': 9.392731037394242e-09, 'Surprised': 1.0636980185552147e-09, 'Unknown': 9.341569878751343e-11}","Don't worry, I shat in the hallway."
LAURA,02:39:33,02:39:36,Neutral,"{'Angry': 7.518473148747373e-14, 'Disgusted': 2.366653465067062e-15, 'Fearful': 4.0981407457897656e-16, 'Happy': 8.54146329945342e-14, 'Neutral': 1.0, 'Other': 4.246365952905552e-16, 'Sad': 2.4952468476863165e-13, 'Surprised': 3.469457116348981e-14, 'Unknown': 1.3815630412562568e-15}",What time of day is it?
MATT,02:39:36,02:39:54,Neutral,"{'Angry': 1.1777857606299486e-13, 'Disgusted': 3.756065113612577e-15, 'Fearful': 7.852803278720808e-16, 'Happy': 1.412133078656716e-13, 'Neutral': 1.0, 'Other': 6.98259021607371e-16, 'Sad': 4.263284874867629e-13, 'Surprised': 5.40753965043439e-14, 'Unknown': 2.586076503020341e-15}","As you guys leave the Lyceum, you enter the main courtyard that leads into it. You are currently within the Cloudtop District of Emon, a clear blue sky dotted with clouds ahead of you. You gather it's probably around 2:00 or 3:00 in the afternoon. No time has passed, since the travel was instantaneous, thanks to teleportation."
LAURA,02:39:54,02:39:56,Surprised,"{'Angry': 0.006548019126057625, 'Disgusted': 0.00392493698745966, 'Fearful': 0.00021971123351249844, 'Happy': 0.002842118265107274, 'Neutral': 0.04114847257733345, 'Other': 5.7827401178656146e-05, 'Sad': 0.002717578550800681, 'Surprised': 0.9425299763679504, 'Unknown': 1.1440325579314958e-05}","You are so good, you."
TALIESIN,02:39:56,02:40:01,Happy,"{'Angry': 9.719309446154512e-07, 'Disgusted': 5.028464329370763e-06, 'Fearful': 2.2645879198535113e-06, 'Happy': 0.9999366998672485, 'Neutral': 2.2507963876705617e-05, 'Other': 3.3226358482352225e-06, 'Sad': 1.7131909771705978e-05, 'Surprised': 1.0443035534990486e-05, 'Unknown': 1.5987826600394328e-06}",Why don't we take a day or two to recuperate and then make our way to Kraghammer?
MARISHA,02:40:01,02:40:04,Neutral,"{'Angry': 3.215604227335689e-09, 'Disgusted': 4.6260115738050445e-09, 'Fearful': 2.3663795367667717e-09, 'Happy': 2.109695458329952e-07, 'Neutral': 0.9999995231628418, 'Other': 3.0526536853869857e-09, 'Sad': 1.7869646740109602e-07, 'Surprised': 3.148246108253261e-09, 'Unknown': 1.8058384787522641e-09}",We are officially drunk in two different cities!
LAURA,02:40:04,02:40:05,Happy,"{'Angry': 0.0008800319046713412, 'Disgusted': 0.0036276665050536394, 'Fearful': 0.00010500614007469267, 'Happy': 0.8088434338569641, 'Neutral': 0.17192591726779938, 'Other': 9.177150786854327e-05, 'Sad': 0.008817099966108799, 'Surprised': 0.00570680433884263, 'Unknown': 2.2433418962464202e-06}",I'm not drunk.
SAM,02:40:05,02:40:07,Neutral,"{'Angry': 0.0002681833866517991, 'Disgusted': 0.000903832376934588, 'Fearful': 0.00012237625196576118, 'Happy': 0.0013575759949162602, 'Neutral': 0.9950608611106873, 'Other': 3.79649136448279e-05, 'Sad': 0.0010024860966950655, 'Surprised': 0.0011864252155646682, 'Unknown': 6.025542825227603e-05}",Is our next destination Kraghammer?
ORION,02:40:07,02:40:09,Neutral,"{'Angry': 0.0001004194127744995, 'Disgusted': 0.00011689898383338004, 'Fearful': 7.439365435857326e-05, 'Happy': 0.004478707909584045, 'Neutral': 0.9945074915885925, 'Other': 2.314755693078041e-05, 'Sad': 0.0004812908882740885, 'Surprised': 8.241139585152268e-05, 'Unknown': 0.0001352700055576861}",Yes. Collect our money.
SAM,02:40:09,02:40:12,Sad,"{'Angry': 0.006482319440692663, 'Disgusted': 0.07681623846292496, 'Fearful': 0.010585048235952854, 'Happy': 0.14458772540092468, 'Neutral': 0.1522117555141449, 'Other': 0.19116735458374023, 'Sad': 0.320732444524765, 'Surprised': 0.09416601806879044, 'Unknown': 0.0032510985620319843}",Let's take a night and then go set off in the morning.
ORION,02:40:12,02:40:14,Neutral,"{'Angry': 3.902873686456587e-07, 'Disgusted': 1.1134052328998223e-06, 'Fearful': 2.9582486149593024e-07, 'Happy': 2.52973654824018e-06, 'Neutral': 0.9999890327453613, 'Other': 3.142463071981183e-07, 'Sad': 4.257247837813338e-06, 'Surprised': 1.4324648134333984e-07, 'Unknown': 1.9988708572782343e-06}","What time is it right now, in the day?"
MATT,02:40:14,02:40:15,Neutral,"{'Angry': 0.005135803017765284, 'Disgusted': 0.22821177542209625, 'Fearful': 0.00023590731143485755, 'Happy': 0.03198623284697533, 'Neutral': 0.7237406373023987, 'Other': 0.00011477648513391614, 'Sad': 0.006222208961844444, 'Surprised': 0.004327094182372093, 'Unknown': 2.552421938162297e-05}",It's about 4PM.
ORION,02:40:15,02:40:20,Neutral,"{'Angry': 0.0027057635597884655, 'Disgusted': 0.006592645775526762, 'Fearful': 0.0010299835121259093, 'Happy': 0.03918550908565521, 'Neutral': 0.9323545098304749, 'Other': 0.002921005478128791, 'Sad': 0.00892900675535202, 'Surprised': 0.0011823592940345407, 'Unknown': 0.005099321249872446}","Could we ride, maybe? Drunk riding."
MARISHA,02:40:20,02:40:25,Surprised,"{'Angry': 0.015429714694619179, 'Disgusted': 0.0008975142845883965, 'Fearful': 0.00012296924251131713, 'Happy': 0.0007177649531513453, 'Neutral': 0.00014313726569525898, 'Other': 1.89858674275456e-05, 'Sad': 4.13934831158258e-05, 'Surprised': 0.9825398921966553, 'Unknown': 8.868137956596911e-05}",Well... (whining) We haven't been home in so long.
ORION,02:40:25,02:40:27,Neutral,"{'Angry': 2.828059677995043e-06, 'Disgusted': 4.266444648237666e-06, 'Fearful': 5.999319000693504e-06, 'Happy': 5.465118010761216e-05, 'Neutral': 0.9998608827590942, 'Other': 3.059054506593384e-06, 'Sad': 6.110942922532558e-05, 'Surprised': 2.4792805106699234e-06, 'Unknown': 4.7221765271387994e-06}",We can go to the keep and say hi to everyone.
MARISHA,02:40:27,02:40:29,Happy,"{'Angry': 0.0030657334718853235, 'Disgusted': 0.021504495292901993, 'Fearful': 3.232239396311343e-05, 'Happy': 0.9305225014686584, 'Neutral': 0.04244187846779823, 'Other': 0.00013406910875346512, 'Sad': 0.0006270995363593102, 'Surprised': 0.0016313268570229411, 'Unknown': 4.065822213306092e-05}",I need to water the garden. It's probably half dead.
ORION,02:40:29,02:40:31,Sad,"{'Angry': 0.0002978222619276494, 'Disgusted': 0.00025649263989180326, 'Fearful': 0.00025560916401445866, 'Happy': 0.0006646231631748378, 'Neutral': 0.008447322994470596, 'Other': 2.3955750293680467e-05, 'Sad': 0.9897522926330566, 'Surprised': 0.0002864308771677315, 'Unknown': 1.5451778381248005e-05}","No, we have servants that do that."
SAM,02:40:31,02:40:32,Neutral,"{'Angry': 0.0005477140075527132, 'Disgusted': 0.0004243139992468059, 'Fearful': 2.845318340405356e-05, 'Happy': 0.00045846131979487836, 'Neutral': 0.9802723526954651, 'Other': 3.90851801057579e-06, 'Sad': 0.01822132058441639, 'Surprised': 4.1903433157131076e-05, 'Unknown': 1.5959927850417444e-06}",To the keep!
"TALIESIN, TRAVIS",02:40:32,02:40:34,Neutral,"{'Angry': 2.2431689752216988e-12, 'Disgusted': 1.0121091654656175e-13, 'Fearful': 2.8263299022674403e-14, 'Happy': 3.4250265384255796e-12, 'Neutral': 1.0, 'Other': 7.230262226334393e-15, 'Sad': 8.024092675029681e-12, 'Surprised': 8.380559158964462e-13, 'Unknown': 4.3800615803606113e-14}",To the keep.
MATT,02:40:34,02:41:19,Neutral,"{'Angry': 5.590480256500996e-08, 'Disgusted': 2.513442787233089e-08, 'Fearful': 2.5806394798877363e-09, 'Happy': 0.0002337287733098492, 'Neutral': 0.9997653365135193, 'Other': 1.3520502051278527e-08, 'Sad': 6.570397204086476e-07, 'Surprised': 7.455903983100143e-08, 'Unknown': 4.241750062305982e-09}","All right. You guys make your way through the Cloudtop District to the southern edge of Emon, to the lower slums outside of the city, along the southern wall to Greyskull Keep. The visual is welcoming. It looks standing, clean, and in the distance you can see a figure walking across the top of the wall, keeping watch. As you get closer, you can see it is the image of Cordell, the half-orc individual that you guys hired along with Shayne. As you approach the front gate, you see what looks like a tent: a large, thick burlap or linen, brown tent is set up right outside of you guys'--"
LIAM,02:41:19,02:41:20,Neutral,"{'Angry': 4.545612682704814e-06, 'Disgusted': 1.136690457315126e-06, 'Fearful': 1.1454197590410331e-08, 'Happy': 0.00010621282126521692, 'Neutral': 0.9996402263641357, 'Other': 3.5508978157849924e-07, 'Sad': 0.00023195560788735747, 'Surprised': 1.5537063518422656e-05, 'Unknown': 8.117994609868617e-10}",That wasn't there before--
LAURA,02:41:20,02:41:21,Surprised,"{'Angry': 0.0016315145185217261, 'Disgusted': 0.00877671130001545, 'Fearful': 0.0009714710176922381, 'Happy': 0.08600909262895584, 'Neutral': 0.21365590393543243, 'Other': 0.0009103898773901165, 'Sad': 0.08655814826488495, 'Surprised': 0.601405143737793, 'Unknown': 8.161887672031298e-05}",What? What is that?
SAM,02:41:21,02:41:24,Neutral,"{'Angry': 3.200081311049985e-10, 'Disgusted': 1.337362859343827e-10, 'Fearful': 5.964674587577434e-11, 'Happy': 1.6110097700305914e-09, 'Neutral': 1.0, 'Other': 6.03117486508431e-11, 'Sad': 5.245701206746389e-09, 'Surprised': 1.7516012251750368e-10, 'Unknown': 1.488481733702418e-11}",Cordell. Cordell! What is this tent?
MATT,02:41:24,02:41:42,Neutral,"{'Angry': 2.7217811338076103e-13, 'Disgusted': 8.883337655426517e-15, 'Fearful': 1.9266022730347974e-15, 'Happy': 3.462656051646251e-13, 'Neutral': 1.0, 'Other': 1.0836321193120023e-15, 'Sad': 9.384294556713524e-13, 'Surprised': 1.0119933591210689e-13, 'Unknown': 5.474766114359122e-15}","Cordell is looking over the edge as you approach and he gives you a wave. ""Hello."" And you can see Shayne runs up next to him off the top. She has her crossbow at the ready. She goes, ""Oh! Finally, you've arrived. I'm so glad you could make it. Yes, this has been here for about two weeks now."""
SAM,02:41:42,02:41:44,Neutral,"{'Angry': 2.2989803838413536e-08, 'Disgusted': 6.784868222808882e-09, 'Fearful': 1.2817853445312721e-09, 'Happy': 6.591782408804647e-08, 'Neutral': 0.9999998807907104, 'Other': 3.771560841414612e-09, 'Sad': 4.484440907503995e-08, 'Surprised': 5.399212743562032e-10, 'Unknown': 1.7317077549705573e-08}",Is someone inside of it?
MATT,02:41:44,02:41:54,Neutral,"{'Angry': 6.235315811852632e-14, 'Disgusted': 2.376260724513057e-15, 'Fearful': 3.7867645522363883e-16, 'Happy': 8.412151861593789e-14, 'Neutral': 1.0, 'Other': 5.0706928585197205e-16, 'Sad': 1.8645634623955243e-13, 'Surprised': 3.533900060602446e-14, 'Unknown': 1.6666610964122535e-15}","At which point, you hear sudden rustling from inside of the tent and a face pops out, briefly. You can see what looks like humanoid features, and suddenly darts back inside. And you hear more rustling. It sounds like pots and metals clinking around."
LAURA,02:41:54,02:41:56,Neutral,"{'Angry': 1.7462593859818298e-07, 'Disgusted': 2.758026312221773e-06, 'Fearful': 2.1443374009777472e-07, 'Happy': 2.2194160919752903e-05, 'Neutral': 0.999951958656311, 'Other': 3.003412075486267e-06, 'Sad': 1.595883077243343e-05, 'Surprised': 2.1868643784728192e-07, 'Unknown': 3.5434704841463827e-06}",I immediately go over there and throw open the--
MATT,02:41:56,02:43:08,Neutral,"{'Angry': 1.80418773254587e-08, 'Disgusted': 3.6265129788048966e-10, 'Fearful': 8.830531444958822e-11, 'Happy': 2.350363814684897e-08, 'Neutral': 1.0, 'Other': 1.432098016562744e-11, 'Sad': 1.2811971039639047e-08, 'Surprised': 8.123953176841781e-10, 'Unknown': 3.858987435156891e-11}","As you throw open the tent, at that moment, you see another person is pushing out of the tent. And you both have this awkward moment where you both (awkward noises) and he pushes off of you instinctively and rights himself. The tent half collapses behind him and he catches himself and stands there at the ready. You see before you what looks to be a young man, probably in his late teens, 19 to 20 years old. Haphazardly dressed in scale mail armor, a longsword, crossbow, and handaxe, and buckler all dangling from his belts, weighing him down slightly. His dark brown eyes peer from beneath his short, tousled ash-blond hair. And a nervous yet excited smile flashes across his face. ""Oh! You've returned! Ah. You! You, Percival. Percival, the great one who streaks fire from his tube. And the great druid princess. Keyleth, right? And you. You, the dragonborn who controls the elements himself. Tiberius of the Stormwind family, yes. Yes, I've heard of you. Scanlan. Scanlan I've heard your tales across the land. Your womanizing does not reach ears too far from the city."""
SAM,02:43:08,02:43:10,Neutral,"{'Angry': 0.001005212776362896, 'Disgusted': 0.0027376681100577116, 'Fearful': 0.00015373299538623542, 'Happy': 0.004807190503925085, 'Neutral': 0.9897109866142273, 'Other': 0.000255057675531134, 'Sad': 0.0005700478795915842, 'Surprised': 0.00034809758653864264, 'Unknown': 0.00041194085497409105}","Well, I'm... Men, too."
MATT,02:43:10,02:43:28,Happy,"{'Angry': 7.975384619385295e-07, 'Disgusted': 3.8932598727114964e-06, 'Fearful': 9.353087193630927e-07, 'Happy': 0.999954104423523, 'Neutral': 1.4793582522543147e-05, 'Other': 3.655423142845393e-06, 'Sad': 1.1943258868996054e-05, 'Surprised': 8.548630603399943e-07, 'Unknown': 9.07487719814526e-06}","""And you, the twins. Vax'ildan and Vex'ahlia. Oh, the many bodies you've lain at your feet of the evil that crossed your path. And the mighty, muscled Grog. Oh, I am beside myself. I've been waiting for this--"""
LAURA,02:43:28,02:43:29,Neutral,"{'Angry': 4.134404207434272e-06, 'Disgusted': 8.43572797748493e-06, 'Fearful': 3.836943960777717e-06, 'Happy': 3.0836312362225726e-05, 'Neutral': 0.9999183416366577, 'Other': 2.337638534299913e-06, 'Sad': 1.5814215657883324e-05, 'Surprised': 6.139256356618716e-07, 'Unknown': 1.5700907169957645e-05}",Grog the Victorious. Get it right.
MATT,02:43:29,02:43:31,Unknown,"{'Angry': 0.0005553931696340442, 'Disgusted': 0.011789495125412941, 'Fearful': 0.16373439133167267, 'Happy': 0.018785763531923294, 'Neutral': 0.02584303356707096, 'Other': 0.00016952562145888805, 'Sad': 0.009691325947642326, 'Surprised': 7.415620075335028e-06, 'Unknown': 0.7694237232208252}","""The Victorious. Yes, of course!"""
SAM,02:43:31,02:43:34,Angry,"{'Angry': 0.3418334722518921, 'Disgusted': 0.23944799602031708, 'Fearful': 0.02480616234242916, 'Happy': 0.006725108250975609, 'Neutral': 0.07697077840566635, 'Other': 0.0038748979568481445, 'Sad': 0.014099962078034878, 'Surprised': 0.005892501678317785, 'Unknown': 0.2863490879535675}","And you are, young man?"
MATT,02:43:34,02:43:45,Happy,"{'Angry': 0.008145134896039963, 'Disgusted': 0.006034494377672672, 'Fearful': 0.0007889720727689564, 'Happy': 0.7140628695487976, 'Neutral': 0.0773678869009018, 'Other': 0.0754724070429802, 'Sad': 0.004918139427900314, 'Surprised': 0.0009829222690314054, 'Unknown': 0.11222711205482483}","""I am Kynan Leore, son of Harold the butcher, and I wish to join you in your travels."""
LAURA,02:43:45,02:43:49,Neutral,"{'Angry': 8.868830669861438e-11, 'Disgusted': 3.12442398342494e-11, 'Fearful': 4.138950033399924e-12, 'Happy': 1.7368964599917547e-10, 'Neutral': 1.0, 'Other': 4.065729523883288e-12, 'Sad': 2.821746725167884e-10, 'Surprised': 1.6467698732425262e-11, 'Unknown': 1.895152958175661e-11}","Oh, darling! You're so brave and strong."
ORION,02:43:49,02:43:51,Neutral,"{'Angry': 1.3607920129263262e-12, 'Disgusted': 4.649611519912632e-14, 'Fearful': 1.3580009140042471e-14, 'Happy': 1.5768522555401066e-12, 'Neutral': 1.0, 'Other': 3.987374141398202e-15, 'Sad': 4.232305044621354e-12, 'Surprised': 3.9105166587533047e-13, 'Unknown': 3.3330963314891215e-14}","Well, you're welcome to do so--"
SAM,02:43:51,02:43:53,Neutral,"{'Angry': 1.102602167554756e-12, 'Disgusted': 3.8247904870407703e-14, 'Fearful': 1.1365820970206473e-14, 'Happy': 1.5069922306570893e-12, 'Neutral': 1.0, 'Other': 3.324732643464638e-15, 'Sad': 3.976800225929944e-12, 'Surprised': 3.4806803706627365e-13, 'Unknown': 2.256060565957157e-14}","No! No, not at all."
MATT,02:43:53,02:43:58,Neutral,"{'Angry': 7.69019450983649e-14, 'Disgusted': 2.2762053811351164e-15, 'Fearful': 4.3502669846827045e-16, 'Happy': 8.68398438553207e-14, 'Neutral': 1.0, 'Other': 4.487708668286555e-16, 'Sad': 3.0377219836785763e-13, 'Surprised': 3.324087627875304e-14, 'Unknown': 1.425690387313772e-15}","""Really? It would be my honor. It really, truly would be."""
SAM,02:43:58,02:44:08,Neutral,"{'Angry': 5.513057932805647e-14, 'Disgusted': 2.07770130412194e-15, 'Fearful': 3.4860297394784853e-16, 'Happy': 7.159755373211535e-14, 'Neutral': 1.0, 'Other': 5.259688673062612e-16, 'Sad': 1.9481919061922065e-13, 'Surprised': 3.117858822141405e-14, 'Unknown': 1.5581996921866428e-15}","No. This is not an open membership situation. Vox Machina has been together for many years, and we've forged our bonds of friendship--"
MATT,02:44:08,02:44:10,Neutral,"{'Angry': 2.1865801270309904e-12, 'Disgusted': 1.142562064924968e-13, 'Fearful': 2.8915834570514276e-14, 'Happy': 2.9845594311933565e-12, 'Neutral': 1.0, 'Other': 1.0022613910142496e-14, 'Sad': 9.797442371284326e-12, 'Surprised': 5.895571032234204e-13, 'Unknown': 7.412265381557051e-14}","""I can forge my way. I can prove myself."""
ORION,02:44:10,02:44:12,Neutral,"{'Angry': 4.818662091565784e-07, 'Disgusted': 6.06151559168211e-07, 'Fearful': 1.7242474541490083e-06, 'Happy': 1.6065040426838095e-06, 'Neutral': 0.9999881982803345, 'Other': 5.741716790907958e-08, 'Sad': 7.033503607090097e-06, 'Surprised': 1.868630619128453e-07, 'Unknown': 1.414376953334795e-07}","What is your skill, sir?"
MATT,02:44:12,02:44:17,Neutral,"{'Angry': 3.690013992605455e-14, 'Disgusted': 1.5594066082573617e-15, 'Fearful': 2.405196640540685e-16, 'Happy': 5.12890443549012e-14, 'Neutral': 1.0, 'Other': 4.3990791111528057e-16, 'Sad': 1.1575327285226478e-13, 'Surprised': 2.5282539259309685e-14, 'Unknown': 1.205498772839978e-15}","""Well. My father, Harold the butcher, is well known throughout these lands."""
MARISHA,02:44:17,02:44:18,Neutral,"{'Angry': 2.038588354480453e-05, 'Disgusted': 2.775390021270141e-05, 'Fearful': 1.2091225471522193e-05, 'Happy': 4.222019560984336e-05, 'Neutral': 0.9992715716362, 'Other': 6.745171958755236e-07, 'Sad': 0.0006212175358086824, 'Surprised': 3.8404496081057005e-06, 'Unknown': 3.628220213158784e-07}",For?
LAURA,02:44:18,02:44:20,Neutral,"{'Angry': 3.7442059692693874e-05, 'Disgusted': 1.7088654203689657e-05, 'Fearful': 9.784500434761867e-06, 'Happy': 3.759656101465225e-05, 'Neutral': 0.9997490048408508, 'Other': 7.55948690311925e-07, 'Sad': 0.00014092859055381268, 'Surprised': 6.6682764554570895e-06, 'Unknown': 7.03860052908567e-07}","Butchering, I believe."
TRAVIS,02:44:20,02:44:21,Neutral,"{'Angry': 4.919401908409782e-05, 'Disgusted': 1.793481169443112e-05, 'Fearful': 1.4484065104625188e-05, 'Happy': 4.0539365727454424e-05, 'Neutral': 0.999576985836029, 'Other': 8.850026915752096e-07, 'Sad': 0.0002273212157888338, 'Surprised': 7.251390343299136e-05, 'Unknown': 1.0473441847125287e-07}",He's a good butcher. Yep.
MATT,02:44:21,02:44:36,Neutral,"{'Angry': 2.3829148723675253e-11, 'Disgusted': 5.707444065972123e-12, 'Fearful': 2.2145839849441185e-12, 'Happy': 9.401737027792123e-11, 'Neutral': 1.0, 'Other': 6.520378312800668e-13, 'Sad': 1.0093081925788283e-09, 'Surprised': 2.7661175433513208e-11, 'Unknown': 7.647414060514557e-13}","""Well, he is an actual butcher in the upper slums. But! I have been training day and night for months until I was ready to fight alongside you all and I humbly offer my sword as part of Vox Machina."""
ORION,02:44:36,02:44:38,Neutral,"{'Angry': 4.739014085666793e-13, 'Disgusted': 1.6485272009785466e-14, 'Fearful': 4.090646092393341e-15, 'Happy': 5.709717095826738e-13, 'Neutral': 1.0, 'Other': 2.0582873089708712e-15, 'Sad': 1.8901700950951783e-12, 'Surprised': 1.646824495347976e-13, 'Unknown': 1.156071647510611e-14}","Ah, your sword?"
MATT,02:44:38,02:44:39,Neutral,"{'Angry': 2.3241553208208643e-05, 'Disgusted': 0.0001685194729361683, 'Fearful': 1.5969953892636113e-05, 'Happy': 0.00027633487479761243, 'Neutral': 0.9993938207626343, 'Other': 4.890603122476023e-06, 'Sad': 9.785264410311356e-05, 'Surprised': 1.5301284292945638e-05, 'Unknown': 4.104021172679495e-06}","""Yes, I am a skilled swordsman!"""
LAURA,02:44:39,02:44:40,Neutral,"{'Angry': 2.5728099899424706e-06, 'Disgusted': 2.1508782083401456e-05, 'Fearful': 7.901847709490539e-08, 'Happy': 4.492262632993516e-06, 'Neutral': 0.9999657869338989, 'Other': 2.750457724687294e-06, 'Sad': 9.01705732303526e-07, 'Surprised': 5.127832309881342e-07, 'Unknown': 1.4375547152667423e-06}",You are?
MATT,02:44:40,02:44:47,Neutral,"{'Angry': 0.00045391981257125735, 'Disgusted': 0.0029089555609971285, 'Fearful': 4.2809635488083586e-05, 'Happy': 0.00036371705937199295, 'Neutral': 0.9948490262031555, 'Other': 0.00019612420874182135, 'Sad': 0.0007429057150147855, 'Surprised': 3.8909754948690534e-05, 'Unknown': 0.0004036291502416134}","""I trained under old Leonard Fyke, an ex-guard captain of Emon, himself. He was a friend of--"""
MARISHA,02:44:47,02:44:49,Neutral,"{'Angry': 0.001003675744868815, 'Disgusted': 0.00118813116569072, 'Fearful': 0.0028829423245042562, 'Happy': 0.045278508216142654, 'Neutral': 0.9392297267913818, 'Other': 6.552559352712706e-05, 'Sad': 0.00839611142873764, 'Surprised': 0.0016036491142585874, 'Unknown': 0.0003517596051096916}",Wait. What was his name? Linen Fyken?
MATT,02:44:49,02:44:51,Neutral,"{'Angry': 0.008029867894947529, 'Disgusted': 0.06141586974263191, 'Fearful': 0.00033229024847969413, 'Happy': 0.07197735458612442, 'Neutral': 0.8279819488525391, 'Other': 0.004650250542908907, 'Sad': 0.019825661554932594, 'Surprised': 0.004840923938900232, 'Unknown': 0.0009459006250835955}","""Leonard Fyke. He was once--"""
MARISHA,02:44:51,02:44:52,Neutral,"{'Angry': 0.00015217579493764788, 'Disgusted': 0.00010357505379943177, 'Fearful': 0.0001532143505755812, 'Happy': 0.00023315590806305408, 'Neutral': 0.9984873533248901, 'Other': 3.204182121407939e-06, 'Sad': 0.00020242875325493515, 'Surprised': 0.0006629504496231675, 'Unknown': 1.8743769487628015e-06}",Leonard Fyke.
MATT,02:44:52,02:44:53,Neutral,"{'Angry': 2.250393436042941e-06, 'Disgusted': 5.034876835452451e-07, 'Fearful': 1.9310718357701262e-07, 'Happy': 1.154190840679803e-06, 'Neutral': 0.9999756813049316, 'Other': 1.7179633005071082e-07, 'Sad': 1.904005512187723e-05, 'Surprised': 1.0466100093253772e-06, 'Unknown': 7.996744599836347e-09}","""Leonard Fyke, yes."""
ORION,02:44:53,02:44:55,Neutral,"{'Angry': 0.00025943294167518616, 'Disgusted': 6.342968117678538e-05, 'Fearful': 3.5570221825764747e-06, 'Happy': 2.122631121892482e-05, 'Neutral': 0.9989058971405029, 'Other': 2.1519019355764613e-05, 'Sad': 0.0002115405659424141, 'Surprised': 0.0005041164695285261, 'Unknown': 9.280343874706887e-06}","As he's talking, I motion to open the gates."
MATT,02:44:55,02:45:03,Neutral,"{'Angry': 9.255444456357509e-05, 'Disgusted': 0.0001378804590785876, 'Fearful': 9.693460015114397e-06, 'Happy': 7.695630301896017e-06, 'Neutral': 0.9996286630630493, 'Other': 6.21277740719961e-06, 'Sad': 0.0001095347324735485, 'Surprised': 3.5053117244387977e-06, 'Unknown': 4.1955968299589586e-06}","You hear a shift as Shayne and Cordell begin to pull the top of the gates, the chains clenching. (metal creaking)"
LIAM,02:45:03,02:45:06,Neutral,"{'Angry': 1.0361915769863117e-07, 'Disgusted': 2.914163985678897e-07, 'Fearful': 1.9610631341038243e-07, 'Happy': 1.1070569598814473e-06, 'Neutral': 0.9999949932098389, 'Other': 2.623381760713528e-07, 'Sad': 2.7641644919640385e-06, 'Surprised': 6.113524619877353e-08, 'Unknown': 3.102558139289613e-07}",Is he talking to Vex? Are they talking together?
LAURA,02:45:06,02:45:08,Neutral,"{'Angry': 6.352521495500696e-07, 'Disgusted': 1.1609439809490141e-07, 'Fearful': 3.1002748812625214e-08, 'Happy': 4.954227961206925e-07, 'Neutral': 0.999996542930603, 'Other': 9.317422211552184e-08, 'Sad': 1.6297822185151745e-06, 'Surprised': 1.8690801795173684e-08, 'Unknown': 3.8068213825681596e-07}",I'm using insight on him as he's talking.
MATT,02:45:08,02:45:10,Neutral,"{'Angry': 1.0192634514183396e-09, 'Disgusted': 1.0515341930528166e-09, 'Fearful': 3.627938227612759e-10, 'Happy': 2.4249585450775157e-08, 'Neutral': 1.0, 'Other': 3.3306313262926324e-10, 'Sad': 1.7358781079224173e-08, 'Surprised': 9.593045247058285e-10, 'Unknown': 1.97395114143184e-10}",Go ahead and roll insight.
LIAM,02:45:10,02:45:11,Neutral,"{'Angry': 1.5639486150575976e-07, 'Disgusted': 1.0972761401717435e-06, 'Fearful': 1.8467649454123602e-07, 'Happy': 5.095093456475297e-06, 'Neutral': 0.9999889135360718, 'Other': 9.813226142796339e-07, 'Sad': 9.976121191357379e-07, 'Surprised': 3.10954924032103e-08, 'Unknown': 2.527652668504743e-06}",How close are they?
MATT,02:45:11,02:45:13,Neutral,"{'Angry': 1.5935176355535985e-12, 'Disgusted': 6.093443214198399e-14, 'Fearful': 1.5837832212156275e-14, 'Happy': 1.891215916510758e-12, 'Neutral': 1.0, 'Other': 4.783763412252642e-15, 'Sad': 4.586856068578005e-12, 'Surprised': 4.201962942092935e-13, 'Unknown': 4.309507123986117e-14}",They're about four feet across.
LIAM,02:45:13,02:45:20,Neutral,"{'Angry': 2.9618237022077665e-05, 'Disgusted': 5.835328920511529e-05, 'Fearful': 2.9786555387545377e-05, 'Happy': 5.093578147352673e-05, 'Neutral': 0.7869964838027954, 'Other': 2.091507894874667e-06, 'Sad': 0.2128249704837799, 'Surprised': 4.555500254355138e-06, 'Unknown': 3.246597088946146e-06}","Four feet apart? I flip a dagger in my hand and I go (impact noise) to the back of his head, is what I do."
MARISHA,02:45:20,02:45:21,Neutral,"{'Angry': 0.16022126376628876, 'Disgusted': 0.045071136206388474, 'Fearful': 0.010802199132740498, 'Happy': 0.007744062226265669, 'Neutral': 0.4782465398311615, 'Other': 0.00041037608752958477, 'Sad': 0.2954174876213074, 'Surprised': 0.0020018615759909153, 'Unknown': 8.502994751324877e-05}",Just to knock him out?
LIAM,02:45:21,02:45:24,Sad,"{'Angry': 3.898847353411838e-06, 'Disgusted': 8.017222171474714e-06, 'Fearful': 1.143000008596573e-05, 'Happy': 3.579404619813431e-06, 'Neutral': 0.0013193769846111536, 'Other': 1.4561870784746134e-06, 'Sad': 0.9986510872840881, 'Surprised': 3.479577515008714e-07, 'Unknown': 8.258595585175499e-07}",Yeah. I did it. It's done.
MATT,02:45:24,02:45:26,Neutral,"{'Angry': 4.2283430957468227e-05, 'Disgusted': 3.3763157262001187e-05, 'Fearful': 5.835330375703052e-05, 'Happy': 0.00019118134514428675, 'Neutral': 0.5598323345184326, 'Other': 3.619755943873315e-06, 'Sad': 0.4398282766342163, 'Surprised': 4.162051936873468e-06, 'Unknown': 5.973765382805141e-06}",All right. Roll an attack.
LIAM,02:45:26,02:45:32,Neutral,"{'Angry': 2.7424160164990496e-10, 'Disgusted': 9.864500188916381e-11, 'Fearful': 3.2892157747488326e-11, 'Happy': 7.267667023747038e-10, 'Neutral': 1.0, 'Other': 1.432901280268295e-11, 'Sad': 9.608176476660901e-09, 'Surprised': 5.21807388964568e-11, 'Unknown': 5.143371492599691e-11}","Don't worry. I'm using the flat end. Oh, good. That's a 17."
SAM,02:45:32,02:45:33,Neutral,"{'Angry': 2.0547365892076286e-12, 'Disgusted': 8.416613353533567e-14, 'Fearful': 2.216796014874005e-14, 'Happy': 2.5107930057971517e-12, 'Neutral': 1.0, 'Other': 6.455552763764928e-15, 'Sad': 5.855968921580912e-12, 'Surprised': 5.378124703393772e-13, 'Unknown': 6.369330654261776e-14}",Plus whatever.
LIAM,02:45:33,02:45:34,Sad,"{'Angry': 0.003693211590871215, 'Disgusted': 0.000355628872057423, 'Fearful': 2.730345295276493e-05, 'Happy': 0.0006162535864859819, 'Neutral': 0.04006045311689377, 'Other': 6.962519546505064e-05, 'Sad': 0.9494518041610718, 'Surprised': 0.005725134629756212, 'Unknown': 5.731534429287422e-07}",Plus a high number.
MATT,02:45:34,02:45:36,Neutral,"{'Angry': 8.104005246423185e-06, 'Disgusted': 2.0515005871857284e-06, 'Fearful': 2.143440696045218e-07, 'Happy': 5.762635737482924e-06, 'Neutral': 0.9999370574951172, 'Other': 6.627811330872646e-07, 'Sad': 4.454942245502025e-05, 'Surprised': 1.4305851436802186e-06, 'Unknown': 9.868411154911882e-08}","Oh, you rolled a 17?"
MATT,02:45:36,02:45:42,Neutral,"{'Angry': 3.532880932244353e-11, 'Disgusted': 6.206619853482698e-12, 'Fearful': 2.8302226014187415e-12, 'Happy': 5.5617878358393824e-11, 'Neutral': 1.0, 'Other': 1.4590558579039015e-13, 'Sad': 8.833382358908182e-10, 'Surprised': 2.4965541786658996e-11, 'Unknown': 4.241676996620536e-13}",Go ahead and roll sneak attack damage. It's a critical because he hasn't acted.
LIAM,02:45:42,02:45:45,Surprised,"{'Angry': 0.00087649718625471, 'Disgusted': 0.0011183761525899172, 'Fearful': 0.0010605868883430958, 'Happy': 0.0025949180126190186, 'Neutral': 0.35531818866729736, 'Other': 0.000153514149133116, 'Sad': 0.02223263308405876, 'Surprised': 0.6163103580474854, 'Unknown': 0.00033493241062387824}","Yeah, but it's the back end of the dagger, all right?"
MATT,02:45:45,02:45:47,Sad,"{'Angry': 5.82265151649608e-08, 'Disgusted': 1.3303076684678672e-07, 'Fearful': 6.993911938479869e-07, 'Happy': 5.725448772864183e-07, 'Neutral': 1.833904934755992e-05, 'Other': 3.318266905694145e-08, 'Sad': 0.9999799728393555, 'Surprised': 1.8449510719165119e-07, 'Unknown': 1.2609190136458892e-08}",Yeah. Go ahead and roll sneak attack times two.
ORION,02:45:47,02:45:49,Surprised,"{'Angry': 0.0032127792946994305, 'Disgusted': 0.00424678809940815, 'Fearful': 0.0001146118447650224, 'Happy': 0.0002720190095715225, 'Neutral': 0.04599502682685852, 'Other': 7.275951793417335e-05, 'Sad': 0.045395415276288986, 'Surprised': 0.9006898403167725, 'Unknown': 8.642588795737538e-07}",I go inside the keep.
LAURA,02:45:49,02:45:50,Neutral,"{'Angry': 0.001268627354875207, 'Disgusted': 0.0002552222285885364, 'Fearful': 0.0001240102865267545, 'Happy': 5.6566557759651914e-05, 'Neutral': 0.9543483257293701, 'Other': 2.8238241611688863e-06, 'Sad': 0.04387975111603737, 'Surprised': 6.308584852376953e-05, 'Unknown': 1.5836503735044971e-06}",And you're touching my dice!
LIAM,02:45:50,02:45:56,Sad,"{'Angry': 0.10009463876485825, 'Disgusted': 0.14314070343971252, 'Fearful': 0.012720662169158459, 'Happy': 0.0031338713597506285, 'Neutral': 0.3023660480976105, 'Other': 0.002737289760261774, 'Sad': 0.37978169322013855, 'Surprised': 0.05313132703304291, 'Unknown': 0.0028937170282006264}","The boy needs a lesson. This is not a life for a child. Okay, that's good."
SAM,02:45:56,02:45:58,Sad,"{'Angry': 0.00015211962454486638, 'Disgusted': 0.0002469215833116323, 'Fearful': 0.0003693365433719009, 'Happy': 0.0001852379209594801, 'Neutral': 0.009061488322913647, 'Other': 6.35940023130388e-06, 'Sad': 0.9899057745933533, 'Surprised': 5.771117866970599e-05, 'Unknown': 1.5093531146703754e-05}",Oh Jesus. It's like a million.
MATT,02:45:58,02:46:02,Sad,"{'Angry': 8.944109140429646e-05, 'Disgusted': 0.0005684972857125103, 'Fearful': 0.0001269898348255083, 'Happy': 0.00021854288934264332, 'Neutral': 0.020993540063500404, 'Other': 3.5528025819075992e-06, 'Sad': 0.9779195785522461, 'Surprised': 7.884105434641242e-05, 'Unknown': 1.0699726544771693e-06}",Times two.
LIAM,02:46:02,02:46:06,Neutral,"{'Angry': 0.0007654392975382507, 'Disgusted': 7.559241930721328e-05, 'Fearful': 6.434581155190244e-05, 'Happy': 0.0012540335301309824, 'Neutral': 0.9972255229949951, 'Other': 1.2269900253158994e-05, 'Sad': 0.0005087016033940017, 'Surprised': 8.394517499255016e-05, 'Unknown': 1.024833727569785e-05}",28 on the sneak attack damage only.
MATT,02:46:06,02:46:08,Neutral,"{'Angry': 0.016357650980353355, 'Disgusted': 0.022433673962950706, 'Fearful': 0.07622125744819641, 'Happy': 0.022707536816596985, 'Neutral': 0.8193565011024475, 'Other': 0.00017992770881392062, 'Sad': 0.03156092017889023, 'Surprised': 0.008214564062654972, 'Unknown': 0.0029678689315915108}",Is that times two? Or is it 28 times two?
LIAM,02:46:08,02:46:11,Neutral,"{'Angry': 0.010883248411118984, 'Disgusted': 0.01633376069366932, 'Fearful': 0.1472582221031189, 'Happy': 0.07064289599657059, 'Neutral': 0.7249108552932739, 'Other': 0.0007609387976117432, 'Sad': 0.01904372312128544, 'Surprised': 0.008826102130115032, 'Unknown': 0.0013403237098827958}","Oh, times two. So that's--"
SAM,02:46:11,02:46:13,Neutral,"{'Angry': 0.014339540153741837, 'Disgusted': 2.588855568319559e-05, 'Fearful': 1.7215071466125664e-06, 'Happy': 0.0003974403953179717, 'Neutral': 0.9851846694946289, 'Other': 9.993732419388834e-07, 'Sad': 4.3818687117891386e-05, 'Surprised': 4.469854957278585e-06, 'Unknown': 1.4295537766884081e-06}",Dead!
LIAM,02:46:13,02:46:15,Neutral,"{'Angry': 0.030333930626511574, 'Disgusted': 0.01179084088653326, 'Fearful': 0.00041999679524451494, 'Happy': 0.008686081506311893, 'Neutral': 0.904178261756897, 'Other': 0.014054480008780956, 'Sad': 0.00583781348541379, 'Surprised': 0.000374366354662925, 'Unknown': 0.02432425320148468}","No, he's not."
TALIESIN,02:46:15,02:46:18,Neutral,"{'Angry': 1.0922541517077722e-11, 'Disgusted': 7.412368787339252e-13, 'Fearful': 1.9175817617816948e-13, 'Happy': 2.2233714869202004e-11, 'Neutral': 1.0, 'Other': 6.396065046956195e-14, 'Sad': 3.0066324430144675e-11, 'Surprised': 2.7976282315073098e-12, 'Unknown': 3.842429033371758e-13}",You cleaved his head off with the blunt end of the knife.
LAURA,02:46:18,02:46:20,Angry,"{'Angry': 0.9993308782577515, 'Disgusted': 2.1643723812303506e-05, 'Fearful': 9.068356121133547e-06, 'Happy': 0.0005710427067242563, 'Neutral': 3.2468840799992904e-05, 'Other': 3.403949676794582e-06, 'Sad': 1.212624010804575e-05, 'Surprised': 1.8658378394320607e-05, 'Unknown': 6.830674124103098e-07}","If he's a level one, you killed him."
LIAM,02:46:20,02:46:24,Disgusted,"{'Angry': 0.0194909255951643, 'Disgusted': 0.7727097272872925, 'Fearful': 0.0004930129507556558, 'Happy': 0.0016732722287997603, 'Neutral': 0.18737560510635376, 'Other': 0.0031304219737648964, 'Sad': 0.0018569842213764787, 'Surprised': 0.0024469944182783365, 'Unknown': 0.010823083110153675}",It's 56. Just the sneak attack damage alone.
MATT,02:46:24,02:46:29,Neutral,"{'Angry': 2.7469940384883262e-12, 'Disgusted': 1.6598074097876753e-13, 'Fearful': 4.016197571450435e-14, 'Happy': 3.440629508730253e-12, 'Neutral': 1.0, 'Other': 1.3109255333012843e-14, 'Sad': 9.57439075938149e-12, 'Surprised': 9.672753049916327e-13, 'Unknown': 1.1540409199008866e-13}",And then add the d4 and the modifier for the dagger.
LIAM,02:46:29,02:46:31,Neutral,"{'Angry': 0.0004307284252718091, 'Disgusted': 0.0011347322724759579, 'Fearful': 0.00020333388238213956, 'Happy': 0.011700866743922234, 'Neutral': 0.9720562100410461, 'Other': 0.0006165935192257166, 'Sad': 0.0003990898549091071, 'Surprised': 0.00010515294707147405, 'Unknown': 0.013353236950933933}",That's ten.
MATT,02:46:31,02:46:34,Neutral,"{'Angry': 3.5691745114974083e-09, 'Disgusted': 2.345757477151267e-10, 'Fearful': 7.707974536419471e-11, 'Happy': 2.567388968088835e-09, 'Neutral': 1.0, 'Other': 1.9891284799844478e-11, 'Sad': 1.95023308613429e-09, 'Surprised': 1.444592362398467e-10, 'Unknown': 1.1170355612710736e-10}",So a total of 66 damage.
LIAM,02:46:34,02:46:36,Neutral,"{'Angry': 4.820262591853641e-11, 'Disgusted': 4.311534202577905e-12, 'Fearful': 1.540162854023197e-12, 'Happy': 1.0245061049518611e-10, 'Neutral': 1.0, 'Other': 1.8691710505780446e-13, 'Sad': 9.310050647082235e-11, 'Surprised': 1.203752809236791e-11, 'Unknown': 4.0331514170044436e-12}","66 damage, yeah."
MATT,02:46:36,02:46:50,Neutral,"{'Angry': 4.787398369442489e-14, 'Disgusted': 1.8771111967179127e-15, 'Fearful': 2.861705576858982e-16, 'Happy': 6.882646850451396e-14, 'Neutral': 1.0, 'Other': 4.635606973624261e-16, 'Sad': 1.6272133109267867e-13, 'Surprised': 2.8102252648412943e-14, 'Unknown': 1.3761663825910628e-15}","66 damage. As you're having this conversation, you (whoosh) behind him and (whack) right to the temple. He's like, ""I'm a swordsman. I'm trained. I'm--"" (impact noise). And he goes straight down into a pile."
LIAM,02:46:50,02:47:00,Neutral,"{'Angry': 2.3726672211156485e-13, 'Disgusted': 1.1671717601744944e-14, 'Fearful': 2.6973027286649083e-15, 'Happy': 3.0457396587441066e-13, 'Neutral': 1.0, 'Other': 2.4958729998519153e-15, 'Sad': 9.10966831482729e-13, 'Surprised': 1.3916010000152718e-13, 'Unknown': 1.1028955967083438e-14}","With my bonus action, I pull out one of my remaining healing potions, right? And I shove it in his mouth like this, and it'll go glug-glug-glug down him."
MARISHA,02:47:00,02:47:03,Neutral,"{'Angry': 8.741158838421192e-12, 'Disgusted': 4.972833126185017e-13, 'Fearful': 1.490446221302788e-13, 'Happy': 1.3755971188522675e-11, 'Neutral': 1.0, 'Other': 3.9484078306157785e-14, 'Sad': 2.3931858231240888e-11, 'Surprised': 2.260831279132791e-12, 'Unknown': 3.456163577986865e-13}",That happened so fast.
MATT,02:47:03,02:47:09,Neutral,"{'Angry': 1.7843478159872833e-13, 'Disgusted': 6.214997524327075e-15, 'Fearful': 1.3533742082881073e-15, 'Happy': 2.127579389792425e-13, 'Neutral': 1.0, 'Other': 1.088035208330067e-15, 'Sad': 6.636007390294074e-13, 'Surprised': 8.117151970108566e-14, 'Unknown': 4.477536437864742e-15}","Eventually he's like, (panting)"
LAURA,02:47:09,02:47:10,Neutral,"{'Angry': 9.996958637422879e-14, 'Disgusted': 3.3319444937357978e-15, 'Fearful': 6.009457356379293e-16, 'Happy': 1.1974313684701143e-13, 'Neutral': 1.0, 'Other': 5.216885980655484e-16, 'Sad': 2.994404854281263e-13, 'Surprised': 4.69165992948023e-14, 'Unknown': 1.9420237783889828e-15}","Hi, darling."
LIAM,02:47:10,02:47:22,Neutral,"{'Angry': 3.0039973286655197e-10, 'Disgusted': 2.131323451060041e-10, 'Fearful': 2.760904525833663e-11, 'Happy': 9.620421126399492e-10, 'Neutral': 1.0, 'Other': 8.238451587594398e-11, 'Sad': 4.202564074518023e-09, 'Surprised': 3.4024796868870055e-11, 'Unknown': 3.171050366734818e-10}",I take him by the lapels. Things move very fast with us. I don't think you understand what you're asking for. If you think you can handle that--
MATT,02:47:22,02:47:25,Neutral,"{'Angry': 1.1599585007793234e-11, 'Disgusted': 9.331889644706437e-13, 'Fearful': 2.666002997791378e-13, 'Happy': 2.5789592683622686e-11, 'Neutral': 1.0, 'Other': 7.319652831983339e-14, 'Sad': 3.788023714146327e-11, 'Surprised': 3.813997728752128e-12, 'Unknown': 5.200878790134755e-13}","""Oh, Vax'ildan."" (laughter)"
SAM,02:47:25,02:47:27,Sad,"{'Angry': 4.3362385904188727e-10, 'Disgusted': 6.892815762604698e-10, 'Fearful': 1.197329346780407e-08, 'Happy': 4.030512368302652e-09, 'Neutral': 2.5611004872416743e-08, 'Other': 7.680062835691004e-11, 'Sad': 1.0, 'Surprised': 3.6376526790782293e-10, 'Unknown': 5.534285182906551e-11}",This is why he's single.
MATT,02:47:27,02:47:31,Neutral,"{'Angry': 4.334111541881569e-11, 'Disgusted': 1.093976385174722e-11, 'Fearful': 5.573073252884697e-12, 'Happy': 5.5591045655667415e-11, 'Neutral': 1.0, 'Other': 8.979664884931071e-13, 'Sad': 5.260607505164216e-10, 'Surprised': 3.8334363461345333e-11, 'Unknown': 6.942667469568564e-13}","""I've heard of your work for quite some time. Show me your ways."""
LIAM,02:47:31,02:48:05,Neutral,"{'Angry': 4.5821519321920245e-12, 'Disgusted': 3.9362062871292625e-13, 'Fearful': 9.491939975984562e-14, 'Happy': 7.04604603829484e-12, 'Neutral': 1.0, 'Other': 3.778153869404485e-14, 'Sad': 1.49320486531046e-11, 'Surprised': 1.5031484086949765e-12, 'Unknown': 3.53788097992927e-13}","Illithid, all right? Beholders. Large white dragons. I know it's cool to see her flash her boobs and this one sing a song. It's all excitement and craziness and all the rock and roll that the kids are talking about. But listen to me. It's dangerous. You could die any given day. So could I, so could she, so could him. Maybe not him, but the rest of us, sure. Are you really interested in this?"
MATT,02:48:05,02:48:08,Neutral,"{'Angry': 0.001790668349713087, 'Disgusted': 0.0011735529405996203, 'Fearful': 0.003120396751910448, 'Happy': 0.00660916930064559, 'Neutral': 0.9451898336410522, 'Other': 0.0031357661355286837, 'Sad': 0.02808515913784504, 'Surprised': 0.0005352648440748453, 'Unknown': 0.010360118933022022}",Make an intimidation check.
LAURA,02:48:08,02:48:11,Neutral,"{'Angry': 0.001348053920082748, 'Disgusted': 0.00941400695592165, 'Fearful': 0.001906525925733149, 'Happy': 0.0007958716014400125, 'Neutral': 0.848979115486145, 'Other': 0.00019075648742727935, 'Sad': 0.13613297045230865, 'Surprised': 8.863770199241117e-05, 'Unknown': 0.001144007546827197}",Why?
LIAM,02:48:11,02:48:21,Neutral,"{'Angry': 2.364499112998686e-13, 'Disgusted': 9.98529109738763e-15, 'Fearful': 1.9158068381220413e-15, 'Happy': 3.362387679482076e-13, 'Neutral': 1.0, 'Other': 1.418951710822772e-15, 'Sad': 7.480071792000109e-13, 'Surprised': 1.0770166903499925e-13, 'Unknown': 7.419475834223848e-15}",Tough love. That's called tough love. It's not bad. That's a ten plus-- can somebody pass me that shit over there?
TALIESIN,02:48:21,02:48:22,Neutral,"{'Angry': 1.0552768259231016e-07, 'Disgusted': 3.334231735152571e-07, 'Fearful': 4.4040433522241074e-08, 'Happy': 1.8222119706479134e-06, 'Neutral': 0.999996542930603, 'Other': 9.384108068388741e-08, 'Sad': 1.008106664812658e-06, 'Surprised': 6.103024929871026e-08, 'Unknown': 4.9990660500043305e-08}",Plus six.
LIAM,02:48:22,02:48:23,Neutral,"{'Angry': 8.555110508901009e-10, 'Disgusted': 1.703470836611487e-10, 'Fearful': 3.879126533878896e-11, 'Happy': 2.569015222775306e-09, 'Neutral': 1.0, 'Other': 2.095699482007607e-11, 'Sad': 4.37115899032392e-09, 'Surprised': 2.1948683148753645e-10, 'Unknown': 3.371632487092491e-11}",16.
MATT,02:48:23,02:48:31,Neutral,"{'Angry': 5.105601630361889e-08, 'Disgusted': 8.99078766991579e-09, 'Fearful': 8.27745871845309e-09, 'Happy': 4.572853384843256e-08, 'Neutral': 0.9999998807907104, 'Other': 1.1307509373281732e-09, 'Sad': 1.5073582915192674e-07, 'Surprised': 3.6305283224180585e-09, 'Unknown': 1.8218954123128128e-09}","He looks at you for a second. His brow comes together, and you can see there's a quiver to his bottom lip. He goes--"
TALIESIN,02:48:31,02:48:36,Neutral,"{'Angry': 6.262521751176919e-12, 'Disgusted': 3.9840564658097377e-13, 'Fearful': 1.1996808169274786e-13, 'Happy': 1.1808574083838064e-11, 'Neutral': 1.0, 'Other': 3.371530959690554e-14, 'Sad': 2.055803964562397e-11, 'Surprised': 2.2194722188589866e-12, 'Unknown': 1.877833148309846e-13}","Wait, wait. There. There's his heart breaking."
MATT,02:48:36,02:48:41,Neutral,"{'Angry': 7.740147064949632e-12, 'Disgusted': 4.460373856287475e-13, 'Fearful': 1.3235688044697935e-13, 'Happy': 9.805423833997295e-12, 'Neutral': 1.0, 'Other': 3.223703381603944e-14, 'Sad': 2.557942919978462e-11, 'Surprised': 2.379139637034844e-12, 'Unknown': 1.7815694123950176e-13}","""I thought you were heroes. I waited two weeks to meet you."""
LAURA,02:48:41,02:48:45,Neutral,"{'Angry': 1.7412217501178162e-10, 'Disgusted': 4.5242466023553973e-11, 'Fearful': 1.3334930382136179e-11, 'Happy': 5.49603973443169e-10, 'Neutral': 1.0, 'Other': 8.830778989998844e-12, 'Sad': 1.428770990408168e-09, 'Surprised': 3.0425321984051124e-11, 'Unknown': 7.387351841359191e-11}",How could you do that to him?
LIAM,02:48:45,02:48:46,Neutral,"{'Angry': 2.8768798074452206e-05, 'Disgusted': 2.527647120587062e-05, 'Fearful': 1.4892800663801609e-06, 'Happy': 0.0013872355921193957, 'Neutral': 0.998497724533081, 'Other': 3.3166143111884594e-06, 'Sad': 4.7766417992534116e-05, 'Surprised': 7.163155714806635e-06, 'Unknown': 1.2353478950899444e-06}",Tell me your name again.
LAURA,02:48:46,02:48:48,Neutral,"{'Angry': 7.274902458220822e-08, 'Disgusted': 9.284178048574177e-08, 'Fearful': 6.699717403080285e-08, 'Happy': 1.8234314325127343e-07, 'Neutral': 0.9999984502792358, 'Other': 5.81351189410384e-09, 'Sad': 1.0992315537805553e-06, 'Surprised': 1.243696789998694e-08, 'Unknown': 1.638173507956253e-08}",Kynan.
MATT,02:48:48,02:49:04,Neutral,"{'Angry': 1.173726778746706e-13, 'Disgusted': 4.7650770184032645e-15, 'Fearful': 7.810828031624029e-16, 'Happy': 1.648197908449972e-13, 'Neutral': 1.0, 'Other': 9.348123480068028e-16, 'Sad': 4.0870312776469797e-13, 'Surprised': 5.2624036042409755e-14, 'Unknown': 3.801572805736762e-15}","""It doesn't matter. It doesn't matter at all. You're right."" And he puts his hand up and pushes you away. He pulls out of your hands and takes a few steps away and looks over his shoulder. You can see now, there's tears welling up in his eyes. He goes, ""I just wanted to be a hero."""
SAM,02:49:04,02:49:05,Neutral,"{'Angry': 7.633792035999232e-12, 'Disgusted': 5.987362840763344e-13, 'Fearful': 1.568123614899969e-13, 'Happy': 1.1495955229423593e-11, 'Neutral': 1.0, 'Other': 4.462431129909766e-14, 'Sad': 2.4503217163629465e-11, 'Surprised': 2.377488180285714e-12, 'Unknown': 2.543461860397833e-13}",Wait.
LIAM,02:49:05,02:49:07,Neutral,"{'Angry': 1.2186347930764896e-06, 'Disgusted': 1.1242854043302941e-06, 'Fearful': 9.003165928334056e-07, 'Happy': 1.244207055606239e-06, 'Neutral': 0.9999898672103882, 'Other': 2.4085230165837856e-07, 'Sad': 5.002214038540842e-06, 'Surprised': 1.2755594980262686e-07, 'Unknown': 2.2303785840449564e-07}",Kynan! Kynan.
TRAVIS,02:49:07,02:49:11,Neutral,"{'Angry': 6.931578013791295e-07, 'Disgusted': 6.687989184683829e-07, 'Fearful': 9.077315610284131e-08, 'Happy': 9.968159247364383e-06, 'Neutral': 0.9999834299087524, 'Other': 1.546931230222981e-06, 'Sad': 7.208291776805709e-07, 'Surprised': 9.657127542084254e-09, 'Unknown': 2.8971951451239875e-06}",Train him up.
SAM,02:49:11,02:49:13,Neutral,"{'Angry': 3.979577084534114e-12, 'Disgusted': 1.610481089849361e-13, 'Fearful': 4.355535233153095e-14, 'Happy': 6.926758645831033e-12, 'Neutral': 1.0, 'Other': 9.095804858816944e-15, 'Sad': 1.2950050753968156e-11, 'Surprised': 1.1097779596333512e-12, 'Unknown': 5.4460759225894925e-14}",Send him on a mission.
LIAM,02:49:13,02:49:14,Neutral,"{'Angry': 7.40700954793283e-07, 'Disgusted': 6.263340424084163e-07, 'Fearful': 8.940418894098912e-08, 'Happy': 1.106808031181572e-05, 'Neutral': 0.9999736547470093, 'Other': 3.2725682785894605e-07, 'Sad': 4.9953828238358255e-06, 'Surprised': 8.407464520132635e-06, 'Unknown': 3.608591825354779e-08}",Come back when you're ready.
SAM,02:49:14,02:49:15,Neutral,"{'Angry': 0.0003236201882828027, 'Disgusted': 0.0005196748534217477, 'Fearful': 0.0003985028888564557, 'Happy': 0.00022582893143408, 'Neutral': 0.996871292591095, 'Other': 2.6930194508167915e-05, 'Sad': 0.0015510674566030502, 'Surprised': 5.740513006458059e-05, 'Unknown': 2.5696775992400944e-05}","No, send him on a mission."
LIAM,02:49:15,02:49:32,Neutral,"{'Angry': 1.3307280624652584e-12, 'Disgusted': 6.303776402781514e-14, 'Fearful': 1.651699678179193e-14, 'Happy': 1.9497316088024075e-12, 'Neutral': 1.0, 'Other': 5.856026655346597e-15, 'Sad': 5.298505557915778e-12, 'Surprised': 5.038298337561864e-13, 'Unknown': 4.869991535689719e-14}","Come back when you're ready. Come back again. Train yourself, and I, personally, will be your mentor."
MATT,02:49:32,02:49:35,Neutral,"{'Angry': 2.771755713837365e-09, 'Disgusted': 7.422170100745973e-10, 'Fearful': 4.4416528788282506e-10, 'Happy': 1.1358811669026636e-08, 'Neutral': 1.0, 'Other': 4.717348039973146e-11, 'Sad': 1.7989783884786448e-08, 'Surprised': 6.813525854632019e-10, 'Unknown': 1.34693700637456e-10}",Make a persuasion roll.
LAURA,02:49:35,02:49:38,Neutral,"{'Angry': 1.8309704067579619e-13, 'Disgusted': 9.242709170991046e-15, 'Fearful': 1.7866753947637024e-15, 'Happy': 2.734154591101101e-13, 'Neutral': 1.0, 'Other': 1.8114500496797066e-15, 'Sad': 5.9085511006432e-13, 'Surprised': 1.0423881538750707e-13, 'Unknown': 8.865192515630435e-15}","Oh, you'd better roll good because I'm going to be so mad at you if you hurt him."
LIAM,02:49:38,02:49:45,Neutral,"{'Angry': 1.6363122662399476e-11, 'Disgusted': 1.4467277202612205e-12, 'Fearful': 3.38032851493128e-13, 'Happy': 1.9860387640013855e-11, 'Neutral': 1.0, 'Other': 8.91459012186159e-14, 'Sad': 5.3650257847426275e-11, 'Surprised': 5.461716148791318e-12, 'Unknown': 9.518486259602055e-13}","What's my persuasion? Oh, you passed it down. All right. I make a seven."
MATT,02:49:45,02:49:48,Neutral,"{'Angry': 1.0753854404188523e-12, 'Disgusted': 5.1190625902693826e-14, 'Fearful': 1.4609012716454255e-14, 'Happy': 1.3654225319847946e-12, 'Neutral': 1.0, 'Other': 5.885116731370625e-15, 'Sad': 4.081221905566368e-12, 'Surprised': 4.046248199777308e-13, 'Unknown': 4.3672981490982046e-14}","He looks back at you, and the tears--"
LIAM,02:49:48,02:49:50,Neutral,"{'Angry': 3.55961198017507e-11, 'Disgusted': 1.4053948976799902e-12, 'Fearful': 8.185658639629778e-13, 'Happy': 5.0603094631229695e-11, 'Neutral': 1.0, 'Other': 4.008238849878033e-14, 'Sad': 9.409433648910337e-11, 'Surprised': 1.0761779488388523e-11, 'Unknown': 5.813364655112008e-13}",I'm going to use Luck!
MATT,02:49:50,02:49:52,Neutral,"{'Angry': 1.0644569556461647e-05, 'Disgusted': 2.536011379561387e-05, 'Fearful': 8.015224011614919e-05, 'Happy': 0.0033641131594777107, 'Neutral': 0.995376467704773, 'Other': 1.4955619917600416e-05, 'Sad': 0.0005750797572545707, 'Surprised': 2.058533482340863e-06, 'Unknown': 0.000551256409380585}",All right.
LIAM,02:49:52,02:49:54,Sad,"{'Angry': 0.0022934398148208857, 'Disgusted': 0.0001461019564885646, 'Fearful': 0.00035487578134052455, 'Happy': 0.0027145238127559423, 'Neutral': 0.385445237159729, 'Other': 2.9122672913217684e-06, 'Sad': 0.6088984608650208, 'Surprised': 0.00014378761989064515, 'Unknown': 6.677785222564125e-07}",It's a 20 on that one!
MATT,02:49:54,02:49:55,Neutral,"{'Angry': 0.09285343438386917, 'Disgusted': 0.22302602231502533, 'Fearful': 0.0036600101739168167, 'Happy': 0.10545279085636139, 'Neutral': 0.225968137383461, 'Other': 0.13366614282131195, 'Sad': 0.19288858771324158, 'Surprised': 0.020406801253557205, 'Unknown': 0.0020780800841748714}",Natural 20?
LIAM,02:49:55,02:49:56,Sad,"{'Angry': 0.01060563325881958, 'Disgusted': 0.0016060095513239503, 'Fearful': 0.00031398123246617615, 'Happy': 0.01837405003607273, 'Neutral': 0.042436979711055756, 'Other': 7.299419667106122e-05, 'Sad': 0.9254598617553711, 'Surprised': 0.0011254990240558982, 'Unknown': 4.97573773827753e-06}",Yes.
MATT,02:49:56,02:50:03,Neutral,"{'Angry': 0.10905636847019196, 'Disgusted': 0.0009387409081682563, 'Fearful': 0.0002454678760841489, 'Happy': 0.0007032903376966715, 'Neutral': 0.8852719068527222, 'Other': 0.00042887753807008266, 'Sad': 0.002141397912055254, 'Surprised': 1.664304727455601e-05, 'Unknown': 0.0011973290238529444}","He looks at you with the tears welling up in his eyes. He blinks them away for a second. (sniffs) ""You mean that?"""
LIAM,02:50:03,02:50:15,Neutral,"{'Angry': 1.2246574197447013e-12, 'Disgusted': 4.829338358792838e-14, 'Fearful': 1.1816058792220654e-14, 'Happy': 1.531804631055289e-12, 'Neutral': 1.0, 'Other': 4.318539883335637e-15, 'Sad': 3.795036767478832e-12, 'Surprised': 3.860249793430359e-13, 'Unknown': 2.8676480000279156e-14}",I do. You will be my right-hand man. I promise.
MATT,02:50:15,02:51:00,Neutral,"{'Angry': 1.8437863540630983e-13, 'Disgusted': 7.015834565187546e-15, 'Fearful': 1.619999321897435e-15, 'Happy': 2.515354732227776e-13, 'Neutral': 1.0, 'Other': 1.387552411226292e-15, 'Sad': 7.820142103320826e-13, 'Surprised': 8.722779172142675e-14, 'Unknown': 5.910427346384004e-15}","He looks over at the rest of you. Looks at Percy. Looks at Keyleth. Tiberius isn't there; Tiberius has already walked into the keep. Looks at Scanlan. Looks at Vex'ahlia. Looks at Grog. He grasps the sword that's currently sheathed at his side. ""I will. I'll make you proud. I will be Vox Machina with you. I swear it. I swear it!"" He runs back to his tent, and you see him start gathering up his things, and he begins tearing it down, and you can see the tears are still coming, but he's steeled his expression."
LIAM,02:51:00,02:51:38,Neutral,"{'Angry': 5.333428143572405e-11, 'Disgusted': 1.145821545284198e-11, 'Fearful': 7.546813000913755e-12, 'Happy': 1.415808442706279e-10, 'Neutral': 1.0, 'Other': 1.604007399992613e-12, 'Sad': 3.550243155014954e-10, 'Surprised': 5.662026750230531e-11, 'Unknown': 1.2008060344681493e-11}","I walk over to him. These people can't hear this. I kneel down next to him, and I put my hand on his shoulder and say, I was once like you and didn't know what I wanted or where I was going. I just want you to be ready. We've got some shit to do. When we come back, we'll start over. You're starting from ground zero. Starting from the basement, you'll work your way up. And I promise, I will be ready for you no matter what Mercer throws at me. I promise."
SAM,02:51:38,02:51:40,Neutral,"{'Angry': 7.626066508237273e-05, 'Disgusted': 0.00034118714393116534, 'Fearful': 1.642971437831875e-05, 'Happy': 1.5309638911276124e-05, 'Neutral': 0.9994694590568542, 'Other': 2.5916720005625393e-06, 'Sad': 7.221433043014258e-05, 'Surprised': 5.55748374608811e-06, 'Unknown': 1.021563207359577e-06}",Mercer's our god.
MATT,02:51:40,02:51:43,Sad,"{'Angry': 3.785693843383342e-05, 'Disgusted': 3.317805749247782e-05, 'Fearful': 0.0003996985615231097, 'Happy': 4.9850783398142084e-05, 'Neutral': 0.0005463132401928306, 'Other': 2.338848759109169e-07, 'Sad': 0.9988940358161926, 'Surprised': 3.8705267797922716e-05, 'Unknown': 1.9108180993043788e-07}","""All right."""
LIAM,02:51:43,02:51:51,Sad,"{'Angry': 0.02324109710752964, 'Disgusted': 0.003977454733103514, 'Fearful': 0.0015888909110799432, 'Happy': 0.0002785192336887121, 'Neutral': 0.40247535705566406, 'Other': 1.4581052710127551e-05, 'Sad': 0.5683290958404541, 'Surprised': 4.4689604692393914e-05, 'Unknown': 5.031631371821277e-05}",Don't question it. And I take him by the hair. Don't question it. Come back. Right on his forehead.
MATT,02:51:51,02:52:17,Sad,"{'Angry': 0.0001399077009409666, 'Disgusted': 0.00030331514426507056, 'Fearful': 0.00010580162052065134, 'Happy': 0.00023441127268597484, 'Neutral': 0.003045921679586172, 'Other': 0.000440858188085258, 'Sad': 0.9953457713127136, 'Surprised': 7.671378261875361e-05, 'Unknown': 0.00030725012766197324}","He gathers the rest of his tent and things, piles it up, and he's speechless at this point. You can see he's partially torn between wanting to look hard and ready to do this, and also still blown away by the fact that he's even encountered you guys after all this time. He takes the rest of his stuff and holds it in one arm and darts off down the path towards the river, hops over it, and then makes his way towards the rest of Emon and vanishes into the distance."
MARISHA,02:52:17,02:52:19,Neutral,"{'Angry': 0.0005481551634147763, 'Disgusted': 0.001240521902218461, 'Fearful': 0.00742139620706439, 'Happy': 0.0007489031995646656, 'Neutral': 0.9701070785522461, 'Other': 9.41840698942542e-06, 'Sad': 0.019831273704767227, 'Surprised': 6.285993731580675e-05, 'Unknown': 3.0405892175622284e-05}","You know, you might have just sent him to his death."
LAURA,02:52:19,02:52:22,Neutral,"{'Angry': 0.0011490012984722853, 'Disgusted': 0.0003584920195862651, 'Fearful': 0.006809344049543142, 'Happy': 0.0024647079408168793, 'Neutral': 0.7931466698646545, 'Other': 7.999350600584876e-06, 'Sad': 0.19588305056095123, 'Surprised': 0.00015677906048949808, 'Unknown': 2.398099604761228e-05}",Why did you have to knock him out?!
LIAM,02:52:22,02:52:23,Sad,"{'Angry': 0.0006673829047940671, 'Disgusted': 7.396514411084354e-05, 'Fearful': 1.7949754692381248e-05, 'Happy': 0.0056648640893399715, 'Neutral': 0.45867273211479187, 'Other': 2.250866782560479e-05, 'Sad': 0.5347111821174622, 'Surprised': 0.0001683812151895836, 'Unknown': 9.575909416525974e-07}",To go home and train?
LAURA,02:52:23,02:52:25,Neutral,"{'Angry': 1.1298413316040978e-09, 'Disgusted': 1.6893898502345905e-09, 'Fearful': 2.9237948173665984e-10, 'Happy': 3.996150077512084e-09, 'Neutral': 1.0, 'Other': 7.550089442531771e-10, 'Sad': 1.0175877029894309e-08, 'Surprised': 1.6243845157859482e-10, 'Unknown': 9.022289026994201e-10}",We could have trained him!
LIAM,02:52:25,02:52:30,Neutral,"{'Angry': 1.366088214771466e-10, 'Disgusted': 1.929040260861825e-11, 'Fearful': 8.058679591693707e-12, 'Happy': 1.0522960974812534e-10, 'Neutral': 1.0, 'Other': 5.860189178537312e-13, 'Sad': 1.6055680118753912e-09, 'Surprised': 3.58339954931175e-11, 'Unknown': 1.0244619822602496e-12}","We almost died ourselves in that temple, in that pyramid."
MARISHA,02:52:30,02:52:32,Neutral,"{'Angry': 6.567367205612129e-10, 'Disgusted': 1.9593666966688517e-10, 'Fearful': 4.487719224011144e-11, 'Happy': 1.6692874860169127e-09, 'Neutral': 0.9999998807907104, 'Other': 1.3952300252639827e-11, 'Sad': 1.3405814058842225e-07, 'Surprised': 2.3217604228076283e-10, 'Unknown': 6.040726946432429e-12}",You just put expectations in his head!
ORION,02:52:32,02:52:34,Neutral,"{'Angry': 0.02070658467710018, 'Disgusted': 0.033834878355264664, 'Fearful': 0.01339248288422823, 'Happy': 0.1388949304819107, 'Neutral': 0.7274293303489685, 'Other': 8.592023368692026e-05, 'Sad': 0.05175548419356346, 'Surprised': 0.013850140385329723, 'Unknown': 5.0301656301598996e-05}",Are they inside yet?
LAURA,02:52:34,02:52:36,Neutral,"{'Angry': 0.0005818649660795927, 'Disgusted': 0.00045894301729276776, 'Fearful': 0.0004305311886128038, 'Happy': 0.026288466528058052, 'Neutral': 0.8712635040283203, 'Other': 0.0001641154958633706, 'Sad': 0.003958364948630333, 'Surprised': 0.09681612998247147, 'Unknown': 3.799337719101459e-05}","Yeah, we're walking inside."
LIAM,02:52:36,02:52:39,Neutral,"{'Angry': 0.011268069967627525, 'Disgusted': 0.008615165948867798, 'Fearful': 0.000929498637560755, 'Happy': 0.021815868094563484, 'Neutral': 0.8331277966499329, 'Other': 0.012016762979328632, 'Sad': 0.046954233199357986, 'Surprised': 0.06195950508117676, 'Unknown': 0.0033130876254290342}","So we should have made him a full-fledged member today, right now?"
MARISHA,02:52:39,02:52:41,Neutral,"{'Angry': 0.0033418210223317146, 'Disgusted': 0.09452597051858902, 'Fearful': 0.0071592992171645164, 'Happy': 0.019093256443738937, 'Neutral': 0.4440867304801941, 'Other': 0.00018107316282112151, 'Sad': 0.38097095489501953, 'Surprised': 0.05057988688349724, 'Unknown': 6.095934077166021e-05}","No, that's not what I'm saying at all."
LIAM,02:52:41,02:52:43,Neutral,"{'Angry': 0.003205271204933524, 'Disgusted': 0.0038931716699153185, 'Fearful': 0.017383961006999016, 'Happy': 0.0036418845411390066, 'Neutral': 0.6348744034767151, 'Other': 3.20757353620138e-05, 'Sad': 0.33241721987724304, 'Surprised': 0.004502403549849987, 'Unknown': 4.963724859408103e-05}",Make him a butler? He doesn't want to do that.
MATT,02:52:43,02:52:50,Neutral,"{'Angry': 2.8382902428347734e-07, 'Disgusted': 5.883884455215593e-07, 'Fearful': 7.859853212721646e-07, 'Happy': 8.77843206126272e-07, 'Neutral': 0.9999924898147583, 'Other': 2.927302311661606e-08, 'Sad': 3.0702365165780066e-06, 'Surprised': 1.9122601315757493e-06, 'Unknown': 5.505591094134843e-09}","As you guys are having this conversation, you turn into the entrance of the keep, and there standing, arms behind his back, is Tiberius. Serious-faced."
ORION,02:52:50,02:52:56,Neutral,"{'Angry': 9.03264808584936e-05, 'Disgusted': 7.847192318877205e-05, 'Fearful': 1.1741652997443452e-05, 'Happy': 0.00019143993267789483, 'Neutral': 0.9960116147994995, 'Other': 6.828508048783988e-05, 'Sad': 0.0035208004992455244, 'Surprised': 6.1456862567865755e-06, 'Unknown': 2.1179708710405976e-05}",I look right at Vax. Why did you do that to that young man?
LIAM,02:52:56,02:52:57,Neutral,"{'Angry': 0.0010986520210281014, 'Disgusted': 0.0008886742289178073, 'Fearful': 0.0009086711215786636, 'Happy': 0.00351986987516284, 'Neutral': 0.74733567237854, 'Other': 7.547166205768008e-06, 'Sad': 0.24584093689918518, 'Surprised': 0.0003941309987567365, 'Unknown': 5.858510576217668e-06}",He wasn't ready!
ORION,02:52:57,02:53:04,Neutral,"{'Angry': 0.003120606066659093, 'Disgusted': 0.005508070811629295, 'Fearful': 0.0006417929544113576, 'Happy': 0.008587098680436611, 'Neutral': 0.952233612537384, 'Other': 0.0002804129326250404, 'Sad': 0.01945273019373417, 'Surprised': 0.009993985295295715, 'Unknown': 0.00018168953829444945}",Stop it. It was aggressive beyond necessity. We should have trialed the boy.
MARISHA,02:53:04,02:53:06,Neutral,"{'Angry': 0.011863349936902523, 'Disgusted': 0.015955286100506783, 'Fearful': 0.0013674250803887844, 'Happy': 0.18489599227905273, 'Neutral': 0.6983168721199036, 'Other': 0.0042604077607393265, 'Sad': 0.06043867766857147, 'Surprised': 0.022417593747377396, 'Unknown': 0.00048442292609252036}",That was his trial.
ORION,02:53:06,02:53:08,Neutral,"{'Angry': 6.797221206028548e-14, 'Disgusted': 2.4213449001636144e-15, 'Fearful': 3.813946633607167e-16, 'Happy': 8.385559770434509e-14, 'Neutral': 1.0, 'Other': 4.2311500647993123e-16, 'Sad': 2.0514071398611972e-13, 'Surprised': 3.985931390179144e-14, 'Unknown': 1.3441131735593024e-15}",That was not a trial!
SAM,02:53:08,02:53:10,Neutral,"{'Angry': 4.158355659455992e-05, 'Disgusted': 1.408899697707966e-05, 'Fearful': 2.8206250135554e-06, 'Happy': 0.0001121607783716172, 'Neutral': 0.9994584918022156, 'Other': 4.728811688892165e-07, 'Sad': 8.630080264993012e-05, 'Surprised': 0.0002839667140506208, 'Unknown': 1.692152267196434e-07}","We'll see, if he comes back."
ORION,02:53:10,02:53:18,Neutral,"{'Angry': 3.654161417898649e-10, 'Disgusted': 1.5267599684509747e-10, 'Fearful': 1.4680776039277532e-10, 'Happy': 1.0079884704694564e-09, 'Neutral': 1.0, 'Other': 1.1447816652965237e-11, 'Sad': 3.602634990329534e-08, 'Surprised': 6.423422904688891e-11, 'Unknown': 3.724213645805996e-11}","You are far more powerful, Vax. You know that. This boy was a fan, at best. We could have put him to work, or something."
MARISHA,02:53:18,02:53:26,Neutral,"{'Angry': 4.564273403673269e-09, 'Disgusted': 8.72404193330567e-09, 'Fearful': 9.51310363817015e-10, 'Happy': 2.1132095184839272e-08, 'Neutral': 0.9999991655349731, 'Other': 1.2163291485123295e-09, 'Sad': 8.229996524278249e-07, 'Surprised': 9.95007964910144e-10, 'Unknown': 5.104268119282551e-10}",Do you think he would have been happy with work? I'm not even happy that he told him to go off and continue training. I think telling him to go off and continue training is a bad idea.
LIAM,02:53:26,02:53:37,Neutral,"{'Angry': 4.138955844723569e-09, 'Disgusted': 2.0328743133291027e-09, 'Fearful': 9.839866699223876e-10, 'Happy': 3.4150962058276946e-09, 'Neutral': 0.9999997615814209, 'Other': 4.385785137839271e-11, 'Sad': 2.3534194326657598e-07, 'Surprised': 1.0192768851169376e-09, 'Unknown': 3.008542026616823e-11}",He now knows the facts. He knows his skill level. He knows where he stands. He will either go back to being a fishmonger--
SAM,02:53:37,02:53:39,Neutral,"{'Angry': 0.008276867680251598, 'Disgusted': 0.006636455655097961, 'Fearful': 0.0028298492543399334, 'Happy': 0.0016034251311793923, 'Neutral': 0.5344921350479126, 'Other': 2.7196205337531865e-05, 'Sad': 0.4457150995731354, 'Surprised': 0.0003249288711231202, 'Unknown': 9.401002898812294e-05}",Son of a butcher.
LIAM,02:53:39,02:53:53,Neutral,"{'Angry': 1.1786127629420662e-08, 'Disgusted': 9.860571914543925e-09, 'Fearful': 1.728478582485593e-09, 'Happy': 1.592522913540506e-08, 'Neutral': 0.9999973773956299, 'Other': 1.9432834508226193e-10, 'Sad': 2.644108690219582e-06, 'Surprised': 3.644186730156207e-09, 'Unknown': 1.172130448257036e-10}","Son of a butcher, well. Everyone has their own personal path. Or he will come back to me, and if he comes back to me, I will train him. If not, it wasn't meant to be."
ORION,02:53:53,02:53:55,Neutral,"{'Angry': 6.218805879143474e-07, 'Disgusted': 8.741263854972203e-07, 'Fearful': 2.6715533749666065e-06, 'Happy': 4.878467279922916e-06, 'Neutral': 0.9999704360961914, 'Other': 2.8098014581701136e-07, 'Sad': 1.913475716719404e-05, 'Surprised': 9.074059903468878e-07, 'Unknown': 2.4598938352937694e-07}",And if he comes for your head?
LAURA,02:53:55,02:53:56,Neutral,"{'Angry': 0.0026676596608012915, 'Disgusted': 0.009831550531089306, 'Fearful': 0.00025725874002091587, 'Happy': 0.006714545655995607, 'Neutral': 0.8966211080551147, 'Other': 5.314502777764574e-05, 'Sad': 0.001274283742532134, 'Surprised': 0.08255662769079208, 'Unknown': 2.384443905611988e-05}",He won't.
TRAVIS,02:53:56,02:53:57,Neutral,"{'Angry': 0.0005596807459369302, 'Disgusted': 0.000358518969733268, 'Fearful': 0.0009822224965319037, 'Happy': 0.0017887456342577934, 'Neutral': 0.9849076271057129, 'Other': 7.565333817183273e-06, 'Sad': 0.011147178709506989, 'Surprised': 0.00023897227947600186, 'Unknown': 9.575707736075856e-06}","Oh, he won't?"
LIAM,02:53:57,02:54:00,Neutral,"{'Angry': 0.0007361574098467827, 'Disgusted': 0.0017957587260752916, 'Fearful': 0.0005952324136160314, 'Happy': 0.003916772548109293, 'Neutral': 0.9143572449684143, 'Other': 0.06385555863380432, 'Sad': 0.006814387161284685, 'Surprised': 0.007247294764965773, 'Unknown': 0.0006815820815972984}","I'll deal with that, as well."
TRAVIS,02:54:00,02:54:04,Neutral,"{'Angry': 2.2969161295183227e-12, 'Disgusted': 1.0101362563248728e-13, 'Fearful': 2.4114462190321165e-14, 'Happy': 2.7031061850674165e-12, 'Neutral': 1.0, 'Other': 8.31538004143588e-15, 'Sad': 6.146772327242367e-12, 'Surprised': 6.06861403577158e-13, 'Unknown': 6.413411604089606e-14}",Did you never see The Incredibles? (laughter)
ORION,02:54:04,02:54:05,Neutral,"{'Angry': 0.00026787829119712114, 'Disgusted': 0.0019238097593188286, 'Fearful': 0.0008032437763176858, 'Happy': 0.0009862357983365655, 'Neutral': 0.9874919652938843, 'Other': 2.2298243493423797e-05, 'Sad': 0.0034496234729886055, 'Surprised': 0.005044091958552599, 'Unknown': 1.0751141417131294e-05}",Vax.
LIAM,02:54:05,02:54:07,Neutral,"{'Angry': 6.392965445911614e-08, 'Disgusted': 3.230874057180699e-08, 'Fearful': 1.3235982088133369e-08, 'Happy': 3.633427070326434e-07, 'Neutral': 0.9999967813491821, 'Other': 5.862697882719203e-09, 'Sad': 2.5648862447269494e-06, 'Surprised': 9.477430040760737e-08, 'Unknown': 1.3702833312478901e-09}","Yes, Tiberius?"
ORION,02:54:07,02:54:12,Neutral,"{'Angry': 0.001191573916003108, 'Disgusted': 0.000726650352589786, 'Fearful': 0.0002521228161640465, 'Happy': 0.0009762773406691849, 'Neutral': 0.6598447561264038, 'Other': 4.97572218591813e-05, 'Sad': 0.33648452162742615, 'Surprised': 2.089789995807223e-05, 'Unknown': 0.00045338680502027273}",You and Grog I respect and fear the most out of all of us. You are cunning.
SAM,02:54:12,02:54:14,Neutral,"{'Angry': 2.0455415494780027e-07, 'Disgusted': 2.984832292440842e-07, 'Fearful': 2.1085868695536192e-07, 'Happy': 3.42239309247816e-06, 'Neutral': 0.9999754428863525, 'Other': 1.2576965957578068e-07, 'Sad': 1.993464866245631e-05, 'Surprised': 3.051743746596003e-08, 'Unknown': 3.133741586225369e-07}","What am I, chopped liver?"
ORION,02:54:14,02:54:15,Neutral,"{'Angry': 1.1928448657272384e-05, 'Disgusted': 8.9456243586028e-06, 'Fearful': 2.543293248891132e-06, 'Happy': 0.0007286390755325556, 'Neutral': 0.9990512728691101, 'Other': 9.616745728635578e-07, 'Sad': 0.00017206322809215635, 'Surprised': 2.3486594727728516e-05, 'Unknown': 2.107745302737385e-07}","I could crush you in one blow, Scanlan."
SAM,02:54:15,02:54:19,Sad,"{'Angry': 0.001339494832791388, 'Disgusted': 0.000538028369192034, 'Fearful': 0.0007324120961129665, 'Happy': 0.0005232289549894631, 'Neutral': 0.35860350728034973, 'Other': 3.2339132758352207e-06, 'Sad': 0.6381590962409973, 'Surprised': 8.883998089004308e-05, 'Unknown': 1.2070781849615742e-05}",Let's leave it at that.
ORION,02:54:19,02:54:29,Neutral,"{'Angry': 0.0014855526387691498, 'Disgusted': 0.0015992356929928064, 'Fearful': 0.000622046529315412, 'Happy': 0.0010822669137269258, 'Neutral': 0.885779082775116, 'Other': 1.3918172953708563e-05, 'Sad': 0.10922694206237793, 'Surprised': 9.616763418307528e-05, 'Unknown': 9.478691936237738e-05}","Vex, I fear you and am slightly attracted to you, as well. Grog and Vax, you are the strongest and most noble and cunning--"
SAM,02:54:29,02:54:33,Neutral,"{'Angry': 9.180933557217941e-05, 'Disgusted': 2.2759668354410678e-05, 'Fearful': 8.07953347248258e-06, 'Happy': 3.7166291804169305e-06, 'Neutral': 0.9997909665107727, 'Other': 6.855304235386939e-08, 'Sad': 6.910517549840733e-05, 'Surprised': 1.3394248526310548e-05, 'Unknown': 3.8027206272772673e-08}",You live because I let you live. Just needed to say that out loud.
ORION,02:54:33,02:54:49,Neutral,"{'Angry': 6.2751341829425655e-06, 'Disgusted': 4.7448513214476407e-05, 'Fearful': 1.7800381328925141e-06, 'Happy': 3.2806419767439365e-06, 'Neutral': 0.9997983574867249, 'Other': 5.531487113330513e-05, 'Sad': 7.047296821838245e-05, 'Surprised': 1.5160090072185994e-07, 'Unknown': 1.6966891053016298e-05}","You believe what you believe. I'm just saying, when it comes to things, sometimes you really rush into stuff, and stop. Because you could just be chill sometimes. (laughter)"
MATT,02:54:49,02:55:17,Neutral,"{'Angry': 2.514095967853791e-06, 'Disgusted': 4.748564606416039e-06, 'Fearful': 1.5228416714307969e-06, 'Happy': 1.4752043171029072e-05, 'Neutral': 0.8650164008140564, 'Other': 4.468536189961014e-06, 'Sad': 0.13495437800884247, 'Surprised': 8.867607448337367e-07, 'Unknown': 3.8744363450859964e-07}","At which point, you hear a voice ring out from across the courtyard of the keep. ""Ah! You've all returned!"" And you see across the way, Laina, your joyful housekeeper, comes rushing out, arms open to greet you all. You can see there's a little bit of dirt on the front of her apron, like she's been cutting the hedges or doing some sort of garden work. She rushes out and hugs you. ""It's been so long. It's been far too long. It's so good to see all of you."""
ORION,02:55:17,02:55:23,Neutral,"{'Angry': 4.7893362165041253e-08, 'Disgusted': 3.717637042655042e-08, 'Fearful': 1.8332483975314062e-08, 'Happy': 1.1310338976500134e-07, 'Neutral': 0.9999991655349731, 'Other': 1.055786391646052e-08, 'Sad': 6.283153197728097e-07, 'Surprised': 1.2702124685404215e-08, 'Unknown': 1.2320553466338424e-08}","As I see her, I turn to greet, but I want to give Vax a little pinch on the butt. A little friendly pinch."
MATT,02:55:23,02:55:45,Neutral,"{'Angry': 3.7345686439149706e-12, 'Disgusted': 3.334376503204284e-13, 'Fearful': 1.116477922483497e-13, 'Happy': 5.792250359903939e-12, 'Neutral': 1.0, 'Other': 3.050546469075821e-14, 'Sad': 4.2143434575425687e-11, 'Surprised': 1.566121689798583e-12, 'Unknown': 1.3931093962877422e-13}","A little tweak. A little dragonborn tweak. ""Oh! Sorry, that reminds me. Hold on."" And she pulls out a little piece of paper. You recognize it: it's used in various arcane messaging. She pulls out a small quill and dabbles it and starts writing a quick message on it. Closes the lid (fire burst noise). It disappears."
MARISHA,02:55:45,02:55:47,Neutral,"{'Angry': 3.586930197307936e-10, 'Disgusted': 3.541199278256357e-11, 'Fearful': 9.76196293939191e-12, 'Happy': 5.598830288278123e-10, 'Neutral': 1.0, 'Other': 2.324310665810514e-12, 'Sad': 6.207656055856603e-10, 'Surprised': 9.235220921333109e-11, 'Unknown': 3.3462154488267393e-12}",What was that?
MATT,02:55:47,02:55:50,Neutral,"{'Angry': 1.19501752937623e-09, 'Disgusted': 1.1830927348910336e-09, 'Fearful': 1.7559907972142241e-09, 'Happy': 8.367877946113822e-09, 'Neutral': 1.0, 'Other': 1.6830403737344568e-10, 'Sad': 2.12770263630091e-08, 'Surprised': 9.17206421924277e-10, 'Unknown': 2.544834065698609e-10}","""I'm sorry. I was given that, just in case you all returned--"""
MARISHA,02:55:50,02:55:53,Neutral,"{'Angry': 8.76314854014737e-11, 'Disgusted': 9.86043191542052e-12, 'Fearful': 3.1013852510447526e-12, 'Happy': 1.3063954085179574e-10, 'Neutral': 1.0, 'Other': 5.427785499702298e-13, 'Sad': 1.1276861666686955e-09, 'Surprised': 1.3670363452344958e-11, 'Unknown': 3.1681695027846457e-12}",Who gave you that? What was that?
MATT,02:55:53,02:56:03,Sad,"{'Angry': 9.050964581547305e-05, 'Disgusted': 7.1819442382548e-05, 'Fearful': 0.0008937178645282984, 'Happy': 0.0007871846319176257, 'Neutral': 0.004386039450764656, 'Other': 3.2098909287014976e-05, 'Sad': 0.9931426048278809, 'Surprised': 0.0005857934593223035, 'Unknown': 1.0193304660788272e-05}","""Seeker Asum Emring of the council. The ranger. He said as soon as you all returned, I'm supposed to let him know. He had very important business with you."""
LAURA,02:56:03,02:56:07,Neutral,"{'Angry': 4.300840499710246e-12, 'Disgusted': 1.6607636761038075e-13, 'Fearful': 5.687887904811187e-14, 'Happy': 7.073312855571112e-12, 'Neutral': 1.0, 'Other': 5.355517004396399e-15, 'Sad': 1.0090529974082774e-11, 'Surprised': 1.2956960808094276e-12, 'Unknown': 7.954020878357324e-14}","Maybe for the future, don't do that until we tell you it's okay to do that?"
SAM,02:56:07,02:56:14,Neutral,"{'Angry': 5.353166488930583e-05, 'Disgusted': 7.269780326168984e-05, 'Fearful': 0.00011310174159007147, 'Happy': 5.843812687089667e-05, 'Neutral': 0.8917219638824463, 'Other': 6.484043524324079e-07, 'Sad': 0.10796809941530228, 'Surprised': 8.884533599484712e-06, 'Unknown': 2.6116495064343326e-06}","Seeker Emring, you said? Of the council of Tal'Dorei?"
MATT,02:56:14,02:56:15,Sad,"{'Angry': 0.017100641503930092, 'Disgusted': 0.01608186401426792, 'Fearful': 0.0012607030803337693, 'Happy': 0.005357627756893635, 'Neutral': 0.4492112398147583, 'Other': 1.2098801562387962e-05, 'Sad': 0.50970858335495, 'Surprised': 0.0012578855967149138, 'Unknown': 9.322217010776512e-06}","""Yes."""
SAM,02:56:15,02:56:16,Neutral,"{'Angry': 0.00029766745865345, 'Disgusted': 3.558892785804346e-05, 'Fearful': 3.951469625462778e-05, 'Happy': 0.0002873981138691306, 'Neutral': 0.9892510771751404, 'Other': 1.3969194014862296e-06, 'Sad': 0.01007075235247612, 'Surprised': 1.6275254893116653e-05, 'Unknown': 2.51611339763258e-07}",He's an ally.
LAURA,02:56:16,02:56:21,Neutral,"{'Angry': 1.1970911145908758e-05, 'Disgusted': 9.723765288072173e-06, 'Fearful': 2.228177254437469e-05, 'Happy': 1.2608497854671441e-05, 'Neutral': 0.999658465385437, 'Other': 1.3344350691113505e-06, 'Sad': 0.00028039157041348517, 'Surprised': 2.05018568522064e-06, 'Unknown': 1.0984282425852143e-06}","No, he's fine. It's just, maybe we wanted to take a little nap or something."
MARISHA,02:56:21,02:56:22,Neutral,"{'Angry': 0.0003837937256321311, 'Disgusted': 3.480623854557052e-05, 'Fearful': 1.1479522072477266e-05, 'Happy': 0.0011145152384415269, 'Neutral': 0.9975128173828125, 'Other': 1.6288693132082699e-06, 'Sad': 0.0009332919726148248, 'Surprised': 7.373025255219545e-06, 'Unknown': 2.6466915414857795e-07}","Yes, ask us first."
MATT,02:56:22,02:56:27,Unknown,"{'Angry': 0.005083955358713865, 'Disgusted': 0.012647893279790878, 'Fearful': 0.006025827489793301, 'Happy': 0.09870858490467072, 'Neutral': 0.22536209225654602, 'Other': 0.04890385642647743, 'Sad': 0.02843378484249115, 'Surprised': 0.00044340192107483745, 'Unknown': 0.5743905901908875}","""I'm sorry, I was-- oh. Okay. My apologies. I was given implicit instructions by him."""
ORION,02:56:27,02:56:34,Neutral,"{'Angry': 4.235134110786021e-05, 'Disgusted': 0.00013741741713602096, 'Fearful': 1.4356099200085737e-05, 'Happy': 0.00015577508020214736, 'Neutral': 0.9956788420677185, 'Other': 8.857050124788657e-05, 'Sad': 0.00010988173016812652, 'Surprised': 2.9197815365478164e-07, 'Unknown': 0.0037725192960351706}","It's all right, we forgive you. I give her a hug. Sorry, I'm very scaly."
MATT,02:56:34,02:56:37,Sad,"{'Angry': 0.00012883744784630835, 'Disgusted': 0.0016643644776195288, 'Fearful': 0.009234990924596786, 'Happy': 0.30609551072120667, 'Neutral': 0.003807708388194442, 'Other': 0.0044713751412928104, 'Sad': 0.6413861513137817, 'Surprised': 2.885524372686632e-05, 'Unknown': 0.03318226337432861}","""Oh! Ah, it's good to see you, too, Lord Tiberius Stormwind."""
SAM,02:56:37,02:56:47,Sad,"{'Angry': 9.379478882465264e-08, 'Disgusted': 1.744848106000063e-07, 'Fearful': 1.6008299041914142e-07, 'Happy': 4.6668873210364836e-07, 'Neutral': 3.4914942261821125e-06, 'Other': 1.3103527862767805e-07, 'Sad': 0.999995231628418, 'Surprised': 2.9696906267417944e-08, 'Unknown': 2.078407561612039e-07}","Could you instruct the security guard-- we can take care of it. We should instruct the security guards: if there's a tent outside the keep, they should just burn it down."
MATT,02:56:47,02:56:56,Sad,"{'Angry': 0.0004955742042511702, 'Disgusted': 0.0033440114930272102, 'Fearful': 0.0023954405914992094, 'Happy': 0.0008851803722791374, 'Neutral': 0.005133499391376972, 'Other': 0.011960539035499096, 'Sad': 0.7459474802017212, 'Surprised': 6.137649052107008e-06, 'Unknown': 0.22983212769031525}","""Oh, that nice boy! I brought him biscuits every morning. He was so sweet, that one."""
MARISHA,02:56:56,02:57:00,Neutral,"{'Angry': 0.0017362715443596244, 'Disgusted': 0.0006480437587015331, 'Fearful': 0.0004415977746248245, 'Happy': 0.02514694817364216, 'Neutral': 0.9598996043205261, 'Other': 0.0007287607877515256, 'Sad': 0.005842097569257021, 'Surprised': 0.00026139747933484614, 'Unknown': 0.005295139737427235}","You brought him biscuits? Oh, she fed the stray. That's adorable."
LIAM,02:57:00,02:57:06,Neutral,"{'Angry': 0.0003439610300119966, 'Disgusted': 0.0008161719306372106, 'Fearful': 0.0017338923644274473, 'Happy': 0.015025243163108826, 'Neutral': 0.9738344550132751, 'Other': 0.00029495361377485096, 'Sad': 0.006859174929559231, 'Surprised': 0.0008935013320297003, 'Unknown': 0.00019865272042807192}","Do me a favor. Roll up his tent, keep it inside. If he comes back to ask for it--"
MATT,02:57:06,02:57:07,Disgusted,"{'Angry': 0.002651737304404378, 'Disgusted': 0.9028623700141907, 'Fearful': 0.00021462586300913244, 'Happy': 0.0033278176560997963, 'Neutral': 0.06719627231359482, 'Other': 0.0006226993282325566, 'Sad': 0.013924021273851395, 'Surprised': 0.009178034029901028, 'Unknown': 2.2452661141869612e-05}",He already rolled up his tent when he took off.
LIAM,02:57:07,02:57:09,Neutral,"{'Angry': 0.0025489951949566603, 'Disgusted': 0.0003935538697987795, 'Fearful': 0.016262076795101166, 'Happy': 0.41238677501678467, 'Neutral': 0.4498424530029297, 'Other': 0.0005134163075126708, 'Sad': 0.11582690477371216, 'Surprised': 0.0019437834853306413, 'Unknown': 0.00028200342785567045}",Did he leave anything?
MATT,02:57:09,02:57:11,Neutral,"{'Angry': 0.021719781681895256, 'Disgusted': 0.04625632241368294, 'Fearful': 0.016269629821181297, 'Happy': 0.015012533403933048, 'Neutral': 0.3615528345108032, 'Other': 0.051054518669843674, 'Sad': 0.2831043303012848, 'Surprised': 0.20108571648597717, 'Unknown': 0.003944353200495243}",There was a couple of small pots and pans and things that he left.
LIAM,02:57:11,02:57:17,Neutral,"{'Angry': 2.9738672310486436e-05, 'Disgusted': 6.168380787130445e-05, 'Fearful': 2.937281533377245e-05, 'Happy': 5.034336936660111e-05, 'Neutral': 0.5719277858734131, 'Other': 3.134624193990021e-06, 'Sad': 0.42788460850715637, 'Surprised': 3.4425011108396575e-06, 'Unknown': 9.863189006864559e-06}","If he comes back, let him in. If I'm not here, let him use my room for as long as he likes, and I'll pay for it."
MATT,02:57:17,02:57:19,Neutral,"{'Angry': 0.008347070775926113, 'Disgusted': 0.0009686434059403837, 'Fearful': 0.0001968662691069767, 'Happy': 0.0007268620538525283, 'Neutral': 0.9872811436653137, 'Other': 0.0001512094313511625, 'Sad': 0.0006168509717099369, 'Surprised': 1.615668588783592e-05, 'Unknown': 0.0016951685538515449}","""Okay, it'll be done."""
LAURA,02:57:19,02:57:21,Neutral,"{'Angry': 0.007182939909398556, 'Disgusted': 0.1240800991654396, 'Fearful': 0.015145273879170418, 'Happy': 0.0031296585220843554, 'Neutral': 0.6526651978492737, 'Other': 0.0007119955262169242, 'Sad': 0.16737039387226105, 'Surprised': 0.00023547461023554206, 'Unknown': 0.029478853568434715}","Feeling guilty that you knocked him out, brother?"
LIAM,02:57:21,02:57:24,Neutral,"{'Angry': 5.174982106836978e-06, 'Disgusted': 3.5137645681970753e-06, 'Fearful': 3.956234195356956e-06, 'Happy': 1.2855095519626047e-05, 'Neutral': 0.9996510744094849, 'Other': 1.3893895811634138e-05, 'Sad': 0.0002703081117942929, 'Surprised': 3.250821407618787e-07, 'Unknown': 3.896802809322253e-05}","No, I feel perfectly justified."
ORION,02:57:24,02:57:25,Sad,"{'Angry': 0.01111528929322958, 'Disgusted': 0.0002394036273472011, 'Fearful': 0.00096547493012622, 'Happy': 0.026270417496562004, 'Neutral': 0.008919511921703815, 'Other': 2.405608756816946e-05, 'Sad': 0.9523091912269592, 'Surprised': 0.0001504882675362751, 'Unknown': 6.094373475207249e-06}","Oh, you shouldn't."
TRAVIS,02:57:25,02:57:29,Neutral,"{'Angry': 0.0007190614705905318, 'Disgusted': 0.003921515308320522, 'Fearful': 0.000608324829954654, 'Happy': 0.0003035198606085032, 'Neutral': 0.9194700121879578, 'Other': 0.00020839358330704272, 'Sad': 0.0737830176949501, 'Surprised': 3.7008285289630294e-05, 'Unknown': 0.0009492257959209383}",Can we rest before we go see this ranger?
SAM,02:57:29,02:57:30,Sad,"{'Angry': 0.01584082841873169, 'Disgusted': 0.009117957204580307, 'Fearful': 0.0008118353434838355, 'Happy': 0.012645160779356956, 'Neutral': 0.2582470178604126, 'Other': 4.6096927690086886e-05, 'Sad': 0.6995652318000793, 'Surprised': 0.003714181249961257, 'Unknown': 1.1665881174849346e-05}",Let's do it.
MATT,02:57:30,02:58:19,Sad,"{'Angry': 2.1302820618629426e-11, 'Disgusted': 2.1163423444270357e-11, 'Fearful': 2.82263882406264e-11, 'Happy': 1.5314673140753854e-10, 'Neutral': 1.6825244530949135e-09, 'Other': 3.272420182054425e-11, 'Sad': 1.0, 'Surprised': 1.1242445342729557e-11, 'Unknown': 1.2356451582415384e-12}","Right. You guys make your way into the keep. Laina immediately rushes off to the kitchen and begins preparing a welcome back meal for all of you. You can smell, after the next ten to 15 minutes pass by, that scent of freshly-cooked meats and baking bread begins to fill the air around Greyskull Keep. The halls are kept nice and warm. It's very clean, and it's a very welcome sight to be back home. You take time to rest and exhale and go over the sequence, and as you walk by, you see across the right from the main foyer, you can see a little bit of the light echoing through from the temple of Sarenrae, the stained glass, itself, and for a moment you all take a sad memory of Pike, whereever she is, hopefully to return to you very soon."
MARISHA,02:58:19,02:58:22,Neutral,"{'Angry': 0.11034214496612549, 'Disgusted': 0.011252166703343391, 'Fearful': 0.0017777248285710812, 'Happy': 0.022781195119023323, 'Neutral': 0.5634403228759766, 'Other': 0.0009078924776986241, 'Sad': 0.2408238649368286, 'Surprised': 0.04818514734506607, 'Unknown': 0.000489487370941788}",It's just not home without her.
LAURA,02:58:22,02:58:28,Sad,"{'Angry': 1.3283316548040602e-05, 'Disgusted': 0.00011526815796969458, 'Fearful': 0.0009369139443151653, 'Happy': 7.611643377458677e-05, 'Neutral': 0.0012076757848262787, 'Other': 0.0001925412507262081, 'Sad': 0.9894128441810608, 'Surprised': 1.6137782665737177e-07, 'Unknown': 0.008045211434364319}","Here's the thing, Scanlan, how do you look through your poo? Can you look through it anywhere, or is it perhaps from the--"
SAM,02:58:28,02:58:39,Sad,"{'Angry': 6.737703301951115e-07, 'Disgusted': 4.31297735303815e-07, 'Fearful': 4.691189587902045e-07, 'Happy': 5.82711663810187e-07, 'Neutral': 2.018384293478448e-06, 'Other': 6.724431500515493e-08, 'Sad': 0.9999954700469971, 'Surprised': 1.9009767981970072e-07, 'Unknown': 1.7609879776614434e-08}",If you'd like to. I'm feeling a little bit Pike-sick right now. I could concentrate very hard.
LAURA,02:58:39,02:58:41,Neutral,"{'Angry': 0.1702437549829483, 'Disgusted': 0.015311460942029953, 'Fearful': 0.0026035159826278687, 'Happy': 0.20461970567703247, 'Neutral': 0.5395171642303467, 'Other': 0.004054631106555462, 'Sad': 0.04304942861199379, 'Surprised': 0.01996518112719059, 'Unknown': 0.0006351328920572996}",Just concentrate for a moment and see what she's doing.
LIAM,02:58:41,02:58:43,Sad,"{'Angry': 0.0020368651021271944, 'Disgusted': 0.0029374375008046627, 'Fearful': 0.006747281178832054, 'Happy': 0.002171131782233715, 'Neutral': 0.23601865768432617, 'Other': 0.00010485293751116842, 'Sad': 0.7460529804229736, 'Surprised': 0.0038044184911996126, 'Unknown': 0.00012637693725991994}","Would we be able to see, as well?"
SAM,02:58:43,02:58:45,Neutral,"{'Angry': 6.899959407746792e-05, 'Disgusted': 3.145008668070659e-05, 'Fearful': 1.2403846085362602e-05, 'Happy': 0.011708015576004982, 'Neutral': 0.9871754050254822, 'Other': 7.461171662725974e-06, 'Sad': 0.0005748738767579198, 'Surprised': 0.0004203037533443421, 'Unknown': 1.1384021263438626e-06}","No, I'd have to describe to you what I see."
LAURA,02:58:45,02:58:48,Neutral,"{'Angry': 1.70792513465301e-09, 'Disgusted': 9.128187650198072e-10, 'Fearful': 9.042267629100209e-11, 'Happy': 1.9181598531758937e-09, 'Neutral': 0.9999998807907104, 'Other': 1.377811198466361e-10, 'Sad': 1.0124461624627656e-07, 'Surprised': 9.129632605464622e-10, 'Unknown': 9.735526274035067e-11}","Tell us what you see. Unless she's naked, in which case, stop looking."
SAM,02:58:48,02:58:58,Sad,"{'Angry': 0.0016792169772088528, 'Disgusted': 0.0009845015592873096, 'Fearful': 0.00017801289504859596, 'Happy': 0.0001701907312963158, 'Neutral': 0.44842347502708435, 'Other': 5.47931949768099e-06, 'Sad': 0.5485199689865112, 'Surprised': 2.254670653201174e-05, 'Unknown': 1.6603902622591704e-05}","Of course, I would definitely stop looking if I saw her naked in front of my poo. Definitely."
MATT,02:58:58,02:59:01,Neutral,"{'Angry': 8.186982995539438e-06, 'Disgusted': 5.075966782897012e-06, 'Fearful': 1.899767084978521e-05, 'Happy': 0.000727621023543179, 'Neutral': 0.9991437196731567, 'Other': 3.9325101397480466e-07, 'Sad': 9.035794937517494e-05, 'Surprised': 3.6768935842701467e-06, 'Unknown': 1.962981968972599e-06}",Are you...?
SAM,02:59:01,02:59:03,Neutral,"{'Angry': 0.02162857912480831, 'Disgusted': 0.17410096526145935, 'Fearful': 0.0005476571968756616, 'Happy': 0.00652088038623333, 'Neutral': 0.7261523604393005, 'Other': 0.03549204021692276, 'Sad': 0.025677109137177467, 'Surprised': 0.00920446589589119, 'Unknown': 0.0006759788375347853}","Sure, I'm going to try to scry through my poo."
MATT,02:59:03,03:00:39,Sad,"{'Angry': 2.794259268412702e-11, 'Disgusted': 1.11109219047556e-10, 'Fearful': 1.0748225920398369e-10, 'Happy': 3.338810894426558e-10, 'Neutral': 3.0433071618318763e-09, 'Other': 1.4533697856311534e-10, 'Sad': 1.0, 'Surprised': 4.6508429052405376e-11, 'Unknown': 6.645814974726161e-12}","You sit down and close your eyes and begin to concentrate, and as you begin to focus your energy, the sense of the arcane mind itself has gathered between the center of the head and the center of the chest. You begin to join these in the center, and your consciousness begins to glide downward towards your bowels. Eventually, you find a point of connection and you feel your vision transcending this single point on the prime material plane. You are brought through the small channel across the astral sea to connect, and suddenly your vision takes place. What looks like a cluster of dirt to one side and a darkened chamber that is lit by a series of torches. Before you, you see, still and slightly muddled, the Temple of Sarenrae as partially uncovered. You can see the large stone archway that is the front of the partially collapsed temple. You can see now there is stone being brought down the wooden staircase, and it is being used to slowly build up and reconstruct what was once a beautiful and very well-revered structure. You can see in the distance a small, white-haired gnome figure that is currently acting as foreman for this whole construction process and is giving orders and shouts to the other individuals here. Glancing about, you see her step over, and one person trips and drops a stone, and she walks up to them and takes them by the shoulder and lifts them back up and gives them a little hug, and then picks up the stone and carries it with them over to where it belongs on the side of one of the walls."
SAM,03:00:39,03:00:41,Neutral,"{'Angry': 0.11549155414104462, 'Disgusted': 0.05675884336233139, 'Fearful': 0.0009430316276848316, 'Happy': 0.04630761966109276, 'Neutral': 0.6438263058662415, 'Other': 0.024943070486187935, 'Sad': 0.09107832610607147, 'Surprised': 0.018330298364162445, 'Unknown': 0.002320928731933236}","She should fire that person, but okay."
MATT,03:00:41,03:00:54,Neutral,"{'Angry': 9.43307584821973e-12, 'Disgusted': 1.2727233546575012e-12, 'Fearful': 4.4404600439348907e-13, 'Happy': 1.9126415728987212e-11, 'Neutral': 1.0, 'Other': 1.3378583180526094e-13, 'Sad': 1.112523684287936e-10, 'Surprised': 4.661915818660045e-12, 'Unknown': 6.124838049931247e-13}","A few more moments pass and you gather that this is a slow-moving, but a consistent moving, renovation of the temple of Sarenrae, based on the limited number of people that she has at her disposal to help with the process. But it seems to be going well."
SAM,03:00:54,03:00:57,Neutral,"{'Angry': 1.175072952719347e-06, 'Disgusted': 8.939560416365566e-07, 'Fearful': 2.937306931016792e-07, 'Happy': 1.4224135611584643e-06, 'Neutral': 0.9999897480010986, 'Other': 1.9607892909334623e-07, 'Sad': 5.164141839486547e-06, 'Surprised': 5.89787703120237e-08, 'Unknown': 9.740350606080028e-07}",(gasps)
LAURA,03:00:57,03:00:58,Neutral,"{'Angry': 1.4326446944323834e-05, 'Disgusted': 4.35629681305727e-06, 'Fearful': 1.0168573680857662e-06, 'Happy': 9.827168105402961e-05, 'Neutral': 0.9998445510864258, 'Other': 1.1606270788888651e-07, 'Sad': 3.588800609577447e-05, 'Surprised': 1.2814489309675992e-06, 'Unknown': 3.693352468303601e-08}",What did you see?
SAM,03:00:58,03:01:00,Neutral,"{'Angry': 2.7715492123547847e-09, 'Disgusted': 1.4680807680633734e-09, 'Fearful': 9.948093460110385e-10, 'Happy': 6.255021833823093e-09, 'Neutral': 0.9999998807907104, 'Other': 1.08796104070219e-10, 'Sad': 1.401094493758137e-07, 'Surprised': 1.1914170761073706e-09, 'Unknown': 1.0040733522398426e-10}",She was definitely naked.
ORION,03:01:00,03:01:01,Neutral,"{'Angry': 3.1491196369332064e-12, 'Disgusted': 1.5037470780295686e-13, 'Fearful': 4.4927406792679564e-14, 'Happy': 4.600612425742501e-12, 'Neutral': 1.0, 'Other': 1.1423937594783485e-14, 'Sad': 1.323807383157849e-11, 'Surprised': 8.503867640445584e-13, 'Unknown': 8.38771868801047e-14}",Really?
SAM,03:01:01,03:01:31,Neutral,"{'Angry': 5.2099309295981083e-14, 'Disgusted': 2.1660296881033814e-15, 'Fearful': 3.311289224740087e-16, 'Happy': 7.495635785236682e-14, 'Neutral': 1.0, 'Other': 5.646783788749012e-16, 'Sad': 1.7903171620984454e-13, 'Surprised': 3.071770065415404e-14, 'Unknown': 1.7254475122923068e-15}","No, she was supervising her crew in a fair, but firm way. She was just being Pike: driven, radiant, beautiful, and empowered by the spirit of Sarenrae. She's everything that we think of her and more. She's beautiful and charming. Let's just let it be known that I could kill Tiberius if I wanted to. Just going to say that."
ORION,03:01:31,03:01:34,Neutral,"{'Angry': 6.764858812013941e-11, 'Disgusted': 1.1005185478196733e-11, 'Fearful': 2.356845838283328e-12, 'Happy': 1.2235612523170403e-10, 'Neutral': 1.0, 'Other': 1.7257726281014185e-12, 'Sad': 2.976881519067831e-10, 'Surprised': 1.4148116705969827e-11, 'Unknown': 1.5068838538079277e-11}","It's fine. Yes, you can, Scanlan."
SAM,03:01:34,03:01:43,Neutral,"{'Angry': 5.458302906879986e-11, 'Disgusted': 7.547878988489742e-12, 'Fearful': 3.346164274484198e-12, 'Happy': 1.1915664288597583e-10, 'Neutral': 1.0, 'Other': 5.213094496012149e-13, 'Sad': 3.004180793020339e-10, 'Surprised': 1.9802250117439968e-11, 'Unknown': 4.183810849850422e-12}","Yes. I mean, that's beside the point. Pike was glorious and wonderful and confident, and I miss her so much. I hope from time to time I can look in on her."
LAURA,03:01:43,03:01:45,Neutral,"{'Angry': 3.7472349845302233e-07, 'Disgusted': 3.1721978643872717e-07, 'Fearful': 8.017685217964754e-07, 'Happy': 1.4981065987740294e-06, 'Neutral': 0.9999797344207764, 'Other': 3.57885205914954e-08, 'Sad': 1.696275285212323e-05, 'Surprised': 1.6554425030790298e-07, 'Unknown': 4.643833406703379e-08}",Anytime you want.
TRAVIS,03:01:45,03:01:46,Neutral,"{'Angry': 1.9806705040537054e-06, 'Disgusted': 1.1492293197079562e-06, 'Fearful': 3.2257730708806776e-07, 'Happy': 4.6979439503047615e-06, 'Neutral': 0.99970942735672, 'Other': 2.4079108698060736e-06, 'Sad': 0.000276297505479306, 'Surprised': 2.1888990175966683e-08, 'Unknown': 3.751383019334753e-06}",Look through your shit.
SAM,03:01:46,03:01:52,Neutral,"{'Angry': 7.663772394472801e-12, 'Disgusted': 7.177343029803052e-13, 'Fearful': 1.8200893537548973e-13, 'Happy': 9.090355204688372e-12, 'Neutral': 1.0, 'Other': 4.469637686225006e-14, 'Sad': 5.4639071045414767e-11, 'Surprised': 2.46769293367477e-12, 'Unknown': 2.1998815800689658e-13}","Well, it's really any bodily fluid, I believe. I could piss. I could barf."
LAURA,03:01:52,03:01:54,Angry,"{'Angry': 0.5147401690483093, 'Disgusted': 0.0009530374663881958, 'Fearful': 0.0003587348328437656, 'Happy': 0.004631494637578726, 'Neutral': 0.015574087388813496, 'Other': 1.5345793144661002e-05, 'Sad': 0.46358320116996765, 'Surprised': 0.00013673240027856082, 'Unknown': 7.299612661881838e-06}",Ooh! Any time ever?
TRAVIS,03:01:54,03:01:59,Neutral,"{'Angry': 0.0012169221881777048, 'Disgusted': 0.0020015868358314037, 'Fearful': 0.0010087582049891353, 'Happy': 0.003950018435716629, 'Neutral': 0.90812748670578, 'Other': 0.0032450174912810326, 'Sad': 0.016529589891433716, 'Surprised': 8.115708624245599e-06, 'Unknown': 0.06391248106956482}",Is this real? Is it a real thing? Is it real? He can do this?
MATT,03:01:59,03:02:05,Neutral,"{'Angry': 8.555778833888375e-14, 'Disgusted': 3.12700487214762e-15, 'Fearful': 5.478711805585669e-16, 'Happy': 1.206429297824843e-13, 'Neutral': 1.0, 'Other': 5.473739722185286e-16, 'Sad': 2.5041725420713035e-13, 'Surprised': 4.744076361135399e-14, 'Unknown': 2.0185072536360203e-15}",There is a gradual fade to the effect.
LIAM,03:02:05,03:02:07,Neutral,"{'Angry': 0.009643997065722942, 'Disgusted': 0.010396364144980907, 'Fearful': 0.00037565419916063547, 'Happy': 0.00026214736863039434, 'Neutral': 0.8702133893966675, 'Other': 2.1739051589975134e-05, 'Sad': 0.10887499898672104, 'Surprised': 0.00020720325119327754, 'Unknown': 4.550286575977225e-06}","I'm raising my flask, and I say: To Pike."
ALL,03:02:07,03:02:09,Neutral,"{'Angry': 0.0001449513656552881, 'Disgusted': 6.931259576958837e-06, 'Fearful': 1.7657164335105335e-06, 'Happy': 1.272815188713139e-05, 'Neutral': 0.985813558101654, 'Other': 4.5341270293874913e-08, 'Sad': 0.014013092964887619, 'Surprised': 6.822967861808138e-06, 'Unknown': 8.127599038232347e-09}",To Pike.
LIAM,03:02:09,03:02:11,Neutral,"{'Angry': 0.0003185936075169593, 'Disgusted': 5.03102783113718e-05, 'Fearful': 1.9563800378818996e-05, 'Happy': 0.00014993570221122354, 'Neutral': 0.89524906873703, 'Other': 1.8959739236379392e-06, 'Sad': 0.10415629297494888, 'Surprised': 5.368597339838743e-05, 'Unknown': 7.078659223225259e-07}",The best in all of us.
SAM,03:02:11,03:02:13,Sad,"{'Angry': 6.592935278604273e-06, 'Disgusted': 9.80915388026915e-07, 'Fearful': 1.0102926353283692e-05, 'Happy': 5.2211389629519545e-06, 'Neutral': 0.0006395292584784329, 'Other': 9.463416716926076e-08, 'Sad': 0.9993317723274231, 'Surprised': 5.605702881439356e-06, 'Unknown': 1.993931242338931e-08}","She really was, and is."
MARISHA,03:02:13,03:02:17,Neutral,"{'Angry': 0.0005985291209071875, 'Disgusted': 0.00016047299141064286, 'Fearful': 0.0009064459009096026, 'Happy': 0.003522366750985384, 'Neutral': 0.790286123752594, 'Other': 0.0002793874591588974, 'Sad': 0.20117303729057312, 'Surprised': 0.0030450071208178997, 'Unknown': 2.8678437956841663e-05}","Our own little inspirational poster, inside each and every one of us."
SAM,03:02:17,03:02:19,Neutral,"{'Angry': 1.0045549061032943e-05, 'Disgusted': 1.7181246221298352e-05, 'Fearful': 2.6200368665740825e-05, 'Happy': 0.0002472760679665953, 'Neutral': 0.9979088306427002, 'Other': 6.482961907749996e-06, 'Sad': 0.001687217503786087, 'Surprised': 2.4548421606596094e-06, 'Unknown': 9.445045725442469e-05}","She's not little, but yes."
MATT,03:02:19,03:02:24,Neutral,"{'Angry': 0.007862580008804798, 'Disgusted': 0.0036694409791380167, 'Fearful': 0.010712429881095886, 'Happy': 0.00200269790366292, 'Neutral': 0.7279455065727234, 'Other': 9.86767845461145e-05, 'Sad': 0.2469862699508667, 'Surprised': 0.00016729743219912052, 'Unknown': 0.00055509532103315}","As you all drink, a familiar voice echoes from across the hallway."
MARISHA,03:02:24,03:02:26,Sad,"{'Angry': 3.491399183985777e-05, 'Disgusted': 5.4476195145980455e-06, 'Fearful': 2.7908840820600744e-06, 'Happy': 1.6115509424707852e-05, 'Neutral': 0.007658170536160469, 'Other': 5.93125378145487e-07, 'Sad': 0.9922784566879272, 'Surprised': 3.363162932146224e-06, 'Unknown': 9.789578570007507e-08}",Pike?
MATT,03:02:26,03:02:29,Neutral,"{'Angry': 3.604752419050783e-05, 'Disgusted': 6.625730020459741e-05, 'Fearful': 9.573151328368112e-05, 'Happy': 4.520437141763978e-05, 'Neutral': 0.9980720281600952, 'Other': 2.286332346557174e-05, 'Sad': 0.0016069660196080804, 'Surprised': 2.3055061319610104e-05, 'Unknown': 3.17449084832333e-05}","""Your food is ready, everyone."" (groaning)"
MATT,03:02:29,03:02:41,Neutral,"{'Angry': 8.452989014046813e-14, 'Disgusted': 3.1364067261039057e-15, 'Fearful': 5.228022875725102e-16, 'Happy': 1.3336341308633343e-13, 'Neutral': 1.0, 'Other': 6.016246325451537e-16, 'Sad': 3.0492275371329924e-13, 'Surprised': 4.0392134895064075e-14, 'Unknown': 2.275736548398811e-15}","And you see Erwen Dastell, your elderly halfling manservant, is there standing in his attire, smiling, happy to see you all. ""Laina would like you all to know that your meal is ready. This way, please."""
LAURA,03:02:41,03:02:42,Neutral,"{'Angry': 6.012110134179238e-07, 'Disgusted': 4.6953601895438624e-07, 'Fearful': 1.0855946186438814e-07, 'Happy': 5.876702743989881e-06, 'Neutral': 0.9999895095825195, 'Other': 5.7288819022005555e-08, 'Sad': 3.2148836908163503e-06, 'Surprised': 6.658446238816396e-08, 'Unknown': 1.0362155933307804e-07}","Thank you, Erwen."
MATT,03:02:42,03:02:57,Neutral,"{'Angry': 3.2142130211749997e-13, 'Disgusted': 1.2823031041674354e-14, 'Fearful': 2.6957598581514846e-15, 'Happy': 4.850730277519699e-13, 'Neutral': 1.0, 'Other': 1.4257720201140637e-15, 'Sad': 9.606910536183455e-13, 'Surprised': 1.3609419309817267e-13, 'Unknown': 8.416160021500196e-15}","He leads you to the dining hall. The food is already prepared, and you sit down to eat. The meal is very welcome; it's the best food you've had in a while. Comparable to Southern comfort food. There's gravy, biscuits-- it's beautiful."
LAURA,03:02:57,03:02:58,Neutral,"{'Angry': 0.05857796594500542, 'Disgusted': 0.02030343748629093, 'Fearful': 0.0008663113112561405, 'Happy': 0.10311867296695709, 'Neutral': 0.6636731028556824, 'Other': 0.0022911191917955875, 'Sad': 0.06206290423870087, 'Surprised': 0.08905264735221863, 'Unknown': 5.387828059610911e-05}",Fried chicken.
MATT,03:02:58,03:03:12,Neutral,"{'Angry': 5.305746727385374e-12, 'Disgusted': 3.343215732466015e-13, 'Fearful': 9.410854528383444e-14, 'Happy': 6.5554844538850965e-12, 'Neutral': 1.0, 'Other': 2.4049008566355036e-14, 'Sad': 2.365967838313665e-11, 'Surprised': 2.1110517847700017e-12, 'Unknown': 1.4151799578119434e-13}","(chuckles) It's delightful. A little ways into the meal, you can see Cordell steps into the room and glances in for a second. ""I am sorry to interrupt, but we have a visitor."""
SAM,03:03:12,03:03:16,Neutral,"{'Angry': 0.001567238476127386, 'Disgusted': 0.009117022156715393, 'Fearful': 0.23776479065418243, 'Happy': 0.15922029316425323, 'Neutral': 0.3943653702735901, 'Other': 0.001531232730485499, 'Sad': 0.006003288552165031, 'Surprised': 0.00017322495114058256, 'Unknown': 0.1902574747800827}",Is it a councilor from Tal'Dorei?
MATT,03:03:16,03:03:18,Neutral,"{'Angry': 3.7198386731995825e-12, 'Disgusted': 2.1346684456972215e-13, 'Fearful': 6.081344873206176e-14, 'Happy': 5.36290586591881e-12, 'Neutral': 1.0, 'Other': 1.742577165463749e-14, 'Sad': 1.5393384483752826e-11, 'Surprised': 1.0613475159501617e-12, 'Unknown': 1.2670936619819245e-13}","""It is. The halfling."""
ORION,03:03:18,03:03:20,Neutral,"{'Angry': 2.0679101453424664e-06, 'Disgusted': 2.5300554625573568e-05, 'Fearful': 2.6318048185203224e-05, 'Happy': 8.77682032296434e-06, 'Neutral': 0.9998798370361328, 'Other': 1.0120317028849968e-06, 'Sad': 5.317193063092418e-05, 'Surprised': 1.1343754522386007e-06, 'Unknown': 2.388467692071572e-06}",Invite him in for dinner.
LAURA,03:03:20,03:03:21,Neutral,"{'Angry': 1.6378267275740654e-07, 'Disgusted': 1.2286575667985744e-07, 'Fearful': 1.0989096921321106e-07, 'Happy': 3.2237792879641347e-07, 'Neutral': 0.9999979734420776, 'Other': 1.034606267324989e-08, 'Sad': 1.0281549975843518e-06, 'Surprised': 2.721781697800907e-07, 'Unknown': 3.779150770100159e-09}",Does he want some fried chicken?
MATT,03:03:21,03:03:23,Neutral,"{'Angry': 5.206194156337496e-11, 'Disgusted': 1.762313905917523e-11, 'Fearful': 6.1797819465858606e-12, 'Happy': 3.7258568452713803e-10, 'Neutral': 1.0, 'Other': 5.679372770683866e-12, 'Sad': 1.7170121990872644e-09, 'Surprised': 3.0168863934809664e-11, 'Unknown': 5.7471744377424194e-12}","""I could ask."""
MARISHA,03:03:23,03:03:27,Neutral,"{'Angry': 1.5732082520383828e-12, 'Disgusted': 5.870422149691773e-14, 'Fearful': 1.6101362796771927e-14, 'Happy': 1.922479102994812e-12, 'Neutral': 1.0, 'Other': 4.8050887372491895e-15, 'Sad': 4.8100564330189055e-12, 'Surprised': 4.412287050482855e-13, 'Unknown': 3.9833855479528765e-14}",Tell him if he's okay with us being a little tipsy.
LAURA,03:03:27,03:03:28,Neutral,"{'Angry': 2.1214843854977516e-06, 'Disgusted': 1.1240822459512856e-06, 'Fearful': 9.740283530845772e-07, 'Happy': 3.795113343585399e-06, 'Neutral': 0.9999809265136719, 'Other': 1.3252753205961199e-07, 'Sad': 1.024053472065134e-05, 'Surprised': 5.348873060029291e-07, 'Unknown': 1.223733505639757e-07}",Still?
MARISHA,03:03:28,03:03:30,Neutral,"{'Angry': 2.2608577410210273e-07, 'Disgusted': 1.317777389431285e-07, 'Fearful': 2.710122828375461e-07, 'Happy': 1.0121166837961937e-07, 'Neutral': 0.9999891519546509, 'Other': 2.351480565820907e-09, 'Sad': 1.0009855941461865e-05, 'Surprised': 1.2258483650384733e-07, 'Unknown': 8.341140000922564e-10}","Well, I figured we just kept going."
MATT,03:03:30,03:04:23,Neutral,"{'Angry': 1.1519419099159656e-11, 'Disgusted': 1.4437478990103614e-12, 'Fearful': 7.166426198128295e-13, 'Happy': 2.0102084927198227e-11, 'Neutral': 1.0, 'Other': 1.7403492655245628e-13, 'Sad': 1.1773967911743455e-10, 'Surprised': 6.2411889892310946e-12, 'Unknown': 1.4716954868307375e-12}","A moment goes by, and you see Seeker Asum Emring arrives at the doorway. He's wearing dark, looks like studded leather armor, a very deep green cloak about his shoulders. Even at the council meetings, he's dressed for utility. He seems to be that individual who has his eye in many places in the room at once; he's a ranger by trade, and paranoid by nature. His head is shaved bald, and he has tattoos across one side of his halfling face. As he walks in, he gives a swift bow and says to everyone, ""Greetings. I'm sorry to interrupt your meal. I was notified that you have arrived, and I have business I would like to discuss, if you have a moment."""
MARISHA,03:04:23,03:04:28,Angry,"{'Angry': 1.0, 'Disgusted': 2.531035494038325e-12, 'Fearful': 4.503444058640005e-12, 'Happy': 3.258829317509537e-11, 'Neutral': 6.327577350973002e-11, 'Other': 1.3321349232042756e-12, 'Sad': 8.09245725985619e-12, 'Surprised': 4.73170027465164e-12, 'Unknown': 9.708058484300718e-16}",(groans) Is it bad news? We're not in the mood for bad news.
MATT,03:04:28,03:04:32,Neutral,"{'Angry': 2.155189122277079e-06, 'Disgusted': 1.5507027910643956e-06, 'Fearful': 8.909150324143411e-07, 'Happy': 4.431009074323811e-06, 'Neutral': 0.9999295473098755, 'Other': 1.4518545867758803e-06, 'Sad': 4.3210176954744384e-05, 'Surprised': 3.518240987432364e-08, 'Unknown': 1.6704218069207855e-05}","""I'm all right. It's not bad news, it's just something I wanted to run by the rest of you."""
TRAVIS,03:04:32,03:04:34,Neutral,"{'Angry': 0.02402414381504059, 'Disgusted': 0.03041744790971279, 'Fearful': 0.012396389618515968, 'Happy': 0.01226781029254198, 'Neutral': 0.8149149417877197, 'Other': 5.20444409630727e-05, 'Sad': 0.10459399223327637, 'Surprised': 0.000935231102630496, 'Unknown': 0.0003980635083280504}",Please feel free to speak.
MATT,03:04:34,03:05:37,Neutral,"{'Angry': 7.727844406058004e-12, 'Disgusted': 3.141277385779184e-13, 'Fearful': 1.0253802743952906e-13, 'Happy': 7.163068749260759e-12, 'Neutral': 1.0, 'Other': 2.1099990515655725e-14, 'Sad': 1.1505387788324217e-11, 'Surprised': 2.578692251051229e-12, 'Unknown': 1.9054882996992484e-13}","He steps and finds a chair at one of the nearby tables, clustered towards the center, where you guys have pushed your dining tables together. ""Now, while you were gone, a venture has been put into motion. In celebration of the agreed-upon construction of a grand bridge across the Shearing Channel to the eastern continent of Wynandia, a dinner is being held here within a week. This venture is helmed by one Lord and Lady Briarwood of Whitestone, as the bridge would be set at the edge of the Alabaster Sierras. They are probably en route as we speak. The bridge shall open trade routes with the kingdom of Wildmount across the way. I'm here because few things escape my eye. Percival, when last we were company, you had shifted so very uncomfortably at the mention of these two. May I ask why?"""
TALIESIN,03:05:37,03:05:39,Neutral,"{'Angry': 2.4259561541839503e-05, 'Disgusted': 1.3113636669004336e-05, 'Fearful': 4.8033973143901676e-05, 'Happy': 1.9325218090671115e-05, 'Neutral': 0.9944304823875427, 'Other': 1.666025468693988e-07, 'Sad': 0.0054603274911642075, 'Surprised': 4.1582211451896e-06, 'Unknown': 1.8390252876088198e-07}",Had I? I hadn't noticed.
MATT,03:05:39,03:05:40,Neutral,"{'Angry': 0.06725575774908066, 'Disgusted': 0.14232785999774933, 'Fearful': 0.0012808905448764563, 'Happy': 0.01652788184583187, 'Neutral': 0.3905683755874634, 'Other': 0.3070462644100189, 'Sad': 0.06219038739800453, 'Surprised': 0.012328523211181164, 'Unknown': 0.0004740619915537536}","""Well, I did."""
TALIESIN,03:05:40,03:05:49,Neutral,"{'Angry': 8.783178351290388e-11, 'Disgusted': 2.31761831948063e-11, 'Fearful': 7.848357380657589e-12, 'Happy': 1.5287356103232952e-10, 'Neutral': 1.0, 'Other': 8.740387428575469e-13, 'Sad': 4.5516368452069855e-09, 'Surprised': 3.779298748951554e-11, 'Unknown': 1.3177808453820883e-12}",I have had dealings with them before. I find them... untrustworthy.
MATT,03:05:49,03:06:30,Neutral,"{'Angry': 1.1785074249814897e-08, 'Disgusted': 4.5607183807305773e-08, 'Fearful': 4.319605118041636e-09, 'Happy': 2.6851150636275634e-08, 'Neutral': 0.9999995231628418, 'Other': 7.976704630152653e-09, 'Sad': 2.9861084271942673e-07, 'Surprised': 2.6626548077501866e-08, 'Unknown': 1.7982733080401658e-09}","""I have my reservations, as well. My network has been watching their acquisition of Whitestone since the de Rolo family fell to disease, and there are far more questions than answers. I've sent operatives to inquire, but each has sent me a letter of resignation instead of choosing to stay within Whitestone under my employ. Now, our sovereign requested that I extend an invitation to this coming dinner-- per your request to him, Percy-- to you, Vox Machina. I am here to ask if you will attend, and if so, if I can trust you to keep an eye while I do my work."""
LAURA,03:06:30,03:06:33,Sad,"{'Angry': 7.62667550588958e-05, 'Disgusted': 8.36454564705491e-05, 'Fearful': 4.779347000294365e-05, 'Happy': 2.15573327295715e-05, 'Neutral': 0.030789805576205254, 'Other': 2.054813876384287e-06, 'Sad': 0.968973696231842, 'Surprised': 3.3987466849794146e-06, 'Unknown': 1.689684609118558e-06}","What say you, Percy?"
TRAVIS,03:06:33,03:06:35,Neutral,"{'Angry': 9.075350681087002e-05, 'Disgusted': 3.1179297366179526e-05, 'Fearful': 5.4995201935525984e-05, 'Happy': 0.00019210374739486724, 'Neutral': 0.9963417649269104, 'Other': 1.2375464848446427e-06, 'Sad': 0.0032828315161168575, 'Surprised': 2.0788922938663745e-06, 'Unknown': 2.9229308893263806e-06}",It's Percy's call.
TALIESIN,03:06:35,03:06:42,Neutral,"{'Angry': 5.160732996500883e-08, 'Disgusted': 3.521581914966987e-09, 'Fearful': 2.5703286166134376e-09, 'Happy': 4.322724933558675e-08, 'Neutral': 0.9999998807907104, 'Other': 4.2375025710583714e-10, 'Sad': 1.0692888707808379e-07, 'Surprised': 9.592574734540449e-09, 'Unknown': 9.858184268907166e-10}","(sighs) Yes, we will attend."
MATT,03:06:42,03:06:53,Neutral,"{'Angry': 0.0001938306086231023, 'Disgusted': 0.00014124815061222762, 'Fearful': 5.2790699555771425e-05, 'Happy': 0.00020835085888393223, 'Neutral': 0.9989275336265564, 'Other': 1.54281278810231e-05, 'Sad': 0.0003452145028859377, 'Surprised': 9.762461559148505e-05, 'Unknown': 1.802699080144521e-05}","""Very good. I will contact you in the next few days and shall discuss further. Until then, enjoy the rest of your meal, and thank you."" He sits up from his seat."
SAM,03:06:53,03:06:55,Neutral,"{'Angry': 3.165516915260014e-08, 'Disgusted': 1.4723658736670586e-08, 'Fearful': 1.782963465757348e-08, 'Happy': 1.107997249505388e-07, 'Neutral': 0.9999995231628418, 'Other': 9.302151826595662e-10, 'Sad': 2.907925136241829e-07, 'Surprised': 5.372432720918141e-09, 'Unknown': 6.599917057314997e-09}",We're having bread pudding for dessert.
MATT,03:06:55,03:06:58,Sad,"{'Angry': 0.00011902888218173757, 'Disgusted': 0.00029900611843913794, 'Fearful': 0.00022986653493717313, 'Happy': 5.0900038331747055e-05, 'Neutral': 0.0003770993207581341, 'Other': 0.0005464911228045821, 'Sad': 0.9980934262275696, 'Surprised': 0.00024901426513679326, 'Unknown': 3.508465306367725e-05}","""I'm good, thank you."""
MARISHA,03:06:58,03:07:00,Neutral,"{'Angry': 0.009471820667386055, 'Disgusted': 0.023049574345350266, 'Fearful': 0.00224608788266778, 'Happy': 0.03139810264110565, 'Neutral': 0.863979160785675, 'Other': 0.00022774477838538587, 'Sad': 0.016244975849986076, 'Surprised': 0.05294181779026985, 'Unknown': 0.00044070897274650633}","Wait, when did you say this dinner was taking place?"
MATT,03:07:00,03:07:02,Neutral,"{'Angry': 3.2709238439565524e-05, 'Disgusted': 3.543545608408749e-05, 'Fearful': 2.901177322200965e-05, 'Happy': 4.743425961351022e-05, 'Neutral': 0.9979482293128967, 'Other': 7.4004883572342806e-06, 'Sad': 0.0018305630655959249, 'Surprised': 5.532308932743035e-05, 'Unknown': 1.3956952898297459e-05}","""In about a week, they should be arriving."""
TALIESIN,03:07:02,03:07:05,Neutral,"{'Angry': 0.0008171048248186707, 'Disgusted': 0.0015038299607113004, 'Fearful': 0.0058352043852210045, 'Happy': 0.005645841360092163, 'Neutral': 0.9484673142433167, 'Other': 7.185782305896282e-05, 'Sad': 0.03678565472364426, 'Surprised': 0.00019306187459733337, 'Unknown': 0.0006802084390074015}",Excuse me. I have a bit of work to do downstairs.
SAM,03:07:05,03:07:08,Neutral,"{'Angry': 7.483283326337187e-09, 'Disgusted': 4.465984915213994e-09, 'Fearful': 5.874769004599045e-10, 'Happy': 8.414339447426755e-09, 'Neutral': 1.0, 'Other': 5.2161888142165935e-09, 'Sad': 1.1642647734788625e-08, 'Surprised': 8.199312340195775e-10, 'Unknown': 4.795898678189303e-10}",Can we go to Kraghammer in that?
LAURA,03:07:08,03:07:11,Neutral,"{'Angry': 4.5104707729198834e-14, 'Disgusted': 1.8100132700429265e-15, 'Fearful': 2.7785528818226194e-16, 'Happy': 5.69018844629593e-14, 'Neutral': 1.0, 'Other': 4.776266323636494e-16, 'Sad': 1.6085287127872577e-13, 'Surprised': 2.5492157890898495e-14, 'Unknown': 1.3527857321480024e-15}","Seven days in a week or in a week, like five days?"
MATT,03:07:11,03:07:17,Neutral,"{'Angry': 3.015438176934282e-10, 'Disgusted': 9.092284564138353e-11, 'Fearful': 3.064249548545561e-11, 'Happy': 9.485768837080855e-10, 'Neutral': 1.0, 'Other': 9.861390350140997e-12, 'Sad': 5.790546708794864e-09, 'Surprised': 8.54877835188006e-11, 'Unknown': 3.606644843889839e-11}","""They are expected to arrive in the next five to seven days. The dinner is set for seven to eight days from now."""
LAURA,03:07:17,03:07:18,Neutral,"{'Angry': 2.1822236817570229e-07, 'Disgusted': 2.8885295932923327e-07, 'Fearful': 1.1005093369931274e-07, 'Happy': 6.341585503832903e-06, 'Neutral': 0.9999896287918091, 'Other': 7.303043503270601e-07, 'Sad': 1.612926439520379e-06, 'Surprised': 2.971033907783749e-08, 'Unknown': 1.0382528898844612e-06}",Got it.
SAM,03:07:18,03:07:23,Neutral,"{'Angry': 3.060566688972699e-09, 'Disgusted': 1.7572506783025688e-09, 'Fearful': 3.269464698973934e-10, 'Happy': 3.371123113993235e-08, 'Neutral': 1.0, 'Other': 4.418854726573329e-10, 'Sad': 1.970124152705921e-08, 'Surprised': 1.1810298294889776e-09, 'Unknown': 1.2799531434737332e-09}",Thank you for your information.
MATT,03:07:23,03:07:25,Neutral,"{'Angry': 2.601405491020614e-08, 'Disgusted': 5.552822202048446e-09, 'Fearful': 9.304811365851151e-10, 'Happy': 7.042108336463571e-07, 'Neutral': 0.9999992847442627, 'Other': 3.9123848605271405e-10, 'Sad': 3.476062104823541e-08, 'Surprised': 1.527581972027292e-08, 'Unknown': 1.2190529141697937e-10}","""Of course. We shall discuss further."""
LAURA,03:07:25,03:07:26,Neutral,"{'Angry': 0.00016138993669301271, 'Disgusted': 0.001500657293945551, 'Fearful': 0.0005001144018024206, 'Happy': 0.003075267653912306, 'Neutral': 0.991391658782959, 'Other': 1.7414129615644924e-05, 'Sad': 0.0031419582664966583, 'Surprised': 0.00019264117872808129, 'Unknown': 1.8942126189358532e-05}",Percy--
TALIESIN,03:07:26,03:07:28,Neutral,"{'Angry': 0.00015871215146034956, 'Disgusted': 0.0007826978107914329, 'Fearful': 0.003340206341817975, 'Happy': 0.004198032431304455, 'Neutral': 0.9669550657272339, 'Other': 0.000189625978237018, 'Sad': 0.00812350120395422, 'Surprised': 0.00014158715202938765, 'Unknown': 0.016110515221953392}",I've already gone.
ORION,03:07:28,03:07:30,Neutral,"{'Angry': 4.293734434668295e-08, 'Disgusted': 2.456942738149337e-08, 'Fearful': 3.6839189476722822e-09, 'Happy': 2.6205102088283638e-08, 'Neutral': 0.9999998807907104, 'Other': 2.672856602714546e-09, 'Sad': 1.3834802814471914e-07, 'Surprised': 5.526378910047924e-09, 'Unknown': 2.8150979325403114e-09}","Oh, what is the attire for the event?"
MATT,03:07:30,03:07:38,Neutral,"{'Angry': 0.0012620905181393027, 'Disgusted': 0.0016164034605026245, 'Fearful': 0.0018629954429343343, 'Happy': 0.006552199833095074, 'Neutral': 0.7667573690414429, 'Other': 0.0014420606894418597, 'Sad': 0.002162811579182744, 'Surprised': 0.21777574717998505, 'Unknown': 0.0005682850605808198}","""As formal as one may muster. If you do not have suitable attire, it will be provided, but please do notify the council."""
SAM,03:07:38,03:07:40,Happy,"{'Angry': 3.4322012652410194e-05, 'Disgusted': 0.0001325807679677382, 'Fearful': 1.8639602785697207e-05, 'Happy': 0.9892921447753906, 'Neutral': 0.010056600905954838, 'Other': 1.655484811635688e-05, 'Sad': 0.00021298903448041528, 'Surprised': 0.00022009860549587756, 'Unknown': 1.6015867004171014e-05}",I could lend you one of my jackets.
ORION,03:07:40,03:07:41,Neutral,"{'Angry': 0.008372322656214237, 'Disgusted': 0.06812530755996704, 'Fearful': 0.00018943827308248729, 'Happy': 0.0024256922770291567, 'Neutral': 0.9103306531906128, 'Other': 2.3849321223679e-05, 'Sad': 0.00672600232064724, 'Surprised': 0.0037996734026819468, 'Unknown': 7.059230483719148e-06}",I'd like to see what they propose.
TRAVIS,03:07:41,03:07:45,Neutral,"{'Angry': 0.0007098036003299057, 'Disgusted': 0.00048421110841445625, 'Fearful': 0.016700074076652527, 'Happy': 0.2401692122220993, 'Neutral': 0.7203161120414734, 'Other': 0.0026702273171395063, 'Sad': 0.0076484838500618935, 'Surprised': 3.094122439506464e-05, 'Unknown': 0.011270900256931782}","I don't really do formal, so?"
LAURA,03:07:45,03:07:47,Neutral,"{'Angry': 0.004297260195016861, 'Disgusted': 0.010134587064385414, 'Fearful': 0.0036063888110220432, 'Happy': 0.06457950174808502, 'Neutral': 0.8928563594818115, 'Other': 0.0001891325373435393, 'Sad': 0.006193771958351135, 'Surprised': 0.0180197786539793, 'Unknown': 0.0001231819624081254}","Don't worry, Grog. We have a wonderful tailor."
LIAM,03:07:47,03:07:50,Neutral,"{'Angry': 7.251584520417964e-06, 'Disgusted': 3.310281317681074e-05, 'Fearful': 5.437853906187229e-05, 'Happy': 2.752970249275677e-05, 'Neutral': 0.9993888139724731, 'Other': 1.594008062966168e-05, 'Sad': 4.2961535655194893e-05, 'Surprised': 2.1640209979523206e-07, 'Unknown': 0.0004296837723813951}",The fancy clothes in the bag.
LAURA,03:07:50,03:07:52,Neutral,"{'Angry': 1.0425736879718372e-12, 'Disgusted': 3.3053482097634285e-14, 'Fearful': 9.444728222977091e-15, 'Happy': 1.2769664882797405e-12, 'Neutral': 1.0, 'Other': 2.915078287535778e-15, 'Sad': 3.3465858122888603e-12, 'Surprised': 2.981843558961389e-13, 'Unknown': 2.2632364596797058e-14}",In your Bag of Holding.
TRAVIS,03:07:52,03:07:54,Neutral,"{'Angry': 8.506476634195792e-10, 'Disgusted': 6.515685213592803e-11, 'Fearful': 1.4801528058772107e-11, 'Happy': 6.193051071967659e-10, 'Neutral': 1.0, 'Other': 2.9104936776630508e-12, 'Sad': 1.3330061499061685e-09, 'Surprised': 6.486025605489942e-11, 'Unknown': 8.54310112236023e-12}","We've got like two left, and they wouldn't fit me."
MATT,03:07:54,03:07:59,Neutral,"{'Angry': 5.984690824509253e-13, 'Disgusted': 2.1081404918727072e-14, 'Fearful': 5.535055378445841e-15, 'Happy': 6.768801556582271e-13, 'Neutral': 1.0, 'Other': 2.4578998775517946e-15, 'Sad': 2.2715204283513257e-12, 'Surprised': 1.9623110645086705e-13, 'Unknown': 1.4628558848745095e-14}","""You can figure this out amongst yourselves. I have business to attend to. Have a good night."""
LIAM,03:07:59,03:08:00,Neutral,"{'Angry': 6.672350536973681e-06, 'Disgusted': 1.5300489621949964e-06, 'Fearful': 2.758768289368163e-07, 'Happy': 1.7782465874915943e-05, 'Neutral': 0.999929666519165, 'Other': 5.455960305766894e-08, 'Sad': 4.344628905528225e-05, 'Surprised': 5.327847816261055e-07, 'Unknown': 4.1555868079967695e-08}",We'll be there. Thank you.
MATT,03:08:00,03:08:16,Neutral,"{'Angry': 1.4646491213864826e-13, 'Disgusted': 4.681762010678384e-15, 'Fearful': 1.0456629145392626e-15, 'Happy': 1.7476140977065735e-13, 'Neutral': 1.0, 'Other': 8.637359075785631e-16, 'Sad': 5.686046793997035e-13, 'Surprised': 6.08760004211506e-14, 'Unknown': 3.42668788174327e-15}","""Of course."" And with that, he turns around and leaves. He's one of those individuals where as he walks away, and this catches your eye in particular, for a moment you have to admire the fact that he takes naught but two steps and for a second, you swear he was walking, he had about 15 feet to the door, and he's just gone."
LAURA,03:08:16,03:08:18,Neutral,"{'Angry': 0.00144285149872303, 'Disgusted': 0.02109919674694538, 'Fearful': 0.00022565352264791727, 'Happy': 0.00045852584298700094, 'Neutral': 0.9695118069648743, 'Other': 7.02452307450585e-05, 'Sad': 0.006942287553101778, 'Surprised': 0.00012792112829629332, 'Unknown': 0.00012139637692598626}",He's good.
MATT,03:08:18,03:08:23,Neutral,"{'Angry': 8.464138545605238e-08, 'Disgusted': 7.960154135844277e-08, 'Fearful': 3.552295879671874e-08, 'Happy': 1.5042559198263916e-06, 'Neutral': 0.9999933242797852, 'Other': 3.6442017403715e-08, 'Sad': 4.717589490610408e-06, 'Surprised': 7.350892339275106e-09, 'Unknown': 9.776563558716589e-08}","And with that, we shall end this week's session. (groaning)"
LAURA,03:08:23,03:08:25,Neutral,"{'Angry': 1.6795348756204476e-06, 'Disgusted': 1.8040237748095933e-08, 'Fearful': 2.6731450830652648e-08, 'Happy': 0.00020255736308172345, 'Neutral': 0.9988111257553101, 'Other': 2.7236541910724554e-08, 'Sad': 0.0009844682645052671, 'Surprised': 1.6941829983352363e-07, 'Unknown': 8.607086598999558e-09}","Oh, but I want to talk to Percy!"
MARISHA,03:08:25,03:08:28,Neutral,"{'Angry': 4.070251335974717e-08, 'Disgusted': 2.678919663878787e-08, 'Fearful': 1.7278962261002562e-08, 'Happy': 1.1807892974502465e-07, 'Neutral': 0.9999994039535522, 'Other': 1.3311716173802779e-08, 'Sad': 1.7690300069261866e-07, 'Surprised': 1.1793072074439692e-09, 'Unknown': 1.721973461599191e-07}","I know! Percy just ran off to the basement, to his workshop."
MATT,03:08:28,03:08:31,Neutral,"{'Angry': 2.2237871266650444e-11, 'Disgusted': 4.180085964866631e-12, 'Fearful': 1.3550577760562676e-12, 'Happy': 4.5706497614483865e-11, 'Neutral': 1.0, 'Other': 3.726945781070551e-13, 'Sad': 3.641331680626081e-10, 'Surprised': 4.207835902630963e-12, 'Unknown': 2.311445522831801e-12}",We'll pick up directly from this moment next week.
MARISHA,03:08:31,03:08:35,Neutral,"{'Angry': 1.4478844555590453e-12, 'Disgusted': 5.991883286196251e-14, 'Fearful': 1.7127165435676037e-14, 'Happy': 1.9455116771066594e-12, 'Neutral': 1.0, 'Other': 5.4001158301681795e-15, 'Sad': 5.680087910436837e-12, 'Surprised': 4.421731264556833e-13, 'Unknown': 3.92943801954225e-14}","Guys, I feel like we need to have a conversation with Percy."
LAURA,03:08:35,03:08:37,Neutral,"{'Angry': 6.097237381652576e-09, 'Disgusted': 8.373306492615029e-09, 'Fearful': 1.075085576118795e-09, 'Happy': 4.047747736990459e-08, 'Neutral': 1.0, 'Other': 4.784225016152277e-09, 'Sad': 5.7384127671866736e-08, 'Surprised': 3.5244716034554813e-09, 'Unknown': 1.0271264949679448e-09}","Yeah, that needs to happen."
TALIESIN,03:08:37,03:08:41,Neutral,"{'Angry': 7.120180638663098e-14, 'Disgusted': 2.610558719811306e-15, 'Fearful': 4.183036740510696e-16, 'Happy': 1.0341638705330461e-13, 'Neutral': 1.0, 'Other': 4.680402311039804e-16, 'Sad': 2.2063656511615154e-13, 'Surprised': 3.728429647268869e-14, 'Unknown': 1.6608412389107876e-15}",(screams) (laughter)
LIAM,03:08:41,03:08:45,Neutral,"{'Angry': 3.9034947556205665e-14, 'Disgusted': 1.6283820893390555e-15, 'Fearful': 2.4335666856199875e-16, 'Happy': 5.260516753647672e-14, 'Neutral': 1.0, 'Other': 4.686691530673168e-16, 'Sad': 1.1901768362087423e-13, 'Surprised': 2.6007692635783564e-14, 'Unknown': 1.2853339574593007e-15}","So, Percy, do you want to strike off in a random direction and just go and go and go?"
TALIESIN,03:08:45,03:08:54,Neutral,"{'Angry': 2.8941688455519365e-12, 'Disgusted': 1.201430177132784e-13, 'Fearful': 5.627189523810944e-14, 'Happy': 5.6609985796263196e-12, 'Neutral': 1.0, 'Other': 7.995908012851764e-15, 'Sad': 1.012131350952572e-11, 'Surprised': 1.1932709594736357e-12, 'Unknown': 6.2243369096035e-14}","So, that money that we're owed. Why don't we do that? I think we have time for that."
MARISHA,03:08:54,03:08:57,Neutral,"{'Angry': 0.0006402055732905865, 'Disgusted': 0.00028901107725687325, 'Fearful': 0.001400756067596376, 'Happy': 0.0002740096242632717, 'Neutral': 0.9848039150238037, 'Other': 5.6644794312887825e-06, 'Sad': 0.012483898550271988, 'Surprised': 9.404154116054997e-05, 'Unknown': 8.550507118343376e-06}",Maybe we could send an errand-boy to get it?
