speaker,start_time,end_time,emotion,scores,text
MATT,00:00:00,00:03:12,Happy,"{'Angry': 8.903751336220012e-07, 'Disgusted': 8.992140010377625e-07, 'Fearful': 9.084458696406728e-08, 'Happy': 0.9833774566650391, 'Neutral': 0.016596227884292603, 'Other': 1.926356389958528e-06, 'Sad': 2.0764868168043904e-05, 'Surprised': 7.407240332213405e-08, 'Unknown': 1.6657781998219434e-06}","Hello, everyone, and welcome to tonight's episode of Critical Role, where a bunch of us nerdy-ass voice actors play Dungeons and Dragons. I think this is our 24th episode, which is ridiculous. We've been doing this since March, and it gets more and more ridiculous every week. Glad you guys can join us. The new guys, welcome to our chaos. For all the old folks, glad you could come and join us again. Quick thing I want to mention: last week we were talking about the changes to Critmas, because we had stresses on scheduling and we had crew here, and when things go long, we were talking about possibly moving to Periscope on a different day, separate medium. Well, the fanbase has spoken very loudly and very intently about their reaction to that, and so what we're doing, to still make it so people aren't kept here for ridiculous hours weekly, we're still going to have Critmas on the stream, but it's going to be once a month. It's probably going to be the first Thursday of every month, and we're going to make it an extensive day for that month where we open everything that evening. We still get to experience and share that with you guys, but also not keep these guys here way too late unpaid every Thursday night. So I think that's the plan we're going with forward. Hopefully, that's cool with everyone, because we love it, too, and we want to make sure we still share that with you guys. All right, couple of other announcements. First and foremost, I wanted to mention again-- we mentioned it last week, as well-- there's that Hasbro game design contest, design the next party game. That's still up until end of this month, I believe. So if you want to check it out, you can go ahead and tweet at me, last week's episode or search for the Hasbro game design contest. That's still happening. Also, there's a film series that I'm a part of called Mythica. It's like a high fantasy film series where I play the main villain, the necromancer Zorloc. It's fun times. It's like awesome, fun, fantasy genre film. And they're currently putting up a Kickstarter to finish the post on the third film, so you should check that out. Search Mythica on Kickstarter and you should find it there. Also, WeLoveFine is still running their DND t-shirt contest for their Rage of Demons release for Wizards of the Coast, where you can submit your own t-shirt designs that fit within the Rage of Demons theme. I am one of the judges on that, so if you submit your art to this, there is a cash prize. All the rules are up there on the WeLoveFine contest site. And I'll be able to judge your artwork and hopefully put you through to the end. So there's that. Trying to get through these as fast as possible. Our TeeSpring shirt for Is It Thursday Yet? is still up. It has one more week. So if any of you guys want to get the limited edition Critical Role Is It Thursday Yet? shirt, that is only available for one more week and then it'll be gone forever, so get it while you can. Let's see. I'm doing my best to get through this as fast as possible. No worries. Not everything. Also, Ashley's show Blindspot is premiering this coming Monday. (cheering)"
MATT,00:03:12,00:03:33,Neutral,"{'Angry': 7.446998475778982e-14, 'Disgusted': 2.93527557640482e-15, 'Fearful': 4.704262699768366e-16, 'Happy': 1.0590215770295286e-13, 'Neutral': 1.0, 'Other': 7.024669224706527e-16, 'Sad': 2.6799011143899265e-13, 'Surprised': 3.8224421728978025e-14, 'Unknown': 2.4040237116669744e-15}","Which is so exciting. You can check out Ashley on Blindspot where she'll maybe be sneaking Critical Role stuff into the show, hopefully. We're trying to push her to do that. So you should go support her. See it. It's awesome. And all of us lament that's the reason she's away from us. Someone want to handle our other cool--"
LAURA,00:03:33,00:03:39,Neutral,"{'Angry': 1.896655304600009e-13, 'Disgusted': 6.1409274577050015e-15, 'Fearful': 1.3142797202449403e-15, 'Happy': 2.117721146013829e-13, 'Neutral': 1.0, 'Other': 1.000664077458141e-15, 'Sad': 6.67943673461624e-13, 'Surprised': 7.839283150574972e-14, 'Unknown': 4.200820514875655e-15}","But it's not on us yet. Oh look, now you can see us."
LIAM,00:03:39,00:05:23,Neutral,"{'Angry': 2.078053441129102e-12, 'Disgusted': 8.702555413494031e-14, 'Fearful': 2.95340500373973e-14, 'Happy': 3.132382157475244e-12, 'Neutral': 1.0, 'Other': 8.473921739272309e-15, 'Sad': 7.155367010708291e-12, 'Surprised': 7.800061594884222e-13, 'Unknown': 6.358163371885175e-14}","Why don't I go, and then you can go. Hey, you guys. I just want to make sure all of you are aware-- this is going to be so awkward-- I want to make sure you're all aware of a Kickstarter that's out there that is put up by a good friend of mine named Joe Madureira. Now if you don't know who Joe is, he is a comic book rock god and a game developer. When I was a teenager, he made a comic book called Battle Chasers. Look, here's mine. From when I was 16, Joe. I fell in love with it. Nobody does art like Joe Mad does, and I've followed his art for years and years. Even when I fell out of comic books, I was checking in with Hellboy and I was checking in with Joe Mad. And then, years later, I got cast in a game called Darksiders as one of the Horsemen of the Apocalypse. I played War, and I walked into the room and Joe Mad was in the fucking room, and then we became friends. So that game was amazing. Darksiders is a beautiful game. It just reeked of Joe's art style and now he has formed another company called Airship Syndicate and they have a Kickstarter up. They are making a game called Battle Chasers. Oh shoot! I didn't put the thing that comes-- oh, Nightwar! Battle Chasers: Nightwar. They've already hit their goal, but there are stretch goals. They are making an RPG, sort of in the ilk of JRPGs, like Final Fantasy and Chrono Trigger. And it's just going to be bathed in the glory of Joe Mad's amazing art style. So they've hit their goal, but the bigger the budget, the better the game is going to be. I backed it already. And you guys should at least go check it out. A lot of love for Joe Mad."
ORION,00:05:23,00:05:52,Happy,"{'Angry': 0.0002119115088135004, 'Disgusted': 0.002104538958519697, 'Fearful': 8.969296322902665e-05, 'Happy': 0.874808132648468, 'Neutral': 0.08188322186470032, 'Other': 0.014608575962483883, 'Sad': 0.0005687855300493538, 'Surprised': 3.689057120936923e-05, 'Unknown': 0.02568824216723442}","Yeah, me too. I'm on the same end. I knew Joe Mad through meeting Liam for a while, and later realizing that this guy I knew as an amazing voice director and an amazing producer has inked some of my favorite issues of Excalibur, and I crapped my pants. I have four of yours, Joe, in my box right now at home. He's an amazing guy and awesome thing to back. Check it out, please."
LIAM,00:05:52,00:05:56,Angry,"{'Angry': 1.0, 'Disgusted': 1.5694724686543537e-10, 'Fearful': 5.273524325555279e-11, 'Happy': 7.469133644910642e-10, 'Neutral': 4.487337446068551e-10, 'Other': 1.3612471393142922e-11, 'Sad': 5.556942059281589e-11, 'Surprised': 5.226271151959061e-11, 'Unknown': 3.8529677495388603e-13}","And one, the main character from Battle Chasers kind of looks like Pike!"
LAURA,00:05:56,00:05:58,Angry,"{'Angry': 0.9913948178291321, 'Disgusted': 0.004870694130659103, 'Fearful': 3.639153146650642e-05, 'Happy': 0.00029493719921447337, 'Neutral': 0.003085188567638397, 'Other': 2.0579420379363e-05, 'Sad': 7.06370992702432e-05, 'Surprised': 1.4489487512037158e-05, 'Unknown': 0.00021222631039563566}","She does! I thought that, too."
MATT,00:05:58,00:06:01,Happy,"{'Angry': 1.0251919775328133e-06, 'Disgusted': 6.235594810277689e-06, 'Fearful': 2.9615077892231056e-06, 'Happy': 0.9995391368865967, 'Neutral': 0.0003680028021335602, 'Other': 1.4190226238497416e-06, 'Sad': 1.1471114703454077e-05, 'Surprised': 4.09093019015927e-07, 'Unknown': 6.940462480997667e-05}",That's sweet. Wunderbar!
TALIESIN,00:06:01,00:06:13,Happy,"{'Angry': 0.00015040664584375918, 'Disgusted': 0.00011455819185357541, 'Fearful': 0.00024135933199431747, 'Happy': 0.9958343505859375, 'Neutral': 1.4830763575446326e-05, 'Other': 8.425279702350963e-06, 'Sad': 0.0036022693384438753, 'Surprised': 3.0264769520726986e-05, 'Unknown': 3.51308722201793e-06}","I got something. Next weekend, September 26 and 27, I'm going to be at a con! In Anchorage, Alaska."
ORION,00:06:13,00:06:16,Neutral,"{'Angry': 0.03419763594865799, 'Disgusted': 0.004670251160860062, 'Fearful': 0.0030010254122316837, 'Happy': 0.010838040150702, 'Neutral': 0.9368318915367126, 'Other': 4.392324626678601e-05, 'Sad': 0.006254325155168772, 'Surprised': 0.004089223220944405, 'Unknown': 7.369086233666167e-05}","That means ""convention""."
TALIESIN,00:06:16,00:06:37,Happy,"{'Angry': 4.694135350291617e-05, 'Disgusted': 1.333491218247218e-05, 'Fearful': 4.528554654825712e-06, 'Happy': 0.9278536438941956, 'Neutral': 0.07100319117307663, 'Other': 3.919198934454471e-05, 'Sad': 0.0008239921880885959, 'Surprised': 4.3802535287795763e-07, 'Unknown': 0.000214700834476389}","That means moose. I'm so excited. Senshi Con in Anchorage. I'll be there. I know we at least have, like, three fans at the very least in Alaska. Come on by. I'd love to see you. It'll be awesome."
MATT,00:06:37,00:06:39,Neutral,"{'Angry': 0.00013994215987622738, 'Disgusted': 8.126744796754792e-05, 'Fearful': 1.4463833394984249e-05, 'Happy': 0.000345760490745306, 'Neutral': 0.9989444613456726, 'Other': 8.59632418723777e-05, 'Sad': 3.652437590062618e-05, 'Surprised': 8.361094501196931e-07, 'Unknown': 0.00035085881245322526}","Fantastic. Speaking of conventions, guys."
MARISHA,00:06:39,00:06:43,Neutral,"{'Angry': 2.8758393236238966e-12, 'Disgusted': 1.3951170676606423e-13, 'Fearful': 3.6077742085038195e-14, 'Happy': 5.15753455568313e-12, 'Neutral': 1.0, 'Other': 1.1152918391881157e-14, 'Sad': 1.1393924866098804e-11, 'Surprised': 9.256619993083803e-13, 'Unknown': 6.585178366144695e-14}","Oh man, drop it like it's hot."
MATT,00:06:43,00:07:11,Happy,"{'Angry': 2.120771023328416e-05, 'Disgusted': 1.101620182453189e-05, 'Fearful': 1.9274468741059536e-06, 'Happy': 0.9998396635055542, 'Neutral': 5.3061994549352676e-05, 'Other': 8.738791620999109e-06, 'Sad': 3.238388308091089e-05, 'Surprised': 1.0271641031067702e-06, 'Unknown': 3.0926828912924975e-05}","For those of you upper East Coast folks, we've recently been able to announce that we will be at and running some events at New York Comic Con in October. All of us, the entire Critical Role team will be at Comic Con. We're going to have signing, panel and all kinds of fun stuff throughout the weekend. And we'll be there. And if you're in the area, or if it's drivable, or even if it's not, you should come anyway, cause we'd like to see you. If it's trainable, if it's flyable."
TRAVIS,00:07:11,00:07:14,Neutral,"{'Angry': 1.830106953093491e-06, 'Disgusted': 8.068750645406908e-08, 'Fearful': 5.516141765582461e-09, 'Happy': 2.2573310332063556e-07, 'Neutral': 0.9999977350234985, 'Other': 7.724993977831218e-09, 'Sad': 1.525475283870037e-07, 'Surprised': 9.587304283797948e-09, 'Unknown': 1.1879409456128087e-08}","If you steal a horse, steal a horse and ride it."
LAURA,00:07:14,00:07:17,Neutral,"{'Angry': 0.00017394429596606642, 'Disgusted': 3.42407583957538e-05, 'Fearful': 1.4446819704971858e-06, 'Happy': 0.0001338743750238791, 'Neutral': 0.9994937181472778, 'Other': 3.38723802997265e-05, 'Sad': 3.2754103358456632e-06, 'Surprised': 2.703646657664649e-07, 'Unknown': 0.00012528712977655232}","If you want to ride a bear there, I wouldn't judge you."
MARISHA,00:07:17,00:07:20,Neutral,"{'Angry': 8.886796649676398e-07, 'Disgusted': 2.196662171627395e-05, 'Fearful': 1.0647551107467734e-06, 'Happy': 0.0001200352271553129, 'Neutral': 0.9996757507324219, 'Other': 5.5124681239249185e-05, 'Sad': 2.3278436856344342e-05, 'Surprised': 3.644971400262875e-07, 'Unknown': 0.00010159025259781629}",And what weekend is New York Comic Con?
LIAM,00:07:20,00:07:24,Neutral,"{'Angry': 0.0012366276932880282, 'Disgusted': 0.03258965536952019, 'Fearful': 0.003553583985194564, 'Happy': 0.08262819796800613, 'Neutral': 0.8179821372032166, 'Other': 0.004330334719270468, 'Sad': 0.031171511858701706, 'Surprised': 0.019566595554351807, 'Unknown': 0.00694142235442996}","Eight, nine, ten, 11."
MARISHA,00:07:24,00:07:29,Neutral,"{'Angry': 1.1890724949809028e-12, 'Disgusted': 4.727888883887012e-14, 'Fearful': 1.240993646143022e-14, 'Happy': 1.611674227235127e-12, 'Neutral': 1.0, 'Other': 4.4848700491220694e-15, 'Sad': 4.18315642541911e-12, 'Surprised': 3.600853610511573e-13, 'Unknown': 3.143247787702405e-14}","October 8th, 9th, 10th and 11th. So you've got three weeks to prepare."
MATT,00:07:29,00:07:34,Neutral,"{'Angry': 4.7597772208973765e-05, 'Disgusted': 0.00013102094817440957, 'Fearful': 2.4482640583300963e-05, 'Happy': 0.11909835040569305, 'Neutral': 0.8790603876113892, 'Other': 0.00018849859770853072, 'Sad': 0.00010155914060305804, 'Surprised': 4.1794796743488405e-06, 'Unknown': 0.0013438351452350616}","Yeah, so excited to be there. Excited to see you there. And it'll be a lot of fun. A lot of fun."
LIAM,00:07:34,00:07:39,Neutral,"{'Angry': 5.232238531327482e-10, 'Disgusted': 5.6333944453701434e-11, 'Fearful': 3.662950151528399e-12, 'Happy': 1.32330890689758e-09, 'Neutral': 1.0, 'Other': 5.139564121514617e-12, 'Sad': 3.062544662313371e-10, 'Surprised': 4.466067515807026e-10, 'Unknown': 3.853733738373721e-12}",Primarily doing stuff Saturday that we know. We're waiting to see what's going on Sunday weekend.
LAURA,00:07:39,00:07:41,Neutral,"{'Angry': 2.60927947692835e-07, 'Disgusted': 5.525282631424488e-07, 'Fearful': 9.193412608965446e-08, 'Happy': 3.615720743255224e-06, 'Neutral': 0.9999892711639404, 'Other': 2.6426008048474614e-07, 'Sad': 5.677785793523071e-06, 'Surprised': 5.915143930224076e-08, 'Unknown': 1.9509266735440178e-07}",Saturday is for sure.
TALIESIN,00:07:41,00:07:44,Happy,"{'Angry': 1.1724505810661867e-07, 'Disgusted': 8.40164716464642e-07, 'Fearful': 6.060815849195933e-08, 'Happy': 0.9999761581420898, 'Neutral': 1.8086317140841857e-05, 'Other': 8.561286222175113e-07, 'Sad': 4.039875136641058e-07, 'Surprised': 1.5104508577223896e-07, 'Unknown': 3.4250665521540213e-06}",With more of us than are even here.
TRAVIS,00:07:44,00:07:46,Neutral,"{'Angry': 0.0018856434617191553, 'Disgusted': 0.0023902191314846277, 'Fearful': 0.00212874636054039, 'Happy': 0.03106958232820034, 'Neutral': 0.9407955408096313, 'Other': 0.0006262182723730803, 'Sad': 0.005114501342177391, 'Surprised': 0.0002491102204658091, 'Unknown': 0.01574055105447769}",Bring your swag. Bring your friends.
MARISHA,00:07:46,00:07:53,Neutral,"{'Angry': 0.0008006514399312437, 'Disgusted': 0.00012852076906710863, 'Fearful': 1.2587548553710803e-05, 'Happy': 0.00037465436616912484, 'Neutral': 0.997914731502533, 'Other': 0.0001701566798146814, 'Sad': 7.543798710685223e-05, 'Surprised': 3.342411901030573e-06, 'Unknown': 0.0005198825965635478}","Not even all of us were at San Diego. Well, we were all there, just not all at one point at one time."
TRAVIS,00:07:53,00:07:55,Surprised,"{'Angry': 0.015017584897577763, 'Disgusted': 0.1928500533103943, 'Fearful': 0.005025907885283232, 'Happy': 0.04682019352912903, 'Neutral': 0.3170386254787445, 'Other': 0.03736347332596779, 'Sad': 0.036375269293785095, 'Surprised': 0.3336818516254425, 'Unknown': 0.01582702435553074}",Because we were missing Sam.
MATT,00:07:55,00:08:01,Neutral,"{'Angry': 0.005895798094570637, 'Disgusted': 0.009268553927540779, 'Fearful': 0.0024888289626687765, 'Happy': 0.07975208759307861, 'Neutral': 0.8207812309265137, 'Other': 0.004927479662001133, 'Sad': 0.005892448592931032, 'Surprised': 0.003143079811707139, 'Unknown': 0.06785042583942413}",The first full Critical Role con appearance. Boom.
TRAVIS,00:08:01,00:08:03,Neutral,"{'Angry': 0.0005340632633306086, 'Disgusted': 0.0010580446105450392, 'Fearful': 0.0003231143346056342, 'Happy': 0.013037357479333878, 'Neutral': 0.9806094765663147, 'Other': 0.00010481067147338763, 'Sad': 0.0038347565568983555, 'Surprised': 0.0001624888100195676, 'Unknown': 0.00033593608532100916}",The unicorn appears.
ORION,00:08:03,00:08:05,Neutral,"{'Angry': 2.5077602572309843e-07, 'Disgusted': 2.292444492013601e-07, 'Fearful': 5.6205081477855856e-08, 'Happy': 1.251131607205025e-06, 'Neutral': 0.9999971389770508, 'Other': 1.5295458410946594e-07, 'Sad': 3.9974955257093825e-07, 'Surprised': 2.6869120262063007e-08, 'Unknown': 4.181779047485179e-07}",I'm going to get a hot dog.
MATT,00:08:05,00:08:17,Happy,"{'Angry': 0.0004606866277754307, 'Disgusted': 0.003936677239835262, 'Fearful': 0.000461941963294521, 'Happy': 0.9299636483192444, 'Neutral': 0.017474733293056488, 'Other': 0.010691129602491856, 'Sad': 0.00987367145717144, 'Surprised': 0.001066336059011519, 'Unknown': 0.0260710921138525}","Orion's going to get a hot dog. Awesome. Any other announcements? Or did you have something, you said?"
LAURA,00:08:17,00:08:22,Neutral,"{'Angry': 0.0020272545516490936, 'Disgusted': 0.000937352713663131, 'Fearful': 0.0003083515039179474, 'Happy': 0.037144046276807785, 'Neutral': 0.9514100551605225, 'Other': 0.0010953455930575728, 'Sad': 0.0017765857046470046, 'Surprised': 0.00020069100719410926, 'Unknown': 0.00510034104809165}","No, I was just so excited about New York Comic Con, I wanted to be a part of that announcement."
ORION,00:08:22,00:08:26,Happy,"{'Angry': 5.226207466790811e-09, 'Disgusted': 1.286331929861717e-08, 'Fearful': 6.68068322884352e-10, 'Happy': 0.9999982118606567, 'Neutral': 1.7178634834635886e-06, 'Other': 1.7989366662973794e-09, 'Sad': 1.680229289036106e-08, 'Surprised': 1.6175405459506464e-09, 'Unknown': 8.721138478051671e-09}",I would like to announce that I feel pretty good.
TALIESIN,00:08:26,00:08:29,Happy,"{'Angry': 1.812726635463946e-10, 'Disgusted': 5.067111730205909e-10, 'Fearful': 1.83704246259353e-10, 'Happy': 1.0, 'Neutral': 3.29523325293124e-10, 'Other': 9.054056809842947e-11, 'Sad': 2.679741428757154e-10, 'Surprised': 6.317558698398784e-10, 'Unknown': 9.553928481675911e-11}","I'm terrified, personally, but--"
ORION,00:08:29,00:08:32,Happy,"{'Angry': 7.066410762490705e-05, 'Disgusted': 0.00014630901569034904, 'Fearful': 4.256032480043359e-05, 'Happy': 0.997775137424469, 'Neutral': 0.0005931940977461636, 'Other': 3.238010322093032e-05, 'Sad': 3.5810895496979356e-05, 'Surprised': 1.0660465704859234e-05, 'Unknown': 0.0012932878453284502}","I know, but maybe that's why I feel so good."
TALIESIN,00:08:32,00:08:35,Happy,"{'Angry': 0.011042626574635506, 'Disgusted': 0.0052252463065087795, 'Fearful': 0.0033699183259159327, 'Happy': 0.9151010513305664, 'Neutral': 0.02607664093375206, 'Other': 0.0005002947291359305, 'Sad': 0.001345063210465014, 'Surprised': 0.0014602270675823092, 'Unknown': 0.03587885946035385}",You were right. It is awful.
ORION,00:08:35,00:08:39,Happy,"{'Angry': 6.555840627697762e-06, 'Disgusted': 3.724678390426561e-05, 'Fearful': 1.7502892660559155e-05, 'Happy': 0.9983512163162231, 'Neutral': 0.0005499497056007385, 'Other': 6.844890322099673e-06, 'Sad': 2.4891269276849926e-05, 'Surprised': 1.59136845923058e-06, 'Unknown': 0.0010042936773970723}","I'll get shunned for it happening, then I'm like, oh, cool. I don't have to worry about me right now."
MARISHA,00:08:39,00:08:41,Happy,"{'Angry': 2.548875832619757e-10, 'Disgusted': 3.84850040724416e-10, 'Fearful': 5.213805776005387e-11, 'Happy': 1.0, 'Neutral': 2.019071798642358e-09, 'Other': 5.002414107946329e-11, 'Sad': 5.264602087606818e-10, 'Surprised': 6.403972491186849e-11, 'Unknown': 2.8380256478222066e-10}",So much pressure.
LAURA,00:08:41,00:08:43,Angry,"{'Angry': 0.5574296116828918, 'Disgusted': 0.00024032559304032475, 'Fearful': 1.8154512872570194e-05, 'Happy': 0.0017919741803780198, 'Neutral': 0.4398299753665924, 'Other': 3.8676847907481715e-05, 'Sad': 0.00033712899312376976, 'Surprised': 0.0002663007180672139, 'Unknown': 4.775105480803177e-05}",Should we say that we have Kit here?
TALIESIN,00:08:43,00:08:48,Neutral,"{'Angry': 0.010269572958350182, 'Disgusted': 0.00041836570017039776, 'Fearful': 1.7085050785681233e-05, 'Happy': 0.0013732350198552012, 'Neutral': 0.987618088722229, 'Other': 3.610797648434527e-05, 'Sad': 0.00011172271479154006, 'Surprised': 8.356344187632203e-05, 'Unknown': 7.221227861009538e-05}","No, we shouldn't tell them that we have Kit here. Let's hold that back."
MATT,00:08:48,00:08:50,Angry,"{'Angry': 0.741668164730072, 'Disgusted': 0.038528889417648315, 'Fearful': 0.018790913745760918, 'Happy': 0.11108537763357162, 'Neutral': 0.02774941921234131, 'Other': 0.0008793188026174903, 'Sad': 0.0029165742453187704, 'Surprised': 0.006376105826348066, 'Unknown': 0.052005261182785034}",Kit Buss is not here.
MARISHA,00:08:50,00:08:55,Happy,"{'Angry': 0.0007726872572675347, 'Disgusted': 0.005437991116195917, 'Fearful': 0.0037134308367967606, 'Happy': 0.4562075734138489, 'Neutral': 0.2083708941936493, 'Other': 0.0032073562033474445, 'Sad': 0.0062574418261647224, 'Surprised': 3.646612094598822e-05, 'Unknown': 0.31599611043930054}",We also have both of our artists here.
LAURA,00:08:55,00:08:56,Happy,"{'Angry': 0.2249048799276352, 'Disgusted': 0.011020109057426453, 'Fearful': 0.0005692741251550615, 'Happy': 0.5793337821960449, 'Neutral': 0.1705600917339325, 'Other': 0.0002078683173749596, 'Sad': 0.008729885332286358, 'Surprised': 0.00453639030456543, 'Unknown': 0.0001377106091240421}",Kit and Wendy.
MATT,00:08:56,00:08:58,Happy,"{'Angry': 0.003180396044626832, 'Disgusted': 0.0010246895253658295, 'Fearful': 0.000958185235504061, 'Happy': 0.9894115328788757, 'Neutral': 0.0027617954183369875, 'Other': 0.00032234739046543837, 'Sad': 0.0007575301569886506, 'Surprised': 5.167587005416863e-05, 'Unknown': 0.0015318123623728752}",Kit and Wendy.
MARISHA,00:08:58,00:09:04,Neutral,"{'Angry': 6.400296959085949e-11, 'Disgusted': 1.9819782967611665e-11, 'Fearful': 8.182400937362111e-12, 'Happy': 5.0664350492724e-10, 'Neutral': 1.0, 'Other': 1.0045519104051603e-11, 'Sad': 1.5156077504130394e-09, 'Surprised': 2.0962790531209308e-11, 'Unknown': 1.3616729271914707e-11}",Kit and Wendy. Come here! But come here!
RYAN,00:09:04,00:09:07,Neutral,"{'Angry': 2.8300134999881266e-06, 'Disgusted': 1.7183047020807862e-06, 'Fearful': 4.026898352549324e-07, 'Happy': 3.3202166378032416e-05, 'Neutral': 0.9999459981918335, 'Other': 2.5138658656942425e-06, 'Sad': 2.3497104848502204e-06, 'Surprised': 5.365256328104806e-08, 'Unknown': 1.1047790394513868e-05}",There's a 30-second lag.
MATT,00:09:07,00:09:23,Neutral,"{'Angry': 0.00021140222088433802, 'Disgusted': 0.0002242076734546572, 'Fearful': 1.4846785234112758e-05, 'Happy': 0.0009536407887935638, 'Neutral': 0.9976329803466797, 'Other': 0.00031161480001173913, 'Sad': 4.8610916564939544e-05, 'Surprised': 1.6281592252198607e-05, 'Unknown': 0.0005863293190486729}","We'll eventually have them say hello to everyone, but Kit Buss, our official CritRole artist who did all the original character designs, continues to produce amazing art for this show, is here visiting Los Angeles for the next week. So she's here on the set and we'll drag her out in front of the camera and embarrass her shortly."
TALIESIN,00:09:23,00:09:26,Neutral,"{'Angry': 0.00018485059263184667, 'Disgusted': 0.00011229069059481844, 'Fearful': 0.00018141673353966326, 'Happy': 0.0013036817545071244, 'Neutral': 0.9976109266281128, 'Other': 1.5558582163066603e-05, 'Sad': 0.00023833411978557706, 'Surprised': 0.00033073389204218984, 'Unknown': 2.2256013835431077e-05}","I've been curious precisely how long the lag is, because--"
LAURA,00:09:26,00:09:28,Neutral,"{'Angry': 7.97054089396454e-11, 'Disgusted': 1.4986574481401504e-11, 'Fearful': 1.0733183439248783e-11, 'Happy': 6.552529074888014e-10, 'Neutral': 1.0, 'Other': 1.302393414469305e-12, 'Sad': 1.0503155012386856e-09, 'Surprised': 2.686659401895941e-11, 'Unknown': 4.771104518408453e-12}",It's about 30 seconds.
MARISHA,00:09:28,00:09:30,Happy,"{'Angry': 0.00040523888310417533, 'Disgusted': 0.0013284517917782068, 'Fearful': 9.630868589738384e-05, 'Happy': 0.9463236927986145, 'Neutral': 0.04789064824581146, 'Other': 7.284835010068491e-05, 'Sad': 0.0004656853270716965, 'Surprised': 0.003363389056175947, 'Unknown': 5.3697029215982184e-05}",We learned when we killed the carpet.
LAURA,00:09:30,00:09:33,Happy,"{'Angry': 2.090838097501546e-05, 'Disgusted': 2.0597541151801124e-05, 'Fearful': 2.0906834379275097e-06, 'Happy': 0.9897018671035767, 'Neutral': 0.010195438750088215, 'Other': 2.270857521580183e-06, 'Sad': 2.9761667974526063e-05, 'Surprised': 2.553645390435122e-05, 'Unknown': 1.5859490076763905e-06}",Yeah. (muffled yelling)
MARISHA,00:09:33,00:09:36,Neutral,"{'Angry': 0.012067492119967937, 'Disgusted': 0.009645393118262291, 'Fearful': 0.0041855270974338055, 'Happy': 0.4312495291233063, 'Neutral': 0.4558805227279663, 'Other': 0.0021552813705056906, 'Sad': 0.002583833644166589, 'Surprised': 0.0022241275291889906, 'Unknown': 0.08000830560922623}",Just time that. Time that.
MATT,00:09:36,00:09:50,Neutral,"{'Angry': 2.4552881949801986e-09, 'Disgusted': 4.53787757370705e-10, 'Fearful': 2.8876928626075937e-10, 'Happy': 2.2216866124580292e-09, 'Neutral': 1.0, 'Other': 2.728916051464303e-11, 'Sad': 1.3031682399855526e-09, 'Surprised': 3.669871961875515e-09, 'Unknown': 3.917500698835674e-11}",I guess also an announcement for all you League players out there: awesome character just got announced called Kindred. Kind of a two-part thing. That wolf that's the part of Kindred sounds pretty cool so you should play it.
TRAVIS,00:09:50,00:09:52,Neutral,"{'Angry': 3.1698529912027595e-10, 'Disgusted': 3.440985690827958e-11, 'Fearful': 7.034497984115262e-12, 'Happy': 2.0091948105260826e-09, 'Neutral': 1.0, 'Other': 1.8944075908661206e-12, 'Sad': 5.969013616713426e-10, 'Surprised': 6.76245934250197e-11, 'Unknown': 5.320724763557827e-12}",I heard that. It's subtle.
MATT,00:09:52,00:09:58,Sad,"{'Angry': 0.13957267999649048, 'Disgusted': 0.008447090163826942, 'Fearful': 0.0016130643198266625, 'Happy': 0.007996248081326485, 'Neutral': 0.14054159820079803, 'Other': 0.001568400184623897, 'Sad': 0.6950318813323975, 'Surprised': 0.0042815012857317924, 'Unknown': 0.0009475428960286081}","Real subtle. It's a good one. I think that's it, isn't it? I think we're good on announcements, and we can start."
TALIESIN,00:09:58,00:10:01,Disgusted,"{'Angry': 0.03600981831550598, 'Disgusted': 0.5704256892204285, 'Fearful': 0.004470320884138346, 'Happy': 0.026823172345757484, 'Neutral': 0.015430377796292305, 'Other': 0.026530101895332336, 'Sad': 0.3179260790348053, 'Surprised': 0.001576811890117824, 'Unknown': 0.0008075963705778122}","I feel like we have, do we have an address? Address?"
MATT,00:10:01,00:10:02,Neutral,"{'Angry': 0.0059282598085701466, 'Disgusted': 0.008696887642145157, 'Fearful': 8.468233863823116e-05, 'Happy': 0.014605733565986156, 'Neutral': 0.958408772945404, 'Other': 0.00019355678523425013, 'Sad': 0.010313552804291248, 'Surprised': 0.0017489043530076742, 'Unknown': 1.9689467080752365e-05}","Oh, the PO Box?"
TALIESIN,00:10:02,00:10:04,Neutral,"{'Angry': 0.07777757197618484, 'Disgusted': 0.18869099020957947, 'Fearful': 0.0021619272883981466, 'Happy': 0.06628802418708801, 'Neutral': 0.539925217628479, 'Other': 0.0008732160786166787, 'Sad': 0.11496920883655548, 'Surprised': 0.009128938429057598, 'Unknown': 0.00018495153926778585}",Do we have that?
TRAVIS,00:10:04,00:10:06,Neutral,"{'Angry': 0.09946049749851227, 'Disgusted': 0.07486271858215332, 'Fearful': 0.006125373300164938, 'Happy': 0.05652197077870369, 'Neutral': 0.33363863825798035, 'Other': 0.26814723014831543, 'Sad': 0.13176590204238892, 'Surprised': 0.025254616513848305, 'Unknown': 0.004223069176077843}","It's up. Yeah, he's got it."
TALIESIN,00:10:06,00:10:08,Sad,"{'Angry': 0.08421415090560913, 'Disgusted': 0.2465692162513733, 'Fearful': 0.0037437607534229755, 'Happy': 0.04295070096850395, 'Neutral': 0.22017057240009308, 'Other': 0.14345069229602814, 'Sad': 0.24676844477653503, 'Surprised': 0.009727139957249165, 'Unknown': 0.002405323786661029}",It's up and in the chat?
RYAN,00:10:08,00:10:10,Sad,"{'Angry': 0.016671549528837204, 'Disgusted': 0.3070029616355896, 'Fearful': 0.005111311096698046, 'Happy': 0.0065713017247617245, 'Neutral': 0.02902647852897644, 'Other': 0.05508255958557129, 'Sad': 0.5760008692741394, 'Surprised': 0.0036398295778781176, 'Unknown': 0.0008931673946790397}",The mods are posting it in the chat.
MATT,00:10:10,00:10:19,Sad,"{'Angry': 0.0008162501035258174, 'Disgusted': 1.5256375263561495e-05, 'Fearful': 1.0624390597513411e-05, 'Happy': 7.636557711521164e-05, 'Neutral': 0.0004405397630762309, 'Other': 4.468837687454652e-06, 'Sad': 0.9985933899879456, 'Surprised': 4.241791248205118e-05, 'Unknown': 6.218236308086489e-07}","The mods got that covered. Now diverting all Critmas images and the boxes, and we have arrived. Our nefarious Scanlan--"
SAM,00:10:19,00:10:21,Other,"{'Angry': 0.0785309299826622, 'Disgusted': 0.2189907729625702, 'Fearful': 0.002684017177671194, 'Happy': 0.02480444498360157, 'Neutral': 0.10182642936706543, 'Other': 0.40670984983444214, 'Sad': 0.158017098903656, 'Surprised': 0.00498621491715312, 'Unknown': 0.0034502584021538496}",Whoa. Were you just talking about me?
MATT,00:10:21,00:10:22,Angry,"{'Angry': 0.2663815915584564, 'Disgusted': 0.04455345496535301, 'Fearful': 0.08987513929605484, 'Happy': 0.10450661927461624, 'Neutral': 0.07439626008272171, 'Other': 0.15186747908592224, 'Sad': 0.25542595982551575, 'Surprised': 0.012303590774536133, 'Unknown': 0.0006899278960190713}",Yeah!
SAM,00:10:22,00:10:25,Sad,"{'Angry': 0.11805888265371323, 'Disgusted': 0.007100304123014212, 'Fearful': 0.0036515509709715843, 'Happy': 0.03497506305575371, 'Neutral': 0.025081291794776917, 'Other': 0.012008555233478546, 'Sad': 0.7884353399276733, 'Surprised': 0.010469863191246986, 'Unknown': 0.00021921542065683752}","Whoa, that's crazy. I was just talking about me, too."
MATT,00:10:25,00:10:28,Neutral,"{'Angry': 0.16393838822841644, 'Disgusted': 0.023066697642207146, 'Fearful': 0.0018439560662955046, 'Happy': 0.09826318919658661, 'Neutral': 0.6083175539970398, 'Other': 0.0013574737822636962, 'Sad': 0.0949961319565773, 'Surprised': 0.00752608897164464, 'Unknown': 0.000690505257807672}","As was the website, because your interview went up today."
SAM,00:10:28,00:10:37,Sad,"{'Angry': 0.16258332133293152, 'Disgusted': 0.0007885299855843186, 'Fearful': 0.0005903186392970383, 'Happy': 0.00658027920871973, 'Neutral': 0.06990601867437363, 'Other': 0.00015935100964270532, 'Sad': 0.7578646540641785, 'Surprised': 0.001459664199501276, 'Unknown': 6.790720362914726e-05}","Oh, that's right. I saw. Some of that I had my ghostwriter write for me. I have a biographer and a ghostwriter."
TRAVIS,00:10:37,00:10:41,Sad,"{'Angry': 0.02320854179561138, 'Disgusted': 0.0001706984912743792, 'Fearful': 0.00025724826264195144, 'Happy': 0.0020034487824887037, 'Neutral': 0.010257167741656303, 'Other': 0.00020832561131101102, 'Sad': 0.9622398614883423, 'Surprised': 0.0016198187367990613, 'Unknown': 3.480271698208526e-05}",Is that a ghostwriter on retainer that we can also use?
SAM,00:10:41,00:10:42,Neutral,"{'Angry': 0.03723810240626335, 'Disgusted': 0.19979508221149445, 'Fearful': 0.0014097553212195635, 'Happy': 0.06054486334323883, 'Neutral': 0.6245415210723877, 'Other': 0.023536888882517815, 'Sad': 0.03024875931441784, 'Surprised': 0.02132921665906906, 'Unknown': 0.001355859567411244}","Yeah, sure."
MATT,00:10:42,00:10:48,Sad,"{'Angry': 0.14681006968021393, 'Disgusted': 0.0004885667585767806, 'Fearful': 0.0003972745034843683, 'Happy': 0.006346842739731073, 'Neutral': 0.056324511766433716, 'Other': 0.0008260541362687945, 'Sad': 0.7875873446464539, 'Surprised': 0.0008247742080129683, 'Unknown': 0.00039456161903217435}","Good to know. Well, fantastic. Do you have any announcements you want to make, Sam, or shall we jump in?"
SAM,00:10:48,00:10:51,Angry,"{'Angry': 0.523014485836029, 'Disgusted': 0.02644021436572075, 'Fearful': 0.0016847446095198393, 'Happy': 0.13827118277549744, 'Neutral': 0.16581878066062927, 'Other': 0.00477441493421793, 'Sad': 0.1356392204761505, 'Surprised': 0.003451322438195348, 'Unknown': 0.0009056878625415266}",No. Just that I don't have any dice but I can use Orion's and they're going to be awesome.
LAURA,00:10:51,00:10:56,Neutral,"{'Angry': 0.05592866986989975, 'Disgusted': 0.03191152215003967, 'Fearful': 0.014085175469517708, 'Happy': 0.014216070994734764, 'Neutral': 0.43888962268829346, 'Other': 0.09653705358505249, 'Sad': 0.3379025161266327, 'Surprised': 0.008855120278894901, 'Unknown': 0.0016741688596084714}",I have so many dice. Take this giant bag and just fish some out.
SAM,00:10:56,00:10:58,Other,"{'Angry': 6.443349411711097e-05, 'Disgusted': 8.969548071036115e-05, 'Fearful': 0.00033473767689429224, 'Happy': 1.0737881893874146e-05, 'Neutral': 3.463818211457692e-05, 'Other': 0.9991912245750427, 'Sad': 0.0002033090277109295, 'Surprised': 2.4006797048059525e-06, 'Unknown': 6.88999134581536e-05}",Great. Thanks.
TALIESIN,00:10:58,00:10:59,Sad,"{'Angry': 0.0034749270416796207, 'Disgusted': 0.055477749556303024, 'Fearful': 0.0030422427225857973, 'Happy': 0.002805669791996479, 'Neutral': 0.014906465075910091, 'Other': 0.01297176443040371, 'Sad': 0.8028615117073059, 'Surprised': 0.104421466588974, 'Unknown': 3.808207475231029e-05}",The Bag of Disagreeable Dice.
LAURA,00:10:59,00:11:01,Sad,"{'Angry': 8.131121285259724e-05, 'Disgusted': 0.0010480775963515043, 'Fearful': 0.0009851991198956966, 'Happy': 0.000747377285733819, 'Neutral': 0.0052770087495446205, 'Other': 0.00044452911242842674, 'Sad': 0.9547348618507385, 'Surprised': 0.03667996823787689, 'Unknown': 1.7165880308311898e-06}","No, let him find them."
MATT,00:11:01,00:12:20,Happy,"{'Angry': 8.697811182400983e-08, 'Disgusted': 1.2514293246113084e-07, 'Fearful': 6.966804022567885e-09, 'Happy': 0.9998750686645508, 'Neutral': 0.00012310124293435365, 'Other': 3.1372661624118336e-07, 'Sad': 1.1490033102745656e-06, 'Surprised': 1.535339677616321e-08, 'Unknown': 8.301282150569023e-08}","All righty, then in just a minute, let us begin this next episode of Critical Role. [dramatic music]"
MATT,00:12:20,00:12:38,Neutral,"{'Angry': 2.887060436638361e-13, 'Disgusted': 1.2875281116058682e-14, 'Fearful': 2.6496768188978776e-15, 'Happy': 4.2655215839494665e-13, 'Neutral': 1.0, 'Other': 1.8258733267055528e-15, 'Sad': 1.0239346263235527e-12, 'Surprised': 1.226877892899006e-13, 'Unknown': 1.060344896603024e-14}","Welcome back. All right, so to give you guys a little heads-up of what has recently transpired in the story. The party, after completing their business in the city of Vasselheim, on the far-off northwest continent. Grog, of course, having an epic battle in the Crucible fight pit against Kern, reclaiming his honor."
TRAVIS,00:12:38,00:12:42,Neutral,"{'Angry': 3.271892978773394e-07, 'Disgusted': 7.50986686171018e-08, 'Fearful': 9.6101231861212e-08, 'Happy': 1.0375360943726264e-06, 'Neutral': 0.999994158744812, 'Other': 3.186568875435114e-08, 'Sad': 4.099666057300055e-06, 'Surprised': 2.2428898205362202e-07, 'Unknown': 7.46926929195979e-08}","(singing) I am the champion, my friends."
MATT,00:12:42,00:13:31,Neutral,"{'Angry': 9.006419335365681e-14, 'Disgusted': 3.3866105178439326e-15, 'Fearful': 5.595706113842801e-16, 'Happy': 1.3058602593360447e-13, 'Neutral': 1.0, 'Other': 6.188828229663416e-16, 'Sad': 3.1239797532688074e-13, 'Surprised': 4.2615101714365416e-14, 'Unknown': 2.324972032523862e-15}","Pike left back there to finish up the renovation of the temple of Sarenrae that was discovered. The rest of the party moved on back to Emon, the rest of their business complete. Within Emon, they returned to Greyskull Keep, where they encountered a fan, apparently, of Vox Machina, that had been camping for two weeks outside, who was promptly bludgeoned in the temple by Vax to teach him a lesson. Brought back from the brink, and taught that hard lesson-- that this is a dangerous field-- managed to seemingly reach out and touch the heart of this young, intrepid, wannabe adventurer to possibly try and better himself before he throws himself into danger's way. And he ran off to train harder."
TALIESIN,00:13:31,00:13:32,Neutral,"{'Angry': 1.981657504757095e-07, 'Disgusted': 5.148400106236295e-08, 'Fearful': 6.444251710036042e-08, 'Happy': 2.028280505328439e-06, 'Neutral': 0.999995231628418, 'Other': 1.1723861881307585e-08, 'Sad': 2.3396651158691384e-06, 'Surprised': 6.451975309573754e-08, 'Unknown': 1.6813977765650634e-08}","Dagger, dagger, hug."
MATT,00:13:32,00:14:31,Happy,"{'Angry': 0.00033362660906277597, 'Disgusted': 0.0027461403515189886, 'Fearful': 0.005087429191917181, 'Happy': 0.4189393222332001, 'Neutral': 0.1935478299856186, 'Other': 0.14747552573680878, 'Sad': 0.19013182818889618, 'Surprised': 0.034076377749443054, 'Unknown': 0.007661985699087381}","Indeed. Upon returning to the keep, notice was sent off to one of the other members of the Council of Tal'Dorei, Seeker Asum, who is the halfling head of whispers and all sorts of subterfuge across the countryside, who came to you notifying you that within a week's time, the Briarwoods, Lord and Lady Briarwood, are supposed to be arriving here within Emon for a feast to discuss building a bridge and a more political joining between Emon, the Tal'Dorei royal family, and these up-and-coming lords and ladies, who have a very dark history with Percy's character. You've been asked to join as part of this feast as you previously requested with sovereign Tal'Dorei, that should anything involved the Briarwoods that you be included. You have a week to figure out what you want to do in advance of that. And that is where we left off."
ORION,00:14:31,00:14:34,Neutral,"{'Angry': 0.0005140306893736124, 'Disgusted': 0.0008642560569569468, 'Fearful': 0.00022303243167698383, 'Happy': 0.000884277222212404, 'Neutral': 0.9944918155670166, 'Other': 0.00011632841778919101, 'Sad': 0.001043347641825676, 'Surprised': 0.0010703580919653177, 'Unknown': 0.0007925955578684807}",What time of the day is it?
MATT,00:14:34,00:15:17,Neutral,"{'Angry': 2.4398624787203005e-10, 'Disgusted': 4.421111740593453e-11, 'Fearful': 3.5964644456987216e-11, 'Happy': 1.9265271600232836e-09, 'Neutral': 1.0, 'Other': 4.129952456410901e-12, 'Sad': 1.669013927063645e-09, 'Surprised': 1.8543307167551148e-10, 'Unknown': 5.85072407188747e-11}","Right now, after this discussion, you guys' arrival, I'd say it's probably mid-afternoon. First things first, though, after this discussion with Seeker Asum, who leaves the keep, you do have a brief moment of awkward silence as most of the people that work within your keep turn to you. Laina looks about the rest of you and goes, ""By the way, we've been working here for about six weeks on the pay of four. We're coming close to our next pay scheme, and you tend to leave often and for extended periods of time. We would also like to be paid, if possible."""
LAURA,00:15:17,00:15:29,Neutral,"{'Angry': 8.17200127012363e-11, 'Disgusted': 2.212005752177948e-11, 'Fearful': 4.118397029656551e-12, 'Happy': 1.0269829431308608e-10, 'Neutral': 1.0, 'Other': 2.060254310903842e-12, 'Sad': 1.541839850238702e-10, 'Surprised': 1.221630435699339e-10, 'Unknown': 2.5543143988837613e-12}","Most definitely, dear. Yes. We are definitely going to pay you. Does anybody remember how much we are supposed to pay them?"
ORION,00:15:29,00:15:31,Neutral,"{'Angry': 0.03618103638291359, 'Disgusted': 0.21007214486598969, 'Fearful': 0.0018657854525372386, 'Happy': 0.084016814827919, 'Neutral': 0.6397517323493958, 'Other': 0.00016911276907194406, 'Sad': 0.022433314472436905, 'Surprised': 0.005370423663407564, 'Unknown': 0.00013961271906737238}","Pardon, what is the total of the staff's payment?"
MATT,00:15:31,00:15:58,Surprised,"{'Angry': 0.10517089813947678, 'Disgusted': 0.021556653082370758, 'Fearful': 0.0056504602544009686, 'Happy': 0.28147661685943604, 'Neutral': 0.003487871726974845, 'Other': 0.0012346489820629358, 'Sad': 0.0004968567518517375, 'Surprised': 0.5764709115028381, 'Unknown': 0.004455076064914465}","She thinks to herself for a moment, at which point you see Erwen, the elderly servant in the back says, ""Actually, you had previously said it was both of our services was 50 gold each for the month. And if I recall, the other mercenaries or guardians that you've hired to watch the walls of the keep were at a discussed 100 gold for the month's wages. Each."""
LAURA,00:15:58,00:16:00,Neutral,"{'Angry': 0.0005123689188621938, 'Disgusted': 0.00012070286902599037, 'Fearful': 0.0008867001160979271, 'Happy': 0.0011998070403933525, 'Neutral': 0.9484654664993286, 'Other': 2.2461244952864945e-05, 'Sad': 0.0021814715582877398, 'Surprised': 0.046598806977272034, 'Unknown': 1.229063309438061e-05}",And how many of those guys do we have?
MATT,00:16:00,00:16:10,Happy,"{'Angry': 0.0239594504237175, 'Disgusted': 0.014833490364253521, 'Fearful': 0.0020411412697285414, 'Happy': 0.8509964942932129, 'Neutral': 0.03200121223926544, 'Other': 0.005442705936729908, 'Sad': 0.000519575783982873, 'Surprised': 0.002219849033281207, 'Unknown': 0.0679861307144165}","""You currently have five on your payroll, yes. 600 gold pieces total per month for the services for everyone keeping your keep."""
LAURA,00:16:10,00:16:20,Neutral,"{'Angry': 1.8088012154748867e-07, 'Disgusted': 8.15030887224566e-08, 'Fearful': 1.0409814343859125e-08, 'Happy': 2.2191122184267442e-07, 'Neutral': 0.9999992847442627, 'Other': 3.7952588627376826e-08, 'Sad': 5.720300677580781e-08, 'Surprised': 5.798359481445914e-08, 'Unknown': 3.201450127221506e-08}","Tell you what, I will front this from my personal funds for this month. Just because we don't have enough in the party funds to cover that."
SAM,00:16:20,00:16:21,Neutral,"{'Angry': 0.03628040850162506, 'Disgusted': 0.01287010870873928, 'Fearful': 0.0007476184400729835, 'Happy': 0.012758363038301468, 'Neutral': 0.9211980104446411, 'Other': 2.3157135728979483e-05, 'Sad': 0.014049298129975796, 'Surprised': 0.002021979307755828, 'Unknown': 5.099141344544478e-05}",We don't have 600 gold?
LAURA,00:16:21,00:16:22,Angry,"{'Angry': 0.41424494981765747, 'Disgusted': 0.004323607310652733, 'Fearful': 0.003425229573622346, 'Happy': 0.3534466624259949, 'Neutral': 0.1981053501367569, 'Other': 7.584259583381936e-05, 'Sad': 0.008584228344261646, 'Surprised': 0.017520159482955933, 'Unknown': 0.0002739053452387452}",We do not!
SAM,00:16:22,00:16:23,Neutral,"{'Angry': 0.08842426538467407, 'Disgusted': 0.021331900730729103, 'Fearful': 0.028042135760188103, 'Happy': 0.30007919669151306, 'Neutral': 0.40277299284935, 'Other': 9.198925545206293e-05, 'Sad': 0.009345967322587967, 'Surprised': 0.1496572494506836, 'Unknown': 0.00025433817063458264}",Who's our treasurer?!
LAURA,00:16:23,00:16:26,Happy,"{'Angry': 2.2596757389692357e-06, 'Disgusted': 5.742045686929487e-06, 'Fearful': 1.7056494527878385e-07, 'Happy': 0.9998041987419128, 'Neutral': 0.00016873890126589686, 'Other': 3.4756860713969218e-06, 'Sad': 8.031992365431506e-06, 'Surprised': 7.320022632484324e-06, 'Unknown': 1.394127338016915e-07}","I am, but you bitches keep spending money!"
LIAM,00:16:26,00:16:29,Happy,"{'Angry': 1.89344305567829e-07, 'Disgusted': 1.2281926728974213e-06, 'Fearful': 7.08172990471212e-07, 'Happy': 0.9999803304672241, 'Neutral': 8.044654350669589e-06, 'Other': 2.0974779602056515e-07, 'Sad': 1.1614772574830567e-06, 'Surprised': 2.3516862768246938e-07, 'Unknown': 7.881777492002584e-06}",I'll go halfsies.
LAURA,00:16:29,00:16:34,Neutral,"{'Angry': 7.157528307288885e-05, 'Disgusted': 1.585616155352909e-05, 'Fearful': 7.4910567491315305e-06, 'Happy': 0.00024953228421509266, 'Neutral': 0.9994460940361023, 'Other': 8.170023647835478e-05, 'Sad': 5.9619804233079776e-05, 'Surprised': 1.614573920960538e-05, 'Unknown': 5.194074765313417e-05}",Halfsies? Lovely. Twinsies will pay halfsies. Here you go! 300 for each.
MATT,00:16:34,00:16:40,Surprised,"{'Angry': 0.2207689881324768, 'Disgusted': 0.012187846004962921, 'Fearful': 0.00512358546257019, 'Happy': 0.07785532623529434, 'Neutral': 0.09052640944719315, 'Other': 0.009106572717428207, 'Sad': 0.0028441527392715216, 'Surprised': 0.551164984703064, 'Unknown': 0.03042217157781124}","""Thank you so much. I'll make sure this gets to the appropriate individuals immediately. They'll be very happy to not have to walk away. """
LAURA,00:16:40,00:16:45,Neutral,"{'Angry': 0.0050809308886528015, 'Disgusted': 0.0028047580271959305, 'Fearful': 0.0015801172703504562, 'Happy': 0.022069305181503296, 'Neutral': 0.800277054309845, 'Other': 7.732907397439703e-05, 'Sad': 0.035243526101112366, 'Surprised': 0.13279609382152557, 'Unknown': 7.086600089678541e-05}","Yes, don't worry, you will always be paid from Vox Machina."
MATT,00:16:45,00:16:59,Neutral,"{'Angry': 4.212093335809186e-05, 'Disgusted': 1.3120281437295489e-05, 'Fearful': 3.158594154228922e-06, 'Happy': 0.003747843438759446, 'Neutral': 0.9959653615951538, 'Other': 9.148136086878367e-06, 'Sad': 0.00019032516865991056, 'Surprised': 2.0857700292253867e-05, 'Unknown': 7.964245924085844e-06}","Erwen steps in. ""And by the way, if you do intend to leave for an extended period of time again, I would recommend perhaps paying that in advance. There was a bit of unrest last time."""
SAM,00:16:59,00:17:00,Neutral,"{'Angry': 0.08896568417549133, 'Disgusted': 0.025568580254912376, 'Fearful': 0.004348002839833498, 'Happy': 0.0631074607372284, 'Neutral': 0.7628763318061829, 'Other': 2.3936659999890253e-05, 'Sad': 0.02994501404464245, 'Surprised': 0.02512655220925808, 'Unknown': 3.843529702862725e-05}",Should we pay another month?
LAURA,00:17:00,00:17:02,Neutral,"{'Angry': 0.0003745185094885528, 'Disgusted': 0.0001382155023748055, 'Fearful': 3.0213710488169454e-05, 'Happy': 0.0872151330113411, 'Neutral': 0.9092794060707092, 'Other': 8.581529255025089e-05, 'Sad': 0.0013719694688916206, 'Surprised': 0.0014684466877952218, 'Unknown': 3.631843355833553e-05}",Not yet. Not just yet.
ORION,00:17:02,00:17:08,Happy,"{'Angry': 5.171730208530789e-07, 'Disgusted': 2.043139147644979e-06, 'Fearful': 1.1896754585905e-06, 'Happy': 0.9999680519104004, 'Neutral': 1.7310279872617684e-05, 'Other': 3.651945803540002e-07, 'Sad': 3.1076965569809545e-06, 'Surprised': 1.5182030210780795e-06, 'Unknown': 5.938600224908441e-06}","I'll pay him in advance right now, just to get it out of the way. 600, out of here, phew, there you go."
MATT,00:17:08,00:17:12,Neutral,"{'Angry': 4.9337668173166094e-08, 'Disgusted': 7.618090158700852e-09, 'Fearful': 1.1583979331319938e-09, 'Happy': 5.315601470101683e-07, 'Neutral': 0.9999992847442627, 'Other': 6.930408469330018e-10, 'Sad': 1.1732057458857525e-07, 'Surprised': 5.1243276288914785e-09, 'Unknown': 6.533592555868495e-10}","""Very well, sire! I shall disseminate this amongst the others."""
TALIESIN,00:17:12,00:17:19,Happy,"{'Angry': 6.880678249387984e-10, 'Disgusted': 3.3970106727565508e-09, 'Fearful': 1.78439230058558e-09, 'Happy': 1.0, 'Neutral': 4.111598617129175e-09, 'Other': 1.0689147345033234e-09, 'Sad': 3.5149658739186407e-09, 'Surprised': 2.0904797892740135e-09, 'Unknown': 4.65262228743768e-09}","Traditionally, the head of the house does dispense out the stipends anyway. That would be appropriate. I'm not even in the room, am I? Never mind! Sorry."
MATT,00:17:19,00:17:22,Neutral,"{'Angry': 0.08770379424095154, 'Disgusted': 0.1840612143278122, 'Fearful': 0.000440550094936043, 'Happy': 0.005514444783329964, 'Neutral': 0.6413987278938293, 'Other': 0.014917418360710144, 'Sad': 0.004375797230750322, 'Surprised': 0.0007873821305111051, 'Unknown': 0.06080062687397003}","Yeah, you're down in the workshop."
LAURA,00:17:22,00:17:24,Neutral,"{'Angry': 0.033606287091970444, 'Disgusted': 8.432791219092906e-05, 'Fearful': 6.3488687374047e-06, 'Happy': 0.39951473474502563, 'Neutral': 0.5664836168289185, 'Other': 7.216003723442554e-05, 'Sad': 0.0001244497107109055, 'Surprised': 9.53420385485515e-05, 'Unknown': 1.2793185305781662e-05}",Can I go find Percy?
MATT,00:17:24,00:17:25,Neutral,"{'Angry': 1.9578061255742796e-05, 'Disgusted': 1.1424186823205673e-06, 'Fearful': 1.917632914683054e-07, 'Happy': 0.0003597781469579786, 'Neutral': 0.9996088147163391, 'Other': 2.970752575492952e-06, 'Sad': 5.772943040938117e-06, 'Surprised': 3.69872481087441e-07, 'Unknown': 1.3374672107602237e-06}",You can.
MARISHA,00:17:25,00:17:28,Happy,"{'Angry': 0.0001166514921351336, 'Disgusted': 0.00018085489864461124, 'Fearful': 3.60073936462868e-05, 'Happy': 0.9592078924179077, 'Neutral': 0.038963571190834045, 'Other': 6.161745841382071e-05, 'Sad': 0.0001184670181828551, 'Surprised': 1.5438045011251234e-05, 'Unknown': 0.0012994001153856516}","Actually, we should all go find Percy. We should all talk to Percy."
MATT,00:17:28,00:17:34,Happy,"{'Angry': 3.2161267426999984e-08, 'Disgusted': 1.780863954081724e-07, 'Fearful': 1.8130084811218694e-07, 'Happy': 0.9999957084655762, 'Neutral': 8.370349178221659e-07, 'Other': 1.2459008758014534e-07, 'Sad': 6.622198043260141e-07, 'Surprised': 7.637838450591516e-08, 'Unknown': 2.0631814550142735e-06}","""Thank you kindly, Tiberius. Thank you."" And he wanders off and begins counting out change into a smaller purse."
ORION,00:17:34,00:17:41,Happy,"{'Angry': 1.2492586165535613e-07, 'Disgusted': 6.802606549172197e-07, 'Fearful': 1.085299686565122e-06, 'Happy': 0.9999929666519165, 'Neutral': 5.733243710892566e-07, 'Other': 1.0978519640048034e-06, 'Sad': 2.7672053874994162e-06, 'Surprised': 4.380221696465014e-07, 'Unknown': 2.597371917545388e-07}","When they start to go, I'd like to go to the temple with the sigils and talk to the guy who runs the place."
MATT,00:17:41,00:17:45,Neutral,"{'Angry': 0.00454317731782794, 'Disgusted': 0.004517256747931242, 'Fearful': 0.003177025355398655, 'Happy': 0.32563766837120056, 'Neutral': 0.6318408250808716, 'Other': 0.0014818438794463873, 'Sad': 0.004332241136580706, 'Surprised': 0.002432627137750387, 'Unknown': 0.022037304937839508}","Oh, you mean the Lyceum?"
ORION,00:17:45,00:17:46,Neutral,"{'Angry': 1.5123963748919778e-05, 'Disgusted': 4.275728133507073e-05, 'Fearful': 2.6299160253984155e-06, 'Happy': 0.0311155766248703, 'Neutral': 0.9683349132537842, 'Other': 6.478563591372222e-05, 'Sad': 2.658898665686138e-05, 'Surprised': 0.00036476273089647293, 'Unknown': 3.285293496446684e-05}",Yeah.
MATT,00:17:46,00:17:48,Neutral,"{'Angry': 8.790927097379608e-09, 'Disgusted': 2.4143231858175795e-09, 'Fearful': 5.554730897472382e-09, 'Happy': 2.4020502564781054e-07, 'Neutral': 0.9999996423721313, 'Other': 4.896881233840134e-10, 'Sad': 6.868148716421274e-08, 'Surprised': 4.032233213990821e-09, 'Unknown': 1.1188779902582269e-09}","Okay, the Alabaster Lyceum."
ORION,00:17:48,00:17:57,Neutral,"{'Angry': 1.8447149159328546e-06, 'Disgusted': 8.73774922638404e-07, 'Fearful': 6.506044769594155e-07, 'Happy': 0.00011777735926443711, 'Neutral': 0.9998648166656494, 'Other': 3.254662601648306e-07, 'Sad': 1.1699913557094987e-05, 'Surprised': 1.5555804111500038e-06, 'Unknown': 4.333009542278887e-07}","Yeah, because I learned something new this week and I was like, I'm dumb. But that's where I would like to head."
MATT,00:17:57,00:18:39,Happy,"{'Angry': 0.0007947217673063278, 'Disgusted': 0.00535246729850769, 'Fearful': 0.0002815933548845351, 'Happy': 0.5656293630599976, 'Neutral': 0.17963308095932007, 'Other': 0.0724651888012886, 'Sad': 0.0031066550873219967, 'Surprised': 7.667385216336697e-05, 'Unknown': 0.17266027629375458}","All right. So you make your way towards the Alabaster Lyceum. The rest of you head down into Percy's workshop. So you head around the outskirts of the inner portion of the keep itself, down the stairway that leads to the basement floor, which contains a small cell, like a holding cell that you had constructed for you in case you had somebody to take prisoner at some point. To the right. To the left of you, there's a small turning hallway that leads to the workshop. The workshop contains a series of various tools, workbenches. It actually has a working forge, with anvil and various blacksmithing tools. And as you guys come down, the heat is already blasting from it, and you can see Percy madly diving into work of some kind."
TRAVIS,00:18:39,00:18:47,Neutral,"{'Angry': 2.581392877232247e-09, 'Disgusted': 2.9589268812912906e-09, 'Fearful': 1.6887584664004862e-09, 'Happy': 2.0634862707424872e-09, 'Neutral': 1.0, 'Other': 1.049598630231685e-09, 'Sad': 1.3662172726469635e-08, 'Surprised': 1.5120042995420135e-09, 'Unknown': 3.512979906972191e-10}","What are you doing, Percy? You making more mousetraps? Guess not."
TALIESIN,00:18:47,00:18:55,Neutral,"{'Angry': 1.4843497542216255e-09, 'Disgusted': 1.2289460560310772e-09, 'Fearful': 6.415528663872294e-10, 'Happy': 7.961083348106968e-09, 'Neutral': 1.0, 'Other': 1.9180639021509904e-10, 'Sad': 1.1130850907647982e-08, 'Surprised': 1.2932067638971034e-09, 'Unknown': 2.4386248576035996e-10}",I'm a bit busy. I am making more ammo. I'm working on a few projects that have been rolling around in my head for quite some time now.
ORION,00:18:55,00:18:57,Neutral,"{'Angry': 0.013878999277949333, 'Disgusted': 0.19743095338344574, 'Fearful': 0.0004433082649484277, 'Happy': 0.0013686080928891897, 'Neutral': 0.7781805992126465, 'Other': 0.00010831987310666591, 'Sad': 0.008218872360885143, 'Surprised': 0.00011761510540964082, 'Unknown': 0.00025277090026065707}",(whispers) Don't forget the bolt.
TALIESIN,00:18:57,00:18:59,Neutral,"{'Angry': 1.548318656445502e-12, 'Disgusted': 5.747058916000941e-14, 'Fearful': 1.6101332303585826e-14, 'Happy': 1.884425124623612e-12, 'Neutral': 1.0, 'Other': 4.682726357688833e-15, 'Sad': 4.754716152050031e-12, 'Surprised': 4.2370761847015936e-13, 'Unknown': 3.906317408213997e-14}","The bolt is on the list, yes."
LAURA,00:18:59,00:19:00,Happy,"{'Angry': 0.0007069024723023176, 'Disgusted': 0.0025426039937883615, 'Fearful': 0.024052472785115242, 'Happy': 0.7291570901870728, 'Neutral': 0.1842118352651596, 'Other': 0.00013752402446698397, 'Sad': 0.056323371827602386, 'Surprised': 0.0007937615737318993, 'Unknown': 0.002074384829029441}",Quite the worker.
TALIESIN,00:19:00,00:19:02,Neutral,"{'Angry': 0.0062837908044457436, 'Disgusted': 0.04600086435675621, 'Fearful': 0.0036390891764312983, 'Happy': 0.16043563187122345, 'Neutral': 0.7562217712402344, 'Other': 0.002003671368584037, 'Sad': 0.004157147835940123, 'Surprised': 0.009513202123343945, 'Unknown': 0.011744794435799122}",I've got a lot to do.
LAURA,00:19:02,00:19:06,Surprised,"{'Angry': 0.0003106044605374336, 'Disgusted': 0.0024816705845296383, 'Fearful': 4.559031003736891e-05, 'Happy': 0.004486498888581991, 'Neutral': 0.0006985309300944209, 'Other': 0.017562152817845345, 'Sad': 0.00014248689694795758, 'Surprised': 0.9741880893707275, 'Unknown': 8.429318404523656e-05}",Yes. Darling...
TALIESIN,00:19:06,00:19:09,Neutral,"{'Angry': 3.7372312817751663e-06, 'Disgusted': 4.007888492196798e-06, 'Fearful': 5.142965733284655e-07, 'Happy': 0.0004523460811469704, 'Neutral': 0.9995110034942627, 'Other': 5.166284154256573e-06, 'Sad': 1.539940967631992e-05, 'Surprised': 1.2319321740505984e-06, 'Unknown': 6.456081791839097e-06}",How many of you are down here right now?
TRAVIS,00:19:09,00:19:13,Neutral,"{'Angry': 0.0007307663327082992, 'Disgusted': 0.004954860545694828, 'Fearful': 0.014443772844970226, 'Happy': 0.18078544735908508, 'Neutral': 0.44794055819511414, 'Other': 0.003163388464599848, 'Sad': 0.011255110614001751, 'Surprised': 0.00030639200122095644, 'Unknown': 0.3364197611808777}",I think we're all here. I'm moving through his stuff.
LAURA,00:19:13,00:19:16,Neutral,"{'Angry': 6.028022835380398e-05, 'Disgusted': 4.5448476157616824e-05, 'Fearful': 9.258944373868871e-06, 'Happy': 0.00031601692899130285, 'Neutral': 0.9992398023605347, 'Other': 1.81729828909738e-05, 'Sad': 1.410290406056447e-05, 'Surprised': 1.9359886209713295e-06, 'Unknown': 0.0002951000351458788}","I let Trinket forage around the courtyard, so he's not down here at the moment."
LIAM,00:19:16,00:19:19,Neutral,"{'Angry': 0.0009755112114362419, 'Disgusted': 0.0012617337051779032, 'Fearful': 6.324324931483716e-05, 'Happy': 0.015606186352670193, 'Neutral': 0.9758737683296204, 'Other': 0.0005299101467244327, 'Sad': 0.00014503745478577912, 'Surprised': 0.005104235373437405, 'Unknown': 0.00044034948223270476}",I think we need a little history lesson here--
TALIESIN,00:19:19,00:19:20,Angry,"{'Angry': 0.9030682444572449, 'Disgusted': 0.07873141020536423, 'Fearful': 0.0003563541395124048, 'Happy': 0.005512479692697525, 'Neutral': 0.006550778169184923, 'Other': 2.076460441458039e-05, 'Sad': 0.005247316788882017, 'Surprised': 0.0004957373021170497, 'Unknown': 1.6890264305402525e-05}","Grog, don't touch that!"
TRAVIS,00:19:20,00:19:22,Happy,"{'Angry': 4.553269317142394e-09, 'Disgusted': 8.598892264899405e-09, 'Fearful': 2.7645856714997308e-09, 'Happy': 1.0, 'Neutral': 9.067701256526561e-09, 'Other': 2.165705836887355e-09, 'Sad': 6.637919991447916e-09, 'Surprised': 1.516753656005676e-08, 'Unknown': 6.875575664366806e-10}",Why not? But it moves!
LAURA,00:19:22,00:19:24,Neutral,"{'Angry': 0.00023757324379403144, 'Disgusted': 0.0005776199395768344, 'Fearful': 0.0004193154745735228, 'Happy': 0.024767065420746803, 'Neutral': 0.965817391872406, 'Other': 4.856165833189152e-05, 'Sad': 0.00036272191209718585, 'Surprised': 0.0076286885887384415, 'Unknown': 0.00014113950601313263}",Don't touch anything.
ORION,00:19:24,00:19:29,Happy,"{'Angry': 0.002762132789939642, 'Disgusted': 0.006703535560518503, 'Fearful': 0.013133369386196136, 'Happy': 0.3377447724342346, 'Neutral': 0.3358752429485321, 'Other': 0.013344020582735538, 'Sad': 0.03629576787352562, 'Surprised': 0.0012391192140057683, 'Unknown': 0.2529020309448242}","Matthew, I took some fine meats before I left and I'm feeding them to Lockheed along the way."
MATT,00:19:29,00:19:37,Neutral,"{'Angry': 1.7654275819012355e-09, 'Disgusted': 2.581598546047559e-10, 'Fearful': 3.147157881522311e-11, 'Happy': 6.308652267250636e-09, 'Neutral': 1.0, 'Other': 6.54943876909897e-11, 'Sad': 1.6399257507515586e-09, 'Surprised': 1.356173506827929e-10, 'Unknown': 1.8797099987644117e-10}",Okay. Lockheed enjoys them thoroughly. They're delicious. Comfort food crafted by the finest of cooks in Greyskull Keep.
MARISHA,00:19:37,00:19:58,Neutral,"{'Angry': 9.401723843893706e-10, 'Disgusted': 4.0656564226360103e-10, 'Fearful': 2.6850677237177933e-10, 'Happy': 1.877697108909615e-09, 'Neutral': 1.0, 'Other': 3.258151734519821e-11, 'Sad': 3.857181241073704e-09, 'Surprised': 1.0055842825096306e-09, 'Unknown': 3.406371296144073e-10}","Percy, it's hard not to clearly notice that you're quite distressed, and we're concerned. And you know, we were talking about it-- not that we were talking about you or anything, behind your back or anything-- but we never really found out why you were in that prison cell when we found you."
LIAM,00:19:58,00:20:10,Neutral,"{'Angry': 8.156775038514752e-06, 'Disgusted': 2.3750496893626405e-06, 'Fearful': 3.2016271234169835e-07, 'Happy': 7.96852691564709e-05, 'Neutral': 0.9999024868011475, 'Other': 7.830716413081973e-07, 'Sad': 3.905289759131847e-06, 'Surprised': 1.4977679256844567e-06, 'Unknown': 7.307464784389595e-07}","We've never questioned it before. We've never wanted to make you uncomfortable. But we're about to walk into a party, and I feel like we need a bit of a history lesson."
TALIESIN,00:20:10,00:20:18,Neutral,"{'Angry': 2.5094880129472585e-07, 'Disgusted': 1.273924112865643e-07, 'Fearful': 1.714218811343926e-08, 'Happy': 4.2449746615602635e-06, 'Neutral': 0.9999943971633911, 'Other': 1.5088140514762927e-07, 'Sad': 4.824586312679457e-07, 'Surprised': 3.0432918407541365e-08, 'Unknown': 2.8714401878460194e-07}",Ugh. I know you're right. (sighs)
TRAVIS,00:20:18,00:20:22,Neutral,"{'Angry': 0.01286665815860033, 'Disgusted': 0.015011666342616081, 'Fearful': 0.011149481870234013, 'Happy': 0.14299041032791138, 'Neutral': 0.5080157518386841, 'Other': 0.00999742466956377, 'Sad': 0.008500980213284492, 'Surprised': 0.0037067632656544447, 'Unknown': 0.28776082396507263}",Should we guess? Was it public nudity?
TALIESIN,00:20:22,00:20:30,Happy,"{'Angry': 1.5095235994522227e-07, 'Disgusted': 4.3239356273261365e-07, 'Fearful': 3.544876392425067e-07, 'Happy': 0.9999963045120239, 'Neutral': 9.60239844971511e-07, 'Other': 8.82318857975406e-08, 'Sad': 8.396152679779334e-07, 'Surprised': 4.3921744463659707e-07, 'Unknown': 4.5037390350444184e-07}",A bit. I've never had to say this out loud before. I've never actually had this discussion with anyone.
SAM,00:20:30,00:20:35,Happy,"{'Angry': 0.00018345944408793002, 'Disgusted': 0.0015181433409452438, 'Fearful': 0.00010966194531647488, 'Happy': 0.9875172972679138, 'Neutral': 0.00335502321831882, 'Other': 0.000164530094480142, 'Sad': 0.005396635737270117, 'Surprised': 0.0016401695320382714, 'Unknown': 0.00011503065616125241}",It's okay. It gets better.
TALIESIN,00:20:35,00:20:39,Neutral,"{'Angry': 8.593382894162005e-09, 'Disgusted': 4.248526863648294e-09, 'Fearful': 1.8613726116001317e-09, 'Happy': 1.544713512657836e-07, 'Neutral': 0.9999998807907104, 'Other': 8.351098701453452e-10, 'Sad': 5.086695864520152e-08, 'Surprised': 6.424249576753027e-09, 'Unknown': 3.8394229462390683e-10}",Do I get an inspiration die for that?
MATT,00:20:39,00:20:44,Neutral,"{'Angry': 0.00010858693713089451, 'Disgusted': 0.0002905563451349735, 'Fearful': 0.0007485114620067179, 'Happy': 0.0009795858059078455, 'Neutral': 0.9922168254852295, 'Other': 0.0002633610856719315, 'Sad': 0.0007967756828293204, 'Surprised': 6.524580385303125e-06, 'Unknown': 0.004589344374835491}",I'll give you a d6 inspiration die. (laughter)
TALIESIN,00:20:44,00:23:27,Neutral,"{'Angry': 9.199574435569957e-09, 'Disgusted': 4.106675888237987e-09, 'Fearful': 8.64778526565857e-10, 'Happy': 2.0017280633055634e-07, 'Neutral': 0.9999997615814209, 'Other': 3.980022533767169e-09, 'Sad': 5.0187825451075696e-08, 'Surprised': 1.1512053532669597e-08, 'Unknown': 6.842018618335999e-10}","The Briarwoods, Lord and Lady Briarwood, are responsible for the death of my entire family. Whitestone was my home. Many years ago-- I don't want to get into the details. I came from a big family. I came from a proud family. One night, they were invited into our home, and over the course of that night, they slaughtered everybody. They are evil. They are corrupting. The few survivors of Castle Whitestone who did survive only survived through deceit and by working for the Briarwoods, turning on their masters. Thankfully, the de Rolo family still has standing elsewhere, and there's other branches of the family other than my father's. (sighs) I was lost for quite a while after that happened. I had nothing else in my life other than my family. I was never really going to inherit anything. I was not going to run anything. I was idle. And at some point, I made the decision that, if nothing else, I survived to, maybe, extract some vengeance. Maybe set something right. Maybe stop whatever it was that they were doing. I don't know. There was one of their party, Dr. Ripley. She was in charge of something during the murder. I don't know what. I chased her. I chased her down. It took a year, and I had my gun, and I discovered where she was and where she was working on some ruins, and I approached her. I never even saw her face. Her guards captured me, beat me up. Didn't even bother taking my things. They just threw me in that dungeon. I never even got close enough to see her face."
SAM,00:23:27,00:23:29,Neutral,"{'Angry': 1.440351269366147e-07, 'Disgusted': 1.1676407041250059e-07, 'Fearful': 9.624133667784918e-08, 'Happy': 1.2214621847306262e-06, 'Neutral': 0.999997615814209, 'Other': 8.436849441295635e-09, 'Sad': 3.451145857980009e-07, 'Surprised': 3.8775493749199086e-07, 'Unknown': 7.4317036968807315e-09}","You know her name, but you've never seen her before?"
TALIESIN,00:23:29,00:23:34,Neutral,"{'Angry': 1.393457016440891e-10, 'Disgusted': 1.7631578488885857e-11, 'Fearful': 4.349264004499531e-12, 'Happy': 3.8336428476171136e-10, 'Neutral': 1.0, 'Other': 9.05857257694348e-13, 'Sad': 3.4453481734253444e-10, 'Surprised': 5.923451312783712e-11, 'Unknown': 3.664103308959055e-12}",I saw her when she was interrogating me in my home.
SAM,00:23:34,00:23:35,Neutral,"{'Angry': 2.4056754455159535e-07, 'Disgusted': 1.2302839991207293e-07, 'Fearful': 1.5973579792216697e-08, 'Happy': 2.8398019367159577e-06, 'Neutral': 0.9999960660934448, 'Other': 7.340239704944906e-08, 'Sad': 2.823069564783509e-07, 'Surprised': 1.849726061209367e-08, 'Unknown': 2.1648735071266856e-07}","Oh, so you could recognize her."
TALIESIN,00:23:35,00:23:36,Neutral,"{'Angry': 9.74457634583814e-07, 'Disgusted': 7.878524570514855e-07, 'Fearful': 6.825308673796826e-07, 'Happy': 5.962062914477428e-06, 'Neutral': 0.9999886751174927, 'Other': 4.206642927329085e-07, 'Sad': 1.7113114836320165e-06, 'Surprised': 1.7098734872433852e-07, 'Unknown': 6.112731512075698e-07}",Oh yes.
LAURA,00:23:36,00:23:41,Neutral,"{'Angry': 1.675309590609686e-06, 'Disgusted': 9.477454113948625e-06, 'Fearful': 3.8304360714391805e-06, 'Happy': 3.81965264750761e-06, 'Neutral': 0.9999639987945557, 'Other': 5.0262237891729455e-06, 'Sad': 4.080931830685586e-06, 'Surprised': 3.106657118223666e-07, 'Unknown': 7.810914212313946e-06}",How did you get away when they-- with the rest of your family?
TALIESIN,00:23:41,00:24:14,Happy,"{'Angry': 0.000841988658066839, 'Disgusted': 0.007555921096354723, 'Fearful': 0.003217619378119707, 'Happy': 0.8394823670387268, 'Neutral': 0.03630624711513519, 'Other': 0.031728506088256836, 'Sad': 0.06436242908239365, 'Surprised': 0.004825587384402752, 'Unknown': 0.011679369956254959}","My sister Cassandra, my younger sister. She somehow evaded capture. I don't know how. She set me free. I don't know what became of her. I don't know what became of any of my siblings. Probably nothing reasonable. Nothing good."
LIAM,00:24:14,00:24:17,Neutral,"{'Angry': 0.0009777667000889778, 'Disgusted': 0.0007610635948367417, 'Fearful': 0.0010099142091348767, 'Happy': 0.00035088194999843836, 'Neutral': 0.9952953457832336, 'Other': 2.9738532248302363e-05, 'Sad': 0.0012217701878398657, 'Surprised': 0.0003103395865764469, 'Unknown': 4.325392364989966e-05}",You witnessed none of these deaths?
TALIESIN,00:24:17,00:24:23,Happy,"{'Angry': 0.0007806248031556606, 'Disgusted': 0.0018717172788456082, 'Fearful': 0.0004174673231318593, 'Happy': 0.7317660450935364, 'Neutral': 0.23440757393836975, 'Other': 0.002206983044743538, 'Sad': 0.0009930774103850126, 'Surprised': 0.00018336443463340402, 'Unknown': 0.027373183518648148}",I saw bodies of a few of them. It's all a bit shady. It's all a bit of a blur.
SAM,00:24:23,00:24:26,Happy,"{'Angry': 2.8816735109238323e-10, 'Disgusted': 5.325928587041062e-10, 'Fearful': 8.573631388175684e-11, 'Happy': 1.0, 'Neutral': 6.320029499740087e-10, 'Other': 7.347458058637457e-11, 'Sad': 2.2757250250915462e-10, 'Surprised': 2.5878743592500086e-10, 'Unknown': 1.3478827776136626e-10}",How many years ago was this?
TALIESIN,00:24:26,00:24:30,Neutral,"{'Angry': 0.0009461703593842685, 'Disgusted': 0.003619513940066099, 'Fearful': 0.0026668498758226633, 'Happy': 0.10472746193408966, 'Neutral': 0.4419041872024536, 'Other': 0.003223855746909976, 'Sad': 0.42752668261528015, 'Surprised': 0.0012364608701318502, 'Unknown': 0.014148871414363384}",(sighs) Four now. Five now.
LAURA,00:24:30,00:24:35,Neutral,"{'Angry': 1.4311814311440685e-07, 'Disgusted': 1.6732126084662013e-07, 'Fearful': 7.384858946579698e-08, 'Happy': 1.5473117400688352e-06, 'Neutral': 0.9999966621398926, 'Other': 2.40254053096578e-07, 'Sad': 5.07518848280597e-07, 'Surprised': 1.70712262104189e-08, 'Unknown': 5.786475867353147e-07}","If you know that they murdered your family, how are they still part of society?"
TALIESIN,00:24:35,00:24:51,Neutral,"{'Angry': 5.951508619261858e-09, 'Disgusted': 7.407139346327085e-09, 'Fearful': 7.278582736525152e-10, 'Happy': 6.404604135923364e-08, 'Neutral': 0.9999998807907104, 'Other': 1.4411966064997728e-09, 'Sad': 2.5009898152461574e-08, 'Surprised': 5.161508109807755e-09, 'Unknown': 6.673359087550068e-10}","I don't know. (sighs) I could have gone home. I could have gone home at any point, at this point. I'm scared."
MARISHA,00:24:51,00:24:55,Happy,"{'Angry': 1.2494306700361335e-09, 'Disgusted': 1.1991068138428318e-09, 'Fearful': 9.964977731868885e-10, 'Happy': 1.0, 'Neutral': 8.11275768786146e-10, 'Other': 4.588523450088644e-10, 'Sad': 1.7244591310472401e-09, 'Surprised': 2.0929653565815443e-09, 'Unknown': 2.5059920805148295e-10}",Did they take over Whitestone? Are they still there?
TALIESIN,00:24:55,00:25:00,Happy,"{'Angry': 0.004381866194307804, 'Disgusted': 0.0018562484765425324, 'Fearful': 0.0007013039430603385, 'Happy': 0.9813329577445984, 'Neutral': 0.0008532983483746648, 'Other': 0.0015585513319820166, 'Sad': 0.0009804513538256288, 'Surprised': 0.007093791849911213, 'Unknown': 0.001241582096554339}",I discovered approximately a week ago that they're still at Whitestone.
LAURA,00:25:00,00:25:02,Neutral,"{'Angry': 0.0965413972735405, 'Disgusted': 0.026079215109348297, 'Fearful': 0.017307061702013016, 'Happy': 0.31934958696365356, 'Neutral': 0.3585297763347626, 'Other': 0.014362508431077003, 'Sad': 0.003192971460521221, 'Surprised': 0.03561266511678696, 'Unknown': 0.12902481853961945}",Will they recognize you?
TALIESIN,00:25:02,00:25:03,Happy,"{'Angry': 0.35198545455932617, 'Disgusted': 0.03015802800655365, 'Fearful': 0.0011984730372205377, 'Happy': 0.4979858696460724, 'Neutral': 0.09518761187791824, 'Other': 8.580651046941057e-05, 'Sad': 0.016723498702049255, 'Surprised': 0.006608597934246063, 'Unknown': 6.661651423200965e-05}",I don't know.
TRAVIS,00:25:03,00:25:06,Unknown,"{'Angry': 0.0028802959714084864, 'Disgusted': 0.011962163262069225, 'Fearful': 0.024173257872462273, 'Happy': 0.16250361502170563, 'Neutral': 0.27752119302749634, 'Other': 0.0016018530586734414, 'Sad': 0.014209861867129803, 'Surprised': 0.00017770756676327437, 'Unknown': 0.5049700140953064}",And these pricks are in good standing with the council?
TALIESIN,00:25:06,00:25:53,Happy,"{'Angry': 4.147044091951102e-05, 'Disgusted': 0.0005132596706971526, 'Fearful': 9.07298453967087e-05, 'Happy': 0.9974309802055359, 'Neutral': 0.00035086102434433997, 'Other': 0.000476382760098204, 'Sad': 0.0002564876340329647, 'Surprised': 0.00030952011002227664, 'Unknown': 0.0005303563084453344}","(sighs) I don't know what to do. I'm preparing for anything. When I got thrown into that dungeon, I came to the realization that maybe I wasn't doing this the right way. I wasn't being responsible, and I prayed to whatever it is I pray to that maybe I would have a sign of what I should be doing, and then there you were. I've been trusting that Vox Machina will take me where I need to go, and maybe what I need to do is confront this, but I don't know what this is, and I'm terrified."
LIAM,00:25:53,00:25:58,Happy,"{'Angry': 6.904628951920344e-11, 'Disgusted': 2.827619249856639e-10, 'Fearful': 1.3623385752836725e-10, 'Happy': 1.0, 'Neutral': 1.1358524121263258e-09, 'Other': 1.0659031296489374e-10, 'Sad': 6.221133053152528e-10, 'Surprised': 1.0200449512831611e-10, 'Unknown': 3.1710020720332466e-10}","And the remains of your family, were they killed by the sword?"
TALIESIN,00:25:58,00:26:15,Happy,"{'Angry': 2.634965539982659e-06, 'Disgusted': 1.1204388101759832e-05, 'Fearful': 7.032635039649904e-06, 'Happy': 0.999954342842102, 'Neutral': 2.9163682029320626e-06, 'Other': 6.430022494896548e-06, 'Sad': 6.385815595422173e-06, 'Surprised': 2.6118011646758532e-06, 'Unknown': 6.466939339588862e-06}","I don't know. There was an interrogation. Dr. Ripley was asking questions. I assumed, for all these years, that that's what became of my family."
MARISHA,00:26:15,00:26:21,Neutral,"{'Angry': 0.0007967047858983278, 'Disgusted': 0.0021771008614450693, 'Fearful': 0.0004176093207206577, 'Happy': 0.035072244703769684, 'Neutral': 0.948236346244812, 'Other': 0.0007931515574455261, 'Sad': 0.0015159993199631572, 'Surprised': 0.00026077902293764055, 'Unknown': 0.010730057023465633}",What was she asking questions about? What did they want? Was it just a political coup?
TALIESIN,00:26:21,00:26:35,Neutral,"{'Angry': 8.032295531826272e-13, 'Disgusted': 2.956690813948719e-14, 'Fearful': 7.154046201740451e-15, 'Happy': 1.0349161848680066e-12, 'Neutral': 1.0, 'Other': 2.981601502356052e-15, 'Sad': 2.5583415594332415e-12, 'Surprised': 2.8768692072675406e-13, 'Unknown': 1.7210931911961803e-14}","Asking questions about the castle, about things about the castle. It was a long time ago, and I was not equipped for torture. I don't remember much."
TRAVIS,00:26:35,00:26:37,Neutral,"{'Angry': 0.0001853551366366446, 'Disgusted': 0.0003108024538960308, 'Fearful': 2.5031751647475176e-05, 'Happy': 0.00218901876360178, 'Neutral': 0.993601381778717, 'Other': 4.1897430492099375e-05, 'Sad': 0.000343593826983124, 'Surprised': 0.0032922327518463135, 'Unknown': 1.0640827895258553e-05}",Do you want them dead?
TALIESIN,00:26:37,00:26:40,Neutral,"{'Angry': 1.8124488576631848e-08, 'Disgusted': 6.477269387517026e-09, 'Fearful': 6.845588984560891e-09, 'Happy': 1.2633738606382394e-06, 'Neutral': 0.9999984502792358, 'Other': 6.628669835251344e-10, 'Sad': 2.3271674365332728e-07, 'Surprised': 4.000500553047459e-08, 'Unknown': 2.255687164831599e-10}",I think so.
LAURA,00:26:40,00:26:44,Happy,"{'Angry': 0.002132941735908389, 'Disgusted': 0.006381694693118334, 'Fearful': 0.0010142382234334946, 'Happy': 0.6014719009399414, 'Neutral': 0.3569163680076599, 'Other': 0.0038051349110901356, 'Sad': 0.006506525911390781, 'Surprised': 0.0044998652301728725, 'Unknown': 0.017271338030695915}",Should we interrogate them first? Find out more about your family?
TRAVIS,00:26:44,00:26:47,Neutral,"{'Angry': 2.1396148440544493e-05, 'Disgusted': 4.198817987344228e-05, 'Fearful': 1.704571332084015e-05, 'Happy': 0.000725720077753067, 'Neutral': 0.9550056457519531, 'Other': 9.743694135977421e-06, 'Sad': 0.04412161931395531, 'Surprised': 5.045702710049227e-05, 'Unknown': 6.3581564972992055e-06}",Or just skip ahead to the dead part?
TALIESIN,00:26:47,00:27:01,Happy,"{'Angry': 1.0650503590170501e-08, 'Disgusted': 2.055057812810901e-08, 'Fearful': 1.896768075937416e-08, 'Happy': 0.9999997615814209, 'Neutral': 1.0216857049272221e-07, 'Other': 3.6927683133569644e-09, 'Sad': 5.6213053767351084e-08, 'Surprised': 2.3414591154846676e-08, 'Unknown': 6.2501555042615564e-09}","I put down my gun, and I turn the barrel, and of the six barrels, five of them have names, and Lord and Lady Briarwood are two of those names. Dr. Ripley is another."
SAM,00:27:01,00:27:03,Happy,"{'Angry': 0.0006356259691528976, 'Disgusted': 0.0014558992115780711, 'Fearful': 0.0007160851964727044, 'Happy': 0.548913836479187, 'Neutral': 0.4324614703655243, 'Other': 0.0006959511083550751, 'Sad': 0.00183788500726223, 'Surprised': 0.0005906266160309315, 'Unknown': 0.01269256230443716}",What are the other ones?
TALIESIN,00:27:03,00:27:07,Neutral,"{'Angry': 0.0002919916878454387, 'Disgusted': 0.001067187637090683, 'Fearful': 0.000279075960861519, 'Happy': 0.058294642716646194, 'Neutral': 0.9049908518791199, 'Other': 0.0012154595460742712, 'Sad': 0.003346277866512537, 'Surprised': 1.9444283680059016e-05, 'Unknown': 0.03049515374004841}","Sir Stonefell is the other, and Professor Anders is the other, and then there's one blank one."
LAURA,00:27:07,00:27:10,Neutral,"{'Angry': 2.843663367002591e-07, 'Disgusted': 3.088171638410131e-07, 'Fearful': 5.363250465961755e-08, 'Happy': 3.811238275375217e-05, 'Neutral': 0.9999592304229736, 'Other': 2.9036055337883226e-08, 'Sad': 1.6857991340657463e-06, 'Surprised': 1.499126938142581e-07, 'Unknown': 4.1892061375392586e-08}",Are they all members of the same party? They travel with the Briarwoods?
TALIESIN,00:27:10,00:27:12,Neutral,"{'Angry': 1.4899333503071155e-11, 'Disgusted': 1.0114149101569936e-12, 'Fearful': 2.800835464163848e-13, 'Happy': 3.303891188410901e-11, 'Neutral': 1.0, 'Other': 6.843637256285368e-14, 'Sad': 3.253618555132398e-11, 'Surprised': 4.531273793684232e-12, 'Unknown': 5.797696307416333e-13}",I don't know.
MARISHA,00:27:12,00:27:23,Neutral,"{'Angry': 4.088894556275591e-09, 'Disgusted': 1.1946567346488024e-10, 'Fearful': 1.8798415948872993e-11, 'Happy': 6.749299785724361e-08, 'Neutral': 0.9999998807907104, 'Other': 2.280410886165707e-12, 'Sad': 2.4435660161969963e-09, 'Surprised': 5.737902375457793e-10, 'Unknown': 2.9268545052862915e-12}","Wait, what were the names? The Briarwoods, Ripley, Sir Kerrion Stonefell. Who is he?"
TALIESIN,00:27:23,00:27:25,Neutral,"{'Angry': 8.917480442960368e-08, 'Disgusted': 8.96779752679322e-08, 'Fearful': 4.752969218202452e-08, 'Happy': 6.495104685200204e-07, 'Neutral': 0.9999986886978149, 'Other': 3.048737085009634e-08, 'Sad': 1.1663320265142829e-07, 'Surprised': 6.8985976930946435e-09, 'Unknown': 3.155433603296842e-07}",He was the captain of their guard.
MARISHA,00:27:25,00:27:29,Neutral,"{'Angry': 1.818632809451326e-12, 'Disgusted': 6.94622649872502e-14, 'Fearful': 1.785967783439566e-14, 'Happy': 2.2139083101502255e-12, 'Neutral': 1.0, 'Other': 4.780552733866074e-15, 'Sad': 4.574536929813355e-12, 'Surprised': 5.795341420297695e-13, 'Unknown': 4.017607034274666e-14}",And Professor Anders? Who's that?
TALIESIN,00:27:29,00:27:44,Neutral,"{'Angry': 3.960166341989563e-14, 'Disgusted': 1.5534220028476549e-15, 'Fearful': 2.288131128576424e-16, 'Happy': 5.178159740186136e-14, 'Neutral': 1.0, 'Other': 4.3120022712904915e-16, 'Sad': 1.2519805613238344e-13, 'Surprised': 2.4449960082267332e-14, 'Unknown': 1.1755268296387397e-15}","Professor Anders was my teacher. He was my tutor, and he was in collusion with them, and he was the one that I believe allowed them to take the castle in the night."
MARISHA,00:27:44,00:27:49,Neutral,"{'Angry': 1.6410336201033715e-08, 'Disgusted': 8.909355919684003e-09, 'Fearful': 1.9866726042039318e-09, 'Happy': 3.028626451850869e-07, 'Neutral': 0.9999995231628418, 'Other': 6.360905580038434e-09, 'Sad': 7.859845396751552e-08, 'Surprised': 1.1427534474250933e-09, 'Unknown': 3.50216353695032e-08}",And do you remember why they were invited to Whitestone to begin with?
TALIESIN,00:27:49,00:28:05,Neutral,"{'Angry': 4.166995185863297e-14, 'Disgusted': 1.7278120047645672e-15, 'Fearful': 2.5701825121002655e-16, 'Happy': 5.719306050890743e-14, 'Neutral': 1.0, 'Other': 4.888525188322882e-16, 'Sad': 1.3734326176351175e-13, 'Surprised': 2.668682840629901e-14, 'Unknown': 1.359645851987815e-15}",They were traveling. They were on the road. It was my brother Julius and my sister Vesper who handled matters of court. I was studying. I didn't think.
MARISHA,00:28:05,00:28:08,Neutral,"{'Angry': 3.795561412910098e-14, 'Disgusted': 1.4468495879735397e-15, 'Fearful': 2.165334512281702e-16, 'Happy': 4.61134324898204e-14, 'Neutral': 1.0, 'Other': 4.511980397390127e-16, 'Sad': 1.3055265961174622e-13, 'Surprised': 2.238776858668433e-14, 'Unknown': 1.1652937187238421e-15}",And how many brothers and sisters do you have?
TALIESIN,00:28:08,00:28:11,Neutral,"{'Angry': 1.2410509953042492e-07, 'Disgusted': 1.9146543195347476e-07, 'Fearful': 3.713830309948207e-08, 'Happy': 2.1196658508415567e-06, 'Neutral': 0.9999969005584717, 'Other': 1.2643462810046913e-07, 'Sad': 1.7646026151396654e-07, 'Surprised': 7.823001624274184e-08, 'Unknown': 2.2855871861793275e-07}",I had six.
LAURA,00:28:11,00:28:14,Neutral,"{'Angry': 4.257419503744808e-12, 'Disgusted': 2.0293452519543759e-13, 'Fearful': 4.1406436520610365e-14, 'Happy': 5.5443193439086436e-12, 'Neutral': 1.0, 'Other': 1.5707539910143724e-14, 'Sad': 9.3189640032465e-12, 'Surprised': 1.3741330122385431e-12, 'Unknown': 6.120700734441042e-14}",You might have six. We don't know what happened to them.
MARISHA,00:28:14,00:28:18,Neutral,"{'Angry': 2.6604384402162395e-06, 'Disgusted': 5.9043777582701296e-06, 'Fearful': 2.8634490263357293e-06, 'Happy': 2.954994488391094e-05, 'Neutral': 0.9998916387557983, 'Other': 3.3484520827187225e-06, 'Sad': 1.7311927877017297e-05, 'Surprised': 1.4304102080586745e-07, 'Unknown': 4.657459066947922e-05}",You said you saw a few bodies of family?
TALIESIN,00:28:18,00:28:26,Happy,"{'Angry': 0.10792579501867294, 'Disgusted': 0.0010005813091993332, 'Fearful': 0.17047899961471558, 'Happy': 0.7100623250007629, 'Neutral': 7.589785673189908e-05, 'Other': 0.006828536745160818, 'Sad': 0.00017917068907991052, 'Surprised': 0.001492030220106244, 'Unknown': 0.0019567369017750025}",It's all very much a blur. (sighs) There's things you just forget.
SAM,00:28:26,00:28:37,Happy,"{'Angry': 1.5732429248238589e-10, 'Disgusted': 9.218382723830132e-10, 'Fearful': 1.8901658016545753e-09, 'Happy': 1.0, 'Neutral': 1.1921240661294519e-09, 'Other': 5.183983464718267e-09, 'Sad': 1.1504044827859161e-08, 'Surprised': 9.871657935534017e-10, 'Unknown': 1.0291169028064928e-09}","Well, this is certainly tragic, but looking forward, what do we know of this meeting? Event? Party? What are we doing?"
LAURA,00:28:37,00:28:40,Neutral,"{'Angry': 4.6956598331870936e-11, 'Disgusted': 3.63495106410483e-12, 'Fearful': 8.684054994198553e-13, 'Happy': 8.257675793155173e-11, 'Neutral': 1.0, 'Other': 3.561740746088615e-13, 'Sad': 7.609708002620508e-11, 'Surprised': 9.886891652599594e-12, 'Unknown': 2.285292181186671e-12}","Well, I think we need to do some spying."
SAM,00:28:40,00:28:44,Neutral,"{'Angry': 2.7968905945592593e-13, 'Disgusted': 8.338981767478174e-15, 'Fearful': 1.8938555557774725e-15, 'Happy': 3.11307674517175e-13, 'Neutral': 1.0, 'Other': 1.0940241547836285e-15, 'Sad': 1.0164353083166877e-12, 'Surprised': 9.141063015034867e-14, 'Unknown': 5.404938412253372e-15}","Well, do they know Percy's among us?"
LAURA,00:28:44,00:28:46,Angry,"{'Angry': 0.9999996423721313, 'Disgusted': 2.6003050379586057e-08, 'Fearful': 3.434293294191093e-09, 'Happy': 3.5284625710119144e-07, 'Neutral': 3.27105738051614e-08, 'Other': 7.692613213095001e-10, 'Sad': 5.778496348085582e-09, 'Surprised': 3.723193531257607e-09, 'Unknown': 1.9348515845063474e-10}",That's the thing. I don't know if they do.
TALIESIN,00:28:46,00:28:48,Angry,"{'Angry': 0.6580295562744141, 'Disgusted': 0.00011103902943432331, 'Fearful': 3.0092958695604466e-05, 'Happy': 0.00046393118100240827, 'Neutral': 0.33919674158096313, 'Other': 2.2964646632317454e-05, 'Sad': 0.0020986483432352543, 'Surprised': 2.2474963770946488e-05, 'Unknown': 2.4560431484133005e-05}",You don't have to get involved in this.
LAURA,00:28:48,00:28:50,Happy,"{'Angry': 3.532734660360859e-10, 'Disgusted': 6.690744069892673e-10, 'Fearful': 8.413801599882476e-11, 'Happy': 1.0, 'Neutral': 3.482606647509101e-09, 'Other': 8.311418220330324e-11, 'Sad': 3.965556216734001e-10, 'Surprised': 1.3986040103830533e-10, 'Unknown': 8.629745251731435e-10}","Oh, we are so involved."
TRAVIS,00:28:50,00:28:54,Neutral,"{'Angry': 4.552793472084593e-12, 'Disgusted': 3.538002410572588e-13, 'Fearful': 7.988077023847809e-14, 'Happy': 6.6395556587439675e-12, 'Neutral': 1.0, 'Other': 3.776000372839386e-14, 'Sad': 1.5272689363188263e-11, 'Surprised': 1.6819988327490543e-12, 'Unknown': 1.8374074505812799e-13}","(laughing) Yeah, we do. You said you want them dead."
LAURA,00:28:54,00:28:58,Neutral,"{'Angry': 4.63999939002719e-14, 'Disgusted': 1.9115291099801703e-15, 'Fearful': 2.8677380396302087e-16, 'Happy': 5.7848684338873e-14, 'Neutral': 1.0, 'Other': 5.394513024859447e-16, 'Sad': 1.4715767666928503e-13, 'Surprised': 2.834968452483308e-14, 'Unknown': 1.5293557851129105e-15}","We've got your back, darling."
LIAM,00:28:58,00:29:11,Neutral,"{'Angry': 0.009903360158205032, 'Disgusted': 0.005437327548861504, 'Fearful': 0.0004326443013269454, 'Happy': 0.0847940742969513, 'Neutral': 0.8564173579216003, 'Other': 0.002694712020456791, 'Sad': 0.0001975114137167111, 'Surprised': 0.00010952270531561226, 'Unknown': 0.04001350700855255}","Percival, you don't really have a choice in the matter. My sister and I know a little piece of your pain. I'm not going to get into it, but there's nothing she and I can do. We can find reparations for you. We will."
MARISHA,00:29:11,00:29:14,Happy,"{'Angry': 5.020970861302487e-10, 'Disgusted': 7.625243769737722e-10, 'Fearful': 8.87306061958526e-11, 'Happy': 1.0, 'Neutral': 1.4414277549334997e-09, 'Other': 1.6748105680086667e-10, 'Sad': 3.8217207176671764e-10, 'Surprised': 4.629559791080595e-10, 'Unknown': 1.431170321142261e-10}","Percy, is this what you want?"
TALIESIN,00:29:14,00:29:17,Happy,"{'Angry': 0.015106317587196827, 'Disgusted': 0.02673332765698433, 'Fearful': 0.0040464564226567745, 'Happy': 0.6553419232368469, 'Neutral': 0.2845916748046875, 'Other': 0.0022969061974436045, 'Sad': 0.009374662302434444, 'Surprised': 0.0018056809203699231, 'Unknown': 0.0007031324785202742}",There's only one way to find out.
TRAVIS,00:29:17,00:29:19,Angry,"{'Angry': 0.999803364276886, 'Disgusted': 3.96021187043516e-06, 'Fearful': 9.524438610242214e-06, 'Happy': 7.535389886470512e-05, 'Neutral': 3.6573008401319385e-05, 'Other': 7.241040975713986e-07, 'Sad': 6.211354047991335e-05, 'Surprised': 8.282003364001866e-06, 'Unknown': 1.7826215525929e-07}",Yeah.
SAM,00:29:19,00:29:25,Happy,"{'Angry': 0.24812418222427368, 'Disgusted': 0.003109999932348728, 'Fearful': 0.11158599704504013, 'Happy': 0.4846312999725342, 'Neutral': 0.038846854120492935, 'Other': 0.00045881906407885253, 'Sad': 0.010519168339669704, 'Surprised': 0.10260603576898575, 'Unknown': 0.00011762760550482199}","And if we kill them, how much will you pay us? Just kidding. We ask other people that."
LAURA,00:29:25,00:29:39,Happy,"{'Angry': 0.0008032968617044389, 'Disgusted': 0.009592658840119839, 'Fearful': 0.11830993741750717, 'Happy': 0.7019994258880615, 'Neutral': 0.010258780792355537, 'Other': 0.0028309670742601156, 'Sad': 0.002240926492959261, 'Surprised': 0.04748249053955078, 'Unknown': 0.1064816266298294}","Something I do need to know. Percy. If we see them, and we're not ready to show our faces, will you be able to contain yourself?"
TALIESIN,00:29:39,00:29:41,Angry,"{'Angry': 0.8103434443473816, 'Disgusted': 0.014476838521659374, 'Fearful': 0.001416199142113328, 'Happy': 0.007689595688134432, 'Neutral': 0.11440126597881317, 'Other': 4.9612499424256384e-05, 'Sad': 0.02089163102209568, 'Surprised': 0.03071635775268078, 'Unknown': 1.5043404346215539e-05}",I think so.
MARISHA,00:29:41,00:29:44,Fearful,"{'Angry': 0.007987260818481445, 'Disgusted': 0.004845506977289915, 'Fearful': 0.6502970457077026, 'Happy': 0.001341380295343697, 'Neutral': 0.0020695270504802465, 'Other': 4.882930443272926e-05, 'Sad': 0.1638038456439972, 'Surprised': 0.16957513988018036, 'Unknown': 3.143113644910045e-05}",And would they be able to recognize your face?
TALIESIN,00:29:44,00:29:48,Happy,"{'Angry': 4.81709030282218e-05, 'Disgusted': 4.0656486817169935e-05, 'Fearful': 8.14192844700301e-06, 'Happy': 0.9905571937561035, 'Neutral': 0.009011877700686455, 'Other': 4.590955086314352e-06, 'Sad': 0.0002976159448735416, 'Surprised': 2.6501769752940163e-05, 'Unknown': 5.357791451388039e-06}",Which is why I was planning on-- I know we have a cap of disguise.
TRAVIS,00:29:48,00:29:49,Happy,"{'Angry': 0.12359202653169632, 'Disgusted': 0.16275647282600403, 'Fearful': 0.009900223463773727, 'Happy': 0.6543232798576355, 'Neutral': 0.0383029580116272, 'Other': 0.00021617463789880276, 'Sad': 0.009904690086841583, 'Surprised': 0.0008083667489700019, 'Unknown': 0.0001958316715899855}",Oh! We do.
LAURA,00:29:49,00:29:51,Neutral,"{'Angry': 9.90376156551065e-06, 'Disgusted': 1.1537903219505097e-06, 'Fearful': 5.628457415696175e-07, 'Happy': 5.7244094932684675e-05, 'Neutral': 0.9999260902404785, 'Other': 8.485637863486772e-07, 'Sad': 1.3885284033676726e-06, 'Surprised': 1.6019218946894398e-06, 'Unknown': 1.3421011999525945e-06}",Scanlan has it.
TALIESIN,00:29:51,00:29:55,Neutral,"{'Angry': 1.0346916496928316e-06, 'Disgusted': 2.1178173881253315e-08, 'Fearful': 1.9665060690954306e-09, 'Happy': 9.144825526163913e-06, 'Neutral': 0.9999896287918091, 'Other': 2.65341526528573e-09, 'Sad': 8.10985056887148e-08, 'Surprised': 1.3828270084559335e-08, 'Unknown': 6.007594421930662e-09}",I don't even know if they would recognize me. My hair was different.
LAURA,00:29:55,00:29:58,Neutral,"{'Angry': 0.003977441228926182, 'Disgusted': 0.005165531300008297, 'Fearful': 0.001166262198239565, 'Happy': 0.004179690964519978, 'Neutral': 0.9776833057403564, 'Other': 0.0003038075228687376, 'Sad': 0.0009218870545737445, 'Surprised': 0.0003970284014940262, 'Unknown': 0.0062049212865531445}",Less purple?
SAM,00:29:58,00:30:06,Neutral,"{'Angry': 1.1013573001728352e-13, 'Disgusted': 4.475743692631878e-15, 'Fearful': 8.462869229860061e-16, 'Happy': 1.5517356280123074e-13, 'Neutral': 1.0, 'Other': 7.744723992233527e-16, 'Sad': 4.2238112421717766e-13, 'Surprised': 5.491397267465281e-14, 'Unknown': 2.9469436670114847e-15}","We could go into town, and find you a bushy mustache. It's worked for me many times."
TALIESIN,00:30:06,00:30:08,Neutral,"{'Angry': 3.2193902654853446e-08, 'Disgusted': 1.3247276164918276e-08, 'Fearful': 4.707389589242439e-09, 'Happy': 7.517998028561124e-07, 'Neutral': 0.9999990463256836, 'Other': 2.134968202227583e-09, 'Sad': 7.909694232921538e-08, 'Surprised': 1.7209918823368753e-08, 'Unknown': 3.561622552439303e-09}",I don't think I wear one as well as you do.
LIAM,00:30:08,00:30:11,Neutral,"{'Angry': 1.0474620476541574e-10, 'Disgusted': 2.3583491062795225e-11, 'Fearful': 5.54938733854371e-12, 'Happy': 6.23738671823304e-10, 'Neutral': 1.0, 'Other': 5.067898791594194e-12, 'Sad': 5.67966063069747e-10, 'Surprised': 7.681557473437906e-11, 'Unknown': 1.3479232487123571e-11}",How does that cap work?
SAM,00:30:11,00:30:24,Neutral,"{'Angry': 2.1773940072841724e-13, 'Disgusted': 8.36928945336388e-15, 'Fearful': 1.5650741057074403e-15, 'Happy': 2.9073851616143176e-13, 'Neutral': 1.0, 'Other': 1.2271060539288431e-15, 'Sad': 7.185341731330563e-13, 'Surprised': 8.842838299712857e-14, 'Unknown': 6.090581936902574e-15}","Well, that cap is more of a hat. While wearing this hat you can use an action to cast Disguise spell. Oh. Cast a Disguise spell? Do you have to be a spellcaster to use it?"
MATT,00:30:24,00:30:25,Neutral,"{'Angry': 0.0194304920732975, 'Disgusted': 0.0046121287159621716, 'Fearful': 0.0006256891065277159, 'Happy': 0.008904377929866314, 'Neutral': 0.9400970339775085, 'Other': 4.5957491238368675e-05, 'Sad': 0.025601521134376526, 'Surprised': 0.000641982420347631, 'Unknown': 4.0800739952828735e-05}","You do not have to, no."
SAM,00:30:25,00:30:27,Neutral,"{'Angry': 1.053465426004152e-09, 'Disgusted': 2.766388229602512e-10, 'Fearful': 2.5111390397625222e-11, 'Happy': 3.1651063991944284e-09, 'Neutral': 1.0, 'Other': 3.5573995138538095e-11, 'Sad': 2.1259651816762926e-09, 'Surprised': 1.7748295888520005e-10, 'Unknown': 8.181125221717878e-11}",Okay.
TRAVIS,00:30:27,00:30:31,Neutral,"{'Angry': 0.00015474276733584702, 'Disgusted': 0.00013817341823596507, 'Fearful': 9.514237717667129e-06, 'Happy': 5.104514639242552e-05, 'Neutral': 0.9991002082824707, 'Other': 6.837282853666693e-05, 'Sad': 0.00015930758672766387, 'Surprised': 2.8909998945891857e-06, 'Unknown': 0.0003157986793667078}",I see a shiny tool. I don't know what it does.
MATT,00:30:31,00:30:41,Neutral,"{'Angry': 1.286443824730088e-13, 'Disgusted': 4.230700449122998e-15, 'Fearful': 7.22890739713526e-16, 'Happy': 1.6889129526333202e-13, 'Neutral': 1.0, 'Other': 5.581252555389091e-16, 'Sad': 3.63501844726985e-13, 'Surprised': 5.591721882617154e-14, 'Unknown': 2.371642277368153e-15}","You reach over and grab it, and it's a large set of tongs, used for gripping large, heavy pieces of metal, either for the actual forge itself, or to bend and manipulate on the workbench."
TRAVIS,00:30:41,00:30:44,Neutral,"{'Angry': 4.653054330727713e-10, 'Disgusted': 1.3413301025444468e-10, 'Fearful': 3.7009163095236275e-11, 'Happy': 2.9947766488902516e-09, 'Neutral': 1.0, 'Other': 1.9453865601759546e-11, 'Sad': 2.35732144915346e-09, 'Surprised': 1.0050985738141449e-10, 'Unknown': 7.986626637812577e-11}",I take it (yawns) and put it in the Bag of Holding.
MATT,00:30:44,00:30:47,Neutral,"{'Angry': 2.3302405338654353e-07, 'Disgusted': 3.6788151192013174e-07, 'Fearful': 1.3019460709529085e-07, 'Happy': 5.3869989642407745e-06, 'Neutral': 0.9999915361404419, 'Other': 2.1486762591393926e-07, 'Sad': 5.204741455600015e-07, 'Surprised': 1.7975191113350775e-08, 'Unknown': 1.7151085103250807e-06}",Make a sleight of hand check.
MARISHA,00:30:47,00:30:51,Neutral,"{'Angry': 3.922644847831336e-11, 'Disgusted': 4.917150887850941e-12, 'Fearful': 1.3479456266451972e-12, 'Happy': 2.331550230660895e-10, 'Neutral': 1.0, 'Other': 3.731668836784441e-13, 'Sad': 1.587409648173832e-10, 'Surprised': 1.3096579376536965e-11, 'Unknown': 1.6940209001184425e-12}",Stealing from the workshop that you partially own?
TRAVIS,00:30:51,00:30:54,Other,"{'Angry': 0.0030713146552443504, 'Disgusted': 0.3597496747970581, 'Fearful': 0.00048266997328028083, 'Happy': 0.012330157682299614, 'Neutral': 0.006661675404757261, 'Other': 0.39552998542785645, 'Sad': 0.0005503545398823917, 'Surprised': 0.2212727963924408, 'Unknown': 0.0003514403651934117}",There are lots of cool stuff in there! What was the check?
MATT,00:30:54,00:30:56,Surprised,"{'Angry': 3.58350030182919e-06, 'Disgusted': 3.936026041628793e-05, 'Fearful': 5.529032932827249e-06, 'Happy': 5.604738362308126e-06, 'Neutral': 1.542543395771645e-05, 'Other': 2.0735535599669674e-06, 'Sad': 8.227607395383529e-07, 'Surprised': 0.999927282333374, 'Unknown': 2.249225730110993e-07}",Sleight of hand.
TRAVIS,00:30:56,00:30:58,Sad,"{'Angry': 0.045962072908878326, 'Disgusted': 0.0052508204244077206, 'Fearful': 0.09102853387594223, 'Happy': 0.08332382142543793, 'Neutral': 0.14120306074619293, 'Other': 0.0008686890942044556, 'Sad': 0.45316001772880554, 'Surprised': 0.17863814532756805, 'Unknown': 0.0005648491787724197}",Where's sleight of hand-- 17!
LAURA,00:30:58,00:31:05,Neutral,"{'Angry': 2.6474253900232725e-05, 'Disgusted': 8.61961416376289e-06, 'Fearful': 1.871789663709933e-06, 'Happy': 0.0008947430178523064, 'Neutral': 0.998916506767273, 'Other': 7.485855348932091e-07, 'Sad': 0.00014898096560500562, 'Surprised': 1.3696997029910563e-06, 'Unknown': 6.303607733570971e-07}",My passive perception is 21.
TALIESIN,00:31:05,00:31:10,Neutral,"{'Angry': 0.018724150955677032, 'Disgusted': 0.00467262789607048, 'Fearful': 0.0060150958597660065, 'Happy': 0.05555334687232971, 'Neutral': 0.8770294785499573, 'Other': 5.150894867256284e-05, 'Sad': 0.03547845780849457, 'Surprised': 0.0020651461090892553, 'Unknown': 0.00041026901453733444}","No, this could be funny, let this happen."
LAURA,00:31:10,00:31:13,Neutral,"{'Angry': 7.819616620885483e-10, 'Disgusted': 6.161968157947229e-10, 'Fearful': 1.2749162836556138e-10, 'Happy': 5.24502361543e-08, 'Neutral': 1.0, 'Other': 8.135236234663168e-11, 'Sad': 2.2959920187304306e-08, 'Surprised': 1.05958741780654e-09, 'Unknown': 9.885332136194691e-11}",I give him the evil eye.
MATT,00:31:13,00:31:15,Neutral,"{'Angry': 1.597439869271966e-08, 'Disgusted': 1.4862254538172692e-08, 'Fearful': 5.202832387141143e-09, 'Happy': 3.316555705623614e-07, 'Neutral': 0.9999996423721313, 'Other': 3.7598741897681975e-09, 'Sad': 5.204840292094559e-08, 'Surprised': 3.0530209471635317e-09, 'Unknown': 3.264251446921662e-08}",She gives you the evil eye.
TRAVIS,00:31:15,00:31:17,Neutral,"{'Angry': 0.00010562765237409621, 'Disgusted': 6.78411015542224e-05, 'Fearful': 4.8996356781572104e-05, 'Happy': 0.00042960987775586545, 'Neutral': 0.9979275465011597, 'Other': 1.4015646229381673e-05, 'Sad': 0.0005418176297098398, 'Surprised': 0.0008608351927250624, 'Unknown': 3.6503467981674476e-06}",It hurts. I put it back.
TALIESIN,00:31:17,00:31:22,Happy,"{'Angry': 0.0004582865512929857, 'Disgusted': 0.0016098550986498594, 'Fearful': 8.871260070009157e-05, 'Happy': 0.9496393799781799, 'Neutral': 0.045405030250549316, 'Other': 0.0006318114465102553, 'Sad': 0.0009358562529087067, 'Surprised': 0.0006605080561712384, 'Unknown': 0.000570537697058171}","Out of curiosity, what did you pick up, what did it look like?"
TRAVIS,00:31:22,00:31:25,Neutral,"{'Angry': 0.00015928300854284316, 'Disgusted': 0.0002659335150383413, 'Fearful': 0.0004201387637294829, 'Happy': 0.009362324140965939, 'Neutral': 0.9879889488220215, 'Other': 1.7650629160925746e-05, 'Sad': 0.001161950291134417, 'Surprised': 0.0005932148778811097, 'Unknown': 3.0518032872350886e-05}","It was a big thing of tongs. I didn't know what it did, I just wanted it."
TALIESIN,00:31:25,00:31:43,Neutral,"{'Angry': 2.131567816832103e-05, 'Disgusted': 6.75668525218498e-06, 'Fearful': 1.298839492847037e-06, 'Happy': 0.001708857947960496, 'Neutral': 0.9981854557991028, 'Other': 7.362284009104769e-07, 'Sad': 1.2608350516529754e-05, 'Surprised': 6.287220458034426e-05, 'Unknown': 1.5195713842786063e-07}",A big thing of tongs? What would I have to roll to find out if it was covered in some basic sulfuric acid? If it was one of the things I was using for casting.
MATT,00:31:43,00:31:52,Neutral,"{'Angry': 0.00015233609883580357, 'Disgusted': 0.0001467754045734182, 'Fearful': 3.669556463137269e-05, 'Happy': 0.002863311441615224, 'Neutral': 0.9953035116195679, 'Other': 0.0001042072763084434, 'Sad': 0.00021585391368716955, 'Surprised': 4.163347966823494e-06, 'Unknown': 0.0011731265112757683}","Ah, interesting. You know your tools very well in your workshop, and yeah, the metal is scarred and pockmarked from use with the various corrosive chemicals."
TALIESIN,00:31:52,00:31:58,Neutral,"{'Angry': 0.0003768273745663464, 'Disgusted': 0.0007786420756019652, 'Fearful': 8.084886212600395e-05, 'Happy': 0.0006624730303883553, 'Neutral': 0.9966428279876709, 'Other': 0.0005790229770354927, 'Sad': 0.00035202340222895145, 'Surprised': 0.00043361313873901963, 'Unknown': 9.377479000249878e-05}",That'll take about ten minutes to take effect. All right. (gasping)
ORION,00:31:58,00:32:00,Neutral,"{'Angry': 0.00012728595174849033, 'Disgusted': 0.00011058973905164748, 'Fearful': 2.9416176403174177e-05, 'Happy': 0.0005193580873310566, 'Neutral': 0.9984369874000549, 'Other': 6.0798429331043735e-06, 'Sad': 0.0006904414622113109, 'Surprised': 7.507214468205348e-05, 'Unknown': 4.797197561856592e-06}",Stupid.
LAURA,00:32:00,00:32:04,Neutral,"{'Angry': 2.3556915039080195e-05, 'Disgusted': 2.7302676244289614e-06, 'Fearful': 4.235406549923937e-07, 'Happy': 2.6766781502374215e-06, 'Neutral': 0.9999642372131348, 'Other': 4.385926786198979e-07, 'Sad': 3.2791281228128355e-06, 'Surprised': 1.0169018338501701e-07, 'Unknown': 2.5425044896110194e-06}",You're not there.
SAM,00:32:04,00:32:12,Neutral,"{'Angry': 5.421098103397526e-05, 'Disgusted': 4.582714245771058e-05, 'Fearful': 5.338830305845477e-06, 'Happy': 6.442466838052496e-05, 'Neutral': 0.9996652603149414, 'Other': 2.2164829715620726e-05, 'Sad': 2.06930981221376e-05, 'Surprised': 1.293020090997743e-06, 'Unknown': 0.00012080454325769097}","Well this Hat of Disguise, Percival, it requires some attunement. I don't know how capable you are with magical items."
TALIESIN,00:32:12,00:32:15,Neutral,"{'Angry': 1.153840217815727e-10, 'Disgusted': 1.56836141296246e-11, 'Fearful': 3.441640201995444e-12, 'Happy': 2.271119819985401e-10, 'Neutral': 1.0, 'Other': 1.3235036981293358e-12, 'Sad': 3.54552665005059e-10, 'Surprised': 2.8179266212124965e-11, 'Unknown': 4.236060287265975e-12}",I can find out.
LIAM,00:32:15,00:32:26,Sad,"{'Angry': 0.030981171876192093, 'Disgusted': 0.0031393677927553654, 'Fearful': 0.0001878979237517342, 'Happy': 0.00010908891272265464, 'Neutral': 0.016204170882701874, 'Other': 1.6476013115607202e-05, 'Sad': 0.9449111223220825, 'Surprised': 0.004447840619832277, 'Unknown': 2.948897190435673e-06}",We got seven days. I can make you look like anything. I can talk to the right people and get you the right paperwork and you can be anyone and no one will know a fucking difference.
MARISHA,00:32:26,00:32:28,Neutral,"{'Angry': 2.3156386530498452e-11, 'Disgusted': 2.740326845648844e-12, 'Fearful': 6.546522763987983e-13, 'Happy': 5.2339726303030076e-11, 'Neutral': 1.0, 'Other': 3.142853544687435e-13, 'Sad': 7.103709981359785e-11, 'Surprised': 7.089277949401396e-12, 'Unknown': 1.223340764626435e-12}",Calm down there.
TALIESIN,00:32:28,00:32:31,Neutral,"{'Angry': 3.0457504180958495e-06, 'Disgusted': 1.6165864735739888e-06, 'Fearful': 1.112924678636773e-06, 'Happy': 1.6205636711674742e-05, 'Neutral': 0.9999674558639526, 'Other': 9.076136393559864e-07, 'Sad': 7.403675681416644e-06, 'Surprised': 1.7624978454477969e-06, 'Unknown': 5.532280056286254e-07}","I can forge paperwork, as well."
LAURA,00:32:31,00:32:34,Unknown,"{'Angry': 0.0024503187742084265, 'Disgusted': 0.013809365220367908, 'Fearful': 0.027842581272125244, 'Happy': 0.350816547870636, 'Neutral': 0.1624477207660675, 'Other': 0.0007091043516993523, 'Sad': 0.009158185683190823, 'Surprised': 0.0003344998985994607, 'Unknown': 0.43243172764778137}","Oh yes, he can. He's actually the guy we go to."
MARISHA,00:32:34,00:32:38,Surprised,"{'Angry': 0.016315337270498276, 'Disgusted': 0.0017893266631290317, 'Fearful': 0.0005582015728577971, 'Happy': 0.4491444230079651, 'Neutral': 0.009164546616375446, 'Other': 0.00011406184785300866, 'Sad': 0.001307294238358736, 'Surprised': 0.5215383768081665, 'Unknown': 6.840170681243762e-05}",He is that guy you meet on the corner of Sandy Alley.
SAM,00:32:38,00:32:43,Neutral,"{'Angry': 5.906199618266328e-08, 'Disgusted': 6.705797694905868e-09, 'Fearful': 1.1936849286797724e-09, 'Happy': 0.00010461615602253005, 'Neutral': 0.9998950958251953, 'Other': 1.4384361757269204e-10, 'Sad': 1.0806416383957185e-07, 'Surprised': 1.7063243262782635e-08, 'Unknown': 7.872548168919025e-10}",I can make us all into birds.
TRAVIS,00:32:43,00:32:45,Neutral,"{'Angry': 2.5844325790558287e-08, 'Disgusted': 2.9169170190357363e-08, 'Fearful': 5.154186411004957e-09, 'Happy': 1.3757329497821047e-07, 'Neutral': 0.9999995231628418, 'Other': 6.421564613390274e-09, 'Sad': 6.181960543472087e-08, 'Surprised': 1.0676536099651912e-08, 'Unknown': 3.788338531762747e-08}",Are we supposed to go meet with the council right away?
TALIESIN,00:32:45,00:32:47,Neutral,"{'Angry': 7.752177771180868e-05, 'Disgusted': 7.13410236130585e-06, 'Fearful': 1.3498895441443892e-06, 'Happy': 8.980149686976802e-06, 'Neutral': 0.9998902082443237, 'Other': 1.1141120239699376e-06, 'Sad': 1.0166918400500435e-05, 'Surprised': 3.5724602298614627e-07, 'Unknown': 3.0500405046041124e-06}","No, in a week."
SAM,00:32:47,00:32:50,Neutral,"{'Angry': 1.3181180236188084e-07, 'Disgusted': 2.3394452597358395e-08, 'Fearful': 3.7124785468023447e-09, 'Happy': 1.5698365984917473e-07, 'Neutral': 0.9999996423721313, 'Other': 6.908598138011257e-09, 'Sad': 4.532301289827956e-08, 'Surprised': 3.771768675164822e-09, 'Unknown': 2.1629773527820362e-08}",What do we do in the week? Prepare. Recon?
LAURA,00:32:50,00:32:55,Neutral,"{'Angry': 1.4152489076491026e-11, 'Disgusted': 8.117558816973791e-13, 'Fearful': 2.4880851502359635e-13, 'Happy': 4.148642193668728e-11, 'Neutral': 1.0, 'Other': 3.021996037742489e-14, 'Sad': 4.008787746201392e-11, 'Surprised': 4.964457664402566e-12, 'Unknown': 5.019268421030398e-13}",We can do things. How long of a ride is it to Kraghammer?
MATT,00:32:55,00:32:59,Neutral,"{'Angry': 5.130044392759325e-12, 'Disgusted': 2.927741057402733e-13, 'Fearful': 8.268853538082738e-14, 'Happy': 1.1108522088298933e-11, 'Neutral': 1.0, 'Other': 2.6216872504305697e-14, 'Sad': 1.8445127369925984e-11, 'Surprised': 1.4913229071794598e-12, 'Unknown': 1.8416987227799775e-13}","To Kraghammer, on horseback? It's about two and a half days."
LAURA,00:32:59,00:33:00,Neutral,"{'Angry': 0.0002679908648133278, 'Disgusted': 0.0008348889532499015, 'Fearful': 6.727493746438995e-05, 'Happy': 0.0013620838290080428, 'Neutral': 0.9961024522781372, 'Other': 7.743187597952783e-05, 'Sad': 0.00010089076386066154, 'Surprised': 9.259214493795298e-06, 'Unknown': 0.001177732483483851}","Solo style, if you're fast, and back?"
MATT,00:33:00,00:33:07,Happy,"{'Angry': 0.02389432303607464, 'Disgusted': 0.008966311812400818, 'Fearful': 0.0034014307893812656, 'Happy': 0.8200728297233582, 'Neutral': 0.05970626696944237, 'Other': 0.002910766052082181, 'Sad': 0.07191265374422073, 'Surprised': 0.005125198978930712, 'Unknown': 0.004010191187262535}","Fast and back? I'd say just under two days, probably."
TALIESIN,00:33:07,00:33:08,Neutral,"{'Angry': 0.014255382120609283, 'Disgusted': 0.019689176231622696, 'Fearful': 0.002158048562705517, 'Happy': 0.47351258993148804, 'Neutral': 0.4810062050819397, 'Other': 0.0006773846107535064, 'Sad': 0.001073152176104486, 'Surprised': 0.0031106839887797832, 'Unknown': 0.004517275840044022}",How about the giant eagle flies?
MARISHA,00:33:08,00:33:10,Angry,"{'Angry': 0.9799298048019409, 'Disgusted': 0.003634090069681406, 'Fearful': 0.0007986889686435461, 'Happy': 0.0004063327214680612, 'Neutral': 0.011378100141882896, 'Other': 1.4666116840089671e-05, 'Sad': 0.0037690913304686546, 'Surprised': 3.1372448574984446e-05, 'Unknown': 3.782136627705768e-05}","Yeah, what if you're flying?"
MATT,00:33:10,00:33:15,Neutral,"{'Angry': 0.0005128386546857655, 'Disgusted': 0.000540645734872669, 'Fearful': 0.0001290829386562109, 'Happy': 0.004521309398114681, 'Neutral': 0.9857880473136902, 'Other': 0.0012059222208335996, 'Sad': 0.002000703476369381, 'Surprised': 7.587056461488828e-05, 'Unknown': 0.005225578788667917}","I'd say, well, the horse is probably a little bit faster than the eagle."
LAURA,00:33:15,00:33:17,Neutral,"{'Angry': 0.1126476600766182, 'Disgusted': 0.014006623066961765, 'Fearful': 0.22908884286880493, 'Happy': 0.016674809157848358, 'Neutral': 0.40367862582206726, 'Other': 5.3571675380226225e-05, 'Sad': 0.009255425073206425, 'Surprised': 0.21446682512760162, 'Unknown': 0.00012768107990268618}",But you don't have to stick to the road as an eagle.
MATT,00:33:17,00:33:31,Happy,"{'Angry': 2.7165881419932703e-06, 'Disgusted': 5.0609382924449164e-06, 'Fearful': 3.6972699035686674e-06, 'Happy': 0.9999500513076782, 'Neutral': 3.915876732207835e-06, 'Other': 1.2314189007156529e-05, 'Sad': 7.779196494084317e-06, 'Surprised': 1.0822090189321898e-05, 'Unknown': 3.6106757761444896e-06}","I'd say it'd put you there about the same pace, about two days on eagle, because you can just go straight through. I mean, you want to take the road because you know that there's a lot of dangerous things that wander the wild that are between there."
LAURA,00:33:31,00:33:43,Neutral,"{'Angry': 3.879742638268624e-10, 'Disgusted': 2.229299557454656e-11, 'Fearful': 7.357551200237733e-12, 'Happy': 4.690141608421072e-09, 'Neutral': 1.0, 'Other': 1.2513628371360608e-12, 'Sad': 1.2321098585843515e-09, 'Surprised': 4.043106682782849e-10, 'Unknown': 2.2027464487844872e-12}",What do you think? Is it stupid to go and ride hard and try to get there and back before--?
SAM,00:33:43,00:33:46,Neutral,"{'Angry': 3.802722048362739e-08, 'Disgusted': 5.040325845584448e-08, 'Fearful': 2.1718728149267008e-08, 'Happy': 3.0399894512811443e-07, 'Neutral': 0.9999992847442627, 'Other': 3.2237359448572533e-08, 'Sad': 2.597950583549391e-07, 'Surprised': 5.34844524224809e-09, 'Unknown': 1.1455695414497313e-07}","Wait, we're going to get cash and come back?"
LAURA,00:33:46,00:33:51,Neutral,"{'Angry': 4.650622940971516e-05, 'Disgusted': 1.4645177088823402e-06, 'Fearful': 1.3054117289357237e-06, 'Happy': 4.144394551985897e-06, 'Neutral': 0.9999285936355591, 'Other': 4.897447070106864e-07, 'Sad': 1.480662922404008e-05, 'Surprised': 2.329564040337573e-06, 'Unknown': 3.8290966131171444e-07}",We don't all have to go. A couple of us can make a fast ride.
MARISHA,00:33:51,00:33:56,Neutral,"{'Angry': 2.4493086669963304e-08, 'Disgusted': 7.197792228907929e-08, 'Fearful': 4.127923958208157e-08, 'Happy': 2.566135322012997e-07, 'Neutral': 0.9999988079071045, 'Other': 1.5088494365045335e-07, 'Sad': 3.480341490558203e-07, 'Surprised': 4.677388254492598e-09, 'Unknown': 3.0211270996005624e-07}","Tiberius is working on it, I have a feeling deep down inside."
ORION,00:33:56,00:34:01,Neutral,"{'Angry': 3.472010873251108e-11, 'Disgusted': 3.3045387173163965e-12, 'Fearful': 1.1351100181328233e-12, 'Happy': 9.101428638524922e-11, 'Neutral': 1.0, 'Other': 2.764658890274524e-13, 'Sad': 3.8425812531883707e-10, 'Surprised': 1.2309059153892132e-11, 'Unknown': 1.2107567552710474e-12}",(laughs) Why would you say that?
MATT,00:34:01,00:34:04,Happy,"{'Angry': 0.00035998597741127014, 'Disgusted': 8.016089122975245e-05, 'Fearful': 5.166996743355412e-06, 'Happy': 0.9993696808815002, 'Neutral': 6.877796113258228e-05, 'Other': 3.799616024480201e-05, 'Sad': 9.823347681958694e-06, 'Surprised': 6.590930570382625e-05, 'Unknown': 2.4880578166630585e-06}",You know I deduct points for metagaming.
ORION,00:34:04,00:34:06,Happy,"{'Angry': 7.135162682914142e-09, 'Disgusted': 7.749848407456739e-08, 'Fearful': 2.2953338785214328e-08, 'Happy': 0.9999994039535522, 'Neutral': 2.9476510121639876e-07, 'Other': 2.7872886221302906e-08, 'Sad': 7.283892244913659e-08, 'Surprised': 2.845517421690147e-08, 'Unknown': 7.49122293086657e-08}",I didn't do anything!
TALIESIN,00:34:06,00:34:09,Unknown,"{'Angry': 0.0004528486751951277, 'Disgusted': 0.007218332961201668, 'Fearful': 0.015309297479689121, 'Happy': 0.17294730246067047, 'Neutral': 0.12566398084163666, 'Other': 0.00023275155399460346, 'Sad': 0.0028249488677829504, 'Surprised': 2.3398852135869674e-05, 'Unknown': 0.6753271818161011}",I agree we should send someone for the money. I agree.
SAM,00:34:09,00:34:14,Happy,"{'Angry': 0.0071429358795285225, 'Disgusted': 0.001131452270783484, 'Fearful': 0.005883070640265942, 'Happy': 0.960688591003418, 'Neutral': 0.0025744920130819082, 'Other': 0.00039043815922923386, 'Sad': 0.0017825793474912643, 'Surprised': 2.802834933390841e-05, 'Unknown': 0.020378397777676582}",And it won't take us a whole week to prepare for this party. All we need is a couple disguises.
MARISHA,00:34:14,00:34:17,Neutral,"{'Angry': 2.4121918613673188e-05, 'Disgusted': 1.1432680366851855e-05, 'Fearful': 1.6234282611549133e-06, 'Happy': 0.03815436735749245, 'Neutral': 0.9616312980651855, 'Other': 5.180874723009765e-06, 'Sad': 0.00015841877029743046, 'Surprised': 4.3953664317086805e-06, 'Unknown': 9.071290151041467e-06}","Yeah, but we need to do research. You barely know who the Briarwoods are."
LIAM,00:34:17,00:34:34,Happy,"{'Angry': 0.0010927908588200808, 'Disgusted': 0.005302471574395895, 'Fearful': 0.0009645611862652004, 'Happy': 0.6690613627433777, 'Neutral': 0.1812160760164261, 'Other': 0.008663873188197613, 'Sad': 0.006643553264439106, 'Surprised': 6.380720878951252e-05, 'Unknown': 0.12699152529239655}","We don't know if these people are straight up gangster, or if there's something supernatural, seriously supernatural, about them. That hat would probably work on 80% of people, but I don't know. We don't know anything about them."
MARISHA,00:34:34,00:34:37,Neutral,"{'Angry': 4.4581116753761307e-07, 'Disgusted': 1.0364848321842146e-06, 'Fearful': 8.348285405190836e-07, 'Happy': 7.781223757774569e-06, 'Neutral': 0.9999760389328003, 'Other': 5.34382991190796e-07, 'Sad': 2.620400209707441e-06, 'Surprised': 2.5430095362821703e-08, 'Unknown': 1.0685243069019634e-05}","Well, they're not going to recognize any of us, are they?"
SAM,00:34:37,00:34:39,Neutral,"{'Angry': 9.414831761422882e-12, 'Disgusted': 5.140825916002956e-13, 'Fearful': 1.7907952952565115e-13, 'Happy': 1.4977687493034075e-11, 'Neutral': 1.0, 'Other': 4.415829410030908e-14, 'Sad': 2.5820158511269398e-11, 'Surprised': 7.617953143301825e-12, 'Unknown': 4.3112770840326997e-13}",We could go do some recon.
TRAVIS,00:34:39,00:34:42,Neutral,"{'Angry': 2.2763332196973352e-07, 'Disgusted': 1.4579428864180954e-07, 'Fearful': 1.2650578185002814e-07, 'Happy': 4.510594862949802e-06, 'Neutral': 0.9999929666519165, 'Other': 4.263170296781027e-07, 'Sad': 1.2374184734653682e-06, 'Surprised': 2.963710130643449e-07, 'Unknown': 1.8398759493720718e-07}","Besides, have we seen all the brothels in Emon? I don't think so."
SAM,00:34:42,00:34:51,Neutral,"{'Angry': 9.766547736944631e-05, 'Disgusted': 2.6084992441610666e-06, 'Fearful': 3.5971837064607826e-07, 'Happy': 1.1102292774012312e-05, 'Neutral': 0.9998594522476196, 'Other': 4.125529073917278e-07, 'Sad': 5.874907856195932e-06, 'Surprised': 2.2478767277789302e-05, 'Unknown': 1.307299157815578e-07}","We should do some research, some reconnaissance while someone goes for the money."
LAURA,00:34:51,00:34:56,Neutral,"{'Angry': 9.22776663969671e-08, 'Disgusted': 3.8717100636631585e-08, 'Fearful': 6.813293484952965e-09, 'Happy': 1.0310392184464945e-07, 'Neutral': 0.9999997615814209, 'Other': 1.0791517013331031e-08, 'Sad': 4.119865693041902e-08, 'Surprised': 9.704962167234044e-09, 'Unknown': 1.5509165507410216e-08}",Or should we wait? I really want the money.
TALIESIN,00:34:56,00:34:59,Neutral,"{'Angry': 1.0814297723982236e-07, 'Disgusted': 4.2952933654305525e-08, 'Fearful': 5.626219490295625e-09, 'Happy': 1.1804152109107235e-06, 'Neutral': 0.9999985694885254, 'Other': 1.6273331127081292e-08, 'Sad': 7.50534709936801e-08, 'Surprised': 8.970632237037535e-09, 'Unknown': 4.105270434706654e-08}",People get married in my family for money. I think it's perfectly reasonable.
SAM,00:34:59,00:35:02,Neutral,"{'Angry': 1.4518112189873533e-12, 'Disgusted': 5.791824268450152e-14, 'Fearful': 1.3568849480962396e-14, 'Happy': 1.710227662612973e-12, 'Neutral': 1.0, 'Other': 5.19837418147236e-15, 'Sad': 4.027462825045847e-12, 'Surprised': 4.022854098451045e-13, 'Unknown': 3.510668318551513e-14}","Listen, we could all go get the money and be back in four days, right?"
LAURA,00:35:02,00:35:05,Neutral,"{'Angry': 5.892671310903097e-07, 'Disgusted': 1.2939199223183095e-07, 'Fearful': 3.6589526075658796e-08, 'Happy': 1.6963248299362021e-06, 'Neutral': 0.9999970197677612, 'Other': 3.967182493624932e-08, 'Sad': 3.5199968806409743e-07, 'Surprised': 5.086904408813098e-08, 'Unknown': 1.652712171562598e-07}","No, because some people need to do some work. We need to send some people off."
SAM,00:35:05,00:35:07,Neutral,"{'Angry': 1.314715536437916e-08, 'Disgusted': 1.386868619945858e-09, 'Fearful': 3.453809460651769e-10, 'Happy': 2.657419884144474e-08, 'Neutral': 1.0, 'Other': 4.083014829014964e-11, 'Sad': 5.8080900089407805e-09, 'Surprised': 1.3547316601858483e-09, 'Unknown': 7.69600286276706e-11}",Split the party?
LIAM,00:35:07,00:35:08,Neutral,"{'Angry': 0.0002433247136650607, 'Disgusted': 4.391423863125965e-05, 'Fearful': 1.1891647773154546e-05, 'Happy': 0.009195049293339252, 'Neutral': 0.99031001329422, 'Other': 2.511951061023865e-05, 'Sad': 2.5233557607862167e-05, 'Surprised': 3.424526767048519e-06, 'Unknown': 0.00014217740681488067}",Yes.
LAURA,00:35:08,00:35:11,Neutral,"{'Angry': 6.289044840457336e-09, 'Disgusted': 1.3584575686564904e-09, 'Fearful': 4.417860244299021e-10, 'Happy': 1.4069988729659144e-08, 'Neutral': 1.0, 'Other': 1.1419690193470444e-10, 'Sad': 5.621625387419726e-09, 'Surprised': 8.386824013051353e-10, 'Unknown': 1.229117141399172e-09}",Hopefully be back in time.
TALIESIN,00:35:11,00:35:17,Neutral,"{'Angry': 1.1596707736316603e-06, 'Disgusted': 8.564228437535348e-07, 'Fearful': 6.288036047408241e-08, 'Happy': 0.0004190699546597898, 'Neutral': 0.9995760321617126, 'Other': 1.225926524739407e-07, 'Sad': 2.2112760689196875e-06, 'Surprised': 2.729362336140184e-07, 'Unknown': 2.2181814074428985e-07}",There's four days. We can each do our part. Five days.
LIAM,00:35:17,00:35:20,Neutral,"{'Angry': 7.35102863996806e-12, 'Disgusted': 5.410648058062906e-13, 'Fearful': 2.5202629154626177e-13, 'Happy': 1.6760879142929674e-11, 'Neutral': 1.0, 'Other': 4.6115807570204503e-14, 'Sad': 3.107906640376079e-11, 'Surprised': 4.093570968310978e-12, 'Unknown': 3.597908375310016e-13}","Keyleth, can you-- Kiki."
MARISHA,00:35:20,00:35:24,Neutral,"{'Angry': 4.540786082102115e-14, 'Disgusted': 1.862915559796641e-15, 'Fearful': 2.785068418071577e-16, 'Happy': 5.804453868506892e-14, 'Neutral': 1.0, 'Other': 5.13011221976961e-16, 'Sad': 1.4036742688322557e-13, 'Surprised': 2.8188575470133523e-14, 'Unknown': 1.4713900382796281e-15}",Yes? Sorry.
LIAM,00:35:24,00:35:27,Neutral,"{'Angry': 2.7737296477425843e-05, 'Disgusted': 7.503406777686905e-06, 'Fearful': 4.175986134669074e-07, 'Happy': 4.338789040048141e-06, 'Neutral': 0.9999526739120483, 'Other': 8.936125936997996e-07, 'Sad': 2.181588570238091e-06, 'Surprised': 8.258290762341858e-08, 'Unknown': 4.099374564248137e-06}",Can you and Scanlan fly to Kraghammer?
MARISHA,00:35:27,00:35:35,Neutral,"{'Angry': 1.1112505880761514e-11, 'Disgusted': 1.1272758984950948e-12, 'Fearful': 3.812323449547267e-13, 'Happy': 2.7394085264087487e-11, 'Neutral': 1.0, 'Other': 1.043772883337242e-13, 'Sad': 3.905533882408996e-11, 'Surprised': 4.8724310176828656e-12, 'Unknown': 5.310907421306188e-13}","Yes. I would like to stop and talk to Gilmore first, though, before I leave. Do I have time for that? I can fly."
LAURA,00:35:35,00:35:41,Neutral,"{'Angry': 0.046900685876607895, 'Disgusted': 0.005575134418904781, 'Fearful': 0.0004129471490159631, 'Happy': 0.009310921654105186, 'Neutral': 0.8992480039596558, 'Other': 0.006707166787236929, 'Sad': 0.0011116309324279428, 'Surprised': 0.00018071240629069507, 'Unknown': 0.030552685260772705}",Our illustrious god just told us it's better to stick to the road because there's bad things--
MARISHA,00:35:41,00:35:44,Neutral,"{'Angry': 0.0026588127948343754, 'Disgusted': 0.0033792066387832165, 'Fearful': 0.0035066534765064716, 'Happy': 0.0021779288072139025, 'Neutral': 0.9752984046936035, 'Other': 0.0005746911047026515, 'Sad': 0.005434286314994097, 'Surprised': 0.00032448707497678697, 'Unknown': 0.00664554862305522}",In the air? There's air traffic? I have to worry about air traffic?
MATT,00:35:44,00:35:47,Neutral,"{'Angry': 0.0004666779423132539, 'Disgusted': 0.0004551771271508187, 'Fearful': 0.0002582259476184845, 'Happy': 0.0020921658724546432, 'Neutral': 0.9813142418861389, 'Other': 0.0011575146345421672, 'Sad': 0.00045228013186715543, 'Surprised': 1.0471992027305532e-05, 'Unknown': 0.013793147169053555}","By horseback, you want to stick to the road. By air--"
SAM,00:35:47,00:35:52,Neutral,"{'Angry': 1.8332507387142094e-11, 'Disgusted': 2.1044466082947855e-12, 'Fearful': 5.895840998575153e-13, 'Happy': 5.1913202903097755e-11, 'Neutral': 1.0, 'Other': 2.984864959365563e-13, 'Sad': 5.891440113536817e-11, 'Surprised': 5.556102019438347e-12, 'Unknown': 1.4938593981619896e-12}","By air, though. Check yourself, Kiki--"
MARISHA,00:35:52,00:35:54,Neutral,"{'Angry': 8.943763532442972e-06, 'Disgusted': 2.8473477868828923e-06, 'Fearful': 2.614737923067878e-06, 'Happy': 0.0003324245917610824, 'Neutral': 0.999609649181366, 'Other': 9.600240673535154e-07, 'Sad': 3.625874160206877e-05, 'Surprised': 5.395634161686758e-06, 'Unknown': 9.330740908808366e-07}",What?
SAM,00:35:54,00:35:57,Happy,"{'Angry': 0.0037122236099094152, 'Disgusted': 0.0005799508653581142, 'Fearful': 0.00018216953321825713, 'Happy': 0.9755865335464478, 'Neutral': 0.018478434532880783, 'Other': 0.00019907276146113873, 'Sad': 0.0005165754118934274, 'Surprised': 0.00046577301691286266, 'Unknown': 0.00027934269746765494}","You, I would assume, use Polymorph as I do."
MARISHA,00:35:57,00:35:59,Sad,"{'Angry': 0.02101684734225273, 'Disgusted': 0.033890485763549805, 'Fearful': 0.18125659227371216, 'Happy': 0.02513863332569599, 'Neutral': 0.02371872030198574, 'Other': 0.000653758819680661, 'Sad': 0.655326247215271, 'Surprised': 0.05880438908934593, 'Unknown': 0.00019433865963947028}","No, I use my Beast Shaping."
SAM,00:35:59,00:36:06,Happy,"{'Angry': 2.934096166029576e-08, 'Disgusted': 1.0376633241548916e-07, 'Fearful': 1.7183408829168911e-07, 'Happy': 0.9999990463256836, 'Neutral': 1.0795466920399122e-07, 'Other': 3.446623608738264e-08, 'Sad': 2.3400588133881683e-07, 'Surprised': 1.9860353006606601e-07, 'Unknown': 2.7890532550145508e-08}",Ooh. That's so sexy. Does that last for longer than a day?
MARISHA,00:36:06,00:36:09,Happy,"{'Angry': 1.946512838912895e-06, 'Disgusted': 5.377252364269225e-06, 'Fearful': 4.564267783280229e-06, 'Happy': 0.9998990297317505, 'Neutral': 2.9509863452403806e-05, 'Other': 1.621979436094989e-06, 'Sad': 6.287255928327795e-06, 'Surprised': 9.356747341371374e-07, 'Unknown': 5.064129800302908e-05}",It lasts as long as I want it to last.
SAM,00:36:09,00:36:10,Happy,"{'Angry': 0.011147759854793549, 'Disgusted': 0.007278371136635542, 'Fearful': 0.0008310888078995049, 'Happy': 0.5169869661331177, 'Neutral': 0.11495959013700485, 'Other': 0.0025181325618177652, 'Sad': 0.0011936299270018935, 'Surprised': 0.34376707673072815, 'Unknown': 0.0013173508923500776}",Damn!
TRAVIS,00:36:10,00:36:14,Neutral,"{'Angry': 0.0024497434496879578, 'Disgusted': 0.006852430757135153, 'Fearful': 0.0010250953491777182, 'Happy': 0.028110038489103317, 'Neutral': 0.8924463391304016, 'Other': 0.0033126934431493282, 'Sad': 0.0011044032871723175, 'Surprised': 0.00019006198272109032, 'Unknown': 0.06450936198234558}",I go up to the kitchen and look for something to eat.
MARISHA,00:36:14,00:36:16,Neutral,"{'Angry': 0.01394635159522295, 'Disgusted': 0.02632870152592659, 'Fearful': 0.00766029255464673, 'Happy': 0.17426614463329315, 'Neutral': 0.6295628547668457, 'Other': 0.0023533212952315807, 'Sad': 0.011145542375743389, 'Surprised': 0.0066323839128017426, 'Unknown': 0.12810443341732025}",It's in my blood.
SAM,00:36:16,00:36:18,Neutral,"{'Angry': 1.587059955454606e-06, 'Disgusted': 2.4986916287161876e-06, 'Fearful': 8.914611839827558e-07, 'Happy': 4.519291178439744e-05, 'Neutral': 0.9999415874481201, 'Other': 3.15012755436328e-07, 'Sad': 5.787280315416865e-06, 'Surprised': 1.177182298306434e-06, 'Unknown': 9.747482181410305e-07}",You can be an animal as long as you want?
MARISHA,00:36:18,00:36:21,Neutral,"{'Angry': 4.800121671671986e-12, 'Disgusted': 2.577500929704102e-13, 'Fearful': 6.295185455817282e-14, 'Happy': 9.433507794365248e-12, 'Neutral': 1.0, 'Other': 2.0187585259598233e-14, 'Sad': 1.4559660768687088e-11, 'Surprised': 1.4410847732140852e-12, 'Unknown': 1.3422314475153296e-13}","Where are you going with this, Scanlan?"
MATT,00:36:21,00:36:33,Neutral,"{'Angry': 6.726853096902449e-14, 'Disgusted': 2.6729759424197648e-15, 'Fearful': 4.268876647572223e-16, 'Happy': 9.459659889177879e-14, 'Neutral': 1.0, 'Other': 5.42387595137161e-16, 'Sad': 2.0473262028839617e-13, 'Surprised': 3.941959199381742e-14, 'Unknown': 1.846670314901251e-15}","You can stay in Beast Shape for a number of hours equal to half your druid level. Five hours right now, you can transform for."
MARISHA,00:36:33,00:36:41,Neutral,"{'Angry': 1.1865779626224482e-12, 'Disgusted': 5.435231529172385e-14, 'Fearful': 1.444600291982106e-14, 'Happy': 1.4806856912449873e-12, 'Neutral': 1.0, 'Other': 6.2995420003748945e-15, 'Sad': 4.4253784664549656e-12, 'Surprised': 4.691312984785034e-13, 'Unknown': 3.978533404417825e-14}","So when I mean as long as I want, I mean, long enough to where I've never had to really think about it before now."
SAM,00:36:41,00:36:48,Neutral,"{'Angry': 0.00047745948540978134, 'Disgusted': 0.0010009612888097763, 'Fearful': 7.690849452046677e-05, 'Happy': 9.627816325519234e-06, 'Neutral': 0.9983024597167969, 'Other': 1.4598836969526019e-05, 'Sad': 5.347616024664603e-05, 'Surprised': 5.655517088598572e-05, 'Unknown': 7.904774975031614e-06}","Well then, like me, flying there would not be an option. We'd have to stop, rest, walk, sleep."
LAURA,00:36:48,00:36:51,Neutral,"{'Angry': 1.7679571584494624e-08, 'Disgusted': 1.893545764630744e-08, 'Fearful': 1.401458682437351e-08, 'Happy': 3.218698054752167e-07, 'Neutral': 0.9999970197677612, 'Other': 7.315797301288285e-09, 'Sad': 2.625017714308342e-06, 'Surprised': 4.557712873776154e-09, 'Unknown': 6.589170986615045e-09}","Yeah, that would slow it down a lot."
MARISHA,00:36:51,00:36:55,Neutral,"{'Angry': 0.0003338043170515448, 'Disgusted': 3.8778958696639165e-05, 'Fearful': 2.3172942746896297e-05, 'Happy': 0.0003460729494690895, 'Neutral': 0.9568238854408264, 'Other': 7.88969118730165e-05, 'Sad': 0.04187364503741264, 'Surprised': 2.37956896853575e-06, 'Unknown': 0.0004793214029632509}","Well, I could get ten hours, because I can use two Beast Shaping abilities."
LAURA,00:36:55,00:36:58,Neutral,"{'Angry': 1.9434830392128788e-05, 'Disgusted': 8.70218536874745e-06, 'Fearful': 4.020856067654677e-06, 'Happy': 0.002831663005053997, 'Neutral': 0.9969921112060547, 'Other': 1.3185639545554295e-05, 'Sad': 3.1325103918788955e-05, 'Surprised': 3.6729070416186005e-06, 'Unknown': 9.594418224878609e-05}",But that's still a two days' flight--
LIAM,00:36:58,00:37:02,Angry,"{'Angry': 0.9842701554298401, 'Disgusted': 0.0016850050305947661, 'Fearful': 0.00015835632802918553, 'Happy': 0.00014130301133263856, 'Neutral': 0.005912774708122015, 'Other': 9.413693987880833e-06, 'Sad': 0.00777121027931571, 'Surprised': 1.649973819439765e-05, 'Unknown': 3.519319943734445e-05}","Two days is the horse, riding hard. What about an eagle?"
MARISHA,00:37:02,00:37:06,Happy,"{'Angry': 0.00010226406448055059, 'Disgusted': 9.573797797202133e-06, 'Fearful': 3.96356699639e-06, 'Happy': 0.9998776912689209, 'Neutral': 9.59560338742449e-07, 'Other': 4.4294927192822797e-07, 'Sad': 3.215785966403928e-07, 'Surprised': 6.69413509513106e-07, 'Unknown': 4.11292921853601e-06}","No, I get my druid shapes back after a short rest."
LAURA,00:37:06,00:37:08,Disgusted,"{'Angry': 0.0009363056742586195, 'Disgusted': 0.9962983727455139, 'Fearful': 1.1197585990885273e-05, 'Happy': 0.0003307551669422537, 'Neutral': 0.0018759011290967464, 'Other': 0.00017335412849206477, 'Sad': 5.750486525357701e-05, 'Surprised': 0.0002713449066504836, 'Unknown': 4.520082802628167e-05}","Oh, okay."
MARISHA,00:37:08,00:37:10,Neutral,"{'Angry': 0.0048097874969244, 'Disgusted': 0.32430750131607056, 'Fearful': 0.0018456806428730488, 'Happy': 0.01770889014005661, 'Neutral': 0.6268215179443359, 'Other': 0.0014510578475892544, 'Sad': 0.01965649425983429, 'Surprised': 0.0011895224452018738, 'Unknown': 0.0022096028551459312}","Because Circle of the Moon, bitch."
MATT,00:37:10,00:37:15,Neutral,"{'Angry': 0.0007292239461094141, 'Disgusted': 0.0010777986608445644, 'Fearful': 0.0011393808526918292, 'Happy': 0.03017960675060749, 'Neutral': 0.9010357856750488, 'Other': 0.004250011872500181, 'Sad': 0.002176187466830015, 'Surprised': 4.593822450260632e-05, 'Unknown': 0.059366051107645035}","So you could Beast Shape twice, rest 30 minutes, Beast Shape twice."
MARISHA,00:37:15,00:37:24,Neutral,"{'Angry': 8.874080914544891e-10, 'Disgusted': 3.8790155115764335e-11, 'Fearful': 2.3604731017035085e-11, 'Happy': 1.0433988117952708e-09, 'Neutral': 1.0, 'Other': 3.107478033573252e-12, 'Sad': 6.471941316199548e-10, 'Surprised': 7.446797345433964e-11, 'Unknown': 1.3634141558804824e-11}","Can I make a stop first, and then I'll run an errand?"
LIAM,00:37:24,00:37:27,Happy,"{'Angry': 2.5636772988946177e-05, 'Disgusted': 7.035822636680678e-05, 'Fearful': 1.6066094758571126e-05, 'Happy': 0.9949979782104492, 'Neutral': 0.0033032235223799944, 'Other': 4.2103867599507794e-05, 'Sad': 4.202123454888351e-05, 'Surprised': 1.2951242069902946e-06, 'Unknown': 0.0015013499651104212}",We don't really have a lot of money at the moment.
LAURA,00:37:27,00:37:28,Unknown,"{'Angry': 8.514913497492671e-05, 'Disgusted': 0.0021831130143254995, 'Fearful': 0.0034108590334653854, 'Happy': 0.00628324132412672, 'Neutral': 0.020821042358875275, 'Other': 0.00018686639668885618, 'Sad': 0.00017731224943418056, 'Surprised': 1.620875593744131e-07, 'Unknown': 0.9668521285057068}",She might have some.
MARISHA,00:37:28,00:37:30,Neutral,"{'Angry': 1.5132461256284202e-11, 'Disgusted': 1.145113084216609e-12, 'Fearful': 2.5667570282758567e-13, 'Happy': 2.302738208448396e-11, 'Neutral': 1.0, 'Other': 1.276554410139033e-13, 'Sad': 3.9891395742230884e-11, 'Surprised': 3.823926418566881e-12, 'Unknown': 5.844974027349736e-13}","Yeah, I've got my personal fundsies."
TALIESIN,00:37:30,00:37:35,Fearful,"{'Angry': 0.02798622101545334, 'Disgusted': 0.021544139832258224, 'Fearful': 0.4676140546798706, 'Happy': 0.04783287271857262, 'Neutral': 0.26409903168678284, 'Other': 0.0003737640508916229, 'Sad': 0.15882126986980438, 'Surprised': 0.008051040582358837, 'Unknown': 0.003677585395053029}",Can you leave me an earpiece so that I can keep in contact? I'm not leaving my workshop.
MARISHA,00:37:35,00:37:36,Neutral,"{'Angry': 0.00444426853209734, 'Disgusted': 0.003125828690826893, 'Fearful': 0.0031044138595461845, 'Happy': 0.008311543613672256, 'Neutral': 0.965691328048706, 'Other': 5.6871827837312594e-05, 'Sad': 0.007276609074324369, 'Surprised': 0.007607222534716129, 'Unknown': 0.00038200439303182065}","I have an earpiece, right?"
LAURA,00:37:36,00:37:39,Happy,"{'Angry': 0.0008497285889461637, 'Disgusted': 0.0006623480003327131, 'Fearful': 0.00044647304457612336, 'Happy': 0.9886119961738586, 'Neutral': 0.008942653425037861, 'Other': 2.754817069217097e-05, 'Sad': 0.00030461582355201244, 'Surprised': 7.799053855706006e-05, 'Unknown': 7.660929986741394e-05}","We'll leave you alone, Percy. To work."
MARISHA,00:37:39,00:37:44,Angry,"{'Angry': 0.9998569488525391, 'Disgusted': 2.0094175852136686e-05, 'Fearful': 2.243105200250284e-06, 'Happy': 6.827117613283917e-05, 'Neutral': 5.035371486883378e-06, 'Other': 3.188613845850341e-05, 'Sad': 2.4323983325302834e-06, 'Surprised': 8.96420988283353e-06, 'Unknown': 4.1387456803931855e-06}","Is there anything else you need from us, Percy? Is there anything you need while I'm out and about?"
TALIESIN,00:37:44,00:37:46,Surprised,"{'Angry': 0.24069976806640625, 'Disgusted': 0.03846023976802826, 'Fearful': 0.0024518435820937157, 'Happy': 0.0845261812210083, 'Neutral': 0.19227977097034454, 'Other': 0.009036053903400898, 'Sad': 0.009073513559997082, 'Surprised': 0.42117443680763245, 'Unknown': 0.002298203529790044}","Leave me an earpiece, and I'll call if I need anything else."
TRAVIS,00:37:46,00:37:49,Neutral,"{'Angry': 1.4084031718653023e-08, 'Disgusted': 4.745162596186958e-10, 'Fearful': 6.371405486538251e-11, 'Happy': 4.254276930737433e-09, 'Neutral': 1.0, 'Other': 2.1797936719525346e-11, 'Sad': 4.870561731706857e-09, 'Surprised': 7.166751636589197e-10, 'Unknown': 2.3548656080674135e-11}","Percy, is there anything in this shop that you want in the Bag of Holding for later?"
TALIESIN,00:37:49,00:37:51,Angry,"{'Angry': 0.9994268417358398, 'Disgusted': 0.00034304859582334757, 'Fearful': 3.1855904580879724e-06, 'Happy': 6.154512811917812e-05, 'Neutral': 9.356388181913644e-05, 'Other': 7.416034804919036e-06, 'Sad': 3.3143669497803785e-06, 'Surprised': 9.374500677949982e-07, 'Unknown': 6.020658474881202e-05}","Not yet. Thank you, Grog."
LAURA,00:37:51,00:37:53,Happy,"{'Angry': 0.0016525804530829191, 'Disgusted': 0.005336032249033451, 'Fearful': 0.0002869005547836423, 'Happy': 0.9241902828216553, 'Neutral': 0.06331657618284225, 'Other': 3.261065648985095e-05, 'Sad': 0.0039563048630952835, 'Surprised': 0.0012042756425216794, 'Unknown': 2.4357565052923746e-05}",Do you not have an earpiece?
TRAVIS,00:37:53,00:37:56,Neutral,"{'Angry': 0.024323321878910065, 'Disgusted': 0.06425029784440994, 'Fearful': 0.0013085604878142476, 'Happy': 0.008215839974582195, 'Neutral': 0.6130097508430481, 'Other': 0.00113593356218189, 'Sad': 0.2745979130268097, 'Surprised': 0.012968123890459538, 'Unknown': 0.00019035312288906425}",I'll give him mine.
TALIESIN,00:37:56,00:38:05,Neutral,"{'Angry': 1.982528585742216e-09, 'Disgusted': 3.2682256900784523e-09, 'Fearful': 6.175192579505051e-10, 'Happy': 2.1499436897443047e-08, 'Neutral': 1.0, 'Other': 1.1157478274625987e-09, 'Sad': 1.9833125364243642e-08, 'Surprised': 7.989144901188183e-10, 'Unknown': 1.964970630652374e-09}",How many minutes has it been? I'm wondering if his hands are starting to itch yet.
MATT,00:38:05,00:38:11,Neutral,"{'Angry': 3.3783937425369004e-08, 'Disgusted': 3.724500174939749e-08, 'Fearful': 2.5724467889176594e-08, 'Happy': 1.6470811203816993e-07, 'Neutral': 0.9999991655349731, 'Other': 3.4354381561740865e-09, 'Sad': 3.633962251115008e-07, 'Surprised': 3.062832831801643e-07, 'Unknown': 1.0089916679945077e-09}","About this time, you start to get this weird tingling sensation around your fingers."
TRAVIS,00:38:11,00:38:14,Neutral,"{'Angry': 9.860728769975347e-13, 'Disgusted': 3.463380840798558e-14, 'Fearful': 9.132519501915681e-15, 'Happy': 1.1758292907046441e-12, 'Neutral': 1.0, 'Other': 3.1901153912234064e-15, 'Sad': 3.1873954430688967e-12, 'Surprised': 2.826110656259373e-13, 'Unknown': 2.4461435684636733e-14}",Do they crave blood?
MATT,00:38:14,00:38:20,Angry,"{'Angry': 0.8343896269798279, 'Disgusted': 0.0057954248040914536, 'Fearful': 0.0009480424923822284, 'Happy': 0.004987128544598818, 'Neutral': 0.03433019295334816, 'Other': 0.00808058213442564, 'Sad': 0.006323059089481831, 'Surprised': 2.9771625122521073e-05, 'Unknown': 0.10511613637208939}","No, they crave some sort of an agent that will prevent the now slight burning sensation."
TRAVIS,00:38:20,00:38:33,Happy,"{'Angry': 1.1743090944094092e-09, 'Disgusted': 4.369892003808218e-09, 'Fearful': 6.6182486158083975e-09, 'Happy': 1.0, 'Neutral': 2.7325544049716655e-09, 'Other': 1.9726998701230514e-08, 'Sad': 3.6539145042979726e-08, 'Surprised': 2.6392692475951662e-09, 'Unknown': 1.9947001828057864e-09}","Ow. Quick question. Sorry, I kept something from falling in the shop-- really quick reflexes-- it's making my bits tingle. Do you have anything for that?"
LIAM,00:38:33,00:38:36,Neutral,"{'Angry': 1.8895789880707392e-12, 'Disgusted': 1.267475707722454e-13, 'Fearful': 4.6057880681007676e-14, 'Happy': 2.5650601434556997e-12, 'Neutral': 1.0, 'Other': 1.4799302056186722e-14, 'Sad': 6.123404300978352e-12, 'Surprised': 1.2272084390363425e-12, 'Unknown': 1.2810520873263176e-13}","You haven't been scratching yourself, have you?"
TRAVIS,00:38:36,00:38:40,Neutral,"{'Angry': 2.3226316159252747e-07, 'Disgusted': 1.4634132128321653e-07, 'Fearful': 1.6118653434205044e-07, 'Happy': 4.4177053837302083e-07, 'Neutral': 0.9999939203262329, 'Other': 6.712402011999075e-08, 'Sad': 4.365349013824016e-06, 'Surprised': 1.13416191993565e-08, 'Unknown': 6.218969019755605e-07}","No, I had that before. Not the same thing."
TALIESIN,00:38:40,00:38:44,Neutral,"{'Angry': 6.478088898642653e-11, 'Disgusted': 1.5839881489787544e-11, 'Fearful': 4.29638009197264e-12, 'Happy': 2.499514206721898e-10, 'Neutral': 1.0, 'Other': 1.2204693635928243e-12, 'Sad': 3.3439861990558484e-10, 'Surprised': 3.491748210016077e-11, 'Unknown': 2.4614221251495483e-12}",There's a bucket of water in the corner. You can try that.
TRAVIS,00:38:44,00:38:46,Neutral,"{'Angry': 0.19744178652763367, 'Disgusted': 0.012173167429864407, 'Fearful': 0.003423223737627268, 'Happy': 0.15414194762706757, 'Neutral': 0.4050469398498535, 'Other': 0.0015817424282431602, 'Sad': 0.18821163475513458, 'Surprised': 0.000409788015531376, 'Unknown': 0.03756978362798691}",I go over to the bucket of water and I stick my hands in the water.
TALIESIN,00:38:46,00:38:48,Angry,"{'Angry': 0.7855430841445923, 'Disgusted': 0.006210992578417063, 'Fearful': 0.0007330247899517417, 'Happy': 0.01688002608716488, 'Neutral': 0.13298584520816803, 'Other': 0.03622480854392052, 'Sad': 0.012064789421856403, 'Surprised': 0.00013143368414603174, 'Unknown': 0.009225999936461449}",It'll make it worse.
MATT,00:38:48,00:39:01,Neutral,"{'Angry': 4.658517495370607e-13, 'Disgusted': 1.608613822657798e-14, 'Fearful': 4.037609124401013e-15, 'Happy': 5.692232167391065e-13, 'Neutral': 1.0, 'Other': 2.143344028193543e-15, 'Sad': 1.626447782877849e-12, 'Surprised': 1.7610721637483645e-13, 'Unknown': 1.1452036218742752e-14}","It does. The slight burning sensation now has turned into a very vibrant burning white hot on the skin, and you can see bits of the skin start to peel back a little bit, beginning on the edges."
TALIESIN,00:39:01,00:39:05,Neutral,"{'Angry': 1.7856535805549356e-06, 'Disgusted': 1.0335062370359083e-06, 'Fearful': 3.444004050834337e-07, 'Happy': 5.33488218934508e-06, 'Neutral': 0.9999878406524658, 'Other': 3.648850395165937e-07, 'Sad': 1.2546806829050183e-06, 'Surprised': 1.6470232822030084e-07, 'Unknown': 1.912165544126765e-06}",I hand him a small bag of powder. Now you've learned not to touch things if you don't know what they are.
TRAVIS,00:39:05,00:39:06,Happy,"{'Angry': 0.006731616333127022, 'Disgusted': 0.01120561920106411, 'Fearful': 0.0009364033467136323, 'Happy': 0.8428780436515808, 'Neutral': 0.03811218589544296, 'Other': 0.0002049847535090521, 'Sad': 0.0026272013783454895, 'Surprised': 0.09723278880119324, 'Unknown': 7.117441418813542e-05}",What do I do with a bag of powder?
TALIESIN,00:39:06,00:39:08,Happy,"{'Angry': 6.380076328360573e-11, 'Disgusted': 1.7050311162947196e-10, 'Fearful': 6.19805803903084e-11, 'Happy': 1.0, 'Neutral': 6.741625591111244e-10, 'Other': 9.902900721669994e-11, 'Sad': 4.3360481871701495e-10, 'Surprised': 1.5500399574985835e-10, 'Unknown': 3.8360474519105736e-11}",I pour the powder on his hands.
MATT,00:39:08,00:39:12,Happy,"{'Angry': 7.390762307712961e-11, 'Disgusted': 2.124885822851752e-10, 'Fearful': 9.643675441539656e-11, 'Happy': 1.0, 'Neutral': 4.751964932658836e-10, 'Other': 9.895027852646621e-11, 'Sad': 5.572440842094295e-10, 'Surprised': 2.417566979939778e-10, 'Unknown': 5.300610644853876e-11}","It foams up a little bit in places, but it is neutralized."
TRAVIS,00:39:12,00:39:15,Happy,"{'Angry': 2.2768927010474727e-07, 'Disgusted': 7.228838398987136e-07, 'Fearful': 2.1110245143063366e-06, 'Happy': 0.9999897480010986, 'Neutral': 9.256394832846127e-07, 'Other': 2.5591128860469325e-07, 'Sad': 3.6138403629593085e-06, 'Surprised': 2.4357461825275095e-06, 'Unknown': 8.952746100021614e-08}",Yeah.
TALIESIN,00:39:15,00:39:18,Neutral,"{'Angry': 9.916296082879139e-12, 'Disgusted': 1.2811601822829144e-12, 'Fearful': 4.715732470315925e-13, 'Happy': 3.652201804871247e-11, 'Neutral': 1.0, 'Other': 9.838104045615734e-14, 'Sad': 9.339129469765339e-11, 'Surprised': 3.869554850155499e-12, 'Unknown': 5.270974628990288e-13}",You're a good friend.
TRAVIS,00:39:18,00:39:23,Angry,"{'Angry': 0.9403108358383179, 'Disgusted': 0.00025249383179470897, 'Fearful': 0.058980558067560196, 'Happy': 0.00010130394366569817, 'Neutral': 7.126532182155643e-06, 'Other': 0.00012431210780050606, 'Sad': 0.00017642062448430806, 'Surprised': 1.1951005035371054e-05, 'Unknown': 3.495105920592323e-05}",Can I leave now? I go to the kitchen to eat.
MATT,00:39:23,00:39:29,Happy,"{'Angry': 0.0949527770280838, 'Disgusted': 0.0020146030001342297, 'Fearful': 0.0002599837607704103, 'Happy': 0.8162594437599182, 'Neutral': 0.050940994173288345, 'Other': 0.007655516266822815, 'Sad': 0.0005382754607126117, 'Surprised': 6.953960109967738e-05, 'Unknown': 0.02730875089764595}",All righty. You easily get another meal mustered for you.
MARISHA,00:39:29,00:39:32,Angry,"{'Angry': 0.8735089898109436, 'Disgusted': 0.01324431411921978, 'Fearful': 0.003024047939106822, 'Happy': 0.0033048701006919146, 'Neutral': 0.030824890360236168, 'Other': 0.003082395065575838, 'Sad': 0.003584030782803893, 'Surprised': 7.822112092981115e-05, 'Unknown': 0.06934823840856552}",I'm going to go make a trip to Gilmore's. Anybody want to join?
LIAM,00:39:32,00:39:34,Angry,"{'Angry': 0.9999990463256836, 'Disgusted': 3.6558648730533605e-07, 'Fearful': 1.563241340818422e-07, 'Happy': 1.6157811444372783e-07, 'Neutral': 6.450301981431039e-08, 'Other': 8.137083895576325e-09, 'Sad': 7.628167963957821e-08, 'Surprised': 1.6743507913474787e-08, 'Unknown': 4.096853967183733e-09}",I should probably tag along.
SAM,00:39:34,00:39:39,Happy,"{'Angry': 0.0012370949843898416, 'Disgusted': 0.002003483474254608, 'Fearful': 0.000829993630759418, 'Happy': 0.8074447512626648, 'Neutral': 0.11511535197496414, 'Other': 0.008076502941548824, 'Sad': 0.0019866072107106447, 'Surprised': 4.796811117557809e-05, 'Unknown': 0.06325824558734894}","I'll come, too."
MATT,00:39:39,00:40:18,Angry,"{'Angry': 0.3723442554473877, 'Disgusted': 0.10858694463968277, 'Fearful': 0.008555999025702477, 'Happy': 0.18581485748291016, 'Neutral': 0.0003901828604284674, 'Other': 0.30600446462631226, 'Sad': 0.002696769079193473, 'Surprised': 0.00697353295981884, 'Unknown': 0.008633019402623177}","You're working in the workshop, you're eating, you guys are going to Gilmore's. All right. So as this is happening, Tiberius, you make your way over to the Alabaster Lyceum. You come up to the front main area of the structure itself. It's an arcane college. You make your way to the front clerk, who looks up to you, a nice young fellow, looks like he's trying to work through his credit in school through his training. He's dressed in the ceremonial robes of somebody who is a student, who is currently stuck with the job of working as a clerk. He's like, ""Hi, can I help you?"""
ORION,00:40:18,00:40:30,Fearful,"{'Angry': 9.017871343530715e-05, 'Disgusted': 4.930716386297718e-06, 'Fearful': 0.9997966885566711, 'Happy': 8.31725265015848e-05, 'Neutral': 2.182516425364156e-07, 'Other': 1.0645127986208536e-05, 'Sad': 1.1811976037279237e-05, 'Surprised': 1.3922787047704333e-06, 'Unknown': 1.016356804939278e-06}","Yes, hi, if you do not remember me, I am Tiberius Stormwind, from Draconia. Moreover, Vox Machina, over at Greyskull Keep."
MATT,00:40:30,00:40:33,Neutral,"{'Angry': 0.00030166003853082657, 'Disgusted': 0.0001008284161798656, 'Fearful': 8.074805009528063e-06, 'Happy': 9.735333151184022e-05, 'Neutral': 0.9994421601295471, 'Other': 5.450576281873509e-06, 'Sad': 3.0401542971958406e-05, 'Surprised': 6.7099076659360435e-06, 'Unknown': 7.38408789402456e-06}","""Where have I heard that--"""
ORION,00:40:33,00:41:08,Neutral,"{'Angry': 3.7042471376480535e-05, 'Disgusted': 9.414397936780006e-07, 'Fearful': 1.607975264050765e-07, 'Happy': 0.2402692437171936, 'Neutral': 0.7596679925918579, 'Other': 1.7013975366353407e-06, 'Sad': 2.1712192392442375e-05, 'Surprised': 1.0331995099477354e-06, 'Unknown': 9.169763615091142e-08}","Well, we told you multiple times before. We met with you using your sigil of teleport-- it's fine. I've come here on a matter of business anyway, so that's neither here nor there. I was wondering if I may procure an address, or number as it were, for a sigil to Kraghammer. I believe the Thunderbrands would have some facility near theirs or on their own premises where their sigil could be channeled through the Circle of Teleportation spell."
MATT,00:41:08,00:41:15,Neutral,"{'Angry': 5.193940887693316e-05, 'Disgusted': 7.374493725365028e-05, 'Fearful': 1.0917648978647776e-05, 'Happy': 3.34270007442683e-05, 'Neutral': 0.9992697834968567, 'Other': 7.383775664493442e-05, 'Sad': 0.00039218246820382774, 'Surprised': 1.2808332030544989e-06, 'Unknown': 9.293596667703241e-05}","""If you're talking about sigils for teleportation, you would probably have to discuss that with Gatekeeper Xanthas."""
ORION,00:41:15,00:41:19,Happy,"{'Angry': 0.0015495243715122342, 'Disgusted': 0.00157702318392694, 'Fearful': 0.0010580028174445033, 'Happy': 0.869718611240387, 'Neutral': 0.02768145687878132, 'Other': 0.0030969970393925905, 'Sad': 0.0011405418626964092, 'Surprised': 3.926152203348465e-05, 'Unknown': 0.09413853287696838}",Where is he? I thought that was you.
MATT,00:41:19,00:42:00,Surprised,"{'Angry': 7.227991591207683e-05, 'Disgusted': 0.00012049164070049301, 'Fearful': 6.768179446225986e-05, 'Happy': 0.07616069167852402, 'Neutral': 0.00011829585127998143, 'Other': 3.8917194615351036e-05, 'Sad': 0.00017137895338237286, 'Surprised': 0.9232408404350281, 'Unknown': 9.41977668844629e-06}","""No. I'm the clerk. I run the front of the-- follow me."" And he gets up and leads you further into the structure to the central circular room, the white-marbled room that contains all the doors around, and in the center there is the Traverse Junction. This is the place you guys have stumbled into every single time you've teleported back to Emon. And there you see the elven wizard who you recently bothered naught but maybe five hours ago, who is currently setting up some sheets, comes back. ""Oh. Hello, again."""
ORION,00:42:00,00:42:44,Neutral,"{'Angry': 3.1271205069849373e-10, 'Disgusted': 2.0921009716290406e-11, 'Fearful': 4.7594159516273216e-12, 'Happy': 3.677166127147302e-09, 'Neutral': 1.0, 'Other': 1.099435321429143e-12, 'Sad': 5.338947617339329e-10, 'Surprised': 7.38878888628669e-11, 'Unknown': 1.3294856535117638e-11}","Hi. I'm Tiberius Stormwind, from Draconia. Moreover, Vox Machina over at Greyskull Keep. I was wondering-- and I asked your clerk here because I thought he did what you actually do here-- if I may procure, for coin or perhaps some kind of favor of sorts, the address or number or code or whatever it is that would work for the Kraghammer sigil of my Circle of Teleportation."
MATT,00:42:44,00:43:00,Neutral,"{'Angry': 1.2819712537748273e-05, 'Disgusted': 6.36619733995758e-06, 'Fearful': 8.78898447354004e-07, 'Happy': 0.00028986079269088805, 'Neutral': 0.9995774626731873, 'Other': 7.158359949244186e-05, 'Sad': 2.4150356694008224e-05, 'Surprised': 8.319518201460596e-06, 'Unknown': 8.523342330590822e-06}","""I get an understanding here that you're seeking access to one of our many sigil-based rooms of transference. Those rooms are currently under very protected lock and key, approval by the headmaster Thurmond Adalum himself."""
ORION,00:43:00,00:43:02,Neutral,"{'Angry': 9.954231217079723e-09, 'Disgusted': 1.872282773263123e-09, 'Fearful': 7.757846032241389e-10, 'Happy': 1.4271810400146023e-08, 'Neutral': 1.0, 'Other': 2.512222929684782e-10, 'Sad': 2.217792527403617e-08, 'Surprised': 7.323369133338531e-10, 'Unknown': 2.1916732872995226e-09}","Okay, where is he?"
MARISHA,00:43:02,00:43:06,Neutral,"{'Angry': 3.975933577748947e-05, 'Disgusted': 4.073862874065526e-05, 'Fearful': 2.7656044494506205e-06, 'Happy': 0.0014594150707125664, 'Neutral': 0.998284637928009, 'Other': 1.8245871615363285e-05, 'Sad': 6.175528142193798e-06, 'Surprised': 6.969029300307739e-07, 'Unknown': 0.00014757290773559362}",Oh my god. It's like calling Time Warner Cable.
ORION,00:43:06,00:43:11,Happy,"{'Angry': 0.001246705767698586, 'Disgusted': 0.0023644492030143738, 'Fearful': 0.0007295911782421172, 'Happy': 0.9845814108848572, 'Neutral': 0.0009402940631844103, 'Other': 0.00010313355596736073, 'Sad': 9.20207385206595e-05, 'Surprised': 2.770390892692376e-05, 'Unknown': 0.009914650581777096}",Can you take me to him? Where is he at?
MATT,00:43:11,00:44:43,Disgusted,"{'Angry': 0.30828291177749634, 'Disgusted': 0.6418074369430542, 'Fearful': 0.0027439750265330076, 'Happy': 0.006363180465996265, 'Neutral': 0.0028063606005162, 'Other': 0.016210338100790977, 'Sad': 0.0032278907019644976, 'Surprised': 0.016616644337773323, 'Unknown': 0.0019412657711654902}","Glances over at the clerk, who goes, ""Right this way, Mr. Stormwind."" He leads you back to a long, long hallway with arched ceiling. You can see the marble itself has these carvings and sculptures of various dead-looking faces of long-passed mages that either were built or held in high esteem in the halls of this lyceum. At the very end, it opens up into a pretty well-decorated, almost over-the-top decorated office room for the headmaster himself. The interior is lined with large, large 15, 20-foot-tall bookshelves around this oval room with sliding ladders that are attached to them that slowly glide on their own, like they're on some sort of arcane-based pattern that puts them back and forth. There is a large chandelier of brightly colored orbs that sits 35, 40 feet in the air, that slowly rotates on its own that keeps this slowly fluctuating changing color of the room. And in the center there is a circular desk, and sitting there at the desk you can see is Headmaster Thurmond, who is this extremely elderly human male. Shaved face, very short, curved bald head with a little bit of hair in the back, hunched forward and is currently collecting a series of books into his arms. Looks like he's about to get up. And he turns and looks over. ""Can I help you?"""
ORION,00:44:43,00:44:45,Neutral,"{'Angry': 1.3038737961323932e-05, 'Disgusted': 1.01760824691155e-05, 'Fearful': 3.507709607220022e-06, 'Happy': 0.00016767517081461847, 'Neutral': 0.9996839761734009, 'Other': 9.71091867540963e-06, 'Sad': 1.6508845874341205e-05, 'Surprised': 2.45141961841e-07, 'Unknown': 9.512269753031433e-05}",Hello.
"ORION, SAM",00:44:45,00:44:49,Neutral,"{'Angry': 4.644548425858375e-06, 'Disgusted': 6.284196842898382e-07, 'Fearful': 8.119009464735427e-09, 'Happy': 9.306148172072426e-07, 'Neutral': 0.9999935626983643, 'Other': 2.1979310815822828e-08, 'Sad': 1.3498184614491038e-07, 'Surprised': 6.082971992782404e-08, 'Unknown': 2.14023714306677e-08}",I'm Tiberius Stormwind from Draconia.
ORION,00:44:49,00:45:13,Angry,"{'Angry': 0.5112079381942749, 'Disgusted': 0.005368516314774752, 'Fearful': 0.042370568960905075, 'Happy': 0.42088812589645386, 'Neutral': 0.000479300128063187, 'Other': 0.00046116026351228356, 'Sad': 0.007115883752703667, 'Surprised': 0.011514280922710896, 'Unknown': 0.0005942389252595603}","Moreover, Vox Machina over at Greyskull Keep here in Emon. We are the saviors of this town and whatnot. Anyway, that's neither here nor there. I went through this fellow, who I thought was the job of this fellow, but it wasn't either of those jobs, it was you who I've been needing to talk to, I'm assuming?"
MATT,00:45:13,00:45:15,Neutral,"{'Angry': 3.5996074176924964e-11, 'Disgusted': 2.3830043840988857e-12, 'Fearful': 5.482337132010906e-13, 'Happy': 1.7691480225234812e-10, 'Neutral': 1.0, 'Other': 6.484606417372224e-14, 'Sad': 8.527541867087152e-11, 'Surprised': 1.2675011214213772e-11, 'Unknown': 1.7325130587976523e-13}","""What do you require from me, then?"""
ORION,00:45:15,00:45:34,Happy,"{'Angry': 0.00020672508981078863, 'Disgusted': 8.206919301301241e-05, 'Fearful': 6.000723260513041e-06, 'Happy': 0.7731695771217346, 'Neutral': 0.2258484959602356, 'Other': 0.00015513737162109464, 'Sad': 0.00018032189109362662, 'Surprised': 2.533230372137041e-06, 'Unknown': 0.00034914235584437847}",I'm hoping to procure an address or access to the sigils of Kraghammer through my Circle of Teleportation spell and whatnot using your arcane gates. That's about it. (laughter)
SAM,00:45:34,00:45:36,Neutral,"{'Angry': 0.0007563474355265498, 'Disgusted': 0.00028202327666804194, 'Fearful': 3.150278644170612e-05, 'Happy': 0.0001640984701225534, 'Neutral': 0.9984982013702393, 'Other': 4.411764621181646e-06, 'Sad': 0.0002459205861669034, 'Surprised': 1.4396064216271043e-05, 'Unknown': 3.0147371035127435e-06}",Well put!
MATT,00:45:36,00:45:45,Neutral,"{'Angry': 2.6398989575682208e-05, 'Disgusted': 5.9358091675676405e-05, 'Fearful': 2.453956585668493e-05, 'Happy': 0.00043618716881610453, 'Neutral': 0.9987066984176636, 'Other': 6.927655340405181e-05, 'Sad': 0.0005285894148983061, 'Surprised': 0.0001193725474877283, 'Unknown': 2.9549877581303008e-05}","""If you're asking for access to one of our closely guarded sigils for the Thunderbrands, you say, within Kraghammer?"""
ORION,00:45:45,00:45:48,Angry,"{'Angry': 0.4919871389865875, 'Disgusted': 0.006435140501707792, 'Fearful': 0.4365813732147217, 'Happy': 0.049473535269498825, 'Neutral': 0.00469856895506382, 'Other': 0.0005500903353095055, 'Sad': 0.0012320998357608914, 'Surprised': 0.006340368185192347, 'Unknown': 0.002701702993363142}","Yes, yes. We'll have to speak with them as well."
MATT,00:45:48,00:47:15,Neutral,"{'Angry': 4.9803935281422795e-11, 'Disgusted': 2.953283884804536e-12, 'Fearful': 1.0189315753986183e-12, 'Happy': 1.303796515195188e-10, 'Neutral': 1.0, 'Other': 1.979966348210696e-13, 'Sad': 8.469931700449962e-11, 'Surprised': 2.0407434422886617e-11, 'Unknown': 1.7969000853240713e-12}","""Well, then I will-- just one moment."" And he reaches into a pouch and pulls out this mirror, this oval mirror and sets it onto his desk. Reaches underneath and pulls out a small chest. Opens up the chest, and you can see in this chest that there are probably two dozen of these tiny little marbles, all different colors, some different shapes, and he goes, these little labels you can't really see from your perspective. He takes one out, places it in the top of the mirror, and as he does, the mirror all of a sudden shimmers for a second, and what was originally a normal reflection is now this light, glowing blue, slightly glowing water-like surface. He takes it and lifts it up to himself. ""Hello. Hello? Hello!"" A moment later, you hear this distant voice echoing with this strange warbling filter over it. ""I'm coming, what's taking your time. Yes, Headmaster, what do you require?"" ""Well, there's a gentleman here, dragonborn, who is requesting use of your sigil of teleportation. Do you know this gentleman?"" Turns it around, and you can see in there, this is the same long-bearded dwarven individual that met you at the actual Thunderbrand house, and had a bit of an argument with you early in your travels in Kraghammer."
ORION,00:47:15,00:47:28,Neutral,"{'Angry': 8.526971214450896e-05, 'Disgusted': 0.0005289565306156874, 'Fearful': 3.6147252103546634e-05, 'Happy': 0.004942625295370817, 'Neutral': 0.9871161580085754, 'Other': 0.0010882498463615775, 'Sad': 0.00015960009477566928, 'Surprised': 0.005972929764539003, 'Unknown': 7.010229455772787e-05}","We've got things for you, this time, like we said we would get for you. In the Underdark. It's really inconvenient, but we have things that we need to get to you quickly."
MATT,00:47:28,00:47:40,Neutral,"{'Angry': 0.001599424285814166, 'Disgusted': 0.00020075005886610597, 'Fearful': 1.6446887457277626e-05, 'Happy': 0.0010538081405684352, 'Neutral': 0.9955626726150513, 'Other': 0.0004289636854082346, 'Sad': 0.0001610136532690376, 'Surprised': 4.603557044902118e-06, 'Unknown': 0.0009723255643621087}","""Now, listen here. Last we spoke, you and your friends stormed into our lair, nearly destroyed our precious arcane defenses of our homestead--"""
ORION,00:47:40,00:47:45,Neutral,"{'Angry': 0.00011843681568279862, 'Disgusted': 7.303064921870828e-05, 'Fearful': 1.294257162953727e-05, 'Happy': 0.001103496178984642, 'Neutral': 0.9982554316520691, 'Other': 3.933768311981112e-05, 'Sad': 0.0001284348836634308, 'Surprised': 9.21798516628769e-07, 'Unknown': 0.00026793230790644884}",He was drinking. He's an alcoholic. He's got help since then.
MATT,00:47:45,00:47:46,Angry,"{'Angry': 0.9832320213317871, 'Disgusted': 0.008022085763514042, 'Fearful': 0.00022052299755159765, 'Happy': 0.0010714601958170533, 'Neutral': 0.005146109964698553, 'Other': 0.00026522157713770866, 'Sad': 0.0010394897544756532, 'Surprised': 3.47729337590863e-06, 'Unknown': 0.000999551615677774}",Make a deception check.
ORION,00:47:46,00:47:52,Neutral,"{'Angry': 1.8808853780027945e-11, 'Disgusted': 1.3510859098175843e-12, 'Fearful': 4.0536793214675237e-13, 'Happy': 2.3350295655366615e-11, 'Neutral': 1.0, 'Other': 6.893538338900371e-14, 'Sad': 5.5676255272807396e-11, 'Surprised': 7.336447421790737e-12, 'Unknown': 6.216687863276615e-13}",What is it?
MATT,00:47:52,00:47:59,Neutral,"{'Angry': 1.5947814972605556e-05, 'Disgusted': 1.4399381143448409e-05, 'Fearful': 5.279035121930065e-06, 'Happy': 0.0003189751587342471, 'Neutral': 0.9993855953216553, 'Other': 2.9643404559465125e-05, 'Sad': 0.00015315721975639462, 'Surprised': 3.2047623790276702e-06, 'Unknown': 7.373870903393254e-05}","This is deception. Well, you are an alcoholic, but that wasn't what he meant."
ORION,00:47:59,00:48:01,Happy,"{'Angry': 0.00021201188792474568, 'Disgusted': 0.0014508224558085203, 'Fearful': 0.04051946476101875, 'Happy': 0.941885232925415, 'Neutral': 0.0034063211642205715, 'Other': 0.0004044876841362566, 'Sad': 0.004437684081494808, 'Surprised': 0.00011853351315949112, 'Unknown': 0.007565402891486883}",20.
MATT,00:48:01,00:48:17,Neutral,"{'Angry': 1.2914154337920203e-12, 'Disgusted': 4.720031806268281e-14, 'Fearful': 1.4517155381456315e-14, 'Happy': 1.6202179571947473e-12, 'Neutral': 1.0, 'Other': 4.8664791441673395e-15, 'Sad': 4.363555090175497e-12, 'Surprised': 4.495648916070377e-13, 'Unknown': 3.2671890366764433e-14}","20. (laughs) He goes, ""Either way, we can't just let anyone willy-nilly knowing how to directly appear in the center of our homestead."""
ORION,00:48:17,00:48:24,Neutral,"{'Angry': 1.529850690573653e-09, 'Disgusted': 2.8316129996319717e-10, 'Fearful': 7.71234257013198e-11, 'Happy': 5.329287589006526e-08, 'Neutral': 1.0, 'Other': 1.2441286716124988e-11, 'Sad': 7.073202468177442e-09, 'Surprised': 1.6216488152309694e-09, 'Unknown': 5.532403962033028e-12}","(in same accent as Matt) Of course. Oh, sorry, I started to sound like you. (laughter)"
TALIESIN,00:48:24,00:48:28,Neutral,"{'Angry': 0.00043871323578059673, 'Disgusted': 0.00018182813073508441, 'Fearful': 4.257821274222806e-05, 'Happy': 0.0003733889607246965, 'Neutral': 0.9984134435653687, 'Other': 4.825019641430117e-05, 'Sad': 5.553802111535333e-05, 'Surprised': 0.00014096505765337497, 'Unknown': 0.00030525497277267277}","Bring me another accent, aye."
ORION,00:48:28,00:49:16,Neutral,"{'Angry': 2.6011740317244403e-08, 'Disgusted': 1.4021740213365774e-08, 'Fearful': 1.557543954922025e-10, 'Happy': 1.9003101314751802e-08, 'Neutral': 1.0, 'Other': 1.4779762969041599e-09, 'Sad': 9.164828895791288e-09, 'Surprised': 1.2843679897400762e-08, 'Unknown': 3.145557148087619e-10}","Of course. I wouldn't expect you to. I'm Tiberius Stormwind, from Draconia. My father Kruvanis Stormwind has helped the Council for over two generations. We come from a noble house, and I give you my word that I will never abuse-- abuse?-- however you pronounce it in your tongue. The privilege of quickly traveling to your stead to do business with you, and there would be no other intrusion otherwise. I guarantee it as my name as a Stormwind."
MATT,00:49:16,00:49:18,Happy,"{'Angry': 7.005139923421666e-05, 'Disgusted': 0.0002163523022318259, 'Fearful': 9.365977894049138e-05, 'Happy': 0.999200165271759, 'Neutral': 0.00016734249948058277, 'Other': 4.812041879631579e-05, 'Sad': 0.000168081111041829, 'Surprised': 2.628400943649467e-05, 'Unknown': 9.983307791117113e-06}",Make a persuasion roll.
SAM,00:49:18,00:49:21,Neutral,"{'Angry': 0.0007795597775839269, 'Disgusted': 0.00010132249008165672, 'Fearful': 6.324306013993919e-05, 'Happy': 0.0023029837757349014, 'Neutral': 0.994820237159729, 'Other': 0.0010464354418218136, 'Sad': 0.00014807969273533672, 'Surprised': 0.00012907208292745054, 'Unknown': 0.0006089957314543426}",Chief negotiator!
ORION,00:49:21,00:49:24,Neutral,"{'Angry': 3.82437637114208e-09, 'Disgusted': 1.3288175004788627e-09, 'Fearful': 3.4533612081055765e-10, 'Happy': 1.0257237192945468e-07, 'Neutral': 0.9999998807907104, 'Other': 2.606415361317005e-10, 'Sad': 2.655002795393102e-08, 'Surprised': 1.0269892714021012e-09, 'Unknown': 5.103006905926577e-10}",That's 11.
MATT,00:49:24,00:49:43,Surprised,"{'Angry': 0.00035644471063278615, 'Disgusted': 1.1060522410843987e-05, 'Fearful': 5.9035769481852185e-06, 'Happy': 8.860082743922248e-05, 'Neutral': 1.0586241842247546e-05, 'Other': 2.9802822609781288e-06, 'Sad': 2.182108119086479e-06, 'Surprised': 0.9995214939117432, 'Unknown': 6.611461458305712e-07}","11. His head turns to the side a little bit, peering through you with a slight scowl. ""Last we talked, the reason we didn't report you to the guard for breaking through our defenses was you promised to look beneath the city and bring back various artifacts you were in search of."""
ORION,00:49:43,00:49:45,Happy,"{'Angry': 0.003066664794459939, 'Disgusted': 0.008776235394179821, 'Fearful': 0.07531073689460754, 'Happy': 0.44757819175720215, 'Neutral': 0.011123749427497387, 'Other': 0.01981864497065544, 'Sad': 0.0309702530503273, 'Surprised': 0.4025536775588989, 'Unknown': 0.0008018675143830478}","Ooh, we found one!"
MATT,00:49:45,00:49:46,Happy,"{'Angry': 0.01478409394621849, 'Disgusted': 0.009242490865290165, 'Fearful': 0.0024404621217399836, 'Happy': 0.5334798097610474, 'Neutral': 0.22231614589691162, 'Other': 0.00021401797130238265, 'Sad': 0.011714799329638481, 'Surprised': 0.205722376704216, 'Unknown': 8.584185707150027e-05}","""Did you, now?"""
ORION,00:49:46,00:49:48,Neutral,"{'Angry': 1.3219239036743602e-09, 'Disgusted': 1.735737387154046e-10, 'Fearful': 3.6514284651456563e-11, 'Happy': 2.4651187757740445e-09, 'Neutral': 1.0, 'Other': 4.1209213125226185e-11, 'Sad': 2.1389237048197174e-09, 'Surprised': 1.2164709517481498e-10, 'Unknown': 2.1463278376820938e-10}","A couple, yes. And we killed a bunch of those buttholes."
MATT,00:49:48,00:49:53,Neutral,"{'Angry': 1.0359190172337662e-09, 'Disgusted': 2.76169614954469e-10, 'Fearful': 3.6983128365308815e-11, 'Happy': 3.697070027897098e-08, 'Neutral': 1.0, 'Other': 5.528524513187527e-11, 'Sad': 8.849812438427307e-09, 'Surprised': 8.326130340741145e-10, 'Unknown': 2.6957653123660386e-11}","""Can I see one of these artifacts?"""
ORION,00:49:53,00:49:56,Neutral,"{'Angry': 8.095339580904692e-07, 'Disgusted': 3.7849358136554656e-07, 'Fearful': 7.038952531956966e-08, 'Happy': 1.3253464885565336e-06, 'Neutral': 0.9999825954437256, 'Other': 2.987419520650292e-07, 'Sad': 1.248725220648339e-05, 'Surprised': 4.0707032411546606e-08, 'Unknown': 2.087902203129488e-06}",I don't have it on me right now.
MATT,00:49:56,00:50:02,Neutral,"{'Angry': 0.004702257923781872, 'Disgusted': 0.00020132033387199044, 'Fearful': 4.179340248811059e-05, 'Happy': 0.003916206303983927, 'Neutral': 0.989845871925354, 'Other': 0.00034155670437030494, 'Sad': 0.00045896167284809053, 'Surprised': 1.1792856639658567e-05, 'Unknown': 0.0004802360781468451}","""We're done here, Headmaster."" And the mirror shimmers and closes suddenly."
MARISHA,00:50:02,00:50:04,Neutral,"{'Angry': 1.573407359956036e-07, 'Disgusted': 4.809516340742448e-08, 'Fearful': 9.799549616218428e-09, 'Happy': 7.32048192730872e-07, 'Neutral': 0.9999980926513672, 'Other': 1.0047584098060725e-08, 'Sad': 9.97293113869091e-07, 'Surprised': 8.288964892244621e-08, 'Unknown': 6.3695169139066365e-09}",Wait. No?
LIAM,00:50:04,00:50:05,Neutral,"{'Angry': 5.421652895165607e-05, 'Disgusted': 4.539301517070271e-05, 'Fearful': 8.019896085897926e-06, 'Happy': 0.038501303642988205, 'Neutral': 0.9610967636108398, 'Other': 4.77379908261355e-05, 'Sad': 4.412558701005764e-05, 'Surprised': 5.3760046284878626e-05, 'Unknown': 0.0001487272820668295}",Good try!
LAURA,00:50:05,00:50:08,Neutral,"{'Angry': 4.895008010041835e-13, 'Disgusted': 2.076533796259092e-14, 'Fearful': 4.8475437226314696e-15, 'Happy': 7.365733457193047e-13, 'Neutral': 1.0, 'Other': 2.1307001556316414e-15, 'Sad': 1.4252928264707476e-12, 'Surprised': 2.1147340335033599e-13, 'Unknown': 1.433924458121502e-14}","We can bring-- oh, we're not there."
MATT,00:50:08,00:50:14,Angry,"{'Angry': 0.7786392569541931, 'Disgusted': 0.021730272099375725, 'Fearful': 0.005235344637185335, 'Happy': 0.01471020933240652, 'Neutral': 0.014785075560212135, 'Other': 0.006726307328790426, 'Sad': 0.15359142422676086, 'Surprised': 0.0008296123705804348, 'Unknown': 0.0037524148356169462}","The headmaster takes the marble out and says, ""I'm sorry that didn't seem to go your way."""
ORION,00:50:14,00:50:33,Happy,"{'Angry': 0.08152012526988983, 'Disgusted': 0.022456776350736618, 'Fearful': 0.008600089699029922, 'Happy': 0.47235313057899475, 'Neutral': 0.3009067475795746, 'Other': 0.010657791048288345, 'Sad': 0.05944818630814552, 'Surprised': 0.007307343650609255, 'Unknown': 0.03674985095858574}","It's fine, Headmaster. I'll be back in about 15 minutes with the proper proof that we did procure the things that the man, that needed to have proof, did. Excuse me! And I get the hell out of there. And as soon as I get out of there, I cast Fly on myself, and I Gandalf (whoosh) right back to the keep."
MATT,00:50:33,00:50:43,Neutral,"{'Angry': 5.506902311935846e-07, 'Disgusted': 1.9338494894327596e-07, 'Fearful': 1.7283007025525876e-08, 'Happy': 3.5739235499931965e-06, 'Neutral': 0.9999949932098389, 'Other': 1.0627265112361783e-07, 'Sad': 2.600378365968936e-07, 'Surprised': 2.2984648850865597e-08, 'Unknown': 2.686605284907273e-07}",All righty. You're eating. You're crafting. Are you going with the rest of them to Gilmore?
LAURA,00:50:43,00:50:45,Unknown,"{'Angry': 0.013363955542445183, 'Disgusted': 0.01571894995868206, 'Fearful': 0.008548025973141193, 'Happy': 0.007697057910263538, 'Neutral': 0.42556625604629517, 'Other': 0.0036332246381789446, 'Sad': 0.0033076454419642687, 'Surprised': 1.4498800737783313e-05, 'Unknown': 0.5221503376960754}",I don't know. I guess so.
MATT,00:50:45,00:50:50,Neutral,"{'Angry': 5.377560228225775e-07, 'Disgusted': 1.6196146646052512e-07, 'Fearful': 1.9246860105681662e-08, 'Happy': 1.5062371858221013e-05, 'Neutral': 0.999983549118042, 'Other': 9.456792327000585e-08, 'Sad': 3.344844969888072e-07, 'Surprised': 1.2490223078032159e-08, 'Unknown': 2.022530765088959e-07}",All right. You guys make your way to the outside of Gilmore's Glorious Goods.
SAM,00:50:50,00:50:54,Neutral,"{'Angry': 2.79635065103534e-10, 'Disgusted': 3.707020454490895e-11, 'Fearful': 6.229248453865077e-12, 'Happy': 6.346109193700045e-10, 'Neutral': 1.0, 'Other': 3.5083427048915317e-12, 'Sad': 3.990458241620587e-10, 'Surprised': 5.3088467649731186e-11, 'Unknown': 1.5635019320892063e-11}","As we walk, do we see Tiberius fly over our heads?"
LAURA,00:50:54,00:50:57,Neutral,"{'Angry': 2.4168051822925918e-05, 'Disgusted': 1.391736623190809e-05, 'Fearful': 1.3987187230668496e-06, 'Happy': 0.00024095107801258564, 'Neutral': 0.9996803998947144, 'Other': 6.821750048402464e-06, 'Sad': 5.7234310588683e-06, 'Surprised': 1.2063989061061875e-06, 'Unknown': 2.5461607947363518e-05}","Actually, I'm staying at the Keep."
ORION,00:50:57,00:51:02,Surprised,"{'Angry': 0.005822389852255583, 'Disgusted': 0.0006022283341735601, 'Fearful': 0.0001917462213896215, 'Happy': 0.002549659926444292, 'Neutral': 0.021108387038111687, 'Other': 0.0007704987074248493, 'Sad': 0.0029003031086176634, 'Surprised': 0.9660235047340393, 'Unknown': 3.140175249427557e-05}","Well, Travis is my target, right? Are you still at the Keep?"
TRAVIS,00:51:02,00:51:04,Neutral,"{'Angry': 0.002580879721790552, 'Disgusted': 0.006700252182781696, 'Fearful': 0.0005495859077200294, 'Happy': 0.1081131175160408, 'Neutral': 0.8581840991973877, 'Other': 0.00046543084317818284, 'Sad': 0.003105304203927517, 'Surprised': 0.020012998953461647, 'Unknown': 0.00028835967532359064}","Yeah, I'm eating."
MATT,00:51:04,00:51:31,Neutral,"{'Angry': 5.466668895337534e-08, 'Disgusted': 1.0147543250127455e-08, 'Fearful': 6.852770018106469e-10, 'Happy': 1.411616040059016e-06, 'Neutral': 0.9999983310699463, 'Other': 3.82458198444624e-09, 'Sad': 7.42815586818324e-08, 'Surprised': 6.508849903497094e-09, 'Unknown': 8.343782553765777e-09}","As far as time goes, you haven't quite gotten to that point yet, for these guys. You get to Gilmore's. You enter the interior. You can see that for the most part, there aren't a lot of people in here. It's getting later in the day, and a lot of the customer business seems to be happening almost earlier, either pre-noon, or around noon. There's no current sign of Gilmore. You do see, across the way-- what's her name, again?"
MARISHA,00:51:31,00:51:33,Neutral,"{'Angry': 0.00044346245704218745, 'Disgusted': 5.9492074797162786e-05, 'Fearful': 2.4938351998571306e-05, 'Happy': 0.0007234735530801117, 'Neutral': 0.9982622265815735, 'Other': 6.806725286878645e-05, 'Sad': 6.620473141083494e-05, 'Surprised': 4.405777872307226e-06, 'Unknown': 0.00034781204885803163}",Sherri.
MATT,00:51:33,00:52:00,Neutral,"{'Angry': 8.457574196540918e-09, 'Disgusted': 1.623908452152989e-09, 'Fearful': 2.1128586380481096e-10, 'Happy': 3.020892691552035e-08, 'Neutral': 1.0, 'Other': 2.214780581155651e-10, 'Sad': 6.885933601097349e-09, 'Surprised': 1.3116291386339185e-09, 'Unknown': 4.653205598614818e-10}","Thank you. Sherri, the mousy helper who runs the shop in Gilmore's absence, or at least runs the first portion of it, with her thick glasses up on her nose, and she's sitting there with her elbows over the top of the main desk. She looks up as you enter, and takes her glasses and pokes them for a second. ""Hello? Hi."""
LIAM,00:52:00,00:52:01,Angry,"{'Angry': 0.9709061980247498, 'Disgusted': 0.00014097570965532213, 'Fearful': 9.721952665131539e-06, 'Happy': 0.0003405330644454807, 'Neutral': 0.028330305591225624, 'Other': 3.615579771576449e-05, 'Sad': 0.00019722887373063713, 'Surprised': 1.2523501936811954e-05, 'Unknown': 2.6346684535383247e-05}",Do you remember us?
MATT,00:52:01,00:52:03,Neutral,"{'Angry': 5.909053470531944e-06, 'Disgusted': 2.857567551473039e-06, 'Fearful': 3.946757715311833e-06, 'Happy': 3.4765256714308634e-05, 'Neutral': 0.9999345541000366, 'Other': 7.640347803317127e-07, 'Sad': 1.2866666111222003e-05, 'Surprised': 3.450518988756812e-06, 'Unknown': 8.313950274896342e-07}","""Right, I do."""
MARISHA,00:52:03,00:52:11,Angry,"{'Angry': 0.9210044741630554, 'Disgusted': 0.010846046730875969, 'Fearful': 0.0009137054439634085, 'Happy': 0.02419075183570385, 'Neutral': 0.010002104565501213, 'Other': 0.004638435784727335, 'Sad': 0.0011935356305912137, 'Surprised': 0.00027290877187624574, 'Unknown': 0.026938045397400856}",From Vox Machina? We're sponsored by Gilmore. He put the brand on my armor that my mother gave me.
MATT,00:52:11,00:52:16,Happy,"{'Angry': 6.572159236384323e-06, 'Disgusted': 1.5223376067297067e-05, 'Fearful': 6.260194641072303e-05, 'Happy': 0.9986415505409241, 'Neutral': 5.0320122682023793e-05, 'Other': 9.410341590410098e-06, 'Sad': 6.288126314757392e-05, 'Surprised': 0.0011496376246213913, 'Unknown': 1.7627327224545297e-06}","""And you should be wearing it proudly, yes? Now, what can I help you with?"""
SAM,00:52:16,00:52:19,Fearful,"{'Angry': 1.6434627241324051e-06, 'Disgusted': 1.5548043563740066e-07, 'Fearful': 0.9999775886535645, 'Happy': 1.2058229003741872e-05, 'Neutral': 9.142159029806862e-08, 'Other': 3.431412096688291e-07, 'Sad': 1.1734069857993745e-06, 'Surprised': 6.89460784997209e-06, 'Unknown': 3.420752392457871e-08}","Well, is Gilmore around?"
LIAM,00:52:19,00:52:28,Fearful,"{'Angry': 1.8886842099163914e-06, 'Disgusted': 2.8304700094849977e-07, 'Fearful': 0.9999886751174927, 'Happy': 1.5143157270358643e-06, 'Neutral': 3.242761579258513e-07, 'Other': 2.8292286291531354e-09, 'Sad': 6.67816220811801e-06, 'Surprised': 5.857619953530957e-07, 'Unknown': 1.8197530149421937e-09}","Yes, I was hoping to catch up with him. We've been gone a while, and I was hoping to trade news with Glorious Gilmore. Is he not in at the moment?"
MATT,00:52:28,00:52:38,Neutral,"{'Angry': 0.10884270817041397, 'Disgusted': 0.040291883051395416, 'Fearful': 0.026193544268608093, 'Happy': 0.041399963200092316, 'Neutral': 0.6731556057929993, 'Other': 0.0019575937185436487, 'Sad': 0.09624025970697403, 'Surprised': 0.006629170849919319, 'Unknown': 0.0052892472594976425}","""Gilmore's in Westruun, currently setting up the expansion of the Gilmore's Glorious Goods business. If this is important, I can certainly summon him here."""
LIAM,00:52:38,00:53:00,Happy,"{'Angry': 0.030016925185918808, 'Disgusted': 0.00017099775141105056, 'Fearful': 1.3113634850014932e-05, 'Happy': 0.9695563316345215, 'Neutral': 8.942487329477444e-05, 'Other': 1.892880209197756e-05, 'Sad': 4.9737140216166154e-05, 'Surprised': 8.174843969754875e-05, 'Unknown': 2.91941660179873e-06}","I'd hate to pull him away from business. I don't want to get in the way of his business. I mean, I am rather sad not to see him, but no, I don't think that would be a course of action we'd want to take. Let him continue to set up."
MATT,00:53:00,00:53:02,Angry,"{'Angry': 0.7589723467826843, 'Disgusted': 0.00816162396222353, 'Fearful': 0.06735339015722275, 'Happy': 0.11871258169412613, 'Neutral': 0.010210205800831318, 'Other': 0.002155792899429798, 'Sad': 0.007219725288450718, 'Surprised': 0.0012484926264733076, 'Unknown': 0.025965901091694832}","""All right, I suppose."""
LIAM,00:53:02,00:53:04,Neutral,"{'Angry': 0.004756656009703875, 'Disgusted': 0.0049504549242556095, 'Fearful': 0.002103758743032813, 'Happy': 0.02037639170885086, 'Neutral': 0.9354891777038574, 'Other': 0.00023018439242150635, 'Sad': 0.0029486806597560644, 'Surprised': 0.02464992180466652, 'Unknown': 0.004494786262512207}","Can you get a message to him, though?"
MATT,00:53:04,00:53:05,Surprised,"{'Angry': 0.0007703864830546081, 'Disgusted': 0.0008399071521125734, 'Fearful': 9.283157123718411e-05, 'Happy': 0.04416361823678017, 'Neutral': 0.10845015197992325, 'Other': 2.879954263335094e-05, 'Sad': 0.00011955272930208594, 'Surprised': 0.845511257648468, 'Unknown': 2.352142291783821e-05}","""Yes, I can, actually."""
LIAM,00:53:05,00:53:11,Happy,"{'Angry': 1.702416341231583e-08, 'Disgusted': 5.93726952047291e-08, 'Fearful': 2.03226644401866e-08, 'Happy': 0.9999996423721313, 'Neutral': 4.3848380926192476e-08, 'Other': 3.882765753360218e-08, 'Sad': 1.023905049635232e-08, 'Surprised': 8.753214153500721e-09, 'Unknown': 9.731490990816383e-08}","Well, tell him Vax'ildan and friends visited. We're in the city for a week."
MATT,00:53:11,00:53:17,Happy,"{'Angry': 0.0014131896896287799, 'Disgusted': 0.006272295024245977, 'Fearful': 0.00825047492980957, 'Happy': 0.9448343515396118, 'Neutral': 0.014441131614148617, 'Other': 0.0021982945036143064, 'Sad': 0.0010067224502563477, 'Surprised': 0.0019640910904854536, 'Unknown': 0.019619502127170563}","She pulls out a small sheet of what looks like a rough-around-the-edges piece of parchment, and starts the inkwell, scribbling down."
LIAM,00:53:17,00:53:33,Happy,"{'Angry': 0.0006458864081650972, 'Disgusted': 0.004897633101791143, 'Fearful': 0.0013770476216450334, 'Happy': 0.7834954261779785, 'Neutral': 0.009791003540158272, 'Other': 0.0013990476727485657, 'Sad': 0.013011162169277668, 'Surprised': 0.18490567803382874, 'Unknown': 0.00047711958177387714}","Vax'ildan. That's with an A, not an E. We're here for a week. I don't know if he's going to be back from Westruun before then, but if he is, tell him to get word to me. I'm very interested in exchanging news for the past few weeks."
MATT,00:53:33,00:53:50,Neutral,"{'Angry': 2.1220882828743015e-09, 'Disgusted': 4.388848659497846e-11, 'Fearful': 1.0082180749992897e-11, 'Happy': 6.008997299744578e-09, 'Neutral': 1.0, 'Other': 1.1906049063314939e-11, 'Sad': 3.946852178415838e-09, 'Surprised': 8.748902990962648e-11, 'Unknown': 2.45106955565344e-11}","""All right."" (foreign words) It flashes and disappears in front of her. ""Well then, he'll be receiving the message right about now. We'll pass that on, and whenever he returns, I'm certain he will get back to you and deal with whatever business is necessary."""
LIAM,00:53:50,00:53:54,Neutral,"{'Angry': 1.019717199568504e-08, 'Disgusted': 2.214446820358873e-10, 'Fearful': 1.4512776397301863e-11, 'Happy': 1.491166656819587e-08, 'Neutral': 1.0, 'Other': 1.3797830065997996e-11, 'Sad': 9.037273707157567e-10, 'Surprised': 3.643040591416735e-10, 'Unknown': 2.21287502211176e-11}",Thank you. We're here late in the day; are you still open for business?
MATT,00:53:54,00:53:56,Neutral,"{'Angry': 1.7716859090910475e-08, 'Disgusted': 1.2514554947884449e-09, 'Fearful': 1.912934532999344e-10, 'Happy': 1.563367213464062e-08, 'Neutral': 1.0, 'Other': 1.4249275370747938e-10, 'Sad': 5.025668325941979e-09, 'Surprised': 4.802562236783103e-10, 'Unknown': 5.591391794013134e-10}","""We are open, yes."""
MARISHA,00:53:56,00:54:10,Neutral,"{'Angry': 1.0707277946220284e-11, 'Disgusted': 4.134151517214829e-13, 'Fearful': 1.1155902319547745e-13, 'Happy': 1.4686397931118478e-11, 'Neutral': 1.0, 'Other': 1.907087057446532e-14, 'Sad': 1.5168265948828363e-11, 'Surprised': 2.512929751438686e-12, 'Unknown': 1.9450211569387726e-13}","I was just curious if you guys had a chance to think about the alchemy workshop that we talked about before, or if you maybe had any alchemy books that came in that I was requesting?"
MATT,00:54:10,00:54:43,Happy,"{'Angry': 0.0029704871121793985, 'Disgusted': 6.406780448742211e-05, 'Fearful': 0.000370023277355358, 'Happy': 0.9963507652282715, 'Neutral': 2.6533001800999045e-05, 'Other': 0.00010710486094467342, 'Sad': 7.079030183376744e-05, 'Surprised': 3.533139533828944e-05, 'Unknown': 4.942499344906537e-06}","""It's possible. We haven't completely restocked the shelves, as of late. I know we had some new things come in. I can go check."" And as she turns, all of a sudden there's a large, vibrant, white flash of light and a sound from the back room. The beaded curtains shift, for a second, and you hear heavy footsteps. And pushing through the beaded curtain, you see before you, with a bead of sweat on his head, Gilmore! ""I'm so glad you came back!"""
"SAM, MARISHA",00:54:43,00:54:45,Happy,"{'Angry': 0.036141082644462585, 'Disgusted': 0.35690921545028687, 'Fearful': 0.03573375940322876, 'Happy': 0.4802611470222473, 'Neutral': 0.02752518467605114, 'Other': 0.0002591826196294278, 'Sad': 0.04116591438651085, 'Surprised': 0.021686695516109467, 'Unknown': 0.00031779060373082757}",Gilmore!
MATT,00:54:45,00:54:50,Neutral,"{'Angry': 2.2567371615878073e-06, 'Disgusted': 9.10482995664097e-08, 'Fearful': 2.281119959590683e-09, 'Happy': 4.939647624269128e-06, 'Neutral': 0.9999926090240479, 'Other': 5.731771501871208e-09, 'Sad': 6.941892394252136e-08, 'Surprised': 1.3512358343348296e-08, 'Unknown': 7.298817550349668e-09}","""I'm sorry. I was out and about, running some business a ways away."""
LIAM,00:54:50,00:54:53,Neutral,"{'Angry': 0.010238973423838615, 'Disgusted': 0.0006298132939264178, 'Fearful': 0.00041705244802869856, 'Happy': 0.004011436831206083, 'Neutral': 0.981823742389679, 'Other': 0.00043962354538962245, 'Sad': 0.0002615872654132545, 'Surprised': 5.13303566549439e-05, 'Unknown': 0.0021264462266117334}",You didn't have to go to all that trouble to come back here.
MATT,00:54:53,00:54:58,Happy,"{'Angry': 5.477410468301969e-06, 'Disgusted': 3.8223174669838045e-06, 'Fearful': 3.7033885291748447e-06, 'Happy': 0.9997954964637756, 'Neutral': 7.318901771213859e-05, 'Other': 2.4677772216818994e-06, 'Sad': 0.00010337560524931177, 'Surprised': 1.2024570423818659e-05, 'Unknown': 4.666244421969168e-07}","""How could I miss seeing my fine-- there's not as many of you as usual."""
LIAM,00:54:58,00:55:15,Happy,"{'Angry': 3.532469054334797e-05, 'Disgusted': 9.519720333628356e-05, 'Fearful': 0.04075498506426811, 'Happy': 0.9547114968299866, 'Neutral': 6.591249984921888e-05, 'Other': 0.00046651577576994896, 'Sad': 0.0036068663466721773, 'Surprised': 0.00016189328744076192, 'Unknown': 0.00010178631782764569}","No, we're seeing to different bits of business. I turn back to him, I walk forward with hands out. I walk up to him, take him by the head, give him a good European-style kiss just about here-- right there-- come back, and say, there is so much to talk about. Where can we be alone?"
MATT,00:55:15,00:55:30,Neutral,"{'Angry': 2.3574765403711062e-11, 'Disgusted': 1.5776945722079105e-12, 'Fearful': 3.44905121173536e-13, 'Happy': 3.4089370215539816e-11, 'Neutral': 1.0, 'Other': 1.665591763903157e-13, 'Sad': 5.4856584552620546e-11, 'Surprised': 1.8562583761760898e-11, 'Unknown': 2.8009796630527883e-13}","He looks over at the rest of the group. ""Well, I mean--"" (laughter) MATT ""But of course."""
LIAM,00:55:30,00:55:32,Neutral,"{'Angry': 4.090619768248871e-05, 'Disgusted': 5.061635420133825e-06, 'Fearful': 3.6664195590674353e-07, 'Happy': 1.3372131434152834e-05, 'Neutral': 0.9999303817749023, 'Other': 8.791147934061883e-07, 'Sad': 6.877038686070591e-06, 'Surprised': 5.916130589866953e-07, 'Unknown': 1.5268111610566848e-06}",See to whatever business you need to.
SAM,00:55:32,00:55:36,Angry,"{'Angry': 0.5364219546318054, 'Disgusted': 9.86908416962251e-05, 'Fearful': 6.002682766848011e-06, 'Happy': 0.00013666096492670476, 'Neutral': 0.46322521567344666, 'Other': 6.829887752246577e-06, 'Sad': 8.8075379608199e-05, 'Surprised': 6.153770300443284e-06, 'Unknown': 1.0480202945473138e-05}","We'll just peruse, yeah. We'll window shop."
MATT,00:55:36,00:55:43,Neutral,"{'Angry': 4.334038553391317e-14, 'Disgusted': 1.473243452247339e-15, 'Fearful': 2.2568888477125413e-16, 'Happy': 5.3237237074245033e-14, 'Neutral': 1.0, 'Other': 3.1120451056288064e-16, 'Sad': 1.247163857647296e-13, 'Surprised': 2.5118441872372214e-14, 'Unknown': 8.631331906970325e-16}","He walks back through the beaded curtain, giving you this look over his shoulder. As he does, the curtain falls behind him."
LIAM,00:55:43,00:55:45,Neutral,"{'Angry': 2.156033951905556e-05, 'Disgusted': 1.2456931472115684e-05, 'Fearful': 2.41004568124481e-06, 'Happy': 0.00034433076507411897, 'Neutral': 0.9995943903923035, 'Other': 1.5894723901510588e-06, 'Sad': 1.5391384295071475e-05, 'Surprised': 3.5784830743068596e-06, 'Unknown': 4.254853593010921e-06}",Those beads.
TRAVIS,00:55:45,00:55:47,Neutral,"{'Angry': 6.705074689916657e-11, 'Disgusted': 5.633638954644082e-12, 'Fearful': 1.5143541802487004e-12, 'Happy': 8.851373800577989e-11, 'Neutral': 1.0, 'Other': 4.784890474292258e-13, 'Sad': 1.5776058237548796e-10, 'Surprised': 1.1156041368476366e-11, 'Unknown': 1.057558663038194e-12}",Oh jeez!
LIAM,00:55:47,00:55:49,Neutral,"{'Angry': 3.6852563880529488e-06, 'Disgusted': 2.531796098992345e-06, 'Fearful': 3.6000353702547727e-06, 'Happy': 2.8481270419433713e-05, 'Neutral': 0.9998911619186401, 'Other': 8.375246238756517e-07, 'Sad': 2.689074244699441e-05, 'Surprised': 4.26206570409704e-05, 'Unknown': 1.8666503365238896e-07}",I walk right in. Follow him in.
MATT,00:55:49,00:56:20,Happy,"{'Angry': 0.0043546766974031925, 'Disgusted': 0.042901553213596344, 'Fearful': 0.0014657583087682724, 'Happy': 0.8313186764717102, 'Neutral': 0.05410896614193916, 'Other': 0.02181314304471016, 'Sad': 0.008568687364459038, 'Surprised': 0.02568570151925087, 'Unknown': 0.009782878682017326}","And you can see now, as the glow gently fades, there is a rug that is pushed to the side, and on the floor of his room there is a familiar sigil, similar to the one that you've seen Tiberius scrawl before in some of his spells. That's apparently how he got here so quickly. But he walks in, and he kicks the rug back over it, sits down on the edge of his bed, puts his hands up and goes, ""What seems to be troubling you?"""
LIAM,00:56:20,00:56:37,Angry,"{'Angry': 0.886853039264679, 'Disgusted': 0.00815608724951744, 'Fearful': 0.0011760304914787412, 'Happy': 0.09687117487192154, 'Neutral': 0.0016957157058641315, 'Other': 0.0003407868789508939, 'Sad': 0.002980295568704605, 'Surprised': 0.0017221301095560193, 'Unknown': 0.00020469885203056037}","I walk over and I sit down opposite him, and I say: Before we talk about anything, I feel like I should apologize because although we didn't have any sort of written agreement, you and I are friends, aren't we?"
MATT,00:56:37,00:56:38,Neutral,"{'Angry': 0.1387251764535904, 'Disgusted': 0.01674584671854973, 'Fearful': 0.0016023992793634534, 'Happy': 0.03511460870504379, 'Neutral': 0.7559366226196289, 'Other': 5.1992527005495504e-05, 'Sad': 0.01402965746819973, 'Surprised': 0.037759773433208466, 'Unknown': 3.38822283083573e-05}","""Yes."""
LIAM,00:56:38,00:57:10,Disgusted,"{'Angry': 0.10612769424915314, 'Disgusted': 0.8473703265190125, 'Fearful': 0.00640437426045537, 'Happy': 0.010783965699374676, 'Neutral': 0.0064122057519853115, 'Other': 0.006918194703757763, 'Sad': 0.004603997804224491, 'Surprised': 0.0017022062093019485, 'Unknown': 0.009676972404122353}","And I was supposed to help bring your brand wherever we went. And I thought that would be possible. We came back from the Underdark. We had a very hard time, some of the hardest weeks of my life. I haven't delivered on my promise. And I mean to, but I haven't yet. I apologize wholeheartedly. I'm sorry."
MATT,00:57:10,00:57:28,Surprised,"{'Angry': 2.825664159900043e-05, 'Disgusted': 0.0003355150984134525, 'Fearful': 0.0007464677328243852, 'Happy': 0.00048087348113767803, 'Neutral': 0.005086093675345182, 'Other': 0.00030815269565209746, 'Sad': 0.0006103963823989034, 'Surprised': 0.9923485517501831, 'Unknown': 5.574198439717293e-05}","""That's all right. I understand: people grow busy. There are things you must tend to, and that's all right. And I appreciate you being so honest, I really do."""
LIAM,00:57:28,00:57:53,Happy,"{'Angry': 0.0002109389315592125, 'Disgusted': 0.00018797274969983846, 'Fearful': 0.009077507071197033, 'Happy': 0.965743362903595, 'Neutral': 8.364014502149075e-05, 'Other': 0.000277192797511816, 'Sad': 0.0013772074598819017, 'Surprised': 0.02299477718770504, 'Unknown': 4.7430239646928385e-05}","In addition to that, I am changed, and promises mean more to me, even more than they did before. And I promise to follow through. In the interest of time for the game, DM, Vax tells the whole story of the Underdark, of the horn, of how close it was."
MARISHA,00:57:53,00:57:55,Neutral,"{'Angry': 0.007301418110728264, 'Disgusted': 0.011653626337647438, 'Fearful': 0.0020589742343872786, 'Happy': 0.0009896286064758897, 'Neutral': 0.9671617746353149, 'Other': 4.6968230890342966e-05, 'Sad': 0.00798728782683611, 'Surprised': 0.0027344932314008474, 'Unknown': 6.581306661246344e-05}","Ugh, what is taking him so long, Scanlan?"
SAM,00:57:55,00:57:57,Neutral,"{'Angry': 6.2548577261623e-05, 'Disgusted': 2.7641095584840514e-05, 'Fearful': 1.4029522390046623e-05, 'Happy': 0.03612612187862396, 'Neutral': 0.9633982181549072, 'Other': 0.0002093304501613602, 'Sad': 1.3503464288078249e-05, 'Surprised': 1.299710766033968e-05, 'Unknown': 0.00013554241741076112}",I don't know.
MATT,00:57:57,00:58:02,Neutral,"{'Angry': 1.8790815374813974e-05, 'Disgusted': 2.2878879462950863e-05, 'Fearful': 6.320872671494726e-06, 'Happy': 5.867486834176816e-05, 'Neutral': 0.9994171857833862, 'Other': 5.932450903856079e-07, 'Sad': 0.00028820332954637706, 'Surprised': 0.00018718477804213762, 'Unknown': 2.083753685155898e-07}","While that's happening, the rest of you are left there awkwardly staring about."
MARISHA,00:58:02,00:58:05,Surprised,"{'Angry': 0.004406034015119076, 'Disgusted': 0.00020380617934279144, 'Fearful': 0.002113183494657278, 'Happy': 0.001052775071002543, 'Neutral': 0.0005028612795285881, 'Other': 1.4921511137799826e-05, 'Sad': 7.834412099327892e-05, 'Surprised': 0.9915609955787659, 'Unknown': 6.717001815559343e-05}",Did Sherri find my book? Sherri?
MATT,00:58:05,00:58:29,Other,"{'Angry': 0.013088703155517578, 'Disgusted': 0.10815759748220444, 'Fearful': 0.013006426393985748, 'Happy': 0.16515101492404938, 'Neutral': 0.08700189739465714, 'Other': 0.542473554611206, 'Sad': 0.0066422405652701855, 'Surprised': 0.0154348099604249, 'Unknown': 0.04904380068182945}","A few minutes go by. Sherri comes back. She brings two books over. ""Best I can tell, these may be what you're looking for? I can't quite--"" She sets them down. One is a book that is the properties of various liquids, chemicals, and things that are found on this plane and otherwise. It's a good way to locate and identify phantom liquids, should you come across any."
MARISHA,00:58:29,00:58:31,Angry,"{'Angry': 0.3936774730682373, 'Disgusted': 0.005844814237207174, 'Fearful': 0.012738571502268314, 'Happy': 0.10107410699129105, 'Neutral': 0.37456434965133667, 'Other': 0.02101481519639492, 'Sad': 0.004542266950011253, 'Surprised': 7.596310024382547e-05, 'Unknown': 0.08646760880947113}",That would be good for Scanlan.
TALIESIN,00:58:31,00:58:34,Neutral,"{'Angry': 0.0001892668951768428, 'Disgusted': 7.604428537888452e-05, 'Fearful': 8.047832670854405e-05, 'Happy': 0.0005235798889771104, 'Neutral': 0.998082160949707, 'Other': 7.03997939126566e-05, 'Sad': 4.474960223888047e-05, 'Surprised': 1.17118725029286e-06, 'Unknown': 0.0009321060497313738}",He is the source of a lot of phantom liquids.
MATT,00:58:34,00:58:58,Happy,"{'Angry': 0.00454814825206995, 'Disgusted': 0.07649735361337662, 'Fearful': 0.016935015097260475, 'Happy': 0.4311627745628357, 'Neutral': 0.3179098069667816, 'Other': 0.06686977297067642, 'Sad': 0.04121902957558632, 'Surprised': 0.029097268357872963, 'Unknown': 0.01576085388660431}","The other book appears to have a section about alchemy. It's essentially almost a beginner's guide, but it's a very, very easy-to-follow introduction to a number of various low-level sorceries and the creation of low-level spell components preparing them for use with spell-casting, and there is a chapter on a little bit of alchemy."
MARISHA,00:58:58,00:59:02,Neutral,"{'Angry': 0.0014427185524255037, 'Disgusted': 0.00034640272497199476, 'Fearful': 4.472712680581026e-05, 'Happy': 0.08287211507558823, 'Neutral': 0.9136350750923157, 'Other': 4.3626110709737986e-05, 'Sad': 0.0006826036842539907, 'Surprised': 0.0008911273325793445, 'Unknown': 4.16816801589448e-05}","Okay, how much are these, Sherri?"
MATT,00:59:02,00:59:04,Neutral,"{'Angry': 0.09607446938753128, 'Disgusted': 0.0037074515130370855, 'Fearful': 0.0007407368393614888, 'Happy': 0.014234739355742931, 'Neutral': 0.8812413811683655, 'Other': 6.387323082890362e-05, 'Sad': 0.0029668849892914295, 'Surprised': 0.000922903825994581, 'Unknown': 4.767905920743942e-05}","""They haven't been priced, yet."""
MARISHA,00:59:04,00:59:07,Neutral,"{'Angry': 3.493232156870363e-07, 'Disgusted': 2.9694028569338116e-08, 'Fearful': 9.403210654568284e-09, 'Happy': 1.7563341998538817e-06, 'Neutral': 0.9999974966049194, 'Other': 2.270566490381043e-08, 'Sad': 3.1865872074376966e-07, 'Surprised': 1.4776096790569682e-08, 'Unknown': 4.6632649741695786e-08}","I mean, they're-- they're all right."
LAURA,00:59:07,00:59:13,Other,"{'Angry': 0.0015752644976601005, 'Disgusted': 0.07806617021560669, 'Fearful': 0.00010498844494577497, 'Happy': 0.00036380343954078853, 'Neutral': 0.008540638722479343, 'Other': 0.910196840763092, 'Sad': 0.00013682500866707414, 'Surprised': 0.00012997233716305345, 'Unknown': 0.0008855017367750406}","Good going, Keyleth! I like it!"
MATT,00:59:13,00:59:16,Neutral,"{'Angry': 7.222658582328734e-10, 'Disgusted': 7.197038520700971e-10, 'Fearful': 2.8816296571143596e-10, 'Happy': 1.2181788022758155e-08, 'Neutral': 1.0, 'Other': 1.4808990145276368e-10, 'Sad': 2.099091034324374e-08, 'Surprised': 4.2348125006697046e-10, 'Unknown': 1.7283044440041806e-10}","""25 gold, each."""
MARISHA,00:59:16,00:59:26,Neutral,"{'Angry': 2.4006595322756397e-12, 'Disgusted': 1.1899612155016892e-13, 'Fearful': 3.794880737233684e-14, 'Happy': 3.3614658365849204e-12, 'Neutral': 1.0, 'Other': 1.1371502020183707e-14, 'Sad': 1.0595298076399029e-11, 'Surprised': 9.11769900031889e-13, 'Unknown': 9.112548497898498e-14}","25 gold, each? Oh, come on. I know some university student dropped these off and donated these. Don't kid me, Sherri. Am I doing it right? Do I sound like Vex?"
MATT,00:59:26,00:59:27,Happy,"{'Angry': 0.00953838974237442, 'Disgusted': 7.478243060177192e-05, 'Fearful': 5.095425876788795e-05, 'Happy': 0.5874114632606506, 'Neutral': 0.40195339918136597, 'Other': 9.118700290855486e-06, 'Sad': 0.00044865073869004846, 'Surprised': 0.0005128266639076173, 'Unknown': 4.823120889341226e-07}",Make a persuasion roll.
MARISHA,00:59:27,00:59:29,Neutral,"{'Angry': 0.00013945260434411466, 'Disgusted': 0.00011102809367002919, 'Fearful': 1.2114111996197607e-05, 'Happy': 0.042516011744737625, 'Neutral': 0.9564750790596008, 'Other': 1.4768264918529894e-05, 'Sad': 0.0004623991553671658, 'Surprised': 0.0002633090771269053, 'Unknown': 5.7635752455098554e-06}",Damn it!
TALIESIN,00:59:29,00:59:31,Happy,"{'Angry': 0.0011294629657641053, 'Disgusted': 0.00213078735396266, 'Fearful': 0.00029487090068869293, 'Happy': 0.7687375545501709, 'Neutral': 0.20852385461330414, 'Other': 0.008509660139679909, 'Sad': 0.004943982232362032, 'Surprised': 0.005459445528686047, 'Unknown': 0.00027037516701966524}","I was about to say, make her do a persuasion roll, it'd be funny."
SAM,00:59:31,00:59:34,Neutral,"{'Angry': 4.1107042899821145e-13, 'Disgusted': 1.4612887045154996e-14, 'Fearful': 3.3870755389319752e-15, 'Happy': 5.028150747328486e-13, 'Neutral': 1.0, 'Other': 1.6692189241547246e-15, 'Sad': 1.3606415256647852e-12, 'Surprised': 1.5938816835380648e-13, 'Unknown': 8.979073554289934e-15}",Unforced error.
TALIESIN,00:59:34,00:59:45,Happy,"{'Angry': 2.207449324487243e-05, 'Disgusted': 4.7753828766872175e-06, 'Fearful': 0.00021142812329344451, 'Happy': 0.9996726512908936, 'Neutral': 7.928576906124363e-07, 'Other': 3.7650077047146624e-06, 'Sad': 4.105794505449012e-05, 'Surprised': 4.307381095713936e-05, 'Unknown': 4.15026789823969e-07}",I'm sorry! (laughter)
LIAM,00:59:45,00:59:46,Neutral,"{'Angry': 7.609371823491529e-05, 'Disgusted': 1.2240915566508193e-05, 'Fearful': 5.672061433870113e-07, 'Happy': 0.0012300503440201283, 'Neutral': 0.9986482262611389, 'Other': 4.535994321486214e-06, 'Sad': 1.1401563824620098e-05, 'Surprised': 1.6437694284832105e-05, 'Unknown': 4.257944965502247e-07}",I spoke too soon!
TRAVIS,00:59:46,00:59:49,Happy,"{'Angry': 0.001619738177396357, 'Disgusted': 0.002501229289919138, 'Fearful': 0.001089932513423264, 'Happy': 0.9705268144607544, 'Neutral': 0.015274939127266407, 'Other': 0.0017923687119036913, 'Sad': 0.0038123158738017082, 'Surprised': 0.0023952543269842863, 'Unknown': 0.0009873623494058847}",So perfect! So perfect for you.
MATT,00:59:49,00:59:59,Neutral,"{'Angry': 3.3848707971628755e-05, 'Disgusted': 4.383842315291986e-05, 'Fearful': 2.9639470540132606e-06, 'Happy': 0.006510099396109581, 'Neutral': 0.9931039214134216, 'Other': 4.308700590627268e-05, 'Sad': 4.0078059100778773e-05, 'Surprised': 2.012880031543318e-06, 'Unknown': 0.00022008652740623802}","She reaches out and takes the books and slides them back, and says, ""Well, if that's how you feel, perhaps these can be returned to those university students that perhaps left them by. I should put these in the lost and found."""
MARISHA,00:59:59,01:00:00,Angry,"{'Angry': 0.965155303478241, 'Disgusted': 0.002808494260534644, 'Fearful': 0.004064778797328472, 'Happy': 0.008040844462811947, 'Neutral': 0.01582409255206585, 'Other': 0.00010358851432101801, 'Sad': 0.002701717661693692, 'Surprised': 0.00041616265662014484, 'Unknown': 0.0008850206504575908}",Sherri!
SAM,01:00:00,01:00:14,Neutral,"{'Angry': 5.376466916118261e-08, 'Disgusted': 4.1664569572219534e-09, 'Fearful': 2.4317323155109705e-10, 'Happy': 1.0112703563436298e-08, 'Neutral': 1.0, 'Other': 2.4774765572388446e-10, 'Sad': 8.692258468556702e-09, 'Surprised': 1.9462385036916885e-09, 'Unknown': 6.453648726534311e-10}","Sherri. If I may. What Keyleth was trying to say was that she never got a chance to go to college, and that she wanted to get that university experience."
MATT,01:00:14,01:00:16,Neutral,"{'Angry': 1.347453235212015e-05, 'Disgusted': 3.366751116118394e-06, 'Fearful': 7.949264499984565e-07, 'Happy': 1.1896676369360648e-05, 'Neutral': 0.9999552965164185, 'Other': 2.796416254113865e-07, 'Sad': 1.1039330274797976e-05, 'Surprised': 9.085582064471964e-08, 'Unknown': 3.750981932171271e-06}","""Good luck."""
SAM,01:00:16,01:00:22,Neutral,"{'Angry': 3.018322702885712e-09, 'Disgusted': 8.00502275577486e-10, 'Fearful': 1.0440552589141561e-10, 'Happy': 3.5443856738481827e-09, 'Neutral': 1.0, 'Other': 3.5411945598085026e-10, 'Sad': 5.075665221454528e-09, 'Surprised': 1.2047386699354234e-10, 'Unknown': 1.263167792586728e-09}","Well, that didn't work. Hey, can you serve me, now?"
MARISHA,01:00:22,01:00:28,Neutral,"{'Angry': 7.368726939391279e-13, 'Disgusted': 2.7265966855193405e-14, 'Fearful': 6.422833998594862e-15, 'Happy': 8.530070638550213e-13, 'Neutral': 1.0, 'Other': 2.6502733418509814e-15, 'Sad': 2.19050407153365e-12, 'Surprised': 2.5516787576125577e-13, 'Unknown': 1.8245235373524557e-14}","(whispering) Scanlan. Scanlan! Will you buy those books for me, and I'll reimburse you?"
MATT,01:00:28,01:00:32,Angry,"{'Angry': 0.6732950806617737, 'Disgusted': 0.010567400604486465, 'Fearful': 0.0034148539416491985, 'Happy': 0.12047699838876724, 'Neutral': 0.1450832486152649, 'Other': 0.002054397715255618, 'Sad': 0.030912941321730614, 'Surprised': 0.004032620694488287, 'Unknown': 0.010162492282688618}","""I can hear you. I'm right here."" (laughter)"
TRAVIS,01:00:32,01:00:33,Neutral,"{'Angry': 1.435367448721081e-05, 'Disgusted': 2.07947482522286e-06, 'Fearful': 1.7474851574661443e-06, 'Happy': 0.00015549098316114396, 'Neutral': 0.9998034834861755, 'Other': 1.88487007335425e-07, 'Sad': 1.0374762496212497e-05, 'Surprised': 1.2199836419313215e-05, 'Unknown': 3.848107965609415e-08}",Walk away!
MATT,01:00:33,01:00:35,Neutral,"{'Angry': 7.063218759872925e-11, 'Disgusted': 8.26573965523325e-12, 'Fearful': 3.383058156530838e-12, 'Happy': 4.731632863297364e-10, 'Neutral': 1.0, 'Other': 3.3949698521190674e-13, 'Sad': 3.3513034014553966e-10, 'Surprised': 8.309103405323981e-11, 'Unknown': 4.48565338519169e-13}","""Yes, I'm happy to help you."""
SAM,01:00:35,01:00:44,Neutral,"{'Angry': 1.198010977532249e-06, 'Disgusted': 8.762303309595154e-07, 'Fearful': 8.42026608438573e-08, 'Happy': 0.0001875534071587026, 'Neutral': 0.9998071789741516, 'Other': 2.274139916380591e-07, 'Sad': 1.8758578335109632e-06, 'Surprised': 7.638194006176491e-07, 'Unknown': 2.937406691216893e-07}","I was wondering if you had a small box of some sort that could carry a magical item, and perhaps shield it from detection."
MATT,01:00:44,01:01:12,Happy,"{'Angry': 9.063322795554996e-05, 'Disgusted': 0.0001650811027502641, 'Fearful': 4.1953582694986835e-05, 'Happy': 0.9984670281410217, 'Neutral': 0.0003331211337354034, 'Other': 6.792168278479949e-05, 'Sad': 0.0007783528999425471, 'Surprised': 2.8535741876112297e-05, 'Unknown': 2.730393680394627e-05}","""That? Yes, we do have a couple of those. Hold on."" She darts up the stairway in the other room and goes to the second floor. A few moments later, she comes back down with these two small chests-- they're about that big, each. One's a lighter wood color, the other is painted black all over. ""We have both of these. They should shield something of this size from most low-level magical detections. These will run you about 200 gold apiece."""
SAM,01:01:12,01:01:28,Neutral,"{'Angry': 2.3220984076033346e-05, 'Disgusted': 1.4284702274380834e-06, 'Fearful': 1.1765576601874272e-07, 'Happy': 2.1899431885685772e-05, 'Neutral': 0.9999463558197021, 'Other': 1.5507865782637964e-06, 'Sad': 3.84610757464543e-06, 'Surprised': 6.584692187061592e-07, 'Unknown': 9.274212402488047e-07}","I just need one. You're a woman of the world, and I'm sure you have fine taste, judging by your appearance. It is quite fine, if I may say so myself. If I were a little taller, I would probably ask you out on a date."
MATT,01:01:28,01:01:30,Neutral,"{'Angry': 0.006802079733461142, 'Disgusted': 1.902563963085413e-05, 'Fearful': 4.360465027275495e-05, 'Happy': 0.0009842135477811098, 'Neutral': 0.9919126033782959, 'Other': 7.386055585811846e-06, 'Sad': 0.00016044106450863183, 'Surprised': 6.813641812186688e-05, 'Unknown': 2.47355387728021e-06}","""If you were a little taller, yes."""
MARISHA,01:01:30,01:01:32,Happy,"{'Angry': 2.1780575953922465e-10, 'Disgusted': 2.837852453030365e-10, 'Fearful': 1.1159175666852761e-10, 'Happy': 1.0, 'Neutral': 3.5891218885808485e-09, 'Other': 5.868766028704897e-10, 'Sad': 5.398701041769982e-09, 'Surprised': 3.7624994786433774e-10, 'Unknown': 7.15893316849403e-11}",Sherri is sassy today!
ORION,01:01:32,01:01:34,Neutral,"{'Angry': 0.4885895848274231, 'Disgusted': 0.00028805018519051373, 'Fearful': 4.243358944222564e-06, 'Happy': 0.0023373099975287914, 'Neutral': 0.5084962844848633, 'Other': 1.3913145266997162e-05, 'Sad': 0.00023060679086484015, 'Surprised': 3.681218731799163e-05, 'Unknown': 3.2541163363930536e-06}",She's full of sass!
SAM,01:01:34,01:01:36,Neutral,"{'Angry': 1.08172689579078e-05, 'Disgusted': 4.4700095713778865e-07, 'Fearful': 3.564120021337658e-08, 'Happy': 7.060953066684306e-07, 'Neutral': 0.9999861717224121, 'Other': 4.866153631155612e-07, 'Sad': 5.352830498850381e-07, 'Surprised': 2.3119530112580833e-07, 'Unknown': 5.202608690524357e-07}",Which one is the fancier of the two?
MATT,01:01:36,01:01:53,Neutral,"{'Angry': 1.0064444389001892e-08, 'Disgusted': 5.594399943298356e-10, 'Fearful': 5.876122505243941e-11, 'Happy': 9.756877084043936e-09, 'Neutral': 1.0, 'Other': 5.7637533634746774e-11, 'Sad': 3.1873759187561745e-09, 'Surprised': 7.818423686245524e-10, 'Unknown': 1.0871605005124962e-10}","""Well, looking at these, this one--"" She points to the one that looks like just a casual, wood chest. ""This would be easier to hide in plain sight amongst the rest of your furniture. This one, however, would be difficult to locate in a more shaded, or lightless, circumstance."""
SAM,01:01:53,01:01:56,Neutral,"{'Angry': 5.727853931603022e-05, 'Disgusted': 0.00042510341154411435, 'Fearful': 0.00030283565865829587, 'Happy': 0.003371097380295396, 'Neutral': 0.9914473295211792, 'Other': 0.0010510054416954517, 'Sad': 0.0002086054446408525, 'Surprised': 1.9407400031923316e-05, 'Unknown': 0.003117414889857173}",Hm. I want ostentatiousness.
MATT,01:01:56,01:01:58,Angry,"{'Angry': 0.9999995231628418, 'Disgusted': 7.45487724884697e-08, 'Fearful': 5.359465315990519e-09, 'Happy': 5.831244820342363e-08, 'Neutral': 4.0338903772862977e-07, 'Other': 4.685740240262248e-09, 'Sad': 1.748301059478763e-08, 'Surprised': 2.4626694017371165e-09, 'Unknown': 3.0689593089050504e-09}","""Then perhaps this one?"""
SAM,01:01:58,01:02:33,Neutral,"{'Angry': 1.0930933740382898e-06, 'Disgusted': 2.5299829786717964e-08, 'Fearful': 1.7065636681579122e-09, 'Happy': 0.0002449297171551734, 'Neutral': 0.9997536540031433, 'Other': 2.099517670828277e-09, 'Sad': 3.896823272953043e-07, 'Surprised': 1.2256808012978126e-08, 'Unknown': 2.345015293059305e-09}","Yes, please. That. Thanks. Thank you. 200 to you. Also, I know Gilmore is otherwise entertained. Can you try to identify something for me? Do you have that-- I mean, judging by the glint in your eye and beauty in your heart, I'm sure you have many skills I don't know about, but I'm wondering if you could identify this small, red vial with a floating something in it, that I procured quite some time ago! Do you remember that?"
MATT,01:02:33,01:02:44,Happy,"{'Angry': 0.00015965021157171577, 'Disgusted': 0.0016445210203528404, 'Fearful': 0.00017702825425658375, 'Happy': 0.9934060573577881, 'Neutral': 0.0007022460922598839, 'Other': 0.0016587711870670319, 'Sad': 0.0005183917237445712, 'Surprised': 0.0013746686745435, 'Unknown': 0.00035864446545019746}","Yes. This vial, if I recall, it has this small--"
SAM,01:02:44,01:02:47,Neutral,"{'Angry': 7.631619403265788e-13, 'Disgusted': 2.5784684107364557e-14, 'Fearful': 6.409763856702255e-15, 'Happy': 8.957118900754235e-13, 'Neutral': 1.0, 'Other': 2.6322681742494336e-15, 'Sad': 2.4921187075782614e-12, 'Surprised': 2.290702350027374e-13, 'Unknown': 1.7204499543760354e-14}","Have I tried this, once before?"
MATT,01:02:47,01:02:49,Happy,"{'Angry': 0.00013396330177783966, 'Disgusted': 6.322175613604486e-05, 'Fearful': 5.0429687689756975e-05, 'Happy': 0.9952195286750793, 'Neutral': 0.004301734734326601, 'Other': 2.3908498860691907e-06, 'Sad': 8.91823074198328e-05, 'Surprised': 0.0001284720201510936, 'Unknown': 1.1060092219850048e-05}","No, this is the one that was found--"
SAM,01:02:49,01:02:55,Happy,"{'Angry': 3.9387046854244545e-05, 'Disgusted': 0.00011032284237444401, 'Fearful': 1.6017433154047467e-05, 'Happy': 0.9995929598808289, 'Neutral': 5.8768640883499756e-05, 'Other': 3.2543393899686635e-05, 'Sad': 2.447095357638318e-05, 'Surprised': 8.479886673740111e-06, 'Unknown': 0.00011708098463714123}","Me and Pike found some stuff in somebody's house? I don't even remember, this was a year ago."
MATT,01:02:55,01:03:04,Neutral,"{'Angry': 1.7880495695177245e-11, 'Disgusted': 1.0731561039117876e-12, 'Fearful': 2.0746228899300861e-13, 'Happy': 1.6476304695589583e-11, 'Neutral': 1.0, 'Other': 6.599311619089401e-14, 'Sad': 2.938821755393839e-11, 'Surprised': 4.0779619264741385e-12, 'Unknown': 4.50230781476324e-13}","Right. Yes, okay. There we go. And make a persuasion roll, actually, on this one."
SAM,01:03:04,01:03:06,Sad,"{'Angry': 3.113064667559229e-05, 'Disgusted': 1.6513760783709586e-05, 'Fearful': 1.3534063327824697e-05, 'Happy': 9.59393128141528e-06, 'Neutral': 0.00010231730993837118, 'Other': 4.0081522456603125e-07, 'Sad': 0.9997879862785339, 'Surprised': 3.823107181233354e-05, 'Unknown': 2.204386078119569e-07}",A lot.
TALIESIN,01:03:06,01:03:10,Fearful,"{'Angry': 0.004663899540901184, 'Disgusted': 0.0015689675929024816, 'Fearful': 0.9916757345199585, 'Happy': 0.001015988178551197, 'Neutral': 2.879128442145884e-05, 'Other': 0.0007263911538757384, 'Sad': 0.00014948613534215838, 'Surprised': 4.536581764114089e-05, 'Unknown': 0.0001252892689080909}","Oh, look: a real roll."
MARISHA,01:03:10,01:03:11,Neutral,"{'Angry': 1.06952458001075e-09, 'Disgusted': 8.602099588195244e-11, 'Fearful': 1.0237222528020062e-11, 'Happy': 1.694928419837538e-09, 'Neutral': 1.0, 'Other': 5.531200931302438e-12, 'Sad': 9.674224754618876e-10, 'Surprised': 1.168548452445961e-10, 'Unknown': 1.0650693868519134e-11}",Shut up.
SAM,01:03:11,01:03:19,Surprised,"{'Angry': 8.824239557725377e-06, 'Disgusted': 3.946598098991672e-06, 'Fearful': 2.987242169183446e-06, 'Happy': 5.412847895058803e-05, 'Neutral': 1.4937664673198014e-05, 'Other': 1.740597895150131e-06, 'Sad': 5.7288330026494805e-06, 'Surprised': 0.9999074935913086, 'Unknown': 1.7057298862255266e-07}","Persuasion? It's 35. Wait, 31. 31."
TRAVIS,01:03:19,01:03:22,Sad,"{'Angry': 0.001427086303010583, 'Disgusted': 0.003991504665464163, 'Fearful': 0.09602992981672287, 'Happy': 0.022055769339203835, 'Neutral': 0.011059585958719254, 'Other': 0.00011045797873521224, 'Sad': 0.6723188757896423, 'Surprised': 0.19296805560588837, 'Unknown': 3.871217631967738e-05}",Matt just visited his mind palace.
MATT,01:03:22,01:04:14,Neutral,"{'Angry': 8.699833415448666e-05, 'Disgusted': 0.0002169378858525306, 'Fearful': 1.4287059457274154e-05, 'Happy': 0.009283699095249176, 'Neutral': 0.8349874019622803, 'Other': 0.01008063368499279, 'Sad': 0.13681530952453613, 'Surprised': 1.5271012898665504e-06, 'Unknown': 0.008513354696333408}","She looks at you, and goes, ""You have been good patrons, and you have been much kinder to me than others. We'll put this one on the house. We'll call this on the house."" And as she takes the vial, sets it down, and she pulls out another book that she shuffles through, puts it up, turns through a few pages, until, looking through, ""This here would be a Potion of Fire Breath. When imbibed, it should give you a temporary time period of the ability to breathe fire, much like a relatively young dragon. This one in particular is fire. There are many different vials like this that pertain to different colorations of dragon, but this one is specifically for the red."""
SAM,01:04:14,01:04:32,Happy,"{'Angry': 1.1944528033325241e-08, 'Disgusted': 3.657567759773883e-08, 'Fearful': 1.7321671208492262e-08, 'Happy': 0.9999998807907104, 'Neutral': 4.6193058267363085e-08, 'Other': 2.203057292149424e-08, 'Sad': 6.098996152559266e-08, 'Surprised': 7.2413794960368705e-09, 'Unknown': 3.099067313883097e-08}","Thank you so much. Thank you. Well, thank you so much. Two more questions, then I'll leave you alone. One: where can I go get business cards printed up, in this town? It's a calling card? Never mind! Forget it."
MATT,01:04:32,01:04:33,Angry,"{'Angry': 0.4562055468559265, 'Disgusted': 0.03372301161289215, 'Fearful': 0.0005891816690564156, 'Happy': 0.14283904433250427, 'Neutral': 0.35121071338653564, 'Other': 0.001523373881354928, 'Sad': 0.009227712638676167, 'Surprised': 0.002632342278957367, 'Unknown': 0.002049073576927185}","""Like a flyer?"""
SAM,01:04:33,01:04:35,Fearful,"{'Angry': 0.0034947700332850218, 'Disgusted': 0.0019216882064938545, 'Fearful': 0.9800689220428467, 'Happy': 0.0006609981646761298, 'Neutral': 7.608706073369831e-05, 'Other': 0.0008090697810985148, 'Sad': 0.00976317748427391, 'Surprised': 0.003166482551023364, 'Unknown': 3.884801481035538e-05}",Yes!
MATT,01:04:35,01:04:43,Fearful,"{'Angry': 0.05385691672563553, 'Disgusted': 0.016096673905849457, 'Fearful': 0.5038983225822449, 'Happy': 0.23459403216838837, 'Neutral': 0.00016406498616561294, 'Other': 0.041011519730091095, 'Sad': 0.0012114624259993434, 'Surprised': 0.10382434725761414, 'Unknown': 0.04534260183572769}","""Those can be printed. There is a-- actually, a pretty well-designed print facility not that far up the road."""
SAM,01:04:43,01:05:05,Happy,"{'Angry': 9.340104588773102e-05, 'Disgusted': 6.021281296852976e-05, 'Fearful': 0.0021389296744018793, 'Happy': 0.9975132942199707, 'Neutral': 2.9788391202600906e-06, 'Other': 7.743506284896284e-05, 'Sad': 5.9898957260884345e-05, 'Surprised': 3.4196247725049034e-05, 'Unknown': 1.950101795955561e-05}","Oh, great! Thank you; I'll go investigate that. And one other thing: you know those books that my friend was asking about? Could we maybe make those happen for her? I know that you had quoted her a low, low price of 25. I'd be prepared to pay even more than that for them. And compose you a little song about yourself."
MATT,01:05:05,01:05:23,Neutral,"{'Angry': 2.6259674541506683e-06, 'Disgusted': 6.716141864870906e-09, 'Fearful': 8.406076390521378e-10, 'Happy': 8.08640095328883e-07, 'Neutral': 0.9999964237213135, 'Other': 1.6320347295817328e-09, 'Sad': 1.0596252053574062e-07, 'Surprised': 6.652877804214086e-09, 'Unknown': 1.1514710296367525e-09}","At which point, for the first time since the entire time you've been in the shop of Gilmore's Glorious Goods, you see a slight grin creep across her lips. She goes, ""How could a lady say no to a song? 25 gold! The price stands."""
SAM,01:05:23,01:05:26,Neutral,"{'Angry': 4.708165281253063e-13, 'Disgusted': 1.4243646748722007e-14, 'Fearful': 3.551724132559871e-15, 'Happy': 5.296159019153868e-13, 'Neutral': 1.0, 'Other': 1.6779076822485408e-15, 'Sad': 1.6103253713123378e-12, 'Surprised': 1.4575873060612698e-13, 'Unknown': 9.785736064245147e-15}",So I have to pay you and sing to you?
MATT,01:05:26,01:05:30,Disgusted,"{'Angry': 0.3179662525653839, 'Disgusted': 0.4829188287258148, 'Fearful': 0.18925940990447998, 'Happy': 0.0010085776448249817, 'Neutral': 5.9326994232833385e-05, 'Other': 0.0073982891626656055, 'Sad': 0.0008699632599018514, 'Surprised': 0.00020982968271709979, 'Unknown': 0.0003095005522482097}","""We run a business, here, yes."""
SAM,01:05:30,01:05:32,Angry,"{'Angry': 0.9999959468841553, 'Disgusted': 9.188473981680545e-09, 'Fearful': 1.1239388308936782e-09, 'Happy': 4.6880860082865183e-08, 'Neutral': 3.8858815969433635e-06, 'Other': 1.7729040457936662e-10, 'Sad': 5.1962083524870195e-09, 'Surprised': 3.3614959704664216e-09, 'Unknown': 5.607469349966365e-12}",All right.
MATT,01:05:32,01:05:33,Angry,"{'Angry': 0.9977819323539734, 'Disgusted': 2.195127308368683e-06, 'Fearful': 1.7678894437267445e-06, 'Happy': 0.0009246953995898366, 'Neutral': 0.0012037308188155293, 'Other': 8.050727046793327e-06, 'Sad': 6.856155960122123e-05, 'Surprised': 8.152076588885393e-06, 'Unknown': 9.20765728551487e-07}",She pulls the books out.
SAM,01:05:33,01:05:38,Neutral,"{'Angry': 5.324929588823579e-06, 'Disgusted': 2.774146707906766e-07, 'Fearful': 3.263303582912158e-08, 'Happy': 3.8567883166251704e-05, 'Neutral': 0.9999552965164185, 'Other': 8.183315003407188e-08, 'Sad': 2.280971642676377e-07, 'Surprised': 3.1448259107946797e-08, 'Unknown': 1.0394919058853702e-07}",I bring out my-- something. (laughter)
SAM,01:05:38,01:06:14,Neutral,"{'Angry': 0.0007998096407391131, 'Disgusted': 6.1273283790797e-05, 'Fearful': 3.7350860111473594e-06, 'Happy': 0.10063318908214569, 'Neutral': 0.8980978727340698, 'Other': 3.126171213807538e-05, 'Sad': 0.00031062582274898887, 'Surprised': 7.687674042244907e-06, 'Unknown': 5.4517491662409157e-05}","(sings) Sherri baby, Sherri baby, Sherri, won't you come home tonight? Come home tonight? You better ask your mama. Tell her you're without a gnome! Why don't you come home to my keep!"
MATT,01:06:14,01:06:15,Sad,"{'Angry': 0.030251240357756615, 'Disgusted': 0.08780471980571747, 'Fearful': 0.012989713810384274, 'Happy': 0.009199162013828754, 'Neutral': 0.09738224744796753, 'Other': 0.00020322306954767555, 'Sad': 0.6967350840568542, 'Surprised': 0.06540931761264801, 'Unknown': 2.533114093239419e-05}","""Pay for the books!"""
SAM,01:06:15,01:06:18,Happy,"{'Angry': 5.798255742206493e-08, 'Disgusted': 5.808923901895469e-07, 'Fearful': 2.297922208072123e-07, 'Happy': 0.9999737739562988, 'Neutral': 3.058903757846565e-06, 'Other': 6.736523232575564e-07, 'Sad': 2.76355365258496e-07, 'Surprised': 1.2221030409875766e-08, 'Unknown': 2.1308847863110714e-05}","Okay, here you go!"
MATT,01:06:18,01:06:21,Neutral,"{'Angry': 4.791287852579096e-11, 'Disgusted': 3.867924210088081e-12, 'Fearful': 8.071504077090952e-13, 'Happy': 7.344123226227239e-11, 'Neutral': 1.0, 'Other': 2.375991113925946e-13, 'Sad': 1.1282665079992427e-10, 'Surprised': 1.7336023241942833e-11, 'Unknown': 2.985890072519648e-13}","You can see, her face is flushed and she, (clears throat)."
MARISHA,01:06:21,01:06:26,Neutral,"{'Angry': 2.4538845348059946e-12, 'Disgusted': 7.500326314885397e-14, 'Fearful': 1.529356610970034e-14, 'Happy': 2.476916675236973e-12, 'Neutral': 1.0, 'Other': 5.301023986767741e-15, 'Sad': 4.820912766212437e-12, 'Surprised': 5.016406669396123e-13, 'Unknown': 3.523266408982616e-14}",I Druidcraft a flower real quick and slip it to Scanlan to give to her.
SAM,01:06:26,01:06:28,Neutral,"{'Angry': 2.6249979967474246e-08, 'Disgusted': 3.0926776695139324e-09, 'Fearful': 1.5489673432789175e-10, 'Happy': 1.7900539432957885e-06, 'Neutral': 0.9999982118606567, 'Other': 6.545818054259911e-11, 'Sad': 2.2021502843472263e-08, 'Surprised': 3.621096311690053e-09, 'Unknown': 3.9945987490019874e-11}",Oh! Here you are.
MATT,01:06:28,01:06:32,Neutral,"{'Angry': 0.0028391950763761997, 'Disgusted': 0.015279719606041908, 'Fearful': 0.00039998325519263744, 'Happy': 0.016501231119036674, 'Neutral': 0.9411856532096863, 'Other': 0.004642294719815254, 'Sad': 0.01598823443055153, 'Surprised': 0.0014193301321938634, 'Unknown': 0.0017442863900214434}","""Thank you."""
TRAVIS,01:06:32,01:06:36,Disgusted,"{'Angry': 0.03224113583564758, 'Disgusted': 0.7910934090614319, 'Fearful': 0.00038991207838989794, 'Happy': 0.004422858823090792, 'Neutral': 0.06166478618979454, 'Other': 0.0344306081533432, 'Sad': 0.017926571890711784, 'Surprised': 0.05629529431462288, 'Unknown': 0.0015354498755186796}",(gasps) Did she blush?
MATT,01:06:36,01:06:45,Neutral,"{'Angry': 6.723977624689681e-11, 'Disgusted': 6.072796779332812e-12, 'Fearful': 1.6591403815061079e-12, 'Happy': 4.483444726588459e-10, 'Neutral': 1.0, 'Other': 3.387699463400923e-13, 'Sad': 2.0498262809365286e-10, 'Surprised': 3.9410107122161975e-11, 'Unknown': 2.1978109436548987e-12}","She's red in the face. At this point in time, the beaded curtains reopen. Have you finished the conversation, or do you want to keep going?"
LIAM,01:06:45,01:07:16,Neutral,"{'Angry': 7.65664481150452e-07, 'Disgusted': 1.3542681926992373e-06, 'Fearful': 8.503870674303471e-08, 'Happy': 8.850814197103318e-07, 'Neutral': 0.9999862909317017, 'Other': 6.869055368952104e-07, 'Sad': 3.997100066044368e-06, 'Surprised': 5.861247700522654e-06, 'Unknown': 7.560858961142003e-08}","No. After ten minutes of finishing all that, of telling every tiny detail, if you mind me backtracking, I briefly place my hand on top of his, and say, it was terrible. I've never seen anything like it. Now we're back. We're in our home, and I'm hoping to learn how Uriel is doing, how the city is faring. Is there any news? Things are ill in Kraghammer; they still haven't seen the last of their troubles, but I'm also concerned for our new home here."
MATT,01:07:16,01:07:36,Happy,"{'Angry': 6.548826058860868e-05, 'Disgusted': 0.00033322570379823446, 'Fearful': 0.0004870256525464356, 'Happy': 0.9732072949409485, 'Neutral': 0.0005640067392960191, 'Other': 0.00038404265069402754, 'Sad': 0.0010592973558232188, 'Surprised': 0.023827509954571724, 'Unknown': 7.209818431874737e-05}","""As far as I'm aware, this city has been doing rather well. Since Winter's Crest just this previous year, trade has been booming, we're opening up pathways all across the continent, we've improved relations with many other distant kingdoms, and I'm opening a second shop! I mean, that's amazing! And who would've thought?"""
LIAM,01:07:36,01:07:38,Neutral,"{'Angry': 4.033861439323161e-11, 'Disgusted': 5.856247778379675e-12, 'Fearful': 1.237732681104442e-12, 'Happy': 5.135940631117997e-11, 'Neutral': 1.0, 'Other': 4.48308734969996e-13, 'Sad': 8.16805928449682e-11, 'Surprised': 6.191792738252655e-12, 'Unknown': 3.012870985683036e-12}","And Westruun, how's it going?"
MATT,01:07:38,01:07:54,Surprised,"{'Angry': 0.00025523288059048355, 'Disgusted': 0.019602438434958458, 'Fearful': 0.003911115694791079, 'Happy': 0.11138752847909927, 'Neutral': 0.0017378053162246943, 'Other': 0.008256936445832253, 'Sad': 0.09032922983169556, 'Surprised': 0.763794481754303, 'Unknown': 0.0007252514478750527}","""So far, so good. We're going through the construction process, and I'm making sure that I have a rather supple income of artifacts and oddities that I have to sell at both locations. I have to widen my input of various items and--"""
LIAM,01:07:54,01:07:56,Neutral,"{'Angry': 1.4520832110065385e-06, 'Disgusted': 1.5399900803458877e-06, 'Fearful': 1.063912804966094e-06, 'Happy': 3.736459984793328e-05, 'Neutral': 0.9999476671218872, 'Other': 4.50620092351528e-07, 'Sad': 7.121785984054441e-06, 'Surprised': 2.9342006655497244e-06, 'Unknown': 2.868796400434803e-07}",You're a busy man.
MATT,01:07:56,01:07:58,Neutral,"{'Angry': 7.953564136187197e-07, 'Disgusted': 1.4172387352573423e-07, 'Fearful': 5.600233521363407e-07, 'Happy': 0.00038782026967965066, 'Neutral': 0.9995843768119812, 'Other': 1.5974704581367405e-07, 'Sad': 2.5109695343417116e-05, 'Surprised': 1.0597245818644296e-06, 'Unknown': 2.65749093841805e-08}","""Oh, yes."""
LIAM,01:07:58,01:07:59,Neutral,"{'Angry': 5.833563818669063e-07, 'Disgusted': 2.8456733858206462e-08, 'Fearful': 4.366520478527036e-09, 'Happy': 3.185473076428025e-07, 'Neutral': 0.9999988079071045, 'Other': 4.288634170013239e-10, 'Sad': 9.471486350776104e-08, 'Surprised': 1.385279517762683e-07, 'Unknown': 5.3197772575952484e-11}",Have you any time for leisure?
MATT,01:07:59,01:08:18,Neutral,"{'Angry': 4.544286639429629e-06, 'Disgusted': 4.212922704027733e-06, 'Fearful': 1.8708963125391165e-06, 'Happy': 0.0006309571908786893, 'Neutral': 0.9993076324462891, 'Other': 3.60896524398413e-06, 'Sad': 3.7696878280257806e-05, 'Surprised': 3.0419182621699292e-06, 'Unknown': 6.384510015777778e-06}","""Eventually."" You can see, he's a little more worn than you've seen Gilmore before. He's still Gilmore, and he's excited, but after the tale you told him and opening the second shop has been a little rough on him, and his jovial self is a little more wearied. Though he still looks fabulous."
LIAM,01:08:18,01:08:24,Happy,"{'Angry': 1.555895967619847e-10, 'Disgusted': 6.367108507099317e-10, 'Fearful': 2.0011088619487083e-10, 'Happy': 1.0, 'Neutral': 4.582578316814079e-09, 'Other': 1.5537696129719336e-10, 'Sad': 1.4276104742805273e-09, 'Surprised': 4.0384975918961175e-10, 'Unknown': 2.968591761298711e-10}",You seem a tad weary. Is there anything I can do to help you?
MATT,01:08:24,01:08:29,Happy,"{'Angry': 1.160870982674922e-10, 'Disgusted': 3.426892658531244e-10, 'Fearful': 1.0686716789276574e-10, 'Happy': 1.0, 'Neutral': 1.4607629550411616e-09, 'Other': 7.968139342784397e-11, 'Sad': 7.477914953923914e-10, 'Surprised': 3.112576862918104e-10, 'Unknown': 1.912048158692059e-10}","""Just praise the brand. Praise the brand, young Vax."""
LIAM,01:08:29,01:08:59,Neutral,"{'Angry': 0.00039232519338838756, 'Disgusted': 0.002402912825345993, 'Fearful': 0.000774378189817071, 'Happy': 0.3200613558292389, 'Neutral': 0.5679377913475037, 'Other': 0.015560722909867764, 'Sad': 0.026780949905514717, 'Surprised': 3.149668555124663e-05, 'Unknown': 0.06605809181928635}","That will happen. I did not even mean to discuss this, coming here, but I noticed, coming in, a sigil under your carpet. I had no intention of this, but we need to get back to Kraghammer in a bit of a hurry, and I certainly have no abilities, but do you remember my friend Tiberius? Dragonborn fellow?"
MATT,01:08:59,01:09:01,Angry,"{'Angry': 0.9828550815582275, 'Disgusted': 0.002192144514992833, 'Fearful': 0.00011525815352797508, 'Happy': 0.0009776870720088482, 'Neutral': 0.011760620400309563, 'Other': 6.308795491349883e-06, 'Sad': 0.0019698196556419134, 'Surprised': 0.00011399512004572898, 'Unknown': 9.185970156977419e-06}","""Yes! Yes, I remember him."""
LIAM,01:09:01,01:09:10,Neutral,"{'Angry': 0.20296509563922882, 'Disgusted': 0.0019769647624343634, 'Fearful': 0.0002387498680036515, 'Happy': 0.0015516153071075678, 'Neutral': 0.7720987796783447, 'Other': 0.0005695960717275739, 'Sad': 0.01976395584642887, 'Surprised': 0.00020256408606655896, 'Unknown': 0.0006327013834379613}",He needs to run an errand back in Kraghammer. Is there any way you could hook us up with a favor?
MATT,01:09:10,01:09:13,Neutral,"{'Angry': 0.0006220191135071218, 'Disgusted': 0.00027919557760469615, 'Fearful': 1.7325555745628662e-05, 'Happy': 0.00011255267600063235, 'Neutral': 0.9986347556114197, 'Other': 4.154724592808634e-06, 'Sad': 4.440797783900052e-05, 'Surprised': 0.0002814795298036188, 'Unknown': 3.996222403657157e-06}","""What kind of favor?"""
LIAM,01:09:13,01:09:20,Neutral,"{'Angry': 0.00010702168947318569, 'Disgusted': 7.806283247191459e-05, 'Fearful': 7.677682879148051e-05, 'Happy': 0.0008683373453095555, 'Neutral': 0.9983227849006653, 'Other': 2.9397722755675204e-05, 'Sad': 0.00019828547374345362, 'Surprised': 0.0002650376409292221, 'Unknown': 5.438859443529509e-05}",I just want to send the lizard to Dwarf Town. Do you think we could make that happen?
MARISHA,01:09:20,01:09:26,Happy,"{'Angry': 3.1999597922549583e-06, 'Disgusted': 1.7071602997020818e-05, 'Fearful': 3.4231561585329473e-06, 'Happy': 0.9965755343437195, 'Neutral': 0.0031296408269554377, 'Other': 6.669275990134338e-06, 'Sad': 9.907423191179987e-06, 'Surprised': 3.0062602718317066e-07, 'Unknown': 0.00025413327966816723}","""Send the lizard to Dwarf Town?"" How many more slurs can you have in one sentence?"
MATT,01:09:26,01:09:52,Neutral,"{'Angry': 4.4119741193782147e-10, 'Disgusted': 9.442946424798038e-11, 'Fearful': 1.0338552930422296e-11, 'Happy': 3.877967114096492e-10, 'Neutral': 1.0, 'Other': 1.9911784027160095e-11, 'Sad': 1.0929847027441042e-09, 'Surprised': 1.0543493855763586e-10, 'Unknown': 3.2487193490915445e-11}","""My sigil here is for returning personal use. Did you hear that? There was some strange noise in the sky. This is for my return. As far as outgoing, most other sigils are-- well, they're up here. Looking for that, you're going to have to go to the Lyceum, I'm afraid."""
LIAM,01:09:52,01:09:54,Neutral,"{'Angry': 0.0002603207831270993, 'Disgusted': 0.000565052789170295, 'Fearful': 5.180557127459906e-05, 'Happy': 4.213031934341416e-05, 'Neutral': 0.9989500641822815, 'Other': 1.8575026842881925e-05, 'Sad': 7.085967081366107e-05, 'Surprised': 9.933538422046695e-06, 'Unknown': 3.125725197605789e-05}",Understood. I don't want to push my luck.
MATT,01:09:54,01:10:32,Happy,"{'Angry': 5.702243470295798e-06, 'Disgusted': 1.6095082173706032e-05, 'Fearful': 1.5839074194445857e-06, 'Happy': 0.9997796416282654, 'Neutral': 0.00016377402062062174, 'Other': 6.483629931608448e-06, 'Sad': 1.3071462490188424e-05, 'Surprised': 1.6458177469758084e-06, 'Unknown': 1.2038894055876881e-05}","""However, if you're going to the Lyceum... I am owed a favor or two. Let me see what I can do, here."" And he goes, and he pulls out another piece of similar paper and he writes a quick little note on the side, sends it up in the air, and it vanishes. He goes, ""I've just done you a favor. Keep that in mind. You go to the Lyceum, you should have access to one of these sigils. Make sure you choose properly. You only have one."""
LIAM,01:10:32,01:10:34,Sad,"{'Angry': 0.0008355010650120676, 'Disgusted': 0.0015190623234957457, 'Fearful': 0.3526584208011627, 'Happy': 0.003199513303115964, 'Neutral': 0.002298613078892231, 'Other': 0.0008530314662493765, 'Sad': 0.6095518469810486, 'Surprised': 9.963245975086465e-05, 'Unknown': 0.028984349220991135}",I'm pretty magic-stupid.
MATT,01:10:34,01:10:41,Neutral,"{'Angry': 1.4732267489270257e-11, 'Disgusted': 1.0552757669438084e-12, 'Fearful': 1.8036397028686757e-13, 'Happy': 3.75856672174546e-11, 'Neutral': 1.0, 'Other': 6.947207701691119e-14, 'Sad': 3.643886928306195e-11, 'Surprised': 6.363083671079295e-12, 'Unknown': 2.17490766065212e-13}","""Then don't be the one that does it. Talk to your friend, this Tiberius fellow. He'll know what to do, I'm sure."""
LIAM,01:10:41,01:10:57,Neutral,"{'Angry': 2.925380382379217e-09, 'Disgusted': 1.9566780140589657e-10, 'Fearful': 4.2175520020837354e-11, 'Happy': 1.4007198068100024e-08, 'Neutral': 1.0, 'Other': 3.560032824090342e-11, 'Sad': 9.114605958870925e-09, 'Surprised': 2.940466203860126e-10, 'Unknown': 1.9523832550660813e-10}","Correct. One last. It's small or it's boring, it's business. I need a dagger. I don't want one for free or anything; I want to purchase it, but we're a little low on funds. The reason Tiberius needs to go to Kraghammer is because we're owed a large sum of money."
MATT,01:10:57,01:11:03,Neutral,"{'Angry': 0.00015691282169427723, 'Disgusted': 1.6764812244218774e-05, 'Fearful': 7.970456294970063e-07, 'Happy': 8.344929483428132e-06, 'Neutral': 0.9998005032539368, 'Other': 2.7065034373663366e-06, 'Sad': 3.867455234285444e-06, 'Surprised': 7.8086202393024e-07, 'Unknown': 9.334885362477507e-06}","""Right, you mentioned this last time, when you almost opened a line of Gilmore's Glorious Credit."""
LAURA,01:11:03,01:11:05,Neutral,"{'Angry': 0.00016665749717503786, 'Disgusted': 5.5923981562955305e-05, 'Fearful': 1.0152472896152176e-05, 'Happy': 0.0015872025396674871, 'Neutral': 0.9979507327079773, 'Other': 2.0003828467451967e-05, 'Sad': 2.757434413069859e-05, 'Surprised': 2.6963944037561305e-06, 'Unknown': 0.00017900299280881882}",Mm-hm. I'm not there.
LIAM,01:11:05,01:11:08,Neutral,"{'Angry': 2.4438704098600494e-12, 'Disgusted': 7.416098036236787e-14, 'Fearful': 1.9293721554756137e-14, 'Happy': 2.4822229775095517e-12, 'Neutral': 1.0, 'Other': 6.0814809914008e-15, 'Sad': 5.379450791070939e-12, 'Surprised': 7.944215489434636e-13, 'Unknown': 3.62038212451711e-14}",What would the credit entail?
MATT,01:11:08,01:11:16,Neutral,"{'Angry': 8.888559333009027e-11, 'Disgusted': 8.59664943397842e-12, 'Fearful': 1.871894132754459e-12, 'Happy': 2.464045634198442e-10, 'Neutral': 1.0, 'Other': 6.38174951252124e-13, 'Sad': 1.3199907833438829e-10, 'Surprised': 1.4446970009185378e-10, 'Unknown': 8.153916994727006e-13}","""Previously, we discussed 25,000 gold pieces, the amount of which you were going to retrieve."""
LIAM,01:11:16,01:11:18,Neutral,"{'Angry': 1.7672734387019773e-08, 'Disgusted': 8.353614688871858e-09, 'Fearful': 2.0480317441951e-09, 'Happy': 5.794559569949342e-07, 'Neutral': 0.9999992847442627, 'Other': 2.7352222708998397e-09, 'Sad': 6.466933655246976e-08, 'Surprised': 7.610116981027204e-09, 'Unknown': 8.779408311454517e-10}",I was going to-- what was that?
MATT,01:11:18,01:11:19,Neutral,"{'Angry': 9.378811228089035e-06, 'Disgusted': 1.5579760656692088e-05, 'Fearful': 1.4875706710881786e-06, 'Happy': 6.1707037275482435e-06, 'Neutral': 0.9996675252914429, 'Other': 3.2649180070620787e-07, 'Sad': 0.00028554617892950773, 'Surprised': 1.3877755918656476e-05, 'Unknown': 3.483881272359213e-08}","""Retrieve."""
LIAM,01:11:19,01:11:23,Unknown,"{'Angry': 0.10425716638565063, 'Disgusted': 0.02588624507188797, 'Fearful': 0.0038283399771898985, 'Happy': 0.2875272333621979, 'Neutral': 0.2551490068435669, 'Other': 0.025948595255613327, 'Sad': 0.001674386439844966, 'Surprised': 0.00012285375851206481, 'Unknown': 0.2956061363220215}","Retrieve? God, I've been in the Underdark so long. What was the deal?"
MATT,01:11:23,01:11:45,Angry,"{'Angry': 0.5062021017074585, 'Disgusted': 0.04181848093867302, 'Fearful': 0.0011956405360251665, 'Happy': 0.02108205482363701, 'Neutral': 0.30670636892318726, 'Other': 0.05080249160528183, 'Sad': 0.002041805535554886, 'Surprised': 0.0016073856968432665, 'Unknown': 0.06854362040758133}","""The deal was since you did not have funds, and you had to retrieve this money from this 'Dwarf Town', as you so graciously put it, that you would borrow the money, at the time, and then pay me back within a month. Within a month."""
LIAM,01:11:45,01:11:46,Neutral,"{'Angry': 0.0002574258833192289, 'Disgusted': 0.0006644848035648465, 'Fearful': 0.00018758875376079232, 'Happy': 0.006485886871814728, 'Neutral': 0.9757319688796997, 'Other': 0.00026873769820667803, 'Sad': 6.430419307434931e-05, 'Surprised': 3.2457217002956895e-06, 'Unknown': 0.016336260363459587}",Understood.
MARISHA,01:11:46,01:11:50,Neutral,"{'Angry': 3.7908581163037525e-08, 'Disgusted': 1.4194855957327945e-08, 'Fearful': 4.595737568280356e-09, 'Happy': 8.812165788185666e-07, 'Neutral': 0.9999988079071045, 'Other': 2.4553741262423046e-09, 'Sad': 2.290051241971014e-07, 'Surprised': 3.987077334954847e-09, 'Unknown': 1.2489889122946352e-08}","Wait, is Gilmore trying to say we owe him money?"
LIAM,01:11:50,01:11:56,Neutral,"{'Angry': 1.349575968557018e-13, 'Disgusted': 4.756540620360836e-15, 'Fearful': 9.16427180249293e-16, 'Happy': 1.7712995783666918e-13, 'Neutral': 1.0, 'Other': 6.972528523451513e-16, 'Sad': 4.2663434091962105e-13, 'Surprised': 6.234590751649782e-14, 'Unknown': 2.8774810361060013e-15}","No. We almost did that. Correct, DM? That's what we almost did, but we didn't do it. You offered it."
MATT,01:11:56,01:12:00,Neutral,"{'Angry': 0.0054108379408717155, 'Disgusted': 0.0037441749591380358, 'Fearful': 0.00019813815015368164, 'Happy': 0.2535657286643982, 'Neutral': 0.7258414626121521, 'Other': 0.000987701234407723, 'Sad': 0.0006112474366091192, 'Surprised': 0.00010211823246208951, 'Unknown': 0.009538562968373299}","Correct. You backed out last minute when you realized there was, apparently, hidden platinum--"
LIAM,01:12:00,01:12:29,Happy,"{'Angry': 1.590764640013731e-07, 'Disgusted': 7.828091952433169e-07, 'Fearful': 2.1747197820332076e-07, 'Happy': 0.9999964237213135, 'Neutral': 8.686287173986784e-07, 'Other': 2.520819180062972e-07, 'Sad': 3.4930886272377393e-07, 'Surprised': 6.748468877049163e-07, 'Unknown': 1.80010232497807e-07}","I would be interested-- Gilmore? I really just need a quick favor, and I mean to pay you back quickly. I need a dagger for something. Not your best dagger. Not your shittiest dagger, either. I just need something nice. How much would a fine dagger cost? Something that would be good in a fight. And could I pay you back in a couple of days, once Tiberius returns from Kraghammer?"
MATT,01:12:29,01:12:50,Happy,"{'Angry': 0.00380331976339221, 'Disgusted': 0.016894932836294174, 'Fearful': 0.0003868427884299308, 'Happy': 0.9223458170890808, 'Neutral': 0.0017446642741560936, 'Other': 0.012972411699593067, 'Sad': 0.000950487214140594, 'Surprised': 0.04017717391252518, 'Unknown': 0.0007244119187816978}","""If you want something functional, there are masterwork daggers out there. We do have base-level enchantments that give you a fine, honed edge and a balance that cannot be beaten for its price range. For that, I can easily give you one of our base-level enchanted items for no more than, friend discount included, 400 gold pieces."""
TALIESIN,01:12:50,01:12:51,Surprised,"{'Angry': 0.0011642628815025091, 'Disgusted': 2.0947320081177168e-05, 'Fearful': 1.9785180484177545e-05, 'Happy': 0.0016068466939032078, 'Neutral': 0.0002632663818076253, 'Other': 2.5561623260728084e-05, 'Sad': 0.00026563831488601863, 'Surprised': 0.9966302514076233, 'Unknown': 3.493008307486889e-06}",That's a pretty good deal.
LIAM,01:12:51,01:12:55,Unknown,"{'Angry': 0.07891300320625305, 'Disgusted': 0.02292344719171524, 'Fearful': 0.0032207719050347805, 'Happy': 0.25957557559013367, 'Neutral': 0.16034053266048431, 'Other': 0.01851310394704342, 'Sad': 0.01616508513689041, 'Surprised': 0.00047114668996073306, 'Unknown': 0.43987736105918884}",Can I please purchase three of those?
MATT,01:12:55,01:12:57,Neutral,"{'Angry': 1.4873390019598531e-10, 'Disgusted': 3.288569763726379e-11, 'Fearful': 2.304535381969508e-11, 'Happy': 2.633208928681796e-10, 'Neutral': 1.0, 'Other': 5.55212950267836e-12, 'Sad': 6.586737266722764e-10, 'Surprised': 5.257354968035699e-11, 'Unknown': 1.3705608696568117e-11}","""You may!"""
LIAM,01:12:57,01:13:00,Happy,"{'Angry': 0.00033598497975617647, 'Disgusted': 0.0006472492241300642, 'Fearful': 0.00019074769807048142, 'Happy': 0.8765316009521484, 'Neutral': 0.11306238174438477, 'Other': 0.0002255043655168265, 'Sad': 0.0013131890445947647, 'Surprised': 5.008529842598364e-05, 'Unknown': 0.007643326185643673}",Done.
MATT,01:13:00,01:13:30,Happy,"{'Angry': 0.09037517011165619, 'Disgusted': 0.055765457451343536, 'Fearful': 0.06056929752230644, 'Happy': 0.5451731085777283, 'Neutral': 0.003948292229324579, 'Other': 0.19638074934482574, 'Sad': 0.021139513701200485, 'Surprised': 0.002915817080065608, 'Unknown': 0.023732535541057587}","""All right! I'll get these right now!"" He stands up, and now that there's some sort of business involved, he's completely renovated and recharged. He comes through the beaded curtain again. You guys see Gilmore burst out, like, (laughs) ""We're in business!"" And he goes into the next room, and back up the stairs, and takes a few moments. He comes back down with an armful of these daggers, and sets them down on the counter. ""Three for you! That'll be 1,200 gold pieces, please."""
LIAM,01:13:30,01:13:44,Neutral,"{'Angry': 4.662852734327316e-05, 'Disgusted': 1.2332397091086023e-05, 'Fearful': 7.10935694314685e-07, 'Happy': 0.00024049337662290782, 'Neutral': 0.9996768236160278, 'Other': 2.895886836995487e-06, 'Sad': 6.77193156661815e-06, 'Surprised': 4.706568290657742e-07, 'Unknown': 1.2826819329347927e-05}","I reach out and I give his cheek a little bubby-squeeze, and I clap him on the cheek, and say, I'm good on my word, and you're a good friend. Thank you, Gilmore."
MATT,01:13:44,01:13:52,Neutral,"{'Angry': 6.237362848438011e-10, 'Disgusted': 2.339132887385631e-09, 'Fearful': 4.1238248926767085e-10, 'Happy': 2.944738897170396e-09, 'Neutral': 1.0, 'Other': 7.993458117638852e-10, 'Sad': 6.252684148222443e-09, 'Surprised': 7.696446813199032e-10, 'Unknown': 4.676936060654668e-10}","""The least I could do. Pay me back. I'll find you."""
LIAM,01:13:52,01:13:55,Happy,"{'Angry': 0.0002546283358242363, 'Disgusted': 0.0007333410903811455, 'Fearful': 5.635705019813031e-05, 'Happy': 0.979330837726593, 'Neutral': 0.0123102106153965, 'Other': 0.0009037591516971588, 'Sad': 4.5568347559310496e-05, 'Surprised': 0.001572793466039002, 'Unknown': 0.004792476072907448}",I know you're good on your word.
MATT,01:13:55,01:13:56,Angry,"{'Angry': 0.9999998807907104, 'Disgusted': 4.766329197991581e-08, 'Fearful': 1.369577606880057e-08, 'Happy': 7.742598029381043e-08, 'Neutral': 3.255678038271981e-08, 'Other': 3.0648950044565026e-09, 'Sad': 2.3717950270452093e-08, 'Surprised': 1.6180377926389156e-08, 'Unknown': 7.974284566003575e-10}","""Indeed."""
LIAM,01:13:56,01:14:00,Happy,"{'Angry': 1.8529942857892223e-10, 'Disgusted': 9.9432384548237e-10, 'Fearful': 2.956048461566496e-10, 'Happy': 1.0, 'Neutral': 2.4668307396780165e-09, 'Other': 1.9258207528682902e-10, 'Sad': 9.295930691877174e-10, 'Surprised': 3.2328412169491116e-10, 'Unknown': 1.2680512195828442e-09}",Keyleth? Scanlan?
SAM,01:14:00,01:14:06,Happy,"{'Angry': 2.7398886231821962e-05, 'Disgusted': 7.059381005092291e-06, 'Fearful': 0.00044114975025877357, 'Happy': 0.9794175028800964, 'Neutral': 8.583498129155487e-06, 'Other': 2.8308706532698125e-05, 'Sad': 5.718057946069166e-05, 'Surprised': 0.02000744827091694, 'Unknown': 5.364940079743974e-06}","Oh, yes! How'd it go in there? You're walking straight, so it couldn't have gone too well."
LIAM,01:14:06,01:14:09,Happy,"{'Angry': 0.311404287815094, 'Disgusted': 0.06541606038808823, 'Fearful': 0.003179438877850771, 'Happy': 0.5428848266601562, 'Neutral': 0.058234650641679764, 'Other': 0.0017117697279900312, 'Sad': 0.0019722352735698223, 'Surprised': 0.010792071931064129, 'Unknown': 0.004404695238918066}",Very good. Warm in here.
TALIESIN,01:14:09,01:14:14,Happy,"{'Angry': 3.0018429697520332e-06, 'Disgusted': 3.8011632568668574e-05, 'Fearful': 0.0011207900242879987, 'Happy': 0.9979988932609558, 'Neutral': 1.838860407588072e-05, 'Other': 6.778076203772798e-05, 'Sad': 0.0005326529499143362, 'Surprised': 0.00011184115282958373, 'Unknown': 0.00010871218546526507}","That dagger's so sharp, it could cut the sexual tension."
ORION,01:14:14,01:14:15,Neutral,"{'Angry': 0.0007508945418521762, 'Disgusted': 0.00027825182769447565, 'Fearful': 1.657691245782189e-05, 'Happy': 0.0013298764824867249, 'Neutral': 0.997328519821167, 'Other': 1.4320217815111391e-05, 'Sad': 0.0002494585351087153, 'Surprised': 2.681317891983781e-05, 'Unknown': 5.263910679786932e-06}",Those are masterwork daggers?
MATT,01:14:15,01:14:18,Surprised,"{'Angry': 0.008145100437104702, 'Disgusted': 0.0018263178644701838, 'Fearful': 0.0009250033181160688, 'Happy': 0.004287431016564369, 'Neutral': 0.24115635454654694, 'Other': 2.9389464543783106e-05, 'Sad': 0.0005538121331483126, 'Surprised': 0.7428706884384155, 'Unknown': 0.0002059446123894304}","They are plus-one enchanted daggers, yes."
SAM,01:14:18,01:14:22,Other,"{'Angry': 0.0021537148859351873, 'Disgusted': 0.0009396974346600473, 'Fearful': 0.0412081740796566, 'Happy': 0.13087137043476105, 'Neutral': 0.0009001612197607756, 'Other': 0.8165140151977539, 'Sad': 0.0005973792285658419, 'Surprised': 0.0018860228592529893, 'Unknown': 0.004929422400891781}","Well, let's get out of here and go. Did you find us any--?"
LIAM,01:14:22,01:14:26,Happy,"{'Angry': 0.003055416978895664, 'Disgusted': 0.0041135442443192005, 'Fearful': 0.0015659616328775883, 'Happy': 0.8999395370483398, 'Neutral': 0.03351157531142235, 'Other': 0.004606395494192839, 'Sad': 0.0039701336063444614, 'Surprised': 0.00039638063753955066, 'Unknown': 0.04884111136198044}","I'm good. No, everything's good here. Just not everywhere else."
SAM,01:14:26,01:14:28,Happy,"{'Angry': 0.003473366145044565, 'Disgusted': 0.004210293292999268, 'Fearful': 0.002373866271227598, 'Happy': 0.9472622871398926, 'Neutral': 0.024409392848610878, 'Other': 0.0006801224080845714, 'Sad': 0.0010960630606859922, 'Surprised': 0.0006013033562339842, 'Unknown': 0.015893254429101944}","Let's get out of here, go back to the keep."
MATT,01:14:28,01:14:41,Neutral,"{'Angry': 1.5866122637930857e-08, 'Disgusted': 4.865974290169106e-09, 'Fearful': 5.397318703082021e-10, 'Happy': 1.2384531622444683e-08, 'Neutral': 1.0, 'Other': 1.1736350780111593e-09, 'Sad': 8.288644437470793e-09, 'Surprised': 6.46008047056057e-09, 'Unknown': 1.282352779519158e-09}","At this point, now, Tiberius, you have coasted over the air, and as you come careening in, you hear (swishing sounds) and look down. Two crossbow bolts whiz past you."
ORION,01:14:41,01:14:43,Neutral,"{'Angry': 2.1632111379954466e-10, 'Disgusted': 9.882611222422621e-12, 'Fearful': 2.1407244466670194e-12, 'Happy': 2.596660386711136e-10, 'Neutral': 1.0, 'Other': 1.671017247099546e-13, 'Sad': 1.3410716981354653e-10, 'Surprised': 4.6825928551319507e-11, 'Unknown': 4.010810509668533e-13}","It's me, you idiots!"
MATT,01:14:43,01:14:51,Neutral,"{'Angry': 1.5979004786004225e-08, 'Disgusted': 5.326350560608262e-08, 'Fearful': 4.988510582393246e-08, 'Happy': 9.530668876323034e-07, 'Neutral': 0.9999979734420776, 'Other': 2.6264848074220026e-08, 'Sad': 9.35132163704111e-07, 'Surprised': 5.3779430686518026e-08, 'Unknown': 5.841886530078e-09}","At which you hear immediately, ""Oh, sorry!"" ""Sorry! We're not used to having you bolt in from the skyline."""
ORION,01:14:51,01:14:52,Neutral,"{'Angry': 2.892719567171298e-05, 'Disgusted': 0.00010160420788452029, 'Fearful': 1.9751594663830474e-05, 'Happy': 0.00016145776316989213, 'Neutral': 0.9995508790016174, 'Other': 2.161737938877195e-05, 'Sad': 3.770774128497578e-05, 'Surprised': 5.803185194963589e-05, 'Unknown': 2.000888707698323e-05}","I'm in a hurry, sorry! (whoosh)"
MATT,01:14:52,01:15:06,Neutral,"{'Angry': 3.5240611969376834e-13, 'Disgusted': 1.3182621091739274e-14, 'Fearful': 2.6083985740375706e-15, 'Happy': 4.78570254171945e-13, 'Neutral': 1.0, 'Other': 1.3134776859230089e-15, 'Sad': 8.703091415943054e-13, 'Surprised': 1.3673660999042464e-13, 'Unknown': 8.011967757531706e-15}","As you sweep past Shayne and Cordell, they both change their bolts, and they're both arguing with each other, like, ""You should've seen it was him!"" ""Sorry."" ""Sorry, again!"" You make your way into the courtyard, inside Greyskull Keep."
TRAVIS,01:15:06,01:15:08,Neutral,"{'Angry': 0.09003693610429764, 'Disgusted': 0.00017513881903141737, 'Fearful': 5.773441444034688e-06, 'Happy': 0.0021137595176696777, 'Neutral': 0.9071719646453857, 'Other': 0.00019611456082202494, 'Sad': 6.481508899014443e-05, 'Surprised': 3.3576401619939134e-05, 'Unknown': 0.00020200308063067496}",Why'd you miss?
ORION,01:15:08,01:15:20,Other,"{'Angry': 0.02100207656621933, 'Disgusted': 0.0526098869740963, 'Fearful': 0.003111479803919792, 'Happy': 0.02617652155458927, 'Neutral': 0.16576950252056122, 'Other': 0.6628135442733765, 'Sad': 0.008923006244003773, 'Surprised': 0.0028604487888514996, 'Unknown': 0.056733522564172745}","I go into, I rush in to find him eating. (stammers) Quickly, quickly! And I go into the Bag of Holding and I take the item out that we need. What was it?"
TRAVIS,01:15:20,01:15:22,Happy,"{'Angry': 7.338645809795707e-05, 'Disgusted': 1.3767620657745283e-05, 'Fearful': 1.2141050547143095e-06, 'Happy': 0.986702024936676, 'Neutral': 0.013112405315041542, 'Other': 8.148302299559873e-07, 'Sad': 6.899531581439078e-05, 'Surprised': 2.7166386644239537e-05, 'Unknown': 2.611954812437034e-07}","Well, we have a bunch of stuff."
MATT,01:15:22,01:15:24,Happy,"{'Angry': 0.0001352262479485944, 'Disgusted': 0.0002231401449535042, 'Fearful': 0.00012926584167871624, 'Happy': 0.9907131791114807, 'Neutral': 0.00036050568451173604, 'Other': 2.2949328922550194e-05, 'Sad': 5.658084774040617e-05, 'Surprised': 0.0076707834377884865, 'Unknown': 0.000688429397996515}","You're not with him, there."
LAURA,01:15:24,01:15:33,Angry,"{'Angry': 0.9601148366928101, 'Disgusted': 0.0066871726885437965, 'Fearful': 0.004608021583408117, 'Happy': 0.01461867056787014, 'Neutral': 0.0008783951052464545, 'Other': 3.086794458795339e-05, 'Sad': 0.00036814474151469767, 'Surprised': 0.012496340088546276, 'Unknown': 0.00019753667584154755}","I walk into the room to see Tiberius throwing things out of the Bag of Holding, I'm assuming."
ORION,01:15:33,01:15:37,Surprised,"{'Angry': 9.6950006991392e-06, 'Disgusted': 4.262921356712468e-05, 'Fearful': 1.305392652284354e-05, 'Happy': 6.508394562843023e-06, 'Neutral': 0.0002774831373244524, 'Other': 3.889043000526726e-06, 'Sad': 1.608179991308134e-05, 'Surprised': 0.999630331993103, 'Unknown': 3.18162818757628e-07}","I can't, because I have to visualize what it is to pull it out."
TRAVIS,01:15:37,01:15:39,Fearful,"{'Angry': 0.0032932739704847336, 'Disgusted': 0.036693260073661804, 'Fearful': 0.7583905458450317, 'Happy': 0.13331343233585358, 'Neutral': 0.008819127455353737, 'Other': 0.005886630155146122, 'Sad': 0.02127538062632084, 'Surprised': 0.030525866895914078, 'Unknown': 0.0018025237368419766}","Yeah, what are you looking for?"
LIAM,01:15:39,01:15:48,Happy,"{'Angry': 0.0002244006609544158, 'Disgusted': 0.0002636892022565007, 'Fearful': 3.773836942855269e-05, 'Happy': 0.9934206604957581, 'Neutral': 0.0047488342970609665, 'Other': 0.00015786150470376015, 'Sad': 0.0006663028616458178, 'Surprised': 8.597830310463905e-05, 'Unknown': 0.00039454217767342925}","I'm using my earring on the walk home. Does it work? I don't know what the range is. Tiberius, can you hear me? Tibs?"
MATT,01:15:48,01:15:53,Neutral,"{'Angry': 0.07896657288074493, 'Disgusted': 0.10353781282901764, 'Fearful': 0.005393793806433678, 'Happy': 0.019791264086961746, 'Neutral': 0.7462686896324158, 'Other': 0.0011512857163324952, 'Sad': 0.0028051394037902355, 'Surprised': 0.026313312351703644, 'Unknown': 0.015772098675370216}",You're pretty out of range at this point.
TRAVIS,01:15:53,01:15:55,Happy,"{'Angry': 0.0007977543282322586, 'Disgusted': 0.015625901520252228, 'Fearful': 3.574628499336541e-05, 'Happy': 0.9473644495010376, 'Neutral': 0.03402254357933998, 'Other': 0.0008739610202610493, 'Sad': 7.800792809575796e-05, 'Surprised': 0.00046642805682495236, 'Unknown': 0.0007352551911026239}","What are you looking for, Tiberius?"
ORION,01:15:55,01:16:04,Neutral,"{'Angry': 2.4958060862445564e-07, 'Disgusted': 4.928019770034098e-09, 'Fearful': 4.631148520228834e-10, 'Happy': 3.05056104821233e-08, 'Neutral': 0.9999997615814209, 'Other': 3.083820004912141e-11, 'Sad': 1.451451137057802e-08, 'Surprised': 2.3457356057576817e-09, 'Unknown': 2.5896944311210035e-11}","I've taken my hand out. When we were in the Underdark and one of the items that we procured while we were scavenging, and we looted it, and we could give it back to the Thunderbrand."
TRAVIS,01:16:04,01:16:07,Surprised,"{'Angry': 0.01066104881465435, 'Disgusted': 0.01874822936952114, 'Fearful': 0.007739117834717035, 'Happy': 0.007400485221296549, 'Neutral': 0.09551981091499329, 'Other': 0.0034308931790292263, 'Sad': 0.0063082934357225895, 'Surprised': 0.8461607694625854, 'Unknown': 0.004031355492770672}",Oh! Pieces of the enemy? We get paid for it.
LAURA,01:16:07,01:16:11,Sad,"{'Angry': 0.05604565516114235, 'Disgusted': 0.04419417679309845, 'Fearful': 0.028806284070014954, 'Happy': 0.039326123893260956, 'Neutral': 0.31880682706832886, 'Other': 0.0018756084609776735, 'Sad': 0.48972663283348083, 'Surprised': 0.01313791237771511, 'Unknown': 0.008080793544650078}",But there were artifacts that they wanted. I remember.
MARISHA,01:16:11,01:16:12,Neutral,"{'Angry': 0.00017207773635163903, 'Disgusted': 2.597432649054099e-05, 'Fearful': 1.743184611768811e-06, 'Happy': 0.00010782911704154685, 'Neutral': 0.9996597766876221, 'Other': 3.5975067476101685e-06, 'Sad': 2.1253414161037654e-05, 'Surprised': 5.557826170843327e-06, 'Unknown': 2.1898197246628115e-06}","They wanted a necklace, right?"
ORION,01:16:12,01:16:14,Neutral,"{'Angry': 6.643923370575067e-06, 'Disgusted': 2.1212504179857206e-06, 'Fearful': 2.0981572106393287e-06, 'Happy': 2.3984444851521403e-05, 'Neutral': 0.9999545812606812, 'Other': 7.320505801544641e-07, 'Sad': 4.1825960579444654e-06, 'Surprised': 3.133250402242993e-06, 'Unknown': 2.531068275857251e-06}",Yes. And we found one or two of them.
MARISHA,01:16:14,01:16:19,Neutral,"{'Angry': 1.9072676877840422e-05, 'Disgusted': 1.358046483801445e-05, 'Fearful': 6.537960075547744e-07, 'Happy': 5.5942541621334385e-06, 'Neutral': 0.999946117401123, 'Other': 6.224649496289203e-06, 'Sad': 3.2705333978810813e-06, 'Surprised': 1.2524692465376575e-06, 'Unknown': 4.200136572762858e-06}","Found a necklace, who was supposed to go-- hang on, I'm finding it, I'm looking."
TRAVIS,01:16:19,01:16:22,Sad,"{'Angry': 0.05826161801815033, 'Disgusted': 0.24889618158340454, 'Fearful': 0.009045585989952087, 'Happy': 0.006919477600604296, 'Neutral': 0.006859222427010536, 'Other': 0.11196386069059372, 'Sad': 0.5506110787391663, 'Surprised': 0.006199950817972422, 'Unknown': 0.0012430590577423573}","I've got two gold necklaces, two gold chalices, and two rubies."
MATT,01:16:22,01:16:29,Neutral,"{'Angry': 0.01109978836029768, 'Disgusted': 0.0023951090406626463, 'Fearful': 0.0013064735103398561, 'Happy': 0.19054864346981049, 'Neutral': 0.47051844000816345, 'Other': 0.0005014176713302732, 'Sad': 0.32033419609069824, 'Surprised': 0.0004240612324792892, 'Unknown': 0.0028718675021082163}","It was actually a magical item, one that you may have equipped. It'll say in the description of the item that it has an inscription on the back."
ORION,01:16:29,01:16:33,Happy,"{'Angry': 0.002290707314386964, 'Disgusted': 0.000581134227104485, 'Fearful': 0.00017972585919778794, 'Happy': 0.9941396713256836, 'Neutral': 0.001246366766281426, 'Other': 0.0004832963168155402, 'Sad': 0.00018984678899869323, 'Surprised': 0.00024051099899224937, 'Unknown': 0.0006487316568382084}",I don't have it.
TRAVIS,01:16:33,01:16:34,Angry,"{'Angry': 0.999588668346405, 'Disgusted': 1.4259921954362653e-05, 'Fearful': 4.222845745971426e-06, 'Happy': 0.00026366260135546327, 'Neutral': 7.818224548827857e-05, 'Other': 1.3426262057691929e-06, 'Sad': 4.019766493001953e-05, 'Surprised': 8.74924717209069e-06, 'Unknown': 6.671820642623061e-07}",I don't have that shit.
SAM,01:16:34,01:16:37,Happy,"{'Angry': 6.270234007388353e-05, 'Disgusted': 3.291258690296672e-05, 'Fearful': 1.1923218153242487e-05, 'Happy': 0.9987199306488037, 'Neutral': 0.0008657071157358587, 'Other': 9.70455221249722e-06, 'Sad': 2.064885848085396e-05, 'Surprised': 6.5044509938161355e-06, 'Unknown': 0.0002699015603866428}","Whoa, what? It was a necklace we're talking about?"
MATT,01:16:37,01:16:41,Unknown,"{'Angry': 0.025747353211045265, 'Disgusted': 0.04061455279588699, 'Fearful': 0.008826680481433868, 'Happy': 0.12153516709804535, 'Neutral': 0.2532060444355011, 'Other': 0.046297527849674225, 'Sad': 0.009583085775375366, 'Surprised': 0.06115616112947464, 'Unknown': 0.43303346633911133}","Protection of some kind, if I recall. Amulet."
LAURA,01:16:41,01:16:45,Neutral,"{'Angry': 0.00023325842630583793, 'Disgusted': 0.000750755425542593, 'Fearful': 0.00031778105767443776, 'Happy': 0.004781446419656277, 'Neutral': 0.9855520129203796, 'Other': 0.0012670321157202125, 'Sad': 0.002084671985358, 'Surprised': 0.00020052790932822973, 'Unknown': 0.004812490660697222}","Oh, I don't have that. (gasps) Oh no! What if we gave it to Kima?"
ORION,01:16:45,01:16:47,Surprised,"{'Angry': 0.0002254595747217536, 'Disgusted': 6.813794607296586e-05, 'Fearful': 0.0001076112748705782, 'Happy': 1.3780181689071469e-05, 'Neutral': 7.4420504461159e-06, 'Other': 1.354719188384479e-06, 'Sad': 3.3190731301147025e-06, 'Surprised': 0.9995716214179993, 'Unknown': 1.2728374940707e-06}",We didn't give it to them.
LAURA,01:16:47,01:16:49,Neutral,"{'Angry': 0.012494033202528954, 'Disgusted': 0.003911371808499098, 'Fearful': 0.002772084902971983, 'Happy': 0.19269491732120514, 'Neutral': 0.7759127616882324, 'Other': 0.0005282619968056679, 'Sad': 0.005485188215970993, 'Surprised': 0.00451312679797411, 'Unknown': 0.0016881863120943308}",But Kima took some armor we found!
SAM,01:16:49,01:16:51,Neutral,"{'Angry': 0.0001404576760251075, 'Disgusted': 2.6516068828641437e-05, 'Fearful': 1.912224615807645e-05, 'Happy': 0.0017385103274136782, 'Neutral': 0.9979223608970642, 'Other': 1.988981239264831e-05, 'Sad': 6.551222031703219e-05, 'Surprised': 1.0939578714896925e-05, 'Unknown': 5.6728924391791224e-05}","""Amulet of Natural Armor?"""
MATT,01:16:51,01:16:58,Happy,"{'Angry': 0.00028325244784355164, 'Disgusted': 0.0004907357506453991, 'Fearful': 0.00013191343168728054, 'Happy': 0.9873286485671997, 'Neutral': 0.005935009568929672, 'Other': 0.00030690981657244265, 'Sad': 0.0001455756282666698, 'Surprised': 3.6220368201611564e-05, 'Unknown': 0.005341712851077318}",Look in the description of the item. It should say underneath the name. It'll have the actual inscription written in the descriptor of the item.
TRAVIS,01:16:58,01:17:06,Neutral,"{'Angry': 2.2666354198008776e-05, 'Disgusted': 2.3717509975540452e-05, 'Fearful': 2.5294236820627702e-06, 'Happy': 0.01790585368871689, 'Neutral': 0.9819419980049133, 'Other': 1.9533843442332e-05, 'Sad': 2.1508489226107486e-05, 'Surprised': 8.000705520316842e-07, 'Unknown': 6.133026909083128e-05}","Everybody look at your stuff. I look inside my Belt of Dwarvenkind, and it says ""Badass."""
MARISHA,01:17:06,01:17:10,Sad,"{'Angry': 0.2540040910243988, 'Disgusted': 0.01098201610147953, 'Fearful': 0.01524693239480257, 'Happy': 0.062050703912973404, 'Neutral': 0.05878182873129845, 'Other': 0.00127284019254148, 'Sad': 0.5857837796211243, 'Surprised': 0.001206500455737114, 'Unknown': 0.010671313852071762}","It's a sapphire pendant that should say, ""To Lorna, my love."""
LAURA,01:17:10,01:17:11,Angry,"{'Angry': 0.9957422614097595, 'Disgusted': 0.0007617459632456303, 'Fearful': 0.0004921237705275416, 'Happy': 0.0015556751750409603, 'Neutral': 0.0007563566905446351, 'Other': 1.62733304023277e-05, 'Sad': 0.0005869533633813262, 'Surprised': 8.245818025898188e-05, 'Unknown': 6.076325917092618e-06}",(gasps) Oh!
ORION,01:17:11,01:17:23,Happy,"{'Angry': 0.014186045154929161, 'Disgusted': 2.068602407234721e-05, 'Fearful': 8.575021638534963e-06, 'Happy': 0.9807896018028259, 'Neutral': 0.0004392999690026045, 'Other': 1.78023992702947e-06, 'Sad': 0.004546828102320433, 'Surprised': 4.149670985498233e-06, 'Unknown': 3.1408435461344197e-06}","That's what I reach in and grab. There you go! Keyleth. I mean, your highness. I like your hair."
MARISHA,01:17:23,01:17:24,Neutral,"{'Angry': 0.0004186919250059873, 'Disgusted': 0.0003211398725397885, 'Fearful': 0.0002583399473223835, 'Happy': 0.004458731971681118, 'Neutral': 0.6136475205421448, 'Other': 1.693335798336193e-05, 'Sad': 0.0003013133245985955, 'Surprised': 0.38057586550712585, 'Unknown': 1.4960569387767464e-06}",Thank you!
ORION,01:17:24,01:17:25,Neutral,"{'Angry': 0.0012499106815084815, 'Disgusted': 0.0008924006251618266, 'Fearful': 6.411652429960668e-05, 'Happy': 0.11091028898954391, 'Neutral': 0.8833090662956238, 'Other': 4.037998223793693e-05, 'Sad': 0.0017085042782127857, 'Surprised': 0.0018081774469465017, 'Unknown': 1.7190697690239176e-05}",It looks cool.
MARISHA,01:17:25,01:17:27,Neutral,"{'Angry': 0.2729168236255646, 'Disgusted': 0.008230368606746197, 'Fearful': 0.0011348332045599818, 'Happy': 0.004130719229578972, 'Neutral': 0.3611171245574951, 'Other': 3.233897587051615e-05, 'Sad': 0.0023734462447464466, 'Surprised': 0.3500491678714752, 'Unknown': 1.5116553186089732e-05}",Thanks!
MATT,01:17:27,01:17:29,Neutral,"{'Angry': 7.424891919072252e-07, 'Disgusted': 4.444977150797058e-07, 'Fearful': 5.625701078315615e-07, 'Happy': 3.4621250961208716e-05, 'Neutral': 0.999958872795105, 'Other': 7.711567207024927e-08, 'Sad': 3.08608196064597e-06, 'Surprised': 1.453045570087852e-06, 'Unknown': 5.724730556266877e-08}",It is enchanted.
MARISHA,01:17:29,01:17:32,Neutral,"{'Angry': 3.470625244972325e-07, 'Disgusted': 1.789164087995232e-07, 'Fearful': 1.0645468506709221e-07, 'Happy': 7.398627985821804e-07, 'Neutral': 0.9999973773956299, 'Other': 1.3555410305343685e-07, 'Sad': 4.261270589722699e-07, 'Surprised': 7.572340905426245e-07, 'Unknown': 3.7925524054571724e-08}","It's not the one you're wearing, right, Scanlan?"
LAURA,01:17:32,01:17:36,Neutral,"{'Angry': 2.4095557146774915e-11, 'Disgusted': 8.682796777577384e-13, 'Fearful': 1.5624926753918938e-13, 'Happy': 1.6403088956562506e-11, 'Neutral': 1.0, 'Other': 3.91787568099905e-14, 'Sad': 2.5492198629795126e-11, 'Surprised': 4.119952642933633e-12, 'Unknown': 1.5705630697880613e-13}","No, I remember we found it and nobody equipped it."
TRAVIS,01:17:36,01:17:39,Neutral,"{'Angry': 8.721962707625153e-09, 'Disgusted': 3.264572168149016e-09, 'Fearful': 3.429984296587918e-09, 'Happy': 7.35317257749557e-07, 'Neutral': 0.9999991655349731, 'Other': 3.9818481845088627e-10, 'Sad': 1.39728513204318e-07, 'Surprised': 4.331980107963318e-09, 'Unknown': 9.787823884721547e-10}","I had it in the bag, yeah."
ORION,01:17:39,01:17:57,Happy,"{'Angry': 1.3122644304530695e-05, 'Disgusted': 4.9728896556189284e-05, 'Fearful': 3.532749178702943e-05, 'Happy': 0.9996449947357178, 'Neutral': 1.1435213309596293e-05, 'Other': 4.039554551127367e-05, 'Sad': 0.0001713404490146786, 'Surprised': 1.966980198631063e-05, 'Unknown': 1.401106328557944e-05}","I take it out, and I put it in mine. Grog, I'm finding out a way, as soon as I can show this to you, fellow. I'm going to go into Kraghammer very, very fast as opposed to slowly, and it is, so we should leave right now."
LAURA,01:17:57,01:17:59,Neutral,"{'Angry': 0.04676356166601181, 'Disgusted': 0.07923818379640579, 'Fearful': 0.001213770010508597, 'Happy': 0.21783021092414856, 'Neutral': 0.6418728232383728, 'Other': 0.002203972078859806, 'Sad': 0.002294698730111122, 'Surprised': 0.00497396057471633, 'Unknown': 0.0036088787019252777}",Can I go with you?
ORION,01:17:59,01:18:01,Neutral,"{'Angry': 0.0005960174021311104, 'Disgusted': 0.00022182840621098876, 'Fearful': 3.305086647742428e-05, 'Happy': 0.0012010684004053473, 'Neutral': 0.9965367317199707, 'Other': 3.9726415707264096e-05, 'Sad': 0.0011877384968101978, 'Surprised': 1.6623775081825443e-05, 'Unknown': 0.00016723803128115833}","Yeah, and I'll cast-- because, who was around, just them two?"
MATT,01:18:01,01:18:02,Neutral,"{'Angry': 0.0001624095457373187, 'Disgusted': 6.876649422338232e-05, 'Fearful': 2.2291598725132644e-05, 'Happy': 0.0030389663297683, 'Neutral': 0.9963143467903137, 'Other': 5.765935384260956e-06, 'Sad': 0.0002945763408206403, 'Surprised': 8.952068310463801e-05, 'Unknown': 3.357388550284668e-06}",Just those two.
ORION,01:18:02,01:18:06,Happy,"{'Angry': 0.03730174899101257, 'Disgusted': 0.008083025924861431, 'Fearful': 0.022914379835128784, 'Happy': 0.7547031044960022, 'Neutral': 0.021212223917245865, 'Other': 0.001066021155565977, 'Sad': 0.008268406614661217, 'Surprised': 6.897610001033172e-05, 'Unknown': 0.14638207852840424}","I cast Fly again at 3rd or 4th level, to cast on them."
TRAVIS,01:18:06,01:18:08,Neutral,"{'Angry': 0.008278610184788704, 'Disgusted': 2.816997721311054e-06, 'Fearful': 3.594430211251165e-07, 'Happy': 1.0168545486521907e-05, 'Neutral': 0.9916585087776184, 'Other': 7.067761487178359e-08, 'Sad': 4.593152698362246e-05, 'Surprised': 3.4530019092926523e-06, 'Unknown': 8.794759587260614e-09}",I don't want to go!
MATT,01:18:08,01:18:10,Neutral,"{'Angry': 7.86963282735087e-05, 'Disgusted': 0.00010254894732497633, 'Fearful': 7.87312637839932e-06, 'Happy': 0.012096029706299305, 'Neutral': 0.9873122572898865, 'Other': 7.232814823510125e-05, 'Sad': 0.0001245033781742677, 'Surprised': 3.105866881014663e-06, 'Unknown': 0.00020260260498616844}","Now, all of a sudden, you're (whoosh) lifted up in the air."
ORION,01:18:10,01:18:14,Neutral,"{'Angry': 1.1659740266622975e-06, 'Disgusted': 3.877794370055199e-06, 'Fearful': 4.837916662836506e-07, 'Happy': 0.0001949481520568952, 'Neutral': 0.9997836947441101, 'Other': 2.97305496133049e-06, 'Sad': 2.677997372302343e-06, 'Surprised': 1.5691646240156842e-06, 'Unknown': 8.626809176348615e-06}","Yes, but we get there much faster if we fly. And I go."
LAURA,01:18:14,01:18:15,Neutral,"{'Angry': 5.253971266938606e-06, 'Disgusted': 1.7438223949284293e-05, 'Fearful': 1.133297587330162e-06, 'Happy': 7.619521784363315e-05, 'Neutral': 0.999828577041626, 'Other': 3.3030150916601997e-06, 'Sad': 1.2344991773716174e-05, 'Surprised': 5.478963066707365e-05, 'Unknown': 9.797524853638606e-07}",And I take off after him!
TRAVIS,01:18:15,01:18:17,Happy,"{'Angry': 0.21672286093235016, 'Disgusted': 0.0006097989389672875, 'Fearful': 5.855092967976816e-05, 'Happy': 0.7762615084648132, 'Neutral': 0.004559643100947142, 'Other': 3.179766645189375e-05, 'Sad': 0.0002450717438478023, 'Surprised': 0.0014893519692122936, 'Unknown': 2.1380868929554708e-05}",What if I want to stay?
ORION,01:18:17,01:18:19,Neutral,"{'Angry': 0.0001365316129522398, 'Disgusted': 1.7027232388500124e-05, 'Fearful': 3.703994480019901e-06, 'Happy': 0.00013114373723510653, 'Neutral': 0.9996110796928406, 'Other': 2.3270281417353544e-06, 'Sad': 8.651472307974473e-05, 'Surprised': 8.327600880875252e-06, 'Unknown': 3.3476655971753644e-06}",You can stay.
TRAVIS,01:18:19,01:18:28,Neutral,"{'Angry': 1.6988957463048848e-10, 'Disgusted': 1.2413553691914547e-11, 'Fearful': 2.4825165794578608e-12, 'Happy': 1.392093018637297e-08, 'Neutral': 1.0, 'Other': 7.050828562497891e-13, 'Sad': 8.164714460079381e-10, 'Surprised': 7.492072934267568e-11, 'Unknown': 1.3322264298676334e-12}",But I'm fucking floating above my meal! No! This is bullshit. And I'm bouncing off the ceiling and shit. Can I control myself?
MATT,01:18:28,01:18:30,Neutral,"{'Angry': 1.6367819455354038e-07, 'Disgusted': 8.087958036639975e-08, 'Fearful': 3.4771943546729744e-08, 'Happy': 1.540240009489935e-05, 'Neutral': 0.9999816417694092, 'Other': 1.0131385153044903e-07, 'Sad': 1.9149722163547267e-07, 'Surprised': 2.4351038518943824e-06, 'Unknown': 5.847030415395693e-09}",You can. It takes a moment to adjust to it.
TRAVIS,01:18:30,01:18:35,Neutral,"{'Angry': 2.2261616994256883e-09, 'Disgusted': 5.1886106522403e-10, 'Fearful': 7.41002953441594e-11, 'Happy': 2.4995774339231502e-09, 'Neutral': 1.0, 'Other': 1.694488022119245e-10, 'Sad': 4.2894674479043715e-09, 'Surprised': 3.735755038647426e-10, 'Unknown': 4.422092414468892e-10}",I just start trying to swim down to my plate.
MATT,01:18:35,01:18:38,Angry,"{'Angry': 0.49867936968803406, 'Disgusted': 0.016763566061854362, 'Fearful': 0.0019620689563453197, 'Happy': 0.20176716148853302, 'Neutral': 0.24824227392673492, 'Other': 0.0029135695658624172, 'Sad': 0.002226240234449506, 'Surprised': 0.0010363252367824316, 'Unknown': 0.02640945464372635}","It takes you a little bit, but you do eventually get control of it."
TRAVIS,01:18:38,01:18:44,Neutral,"{'Angry': 3.6041847124579363e-06, 'Disgusted': 1.2294206896967808e-07, 'Fearful': 1.459126934832966e-07, 'Happy': 2.542820766393561e-06, 'Neutral': 0.9999769926071167, 'Other': 3.584115759736051e-08, 'Sad': 1.6466867236886173e-05, 'Surprised': 2.578653024443156e-08, 'Unknown': 3.863065600739901e-08}",(eating noises) This isn't so bad. (farting noise)
MATT,01:18:44,01:18:46,Neutral,"{'Angry': 5.413022918787647e-09, 'Disgusted': 1.6934743607421865e-09, 'Fearful': 3.228238509844772e-10, 'Happy': 3.787984148573287e-09, 'Neutral': 1.0, 'Other': 5.00853386542488e-11, 'Sad': 4.035712208860787e-09, 'Surprised': 8.935019391032029e-10, 'Unknown': 8.339318124939155e-11}",Propulsion does work.
LAURA,01:18:46,01:18:50,Neutral,"{'Angry': 4.5661904812810405e-10, 'Disgusted': 1.515456649059388e-10, 'Fearful': 1.0919298104594688e-10, 'Happy': 8.558571074068766e-10, 'Neutral': 1.0, 'Other': 4.798446796155931e-12, 'Sad': 3.1940521338924555e-09, 'Surprised': 6.664100382636207e-10, 'Unknown': 1.3738350734815441e-11}","As we're flying, can I keep an eye out for our party members that are returning?"
MATT,01:18:50,01:18:58,Neutral,"{'Angry': 0.0001221850689034909, 'Disgusted': 1.7497104636277072e-05, 'Fearful': 3.833679784293054e-06, 'Happy': 0.00023033347679302096, 'Neutral': 0.9995269775390625, 'Other': 4.142787292948924e-05, 'Sad': 3.906189522240311e-05, 'Surprised': 8.182981900972663e-07, 'Unknown': 1.7961250705411658e-05}","Yep. And as you guys coast over, you see, leaving the exterior wall gate to the south side of Emon, you see the rest of your party walking back towards the keep."
LAURA,01:18:58,01:19:00,Neutral,"{'Angry': 0.4356344938278198, 'Disgusted': 0.0005225579370744526, 'Fearful': 3.1651426979806274e-05, 'Happy': 0.000637539429590106, 'Neutral': 0.5621991157531738, 'Other': 0.00017542412388138473, 'Sad': 0.0005373847670853138, 'Surprised': 7.82723946031183e-05, 'Unknown': 0.0001835685397963971}",That means we're close enough. Brother!
LIAM,01:19:00,01:19:01,Angry,"{'Angry': 0.999998927116394, 'Disgusted': 5.078337608210859e-07, 'Fearful': 1.4856150087894093e-08, 'Happy': 2.8583716016328253e-07, 'Neutral': 2.104798824120735e-07, 'Other': 2.4241835205884854e-08, 'Sad': 4.175699075403827e-08, 'Surprised': 1.644852432036714e-08, 'Unknown': 2.7804258895258727e-09}",Hello?
LAURA,01:19:01,01:19:08,Angry,"{'Angry': 0.9621126055717468, 'Disgusted': 0.00012898168643005192, 'Fearful': 5.909541869186796e-06, 'Happy': 0.001836271258071065, 'Neutral': 0.03576398640871048, 'Other': 3.174165976815857e-05, 'Sad': 9.20785460039042e-05, 'Surprised': 1.5224108210531995e-05, 'Unknown': 1.3262845641293097e-05}","We're heading to the portal, Tiberius is working on something. We can get there faster! I'll be back soon."
LIAM,01:19:08,01:19:14,Neutral,"{'Angry': 1.2031827978375986e-08, 'Disgusted': 2.886530459100811e-10, 'Fearful': 5.128812652355208e-11, 'Happy': 1.9331579892423179e-07, 'Neutral': 0.9999997615814209, 'Other': 8.055803420170538e-12, 'Sad': 9.604582906774795e-09, 'Surprised': 6.769635962911025e-10, 'Unknown': 1.3891225843221111e-11}","Oh, all right. Gilmore has an in: he said we just need to mention his name and we're through. We can send Tiberius through."
LAURA,01:19:14,01:19:15,Angry,"{'Angry': 0.9968178272247314, 'Disgusted': 0.0012070718221366405, 'Fearful': 7.05309648765251e-05, 'Happy': 0.0007832589326426387, 'Neutral': 0.0007345451740548015, 'Other': 3.532275150064379e-05, 'Sad': 0.00026812677970156074, 'Surprised': 7.333740995818516e-06, 'Unknown': 7.609941530972719e-05}",Brilliant!
ORION,01:19:15,01:19:26,Neutral,"{'Angry': 3.028102213420425e-09, 'Disgusted': 5.252646650966142e-10, 'Fearful': 3.4168393808764463e-11, 'Happy': 4.981560408623409e-08, 'Neutral': 1.0, 'Other': 1.6514848516502312e-11, 'Sad': 3.038922002929212e-09, 'Surprised': 2.3416404926202006e-10, 'Unknown': 2.5740989201272768e-11}","Ooh, that gives me a wonderful idea! And then, I'll cast it at 4th level again, and I'll go (pew-pew!) and cast it on--"
MARISHA,01:19:26,01:19:28,Happy,"{'Angry': 0.05085979774594307, 'Disgusted': 0.0016836309805512428, 'Fearful': 0.002814627019688487, 'Happy': 0.47908473014831543, 'Neutral': 0.4506951868534088, 'Other': 0.003643415868282318, 'Sad': 0.0027485189493745565, 'Surprised': 0.00010391872638138011, 'Unknown': 0.008366085588932037}","Just because I think it's funny-- Grog is flying over too, right?"
TRAVIS,01:19:28,01:19:37,Angry,"{'Angry': 0.9999992847442627, 'Disgusted': 1.773771742819008e-07, 'Fearful': 1.680208683296769e-08, 'Happy': 4.0295677194990276e-07, 'Neutral': 2.3667141135774727e-08, 'Other': 9.182149085518176e-08, 'Sad': 1.140343464101079e-08, 'Surprised': 3.1739379124928746e-08, 'Unknown': 1.2450381836615065e-09}","I'm in that kitchen, floating around, farting and eating food. Look, I've got priorities."
MARISHA,01:19:37,01:19:40,Neutral,"{'Angry': 6.849335932201939e-06, 'Disgusted': 1.3641296092714583e-08, 'Fearful': 2.056520953530594e-09, 'Happy': 1.6781298484147555e-07, 'Neutral': 0.999992847442627, 'Other': 1.4911430423758532e-10, 'Sad': 8.430492925981525e-08, 'Surprised': 1.4197587994146943e-08, 'Unknown': 2.5817326054777823e-10}","Okay, well, I see you guys are flying? The two of you?"
MATT,01:19:40,01:19:42,Neutral,"{'Angry': 3.79300901798274e-09, 'Disgusted': 1.2364886892157756e-09, 'Fearful': 2.1857399223890184e-10, 'Happy': 1.712614050575212e-08, 'Neutral': 1.0, 'Other': 3.6379368961725334e-10, 'Sad': 5.88015280911236e-09, 'Surprised': 5.657819768245531e-10, 'Unknown': 3.4440997276341534e-10}",So you fly down and cast Fly on the rest of them?
ORION,01:19:42,01:19:44,Neutral,"{'Angry': 4.613999044522643e-05, 'Disgusted': 1.665927266003564e-05, 'Fearful': 3.1267327358364128e-06, 'Happy': 6.818007386755198e-05, 'Neutral': 0.9997662901878357, 'Other': 2.451220780130825e-06, 'Sad': 7.623132114531472e-05, 'Surprised': 7.239798947011877e-07, 'Unknown': 2.0205221517244354e-05}","Right. Come on, follow me!"
LIAM,01:19:44,01:19:48,Angry,"{'Angry': 0.9867375493049622, 'Disgusted': 0.0005458886153064668, 'Fearful': 0.0005806522094644606, 'Happy': 7.783753972034901e-05, 'Neutral': 2.556110302975867e-05, 'Other': 0.0032177846878767014, 'Sad': 0.0002431046887068078, 'Surprised': 0.008558872155845165, 'Unknown': 1.2847279322159011e-05}","Holy shit, I've never flown before! This is amazing!"
SAM,01:19:48,01:19:50,Neutral,"{'Angry': 1.964082452232674e-09, 'Disgusted': 4.33931640619889e-10, 'Fearful': 5.695245663961401e-11, 'Happy': 4.261328356847116e-08, 'Neutral': 1.0, 'Other': 3.9745273044955454e-11, 'Sad': 6.314104794569175e-09, 'Surprised': 6.52626064301387e-10, 'Unknown': 1.624922939258422e-11}","I'm flying, too? What's happening?"
MATT,01:19:50,01:20:09,Neutral,"{'Angry': 0.00016129676077980548, 'Disgusted': 0.0002543141017667949, 'Fearful': 7.572020695079118e-05, 'Happy': 0.000744445831514895, 'Neutral': 0.996732234954834, 'Other': 0.00029963150154799223, 'Sad': 0.0007955623441375792, 'Surprised': 0.0008755017770454288, 'Unknown': 6.121335172792897e-05}","You guys are now floating. You guys are floating, as well. You're coasting over Emon for roughly 12 or so seconds before Grog, you drop to the ground, and now Tiberius and Vex, you begin to plummet."
LAURA,01:20:09,01:20:11,Neutral,"{'Angry': 5.068060318080825e-07, 'Disgusted': 7.652984379546979e-08, 'Fearful': 4.403322506618679e-08, 'Happy': 5.218249953031773e-06, 'Neutral': 0.999993085861206, 'Other': 1.692304252287613e-08, 'Sad': 8.62930335188139e-07, 'Surprised': 1.571752790141545e-07, 'Unknown': 2.567635659644907e-09}",Why are we plummeting?
MATT,01:20:11,01:20:19,Happy,"{'Angry': 0.0002463068231008947, 'Disgusted': 0.00012583014904521406, 'Fearful': 0.0018857114482671022, 'Happy': 0.9488045573234558, 'Neutral': 0.00011207157513126731, 'Other': 4.530130900093354e-05, 'Sad': 0.0007761524757370353, 'Surprised': 0.04797406122088432, 'Unknown': 2.9976166842970997e-05}","Fly is a concentration spell. You cast it again. Your amulet keeps it up for two rounds, which is 12 seconds, and then the previous Fly spell deteriorates."
ORION,01:20:19,01:20:20,Happy,"{'Angry': 0.04322906583547592, 'Disgusted': 0.09300385415554047, 'Fearful': 0.06535869091749191, 'Happy': 0.6550761461257935, 'Neutral': 0.027886487543582916, 'Other': 0.0020471743773669004, 'Sad': 0.07405344396829605, 'Surprised': 0.03887083753943443, 'Unknown': 0.0004743355675600469}",What about my circlet?
MATT,01:20:20,01:20:24,Other,"{'Angry': 0.004276510328054428, 'Disgusted': 0.0014932352351024747, 'Fearful': 0.06926585733890533, 'Happy': 0.014233596622943878, 'Neutral': 0.00014237654977478087, 'Other': 0.9007143974304199, 'Sad': 0.0012822557473555207, 'Surprised': 0.0022254688665270805, 'Unknown': 0.0063662659376859665}",That's what I'm saying. The circlet lets you maintain concentration for two additional rounds.
LAURA,01:20:24,01:20:28,Happy,"{'Angry': 2.8205835445049843e-09, 'Disgusted': 8.056471045847502e-09, 'Fearful': 1.1513248132644094e-09, 'Happy': 0.9999991655349731, 'Neutral': 8.29354860343301e-07, 'Other': 4.071412984529843e-09, 'Sad': 1.4434797357409934e-08, 'Surprised': 8.007184915115317e-10, 'Unknown': 2.8810035246351617e-08}","Oh, okay! Tiberius, I'm falling!"
ORION,01:20:28,01:20:36,Angry,"{'Angry': 0.9663298726081848, 'Disgusted': 3.442826709942892e-06, 'Fearful': 5.763129138358636e-07, 'Happy': 4.41545489593409e-05, 'Neutral': 0.03359588608145714, 'Other': 2.0898642105748877e-07, 'Sad': 2.4490966097800992e-05, 'Surprised': 1.2187263109808555e-06, 'Unknown': 8.523019801032206e-08}",I cast Fly again at 6th-level on everybody else.
SAM,01:20:36,01:20:37,Surprised,"{'Angry': 0.009159782901406288, 'Disgusted': 0.046126604080200195, 'Fearful': 0.014004601165652275, 'Happy': 0.1307145655155182, 'Neutral': 0.007313929498195648, 'Other': 0.25250911712646484, 'Sad': 0.003152758814394474, 'Surprised': 0.5351526141166687, 'Unknown': 0.0018660794012248516}",I start falling.
ORION,01:20:37,01:20:40,Happy,"{'Angry': 9.100329043576494e-05, 'Disgusted': 0.00015998983872123063, 'Fearful': 0.001212634495459497, 'Happy': 0.9775508046150208, 'Neutral': 0.00040234829066321254, 'Other': 0.00046641670633107424, 'Sad': 0.01970863528549671, 'Surprised': 0.000315143697662279, 'Unknown': 9.308605513069779e-05}","No, because I can catch everybody."
MATT,01:20:40,01:20:43,Happy,"{'Angry': 4.5661998626655986e-08, 'Disgusted': 7.353560249612201e-08, 'Fearful': 9.900583819444364e-08, 'Happy': 0.9999990463256836, 'Neutral': 1.4639817891293205e-07, 'Other': 5.029520977473112e-08, 'Sad': 2.3820449257527798e-07, 'Surprised': 3.849420409096638e-07, 'Unknown': 6.872517221978569e-09}","At that point, now all of you guys are flying."
ORION,01:20:43,01:20:47,Unknown,"{'Angry': 0.1389714479446411, 'Disgusted': 0.02766307443380356, 'Fearful': 0.007568000815808773, 'Happy': 0.003608646336942911, 'Neutral': 0.10355506092309952, 'Other': 0.00800484512001276, 'Sad': 0.0001416084123775363, 'Surprised': 2.257962478324771e-05, 'Unknown': 0.7104647159576416}","You fall in the kitchen, though."
TRAVIS,01:20:47,01:20:50,Neutral,"{'Angry': 2.972823029412375e-11, 'Disgusted': 3.83685791471855e-12, 'Fearful': 9.68597164280327e-13, 'Happy': 8.82930187295905e-11, 'Neutral': 1.0, 'Other': 5.29944252543324e-13, 'Sad': 1.192610038502906e-10, 'Surprised': 6.396180893958325e-12, 'Unknown': 3.9443023500118635e-12}","Well, that makes sense."
LIAM,01:20:50,01:20:53,Neutral,"{'Angry': 9.090011735679582e-05, 'Disgusted': 2.764313467196189e-05, 'Fearful': 8.033289873310423e-07, 'Happy': 1.282194716623053e-05, 'Neutral': 0.9998308420181274, 'Other': 6.983282219152898e-06, 'Sad': 7.847607776056975e-06, 'Surprised': 3.475227003946202e-07, 'Unknown': 2.174009568989277e-05}","Is this going to stick, Tiberius?"
ORION,01:20:53,01:21:04,Neutral,"{'Angry': 0.00017113691137637943, 'Disgusted': 0.0002903548302128911, 'Fearful': 5.381258233683184e-05, 'Happy': 0.006837425287812948, 'Neutral': 0.9910674691200256, 'Other': 0.0004707371990662068, 'Sad': 0.00023273089027497917, 'Surprised': 0.0006165598751977086, 'Unknown': 0.0002598641731310636}",Yes. It's the same spell. I just really need a nap after this. I really need a nap after this. I go back to gather them all.
MATT,01:21:04,01:21:23,Happy,"{'Angry': 0.0006981155020184815, 'Disgusted': 0.0007801101892255247, 'Fearful': 0.0009327662992291152, 'Happy': 0.8356612324714661, 'Neutral': 0.0028840869199484587, 'Other': 0.00028363068122416735, 'Sad': 0.08526961505413055, 'Surprised': 0.0734177976846695, 'Unknown': 7.263528823386878e-05}","You make your way. Now, all of you following Tiberius, you coast down to the Alabaster Lyceum, landing right through the front area (whoosh), this whole party appears. Catch your feet, and there you see the same clerk looking up. ""Ah, I see you've returned."""
ORION,01:21:23,01:21:29,Neutral,"{'Angry': 0.003190814284607768, 'Disgusted': 0.0010338026331737638, 'Fearful': 0.0001038131449604407, 'Happy': 0.004423303063958883, 'Neutral': 0.9821260571479797, 'Other': 0.001477348618209362, 'Sad': 0.00028401389135979116, 'Surprised': 1.833148235164117e-05, 'Unknown': 0.007342418655753136}",Yes. Can we not talk to the middle guy first? Can we go right to the last guy?
MATT,01:21:29,01:21:31,Neutral,"{'Angry': 2.6411084945721086e-06, 'Disgusted': 9.938734990555531e-08, 'Fearful': 6.138228592078576e-09, 'Happy': 4.2291918589398847e-07, 'Neutral': 0.9999960660934448, 'Other': 2.205313931469277e-09, 'Sad': 7.397320587188005e-07, 'Surprised': 1.7448137157316523e-08, 'Unknown': 2.8820703601439845e-09}","""Down that hallway. Follow it to the very end."""
ORION,01:21:31,01:21:33,Neutral,"{'Angry': 4.902269574813545e-05, 'Disgusted': 3.929525973944692e-06, 'Fearful': 7.770128149786615e-07, 'Happy': 0.00021328755246941, 'Neutral': 0.9997140765190125, 'Other': 6.46030400730524e-07, 'Sad': 1.4108199138718192e-05, 'Surprised': 3.4557147046143655e-06, 'Unknown': 6.650257660112402e-07}",Thank you very much.
MATT,01:21:33,01:21:34,Angry,"{'Angry': 0.6616785526275635, 'Disgusted': 0.0009164877701550722, 'Fearful': 0.00043998315231874585, 'Happy': 0.008175050839781761, 'Neutral': 0.03701736405491829, 'Other': 0.0006860721623525023, 'Sad': 0.0026369851548224688, 'Surprised': 0.2884133458137512, 'Unknown': 3.60871636075899e-05}","""You're welcome."""
ORION,01:21:34,01:21:36,Other,"{'Angry': 0.029355941340327263, 'Disgusted': 0.062888965010643, 'Fearful': 0.028843656182289124, 'Happy': 0.015887752175331116, 'Neutral': 0.012295166961848736, 'Other': 0.7663334012031555, 'Sad': 0.07287812978029251, 'Surprised': 0.00999926682561636, 'Unknown': 0.0015177446184679866}","Follow me, everybody!"
MATT,01:21:36,01:21:58,Neutral,"{'Angry': 0.006755105219781399, 'Disgusted': 7.625709258718416e-05, 'Fearful': 3.4492059057811275e-06, 'Happy': 0.09720206260681152, 'Neutral': 0.8918249607086182, 'Other': 6.464304897235706e-05, 'Sad': 0.0040277899242937565, 'Surprised': 8.507024176651612e-06, 'Unknown': 3.729745731106959e-05}","You all glide through the hallway, or walk, if you prefer. The end of the hallway, you open once again into the office, and there you see behind his desk once again, the headmaster Thurmond, who looks around. ""Oh, yes. You've returned. I received the note from your friend Gilmore, and you're welcome to utilize one of our sigils."""
ORION,01:21:58,01:22:01,Neutral,"{'Angry': 6.10718281501832e-11, 'Disgusted': 9.398487196832228e-12, 'Fearful': 1.511160120648558e-12, 'Happy': 1.3442114088491053e-10, 'Neutral': 1.0, 'Other': 1.16181120713571e-12, 'Sad': 1.3977720370039748e-10, 'Surprised': 1.1639322318457435e-11, 'Unknown': 2.9508066996808413e-12}",Wonderful. That makes me quite happy.
MATT,01:22:01,01:22:02,Neutral,"{'Angry': 0.3553905785083771, 'Disgusted': 0.0028445404022932053, 'Fearful': 0.002227995079010725, 'Happy': 0.11504887044429779, 'Neutral': 0.513911247253418, 'Other': 0.0004461928620003164, 'Sad': 0.003736799582839012, 'Surprised': 0.005636523477733135, 'Unknown': 0.0007572340546175838}","""To Kraghammer, was it?"""
ORION,01:22:02,01:22:22,Neutral,"{'Angry': 9.305960020355997e-07, 'Disgusted': 4.484944327032281e-07, 'Fearful': 5.8784571876913105e-08, 'Happy': 0.001950927427969873, 'Neutral': 0.9980364441871643, 'Other': 1.1884718560395413e-06, 'Sad': 8.519881703250576e-06, 'Surprised': 5.825475568599359e-07, 'Unknown': 1.012463258120988e-06}","Yes, but I do not want to use that favor for that sigil. I would like to call our friends, and I brought the item. I bring out the amulet. I want to show our friends in Kraghammer that we actually brought them the thing to get their permission to go on their sigil, and the other continent that we were on is called what?"
LAURA,01:22:22,01:22:24,Neutral,"{'Angry': 0.0003537744050845504, 'Disgusted': 8.148505003191531e-05, 'Fearful': 0.00019935521413572133, 'Happy': 0.00010243251017527655, 'Neutral': 0.998847246170044, 'Other': 6.997241598583059e-06, 'Sad': 0.00032649707281962037, 'Surprised': 5.885700375074521e-05, 'Unknown': 2.334899727429729e-05}",Vasselheim?
ORION,01:22:24,01:22:33,Happy,"{'Angry': 0.008225126191973686, 'Disgusted': 0.00042053565266542137, 'Fearful': 0.0003356258966960013, 'Happy': 0.9886029958724976, 'Neutral': 0.00013467660755850375, 'Other': 3.226629996788688e-05, 'Sad': 0.0019029604736715555, 'Surprised': 0.0002351208677282557, 'Unknown': 0.0001106880881707184}","Yes. The favor I would like for Gilmore is to get the Vasselheim sigil, please. But let's contact our friends at Kraghammer first."
MATT,01:22:33,01:23:07,Sad,"{'Angry': 0.0004788049263879657, 'Disgusted': 0.0001964183320524171, 'Fearful': 0.0002222326147602871, 'Happy': 0.0005413605249486864, 'Neutral': 0.0005470794276334345, 'Other': 0.00013083570229355246, 'Sad': 0.9977453351020813, 'Surprised': 1.3573767319030594e-05, 'Unknown': 0.0001243618462467566}","""Two notes. There is no sigil in Vasselheim. They have been outlawed and destroyed to prevent arcane intrusion or subterfuge. There have been, historically, many a war's passed in which Vasselheim nearly fell to the sudden appearance of small armies within its walls, and as such, many of these sigils, all of them have been destroyed over the past 1,000 years. However, it was the third war--"" And he's going into a long diatribe about the history of Vasselheim."
LAURA,01:23:07,01:23:17,Happy,"{'Angry': 7.045572419883683e-05, 'Disgusted': 0.00012292584870010614, 'Fearful': 9.913384928950109e-06, 'Happy': 0.9639878869056702, 'Neutral': 0.03396814689040184, 'Other': 0.0005014273920096457, 'Sad': 0.0003145239606965333, 'Surprised': 8.481000804749783e-06, 'Unknown': 0.001016286201775074}",You are so educated. Perhaps we could talk later about all of this wonderful history.
MATT,01:23:17,01:23:42,Neutral,"{'Angry': 0.015441816300153732, 'Disgusted': 0.02031441405415535, 'Fearful': 0.0011446429416537285, 'Happy': 0.045239854604005814, 'Neutral': 0.8774329423904419, 'Other': 0.014705836772918701, 'Sad': 0.013814342208206654, 'Surprised': 0.009172203950583935, 'Unknown': 0.0027339982334524393}","""Certainly. Yes, I'm sorry. The mirror."" He pulls up the mirror, pulls out his chest, brings out the same marble again, pops it into the mirror. It shimmers. ""Hello? Hello?"" You hear another voice say, ""Oh, are you kidding me? Really? You again? All right, what are you bothering me with?"""
ORION,01:23:42,01:23:48,Neutral,"{'Angry': 1.29672017123994e-07, 'Disgusted': 4.477805681801783e-09, 'Fearful': 2.778285101978639e-10, 'Happy': 5.6491760602739305e-08, 'Neutral': 0.9999997615814209, 'Other': 3.791499406102794e-11, 'Sad': 1.5633130345804602e-08, 'Surprised': 5.841251038418704e-09, 'Unknown': 4.3806184374384216e-11}","Using my Mage Hand, I'm like, it's one of the things that you wanted us to get."
LAURA,01:23:48,01:23:50,Neutral,"{'Angry': 1.7036754798027687e-05, 'Disgusted': 1.6212337868637405e-05, 'Fearful': 8.902658919396345e-06, 'Happy': 0.00041743062320165336, 'Neutral': 0.999455988407135, 'Other': 5.863929800398182e-06, 'Sad': 3.240503428969532e-05, 'Surprised': 2.8939828098373255e-06, 'Unknown': 4.324947440181859e-05}",Who are you talking to?
ORION,01:23:50,01:23:52,Happy,"{'Angry': 2.192775355069898e-06, 'Disgusted': 8.676549441588577e-06, 'Fearful': 2.298659637745004e-06, 'Happy': 0.9998155236244202, 'Neutral': 3.412383739487268e-05, 'Other': 3.9669052966928575e-06, 'Sad': 2.1495961846085265e-06, 'Surprised': 7.252836553561792e-07, 'Unknown': 0.0001303955214098096}",I can see it. It's fine.
MATT,01:23:52,01:23:55,Neutral,"{'Angry': 1.856191068905222e-11, 'Disgusted': 1.2043929221994265e-12, 'Fearful': 3.6291645686900575e-13, 'Happy': 3.3323770826099164e-11, 'Neutral': 1.0, 'Other': 1.132451744141269e-13, 'Sad': 7.711254551567848e-11, 'Surprised': 5.340469819842264e-12, 'Unknown': 3.3669055499348233e-13}","""What's it say? I can't read it from here. Read it out for me."""
ORION,01:23:55,01:23:57,Neutral,"{'Angry': 0.003685171715915203, 'Disgusted': 0.011031081900000572, 'Fearful': 0.004846698604524136, 'Happy': 0.010806302540004253, 'Neutral': 0.94415283203125, 'Other': 0.00036753565655089915, 'Sad': 0.018604964017868042, 'Surprised': 0.005334376357495785, 'Unknown': 0.0011711533879861236}","What does it say, Keyleth?"
MARISHA,01:23:57,01:24:01,Neutral,"{'Angry': 6.181382923386991e-05, 'Disgusted': 5.0661292334552854e-05, 'Fearful': 0.000376678304746747, 'Happy': 0.0007309979991987348, 'Neutral': 0.998379111289978, 'Other': 7.96370022726478e-06, 'Sad': 0.0003063696494791657, 'Surprised': 5.829538713442162e-05, 'Unknown': 2.8207314244355075e-05}","To Lorna, with love. It's written right there, Tiberius."
ORION,01:24:01,01:24:06,Happy,"{'Angry': 0.0034173016902059317, 'Disgusted': 0.000910822069272399, 'Fearful': 0.0005802764790132642, 'Happy': 0.9848124980926514, 'Neutral': 0.0025557479821145535, 'Other': 0.0002725920348893851, 'Sad': 0.00019280090054962784, 'Surprised': 0.0006357792881317437, 'Unknown': 0.006622243206948042}","Oh, sorry. To Lorna, with love."
MATT,01:24:06,01:24:25,Happy,"{'Angry': 3.173988943672157e-06, 'Disgusted': 1.708887066342868e-05, 'Fearful': 2.5874420316540636e-05, 'Happy': 0.9991869330406189, 'Neutral': 2.962211328849662e-05, 'Other': 9.574604519002605e-06, 'Sad': 0.0006788510945625603, 'Surprised': 4.5399501686915755e-05, 'Unknown': 3.4956858598889085e-06}","At which point, you see the eyes of this dwarf that were very untrusting open wide for a second. ""All right. Give him the sigil. Send him through. I'll see you soon."" The mirror gives out again."
LAURA,01:24:25,01:24:27,Neutral,"{'Angry': 4.458447619981598e-06, 'Disgusted': 6.282971298787743e-06, 'Fearful': 6.489181032520719e-06, 'Happy': 0.0007804046617820859, 'Neutral': 0.9991432428359985, 'Other': 9.851219147094525e-07, 'Sad': 4.793465632246807e-05, 'Surprised': 7.512292086175876e-06, 'Unknown': 2.645823542479775e-06}","Oh, all of us?"
MATT,01:24:27,01:24:48,Surprised,"{'Angry': 0.0019574023317545652, 'Disgusted': 0.008306176401674747, 'Fearful': 0.0434434600174427, 'Happy': 0.026201821863651276, 'Neutral': 0.003769312519580126, 'Other': 0.0010706937173381448, 'Sad': 0.061888158321380615, 'Surprised': 0.8524222373962402, 'Unknown': 0.0009407110628671944}","No, the headmaster takes the mirror and puts it down. He points back to the clerk who's in the hallway behind you again, waiting, and says, ""Go ahead and bring them to the Junction. Allow them access to the sigil for House Thunderbrand in Kraghammer."" He nods. ""Of course."""
ORION,01:24:48,01:24:53,Neutral,"{'Angry': 2.3169686655388766e-11, 'Disgusted': 9.927154584477016e-13, 'Fearful': 3.544817976479375e-13, 'Happy': 5.2781126691492375e-11, 'Neutral': 1.0, 'Other': 4.0685648751946635e-14, 'Sad': 3.75819410314282e-11, 'Surprised': 6.17647079315109e-12, 'Unknown': 6.779628941577798e-13}","As he's doing this, I'm writing the sigil that I'm seeing forming in my--"
MATT,01:24:53,01:25:13,Happy,"{'Angry': 6.60598425383796e-06, 'Disgusted': 7.090674898790894e-06, 'Fearful': 6.797209061915055e-05, 'Happy': 0.9992825388908386, 'Neutral': 7.246133009175537e-06, 'Other': 6.876572297187522e-05, 'Sad': 0.00031020023743622005, 'Surprised': 0.00024713872699066997, 'Unknown': 2.3373845579044428e-06}","He leads you to the Junction, and there is one of the doors he opens up on the inside, there is the actual sigil to Kraghammer there. He gives you some time to study it, you memorize it, you get it locked in, and you now permanently know the sigil of teleportation to Kraghammer within the House Thunderbrand."
ORION,01:25:13,01:25:18,Neutral,"{'Angry': 3.7092148796880053e-10, 'Disgusted': 1.620649170419597e-10, 'Fearful': 3.150503122273385e-11, 'Happy': 7.648184863207064e-10, 'Neutral': 1.0, 'Other': 6.819710768324327e-11, 'Sad': 1.7246080119548424e-08, 'Surprised': 6.496302107361629e-11, 'Unknown': 5.3337025768263047e-11}",Shall we go collect our money now?
"SAM, LAURA",01:25:18,01:25:21,Happy,"{'Angry': 0.1353043168783188, 'Disgusted': 0.09843534976243973, 'Fearful': 0.11701437085866928, 'Happy': 0.2465936839580536, 'Neutral': 0.1508241444826126, 'Other': 0.0020399619825184345, 'Sad': 0.07164810597896576, 'Surprised': 0.02203035168349743, 'Unknown': 0.15610964596271515}",Yes.
LIAM,01:25:21,01:25:25,Unknown,"{'Angry': 0.0033309869468212128, 'Disgusted': 0.01599936932325363, 'Fearful': 0.023333054035902023, 'Happy': 0.299986869096756, 'Neutral': 0.2688700556755066, 'Other': 0.001189999864436686, 'Sad': 0.010292807593941689, 'Surprised': 0.0002638096339069307, 'Unknown': 0.37673303484916687}",We're all going? All of us?
MARISHA,01:25:25,01:25:30,Happy,"{'Angry': 1.0055761777039152e-05, 'Disgusted': 3.278208623669343e-06, 'Fearful': 8.208912731788587e-07, 'Happy': 0.9992272853851318, 'Neutral': 0.0007349897641688585, 'Other': 1.2489511391322594e-05, 'Sad': 4.284333044779487e-06, 'Surprised': 9.579653124092147e-07, 'Unknown': 5.897382834518794e-06}","Well, I guess just the five of us, cause Grog and Percy are back at the Keep."
SAM,01:25:30,01:25:32,Happy,"{'Angry': 0.049732789397239685, 'Disgusted': 4.472884756978601e-05, 'Fearful': 2.765157478279434e-05, 'Happy': 0.9492443203926086, 'Neutral': 0.0007541579543612897, 'Other': 1.6515223251190037e-05, 'Sad': 3.0901737773092464e-05, 'Surprised': 0.00013770375517196953, 'Unknown': 1.119605076382868e-05}","Would you rather just send Tiberius, then?"
LAURA,01:25:32,01:25:35,Happy,"{'Angry': 0.07275798916816711, 'Disgusted': 0.036097705364227295, 'Fearful': 0.010159372352063656, 'Happy': 0.6300823092460632, 'Neutral': 0.0563797764480114, 'Other': 0.0021941668819636106, 'Sad': 0.004072648473083973, 'Surprised': 0.0013735138345509768, 'Unknown': 0.1868826001882553}","No, we should go."
MARISHA,01:25:35,01:25:37,Neutral,"{'Angry': 0.002256908221170306, 'Disgusted': 0.002126428997144103, 'Fearful': 0.00448576407507062, 'Happy': 0.007807927206158638, 'Neutral': 0.5090970993041992, 'Other': 6.353622302412987e-05, 'Sad': 0.45310476422309875, 'Surprised': 0.021049702540040016, 'Unknown': 7.827318768249825e-06}",I can go back and check in on them.
ORION,01:25:37,01:25:41,Angry,"{'Angry': 1.0, 'Disgusted': 1.672658019036266e-11, 'Fearful': 2.964499479229943e-11, 'Happy': 1.3953799227195418e-10, 'Neutral': 5.6275629989333e-11, 'Other': 1.8009041523672775e-12, 'Sad': 2.5315631535516303e-11, 'Surprised': 2.4854361624360166e-11, 'Unknown': 6.457178219990709e-15}",Everybody's here but Grog.
TALIESIN,01:25:41,01:25:42,Surprised,"{'Angry': 0.02787160314619541, 'Disgusted': 0.0005844745319336653, 'Fearful': 0.001550060580484569, 'Happy': 0.011590030044317245, 'Neutral': 0.000978499767370522, 'Other': 0.00024202665372285992, 'Sad': 6.073201438994147e-05, 'Surprised': 0.9563066363334656, 'Unknown': 0.0008160053985193372}",And me.
ORION,01:25:42,01:25:45,Neutral,"{'Angry': 0.029143523424863815, 'Disgusted': 0.015064435079693794, 'Fearful': 0.008697851561009884, 'Happy': 0.16620099544525146, 'Neutral': 0.7029106616973877, 'Other': 0.0024319652002304792, 'Sad': 0.0143793486058712, 'Surprised': 0.002948061330243945, 'Unknown': 0.05822313204407692}","Wait, where are you? Oh, you're working. Tinkering."
LIAM,01:25:45,01:25:48,Neutral,"{'Angry': 0.001184966298751533, 'Disgusted': 0.00021510849182959646, 'Fearful': 6.43100866000168e-05, 'Happy': 0.003504402469843626, 'Neutral': 0.9937496185302734, 'Other': 8.502543641952798e-05, 'Sad': 2.3103020794223994e-05, 'Surprised': 4.6618719352409244e-05, 'Unknown': 0.0011269004317000508}",I have an errand to run.
MARISHA,01:25:48,01:25:52,Fearful,"{'Angry': 4.09208132623462e-06, 'Disgusted': 5.774434157501673e-07, 'Fearful': 0.9997568726539612, 'Happy': 9.37588447413873e-06, 'Neutral': 1.1537093769220519e-06, 'Other': 1.0731849897638313e-06, 'Sad': 4.5259198486746754e-06, 'Surprised': 0.00022223278938326985, 'Unknown': 1.0057454602474536e-07}","You have an errand to run? All right, I'll go with Vax--"
LAURA,01:25:52,01:25:59,Happy,"{'Angry': 1.958879465746577e-06, 'Disgusted': 7.726223884674255e-06, 'Fearful': 0.0005725362570956349, 'Happy': 0.9988915324211121, 'Neutral': 1.2523206578407553e-06, 'Other': 0.00040229264413937926, 'Sad': 9.831837087403983e-05, 'Surprised': 1.4505444596579764e-05, 'Unknown': 9.899612450681161e-06}","It's the three of us, me and you and--"
ORION,01:25:59,01:26:04,Happy,"{'Angry': 7.249790360219777e-05, 'Disgusted': 2.4122024115058593e-05, 'Fearful': 1.418302781530656e-05, 'Happy': 0.9996232986450195, 'Neutral': 0.0001026905738399364, 'Other': 1.8464032109477557e-05, 'Sad': 4.126671774429269e-05, 'Surprised': 2.5597882995498367e-05, 'Unknown': 7.787033973727375e-05}","Okay. Thunderbrands are buttholes, though."
SAM,01:26:04,01:26:06,Happy,"{'Angry': 0.0015341556863859296, 'Disgusted': 0.002063760533928871, 'Fearful': 0.001403897418640554, 'Happy': 0.962988555431366, 'Neutral': 0.0173194520175457, 'Other': 0.00020272060646675527, 'Sad': 0.009964549914002419, 'Surprised': 0.0043978383764624596, 'Unknown': 0.00012507503561209887}",That's all right. That's why we're taking the heaviest hitters.
MARISHA,01:26:06,01:26:13,Neutral,"{'Angry': 2.877530459954869e-05, 'Disgusted': 6.885052425786853e-05, 'Fearful': 9.078034054255113e-06, 'Happy': 0.019411969929933548, 'Neutral': 0.9799529314041138, 'Other': 7.919719791971147e-05, 'Sad': 3.879651194438338e-05, 'Surprised': 2.4542738174204715e-05, 'Unknown': 0.00038578995736315846}","Wait. We'll address that later. Come on, Vax."
LAURA,01:26:13,01:26:15,Neutral,"{'Angry': 7.857637683628127e-06, 'Disgusted': 9.689483704278246e-07, 'Fearful': 2.132209147021058e-07, 'Happy': 6.285597464739112e-07, 'Neutral': 0.9999895095825195, 'Other': 1.9516873450697858e-08, 'Sad': 7.983155114743568e-07, 'Surprised': 1.973141827704694e-08, 'Unknown': 4.533292852215709e-08}",Persuasion-wise.
MATT,01:26:15,01:26:26,Happy,"{'Angry': 0.008914481848478317, 'Disgusted': 0.00238119182176888, 'Fearful': 0.00022758064733352512, 'Happy': 0.9542360305786133, 'Neutral': 0.02456985041499138, 'Other': 0.0024519923608750105, 'Sad': 0.0005725290393456817, 'Surprised': 7.988336437847465e-05, 'Unknown': 0.006566475611180067}","So you guys head back to the Keep, you meet up with Grog and Percy, what about you guys? What're you doing? For, Tiberius, Scanlan, and Vex."
LAURA,01:26:26,01:26:27,Disgusted,"{'Angry': 0.00817190483212471, 'Disgusted': 0.9807712435722351, 'Fearful': 0.0008936492959037423, 'Happy': 0.00412962818518281, 'Neutral': 0.0041462453082203865, 'Other': 0.0006638245540671051, 'Sad': 0.0006707923603244126, 'Surprised': 0.0004189205064903945, 'Unknown': 0.00013378627772908658}",We go through.
MATT,01:26:27,01:26:29,Happy,"{'Angry': 3.0169236197252758e-05, 'Disgusted': 4.269576947990572e-06, 'Fearful': 4.2066574224008946e-07, 'Happy': 0.9999501705169678, 'Neutral': 6.3461206991632935e-06, 'Other': 6.189303576320526e-07, 'Sad': 3.6132612990513735e-07, 'Surprised': 5.491035892646323e-08, 'Unknown': 7.665328666917048e-06}","Well, it's just the sigil. You have to cast the spell."
"LAURA, SAM",01:26:29,01:26:30,Neutral,"{'Angry': 7.107070132406079e-07, 'Disgusted': 8.981257906270912e-07, 'Fearful': 1.2863235099302983e-07, 'Happy': 2.039347236859612e-06, 'Neutral': 0.9999921321868896, 'Other': 1.4467910887105973e-06, 'Sad': 3.4530529546827893e-07, 'Surprised': 2.697816192664959e-08, 'Unknown': 2.221528347945423e-06}",Oh.
ORION,01:26:30,01:26:34,Angry,"{'Angry': 0.9088212251663208, 'Disgusted': 0.003632068634033203, 'Fearful': 7.946331606945023e-05, 'Happy': 0.05760189890861511, 'Neutral': 0.025731703266501427, 'Other': 0.001292924047447741, 'Sad': 0.00026944794808514416, 'Surprised': 4.9602491344558075e-05, 'Unknown': 0.002521615708246827}",Yeah. Is that what you want to do? Is that what's going on?
SAM,01:26:34,01:26:36,Angry,"{'Angry': 0.9941530823707581, 'Disgusted': 5.281770063447766e-05, 'Fearful': 2.027146729233209e-05, 'Happy': 0.005464284215122461, 'Neutral': 0.00019787125347647816, 'Other': 3.737043880391866e-05, 'Sad': 1.1106596502941102e-05, 'Surprised': 8.419803634751588e-06, 'Unknown': 5.4778654885012656e-05}",It's a spell?
ORION,01:26:36,01:26:50,Neutral,"{'Angry': 1.161185453346647e-10, 'Disgusted': 3.170067507107799e-12, 'Fearful': 4.860714153225032e-13, 'Happy': 1.679291983247566e-10, 'Neutral': 1.0, 'Other': 8.133331654653839e-14, 'Sad': 5.6049713481609587e-11, 'Surprised': 1.1553149929788287e-11, 'Unknown': 5.59161820578441e-13}","Oh, shit. No, actually, I need to sleep. All that flying left me a bit exhausted."
LAURA,01:26:50,01:26:52,Neutral,"{'Angry': 0.0002401364326942712, 'Disgusted': 0.0003209123678971082, 'Fearful': 6.565464718732983e-05, 'Happy': 0.0010913674486801028, 'Neutral': 0.9980463981628418, 'Other': 6.380107606673846e-06, 'Sad': 0.00017915233911480755, 'Surprised': 3.143800131510943e-05, 'Unknown': 1.8481960069038905e-05}",Oh my god.
LIAM,01:26:52,01:26:54,Angry,"{'Angry': 1.0, 'Disgusted': 8.279037899683317e-09, 'Fearful': 1.3317000835399995e-09, 'Happy': 1.03056310152283e-08, 'Neutral': 2.7272966107716456e-08, 'Other': 6.361403626087281e-10, 'Sad': 2.7622821807682385e-09, 'Surprised': 1.85283255405011e-09, 'Unknown': 7.883407815434396e-11}","Sorcerers, they improvise."
LAURA,01:26:54,01:26:57,Neutral,"{'Angry': 2.264227738635327e-08, 'Disgusted': 1.2974811225419103e-09, 'Fearful': 3.499951439778215e-10, 'Happy': 1.2507617164203566e-08, 'Neutral': 1.0, 'Other': 8.941117984884173e-11, 'Sad': 1.980360231357281e-08, 'Surprised': 1.0177366727148751e-09, 'Unknown': 1.0118828691618731e-10}","Wait, you're saying that we cannot go through?"
ORION,01:26:57,01:27:01,Neutral,"{'Angry': 9.811111992275023e-12, 'Disgusted': 4.958521657508208e-13, 'Fearful': 1.3019556407371097e-13, 'Happy': 9.229159103618656e-12, 'Neutral': 1.0, 'Other': 2.2858434302287442e-14, 'Sad': 1.5582026988147923e-11, 'Surprised': 1.820545233663373e-12, 'Unknown': 2.256018587004291e-13}","Well, hold on. Maybe there's a way I could trigger the spell?"
SAM,01:27:01,01:27:03,Neutral,"{'Angry': 3.159686401410511e-11, 'Disgusted': 3.0390679122554998e-12, 'Fearful': 1.2004826386441403e-12, 'Happy': 9.230624598011161e-11, 'Neutral': 1.0, 'Other': 2.4421401858230884e-13, 'Sad': 1.1625971019224579e-10, 'Surprised': 8.263311909728621e-12, 'Unknown': 2.819774361922933e-12}",Let's go home and go to sleep.
ORION,01:27:03,01:27:14,Neutral,"{'Angry': 0.010293043218553066, 'Disgusted': 0.012258164584636688, 'Fearful': 0.022100046277046204, 'Happy': 0.042127661406993866, 'Neutral': 0.8648442625999451, 'Other': 0.00038418828626163304, 'Sad': 0.04323161765933037, 'Surprised': 0.0026881673838943243, 'Unknown': 0.0020728674717247486}","Let's get a drink, maybe? It's only been a day."
MARISHA,01:27:14,01:27:19,Other,"{'Angry': 0.00733856949955225, 'Disgusted': 0.0017071987967938185, 'Fearful': 0.0008725965162739158, 'Happy': 0.0006244873511604965, 'Neutral': 0.0001549041917314753, 'Other': 0.9878893494606018, 'Sad': 0.001060734735801816, 'Surprised': 0.00011633876420091838, 'Unknown': 0.00023574680380988866}","You can cast that sigil anywhere, right? You don't have to be here? We could do it from home."
LAURA,01:27:19,01:27:21,Happy,"{'Angry': 8.862147637955786e-07, 'Disgusted': 1.0414231610411662e-07, 'Fearful': 2.055908154829922e-08, 'Happy': 0.9999918937683105, 'Neutral': 6.204541023180354e-06, 'Other': 5.235502698042183e-09, 'Sad': 5.550888459993075e-08, 'Surprised': 8.389152412746625e-07, 'Unknown': 6.904552929398733e-09}",Then let's just fucking go home.
ORION,01:27:21,01:27:24,Other,"{'Angry': 0.033236175775527954, 'Disgusted': 0.00019186762801837176, 'Fearful': 0.4147535562515259, 'Happy': 0.001134513528086245, 'Neutral': 7.68668542150408e-05, 'Other': 0.5501810312271118, 'Sad': 0.0002174381515942514, 'Surprised': 9.22031031223014e-05, 'Unknown': 0.00011629062646534294}","What time of the day is this? It's still afternoonish, right?"
MATT,01:27:24,01:27:26,Angry,"{'Angry': 0.36724191904067993, 'Disgusted': 0.13860756158828735, 'Fearful': 0.3200503885746002, 'Happy': 0.004275061655789614, 'Neutral': 0.0016097479965537786, 'Other': 0.1485106498003006, 'Sad': 0.015826020389795303, 'Surprised': 0.0014431409072130919, 'Unknown': 0.002435545437037945}","At this point in time, with all the travel back and forth, it's getting close to dusk."
ORION,01:27:26,01:27:27,Neutral,"{'Angry': 0.010579217225313187, 'Disgusted': 0.004428415559232235, 'Fearful': 0.0060064783319830894, 'Happy': 0.0993979275226593, 'Neutral': 0.6128135919570923, 'Other': 0.0001238896365975961, 'Sad': 0.01863940618932247, 'Surprised': 0.24772146344184875, 'Unknown': 0.0002896413498092443}",Great.
MARISHA,01:27:27,01:27:36,Happy,"{'Angry': 0.01195655856281519, 'Disgusted': 0.00022955768508836627, 'Fearful': 2.885245339712128e-05, 'Happy': 0.9863291382789612, 'Neutral': 0.0007726529147475958, 'Other': 0.00017456583736930043, 'Sad': 7.845385698601604e-05, 'Surprised': 1.947709642990958e-05, 'Unknown': 0.0004106918640900403}","We'll take a nap and we'll go tomorrow. It's getting late, the Thunderbrands are probably going to bed at this point. We don't want to invade. They're probably just sitting down for dinner."
SAM,01:27:36,01:27:39,Angry,"{'Angry': 0.9999998807907104, 'Disgusted': 5.37187361260294e-08, 'Fearful': 3.3079676775571443e-09, 'Happy': 5.667848057555602e-08, 'Neutral': 4.50899619863776e-08, 'Other': 6.8970664734990805e-09, 'Sad': 4.138498432837423e-09, 'Surprised': 2.1578547837464157e-09, 'Unknown': 6.007506492267112e-09}",They live in the Underdark. There's no real time there.
ORION,01:27:39,01:27:44,Angry,"{'Angry': 0.8994762301445007, 'Disgusted': 0.019577952101826668, 'Fearful': 0.0002531724458094686, 'Happy': 0.0022632668260484934, 'Neutral': 0.014691082760691643, 'Other': 0.002149077132344246, 'Sad': 0.0002145859762094915, 'Surprised': 0.059829987585544586, 'Unknown': 0.0015446336474269629}","My swallow's been crafted at the other place, right? Has that happened already?"
MATT,01:27:44,01:27:50,Angry,"{'Angry': 0.6206516027450562, 'Disgusted': 0.0244789719581604, 'Fearful': 0.007592645939439535, 'Happy': 0.016674252226948738, 'Neutral': 0.0008021669345907867, 'Other': 0.31391850113868713, 'Sad': 0.00218269438482821, 'Surprised': 0.007507987320423126, 'Unknown': 0.0061911665834486485}","Yeah, it's been crafted for you, yeah. It's not a swallow. It's a quarterstaff with knives attached."
ORION,01:27:50,01:28:08,Neutral,"{'Angry': 3.909771173482568e-09, 'Disgusted': 3.1450891890827393e-10, 'Fearful': 6.827988174862298e-11, 'Happy': 3.2923321846567433e-09, 'Neutral': 1.0, 'Other': 4.649414533930418e-11, 'Sad': 2.1935508964787687e-09, 'Surprised': 9.319627014559018e-11, 'Unknown': 7.920952782569657e-11}","I'm calling it swallow. On the way back, because we're obviously going to leave in the morning, to do stuff. I'd like to quickly stop at any blacksmith I see on the way back to Greyskull Keep."
MATT,01:28:08,01:28:11,Neutral,"{'Angry': 7.400942195090465e-06, 'Disgusted': 3.601194975999533e-06, 'Fearful': 4.041710326418979e-06, 'Happy': 4.947006164002232e-05, 'Neutral': 0.9999243021011353, 'Other': 1.0745814051915659e-06, 'Sad': 3.2733544230723055e-06, 'Surprised': 1.7432741117318074e-07, 'Unknown': 6.665065029665129e-06}","Okay. Yeah, there are a couple blacksmiths that you know about on the way through."
ORION,01:28:11,01:28:16,Neutral,"{'Angry': 4.936650555009692e-08, 'Disgusted': 1.4690137994932684e-09, 'Fearful': 2.2737900451375026e-10, 'Happy': 9.31235089041138e-09, 'Neutral': 1.0, 'Other': 8.768415160620435e-11, 'Sad': 3.1604386663275363e-08, 'Surprised': 2.412803568052624e-10, 'Unknown': 1.6941380590052013e-11}","Okay. I go to the good one, not the bad one, per reputation."
MATT,01:28:16,01:28:20,Neutral,"{'Angry': 1.1143021184586988e-12, 'Disgusted': 3.994730029622043e-14, 'Fearful': 1.0878116339836392e-14, 'Happy': 1.3108918247781154e-12, 'Neutral': 1.0, 'Other': 3.6219137294923355e-15, 'Sad': 3.4912537270892496e-12, 'Surprised': 3.2275381369253897e-13, 'Unknown': 2.6038961704064403e-14}","Best reputation is Karin, but she's a specialist. She's the one that made Trinket's--"
LAURA,01:28:20,01:28:21,Neutral,"{'Angry': 5.7919656683225185e-05, 'Disgusted': 1.755587959451077e-06, 'Fearful': 2.483622211002512e-06, 'Happy': 9.672481610323302e-06, 'Neutral': 0.9997404217720032, 'Other': 9.637123810080084e-08, 'Sad': 0.00018468141206540167, 'Surprised': 3.043816150238854e-06, 'Unknown': 2.2198531013373213e-08}","Yeah, Karin!"
ORION,01:28:21,01:28:23,Neutral,"{'Angry': 2.5349954739795066e-05, 'Disgusted': 1.1479573913675267e-05, 'Fearful': 2.5694649252727686e-07, 'Happy': 8.137962140608579e-06, 'Neutral': 0.999946117401123, 'Other': 2.7320154458720936e-06, 'Sad': 4.014213118352927e-06, 'Surprised': 5.756835435022367e-07, 'Unknown': 1.3343965292733628e-06}","I'll go to her, because she's awesome."
MATT,01:28:23,01:28:30,Neutral,"{'Angry': 6.613753612327855e-06, 'Disgusted': 1.1632167115749326e-05, 'Fearful': 3.862840912915999e-06, 'Happy': 1.1421451745263766e-05, 'Neutral': 0.9998798370361328, 'Other': 5.496497124113375e-06, 'Sad': 7.031759741948918e-05, 'Surprised': 1.6355270417989232e-06, 'Unknown': 9.274503099732101e-06}","All right. You go on and approach there. She's currently working away on some custom piece that she's currently working on. She's like, ""Hello, can I help you, dragonborn?"""
ORION,01:28:30,01:28:37,Neutral,"{'Angry': 3.6233052669309984e-10, 'Disgusted': 3.526337555292969e-11, 'Fearful': 1.7563608553650134e-11, 'Happy': 5.919941759024994e-10, 'Neutral': 1.0, 'Other': 9.049714103093187e-13, 'Sad': 6.532699381445184e-10, 'Surprised': 1.235549856870577e-10, 'Unknown': 2.089325761012173e-11}","Yes, I'm Tiberius Stormwind from Draconia; moreover, from Vox Machina--"
MATT,01:28:37,01:28:39,Angry,"{'Angry': 0.9999268054962158, 'Disgusted': 2.1915038814768195e-06, 'Fearful': 6.788936275370361e-07, 'Happy': 3.133917925879359e-05, 'Neutral': 2.9474036637111567e-05, 'Other': 4.201988303975668e-07, 'Sad': 7.84138774179155e-06, 'Surprised': 1.2735083601000952e-06, 'Unknown': 5.048687512498873e-08}","""What can I help you with?"""
ORION,01:28:39,01:29:01,Neutral,"{'Angry': 2.761866907050048e-12, 'Disgusted': 1.234779964907895e-13, 'Fearful': 3.5521322753855056e-14, 'Happy': 3.397692066933744e-12, 'Neutral': 1.0, 'Other': 9.474715730408735e-15, 'Sad': 5.824089040901148e-12, 'Surprised': 8.436032363119683e-13, 'Unknown': 8.55434294363619e-14}","Oh. Sorry, right. We've done business before. I would like to commission you. And as I'm doing this I'm taking out five of my daggers that I have, and I'm going to hand them to her. I would like to commission you to somehow craft these daggers into a type of bended glaive, if you would. I don't know how long it would take you to do so."
MATT,01:29:01,01:29:03,Neutral,"{'Angry': 1.7280990874390945e-11, 'Disgusted': 1.414382066328157e-12, 'Fearful': 5.368029696965759e-13, 'Happy': 4.5139374876823624e-11, 'Neutral': 1.0, 'Other': 6.704577485642377e-14, 'Sad': 7.620906683492024e-11, 'Surprised': 9.005741465062389e-12, 'Unknown': 2.1682268068652644e-13}","""What?"""
ORION,01:29:03,01:29:09,Neutral,"{'Angry': 4.0027767211903154e-10, 'Disgusted': 8.385989125336835e-11, 'Fearful': 9.32389374042053e-11, 'Happy': 1.2976023588961993e-09, 'Neutral': 1.0, 'Other': 3.9941700120949e-12, 'Sad': 3.275610183095523e-08, 'Surprised': 2.3295856910188206e-10, 'Unknown': 1.851780447731377e-12}","You see, it's like, it would look like this, but it's--"
SAM,01:29:09,01:29:10,Neutral,"{'Angry': 1.1306168501423741e-10, 'Disgusted': 2.8076779182845124e-12, 'Fearful': 6.115195697910247e-13, 'Happy': 1.1222120455123274e-10, 'Neutral': 1.0, 'Other': 1.4451523202944905e-13, 'Sad': 1.4705865414299524e-09, 'Surprised': 1.8142718230529375e-11, 'Unknown': 1.951754865581537e-13}",Krull?
ORION,01:29:10,01:29:25,Fearful,"{'Angry': 2.7486385079100728e-05, 'Disgusted': 2.096992830047384e-05, 'Fearful': 0.9923312664031982, 'Happy': 0.005922271870076656, 'Neutral': 1.2498403521021828e-05, 'Other': 0.0007673188229091465, 'Sad': 0.0008247264777310193, 'Surprised': 5.4953608923824504e-05, 'Unknown': 3.847026891889982e-05}","Yeah, totally, but the blades are bended, but they're all connected in the center. You could use an iron, or a steel ingot to connect the--"
MATT,01:29:25,01:29:26,Happy,"{'Angry': 0.0033231093548238277, 'Disgusted': 0.00285038142465055, 'Fearful': 0.003339397720992565, 'Happy': 0.8089771270751953, 'Neutral': 0.062066514045000076, 'Other': 0.0003342330164741725, 'Sad': 0.003143406007438898, 'Surprised': 0.11586111783981323, 'Unknown': 0.00010476112220203504}","""I can certainly try, yeah, aye."""
ORION,01:29:26,01:29:28,Happy,"{'Angry': 2.3268598852155264e-06, 'Disgusted': 1.388157443216187e-06, 'Fearful': 1.0191001820203383e-06, 'Happy': 0.999950647354126, 'Neutral': 2.140218020940665e-05, 'Other': 8.208117833419237e-06, 'Sad': 2.098931418004213e-06, 'Surprised': 1.1643201105471235e-05, 'Unknown': 1.1299067637082771e-06}",Wonderful!
MATT,01:29:28,01:29:39,Neutral,"{'Angry': 0.003446747548878193, 'Disgusted': 0.00038471529842354357, 'Fearful': 0.00013667558960150927, 'Happy': 0.09943273663520813, 'Neutral': 0.8944686651229858, 'Other': 0.001155981793999672, 'Sad': 0.0003248446446377784, 'Surprised': 0.000166366298799403, 'Unknown': 0.0004833185230381787}","""All right. It would take me about two days? And you've already supplied the material, other than a bit of the side bits. I'll say I'll charge you 100 gold pieces."""
ORION,01:29:39,01:29:41,Neutral,"{'Angry': 4.8014201503576714e-09, 'Disgusted': 6.170836064356422e-10, 'Fearful': 8.491898850770951e-11, 'Happy': 6.517506978553911e-09, 'Neutral': 1.0, 'Other': 8.589032957084797e-11, 'Sad': 4.466325531637949e-09, 'Surprised': 4.97893337669808e-10, 'Unknown': 3.916546253979192e-10}",100 gold pieces?
MATT,01:29:41,01:29:42,Neutral,"{'Angry': 2.851700810424518e-05, 'Disgusted': 2.9245584300952032e-06, 'Fearful': 3.428786214954016e-07, 'Happy': 0.01636587828397751, 'Neutral': 0.9835464954376221, 'Other': 2.165885916838306e-06, 'Sad': 4.9531903641764075e-05, 'Surprised': 3.7203171814326197e-06, 'Unknown': 4.5592776132252766e-07}","""Aye, I'm a specialist!"""
SAM,01:29:42,01:29:44,Angry,"{'Angry': 0.5746546983718872, 'Disgusted': 0.0022880835458636284, 'Fearful': 0.0008652537944726646, 'Happy': 0.020334556698799133, 'Neutral': 0.3869142234325409, 'Other': 0.0019979632925242186, 'Sad': 0.008493611589074135, 'Surprised': 0.00042446391307748854, 'Unknown': 0.0040271650068461895}",You went to the good one.
ORION,01:29:44,01:29:50,Neutral,"{'Angry': 1.1542388733687403e-07, 'Disgusted': 6.728469514882818e-08, 'Fearful': 5.2815682494156135e-08, 'Happy': 1.477593400522892e-06, 'Neutral': 0.9999967813491821, 'Other': 5.8948479875198245e-08, 'Sad': 8.382988312405359e-07, 'Surprised': 7.565550852461911e-09, 'Unknown': 5.516515670933586e-07}","What, that's all? I mean, oh yes, of course. Here's 120."
MATT,01:29:50,01:29:59,Happy,"{'Angry': 3.3553164939803537e-06, 'Disgusted': 3.864600512315519e-05, 'Fearful': 1.279282514587976e-06, 'Happy': 0.999270498752594, 'Neutral': 0.0005158705753274262, 'Other': 9.421285358257592e-05, 'Sad': 1.022570904751774e-05, 'Surprised': 2.0134423266426893e-06, 'Unknown': 6.392793875420466e-05}","""Certainly. Thank you. All right, it should be done within the next two days. You're free to come by and check on it if you like, but it'll be done."""
ORION,01:29:59,01:30:02,Neutral,"{'Angry': 1.0250107429499167e-09, 'Disgusted': 2.171317015076113e-10, 'Fearful': 5.6009093196696114e-11, 'Happy': 8.828337882960113e-08, 'Neutral': 0.9999998807907104, 'Other': 8.65173731268154e-12, 'Sad': 6.973536414989212e-09, 'Surprised': 4.3572881414100095e-10, 'Unknown': 1.383530182780257e-11}",I trust your work. Trinket's armor was fantastic.
MATT,01:30:02,01:30:04,Disgusted,"{'Angry': 0.00308693153783679, 'Disgusted': 0.9719600081443787, 'Fearful': 0.0003477606805972755, 'Happy': 0.0018601217307150364, 'Neutral': 0.01773875392973423, 'Other': 2.9391332645900548e-05, 'Sad': 0.004008941352367401, 'Surprised': 0.0009443897288292646, 'Unknown': 2.3611621145391837e-05}","""Huh?"""
ORION,01:30:04,01:30:07,Neutral,"{'Angry': 9.231024798717069e-12, 'Disgusted': 1.2341541634139364e-12, 'Fearful': 2.4256646496099987e-13, 'Happy': 2.1166046346166034e-11, 'Neutral': 1.0, 'Other': 1.909952908720272e-13, 'Sad': 3.9756569564231015e-11, 'Surprised': 4.329028021471393e-12, 'Unknown': 5.478928942481698e-13}",Did she do that? I thought that was the same character.
LAURA,01:30:07,01:30:09,Neutral,"{'Angry': 0.0003352604398969561, 'Disgusted': 0.00300938100554049, 'Fearful': 0.0003943099291063845, 'Happy': 0.04700622707605362, 'Neutral': 0.9302428364753723, 'Other': 0.00016222437261603773, 'Sad': 0.018614554777741432, 'Surprised': 0.00012351729674264789, 'Unknown': 0.000111715606180951}",This is Karin.
SAM,01:30:09,01:30:13,Neutral,"{'Angry': 4.3008085981455224e-07, 'Disgusted': 2.3009134508811258e-07, 'Fearful': 4.416351018221576e-08, 'Happy': 4.310413146413339e-07, 'Neutral': 0.9999605417251587, 'Other': 3.014723759520166e-08, 'Sad': 3.8215177482925355e-05, 'Surprised': 1.4940969350618616e-08, 'Unknown': 3.512932167382132e-08}",She just thought bear. She just knows bear.
ORION,01:30:13,01:30:15,Sad,"{'Angry': 0.004863157402724028, 'Disgusted': 0.0008846287382766604, 'Fearful': 0.0005270167021080852, 'Happy': 0.0036979278083890676, 'Neutral': 0.07105806469917297, 'Other': 9.198679617838934e-05, 'Sad': 0.9186135530471802, 'Surprised': 0.00018578617891762406, 'Unknown': 7.785561319906265e-05}",Bear's armor. The bear's armor was--
MATT,01:30:15,01:30:20,Neutral,"{'Angry': 2.254493813858005e-11, 'Disgusted': 3.170055364043467e-12, 'Fearful': 7.545658434020275e-13, 'Happy': 6.971096616625871e-11, 'Neutral': 1.0, 'Other': 3.896006510028388e-13, 'Sad': 1.0403519712376408e-10, 'Surprised': 1.3623638675519523e-11, 'Unknown': 1.1860417162279369e-12}","""Oh! You're friends with that one? She was real nice. That bear was adorable. Happy to help with that one."""
ORION,01:30:20,01:30:22,Neutral,"{'Angry': 1.8166947484132834e-05, 'Disgusted': 4.320301013649441e-05, 'Fearful': 1.0115557415701915e-05, 'Happy': 0.013734250329434872, 'Neutral': 0.9856821894645691, 'Other': 3.3641146728768945e-05, 'Sad': 4.69528058602009e-05, 'Surprised': 5.969858193566324e-06, 'Unknown': 0.00042545984615571797}",His name is Trinket.
MATT,01:30:22,01:30:23,Neutral,"{'Angry': 5.10237718742701e-09, 'Disgusted': 5.306196593224399e-10, 'Fearful': 1.0485894791356642e-10, 'Happy': 1.870591859187698e-08, 'Neutral': 1.0, 'Other': 4.2390285726057186e-11, 'Sad': 2.460552872562971e-09, 'Surprised': 4.0173089854711463e-10, 'Unknown': 4.087380711670363e-10}","""Oh, is that what it was?"""
ORION,01:30:23,01:30:25,Neutral,"{'Angry': 3.478798049627585e-08, 'Disgusted': 3.138919879575042e-08, 'Fearful': 5.027183558325987e-09, 'Happy': 8.901934961613733e-06, 'Neutral': 0.9999905824661255, 'Other': 1.1640517882938184e-08, 'Sad': 3.363046232607303e-07, 'Surprised': 2.6537820829730663e-09, 'Unknown': 7.496588239064295e-08}",I'm surprised she didn't tell you. It's an adorable name.
MATT,01:30:25,01:30:26,Neutral,"{'Angry': 5.139123686603853e-07, 'Disgusted': 3.5496779560162395e-07, 'Fearful': 5.4481624545132945e-08, 'Happy': 7.09989126335131e-06, 'Neutral': 0.9999661445617676, 'Other': 1.903808310999011e-08, 'Sad': 2.5858542358037084e-05, 'Surprised': 6.157595322520137e-08, 'Unknown': 2.163090506712706e-08}","""Probably had. It's just been a while."""
ORION,01:30:26,01:30:28,Neutral,"{'Angry': 0.0020018192008137703, 'Disgusted': 0.01798892952501774, 'Fearful': 9.636619506636634e-05, 'Happy': 0.05126649886369705, 'Neutral': 0.9077907800674438, 'Other': 0.000555461912881583, 'Sad': 0.002534522907808423, 'Surprised': 0.017613941803574562, 'Unknown': 0.00015167110541369766}",This is Lockheed.
MATT,01:30:28,01:30:32,Happy,"{'Angry': 0.007723144255578518, 'Disgusted': 0.0009034752729348838, 'Fearful': 5.846627755090594e-05, 'Happy': 0.8998796343803406, 'Neutral': 0.09019093960523605, 'Other': 0.00016490029520355165, 'Sad': 0.00034612728632055223, 'Surprised': 1.577673538122326e-05, 'Unknown': 0.0007175529608502984}","""Oh, you're so cute, Lockheed."" You guys talk for a little bit and eventually make your way back."
ORION,01:30:32,01:30:35,Neutral,"{'Angry': 2.1524484972168523e-10, 'Disgusted': 2.298351509111285e-10, 'Fearful': 3.035836859677232e-11, 'Happy': 7.38624272855759e-10, 'Neutral': 1.0, 'Other': 8.614051832944725e-11, 'Sad': 3.4667471116023307e-09, 'Surprised': 6.112589601148244e-11, 'Unknown': 9.658659289035754e-11}","I do business with her, and I go back to the keep."
SAM,01:30:35,01:30:41,Happy,"{'Angry': 0.00210828916169703, 'Disgusted': 0.0006026856717653573, 'Fearful': 1.0926764844043646e-05, 'Happy': 0.6868405342102051, 'Neutral': 0.3095398545265198, 'Other': 0.00023420006618835032, 'Sad': 7.389249367406592e-05, 'Surprised': 3.228450441383757e-05, 'Unknown': 0.0005573481903411448}",Are we still waiting for him outside?
MATT,01:30:41,01:30:42,Happy,"{'Angry': 0.008750591427087784, 'Disgusted': 0.0023083677515387535, 'Fearful': 9.215481259161606e-05, 'Happy': 0.9771425724029541, 'Neutral': 0.0016600850503891706, 'Other': 0.007820234633982182, 'Sad': 0.0002486469456925988, 'Surprised': 0.000264098314801231, 'Unknown': 0.0017133397050201893}","Yeah, you guys are right outside."
SAM,01:30:42,01:30:51,Happy,"{'Angry': 3.2307720942981177e-09, 'Disgusted': 3.4628346856635517e-09, 'Fearful': 3.685322880198072e-10, 'Happy': 1.0, 'Neutral': 2.3165082296827677e-08, 'Other': 8.798688166944402e-11, 'Sad': 1.1837902880174056e-09, 'Surprised': 2.8835209220368085e-10, 'Unknown': 4.045451473810857e-10}","When he comes out, I cast Minor Illusion to make it look like I have a long gray beard. (laughter)"
SAM,01:30:51,01:30:54,Angry,"{'Angry': 0.9893752336502075, 'Disgusted': 1.9469507606117986e-05, 'Fearful': 5.384196811064612e-06, 'Happy': 0.010531332343816757, 'Neutral': 2.650508213264402e-05, 'Other': 3.1941528959578136e-06, 'Sad': 1.3197770385886542e-05, 'Surprised': 2.270306140417233e-05, 'Unknown': 2.8555957669595955e-06}","Can we go home now, please, Tiberius?"
ORION,01:30:54,01:30:56,Happy,"{'Angry': 2.634382872201968e-05, 'Disgusted': 0.00014787918189540505, 'Fearful': 2.312074684596155e-05, 'Happy': 0.9996984004974365, 'Neutral': 2.7672280339174904e-05, 'Other': 5.763106855738442e-06, 'Sad': 6.745443442923715e-06, 'Surprised': 7.206573968687735e-07, 'Unknown': 6.340860272757709e-05}",Yes. Sorry.
SAM,01:30:56,01:30:59,Neutral,"{'Angry': 0.0006700237863697112, 'Disgusted': 4.790674938703887e-05, 'Fearful': 1.5218018234008923e-05, 'Happy': 0.05811499431729317, 'Neutral': 0.9409648180007935, 'Other': 3.801471393671818e-05, 'Sad': 7.499384810216725e-05, 'Surprised': 1.0904222108365502e-05, 'Unknown': 6.31856091786176e-05}","Any other stops you'd like to make? The dry-cleaners, perhaps?"
ORION,01:30:59,01:31:02,Happy,"{'Angry': 0.09775140881538391, 'Disgusted': 0.005631492007523775, 'Fearful': 0.3087872862815857, 'Happy': 0.5592278838157654, 'Neutral': 0.01805761829018593, 'Other': 0.00048398750368505716, 'Sad': 0.004892323631793261, 'Surprised': 0.004735433030873537, 'Unknown': 0.0004325987829361111}",Prestidigitation.
SAM,01:31:02,01:31:07,Neutral,"{'Angry': 0.0978982076048851, 'Disgusted': 0.0013772092061117291, 'Fearful': 0.01718423329293728, 'Happy': 0.013355303555727005, 'Neutral': 0.8647661805152893, 'Other': 3.866440601996146e-05, 'Sad': 0.004187492188066244, 'Surprised': 0.0011682349722832441, 'Unknown': 2.4487919290550053e-05}","Oh, that's great. Now let's go night-night so you can cast a spell on us."
MATT,01:31:07,01:31:10,Neutral,"{'Angry': 6.176118040457368e-05, 'Disgusted': 8.202425669878721e-05, 'Fearful': 8.844282274367288e-05, 'Happy': 0.033852022141218185, 'Neutral': 0.9635362029075623, 'Other': 0.0002101531863445416, 'Sad': 0.0004955246695317328, 'Surprised': 6.75618775858311e-06, 'Unknown': 0.0016671362100169063}","All right, you guys head back to the keep."
LIAM,01:31:10,01:31:12,Happy,"{'Angry': 4.3550291151106535e-10, 'Disgusted': 7.422694126013596e-10, 'Fearful': 1.4397509573438327e-10, 'Happy': 1.0, 'Neutral': 4.092827854407233e-09, 'Other': 5.790080082057614e-10, 'Sad': 1.2702662255392738e-09, 'Surprised': 1.4066574571813817e-09, 'Unknown': 2.0394098909637393e-10}","While they're doing that, I stealth away from the group."
MARISHA,01:31:12,01:31:16,Neutral,"{'Angry': 1.0486220780592248e-09, 'Disgusted': 1.1934815635772367e-10, 'Fearful': 3.6530445335358763e-11, 'Happy': 1.9708898957304655e-09, 'Neutral': 1.0, 'Other': 2.080862565589925e-11, 'Sad': 1.8485790675981661e-09, 'Surprised': 1.6102041922039234e-10, 'Unknown': 1.363446022750736e-10}",Can I do a passive perception check to see if I notice him sneaking away?
ORION,01:31:16,01:31:20,Happy,"{'Angry': 1.1010145573031593e-10, 'Disgusted': 3.6882061293930235e-10, 'Fearful': 4.190281802096685e-11, 'Happy': 1.0, 'Neutral': 2.460994075192957e-09, 'Other': 6.858100198847694e-11, 'Sad': 3.6417555082657316e-10, 'Surprised': 8.18754092302143e-11, 'Unknown': 2.414529964855916e-10}",I would like to fart. Natural 20!
SAM,01:31:20,01:31:23,Neutral,"{'Angry': 4.588959612306098e-08, 'Disgusted': 1.9188583166851458e-07, 'Fearful': 7.773643062591873e-09, 'Happy': 7.467838258889969e-07, 'Neutral': 0.9999985694885254, 'Other': 4.024539634883695e-08, 'Sad': 3.0625565727859794e-07, 'Surprised': 1.2598847298761484e-08, 'Unknown': 9.760739771991211e-08}",It's a huge fart.
MATT,01:31:23,01:31:26,Neutral,"{'Angry': 0.004135476890951395, 'Disgusted': 0.003827491542324424, 'Fearful': 0.004482652060687542, 'Happy': 0.03287825360894203, 'Neutral': 0.8883463740348816, 'Other': 0.003056261921301484, 'Sad': 0.004144045989960432, 'Surprised': 0.0004331608070060611, 'Unknown': 0.058696288615465164}",Go ahead and roll perception.
LIAM,01:31:26,01:31:28,Neutral,"{'Angry': 0.0004735106194857508, 'Disgusted': 0.01594112627208233, 'Fearful': 0.0012470846995711327, 'Happy': 0.08817490935325623, 'Neutral': 0.8823745846748352, 'Other': 0.0004010972916148603, 'Sad': 0.001967854332178831, 'Surprised': 0.008629151619970798, 'Unknown': 0.0007906360551714897}",I rolled a 32.
MARISHA,01:31:28,01:31:29,Neutral,"{'Angry': 0.009404956363141537, 'Disgusted': 0.012603802606463432, 'Fearful': 0.0031095638405531645, 'Happy': 0.029882265254855156, 'Neutral': 0.7704142928123474, 'Other': 0.04885456711053848, 'Sad': 0.007177233230322599, 'Surprised': 0.11834444105625153, 'Unknown': 0.00020895167835988104}",Perception or passive perception?
MATT,01:31:29,01:31:33,Neutral,"{'Angry': 1.1438235775207417e-11, 'Disgusted': 1.123898825568237e-12, 'Fearful': 2.608182224882183e-13, 'Happy': 2.934867279758002e-11, 'Neutral': 1.0, 'Other': 1.0030268038667065e-13, 'Sad': 3.83114824586972e-11, 'Surprised': 4.075481271903492e-12, 'Unknown': 4.568483720664152e-13}","For this, because it's not active? It would be your passive."
MARISHA,01:31:33,01:31:37,Happy,"{'Angry': 0.016184277832508087, 'Disgusted': 0.0241411030292511, 'Fearful': 0.02236125059425831, 'Happy': 0.8481342196464539, 'Neutral': 0.012562182731926441, 'Other': 0.006349209230393171, 'Sad': 0.0317438542842865, 'Surprised': 0.03547806665301323, 'Unknown': 0.003045827616006136}",Then that is 24.
MATT,01:31:37,01:31:53,Neutral,"{'Angry': 0.035535722970962524, 'Disgusted': 0.007995515130460262, 'Fearful': 0.001045416691340506, 'Happy': 0.002972448244690895, 'Neutral': 0.9269646406173706, 'Other': 0.0049988585524261, 'Sad': 0.006630563642829657, 'Surprised': 0.0032306788489222527, 'Unknown': 0.010626166127622128}","Vax has vanished. While you might have noticed, instead the explosion-like eruption of gas from your dragonborn friend distracted you and gave him the proper getaway. You vanish."
LIAM,01:31:53,01:32:09,Neutral,"{'Angry': 2.2333109882310964e-05, 'Disgusted': 1.2018500456179027e-05, 'Fearful': 9.291017590840056e-07, 'Happy': 4.3234385884716175e-06, 'Neutral': 0.9999408721923828, 'Other': 2.395649062236771e-06, 'Sad': 1.456589870940661e-05, 'Surprised': 9.265109497391677e-07, 'Unknown': 1.58403145178454e-06}","Yeah, I'm totally down an alleyway, through the alley, onto another main thoroughfare. I grab a random person on the street. Excuse me, I'm looking for a specific butcher. Harold the butcher. Do you know? I think he's in the upper slums. Can you point me toward him?"
MATT,01:32:09,01:32:27,Happy,"{'Angry': 2.5973117772082333e-06, 'Disgusted': 5.830916620652715e-07, 'Fearful': 1.603632142632705e-07, 'Happy': 0.9999960660934448, 'Neutral': 1.813369010505994e-07, 'Other': 5.6987747854009285e-08, 'Sad': 1.1599762217429088e-07, 'Surprised': 1.2122409032144787e-07, 'Unknown': 1.766682231618688e-07}","The individual you stopped is a younger gentleman, probably in his mid-20s or so, a bit dirty in the face and coming from a day of work, going to the local tavern to finish his eve with some drinks. ""I can't say I do. I mean, there are butchers all over town. There's one--"""
LIAM,01:32:27,01:32:30,Happy,"{'Angry': 1.4984782858995516e-10, 'Disgusted': 2.5632726496915836e-10, 'Fearful': 1.3865902870335844e-10, 'Happy': 1.0, 'Neutral': 6.596329593655526e-10, 'Other': 8.462471001724481e-11, 'Sad': 8.235329640449152e-10, 'Surprised': 3.152241800918887e-10, 'Unknown': 4.903703484937516e-11}","Where's the upper slums? Upper slums, please."
MATT,01:32:30,01:32:34,Happy,"{'Angry': 0.0006167757674120367, 'Disgusted': 0.005050244741141796, 'Fearful': 0.002030951902270317, 'Happy': 0.7590152025222778, 'Neutral': 0.04427734389901161, 'Other': 0.00048349364078603685, 'Sad': 0.0004060339124407619, 'Surprised': 9.924397454597056e-05, 'Unknown': 0.18802063167095184}","""Oh, that would be north side of Emon. That way."" He points you towards the--"
LIAM,01:32:34,01:32:37,Happy,"{'Angry': 0.000170494633493945, 'Disgusted': 0.0014434995828196406, 'Fearful': 0.0018339797388762236, 'Happy': 0.9128115177154541, 'Neutral': 0.012348689138889313, 'Other': 0.00011217476276215166, 'Sad': 0.00034542454523034394, 'Surprised': 5.855982089997269e-05, 'Unknown': 0.07087579369544983}",I don't even say anything else. I just walk. I don't know how long that will take me.
MATT,01:32:37,01:32:48,Happy,"{'Angry': 6.591253622900695e-05, 'Disgusted': 5.987421900499612e-05, 'Fearful': 0.0003574042930267751, 'Happy': 0.9990078806877136, 'Neutral': 0.0001385718205710873, 'Other': 2.4902154109440744e-05, 'Sad': 0.00017617069534026086, 'Surprised': 0.00014560310228262097, 'Unknown': 2.3630009309272282e-05}","It will take you about, from where you are right now, 30 minutes. All right, so you guys get back to the keep. Grog has eaten his fill."
TRAVIS,01:32:48,01:32:50,Neutral,"{'Angry': 0.0002978127740789205, 'Disgusted': 0.0013169415760785341, 'Fearful': 0.0006383703439496458, 'Happy': 0.027572723105549812, 'Neutral': 0.8776493072509766, 'Other': 0.002738668117672205, 'Sad': 0.0008958516409620643, 'Surprised': 1.121236346079968e-05, 'Unknown': 0.08887915313243866}",I'm asleep on the table.
MATT,01:32:50,01:33:01,Happy,"{'Angry': 0.0002722131321206689, 'Disgusted': 0.00012205383973196149, 'Fearful': 4.8500910452276e-06, 'Happy': 0.9947059750556946, 'Neutral': 0.00450186338275671, 'Other': 0.0001080893853213638, 'Sad': 7.779560110066086e-05, 'Surprised': 3.539209728842252e-06, 'Unknown': 0.00020363007206469774}","Yeah. Passed out. Percy's nowhere to be seen. You, I would like for you to make a tinkering roll in relation to the construction of ammunition."
TALIESIN,01:33:01,01:33:05,Neutral,"{'Angry': 1.4638582013226653e-10, 'Disgusted': 3.993455913176014e-11, 'Fearful': 9.457180698280165e-12, 'Happy': 6.981332734135037e-10, 'Neutral': 1.0, 'Other': 8.98863188741883e-12, 'Sad': 7.341507957114857e-10, 'Surprised': 3.111097490737791e-11, 'Unknown': 4.652501994772962e-11}",Ten.
MATT,01:33:05,01:33:19,Neutral,"{'Angry': 6.052586903892987e-11, 'Disgusted': 1.5473984940617136e-11, 'Fearful': 3.502445729275383e-12, 'Happy': 2.049232034062598e-10, 'Neutral': 1.0, 'Other': 2.445595375516474e-12, 'Sad': 2.993884307134209e-10, 'Surprised': 3.4343108218370944e-11, 'Unknown': 5.1328043378096044e-12}","Ten? You manage to, utilizing material for 20 bullets, only craft ten. But you get ten bullets out of it, as opposed to wasting the materials."
ORION,01:33:19,01:33:34,Neutral,"{'Angry': 7.15539849593938e-11, 'Disgusted': 5.086239589224828e-12, 'Fearful': 1.6871719949948516e-12, 'Happy': 2.322841641255735e-10, 'Neutral': 1.0, 'Other': 1.8477081843715215e-13, 'Sad': 1.38380834568963e-10, 'Surprised': 2.1605750175068827e-11, 'Unknown': 3.937327026914961e-12}","Is it possible to, before I go to sleep, I have a basic poison potion I've been hoarding. Could I try to dip the tip of one of my bolts in that?"
MATT,01:33:34,01:33:43,Neutral,"{'Angry': 1.4968723007768858e-06, 'Disgusted': 1.0784033293020912e-06, 'Fearful': 9.667164846405285e-08, 'Happy': 0.03007539175450802, 'Neutral': 0.9699150323867798, 'Other': 2.0307538761699107e-07, 'Sad': 3.8787602534284815e-06, 'Surprised': 2.6539767077338183e-06, 'Unknown': 2.1725828958096827e-07}",You can certainly try. There's a difference between poison and disease. They're different. The potion seems to have no effect.
ORION,01:33:43,01:33:44,Happy,"{'Angry': 1.7321418681603973e-06, 'Disgusted': 2.2556954718311317e-05, 'Fearful': 1.343491931038443e-06, 'Happy': 0.9998574256896973, 'Neutral': 1.0802847100421786e-05, 'Other': 9.818864054977894e-05, 'Sad': 5.02069588037557e-06, 'Surprised': 2.1586495222436497e-06, 'Unknown': 7.687036145398451e-07}",On bolts?
MATT,01:33:44,01:33:47,Disgusted,"{'Angry': 0.0006463311146944761, 'Disgusted': 0.7231941223144531, 'Fearful': 0.0019986899569630623, 'Happy': 0.003265601582825184, 'Neutral': 0.19300620257854462, 'Other': 0.005721925757825375, 'Sad': 0.009716167114675045, 'Surprised': 0.00014995064702816308, 'Unknown': 0.06230099871754646}",It doesn't have any effect.
TALIESIN,01:33:47,01:33:50,Neutral,"{'Angry': 0.0018794784555211663, 'Disgusted': 0.0012794469948858023, 'Fearful': 9.04909975361079e-05, 'Happy': 0.007068541366606951, 'Neutral': 0.9887933135032654, 'Other': 9.050653170561418e-05, 'Sad': 0.00010227769962511957, 'Surprised': 0.0001110733937821351, 'Unknown': 0.0005848715081810951}",How many batches of bullets are you going to let me attempt to make?
MATT,01:33:50,01:34:00,Happy,"{'Angry': 5.133152236602712e-10, 'Disgusted': 9.698297720461824e-10, 'Fearful': 4.3148293271677574e-10, 'Happy': 1.0, 'Neutral': 4.867086178528268e-10, 'Other': 2.1633760061146035e-10, 'Sad': 8.602743517549527e-10, 'Surprised': 3.0814176210647304e-10, 'Unknown': 5.876562014783815e-10}","For the day, that's what you spent making. Tomorrow, we'll get to whatever it is you want to craft then. You go off and manage to make your way to the upper slums."
LIAM,01:34:00,01:34:11,Neutral,"{'Angry': 1.2846125173382461e-05, 'Disgusted': 0.0019166490528732538, 'Fearful': 1.0901813766395207e-05, 'Happy': 3.074990672757849e-05, 'Neutral': 0.9975273013114929, 'Other': 6.669367576250806e-05, 'Sad': 0.00029095649369992316, 'Surprised': 1.1024530977010727e-06, 'Unknown': 0.0001428028044756502}","Yes. I see a stunted old woman and stop her on the street and say, Grandmother. I'm looking for Harold the butcher. Do you know where I can find him?"
MATT,01:34:11,01:34:34,Neutral,"{'Angry': 0.004505660384893417, 'Disgusted': 0.0012743010884150863, 'Fearful': 5.964932279312052e-05, 'Happy': 0.0006510144448839128, 'Neutral': 0.9834174513816833, 'Other': 3.533822382451035e-05, 'Sad': 0.009975749999284744, 'Surprised': 4.37944290752057e-05, 'Unknown': 3.692460450110957e-05}","""Best I can gather, he'd be around that way."" She points you, and the breath is awful. She's missing teeth, but her crooked finger curves off to the side, and you can see across the way, next to a homestead or hovel, there is a very humble-looking butcher that is currently in the process of closing shop."
LIAM,01:34:34,01:34:39,Neutral,"{'Angry': 0.046475790441036224, 'Disgusted': 0.059199344366788864, 'Fearful': 0.010188588872551918, 'Happy': 0.011259340681135654, 'Neutral': 0.696314811706543, 'Other': 0.004886364098638296, 'Sad': 0.018181366845965385, 'Surprised': 0.00011645595805021003, 'Unknown': 0.15337792038917542}",I'd like to go stealth. I rolled a 20.
MATT,01:34:39,01:34:52,Happy,"{'Angry': 5.5550961405970156e-05, 'Disgusted': 4.251776044839062e-05, 'Fearful': 2.229902383987792e-05, 'Happy': 0.999546468257904, 'Neutral': 9.122384653892368e-05, 'Other': 2.530847632442601e-05, 'Sad': 8.16074461909011e-05, 'Surprised': 0.00012171504204161465, 'Unknown': 1.3410551218839828e-05}","All right. You make your way up there. You can see there's an older gentleman in his mid-40s or so, salt-and-pepper hair, black with a bit of gray on the sides, is currently in the process of closing up."
LIAM,01:34:52,01:34:58,Neutral,"{'Angry': 0.004012283869087696, 'Disgusted': 0.001034051994793117, 'Fearful': 7.700256537646055e-05, 'Happy': 0.0015653760638087988, 'Neutral': 0.9918795228004456, 'Other': 0.0006337083177641034, 'Sad': 0.00020889531879220158, 'Surprised': 0.0002987283223774284, 'Unknown': 0.00029038332286290824}",Do I see Kynan anywhere? No? And it's a home? It's a business and a home?
MATT,01:34:58,01:35:01,Neutral,"{'Angry': 1.341525646125774e-08, 'Disgusted': 9.829761893342948e-09, 'Fearful': 1.6970370664282086e-09, 'Happy': 1.9558932251584338e-07, 'Neutral': 0.9999997615814209, 'Other': 2.761454398481078e-09, 'Sad': 3.187595964959655e-08, 'Surprised': 1.966102392003677e-09, 'Unknown': 9.830623426410057e-09}",It's hard to tell. It looks like a business from this perspective.
LIAM,01:35:01,01:35:06,Neutral,"{'Angry': 0.0007349001825787127, 'Disgusted': 0.001624865341000259, 'Fearful': 0.0002607407222967595, 'Happy': 0.004724334925413132, 'Neutral': 0.9875926375389099, 'Other': 0.0036433441564440727, 'Sad': 0.000697314681019634, 'Surprised': 0.0002517302054911852, 'Unknown': 0.00047007555258460343}","Okay, I'd like to go around the back of the building and scope it out."
MATT,01:35:06,01:35:17,Happy,"{'Angry': 4.1408842577084215e-08, 'Disgusted': 3.4686016192608804e-07, 'Fearful': 5.201814090582957e-08, 'Happy': 0.9999959468841553, 'Neutral': 1.295715833293798e-06, 'Other': 1.8088191211518279e-07, 'Sad': 1.2987325703761599e-07, 'Surprised': 7.42936734354771e-09, 'Unknown': 2.076434839182184e-06}","You look through the windows. There's a dull light on the inside from what looks like a small hooded lantern set up for a bit of interior light, but there's nobody else in the house."
LIAM,01:35:17,01:35:24,Happy,"{'Angry': 2.0625101626592368e-08, 'Disgusted': 8.831430875488877e-08, 'Fearful': 6.356553683417587e-08, 'Happy': 0.9999992847442627, 'Neutral': 5.0395570383443555e-08, 'Other': 8.185611477529164e-08, 'Sad': 3.319981658478355e-07, 'Surprised': 1.2846960828483134e-07, 'Unknown': 1.3843683532854811e-08}","There's nobody in? I'd like to, at the window, listen and use perception to see if I can tell if anyone's inside."
MATT,01:35:24,01:35:27,Neutral,"{'Angry': 1.2997994902619325e-09, 'Disgusted': 2.137890697806455e-10, 'Fearful': 2.1211997436321184e-11, 'Happy': 3.432993267438178e-08, 'Neutral': 1.0, 'Other': 1.7366438148647134e-11, 'Sad': 2.5929991487316784e-09, 'Surprised': 1.5126121188924202e-10, 'Unknown': 4.707308501328278e-11}",You listen for a while. Make a perception roll.
LIAM,01:35:27,01:35:33,Surprised,"{'Angry': 0.025171572342514992, 'Disgusted': 0.02353203482925892, 'Fearful': 0.008748683147132397, 'Happy': 0.010519475676119328, 'Neutral': 0.2716723084449768, 'Other': 0.004116803407669067, 'Sad': 0.002314498880878091, 'Surprised': 0.5671942830085754, 'Unknown': 0.08673036098480225}","Yeah, that's 25."
MATT,01:35:33,01:36:00,Neutral,"{'Angry': 2.6620491553330794e-05, 'Disgusted': 4.320215157349594e-05, 'Fearful': 4.700350473285653e-06, 'Happy': 0.01824376918375492, 'Neutral': 0.981185257434845, 'Other': 0.00021084152103867382, 'Sad': 0.00011016295320587233, 'Surprised': 0.00010793931869557127, 'Unknown': 6.749048770871013e-05}","All right. As you continue to listen, eventually you hear the slamming of wood. You look off, and through the bit of the glass window-- you're peeking from the side-- you see the same gentleman who was closing the shop enter the room where the hooded lantern is. There's a table. He sits down quietly for a second, looks at the lamp, starts cleaning his fingernails a little bit, gives a big sigh, and turns off the light of the lantern and exits the room, closing the door behind him."
LIAM,01:36:00,01:36:02,Neutral,"{'Angry': 0.002093555871397257, 'Disgusted': 0.00010289041529176757, 'Fearful': 1.1981805073446594e-05, 'Happy': 0.0004917533951811492, 'Neutral': 0.9206297397613525, 'Other': 0.000125335602206178, 'Sad': 2.733622386585921e-05, 'Surprised': 0.07649022340774536, 'Unknown': 2.7186186343897134e-05}","Is it one floor, the building?"
MATT,01:36:02,01:36:03,Neutral,"{'Angry': 0.0011039526434615254, 'Disgusted': 0.00019641645485535264, 'Fearful': 1.0138702464246307e-06, 'Happy': 2.3380876882583834e-05, 'Neutral': 0.9986041188240051, 'Other': 1.0464710840096814e-06, 'Sad': 6.632802978856489e-05, 'Surprised': 3.422520421736408e-06, 'Unknown': 2.7759784870795556e-07}",It's one floor.
LIAM,01:36:03,01:36:05,Neutral,"{'Angry': 1.1380018021672766e-12, 'Disgusted': 4.240655542648783e-14, 'Fearful': 1.07545003515141e-14, 'Happy': 1.445175034330004e-12, 'Neutral': 1.0, 'Other': 3.818097147988272e-15, 'Sad': 3.603424850173731e-12, 'Surprised': 3.261462822902461e-13, 'Unknown': 2.8751781229290063e-14}",It's one floor. Is the window locked?
MATT,01:36:05,01:36:09,Neutral,"{'Angry': 0.00026258869911544025, 'Disgusted': 0.0007889848784543574, 'Fearful': 5.073103602626361e-05, 'Happy': 0.3078628182411194, 'Neutral': 0.686801552772522, 'Other': 8.219380833907053e-05, 'Sad': 0.0015522418543696404, 'Surprised': 0.00255415216088295, 'Unknown': 4.46912381448783e-05}",You checked the window. It's not locked.
LIAM,01:36:09,01:36:10,Happy,"{'Angry': 0.0037771505303680897, 'Disgusted': 0.003624161472544074, 'Fearful': 0.0015408333856612444, 'Happy': 0.8260794281959534, 'Neutral': 0.04909658059477806, 'Other': 9.785108704818413e-05, 'Sad': 0.003961470909416676, 'Surprised': 0.11176246404647827, 'Unknown': 5.998912820359692e-05}","All right, I'm climbing in."
MATT,01:36:10,01:36:13,Happy,"{'Angry': 3.531204981754854e-07, 'Disgusted': 1.2821055861422792e-06, 'Fearful': 5.408029437603545e-07, 'Happy': 0.9999821186065674, 'Neutral': 6.989442226768006e-06, 'Other': 3.6055041618965333e-07, 'Sad': 1.1610252386162756e-06, 'Surprised': 2.3022801087790867e-07, 'Unknown': 6.984338597249007e-06}",You slip in without a problem. You've done this many times before.
LIAM,01:36:13,01:36:20,Happy,"{'Angry': 3.369249323981194e-10, 'Disgusted': 7.630029941196881e-10, 'Fearful': 4.2304207359400436e-10, 'Happy': 1.0, 'Neutral': 1.5322627611169537e-09, 'Other': 2.6135044128849927e-10, 'Sad': 2.3735953202930204e-09, 'Surprised': 8.76296868401738e-10, 'Unknown': 1.7520923600855554e-10}",It's a family residence where Kynan lives. Are there bedrooms?
MATT,01:36:20,01:36:32,Happy,"{'Angry': 5.027866063755937e-05, 'Disgusted': 0.00034187774872407317, 'Fearful': 7.552307943115011e-05, 'Happy': 0.9984679818153381, 'Neutral': 0.00039317968185059726, 'Other': 0.0003763023123610765, 'Sad': 8.813943713903427e-05, 'Surprised': 0.00016001780750229955, 'Unknown': 4.673311559599824e-05}","It's hard to tell, looking around the room here. There are three doors that exit. One that he came through, which is apparently from the front of the butcher shop. This appears to be a central room that connects to wherever else he walked. There are two other doors."
LIAM,01:36:32,01:36:37,Neutral,"{'Angry': 0.025900186970829964, 'Disgusted': 0.07873354852199554, 'Fearful': 0.013354598544538021, 'Happy': 0.019640035927295685, 'Neutral': 0.7061333060264587, 'Other': 0.006549454294145107, 'Sad': 0.02379554882645607, 'Surprised': 0.03789263218641281, 'Unknown': 0.08800068497657776}","They're not trapped, are they?"
MATT,01:36:37,01:36:41,Happy,"{'Angry': 3.648939816969232e-09, 'Disgusted': 1.4848771989761644e-08, 'Fearful': 6.219582182609429e-09, 'Happy': 1.0, 'Neutral': 6.222418136303531e-09, 'Other': 1.0677355000154876e-08, 'Sad': 1.675572569581618e-08, 'Surprised': 3.541914139759683e-08, 'Unknown': 8.619677194232622e-10}",They're not trapped.
LIAM,01:36:41,01:36:45,Neutral,"{'Angry': 2.424374940801499e-07, 'Disgusted': 1.5871474090545235e-07, 'Fearful': 4.561865196706094e-08, 'Happy': 1.2476578376663383e-05, 'Neutral': 0.9999858140945435, 'Other': 1.8057907169577447e-08, 'Sad': 9.396620725965477e-07, 'Surprised': 3.053011141673778e-07, 'Unknown': 4.8834806420927634e-08}",So I'm going to crouch down and push open the first door. What do I see?
MATT,01:36:45,01:36:50,Happy,"{'Angry': 0.0005629012593999505, 'Disgusted': 0.001513620838522911, 'Fearful': 0.0009258033824153244, 'Happy': 0.9387425184249878, 'Neutral': 0.04208335652947426, 'Other': 0.0007489384151995182, 'Sad': 0.005466930568218231, 'Surprised': 0.0003434050304349512, 'Unknown': 0.009612479247152805}",The door immediately right or the door in front of you? The door in front of you is the one that the man traveled through.
LIAM,01:36:50,01:36:52,Happy,"{'Angry': 0.01786910742521286, 'Disgusted': 0.006271300837397575, 'Fearful': 0.0017454719636589289, 'Happy': 0.4757099151611328, 'Neutral': 0.3850918710231781, 'Other': 6.703762483084574e-05, 'Sad': 0.0021029284689575434, 'Surprised': 0.11104327440261841, 'Unknown': 9.910749940900132e-05}","Oh, no. Not that one. There were two other doors, weren't there?"
MATT,01:36:52,01:36:58,Neutral,"{'Angry': 2.4346370537386974e-06, 'Disgusted': 4.579253072733991e-05, 'Fearful': 4.311233169573825e-06, 'Happy': 1.4256593203754164e-05, 'Neutral': 0.9998776912689209, 'Other': 3.3654080198175507e-06, 'Sad': 3.935365748475306e-05, 'Surprised': 1.17379840958165e-05, 'Unknown': 1.0093441460412578e-06}","There's the door that he came in from when he sat down, and then he left through the door across the way from you, and there is a door that been unopened."
LIAM,01:36:58,01:36:59,Neutral,"{'Angry': 0.06698277592658997, 'Disgusted': 0.06628955900669098, 'Fearful': 0.0019791265949606895, 'Happy': 0.05634421482682228, 'Neutral': 0.7807679772377014, 'Other': 0.0001514760806458071, 'Sad': 0.01869698241353035, 'Surprised': 0.008621391840279102, 'Unknown': 0.0001665382442297414}",There's one other door? That's the one.
MATT,01:36:59,01:37:20,Happy,"{'Angry': 7.73827123339288e-05, 'Disgusted': 0.0004398349265102297, 'Fearful': 8.808354323264211e-05, 'Happy': 0.9748668074607849, 'Neutral': 0.0015332726761698723, 'Other': 0.0004520207003224641, 'Sad': 0.021991893649101257, 'Surprised': 9.623199730413035e-05, 'Unknown': 0.00045446353033185005}","Okay. You push open the door very quietly. It makes a little creaking sound, but you stop. Peering inside, it's dark. There appears to be a bed. There's a small table. There's what looks like an old pair of boots that are worn out on the side. It looks like a bedroom that nobody's currently in."
LIAM,01:37:20,01:37:29,Neutral,"{'Angry': 0.15663008391857147, 'Disgusted': 0.023491911590099335, 'Fearful': 0.006928908172994852, 'Happy': 0.1929328292608261, 'Neutral': 0.3517433702945709, 'Other': 0.016803672537207603, 'Sad': 0.1521204560995102, 'Surprised': 0.014426611363887787, 'Unknown': 0.08492207527160645}",And there's no sign that this is a youth's bedroom or father's bedroom? What can I glean from what I see in here?
MATT,01:37:29,01:37:32,Neutral,"{'Angry': 1.250642276372227e-12, 'Disgusted': 4.97156908197717e-14, 'Fearful': 1.3881197115427155e-14, 'Happy': 1.5521951128930067e-12, 'Neutral': 1.0, 'Other': 4.50388382120556e-15, 'Sad': 4.370418957289068e-12, 'Surprised': 4.2497914367299605e-13, 'Unknown': 3.01137424458392e-14}",Make an investigation check.
LIAM,01:37:32,01:37:38,Neutral,"{'Angry': 1.6718296191875481e-10, 'Disgusted': 1.3325625325411039e-11, 'Fearful': 4.846367664818052e-12, 'Happy': 8.861327227549509e-10, 'Neutral': 1.0, 'Other': 5.356544201251534e-13, 'Sad': 4.088620275677357e-10, 'Surprised': 6.924147366582645e-11, 'Unknown': 1.91651880997179e-12}",I'm going to use Luck. That's better. 22.
MATT,01:37:38,01:38:10,Neutral,"{'Angry': 6.810202358639716e-13, 'Disgusted': 2.951946413004558e-14, 'Fearful': 5.761917483258381e-15, 'Happy': 8.870851644394995e-13, 'Neutral': 1.0, 'Other': 3.144829198214929e-15, 'Sad': 1.8020174111579856e-12, 'Surprised': 2.3454987409764205e-13, 'Unknown': 2.4373318847133868e-14}","Okay. You take a little bit of time in peering over the materials, looking at the bed size, looking at the boot size, looking at whatever you can nearby. This bed is definitely weathered. It's been used for a long time. There are a couple of small knick-knacks and toys that are discarded underneath that have been there for a while that lead you to believe that this was at one point a boy's room. However, what you do notice is that most of the materials, most of the belongings, anything that you would normally see in a boy's room, anything that would say that a person lives here seem to have been hastily grabbed and taken off."
LIAM,01:38:10,01:38:26,Neutral,"{'Angry': 7.821973624366763e-10, 'Disgusted': 5.61037258317576e-11, 'Fearful': 5.611482632728038e-12, 'Happy': 1.0883836054631502e-08, 'Neutral': 1.0, 'Other': 4.94743308820933e-12, 'Sad': 2.7421718229447833e-09, 'Surprised': 2.035314139448019e-10, 'Unknown': 8.081382785185554e-12}","And the father went out the other way? All right, so I creep back out the window and I go out the front and I knock really loud on the front door."
MATT,01:38:26,01:38:31,Neutral,"{'Angry': 3.690224275487708e-06, 'Disgusted': 5.996146228426369e-06, 'Fearful': 1.232804061146453e-05, 'Happy': 6.608073454117402e-05, 'Neutral': 0.9995446801185608, 'Other': 2.850386590580456e-05, 'Sad': 6.671514711342752e-05, 'Surprised': 1.2901256241093506e-07, 'Unknown': 0.0002719662443269044}","A couple moments later, a voice comes from the other side. ""Hello?"""
LIAM,01:38:31,01:38:35,Neutral,"{'Angry': 0.00019728479674085975, 'Disgusted': 0.00016697992396075279, 'Fearful': 0.00010378842853242531, 'Happy': 0.007005385588854551, 'Neutral': 0.9909419417381287, 'Other': 6.990015390329063e-05, 'Sad': 0.00030418921960517764, 'Surprised': 5.873566624359228e-05, 'Unknown': 0.0011517700040712953}","Hello. I'm sorry, I don't mean to bother you. I know you've closed up shop."
MATT,01:38:35,01:38:39,Neutral,"{'Angry': 1.0849163118109573e-05, 'Disgusted': 1.74644410435576e-05, 'Fearful': 9.772449629963376e-06, 'Happy': 0.0004234870139043778, 'Neutral': 0.9993846416473389, 'Other': 9.606720595911611e-06, 'Sad': 2.185550874855835e-05, 'Surprised': 1.942263224918861e-06, 'Unknown': 0.00012047684140270576}","""I'm done for business for the day. Come back tomorrow."""
LIAM,01:38:39,01:38:53,Sad,"{'Angry': 2.3643922759220004e-05, 'Disgusted': 0.0002013142075156793, 'Fearful': 4.5539050915976986e-05, 'Happy': 9.122548362938687e-05, 'Neutral': 0.004067977890372276, 'Other': 0.0006147795356810093, 'Sad': 0.9949139356613159, 'Surprised': 1.2867425539297983e-05, 'Unknown': 2.8644530175370164e-05}","I'm actually not looking to buy anything. I owe your son a bit of money. I lost some money in a wager we made on a dog fight, and I was hoping to reimburse him. Do you know where he is?"
MATT,01:38:53,01:39:11,Neutral,"{'Angry': 0.03586174175143242, 'Disgusted': 0.029019180685281754, 'Fearful': 0.0006872492376714945, 'Happy': 0.1561652421951294, 'Neutral': 0.5684026479721069, 'Other': 0.05612980201840401, 'Sad': 0.08557440340518951, 'Surprised': 0.0034539205953478813, 'Unknown': 0.06470581144094467}","The door opens a little bit, and an eye peeks through. You gather there's a slight scent of alcohol from the other side as he starts talking. He says, ""I don't know where my son's gone off to. He came in in a huff. We got in an argument. He grabbed his stuff and left. He does this every now and then. He'll be back."""
LIAM,01:39:11,01:39:13,Neutral,"{'Angry': 0.011302465572953224, 'Disgusted': 0.024164723232388496, 'Fearful': 0.0015477784909307957, 'Happy': 0.10810259729623795, 'Neutral': 0.7987270951271057, 'Other': 0.00010437152377562597, 'Sad': 0.007235357537865639, 'Surprised': 0.048602376133203506, 'Unknown': 0.00021317412029020488}",You think he'll be back?
MATT,01:39:13,01:39:16,Neutral,"{'Angry': 8.663355033355913e-10, 'Disgusted': 3.6515349077781423e-10, 'Fearful': 4.1726160721067274e-11, 'Happy': 4.719069024439193e-10, 'Neutral': 1.0, 'Other': 1.637486153616141e-11, 'Sad': 2.7005748748365477e-09, 'Surprised': 3.5893683580923152e-09, 'Unknown': 2.8914982387606702e-12}","""This isn't the first time he's done this."""
LIAM,01:39:16,01:39:21,Disgusted,"{'Angry': 0.010238748975098133, 'Disgusted': 0.6088987588882446, 'Fearful': 0.027121279388666153, 'Happy': 0.0021894623059779406, 'Neutral': 0.009211614727973938, 'Other': 0.17714159190654755, 'Sad': 0.15933509171009064, 'Surprised': 0.0024898936972022057, 'Unknown': 0.003373577259480953}",I want to leave something with you.
MATT,01:39:21,01:39:24,Neutral,"{'Angry': 0.0008757049217820168, 'Disgusted': 0.001523505663499236, 'Fearful': 0.0016155476914718747, 'Happy': 0.0007789653609506786, 'Neutral': 0.8592736124992371, 'Other': 0.002891545183956623, 'Sad': 0.11690624803304672, 'Surprised': 3.626853504101746e-05, 'Unknown': 0.016098616644740105}","""You said it was money you owed him?"""
LIAM,01:39:24,01:39:27,Neutral,"{'Angry': 3.057102304637738e-08, 'Disgusted': 1.2967345419667708e-08, 'Fearful': 3.98831367931507e-09, 'Happy': 1.1831728841116274e-07, 'Neutral': 0.9999998807907104, 'Other': 3.2523059800837473e-09, 'Sad': 4.139787179724408e-08, 'Surprised': 3.877236309790533e-09, 'Unknown': 2.663092324439731e-08}",Yes.
MATT,01:39:27,01:39:30,Neutral,"{'Angry': 1.5275621478849644e-07, 'Disgusted': 3.21586171025956e-08, 'Fearful': 6.126577289933266e-08, 'Happy': 4.368792474451766e-07, 'Neutral': 0.9999991655349731, 'Other': 4.259185448773906e-09, 'Sad': 1.3628127248921373e-07, 'Surprised': 4.096028050071254e-08, 'Unknown': 3.561942296670395e-09}","""I can give that to him."""
LIAM,01:39:30,01:39:53,Neutral,"{'Angry': 5.919000159337884e-06, 'Disgusted': 6.3849438447505236e-06, 'Fearful': 4.683964505147742e-07, 'Happy': 0.001579616917297244, 'Neutral': 0.9982953667640686, 'Other': 1.992120814975351e-05, 'Sad': 5.4580024880124256e-05, 'Surprised': 5.840216772412532e-07, 'Unknown': 3.714197737281211e-05}","I take 50 gold of what I have left and I leave it with him, and I take out three daggers. I can hear my sister's voice in the back of my head. I want to use insight on him to make sure he's trustworthy. Oh, that's good. That's 20."
MATT,01:39:53,01:40:05,Happy,"{'Angry': 2.203970325354021e-06, 'Disgusted': 4.606663878803374e-06, 'Fearful': 2.033151758951135e-06, 'Happy': 0.9999668598175049, 'Neutral': 8.332503057317808e-06, 'Other': 2.5388719677721383e-06, 'Sad': 9.705046068120282e-06, 'Surprised': 1.7335840993837337e-06, 'Unknown': 1.958263510459801e-06}",Okay. There's something about his face that gives you the feeling that he's more interested in the contents of what you're leaving than actually transferring these to the intended recipient.
LIAM,01:40:05,01:40:09,Disgusted,"{'Angry': 0.003195027122274041, 'Disgusted': 0.8838739395141602, 'Fearful': 0.003264411585405469, 'Happy': 0.04259544983506203, 'Neutral': 0.0014346134848892689, 'Other': 0.05365917086601257, 'Sad': 0.004945363383740187, 'Surprised': 0.0023408369161188602, 'Unknown': 0.004691175650805235}",Just give him the 50 gold. Thank you. And I leave.
MATT,01:40:09,01:40:14,Happy,"{'Angry': 1.8166223526350223e-05, 'Disgusted': 2.4506483896402642e-05, 'Fearful': 1.1717715096892789e-05, 'Happy': 0.9996495246887207, 'Neutral': 0.00015459411952178925, 'Other': 6.2272029026644304e-06, 'Sad': 1.2654232705244794e-05, 'Surprised': 7.997797365533188e-05, 'Unknown': 4.258898843545467e-05}","Okay. Closes the door behind you, you hear a lock. Light goes back out in the room."
SAM,01:40:14,01:40:20,Neutral,"{'Angry': 2.296638018650654e-10, 'Disgusted': 1.5662839081276303e-11, 'Fearful': 6.7065671592592135e-12, 'Happy': 4.4020304068581595e-10, 'Neutral': 1.0, 'Other': 9.68408729942749e-13, 'Sad': 2.703217094612853e-10, 'Surprised': 1.0266911626422015e-10, 'Unknown': 9.387272209560038e-12}","Go in there and kill him. Kill him, shit on his bed, and leave."
LIAM,01:40:20,01:40:22,Neutral,"{'Angry': 1.7285704118075174e-11, 'Disgusted': 1.6031388456322349e-12, 'Fearful': 3.327153277280642e-13, 'Happy': 6.382960826556427e-11, 'Neutral': 1.0, 'Other': 1.351858485180643e-13, 'Sad': 5.838305533467647e-11, 'Surprised': 4.614102069172565e-12, 'Unknown': 5.398391694604043e-13}",I head back to the keep.
MATT,01:40:22,01:40:30,Happy,"{'Angry': 0.0003137660678476095, 'Disgusted': 0.0005043846904300153, 'Fearful': 0.00014685836504213512, 'Happy': 0.9696633219718933, 'Neutral': 0.023142727091908455, 'Other': 0.0012507113860920072, 'Sad': 0.00014801527140662074, 'Surprised': 0.004052409436553717, 'Unknown': 0.0007777992286719382}","Okay. All right, eventually Vax finds his way back to the keep. The rest of you are there, at rest for the evening. Is there anything else you want to accomplish before the night's out?"
MARISHA,01:40:30,01:40:33,Neutral,"{'Angry': 1.609282890058239e-06, 'Disgusted': 4.6416769095003474e-08, 'Fearful': 5.213252940450275e-09, 'Happy': 3.2658132909091364e-07, 'Neutral': 0.9999978542327881, 'Other': 3.679873294970548e-09, 'Sad': 9.484094931622167e-08, 'Surprised': 9.957343394262352e-09, 'Unknown': 1.2361864865084726e-09}",I just flipped through my book on the alchemy section for a bit.
MATT,01:40:33,01:40:45,Happy,"{'Angry': 4.394098596094409e-06, 'Disgusted': 1.719678402878344e-05, 'Fearful': 1.6823840951474267e-06, 'Happy': 0.9993324875831604, 'Neutral': 0.0005524909356608987, 'Other': 1.8133412595489062e-05, 'Sad': 1.6006755686248653e-05, 'Surprised': 1.2360625305518624e-06, 'Unknown': 5.639323717332445e-05}","All right. You all find yourself to bed for the evening, rest up for the next morning, and at that point we're going to go ahead and take our break. Five minutes, guys, a strict five minutes because we still have a lot to get through. A lot to get through tonight, don't want to stay late."
LIAM,01:40:45,01:40:47,Happy,"{'Angry': 0.000890352064743638, 'Disgusted': 0.0010112657910212874, 'Fearful': 0.0005229359958320856, 'Happy': 0.9863522052764893, 'Neutral': 0.004370721057057381, 'Other': 0.00010769556683953851, 'Sad': 0.006528598256409168, 'Surprised': 0.00020025366393383592, 'Unknown': 1.6000391042325646e-05}",Another nine hours.
MATT,01:40:47,01:55:12,Happy,"{'Angry': 0.04143519327044487, 'Disgusted': 0.004464869387447834, 'Fearful': 0.0003689961740747094, 'Happy': 0.9105753302574158, 'Neutral': 0.0258429367095232, 'Other': 0.005352194420993328, 'Sad': 0.004583094269037247, 'Surprised': 0.0006220552022568882, 'Unknown': 0.00675524678081274}","No. See you guys in about five minutes, quick restroom break. We'll be right back. [break]"
MATT,01:55:12,01:55:29,Sad,"{'Angry': 0.07450488954782486, 'Disgusted': 0.0004412938142195344, 'Fearful': 0.01029342319816351, 'Happy': 0.20077906548976898, 'Neutral': 0.007154504768550396, 'Other': 0.0019181291572749615, 'Sad': 0.7013549208641052, 'Surprised': 0.0026216113474220037, 'Unknown': 0.0009321702527813613}","Welcome back, from our very strict, very strict five-minute break. We're very good at that. Yeah. That's right. Couple quick things. First off, we just hit 7,500 subscribers! (cheering)"
MATT,01:55:29,01:55:45,Sad,"{'Angry': 0.06548447906970978, 'Disgusted': 0.0020902189426124096, 'Fearful': 0.1129789873957634, 'Happy': 0.01626063697040081, 'Neutral': 0.006308352574706078, 'Other': 0.0014495960203930736, 'Sad': 0.7897046208381653, 'Surprised': 0.004857692401856184, 'Unknown': 0.0008655025158077478}","That's amazing for many reasons. But all of you who are currently watching, be active in the chatroom so you can be included in the next giveaway we're doing. Giveaway's going to include a signed picture of the cast, a signed poster by the cast of the amazing art of our fantastic artist, Kit Buss."
TALIESIN,01:55:45,01:55:46,Neutral,"{'Angry': 0.01630374789237976, 'Disgusted': 0.19620518386363983, 'Fearful': 0.00024505582405254245, 'Happy': 0.006748287472873926, 'Neutral': 0.7503555417060852, 'Other': 0.007532262243330479, 'Sad': 0.016660280525684357, 'Surprised': 0.005552935414016247, 'Unknown': 0.0003967482189182192}",Maybe signed by Kit.
SAM,01:55:46,01:55:50,Neutral,"{'Angry': 0.09629139304161072, 'Disgusted': 0.010177062824368477, 'Fearful': 0.027591850608587265, 'Happy': 0.06423642486333847, 'Neutral': 0.33157944679260254, 'Other': 0.15169647336006165, 'Sad': 0.24477934837341309, 'Surprised': 0.022045811638236046, 'Unknown': 0.05160212516784668}",She's amazing.
MATT,01:55:50,01:55:58,Sad,"{'Angry': 0.18369846045970917, 'Disgusted': 0.004443827085196972, 'Fearful': 0.08723955601453781, 'Happy': 0.034074217081069946, 'Neutral': 0.07389955967664719, 'Other': 0.04758857190608978, 'Sad': 0.5169088244438171, 'Surprised': 0.04128500819206238, 'Unknown': 0.010861966758966446}","Yeah. So please be active in the chatroom, be part of that giveaway when it gets put out, and thank you guys so much for being so amazing and getting us to that point that's--"
LIAM,01:55:58,01:56:02,Other,"{'Angry': 0.17176903784275055, 'Disgusted': 0.00377634447067976, 'Fearful': 0.022551488131284714, 'Happy': 0.03687189519405365, 'Neutral': 0.031145405024290085, 'Other': 0.4720212519168854, 'Sad': 0.2266189604997635, 'Surprised': 0.020481271669268608, 'Unknown': 0.014764300547540188}","Yeah! You 7,500 people, fucking thank you, man. Thank you."
TRAVIS,01:56:02,01:56:05,Sad,"{'Angry': 0.002534407889470458, 'Disgusted': 1.606670775800012e-05, 'Fearful': 8.48006020532921e-05, 'Happy': 0.013202832080423832, 'Neutral': 0.0009819125989452004, 'Other': 0.0004253792576491833, 'Sad': 0.9795870184898376, 'Surprised': 0.00316119403578341, 'Unknown': 6.40415873931488e-06}","But only you 7,500. The rest can fuck off."
MATT,01:56:05,01:56:36,Sad,"{'Angry': 0.06665042042732239, 'Disgusted': 0.00014690223906654865, 'Fearful': 0.0032193725928664207, 'Happy': 0.0871562734246254, 'Neutral': 0.000784754753112793, 'Other': 0.0004558157525025308, 'Sad': 0.8401235938072205, 'Surprised': 0.0012665099930018187, 'Unknown': 0.00019642738334368914}","That was in character. All right, cool. Let's get back and see if we can, see if we can roll through some of this stuff. As you wake the next morning, you guys awaken to the dull sound of metal clanging as Percy has already been the first to wake and is back in the workshop. Tiberius, you're well-rested. Everyone's spells have returned. You get to make a beard roll."
TRAVIS,01:56:36,01:56:41,Sad,"{'Angry': 0.12107570469379425, 'Disgusted': 0.0031369938515126705, 'Fearful': 0.0578441396355629, 'Happy': 0.2009495496749878, 'Neutral': 0.16675831377506256, 'Other': 0.047533005475997925, 'Sad': 0.3752884864807129, 'Surprised': 0.014004711993038654, 'Unknown': 0.01340907346457243}","Beard check, please! Three. Five."
MATT,01:56:41,01:56:52,Neutral,"{'Angry': 0.3165713846683502, 'Disgusted': 0.0033511158544570208, 'Fearful': 0.0050332555547356606, 'Happy': 0.06449642032384872, 'Neutral': 0.5933008790016174, 'Other': 0.0001250474451808259, 'Sad': 0.011457186192274094, 'Surprised': 0.005639865528792143, 'Unknown': 2.490837505320087e-05}","35? What? Bundlesofkittens, by the way, won. Congratulations to bundlesofkittens. Going to get prizes."
LAURA,01:56:52,01:56:54,Happy,"{'Angry': 0.0019488056423142552, 'Disgusted': 0.0008817720226943493, 'Fearful': 0.005118857137858868, 'Happy': 0.4853871762752533, 'Neutral': 0.2678320109844208, 'Other': 0.0003972206905018538, 'Sad': 0.04089055955410004, 'Surprised': 0.19748961925506592, 'Unknown': 5.3996620408724993e-05}",Adorable.
MATT,01:56:54,01:57:24,Neutral,"{'Angry': 1.113045766665266e-10, 'Disgusted': 1.491972170808431e-11, 'Fearful': 1.648680497678967e-11, 'Happy': 2.34569946799823e-10, 'Neutral': 1.0, 'Other': 9.126086388325239e-13, 'Sad': 9.224380703720669e-10, 'Surprised': 5.04885612484518e-11, 'Unknown': 1.0926376123321369e-11}","35% does count. As you wake up, you reach up and feel the return of a nice hefty bit of scruff to your chin. Yeah, it's getting pretty thick now. It's a good, like, half an inch to an inch length. And you're starting to get a little, you notice the first time you grew some facial hair it was coming through that weird, creepy translucent color? It's starting to come through with a proper, almost a dark red-brown color to it."
TRAVIS,01:57:24,01:57:26,Fearful,"{'Angry': 0.004065060056746006, 'Disgusted': 0.00018851974164135754, 'Fearful': 0.9872883558273315, 'Happy': 0.003621923504397273, 'Neutral': 0.0006466491613537073, 'Other': 7.018091309873853e-06, 'Sad': 0.003923238255083561, 'Surprised': 0.0002561229048296809, 'Unknown': 3.0894434530637227e-06}",What?
MARISHA,01:57:26,01:57:28,Happy,"{'Angry': 0.09196871519088745, 'Disgusted': 0.0012297582579776645, 'Fearful': 0.030885368585586548, 'Happy': 0.5405111312866211, 'Neutral': 0.055945273488759995, 'Other': 0.0008489532629027963, 'Sad': 0.11912281066179276, 'Surprised': 0.15944918990135193, 'Unknown': 3.88535154343117e-05}",Got a little bit of the Irish thing going on.
TRAVIS,01:57:28,01:57:31,Sad,"{'Angry': 0.013537531718611717, 'Disgusted': 2.7770442102337256e-05, 'Fearful': 0.0011223441688343883, 'Happy': 0.08906383067369461, 'Neutral': 0.002841362962499261, 'Other': 1.814932511479128e-05, 'Sad': 0.8932756781578064, 'Surprised': 0.00010924275557044894, 'Unknown': 4.062911102664657e-06}","I don't know, I might have to get a cage; the women are going to come running."
MATT,01:57:31,01:57:43,Angry,"{'Angry': 0.9997071623802185, 'Disgusted': 5.340060056369111e-07, 'Fearful': 3.582221324904822e-05, 'Happy': 3.562684241842362e-06, 'Neutral': 1.0847204521269305e-06, 'Other': 2.6229429295199225e-08, 'Sad': 0.0002515059313736856, 'Surprised': 2.641930905156187e-07, 'Unknown': 3.225196776313055e-09}","So as you all gather for breakfast, you get your fill, a fine breakfast awaits you, already prepared by your servants of the Greyskull Keep. What do you wish to do?"
TRAVIS,01:57:43,01:57:49,Sad,"{'Angry': 0.00830250233411789, 'Disgusted': 0.0003661892260424793, 'Fearful': 0.02962440811097622, 'Happy': 0.000432014960097149, 'Neutral': 0.0006362028070725501, 'Other': 2.9472491860360606e-06, 'Sad': 0.9600648880004883, 'Surprised': 0.0005680364556610584, 'Unknown': 2.81337133856141e-06}","Good morning, Vox Machina. Lovely to see all of you."
MARISHA,01:57:49,01:57:54,Sad,"{'Angry': 2.7416785087552853e-05, 'Disgusted': 1.5840031437619473e-06, 'Fearful': 3.806022141361609e-05, 'Happy': 1.8721922970144078e-05, 'Neutral': 5.734431397286244e-06, 'Other': 2.2223863993531268e-07, 'Sad': 0.9999058246612549, 'Surprised': 2.3268885342986323e-06, 'Unknown': 7.942836077745596e-08}","So Grog, you fell asleep in your plate of food and woke up with a beard."
TRAVIS,01:57:54,01:57:59,Sad,"{'Angry': 0.00046957601443864405, 'Disgusted': 0.0004677085089497268, 'Fearful': 0.001466345856897533, 'Happy': 0.04422114044427872, 'Neutral': 0.40767958760261536, 'Other': 7.426781667163596e-05, 'Sad': 0.545138955116272, 'Surprised': 0.0004220634000375867, 'Unknown': 6.040459265932441e-05}",I know. Some guys are just lucky. (laughter)
TALIESIN,01:57:59,01:58:01,Sad,"{'Angry': 1.705915383354295e-05, 'Disgusted': 1.3502549336408265e-05, 'Fearful': 0.0001781601458787918, 'Happy': 0.00010415622818982229, 'Neutral': 6.749349267920479e-05, 'Other': 1.3844659179085284e-06, 'Sad': 0.9995939135551453, 'Surprised': 2.390373992966488e-05, 'Unknown': 4.4865228687740455e-07}",Have we checked to make sure it's not a stain?
TRAVIS,01:58:01,01:58:11,Sad,"{'Angry': 0.00017152211512438953, 'Disgusted': 6.90099477651529e-05, 'Fearful': 0.00022130494471639395, 'Happy': 0.0002895024954341352, 'Neutral': 0.4281994104385376, 'Other': 6.21878962192568e-06, 'Sad': 0.5709255337715149, 'Surprised': 0.00011540470586623996, 'Unknown': 2.0345571556390496e-06}","Hey, fuck off with your stinging, burning shit, all right? I'm not putting anything else in water. I don't know if you know, Scanlan, but water burns."
LAURA,01:58:11,01:58:14,Sad,"{'Angry': 4.079838618054055e-05, 'Disgusted': 1.6560545645916136e-06, 'Fearful': 3.0086346669122577e-05, 'Happy': 1.0302597729605623e-05, 'Neutral': 1.2568567399284802e-05, 'Other': 2.3185089048638474e-07, 'Sad': 0.9998996257781982, 'Surprised': 4.78956326332991e-06, 'Unknown': 5.1292857961016125e-08}","Good job, Percy, now he's never going to bathe."
TALIESIN,01:58:14,01:58:17,Angry,"{'Angry': 0.8309028148651123, 'Disgusted': 0.00012288146535865963, 'Fearful': 0.02666281722486019, 'Happy': 0.09647170454263687, 'Neutral': 0.0023440667428076267, 'Other': 0.0003131532284896821, 'Sad': 0.035296086221933365, 'Surprised': 0.007873261347413063, 'Unknown': 1.32362229123828e-05}",You may have taken the wrong lesson away from that.
TRAVIS,01:58:17,01:58:22,Neutral,"{'Angry': 7.837590992876287e-11, 'Disgusted': 1.5969436059984354e-12, 'Fearful': 4.751287254259329e-13, 'Happy': 1.3584731117788351e-09, 'Neutral': 1.0, 'Other': 1.4667395309376705e-14, 'Sad': 1.5095311112212073e-10, 'Surprised': 2.3019917569366832e-11, 'Unknown': 3.9867984131039536e-14}","No, I pretty much got it. In, burn, ouch, powder."
ORION,01:58:22,01:58:33,Happy,"{'Angry': 3.92673538129884e-09, 'Disgusted': 1.9178498789074183e-08, 'Fearful': 1.1451546377827526e-08, 'Happy': 0.9999998807907104, 'Neutral': 1.0131429917237256e-08, 'Other': 1.3795954600936966e-08, 'Sad': 7.768480969616576e-09, 'Surprised': 1.673185812123279e-09, 'Unknown': 1.1481908757104975e-07}","You're not a chinchilla, Grog, which is a small creature that bathes itself in dust. But you are a human, which water is good."
TRAVIS,01:58:33,01:58:34,Surprised,"{'Angry': 0.00012006322504021227, 'Disgusted': 4.2022180423373356e-05, 'Fearful': 1.606771365914028e-05, 'Happy': 0.00019338390848133713, 'Neutral': 0.0002338071499252692, 'Other': 5.971829068585066e-06, 'Sad': 2.117716212524101e-05, 'Surprised': 0.999365508556366, 'Unknown': 2.0075440261280164e-06}",I'm not a human.
ORION,01:58:34,01:58:41,Neutral,"{'Angry': 0.015854526311159134, 'Disgusted': 0.03807603567838669, 'Fearful': 0.0019924126099795103, 'Happy': 0.03213255852460861, 'Neutral': 0.7707701921463013, 'Other': 0.015232273377478123, 'Sad': 0.002812084276229143, 'Surprised': 0.0004934361204504967, 'Unknown': 0.12263650447130203}","Well, you are a humanoid. Which is, water is good. Which, most of you is water."
TRAVIS,01:58:41,01:58:44,Neutral,"{'Angry': 0.25884491205215454, 'Disgusted': 0.0012639766791835427, 'Fearful': 0.0005309331463649869, 'Happy': 0.005370141472667456, 'Neutral': 0.7299039959907532, 'Other': 3.678562643472105e-05, 'Sad': 0.001744921668432653, 'Surprised': 0.0022654712665826082, 'Unknown': 3.879904397763312e-05}",(gasps) You always drink water when we drink. Does it burn?
ORION,01:58:44,01:58:46,Neutral,"{'Angry': 2.1235699865229662e-09, 'Disgusted': 9.730106304006725e-11, 'Fearful': 6.900942317589198e-11, 'Happy': 6.1939990914083864e-09, 'Neutral': 1.0, 'Other': 1.4233341068259353e-12, 'Sad': 1.221675427487412e-09, 'Surprised': 1.7857977596680286e-10, 'Unknown': 1.6981261232243416e-12}","No, it feels rather--"
SAM,01:58:46,01:58:47,Neutral,"{'Angry': 0.0011147982440888882, 'Disgusted': 0.0019775114487856627, 'Fearful': 0.0002180350129492581, 'Happy': 0.14201833307743073, 'Neutral': 0.847934901714325, 'Other': 9.659350325819105e-05, 'Sad': 0.002201338764280081, 'Surprised': 0.004276002291589975, 'Unknown': 0.0001624838769203052}",Let's get going.
TALIESIN,01:58:47,01:58:49,Neutral,"{'Angry': 0.00038522572140209377, 'Disgusted': 0.00014726861263625324, 'Fearful': 3.7782414437970147e-05, 'Happy': 0.00024089102225843817, 'Neutral': 0.9984775185585022, 'Other': 3.6087145417695865e-05, 'Sad': 0.00030808462179265916, 'Surprised': 8.36329854791984e-06, 'Unknown': 0.0003587561659514904}",He does breathe fire.
ORION,01:58:49,01:58:52,Neutral,"{'Angry': 0.001977250212803483, 'Disgusted': 0.004554941784590483, 'Fearful': 0.0003209667920600623, 'Happy': 0.002816860331222415, 'Neutral': 0.9880465269088745, 'Other': 6.681567901978269e-05, 'Sad': 0.0012598017929121852, 'Surprised': 0.0008933912613429129, 'Unknown': 6.331111944746226e-05}",I'm feeding Lockheed some of my breakfast.
MATT,01:58:52,01:59:05,Neutral,"{'Angry': 4.061551408085506e-06, 'Disgusted': 6.447119631047826e-06, 'Fearful': 1.2827883892896352e-06, 'Happy': 0.0017578419065102935, 'Neutral': 0.9981787204742432, 'Other': 1.5959330994519405e-05, 'Sad': 2.3715696443105116e-05, 'Surprised': 6.366711204464082e-06, 'Unknown': 5.618453542410862e-06}","Certainly. Lockheed enjoys the breakfast. Lockheed is looking healthier. The color is a little more of a deep emerald green, and he appears to have a little more energy this morning."
SAM,01:59:05,01:59:11,Neutral,"{'Angry': 5.218651205618485e-11, 'Disgusted': 3.5265911284970697e-12, 'Fearful': 8.014758019585233e-13, 'Happy': 2.275468979906492e-10, 'Neutral': 1.0, 'Other': 2.631542986991642e-13, 'Sad': 1.0003115696877174e-10, 'Surprised': 1.435179666081643e-11, 'Unknown': 7.174317563640731e-13}",Does it shit on your shoulder?
MATT,01:59:11,01:59:23,Surprised,"{'Angry': 0.02584962360560894, 'Disgusted': 0.008578446693718433, 'Fearful': 0.0011120456038042903, 'Happy': 0.012971206568181515, 'Neutral': 0.38686662912368774, 'Other': 0.0014454734046012163, 'Sad': 0.0014380170032382011, 'Surprised': 0.5606740713119507, 'Unknown': 0.001064459909684956}","He hasn't noticed, but there is a slight streak of dried pseudo-dragon poo. You're not aware of it to cast that yet."
TALIESIN,01:59:23,01:59:26,Disgusted,"{'Angry': 0.022475045174360275, 'Disgusted': 0.8253932595252991, 'Fearful': 0.02336965873837471, 'Happy': 0.0042938650585711, 'Neutral': 0.06799952685832977, 'Other': 0.0008130202768370509, 'Sad': 0.033797286450862885, 'Surprised': 0.01942824199795723, 'Unknown': 0.002430074382573366}",Methinks the DM doth speak from experience.
MATT,01:59:26,01:59:29,Neutral,"{'Angry': 0.0007437000167556107, 'Disgusted': 0.0011184427421540022, 'Fearful': 0.00015970991807989776, 'Happy': 0.000755523971747607, 'Neutral': 0.9927933216094971, 'Other': 0.00025842440663836896, 'Sad': 0.000444888137280941, 'Surprised': 1.2631702702492476e-05, 'Unknown': 0.0037133439909666777}","As a bird owner, he does."
ORION,01:59:29,01:59:44,Neutral,"{'Angry': 6.126780506543472e-12, 'Disgusted': 5.098845065783231e-13, 'Fearful': 1.3449453410783324e-13, 'Happy': 1.1978368817666674e-11, 'Neutral': 1.0, 'Other': 4.9750124403143484e-14, 'Sad': 1.9770473452807025e-11, 'Surprised': 2.5623364107579816e-12, 'Unknown': 2.5988762465851967e-13}","I'm going to, I rolled, I'm going to do a roll for the day, I think I rolled one for the day, and I'm going to go: Staht. Staht. And I'm going to, I rolled a 14 to try to teach it to sit. Staht."
MATT,01:59:44,01:59:50,Neutral,"{'Angry': 8.825060649542138e-05, 'Disgusted': 2.4811834009597078e-05, 'Fearful': 8.840597729431465e-06, 'Happy': 9.331411274615675e-05, 'Neutral': 0.9996862411499023, 'Other': 1.4241089957067743e-05, 'Sad': 2.925296939793043e-05, 'Surprised': 4.049900599056855e-05, 'Unknown': 1.4507906598737463e-05}",(lizard noises) It sits down on the edge of the table.
ORION,01:59:50,02:00:00,Neutral,"{'Angry': 5.280408402197345e-11, 'Disgusted': 1.2972274296418895e-11, 'Fearful': 3.84636116360082e-12, 'Happy': 1.201498622815933e-10, 'Neutral': 1.0, 'Other': 3.2025692861537003e-12, 'Sad': 4.682577658954301e-10, 'Surprised': 2.012990295285899e-11, 'Unknown': 5.8270558517259374e-12}","And I give it a treat. Krar, Krar, there you go."
MATT,02:00:00,02:00:02,Neutral,"{'Angry': 6.278549449234561e-07, 'Disgusted': 1.582620484441577e-06, 'Fearful': 2.243328481199569e-06, 'Happy': 9.490995580563322e-06, 'Neutral': 0.999976634979248, 'Other': 1.0507513934499002e-06, 'Sad': 4.630304374586558e-06, 'Surprised': 4.4192722725711064e-07, 'Unknown': 3.2739412745286245e-06}",Bites your finger.
ORION,02:00:02,02:00:04,Neutral,"{'Angry': 0.00013262892025522888, 'Disgusted': 0.0006503598997369409, 'Fearful': 0.00020039381342940032, 'Happy': 0.001588777406141162, 'Neutral': 0.9900858402252197, 'Other': 1.899297240015585e-05, 'Sad': 0.006547313183546066, 'Surprised': 0.0007490388234145939, 'Unknown': 2.6561656341073103e-05}","As it's hanging, I put it on my shoulder."
MATT,02:00:04,02:00:06,Neutral,"{'Angry': 2.0887666778435232e-06, 'Disgusted': 1.2294968598780542e-07, 'Fearful': 1.236342228594367e-07, 'Happy': 9.586958640284138e-07, 'Neutral': 0.9999949932098389, 'Other': 4.8402291952243104e-08, 'Sad': 1.5835024669286213e-06, 'Surprised': 5.833521399267738e-08, 'Unknown': 4.473185200026819e-08}",(lizard noises) It sits there.
MARISHA,02:00:06,02:00:09,Neutral,"{'Angry': 0.00017562675930093974, 'Disgusted': 0.0002152415254386142, 'Fearful': 0.0036615440621972084, 'Happy': 0.0020452290773391724, 'Neutral': 0.9919998645782471, 'Other': 1.328300277236849e-05, 'Sad': 0.001106029492802918, 'Surprised': 0.0006881990120746195, 'Unknown': 9.499314182903618e-05}",They get nippy. It's in the breed.
MATT,02:00:09,02:00:11,Neutral,"{'Angry': 0.00016639247769489884, 'Disgusted': 0.00018340321548748761, 'Fearful': 0.0007756362902000546, 'Happy': 0.006841718684881926, 'Neutral': 0.9512430429458618, 'Other': 2.272671008540783e-05, 'Sad': 0.0004179993993602693, 'Surprised': 0.040269479155540466, 'Unknown': 7.964656106196344e-05}",So! What do you want to do?
SAM,02:00:11,02:00:16,Neutral,"{'Angry': 9.527864676783793e-06, 'Disgusted': 8.417104254476726e-06, 'Fearful': 9.729091289045755e-06, 'Happy': 4.477209222386591e-05, 'Neutral': 0.9997348189353943, 'Other': 1.5230451026582159e-05, 'Sad': 4.3901010940317065e-05, 'Surprised': 1.8416075420191191e-07, 'Unknown': 0.00013342101010493934}",We want to get out of here. Cast the thing. Let's go.
ORION,02:00:16,02:00:22,Neutral,"{'Angry': 5.3786130592925474e-05, 'Disgusted': 0.00013170712918508798, 'Fearful': 4.647177047445439e-05, 'Happy': 0.00024905294412747025, 'Neutral': 0.9973084926605225, 'Other': 0.00014085591828916222, 'Sad': 0.00010047863179352134, 'Surprised': 6.473037501564249e-07, 'Unknown': 0.0019685307051986456}","As I'm having my oatmeal and such, I start to cast."
MARISHA,02:00:22,02:00:28,Neutral,"{'Angry': 0.015219936147332191, 'Disgusted': 0.0026846660766750574, 'Fearful': 0.00018023609300144017, 'Happy': 0.007892679423093796, 'Neutral': 0.9681805968284607, 'Other': 0.0004637705278582871, 'Sad': 0.0023215897381305695, 'Surprised': 3.912313695764169e-05, 'Unknown': 0.0030172900296747684}",I still think maybe the more talkative members of the group should go?
SAM,02:00:28,02:00:30,Neutral,"{'Angry': 2.744639573393215e-07, 'Disgusted': 5.537127663046704e-07, 'Fearful': 2.755137415988429e-07, 'Happy': 2.5359727260365617e-06, 'Neutral': 0.9999945163726807, 'Other': 5.857456386593185e-08, 'Sad': 1.4481377093034098e-06, 'Surprised': 2.9434733050948125e-07, 'Unknown': 1.1171930935915952e-07}",Still want to split the party?
TALIESIN,02:00:30,02:00:33,Neutral,"{'Angry': 5.744897498516366e-05, 'Disgusted': 0.0001711869117571041, 'Fearful': 9.003056766232476e-05, 'Happy': 0.000887695758137852, 'Neutral': 0.9976412057876587, 'Other': 5.74274490645621e-05, 'Sad': 0.00012135820725234225, 'Surprised': 9.506551577942446e-06, 'Unknown': 0.0009642814402468503}","I'm staying home, anyway"
MARISHA,02:00:33,02:00:35,Neutral,"{'Angry': 8.042617787029638e-12, 'Disgusted': 5.419313543926496e-13, 'Fearful': 1.3784847287083568e-13, 'Happy': 9.945049991855193e-12, 'Neutral': 1.0, 'Other': 4.688752573592074e-14, 'Sad': 2.1459582374983022e-11, 'Surprised': 1.87759400041565e-12, 'Unknown': 3.308806950218929e-13}","I'm checking in with Tiberius-- oh sorry, Percy."
MATT,02:00:35,02:00:42,Neutral,"{'Angry': 0.003348655067384243, 'Disgusted': 0.0016905802767723799, 'Fearful': 0.0003870154614560306, 'Happy': 0.008379085920751095, 'Neutral': 0.9682172536849976, 'Other': 0.0017883804393932223, 'Sad': 0.008340712636709213, 'Surprised': 0.0024958651047199965, 'Unknown': 0.005352459382265806}",At which point the teleportation sigil appears in the center of the floor the way Tiberius had prepared it. It's glowing right now.
TRAVIS,02:00:42,02:00:44,Neutral,"{'Angry': 4.672491797919065e-07, 'Disgusted': 1.5896011973381974e-06, 'Fearful': 1.484705308030243e-06, 'Happy': 9.772414841791033e-07, 'Neutral': 0.9999899864196777, 'Other': 9.425874623048003e-07, 'Sad': 2.881279442590312e-06, 'Surprised': 2.2496756457712763e-07, 'Unknown': 1.462002160224074e-06}","I've got the creature bits so I should go, too."
LAURA,02:00:44,02:00:46,Neutral,"{'Angry': 7.584827904638658e-11, 'Disgusted': 5.136114190201768e-12, 'Fearful': 6.26823029245549e-13, 'Happy': 2.4625140815359714e-10, 'Neutral': 1.0, 'Other': 4.340468956476329e-13, 'Sad': 1.0953570689364867e-10, 'Surprised': 1.4033384697353934e-11, 'Unknown': 1.016301517768603e-12}","You! Take care of my bear, I'm leaving him here with you."
LIAM,02:00:46,02:00:48,Neutral,"{'Angry': 0.0974498987197876, 'Disgusted': 0.01675466261804104, 'Fearful': 0.011796464212238789, 'Happy': 0.05204223468899727, 'Neutral': 0.7943140864372253, 'Other': 0.00015694828471168876, 'Sad': 0.01726517826318741, 'Surprised': 0.009049209766089916, 'Unknown': 0.0011712987907230854}",All right. I got him.
LAURA,02:00:48,02:00:51,Happy,"{'Angry': 2.2081637780502206e-06, 'Disgusted': 8.700121725269128e-06, 'Fearful': 3.5257526178611442e-06, 'Happy': 0.9997238516807556, 'Neutral': 0.0001372677506878972, 'Other': 1.8151737322114059e-06, 'Sad': 4.158616775384871e-06, 'Surprised': 1.8588963257570867e-06, 'Unknown': 0.00011654919217107818}","Oh, Trinket! I love you so."
MATT,02:00:51,02:00:53,Neutral,"{'Angry': 0.0004150535387452692, 'Disgusted': 0.00029448550776578486, 'Fearful': 0.0001344967749901116, 'Happy': 0.0008345788810402155, 'Neutral': 0.9893942475318909, 'Other': 6.9902857831039e-06, 'Sad': 0.00015637025353498757, 'Surprised': 0.008758732117712498, 'Unknown': 5.025645350542618e-06}",Trinket comes up and like rubs his nose against your coat.
LAURA,02:00:53,02:00:55,Neutral,"{'Angry': 0.0009377338574267924, 'Disgusted': 0.00014482355618383735, 'Fearful': 0.00029481973615475, 'Happy': 0.0019240379333496094, 'Neutral': 0.9953474402427673, 'Other': 6.810070772189647e-06, 'Sad': 0.0010629033204168081, 'Surprised': 0.0002661214384716004, 'Unknown': 1.530160261609126e-05}","Behave, all right?"
LIAM,02:00:55,02:00:57,Unknown,"{'Angry': 0.005801793187856674, 'Disgusted': 0.02399272471666336, 'Fearful': 0.001658962806686759, 'Happy': 0.030504733324050903, 'Neutral': 0.24532261490821838, 'Other': 0.055068086832761765, 'Sad': 0.0011159416753798723, 'Surprised': 0.015151899307966232, 'Unknown': 0.6213832497596741}",I'm going to feed you so much chocolate.
LAURA,02:00:57,02:00:59,Neutral,"{'Angry': 0.004534645937383175, 'Disgusted': 0.014697081409394741, 'Fearful': 0.03134644031524658, 'Happy': 0.05923211947083473, 'Neutral': 0.7724179625511169, 'Other': 0.0020960024558007717, 'Sad': 0.04341382160782814, 'Surprised': 0.006563135888427496, 'Unknown': 0.06569883227348328}",That's really bad for him! Don't!
MARISHA,02:00:59,02:01:01,Angry,"{'Angry': 0.9563297629356384, 'Disgusted': 0.000952455447986722, 'Fearful': 4.313184035709128e-05, 'Happy': 0.012404325418174267, 'Neutral': 0.029390033334493637, 'Other': 0.00019250012701377273, 'Sad': 0.00013023594510741532, 'Surprised': 6.309540185611695e-05, 'Unknown': 0.0004944092943333089}",It'll be fine.
MATT,02:01:01,02:01:03,Angry,"{'Angry': 0.8753740787506104, 'Disgusted': 0.0008350993739441037, 'Fearful': 0.0008469148888252676, 'Happy': 0.00014445200213231146, 'Neutral': 0.0008148468914441764, 'Other': 2.194843182223849e-05, 'Sad': 0.12188632041215897, 'Surprised': 6.579134787898511e-05, 'Unknown': 1.0505363206902985e-05}",The sigil's starting to spark--
SAM,02:01:03,02:01:04,Neutral,"{'Angry': 0.0006939794984646142, 'Disgusted': 6.727848085574806e-05, 'Fearful': 0.0005043341079726815, 'Happy': 0.003357192501425743, 'Neutral': 0.991051197052002, 'Other': 2.8440405003493652e-05, 'Sad': 0.0016492853173986077, 'Surprised': 0.0026466012932360172, 'Unknown': 1.756901724547788e-06}",I jump in.
TRAVIS,02:01:04,02:01:06,Neutral,"{'Angry': 2.735973430390004e-05, 'Disgusted': 8.448740118183196e-05, 'Fearful': 1.1703693417075556e-05, 'Happy': 0.0007947252597659826, 'Neutral': 0.9987190961837769, 'Other': 5.281353423924884e-06, 'Sad': 4.099124998901971e-05, 'Surprised': 0.0003149841504637152, 'Unknown': 1.323044671153184e-06}","I jump in, too."
MATT,02:01:06,02:01:36,Happy,"{'Angry': 2.1674195771481664e-10, 'Disgusted': 1.1324691184810831e-09, 'Fearful': 8.121628924939728e-10, 'Happy': 1.0, 'Neutral': 2.3141486504840714e-09, 'Other': 2.7224982268592157e-09, 'Sad': 5.2001949413238435e-09, 'Surprised': 5.08966147005907e-10, 'Unknown': 1.650935277375254e-09}","Okay, so all of you who are going, you leap in. You're staying and you're staying, correct? And you're staying. All right, Keyleth, Percy and Vax. All of you guys step in and all of a sudden there's a familiar whoosh of some sort of dark transference, you feel as if gravity for a moment doesn't exist and your feet find purchase on some sort of a wooden floor. The room is dark. You glance about the immediate vicinity, and for those of you who have low light, there's very little you can actually make out other than the fact this is a basement of some kind, and you are amidst a bunch of sheet covered crates."
ORION,02:01:36,02:01:38,Happy,"{'Angry': 2.0842105641349917e-06, 'Disgusted': 1.454237280995585e-05, 'Fearful': 3.1971810585673666e-06, 'Happy': 0.9998637437820435, 'Neutral': 7.812638068571687e-05, 'Other': 1.637278273847187e-06, 'Sad': 1.3176976608519908e-05, 'Surprised': 2.306373971805442e-05, 'Unknown': 4.907204242954322e-07}",Light! (whoosh)
MATT,02:01:38,02:01:40,Happy,"{'Angry': 0.0006948059890419245, 'Disgusted': 0.0023020687513053417, 'Fearful': 0.00039270546403713524, 'Happy': 0.5491697192192078, 'Neutral': 0.22727714478969574, 'Other': 0.07333234697580338, 'Sad': 0.0005677911685779691, 'Surprised': 0.1448947936296463, 'Unknown': 0.0013686141464859247}","As the light fills the room, you look around."
ORION,02:01:40,02:01:42,Happy,"{'Angry': 0.0007332317181862891, 'Disgusted': 0.0034676461946219206, 'Fearful': 0.0004446625825949013, 'Happy': 0.929037868976593, 'Neutral': 0.005420251749455929, 'Other': 0.006471870467066765, 'Sad': 0.0011548369657248259, 'Surprised': 0.05116608366370201, 'Unknown': 0.0021036851685494184}",I cast it on Lockheed. On his tail.
MATT,02:01:42,02:01:48,Happy,"{'Angry': 0.06838187575340271, 'Disgusted': 0.0033803933765739202, 'Fearful': 0.0005677862791344523, 'Happy': 0.7127618789672852, 'Neutral': 0.17606720328330994, 'Other': 0.0031494353897869587, 'Sad': 0.007765808142721653, 'Surprised': 0.00018915247346740216, 'Unknown': 0.027736425399780273}","All right! Lockheed begins trying to shake the light off the tail, so it moves around a little bit."
ORION,02:01:48,02:01:57,Neutral,"{'Angry': 2.231770849903114e-05, 'Disgusted': 2.488091922714375e-05, 'Fearful': 3.1880360893410398e-06, 'Happy': 0.00030145258642733097, 'Neutral': 0.9994418025016785, 'Other': 4.5244352804729715e-05, 'Sad': 1.4295432265498675e-05, 'Surprised': 7.657972673769109e-07, 'Unknown': 0.00014606169133912772}","Oh, Bensvelk! That means ""good"" in Draconian. Bensvelk. And I feed him a treat."
MATT,02:01:57,02:02:09,Neutral,"{'Angry': 0.0008607813506387174, 'Disgusted': 0.0009380558039993048, 'Fearful': 0.00023462847457267344, 'Happy': 0.0023123896680772305, 'Neutral': 0.9898339509963989, 'Other': 0.0008054006611928344, 'Sad': 0.0011527593014761806, 'Surprised': 7.480298518203199e-05, 'Unknown': 0.0037871957756578922}","(chuckles) All right! You look around the room, there are about six or seven of these crates immediately visible to you. They have sheets put over them, they're different sizes, some sort of storage room. There is a staircase that leads to the floor above."
LAURA,02:02:09,02:02:17,Happy,"{'Angry': 0.03253573551774025, 'Disgusted': 0.008823922835290432, 'Fearful': 0.001304687699303031, 'Happy': 0.9144469499588013, 'Neutral': 0.0184315275400877, 'Other': 0.0016866743098944426, 'Sad': 0.010302810929715633, 'Surprised': 0.0043181306682527065, 'Unknown': 0.008149520494043827}",Wait. Do they know we're coming? We're just in the middle of their home now?
ORION,02:02:17,02:02:28,Neutral,"{'Angry': 7.531698287266408e-08, 'Disgusted': 7.006309488133411e-08, 'Fearful': 2.117531749945556e-08, 'Happy': 1.6031340237532277e-06, 'Neutral': 0.9999977350234985, 'Other': 1.3654853603384254e-07, 'Sad': 2.6728790203378594e-07, 'Surprised': 2.608247662294616e-08, 'Unknown': 1.2434949780981697e-07}","Yes, of course, Vex, they know we're coming. I showed them the amulet, it was how we got the sigil to come here to begin with. It's fine. We're doing business with them. It'll be good."
LAURA,02:02:28,02:02:43,Neutral,"{'Angry': 4.832356303302587e-12, 'Disgusted': 3.1982763334416353e-13, 'Fearful': 8.425190070344285e-14, 'Happy': 7.531958563788965e-12, 'Neutral': 1.0, 'Other': 3.6460851698949526e-14, 'Sad': 1.5377067674737788e-11, 'Surprised': 1.865649345081377e-12, 'Unknown': 1.8165795202720186e-13}","Can I perception and make sure there's no traps around us? Just to make sure. We're just popping in, and this is a magic house, am I right? So I can't check for traps worth shit."
MATT,02:02:43,02:02:45,Sad,"{'Angry': 2.873686025850475e-05, 'Disgusted': 4.7032703150762245e-05, 'Fearful': 0.0002268150565214455, 'Happy': 0.00021097742137499154, 'Neutral': 0.26528266072273254, 'Other': 9.99472013063496e-06, 'Sad': 0.73341304063797, 'Surprised': 0.0007796199060976505, 'Unknown': 1.1603121947700856e-06}",Room looks safe!
LAURA,02:02:45,02:02:47,Neutral,"{'Angry': 2.93208870516537e-08, 'Disgusted': 4.978479140049785e-08, 'Fearful': 4.977045620080389e-08, 'Happy': 3.331733182676544e-07, 'Neutral': 0.9999992847442627, 'Other': 1.7235972649132236e-08, 'Sad': 1.6964847304734576e-07, 'Surprised': 5.5073009264106076e-08, 'Unknown': 1.4782015611558563e-08}",Great. Good. Great.
TRAVIS,02:02:47,02:02:48,Neutral,"{'Angry': 4.287737283448223e-06, 'Disgusted': 3.0535370569850784e-06, 'Fearful': 1.2219816198921762e-06, 'Happy': 2.70349391939817e-06, 'Neutral': 0.9995854496955872, 'Other': 7.992012029944817e-08, 'Sad': 0.0004025466041639447, 'Surprised': 5.846932822350936e-07, 'Unknown': 7.281474978526603e-08}","Well, good. Let's get out of here."
MATT,02:02:48,02:03:25,Neutral,"{'Angry': 2.5578101485734805e-06, 'Disgusted': 1.1919796634174418e-05, 'Fearful': 3.3731922144397686e-07, 'Happy': 6.958244966881466e-07, 'Neutral': 0.9998902082443237, 'Other': 1.254126829053348e-07, 'Sad': 4.555901398362039e-07, 'Surprised': 9.365986625198275e-05, 'Unknown': 1.8783148370005165e-09}","All right. You guys make your way to the second floor. As you step up to the top you can see there is light emanating from the top of the staircase and a figure moves into the staircase. A stout dwarven figure. This is the same individual you spoke to previously. The dwarf steps to the top and says, with an air of annoyance to the voice. ""All right. Waited up all night for you to arrive, and you never did. And you come here and interrupt my breakfast."""
ORION,02:03:25,02:03:30,Neutral,"{'Angry': 1.4441912292786907e-12, 'Disgusted': 7.302807718354704e-14, 'Fearful': 1.9583018881627265e-14, 'Happy': 1.7916399700640406e-12, 'Neutral': 1.0, 'Other': 7.167513178568848e-15, 'Sad': 5.356782292048612e-12, 'Surprised': 6.031157561217637e-13, 'Unknown': 4.517573991215558e-14}",I'm sorry. We thought you would like a night's sleep before we intrude and--
MATT,02:03:30,02:03:46,Neutral,"{'Angry': 0.0011269734241068363, 'Disgusted': 0.00023095957294572145, 'Fearful': 1.9434070054558106e-05, 'Happy': 0.0016410875832661986, 'Neutral': 0.995248019695282, 'Other': 0.00027122616302222013, 'Sad': 0.0011269394308328629, 'Surprised': 4.7768182412255555e-05, 'Unknown': 0.0002876085345633328}","""It's fine, step up the stairs, please."" and he steps out of the way, leads you into the central chamber. This house is unfamiliar to all but Scanlan, who turned invisible suddenly and decided to wander in briefly."
SAM,02:03:46,02:03:50,Neutral,"{'Angry': 0.0021680237259715796, 'Disgusted': 0.0017072069458663464, 'Fearful': 0.003038372378796339, 'Happy': 0.15949448943138123, 'Neutral': 0.7318156361579895, 'Other': 0.0003656879998743534, 'Sad': 0.09149502217769623, 'Surprised': 0.00792678166180849, 'Unknown': 0.0019888407550752163}","Yes, I did. My old stomping grounds."
MATT,02:03:50,02:04:42,Neutral,"{'Angry': 6.119729029085974e-11, 'Disgusted': 1.4233946486752469e-11, 'Fearful': 7.182878857675545e-12, 'Happy': 8.540433638071221e-11, 'Neutral': 1.0, 'Other': 1.0467440716283027e-12, 'Sad': 6.365384330742074e-10, 'Surprised': 4.5091874678604427e-11, 'Unknown': 9.765036002029603e-12}","The classic ""I don't know!"" Looking about it's very well-kept. It's an old house; the ceilings are taller than you expect for a dwarf type home. A lot of the ceilings are a little low especially for you Grog, this one's built roomy. There's actually a lot of cultivated cave plant life, a lot of boxes that contain various underground dwelling plants and other such funguses. The air itself is mixtures of sweet and pungent. Mixed almost as if there's a spice garden somewhere, and you're not really able to take a beat on what the actual interior would smell like, it keeps changing around you. You're brought to the main foyer area, and the dwarf turns back and he says ""All right, you've made your transference. Where's the amulet?"""
ORION,02:04:42,02:05:00,Happy,"{'Angry': 0.0013212019111961126, 'Disgusted': 0.0003058162983506918, 'Fearful': 1.1278115380264353e-05, 'Happy': 0.9830642342567444, 'Neutral': 0.014906130731105804, 'Other': 0.0001238303811987862, 'Sad': 0.00015302770771086216, 'Surprised': 1.792339389794506e-05, 'Unknown': 9.656979818828404e-05}","I'll open the Bag of Holding. And I'll take it out. Before I actually go over and speak, I'm going to turn to Scanlan and Vex. Is he the same person who pays us for the other--"
LAURA,02:05:00,02:05:04,Neutral,"{'Angry': 3.1909770381588487e-09, 'Disgusted': 3.424110772698441e-09, 'Fearful': 1.0442783443531667e-10, 'Happy': 2.418255151681592e-09, 'Neutral': 1.0, 'Other': 6.479188019437032e-11, 'Sad': 3.819004668059733e-09, 'Surprised': 1.3769266837826422e-09, 'Unknown': 2.7188161444424708e-11}",No. I should probably go find that guy. Or we can go all together.
ORION,02:05:04,02:05:06,Surprised,"{'Angry': 5.332364162313752e-05, 'Disgusted': 7.264349551405758e-05, 'Fearful': 9.964163473341614e-05, 'Happy': 3.742431363207288e-05, 'Neutral': 0.0006710354355163872, 'Other': 3.6018373066326603e-06, 'Sad': 6.732189649483189e-05, 'Surprised': 0.9989940524101257, 'Unknown': 9.568342420607223e-07}",I just didn't want to say the wrong thing this time.
SAM,02:05:06,02:05:08,Neutral,"{'Angry': 0.003719962202012539, 'Disgusted': 0.002807578770443797, 'Fearful': 0.0008589081116952002, 'Happy': 0.008302729576826096, 'Neutral': 0.9794377088546753, 'Other': 2.9891964004491456e-05, 'Sad': 0.002104103332385421, 'Surprised': 0.0026975744403898716, 'Unknown': 4.155493661528453e-05}","Sure, don't worry. You will."
ORION,02:05:08,02:05:23,Happy,"{'Angry': 4.1101018723566085e-05, 'Disgusted': 0.00047572984476573765, 'Fearful': 2.2578920834348537e-05, 'Happy': 0.9774687886238098, 'Neutral': 0.020108254626393318, 'Other': 0.0005245189531706274, 'Sad': 0.00011565109161892906, 'Surprised': 1.6225681974901818e-05, 'Unknown': 0.0012271146988496184}","Oh, sorry. Here is the amulet. And I show him. Now, as far as trade, as it was rather taxing to procure this particular artifact--"
LAURA,02:05:23,02:05:25,Neutral,"{'Angry': 8.8023016653338e-10, 'Disgusted': 7.014501202107226e-10, 'Fearful': 4.255573393674439e-10, 'Happy': 4.276568432715067e-09, 'Neutral': 1.0, 'Other': 9.847524878869862e-11, 'Sad': 2.2854361958479785e-08, 'Surprised': 5.839366767901311e-10, 'Unknown': 1.7909312921560172e-10}","Incredibly difficult, he means to say."
ORION,02:05:25,02:05:36,Neutral,"{'Angry': 2.9640785381701562e-09, 'Disgusted': 3.9684642239024015e-09, 'Fearful': 8.054553690683974e-10, 'Happy': 1.1041787040255713e-08, 'Neutral': 1.0, 'Other': 4.216945015400597e-09, 'Sad': 2.1599191768473247e-08, 'Surprised': 1.2710927865811072e-09, 'Unknown': 4.132157283009974e-09}","Yes, she's correct. I was wondering if we could, perchance, trade it for a favor of your arcane ability?"
MATT,02:05:36,02:05:52,Happy,"{'Angry': 4.774222794878824e-09, 'Disgusted': 4.193852376488394e-08, 'Fearful': 6.9013670334072685e-09, 'Happy': 0.9999995231628418, 'Neutral': 1.5576377165871236e-07, 'Other': 6.734919821838048e-08, 'Sad': 1.4489108934867545e-07, 'Surprised': 2.949065658341965e-09, 'Unknown': 8.368228776589604e-08}","""It's funny, because I already did. I gave you a permanent entry to my own household, my family's household, by offering you this sigil, that gave you entrance to the interior of our well-guarded estate. That was a trade enough. That was what we agreed upon through the mirror."""
ORION,02:05:52,02:05:54,Neutral,"{'Angry': 0.00452495226636529, 'Disgusted': 0.004882473964244127, 'Fearful': 0.001033537439070642, 'Happy': 0.2722877264022827, 'Neutral': 0.7046900391578674, 'Other': 0.00039833917981013656, 'Sad': 0.0011585286119952798, 'Surprised': 0.007761029060930014, 'Unknown': 0.0032633841037750244}","That was just to get me here quicker, I thought."
MATT,02:05:54,02:05:56,Neutral,"{'Angry': 0.04307846352458, 'Disgusted': 0.013623150065541267, 'Fearful': 0.0018814741633832455, 'Happy': 0.36245158314704895, 'Neutral': 0.5709125995635986, 'Other': 8.253450505435467e-05, 'Sad': 0.0041879042983055115, 'Surprised': 0.0034900230821222067, 'Unknown': 0.0002923862193711102}","""So you come into my home and try to extort me?"""
ORION,02:05:56,02:06:36,Happy,"{'Angry': 5.55934593648999e-06, 'Disgusted': 2.0037889044033363e-05, 'Fearful': 1.5097355117177358e-06, 'Happy': 0.9995831847190857, 'Neutral': 0.00028657837538048625, 'Other': 3.3452633942943066e-05, 'Sad': 5.473665441968478e-05, 'Surprised': 2.3235838852997404e-06, 'Unknown': 1.267406787519576e-05}","No, not at all! Here's what happened, see. We were on an adventure-- I pull out the carpet out of my Bag of Holding. And this carpet was enchanted once with the ability to fly, and it helped us many times in many adventures. It was de-chanted, I guess, if you want to say it. And we need it re-chanted. And I thought that House Thunderbrand would be a strong enough house to have the ability to do such a thing. Maybe not as it seems. And I hand him the amulet as I'm saying this."
MATT,02:06:36,02:06:37,Happy,"{'Angry': 2.305219641129952e-05, 'Disgusted': 1.7750373444869183e-05, 'Fearful': 6.339940682664746e-06, 'Happy': 0.9997331500053406, 'Neutral': 0.00011102187272626907, 'Other': 2.4032626697589876e-06, 'Sad': 3.2541131076868623e-05, 'Surprised': 7.339071453316137e-05, 'Unknown': 2.805643077863351e-07}",He takes the amulet.
ORION,02:06:37,02:06:44,Happy,"{'Angry': 1.6569289273959953e-09, 'Disgusted': 1.1313598058393382e-08, 'Fearful': 2.6446358436515993e-09, 'Happy': 0.9999998807907104, 'Neutral': 7.480118568992111e-08, 'Other': 2.9914595245372766e-09, 'Sad': 1.1766166707616321e-08, 'Surprised': 3.0263294092947035e-09, 'Unknown': 3.0486880575608666e-08}","And not as a trade, but as a favor for just the effort, or maybe because I'm not strong enough as a sorcerer myself to do it."
MATT,02:06:44,02:06:46,Neutral,"{'Angry': 1.0763453461848371e-09, 'Disgusted': 6.559331411359892e-10, 'Fearful': 3.928441738576538e-10, 'Happy': 2.3692170447731087e-09, 'Neutral': 1.0, 'Other': 4.052956234512628e-11, 'Sad': 4.017847388126938e-09, 'Surprised': 1.4925203295490519e-09, 'Unknown': 4.424621086185354e-11}",Make a persuasion roll.
LAURA,02:06:46,02:06:51,Unknown,"{'Angry': 0.001210495363920927, 'Disgusted': 0.011328380554914474, 'Fearful': 0.01278628222644329, 'Happy': 0.009879747405648232, 'Neutral': 0.02032567374408245, 'Other': 0.006149941589683294, 'Sad': 0.0010737442644312978, 'Surprised': 0.002098789671435952, 'Unknown': 0.9351468682289124}","People speak very, very highly of your abilities. Can I assist him?"
MATT,02:06:51,02:07:28,Happy,"{'Angry': 9.73805835968733e-09, 'Disgusted': 3.364344536294084e-08, 'Fearful': 1.8504771048810653e-08, 'Happy': 0.9999995231628418, 'Neutral': 8.870057399690268e-08, 'Other': 3.402009696173991e-08, 'Sad': 1.7788948980523855e-07, 'Surprised': 1.330516941067117e-08, 'Unknown': 1.842018626518893e-08}","It's not going to matter. You keep talking, and as you're explaining this, he's not even paying attention to you. The dwarf is staring at the amulet, looking at the back of it where the inscription is. And you swear for a minute, you see what looks like a tear, gathering in the corner of the eye of the dwarf, who then reaches up and wipes it from the corner and takes the amulet and puts it in the pocket and says, ""My apologies. Thank you for returning this. You were talking about the carpet, right?"""
"LAURA, ORION",02:07:28,02:07:30,Happy,"{'Angry': 1.115657596528763e-06, 'Disgusted': 6.211524805621593e-07, 'Fearful': 9.292909552982564e-09, 'Happy': 0.9998632669448853, 'Neutral': 0.00013369227235671133, 'Other': 4.40980045368633e-07, 'Sad': 3.8227531717893726e-07, 'Surprised': 3.52465207242858e-07, 'Unknown': 7.633477849822157e-08}",Yes.
MATT,02:07:30,02:07:32,Neutral,"{'Angry': 3.0171191608453773e-13, 'Disgusted': 9.122596510938597e-15, 'Fearful': 2.149591531454254e-15, 'Happy': 3.362252967362145e-13, 'Neutral': 1.0, 'Other': 1.2500536587776198e-15, 'Sad': 1.0669759346881857e-12, 'Surprised': 1.0282122782324585e-13, 'Unknown': 6.282575506924917e-15}","""You want it to be enchanted?"""
LAURA,02:07:32,02:07:39,Neutral,"{'Angry': 1.3129862865349229e-12, 'Disgusted': 5.485723501971393e-14, 'Fearful': 1.3401919615849307e-14, 'Happy': 1.67609025616966e-12, 'Neutral': 1.0, 'Other': 4.832588508914748e-15, 'Sad': 4.518638501566086e-12, 'Surprised': 4.595847899295513e-13, 'Unknown': 2.7499531108201095e-14}","Well, we've heard very wonderful things about your abilities and not many people can do such a feat."
MATT,02:07:39,02:07:42,Neutral,"{'Angry': 1.5188386896625161e-05, 'Disgusted': 3.034609653695952e-05, 'Fearful': 7.275863936229143e-06, 'Happy': 6.305800343398005e-05, 'Neutral': 0.9991742968559265, 'Other': 8.377915219170973e-05, 'Sad': 0.00021254269813653082, 'Surprised': 3.2082110124065366e-07, 'Unknown': 0.00041324549238197505}","""We have done a carpet before. Only one. It's very possible."""
LAURA,02:07:42,02:07:45,Neutral,"{'Angry': 4.107165649247513e-11, 'Disgusted': 9.62362307899145e-12, 'Fearful': 1.3302813711701944e-12, 'Happy': 2.430151357923904e-10, 'Neutral': 1.0, 'Other': 2.3478723305825344e-12, 'Sad': 1.534514043610713e-10, 'Surprised': 1.0890609594693679e-11, 'Unknown': 1.1623703735641477e-11}",Did it look anything like this one?
MATT,02:07:45,02:07:58,Neutral,"{'Angry': 6.65500437418455e-14, 'Disgusted': 2.361323722004701e-15, 'Fearful': 3.606525734879126e-16, 'Happy': 8.854585630251738e-14, 'Neutral': 1.0, 'Other': 4.725972683602086e-16, 'Sad': 2.011023454966815e-13, 'Surprised': 3.4339650806063104e-14, 'Unknown': 1.562652120873885e-15}","""Not this pattern, no, that one was more of a blue. I mean this can be enchanted, but the materials and the time put into it-- It's a very pricey endeavor. A carpet of this size, especially."""
SAM,02:07:58,02:08:00,Neutral,"{'Angry': 2.0332284033502956e-12, 'Disgusted': 8.43416252094796e-14, 'Fearful': 2.350836437678156e-14, 'Happy': 2.674800702109903e-12, 'Neutral': 1.0, 'Other': 6.554411249588398e-15, 'Sad': 6.075623511236916e-12, 'Surprised': 5.601994020575096e-13, 'Unknown': 5.432485109544208e-14}",How much?
MATT,02:08:00,02:08:13,Neutral,"{'Angry': 6.793838495250393e-14, 'Disgusted': 2.3420632515753223e-15, 'Fearful': 3.610269885203786e-16, 'Happy': 9.274058029775517e-14, 'Neutral': 1.0, 'Other': 4.467332231949169e-16, 'Sad': 2.384385278195872e-13, 'Surprised': 3.0891023923953e-14, 'Unknown': 1.5111981515808569e-15}","""We're looking at the better part of a year to enchant this and that'll cost you about, time included, that'll cost 50,000 gold pieces."""
LAURA,02:08:13,02:08:24,Neutral,"{'Angry': 5.696921341787065e-14, 'Disgusted': 1.9101950330882448e-15, 'Fearful': 3.260089259452117e-16, 'Happy': 7.28700140593258e-14, 'Neutral': 1.0, 'Other': 4.325924051872004e-16, 'Sad': 1.914705644468634e-13, 'Surprised': 3.04649934565384e-14, 'Unknown': 1.2977396020047872e-15}",Oh my god! I throw my hands up. I just can't. I just can't! How did we not? Oh my god.
SAM,02:08:24,02:08:26,Neutral,"{'Angry': 2.3465428818786327e-12, 'Disgusted': 1.1200484035253991e-13, 'Fearful': 2.99512883028194e-14, 'Happy': 3.3670418883580133e-12, 'Neutral': 1.0, 'Other': 8.982602293548195e-15, 'Sad': 7.88218709052435e-12, 'Surprised': 6.418187379134133e-13, 'Unknown': 7.466697074000328e-14}",She's very fond of the carpet.
TRAVIS,02:08:26,02:08:28,Neutral,"{'Angry': 0.0005734754959121346, 'Disgusted': 0.002244207076728344, 'Fearful': 0.0022207237780094147, 'Happy': 0.0038524519186466932, 'Neutral': 0.9591172337532043, 'Other': 0.00022206718858797103, 'Sad': 0.0175132155418396, 'Surprised': 2.2476402591564693e-05, 'Unknown': 0.01423412561416626}",I put my arm around Vex and try and console her.
LAURA,02:08:28,02:08:33,Neutral,"{'Angry': 0.026802780106663704, 'Disgusted': 0.003109443699941039, 'Fearful': 0.0007851115660741925, 'Happy': 0.25238293409347534, 'Neutral': 0.7035111784934998, 'Other': 0.0014566652243956923, 'Sad': 0.0028461457695811987, 'Surprised': 0.0009308842127211392, 'Unknown': 0.008174893446266651}",50? A year! Why?! Thank you so much.
MATT,02:08:33,02:08:36,Neutral,"{'Angry': 0.0003510951646603644, 'Disgusted': 0.0016360993031412363, 'Fearful': 0.00031881281756795943, 'Happy': 0.04859289154410362, 'Neutral': 0.9284360408782959, 'Other': 0.0005908731836825609, 'Sad': 0.0008867359138093889, 'Surprised': 4.9808040785137564e-05, 'Unknown': 0.019137637689709663}","""Well I mean, there might be smaller ones you might be able to find elsewhere."""
LAURA,02:08:36,02:08:41,Neutral,"{'Angry': 9.09846531449432e-10, 'Disgusted': 2.1038867870082356e-10, 'Fearful': 2.9029886133846716e-11, 'Happy': 1.6187069462603176e-09, 'Neutral': 1.0, 'Other': 3.7680917414073534e-11, 'Sad': 1.174035868523049e-09, 'Surprised': 3.062574083223524e-10, 'Unknown': 1.3637060924942546e-10}","No, I know it's a really beautiful carpet, and it would cost a lot of money to fix up, I understand."
SAM,02:08:41,02:08:45,Happy,"{'Angry': 0.0038505911361426115, 'Disgusted': 0.02363271266222, 'Fearful': 0.0011361909564584494, 'Happy': 0.5495544672012329, 'Neutral': 0.0032156207598745823, 'Other': 0.3716546893119812, 'Sad': 0.0005076396046206355, 'Surprised': 0.01489154901355505, 'Unknown': 0.03155660256743431}",She loves the hand-woven carpets. It's just very tragic.
MATT,02:08:45,02:08:46,Happy,"{'Angry': 0.00019584831898100674, 'Disgusted': 0.00048525191959924996, 'Fearful': 0.002043996239081025, 'Happy': 0.9941803216934204, 'Neutral': 0.0023415253963321447, 'Other': 2.7448139007901773e-05, 'Sad': 0.0005680583999492228, 'Surprised': 0.00015099615848157555, 'Unknown': 6.615972779400181e-06}","""All right, well--"""
TRAVIS,02:08:46,02:08:49,Neutral,"{'Angry': 4.6975739564913965e-07, 'Disgusted': 1.122481194215652e-06, 'Fearful': 7.387601499431184e-07, 'Happy': 3.714352715178393e-06, 'Neutral': 0.9999687671661377, 'Other': 1.0287939176123473e-06, 'Sad': 1.52962365973508e-05, 'Surprised': 2.1972942576553578e-08, 'Unknown': 8.780363714322448e-06}",Shall we go get our money now?
SAM,02:08:49,02:08:52,Neutral,"{'Angry': 0.011287394911050797, 'Disgusted': 0.01314645353704691, 'Fearful': 0.006969997193664312, 'Happy': 0.004895246587693691, 'Neutral': 0.8632639050483704, 'Other': 0.007359878625720739, 'Sad': 0.011988021433353424, 'Surprised': 0.006269310601055622, 'Unknown': 0.07481984794139862}","Yes, who's the man we need to see about that?"
LAURA,02:08:52,02:08:55,Angry,"{'Angry': 0.9094626307487488, 'Disgusted': 0.019242484122514725, 'Fearful': 0.0014224997721612453, 'Happy': 0.0670425295829773, 'Neutral': 0.0014165337197482586, 'Other': 0.00023641328152734786, 'Sad': 0.0006164992228150368, 'Surprised': 0.00035295047564432025, 'Unknown': 0.0002073684154311195}","Oh, that's the Kraghammer-- We go to see--"
LIAM,02:08:55,02:08:56,Disgusted,"{'Angry': 0.17507211863994598, 'Disgusted': 0.49795258045196533, 'Fearful': 0.0007328134961426258, 'Happy': 0.2843274772167206, 'Neutral': 0.023357700556516647, 'Other': 0.002877635881304741, 'Sad': 0.0015787251759320498, 'Surprised': 0.00015140397590585053, 'Unknown': 0.013949548825621605}",Johnny Kraghammer?
LAURA,02:08:56,02:08:58,Neutral,"{'Angry': 0.042521849274635315, 'Disgusted': 0.0017200272995978594, 'Fearful': 0.0001604319259058684, 'Happy': 0.01430207397788763, 'Neutral': 0.9372845888137817, 'Other': 0.00024388174642808735, 'Sad': 0.0035367265809327364, 'Surprised': 0.00018268023268319666, 'Unknown': 4.779899973073043e-05}",Johnny Kraghammer.
SAM,02:08:58,02:09:01,Neutral,"{'Angry': 1.1462889304425516e-08, 'Disgusted': 2.348878036517732e-10, 'Fearful': 1.8939856627486762e-11, 'Happy': 7.252659806056272e-09, 'Neutral': 1.0, 'Other': 5.6985462355829686e-12, 'Sad': 1.3652605712621835e-09, 'Surprised': 3.4466166032309786e-10, 'Unknown': 1.6806592575968615e-11}",Nostoc Greyspine?
LAURA,02:09:01,02:09:03,Neutral,"{'Angry': 1.1463773680331357e-10, 'Disgusted': 1.0302234759729245e-11, 'Fearful': 2.2286181147052053e-12, 'Happy': 4.2510708841980716e-10, 'Neutral': 1.0, 'Other': 4.0917269572560144e-13, 'Sad': 2.4929674991014394e-10, 'Surprised': 2.8641262972417536e-11, 'Unknown': 1.6503408882539983e-12}",It was Greyspine.
MATT,02:09:03,02:10:11,Angry,"{'Angry': 0.9999462366104126, 'Disgusted': 1.7668917280388996e-06, 'Fearful': 3.538339399256074e-07, 'Happy': 3.6748986076418078e-06, 'Neutral': 1.6432411939604208e-05, 'Other': 1.0602325239972288e-08, 'Sad': 3.1305826269090176e-05, 'Surprised': 1.506692370867313e-07, 'Unknown': 1.707061714206759e-09}","Nostoc Greyspine. You're escorted out of the House Thunderbrand. Make your way down to the quarry, at the very bottom level of Kraghammer, once again. It's been a long time since you've been in this portion of the world, let alone this city, where you started this leg of your entire journey. You do make your way down into this area to Lord Nostoc Greyspine's proper office, the one where you managed to procure his expensive wine and make this venture the very beginning. You step into the familiar halls. As soon as you enter, you have a brief discussion with the guy at the front, who recognizes you and leads you into the office. There, waiting, behind his desk is Nostoc, who's currently in the process of looking out the window over the entire quarry of his mine. He turns over his shoulder, looking at the rest of you. ""Well, I'm surprised to see you all alive. Just assumed you'd all got yourselves killed, like the usual bumpkins who come wandering this far down in the mountain."""
LAURA,02:10:11,02:10:25,Neutral,"{'Angry': 2.237079201354228e-13, 'Disgusted': 7.736253451002748e-15, 'Fearful': 1.6642277825130287e-15, 'Happy': 2.7303189548653906e-13, 'Neutral': 1.0, 'Other': 1.1790298402712283e-15, 'Sad': 7.904841061237566e-13, 'Surprised': 9.317869961939299e-14, 'Unknown': 5.380622637436543e-15}","No. We did not die. We, in fact, succeeded in taking care of those creatures. Under-- dark-- carpet."
SAM,02:10:25,02:10:30,Neutral,"{'Angry': 1.1144630682712042e-13, 'Disgusted': 3.1836478711546462e-15, 'Fearful': 5.578400171939212e-16, 'Happy': 1.253940256750602e-13, 'Neutral': 1.0, 'Other': 3.879805033442965e-16, 'Sad': 3.5129207485648517e-13, 'Surprised': 4.5173239470895285e-14, 'Unknown': 1.4624646403561727e-15}",She's-- That time of the month.
LAURA,02:10:30,02:10:39,Neutral,"{'Angry': 4.190319202734827e-08, 'Disgusted': 1.9360459901918148e-08, 'Fearful': 1.7936425678044543e-09, 'Happy': 1.2025375895063917e-07, 'Neutral': 0.9999997615814209, 'Other': 4.1089083246959035e-09, 'Sad': 7.934859524993954e-08, 'Surprised': 1.891250711594239e-09, 'Unknown': 1.1086078721689319e-08}",Oh! Excuse me. We came to collect the money you owed us for completing the mission you sent us on.
MATT,02:10:39,02:10:44,Angry,"{'Angry': 0.9940500259399414, 'Disgusted': 0.0006811388302594423, 'Fearful': 0.00023436700575985014, 'Happy': 0.001085566938854754, 'Neutral': 0.0013693543151021004, 'Other': 6.590192788280547e-05, 'Sad': 0.00011434092448325828, 'Surprised': 0.0019780159927904606, 'Unknown': 0.00042127346387133}","""Ah yes, of course. Of course. Understood. What was the price we had agreed for that one?"""
LAURA,02:10:44,02:10:53,Angry,"{'Angry': 0.9831268787384033, 'Disgusted': 0.0001649492041906342, 'Fearful': 0.0001239247649209574, 'Happy': 0.004603369161486626, 'Neutral': 5.1153685490135103e-05, 'Other': 6.283205493673449e-06, 'Sad': 4.496843394008465e-05, 'Surprised': 0.011869193986058235, 'Unknown': 9.372203749080654e-06}","Oh, it was 30,000 gold, plus all the extras for the scalps that we acquired."
TRAVIS,02:10:53,02:10:59,Angry,"{'Angry': 1.0, 'Disgusted': 2.942332835709216e-11, 'Fearful': 2.1766111482635075e-11, 'Happy': 1.350234646313453e-10, 'Neutral': 1.4644557788656698e-10, 'Other': 2.9736211323155848e-12, 'Sad': 2.712781735358938e-11, 'Surprised': 3.161766334858207e-11, 'Unknown': 1.8242973795555388e-14}","I open the bag of holding and go, Here, here's one brain chunk. And I dump it on the floor."
MATT,02:10:59,02:11:09,Happy,"{'Angry': 0.008715118281543255, 'Disgusted': 0.01590161956846714, 'Fearful': 0.0006355511723086238, 'Happy': 0.9565397500991821, 'Neutral': 0.010993520729243755, 'Other': 0.0009292358299717307, 'Sad': 0.0008815978071652353, 'Surprised': 0.00013590023445431143, 'Unknown': 0.005267733708024025}","As a note, I'm pretty sure at practically no point in your adventure to the Underdark did you ever say you were scalping a creature."
LIAM,02:11:09,02:11:10,Angry,"{'Angry': 0.9941657781600952, 'Disgusted': 4.540858753898647e-06, 'Fearful': 2.8797110189771047e-06, 'Happy': 0.005741601809859276, 'Neutral': 2.610916635603644e-05, 'Other': 3.0068536034377757e-06, 'Sad': 3.6192581319483e-05, 'Surprised': 1.967867137864232e-05, 'Unknown': 1.9761152714181662e-07}",We're above base--
MARISHA,02:11:10,02:11:14,Angry,"{'Angry': 0.9933745265007019, 'Disgusted': 0.0003162934444844723, 'Fearful': 2.4141025278368033e-05, 'Happy': 0.0004174314672127366, 'Neutral': 0.0055696056224405766, 'Other': 4.2358475184300914e-05, 'Sad': 0.00016091014549601823, 'Surprised': 1.7937896700459532e-05, 'Unknown': 7.670114428037778e-05}",We totally forgot about that.
MATT,02:11:14,02:11:19,Unknown,"{'Angry': 0.02804945409297943, 'Disgusted': 0.0295794066041708, 'Fearful': 0.007359050679951906, 'Happy': 0.21692568063735962, 'Neutral': 0.2168027013540268, 'Other': 0.03022954799234867, 'Sad': 0.004499655682593584, 'Surprised': 0.0033884497825056314, 'Unknown': 0.4631660580635071}","You completely, in the entirety of that adventure, didn't collect a single scalp from anything you killed."
TRAVIS,02:11:19,02:11:30,Happy,"{'Angry': 7.831201946828514e-05, 'Disgusted': 0.00047847171663306653, 'Fearful': 4.662624269258231e-05, 'Happy': 0.9903269410133362, 'Neutral': 0.0008574182284064591, 'Other': 0.000473036925541237, 'Sad': 5.932015847065486e-05, 'Surprised': 1.2509492989920545e-05, 'Unknown': 0.0076673575676977634}","I thought I grabbed the brain chunk. I thought I grabbed an arm, too. There was just an arm from the stitched guy, and I just grabbed it."
LIAM,02:11:30,02:11:35,Angry,"{'Angry': 0.9999139308929443, 'Disgusted': 5.473135388456285e-06, 'Fearful': 9.380514711665455e-06, 'Happy': 5.733201760449447e-05, 'Neutral': 1.8609651988299447e-06, 'Other': 8.47939475079329e-07, 'Sad': 3.011256694662734e-06, 'Surprised': 7.355986781476531e-06, 'Unknown': 6.998259891588532e-07}",An arm is not a scalp. It's this.
MATT,02:11:35,02:11:51,Angry,"{'Angry': 0.9998983144760132, 'Disgusted': 3.2759911846369505e-05, 'Fearful': 1.6514723029104061e-06, 'Happy': 1.4881390598020516e-05, 'Neutral': 2.169160870835185e-05, 'Other': 9.293643188357237e-07, 'Sad': 2.802084964059759e-05, 'Surprised': 1.4444800626733922e-06, 'Unknown': 2.3180128039257397e-07}","Nostoc also looks at you and goes, ""And while I respect your memory, a dwarf's mind is like a trap that you can't escape. I believe the agreed upon price was 25,000 gold pieces."""
LAURA,02:11:51,02:11:53,Neutral,"{'Angry': 0.002607964910566807, 'Disgusted': 0.00618525967001915, 'Fearful': 0.019933834671974182, 'Happy': 0.01755334623157978, 'Neutral': 0.7659422755241394, 'Other': 0.0018788015004247427, 'Sad': 0.01627015694975853, 'Surprised': 0.00011274049029452726, 'Unknown': 0.1695156842470169}","Oh it was? That is so weird, I remember 30."
MATT,02:11:53,02:12:01,Happy,"{'Angry': 0.00015605665976181626, 'Disgusted': 0.0004952425952069461, 'Fearful': 0.0001161784675787203, 'Happy': 0.9654672741889954, 'Neutral': 0.00014670474047306925, 'Other': 0.0001771178940543905, 'Sad': 3.332602500449866e-05, 'Surprised': 0.03334880247712135, 'Unknown': 5.929804683546536e-05}","""I don't even know what you fought. If you're going to collect your money, tell me what the hell you freaking killed."""
LAURA,02:12:01,02:12:05,Neutral,"{'Angry': 5.963391447316724e-10, 'Disgusted': 1.1161324642294801e-10, 'Fearful': 1.7609058308720726e-11, 'Happy': 7.213949970719113e-08, 'Neutral': 0.9999998807907104, 'Other': 5.9814978491112836e-12, 'Sad': 2.6573423461684342e-09, 'Surprised': 2.0208465456583724e-10, 'Unknown': 5.293393761512943e-12}",Mind flayers! A beholder! Have you heard of a beholder?
MATT,02:12:05,02:12:06,Neutral,"{'Angry': 0.003964812029153109, 'Disgusted': 0.09139329195022583, 'Fearful': 0.008131383918225765, 'Happy': 0.038373515009880066, 'Neutral': 0.6798018217086792, 'Other': 0.0030955858528614044, 'Sad': 0.044691234827041626, 'Surprised': 0.13050486147403717, 'Unknown': 4.344346234574914e-05}","""You fought a beholder?"""
LAURA,02:12:06,02:12:08,Neutral,"{'Angry': 9.276582568418235e-05, 'Disgusted': 0.000131450331537053, 'Fearful': 1.9553745005396195e-05, 'Happy': 0.002967578126117587, 'Neutral': 0.9909135103225708, 'Other': 5.9455851442180574e-05, 'Sad': 0.00015927015920169652, 'Surprised': 0.005635935813188553, 'Unknown': 2.0476558347581886e-05}",We fought a fucking beholder.
MATT,02:12:08,02:12:11,Angry,"{'Angry': 0.9999998807907104, 'Disgusted': 6.33765964153099e-08, 'Fearful': 2.2924472986574074e-08, 'Happy': 1.988057896085138e-08, 'Neutral': 1.9073327806040652e-08, 'Other': 1.754116074614842e-09, 'Sad': 2.4252820196579705e-08, 'Surprised': 1.5349369775208288e-08, 'Unknown': 2.2838561597460227e-10}","""Really? And you're all still alive?"""
SAM,02:12:11,02:12:18,Happy,"{'Angry': 0.06154248118400574, 'Disgusted': 0.005106443539261818, 'Fearful': 0.0005358901107683778, 'Happy': 0.9029368162155151, 'Neutral': 0.02283521741628647, 'Other': 0.000806590891443193, 'Sad': 0.002399363787844777, 'Surprised': 0.000140245450893417, 'Unknown': 0.0036969739012420177}","Well no, not all of us. If you'll recall there were more of us when we came down here. And some of us aren't here because they died."
TRAVIS,02:12:18,02:12:20,Angry,"{'Angry': 0.9997380375862122, 'Disgusted': 0.00011026017455151305, 'Fearful': 6.633232987951487e-05, 'Happy': 3.6363759136293083e-05, 'Neutral': 4.55879990113317e-06, 'Other': 2.1701331206713803e-05, 'Sad': 9.594925359124318e-06, 'Surprised': 7.942450793052558e-06, 'Unknown': 5.203423825150821e-06}",I start pretending to cry.
MATT,02:12:20,02:12:22,Angry,"{'Angry': 0.9973005652427673, 'Disgusted': 9.918645082507282e-05, 'Fearful': 0.002391715068370104, 'Happy': 8.571560465497896e-05, 'Neutral': 2.7032062916987343e-06, 'Other': 3.487713911454193e-05, 'Sad': 6.282491085585207e-05, 'Surprised': 2.039215905824676e-05, 'Unknown': 2.0488914742600173e-06}",Make a deception check.
LAURA,02:12:22,02:12:24,Neutral,"{'Angry': 5.909641130402363e-14, 'Disgusted': 1.8581886924344884e-15, 'Fearful': 3.09284895676386e-16, 'Happy': 6.913209832067405e-14, 'Neutral': 1.0, 'Other': 3.8031954032263456e-16, 'Sad': 2.089554657774828e-13, 'Surprised': 2.7853633231800755e-14, 'Unknown': 1.1279343776731256e-15}",That's really good.
SAM,02:12:24,02:12:26,Neutral,"{'Angry': 2.6648852013977375e-09, 'Disgusted': 9.420948465788115e-10, 'Fearful': 1.8950166436049187e-10, 'Happy': 1.0610320622106428e-08, 'Neutral': 1.0, 'Other': 2.614122807109709e-10, 'Sad': 3.977405516053523e-09, 'Surprised': 1.7876515545633964e-10, 'Unknown': 1.2371610402794886e-09}",21.
LAURA,02:12:26,02:12:32,Neutral,"{'Angry': 9.731142927194014e-05, 'Disgusted': 6.7448869231157e-05, 'Fearful': 1.0450166882947087e-05, 'Happy': 0.007372914347797632, 'Neutral': 0.9911194443702698, 'Other': 0.00013966549886390567, 'Sad': 0.0009289032896049321, 'Surprised': 5.780323135695653e-06, 'Unknown': 0.00025811692466959357}",I start thinking about the carpet and I really do start crying.
SAM,02:12:32,02:12:39,Neutral,"{'Angry': 0.00660352548584342, 'Disgusted': 0.011087997816503048, 'Fearful': 0.000782676215749234, 'Happy': 0.29898199439048767, 'Neutral': 0.6101107001304626, 'Other': 0.009008857421576977, 'Sad': 0.0014948605094105005, 'Surprised': 0.01331490371376276, 'Unknown': 0.048614464700222015}","So before you berate us, know that we are mourning the loss of two of our members. And a bear!"
LAURA,02:12:39,02:12:41,Neutral,"{'Angry': 1.260198416730418e-07, 'Disgusted': 2.4268070220045956e-08, 'Fearful': 2.8212610025946105e-09, 'Happy': 8.035668770389748e-07, 'Neutral': 0.9999990463256836, 'Other': 5.846608086557126e-09, 'Sad': 5.157471250072376e-08, 'Surprised': 5.0740149859507255e-09, 'Unknown': 1.9822742558517348e-08}",(sobbing) And my bear!
MATT,02:12:41,02:12:43,Neutral,"{'Angry': 1.750636874930933e-05, 'Disgusted': 4.1056900954572484e-05, 'Fearful': 2.5190691303578205e-05, 'Happy': 0.0003415978280827403, 'Neutral': 0.998089611530304, 'Other': 2.281950401084032e-05, 'Sad': 1.419661202817224e-05, 'Surprised': 7.981346072938322e-08, 'Unknown': 0.0014478275552392006}","""Beholder, you say?"""
LAURA,02:12:43,02:12:45,Fearful,"{'Angry': 0.004800296854227781, 'Disgusted': 0.0027123023755848408, 'Fearful': 0.8104245662689209, 'Happy': 0.0979200080037117, 'Neutral': 0.0807478278875351, 'Other': 4.553458347800188e-05, 'Sad': 0.0027618873864412308, 'Surprised': 0.0005165669717825949, 'Unknown': 7.102624658728018e-05}",It was really big.
MATT,02:12:45,02:12:50,Angry,"{'Angry': 0.968602180480957, 'Disgusted': 0.0010831417748704553, 'Fearful': 0.0004882698704022914, 'Happy': 0.0046827951446175575, 'Neutral': 0.023936837911605835, 'Other': 2.685760955500882e-05, 'Sad': 0.0008767660474404693, 'Surprised': 0.00020571411005221307, 'Unknown': 9.743776899995282e-05}","""What else did you encounter?"""
LAURA,02:12:50,02:12:51,Angry,"{'Angry': 0.9243993759155273, 'Disgusted': 0.007202642038464546, 'Fearful': 0.007908359169960022, 'Happy': 0.02217934839427471, 'Neutral': 0.0012982740299776196, 'Other': 0.032641660422086716, 'Sad': 0.002671874361112714, 'Surprised': 0.0009845882887020707, 'Unknown': 0.0007139421068131924}",Illithid.
SAM,02:12:51,02:12:55,Neutral,"{'Angry': 7.485355126846116e-07, 'Disgusted': 2.3074390753663465e-07, 'Fearful': 1.849375763640637e-08, 'Happy': 3.3467849789303727e-06, 'Neutral': 0.9999954700469971, 'Other': 3.904821710420947e-08, 'Sad': 1.5697327171437792e-07, 'Surprised': 1.7134000884766465e-08, 'Unknown': 1.3547695232318802e-07}",Lots of illithid. A whole city of illithid.
MATT,02:12:55,02:12:57,Happy,"{'Angry': 0.008369820192456245, 'Disgusted': 0.005239632911980152, 'Fearful': 0.0003494728007353842, 'Happy': 0.9814231991767883, 'Neutral': 0.002197335008531809, 'Other': 0.0002362390368944034, 'Sad': 0.00034429418155923486, 'Surprised': 7.44032149668783e-05, 'Unknown': 0.0017656116979196668}","""A whole city of illithid?"""
LAURA,02:12:57,02:13:01,Angry,"{'Angry': 0.9768654108047485, 'Disgusted': 0.008913307450711727, 'Fearful': 0.0007837809971533716, 'Happy': 0.001821389771066606, 'Neutral': 0.007810269948095083, 'Other': 0.0002968659100588411, 'Sad': 0.00101901451125741, 'Surprised': 6.737159856129438e-05, 'Unknown': 0.0024225597735494375}",We destroyed half of an elder brain-- Part of an elder brain.
TRAVIS,02:13:01,02:13:03,Surprised,"{'Angry': 0.09135433286428452, 'Disgusted': 5.825734479003586e-05, 'Fearful': 2.2666265067528002e-05, 'Happy': 0.23296748101711273, 'Neutral': 0.00015871897630859166, 'Other': 8.785852514847647e-06, 'Sad': 0.00012081510794814676, 'Surprised': 0.6753068566322327, 'Unknown': 1.9632120711321477e-06}",And there were all these dark--
LAURA,02:13:03,02:13:08,Happy,"{'Angry': 5.827394033985911e-06, 'Disgusted': 6.531789495056728e-06, 'Fearful': 2.3774690305344848e-07, 'Happy': 0.9999234676361084, 'Neutral': 5.542751750908792e-05, 'Other': 1.926252252815175e-06, 'Sad': 6.397995662155154e-07, 'Surprised': 1.3655156294589688e-07, 'Unknown': 5.829751444252906e-06}",Dwarves! There were dark dwarves. Duergar.
SAM,02:13:08,02:13:19,Happy,"{'Angry': 0.0110891442745924, 'Disgusted': 0.0004191847110632807, 'Fearful': 5.931081250309944e-05, 'Happy': 0.9651437997817993, 'Neutral': 0.021272413432598114, 'Other': 0.0004424790677148849, 'Sad': 0.00032143673161044717, 'Surprised': 9.20809088711394e-06, 'Unknown': 0.0012430389178916812}","They were mind controlled. It was crazy, we're not just making this up. It really happened."
TRAVIS,02:13:19,02:13:23,Neutral,"{'Angry': 5.042447015490836e-11, 'Disgusted': 1.5565296447583865e-12, 'Fearful': 4.1200056604198676e-13, 'Happy': 3.618206081967834e-11, 'Neutral': 1.0, 'Other': 4.007757057537635e-14, 'Sad': 3.438787796183895e-11, 'Surprised': 6.9272873028103366e-12, 'Unknown': 5.217879622300414e-13}",There were these wrinkled testicles that were walking around on feet.
LAURA,02:13:23,02:13:26,Neutral,"{'Angry': 0.0008929694886319339, 'Disgusted': 0.004251332487910986, 'Fearful': 0.0015312227187678218, 'Happy': 0.016531549394130707, 'Neutral': 0.8851830363273621, 'Other': 0.0029699213337153196, 'Sad': 0.0032462000381201506, 'Surprised': 4.3216630729148164e-05, 'Unknown': 0.08535048365592957}",He almost died! Just from this one little brain.
TRAVIS,02:13:26,02:13:34,Happy,"{'Angry': 1.6121309842631604e-10, 'Disgusted': 7.642104171701192e-10, 'Fearful': 4.3429845830722513e-10, 'Happy': 1.0, 'Neutral': 1.0307316111735076e-09, 'Other': 5.81528103449358e-10, 'Sad': 1.2615836153528903e-09, 'Surprised': 5.799419278140761e-10, 'Unknown': 7.357993658807516e-10}","Strange thing. If you're stupid, and it looks at you with its wrinkled testicle face? You go unconscious."
MATT,02:13:34,02:13:38,Neutral,"{'Angry': 7.974204891070258e-06, 'Disgusted': 1.7256688806810416e-05, 'Fearful': 1.3654655049322173e-05, 'Happy': 0.00015710096340626478, 'Neutral': 0.999480664730072, 'Other': 1.5063097634993028e-05, 'Sad': 6.199970084708184e-05, 'Surprised': 3.7876822034377255e-07, 'Unknown': 0.0002458817034494132}","""I know the creatures you speak of. I've dealt with my share of duergar, though--"""
ORION,02:13:38,02:13:41,Happy,"{'Angry': 9.156642805097093e-11, 'Disgusted': 2.1069387901029302e-10, 'Fearful': 5.2935683614308005e-11, 'Happy': 1.0, 'Neutral': 9.860028349351069e-10, 'Other': 9.382300492077889e-11, 'Sad': 4.758731186882414e-10, 'Surprised': 1.9584180110943095e-10, 'Unknown': 5.118884829902193e-11}","I completely stayed away from it, because I was terrified."
MATT,02:13:41,02:13:43,Happy,"{'Angry': 2.6962001520303147e-09, 'Disgusted': 6.5388983117031785e-09, 'Fearful': 1.5933588892735884e-09, 'Happy': 1.0, 'Neutral': 1.0250113646748105e-08, 'Other': 3.5268790110620785e-09, 'Sad': 4.197309610987077e-09, 'Surprised': 6.87751988692753e-09, 'Unknown': 2.1807939898366158e-09}",Make a persuasion check.
LIAM,02:13:43,02:13:46,Happy,"{'Angry': 4.655723273572221e-08, 'Disgusted': 2.6464604729881103e-07, 'Fearful': 4.294480504540843e-08, 'Happy': 0.9999924898147583, 'Neutral': 5.628533472190611e-06, 'Other': 4.9239183397276065e-08, 'Sad': 1.2081602562830085e-07, 'Surprised': 2.6933335561807326e-08, 'Unknown': 1.3212606972956564e-06}",(singing) Roll high!
LAURA,02:13:46,02:13:50,Happy,"{'Angry': 1.7681024699900405e-10, 'Disgusted': 7.434482474089066e-10, 'Fearful': 3.084504873740457e-10, 'Happy': 1.0, 'Neutral': 1.8548163005505103e-09, 'Other': 2.3179200225875718e-10, 'Sad': 1.1789345055746026e-09, 'Surprised': 3.3658320575113976e-10, 'Unknown': 8.593150080393741e-10}",Are we all rolling? Because we're all talking.
MATT,02:13:50,02:13:52,Neutral,"{'Angry': 1.0835282004961755e-08, 'Disgusted': 2.2375665764684527e-08, 'Fearful': 1.5489240112742664e-08, 'Happy': 8.993963973580321e-08, 'Neutral': 0.9999997615814209, 'Other': 8.002705165210955e-09, 'Sad': 7.978110261319671e-08, 'Surprised': 1.0383088167031929e-08, 'Unknown': 1.77654797539617e-08}",You were spearheading that part of the group.
LAURA,02:13:52,02:13:54,Neutral,"{'Angry': 3.9762690562383796e-07, 'Disgusted': 2.6052248358610086e-07, 'Fearful': 1.5140074083319632e-07, 'Happy': 5.488699116540374e-06, 'Neutral': 0.9999926090240479, 'Other': 2.8559595577348773e-08, 'Sad': 3.2880720368666516e-07, 'Surprised': 3.162767114872622e-08, 'Unknown': 6.713516427225841e-07}",I was? I thought Scanlan was.
MATT,02:13:54,02:13:55,Neutral,"{'Angry': 3.2520176318939775e-05, 'Disgusted': 2.9766926672891714e-05, 'Fearful': 1.4662382454844192e-05, 'Happy': 8.822298696031794e-05, 'Neutral': 0.9996517896652222, 'Other': 8.405023436353076e-06, 'Sad': 3.3909673220478e-05, 'Surprised': 7.077641157593462e-07, 'Unknown': 0.00013994300388731062}",Scanlan already made his roll.
TRAVIS,02:13:55,02:13:58,Neutral,"{'Angry': 8.173815402301443e-09, 'Disgusted': 8.778527238462175e-09, 'Fearful': 1.153334316938981e-09, 'Happy': 3.4709145779743267e-07, 'Neutral': 0.9999996423721313, 'Other': 2.416234989865984e-09, 'Sad': 5.079907694494068e-08, 'Surprised': 2.422510858579585e-09, 'Unknown': 4.7204022912694654e-09}",What about giving her advantage because I was talking about testicles?
MATT,02:13:58,02:14:01,Neutral,"{'Angry': 5.5585663025561893e-14, 'Disgusted': 1.9831616275382824e-15, 'Fearful': 3.254820449822399e-16, 'Happy': 6.530294696920763e-14, 'Neutral': 1.0, 'Other': 4.898549293858045e-16, 'Sad': 2.050151633745459e-13, 'Surprised': 2.8344712441432697e-14, 'Unknown': 1.4250434659003066e-15}",No testicle advantage on that roll. I'm sorry.
LIAM,02:14:01,02:14:05,Neutral,"{'Angry': 1.791656541172415e-05, 'Disgusted': 1.0659940926416311e-05, 'Fearful': 1.143083636634401e-06, 'Happy': 0.004249949939548969, 'Neutral': 0.9956529140472412, 'Other': 1.6668282114551403e-05, 'Sad': 8.396531484322622e-06, 'Surprised': 1.4292512560132309e-06, 'Unknown': 4.08980376960244e-05}",In what circumstance would testicle advantage come into play?
SAM,02:14:05,02:14:07,Neutral,"{'Angry': 3.393326064582425e-09, 'Disgusted': 8.108116955618527e-10, 'Fearful': 2.0872395478654937e-10, 'Happy': 1.3150289746022281e-08, 'Neutral': 1.0, 'Other': 1.4647855151039835e-10, 'Sad': 7.671828505806388e-09, 'Surprised': 6.60126342477696e-10, 'Unknown': 1.5666169472794422e-09}",At Gilmore's.
LAURA,02:14:07,02:14:10,Neutral,"{'Angry': 1.0071988815890665e-12, 'Disgusted': 3.8418334675658847e-14, 'Fearful': 9.858497888480186e-15, 'Happy': 1.3376651132254724e-12, 'Neutral': 1.0, 'Other': 3.569966892903124e-15, 'Sad': 3.3852397881423135e-12, 'Surprised': 3.118853645397296e-13, 'Unknown': 2.3060795555584178e-14}",That would be 11.
MATT,02:14:10,02:14:45,Happy,"{'Angry': 0.00382837001234293, 'Disgusted': 0.07344385981559753, 'Fearful': 0.00034018888254649937, 'Happy': 0.728611171245575, 'Neutral': 0.16760841012001038, 'Other': 0.015640895813703537, 'Sad': 0.001188966678455472, 'Surprised': 0.002583862515166402, 'Unknown': 0.006754347123205662}","11? ""Looking at your number, I can see that you've certainly encountered some dangerous things in your travels, taken some losses. And I will say, since you've left, we haven't had at least one excursion interrupting our mine, which has been very helpful. The fact that you've returned with these tales-- I believe most of it. I'd say, given that circumstance, I'd be happy to pay you up to 18,000 gold pieces."""
SAM,02:14:45,02:14:49,Neutral,"{'Angry': 4.789695395857052e-08, 'Disgusted': 6.231609450679798e-09, 'Fearful': 4.825783661566163e-10, 'Happy': 1.819750821141497e-07, 'Neutral': 0.9999997615814209, 'Other': 4.382860185891957e-10, 'Sad': 1.7532137519538082e-08, 'Surprised': 2.714817926019464e-09, 'Unknown': 8.662626727051759e-10}",I am going to cast Suggestion on him.
LAURA,02:14:49,02:14:52,Neutral,"{'Angry': 2.584668035154891e-10, 'Disgusted': 3.426093436731392e-11, 'Fearful': 1.0855043426627464e-11, 'Happy': 8.15945255805417e-10, 'Neutral': 1.0, 'Other': 5.02752050060562e-12, 'Sad': 6.651629802512105e-10, 'Surprised': 4.076416287857043e-11, 'Unknown': 4.1073068557384573e-11}","18,000 gold in addition to the--"
TRAVIS,02:14:52,02:14:53,Neutral,"{'Angry': 0.000978732598014176, 'Disgusted': 4.3072199332527816e-05, 'Fearful': 3.1279305403586477e-06, 'Happy': 0.00010629002645146102, 'Neutral': 0.9986043572425842, 'Other': 8.931037882575765e-06, 'Sad': 0.00022394683037418872, 'Surprised': 1.1813160654128296e-06, 'Unknown': 3.030516381841153e-05}",He's casting.
LIAM,02:14:53,02:14:55,Neutral,"{'Angry': 6.973959743028502e-10, 'Disgusted': 5.148301229773722e-10, 'Fearful': 4.417438914661176e-10, 'Happy': 8.359375414102033e-09, 'Neutral': 1.0, 'Other': 1.1840900482340544e-10, 'Sad': 1.754384726382341e-08, 'Surprised': 4.751276039272057e-10, 'Unknown': 5.488214882554132e-10}",He's doing it!
MATT,02:14:55,02:14:59,Neutral,"{'Angry': 5.519208354232141e-12, 'Disgusted': 3.504488637218889e-13, 'Fearful': 1.067846847188289e-13, 'Happy': 7.589382247652487e-12, 'Neutral': 1.0, 'Other': 2.2516969910260816e-14, 'Sad': 1.634630972247031e-11, 'Surprised': 2.1307196458597577e-12, 'Unknown': 2.965825285014545e-13}",So what's the DC? You don't have your hand cone.
SAM,02:14:59,02:15:02,Neutral,"{'Angry': 9.580634241501684e-07, 'Disgusted': 8.689332844369346e-07, 'Fearful': 3.6824084759246034e-07, 'Happy': 1.2352081739663845e-06, 'Neutral': 0.9999932050704956, 'Other': 5.339173299034883e-07, 'Sad': 1.3524035011869273e-06, 'Surprised': 9.651021315448816e-08, 'Unknown': 1.4714358940182137e-06}",I don't have my hand cone out. 17.
MATT,02:15:02,02:15:05,Neutral,"{'Angry': 0.08870641142129898, 'Disgusted': 0.002038249047473073, 'Fearful': 6.829336052760482e-05, 'Happy': 0.00569653045386076, 'Neutral': 0.9027217030525208, 'Other': 0.00017267471412196755, 'Sad': 0.0002498229150660336, 'Surprised': 3.0373916160897352e-05, 'Unknown': 0.0003159984771627933}",Natural one.
LAURA,02:15:05,02:15:09,Neutral,"{'Angry': 4.806602191820275e-07, 'Disgusted': 5.600584813691967e-07, 'Fearful': 1.6056218044013804e-07, 'Happy': 1.9609467472037068e-06, 'Neutral': 0.9999914169311523, 'Other': 3.836849202798476e-07, 'Sad': 2.762152234936366e-06, 'Surprised': 1.0128638372464138e-08, 'Unknown': 2.2258805074670818e-06}",Money!
MATT,02:15:09,02:15:11,Neutral,"{'Angry': 1.0282608792211434e-10, 'Disgusted': 2.1760716492624788e-11, 'Fearful': 5.855309726660041e-12, 'Happy': 5.674375969100254e-10, 'Neutral': 1.0, 'Other': 3.314815652868952e-12, 'Sad': 7.004033464319548e-10, 'Surprised': 2.2279051867246658e-11, 'Unknown': 1.9195233944002688e-11}","All right, what are you suggesting?"
SAM,02:15:11,02:15:21,Neutral,"{'Angry': 3.6717413554043787e-09, 'Disgusted': 4.943542797342104e-10, 'Fearful': 1.4941486936592696e-10, 'Happy': 5.393259527863847e-08, 'Neutral': 1.0, 'Other': 1.810314953498704e-10, 'Sad': 8.360347969471604e-09, 'Surprised': 6.074586944571081e-10, 'Unknown': 2.971628498826817e-10}","I'm going to suggest to him that he is an honorable man and we had a deal. And that he should honor it, to the fullest extent of the word."
MATT,02:15:21,02:15:23,Neutral,"{'Angry': 0.1123918741941452, 'Disgusted': 0.047976963222026825, 'Fearful': 0.3128076493740082, 'Happy': 0.04139576107263565, 'Neutral': 0.45734697580337524, 'Other': 0.0013259928673505783, 'Sad': 0.00928591750562191, 'Surprised': 0.0015208383556455374, 'Unknown': 0.015948014333844185}",He looks about at the rest of you guys.
SAM,02:15:23,02:15:33,Happy,"{'Angry': 1.7884752878671861e-06, 'Disgusted': 9.1480505943764e-06, 'Fearful': 1.720835939522658e-06, 'Happy': 0.9998177886009216, 'Neutral': 5.319804768078029e-05, 'Other': 2.2762394564779243e-06, 'Sad': 4.3481272768985946e-06, 'Surprised': 6.233093330365591e-08, 'Unknown': 0.00010963227396132424}","I also, as a cantrip-- oh god, I hope it's not concentration. Forget it. I'm not going to."
MATT,02:15:33,02:16:07,Neutral,"{'Angry': 4.8275083827320486e-05, 'Disgusted': 1.2015299944323488e-05, 'Fearful': 1.234588467013964e-06, 'Happy': 0.04536119103431702, 'Neutral': 0.9544121623039246, 'Other': 2.0390918507473543e-05, 'Sad': 0.00012680083455052227, 'Surprised': 3.102145683442359e-06, 'Unknown': 1.4854826076771133e-05}","""The Greyspine name holds weight in this city, the last thing I want is that that be sullied by miscommunication. If we agreed to 25,000, I'll pay 25,000. But I hear a single disagreement out there, or a bad word that came from your lips about our exchange here, and I'm going to come for the rest of that money."""
TRAVIS,02:16:07,02:16:13,Neutral,"{'Angry': 3.6207365231022415e-13, 'Disgusted': 1.1478672863835058e-14, 'Fearful': 2.644668101322526e-15, 'Happy': 4.443442413060855e-13, 'Neutral': 1.0, 'Other': 1.485262743889759e-15, 'Sad': 1.34966159342359e-12, 'Surprised': 1.1740088068368237e-13, 'Unknown': 8.041392835086373e-15}","I hold up the duergar's severed arm, and I curl all the fingers in and make a thumbs-up like that."
MATT,02:16:13,02:16:46,Neutral,"{'Angry': 5.255494215816725e-06, 'Disgusted': 1.5536277260252973e-06, 'Fearful': 1.0903852398769232e-07, 'Happy': 8.644886293041054e-06, 'Neutral': 0.999975323677063, 'Other': 9.871853308140999e-07, 'Sad': 5.379713911679573e-06, 'Surprised': 2.5325259684905177e-06, 'Unknown': 2.3826176231978025e-07}","He looks back at you, very slowly, as you do this, with a tense stare. (laughs) ""All right, all right."" And he starts bringing up coin purse, after coin purse, after coin purse, counting it up as he does. It takes him about five minutes or so, and eventually he counts out, at your vision to improve it, 25,000 gold pieces and platinum pieces and pushes it across to you guys. You've retrieved that. No additional funds, as no scalps were collected, but you do get 25,000."
TRAVIS,02:16:46,02:16:47,Disgusted,"{'Angry': 0.004112291149795055, 'Disgusted': 0.7421131134033203, 'Fearful': 0.0004259083652868867, 'Happy': 0.005250098649412394, 'Neutral': 0.19843851029872894, 'Other': 0.009542957879602909, 'Sad': 0.00617322139441967, 'Surprised': 0.03345140069723129, 'Unknown': 0.0004924066015519202}",Do you want the--
MATT,02:16:47,02:16:50,Neutral,"{'Angry': 0.0074350833892822266, 'Disgusted': 0.27517104148864746, 'Fearful': 0.00015226191317196935, 'Happy': 0.03299567103385925, 'Neutral': 0.6302753686904907, 'Other': 0.037855591624975204, 'Sad': 0.0006975673022679985, 'Surprised': 0.00965948961675167, 'Unknown': 0.005757925566285849}","""You can hold onto that, thank you."""
TRAVIS,02:16:50,02:16:53,Happy,"{'Angry': 0.007570830639451742, 'Disgusted': 0.0194326750934124, 'Fearful': 0.008118083700537682, 'Happy': 0.7224199175834656, 'Neutral': 0.14506162703037262, 'Other': 0.006625299341976643, 'Sad': 0.02631158009171486, 'Surprised': 0.009724926203489304, 'Unknown': 0.05473510921001434}",You're very gracious.
LAURA,02:16:53,02:17:10,Neutral,"{'Angry': 4.09832150854994e-12, 'Disgusted': 2.6653115478558753e-13, 'Fearful': 8.068898197169383e-14, 'Happy': 8.734376069630123e-12, 'Neutral': 1.0, 'Other': 2.212630984465766e-14, 'Sad': 1.4247202376194146e-11, 'Surprised': 1.596358895766814e-12, 'Unknown': 1.4736103233926184e-13}","(singing) 25,000 gold in my hands right now. Thank you so much. This won't make up for the lost lives we have suffered, but-- (choking up) It helps."
MATT,02:17:10,02:17:22,Neutral,"{'Angry': 1.8226207885163603e-06, 'Disgusted': 3.868749899993418e-06, 'Fearful': 3.149856411255314e-07, 'Happy': 0.007503076456487179, 'Neutral': 0.9924276471138, 'Other': 7.736190127616283e-06, 'Sad': 1.8526061467127874e-05, 'Surprised': 7.82871012461328e-08, 'Unknown': 3.703253241837956e-05}","""I'm glad. And I'm sorry for your losses. Perhaps you'll be less stupid in the future."""
TRAVIS,02:17:22,02:17:24,Neutral,"{'Angry': 2.3734727833298053e-13, 'Disgusted': 8.790802694070773e-15, 'Fearful': 1.909961887269513e-15, 'Happy': 2.9878782282534433e-13, 'Neutral': 1.0, 'Other': 1.3916287572849533e-15, 'Sad': 9.630760815573791e-13, 'Surprised': 9.504440149406962e-14, 'Unknown': 6.5276877836189986e-15}",Probably not. We should go.
SAM,02:17:24,02:17:28,Happy,"{'Angry': 1.2160146980022546e-05, 'Disgusted': 5.0721711886581033e-05, 'Fearful': 2.2098827685113065e-05, 'Happy': 0.9976014494895935, 'Neutral': 0.0016785052139312029, 'Other': 3.105065843556076e-05, 'Sad': 5.763996159657836e-05, 'Surprised': 2.0547126041492447e-05, 'Unknown': 0.000525776413269341}",Remember the blood we spilled for your people and your safety.
LAURA,02:17:28,02:17:34,Neutral,"{'Angry': 5.915672118828041e-11, 'Disgusted': 7.517606329110471e-12, 'Fearful': 1.8085942899565e-12, 'Happy': 3.8849115591155226e-10, 'Neutral': 1.0, 'Other': 3.865798198048054e-13, 'Sad': 1.7290627263299996e-10, 'Surprised': 4.180415041910024e-11, 'Unknown': 5.980833775280636e-13}",Vox Machina! (laughter)
SAM,02:17:34,02:17:38,Neutral,"{'Angry': 2.661896536526598e-10, 'Disgusted': 4.827365590598376e-11, 'Fearful': 1.5871909689324504e-11, 'Happy': 5.503070887868944e-09, 'Neutral': 1.0, 'Other': 3.6170727871209785e-12, 'Sad': 1.4774182988119833e-09, 'Surprised': 1.17025486523481e-10, 'Unknown': 1.0316667659049372e-11}","Oh! I go to give him a business card, but then I realize I never got them printed so."
LAURA,02:17:38,02:17:42,Neutral,"{'Angry': 1.7040296951265077e-10, 'Disgusted': 1.956464330821195e-11, 'Fearful': 5.024625247124215e-12, 'Happy': 8.974901377634126e-10, 'Neutral': 1.0, 'Other': 2.7801487240824985e-12, 'Sad': 3.5811126286589e-10, 'Surprised': 3.2634259877761806e-11, 'Unknown': 9.183678990887234e-12}",Also! Gilmore's Glorious Goods! Great work.
SAM,02:17:42,02:17:48,Neutral,"{'Angry': 8.75390558652267e-12, 'Disgusted': 5.603789459372732e-13, 'Fearful': 1.3842654236415064e-13, 'Happy': 1.3940544031643132e-11, 'Neutral': 1.0, 'Other': 5.927251284188959e-14, 'Sad': 2.6597281668760964e-11, 'Surprised': 3.013221616665618e-12, 'Unknown': 2.69665745896569e-13}","Yes, Gilmore's! If you're ever overdark, come check it out. It's a great store."
MATT,02:17:48,02:17:55,Neutral,"{'Angry': 0.00010365631169406697, 'Disgusted': 0.00011470624303910881, 'Fearful': 2.8058602765668184e-05, 'Happy': 0.0007547137211076915, 'Neutral': 0.9978557229042053, 'Other': 7.773323159199208e-05, 'Sad': 5.51642406207975e-05, 'Surprised': 1.884659354800533e-06, 'Unknown': 0.0010083089582622051}","Like an unexpected web pop-up, he gives you an expression of: where is this coming from? ""Get out! Get out of my office!"""
TRAVIS,02:17:55,02:18:01,Neutral,"{'Angry': 0.00025703024584800005, 'Disgusted': 0.00039375555934384465, 'Fearful': 0.0003186914836987853, 'Happy': 0.0476280078291893, 'Neutral': 0.9222546815872192, 'Other': 0.0007277376134879887, 'Sad': 0.006661357823759317, 'Surprised': 3.934751475753728e-06, 'Unknown': 0.021754812449216843}","Tiberius, how do we get out of here quickly?"
ORION,02:18:01,02:18:04,Neutral,"{'Angry': 2.7351047648949134e-08, 'Disgusted': 5.243039336022548e-09, 'Fearful': 5.651498158343315e-10, 'Happy': 2.515861012852838e-07, 'Neutral': 0.9999997615814209, 'Other': 4.5545511806466266e-10, 'Sad': 1.281143102715987e-08, 'Surprised': 5.4215565370441254e-09, 'Unknown': 3.123024616691339e-10}",I start going back to the chamber and I'll do the spell again.
SAM,02:18:04,02:18:07,Happy,"{'Angry': 6.862544523755787e-07, 'Disgusted': 1.8979271771968342e-06, 'Fearful': 8.930710464483127e-06, 'Happy': 0.9999639987945557, 'Neutral': 2.664638032001676e-06, 'Other': 7.749896440145676e-07, 'Sad': 1.8569620806374587e-05, 'Surprised': 1.9946694465033943e-06, 'Unknown': 4.941774136568711e-07}",Can you do it again? Don't you have to rest?
MATT,02:18:07,02:18:10,Neutral,"{'Angry': 4.362563643667272e-09, 'Disgusted': 3.0775133552651823e-09, 'Fearful': 4.893148664031344e-10, 'Happy': 4.516881446647858e-08, 'Neutral': 1.0, 'Other': 3.186875763283581e-10, 'Sad': 1.1077520234437088e-08, 'Surprised': 1.9302053289038668e-09, 'Unknown': 2.0286555768578296e-10}",You can do it twice? 6th-level spell twice?
ORION,02:18:10,02:18:12,Neutral,"{'Angry': 0.0013526991242542863, 'Disgusted': 0.0012310241581872106, 'Fearful': 0.0006265360862016678, 'Happy': 0.005891402717679739, 'Neutral': 0.9875614643096924, 'Other': 0.0003069962258450687, 'Sad': 0.0011131770443171263, 'Surprised': 0.00037476615398190916, 'Unknown': 0.001541868899948895}",No it's a 5th-level spell.
MATT,02:18:12,02:18:14,Happy,"{'Angry': 0.06120402738451958, 'Disgusted': 0.02329091541469097, 'Fearful': 0.04006701335310936, 'Happy': 0.7658456563949585, 'Neutral': 0.05862371623516083, 'Other': 0.0012476472184062004, 'Sad': 0.0023592461366206408, 'Surprised': 0.016623612493276596, 'Unknown': 0.03073805756866932}",What? The teleportation?
ORION,02:18:14,02:18:15,Happy,"{'Angry': 0.004594145808368921, 'Disgusted': 0.031594373285770416, 'Fearful': 0.0006175420130603015, 'Happy': 0.8270378112792969, 'Neutral': 0.1303505301475525, 'Other': 0.0003872012021020055, 'Sad': 0.0033877305686473846, 'Surprised': 0.0019222336122766137, 'Unknown': 0.00010842391930054873}","Yeah, it's a 5th-level spell."
MATT,02:18:15,02:18:17,Neutral,"{'Angry': 7.730160177743528e-06, 'Disgusted': 5.5510157835669816e-05, 'Fearful': 5.380418951972388e-05, 'Happy': 4.856160740018822e-05, 'Neutral': 0.9984914064407349, 'Other': 1.0651903721736744e-05, 'Sad': 0.0008701661718077958, 'Surprised': 3.5994085578749946e-07, 'Unknown': 0.0004616831720340997}",I think it is. You're right.
ORION,02:18:17,02:18:26,Neutral,"{'Angry': 1.1219997759326361e-05, 'Disgusted': 1.3856380064680707e-05, 'Fearful': 5.254952611721819e-06, 'Happy': 9.727014003146905e-06, 'Neutral': 0.9999046325683594, 'Other': 2.2912228814675473e-05, 'Sad': 1.1488044037832879e-05, 'Surprised': 1.9490016711642966e-06, 'Unknown': 1.9058739781030454e-05}","Yes, very well. And then we'll go back to-- I'll choose Emon."
LIAM,02:18:26,02:18:48,Neutral,"{'Angry': 2.6606369374349015e-07, 'Disgusted': 4.226743754998097e-08, 'Fearful': 2.2140628885836122e-08, 'Happy': 1.89851618870307e-07, 'Neutral': 0.9999991655349731, 'Other': 2.0065351602482906e-09, 'Sad': 1.5950560339206277e-07, 'Surprised': 1.339196558092226e-07, 'Unknown': 4.739885151039402e-10}","Excuse me? As soon as they left, Trinket and I, we left, and I went to the nearest shop and bought a lot of pink ribbon, and I have been furiously tying bows all through Trinket's hair, the entire time they've been gone."
MARISHA,02:18:48,02:18:55,Neutral,"{'Angry': 1.964479906746419e-06, 'Disgusted': 9.144891009782441e-06, 'Fearful': 2.552846467551717e-07, 'Happy': 2.2125698251329595e-06, 'Neutral': 0.9999758005142212, 'Other': 3.115355866611935e-06, 'Sad': 2.5773299512366066e-06, 'Surprised': 2.2879335404013545e-07, 'Unknown': 4.759233888762537e-06}","Actually I'll help with that campaign. I do some braids, and add some flowers."
LIAM,02:18:55,02:19:07,Neutral,"{'Angry': 6.880868704678411e-12, 'Disgusted': 4.504884692276695e-13, 'Fearful': 1.3415070649388378e-13, 'Happy': 1.2511010456794924e-11, 'Neutral': 1.0, 'Other': 1.638364669083979e-14, 'Sad': 1.4304982545731981e-11, 'Surprised': 2.238578463223395e-12, 'Unknown': 2.925419238450355e-13}","Keyleth has been weaving flowers in, and I have been knotting braids. Started at the head, and then worked all the way down Trinket's back and down the tail. The entire time. Feverishly."
TALIESIN,02:19:07,02:19:11,Neutral,"{'Angry': 1.7062566637360277e-11, 'Disgusted': 2.4547644732891838e-12, 'Fearful': 6.027948864888166e-13, 'Happy': 2.99690480765058e-11, 'Neutral': 1.0, 'Other': 2.5110309339639036e-13, 'Sad': 7.768474058478247e-11, 'Surprised': 5.222352932043872e-12, 'Unknown': 1.3028208069656988e-12}","I come up for lunch. Keyleth, can I borrow you for a-- what in good god?!"
MARISHA,02:19:11,02:19:17,Neutral,"{'Angry': 7.763848591801903e-12, 'Disgusted': 6.246854704523852e-13, 'Fearful': 1.9879052830934496e-13, 'Happy': 1.0799821106854957e-11, 'Neutral': 1.0, 'Other': 6.291188137932599e-14, 'Sad': 3.421150168714249e-11, 'Surprised': 4.556659303350807e-12, 'Unknown': 2.0497957443823406e-13}",Is it important? Do you need me right now? This is pretty important.
TALIESIN,02:19:17,02:19:19,Neutral,"{'Angry': 1.441988570149988e-05, 'Disgusted': 1.6196456272155046e-05, 'Fearful': 9.445813702768646e-06, 'Happy': 0.0017167157493531704, 'Neutral': 0.998056173324585, 'Other': 1.3107186532579362e-05, 'Sad': 4.794222331838682e-05, 'Surprised': 5.012463589082472e-06, 'Unknown': 0.00012109416275052354}",Is Trinket comfortable with this?
MARISHA,02:19:19,02:19:25,Happy,"{'Angry': 4.954375185661775e-07, 'Disgusted': 5.183045232115546e-06, 'Fearful': 7.206212103483267e-06, 'Happy': 0.999962329864502, 'Neutral': 9.37022105063079e-06, 'Other': 1.2820802339774673e-06, 'Sad': 4.208910013403511e-06, 'Surprised': 2.8288291105127428e-06, 'Unknown': 7.067471869959263e-06}","He's so comfortable! Look, I gave him plenty of treats, he doesn't even know what's happening."
MATT,02:19:25,02:19:34,Neutral,"{'Angry': 4.546835591411405e-14, 'Disgusted': 1.9292644975880176e-15, 'Fearful': 2.956715939063517e-16, 'Happy': 6.218913188235642e-14, 'Neutral': 1.0, 'Other': 5.159157508926552e-16, 'Sad': 1.4160844534743394e-13, 'Surprised': 3.061358675240933e-14, 'Unknown': 1.485517806686001e-15}","(sad bear noises) This mournful low, guttural groan. You're pretty sure it translates to, ""Why?"""
LIAM,02:19:34,02:19:37,Neutral,"{'Angry': 3.1951298495869196e-08, 'Disgusted': 2.5623203114832904e-08, 'Fearful': 2.2195090210175294e-08, 'Happy': 4.089005756213737e-07, 'Neutral': 0.9999992847442627, 'Other': 7.722000816556829e-09, 'Sad': 1.0530759197990847e-07, 'Surprised': 3.4024161266188457e-09, 'Unknown': 1.309678339111997e-07}",I feed him a piece of chocolate at that moment.
LAURA,02:19:37,02:19:39,Neutral,"{'Angry': 1.604258415000004e-08, 'Disgusted': 6.232299565311905e-09, 'Fearful': 1.234297219987468e-09, 'Happy': 6.790270390411024e-08, 'Neutral': 0.9999998807907104, 'Other': 1.9561749997620836e-09, 'Sad': 3.27986064974084e-08, 'Surprised': 8.993715772120936e-10, 'Unknown': 1.81163937185147e-08}",Don't give him chocolate!
MATT,02:19:39,02:19:41,Neutral,"{'Angry': 0.00013554361066780984, 'Disgusted': 0.0002043521380983293, 'Fearful': 0.00018363763228990138, 'Happy': 0.0015682295197620988, 'Neutral': 0.9949312806129456, 'Other': 7.767375791445374e-05, 'Sad': 0.00010425367509014904, 'Surprised': 4.813823125005001e-06, 'Unknown': 0.002790251048281789}",He licks it off.
TALIESIN,02:19:41,02:19:46,Angry,"{'Angry': 0.5165018439292908, 'Disgusted': 0.04670551419258118, 'Fearful': 0.004916320089250803, 'Happy': 0.038343220949172974, 'Neutral': 0.22520896792411804, 'Other': 0.0072273495607078075, 'Sad': 0.004197402391582727, 'Surprised': 2.960546044050716e-05, 'Unknown': 0.1568697839975357}","Keyleth, can I borrow you? When you have a moment."
MARISHA,02:19:46,02:19:52,Neutral,"{'Angry': 0.005200104787945747, 'Disgusted': 0.009349054656922817, 'Fearful': 0.0004792283580172807, 'Happy': 0.0006269407458603382, 'Neutral': 0.9781098961830139, 'Other': 0.00021856957755517215, 'Sad': 0.0012012417428195477, 'Surprised': 4.536292635748396e-06, 'Unknown': 0.004810423590242863}",Ten more minutes. I'll be down in ten minutes.
MATT,02:19:52,02:19:56,Neutral,"{'Angry': 1.7492632342630543e-11, 'Disgusted': 1.369170185214208e-12, 'Fearful': 4.4420695420599454e-13, 'Happy': 3.048869837152246e-11, 'Neutral': 1.0, 'Other': 8.665932419360187e-14, 'Sad': 5.3493105778290584e-11, 'Surprised': 7.782618299811972e-12, 'Unknown': 4.488725472047428e-13}",It takes about ten minutes before the keep doors open and the rest of your party returns.
MARISHA,02:19:56,02:19:58,Neutral,"{'Angry': 4.3437077579255856e-07, 'Disgusted': 5.666668698722788e-07, 'Fearful': 1.2320296036705258e-06, 'Happy': 0.00012986334331799299, 'Neutral': 0.9998112320899963, 'Other': 1.3421902167465305e-06, 'Sad': 5.0166472647106275e-05, 'Surprised': 2.566177386142954e-07, 'Unknown': 4.9436662266089115e-06}",And I run downstairs really fast.
LIAM,02:19:58,02:20:12,Angry,"{'Angry': 0.999882698059082, 'Disgusted': 1.9290725958853727e-06, 'Fearful': 1.4728076394021627e-06, 'Happy': 2.5861416361294687e-05, 'Neutral': 7.789165829308331e-05, 'Other': 6.16685724708077e-07, 'Sad': 5.746277111029485e-06, 'Surprised': 3.5133152778143995e-06, 'Unknown': 2.0557533275677997e-07}","Side note, I let Trinket give me bear-kisses all over my face. Vex never lets Trinket kiss her face, and it's so sad, and I let him just drool all over my face everywhere."
TALIESIN,02:20:12,02:20:17,Neutral,"{'Angry': 7.419425074317587e-09, 'Disgusted': 3.7152215526248256e-08, 'Fearful': 1.2970335028228419e-08, 'Happy': 1.1419872407714138e-06, 'Neutral': 0.9999977350234985, 'Other': 2.741251670101974e-08, 'Sad': 9.248712444787088e-07, 'Surprised': 7.2318955268713125e-09, 'Unknown': 5.551937576342425e-08}",I feel like we're playing out some real-world psychodrama here.
ORION,02:20:17,02:20:48,Happy,"{'Angry': 0.012269464321434498, 'Disgusted': 0.003863951424136758, 'Fearful': 0.00017893312906380743, 'Happy': 0.9740421772003174, 'Neutral': 0.002785394201055169, 'Other': 0.001693577622063458, 'Sad': 0.0014647456118837, 'Surprised': 7.394900603685528e-05, 'Unknown': 0.0036278842017054558}","As this is going on, I want to turn to Scanlan and go, Gnome. I have an idea that I want to run by you. No, your name's Scanlan. Okay. I was going to go and do this, just on a whim as I usually do, but I was thinking that we should speak to Allura, and I don't think I should speak to her alone."
SAM,02:20:48,02:20:53,Neutral,"{'Angry': 7.311989902447635e-11, 'Disgusted': 2.807502667845352e-11, 'Fearful': 4.408748106171645e-12, 'Happy': 6.803951152489773e-11, 'Neutral': 1.0, 'Other': 1.4830796096418353e-12, 'Sad': 6.005648756080006e-10, 'Surprised': 1.2371746682671159e-10, 'Unknown': 1.0790981823383117e-12}",I'm sorry. I must be asleep. Are you planning something? Ahead of time.
ORION,02:20:53,02:20:54,Neutral,"{'Angry': 0.00085256906459108, 'Disgusted': 0.0010150789748877287, 'Fearful': 0.00033764069667086005, 'Happy': 0.037834201008081436, 'Neutral': 0.868044912815094, 'Other': 8.569022611482069e-05, 'Sad': 0.0019839154556393623, 'Surprised': 0.08980400860309601, 'Unknown': 4.1982428228948265e-05}",Yes.
SAM,02:20:54,02:20:57,Neutral,"{'Angry': 1.7884529968092977e-10, 'Disgusted': 4.165197353689365e-11, 'Fearful': 6.384565185563185e-12, 'Happy': 2.6118751605963553e-10, 'Neutral': 1.0, 'Other': 5.521651278567186e-12, 'Sad': 9.0731627766516e-10, 'Surprised': 2.857687350643623e-11, 'Unknown': 2.1010906556262476e-11}",Wow. That's amazing!
ORION,02:20:57,02:21:08,Neutral,"{'Angry': 2.4981688592773388e-11, 'Disgusted': 2.971545752517013e-12, 'Fearful': 1.0154722115268688e-12, 'Happy': 2.719969249831422e-10, 'Neutral': 1.0, 'Other': 2.523432580513879e-13, 'Sad': 1.1678176481400016e-10, 'Surprised': 1.8402888588009425e-11, 'Unknown': 4.286735625757404e-13}","You know. Like I told Vax, you just have to chill out sometimes, and I'm like, well, maybe I should run it by the man with the mouth."
SAM,02:21:08,02:21:21,Neutral,"{'Angry': 1.5614499204730237e-07, 'Disgusted': 1.370442248571635e-08, 'Fearful': 5.615116704937861e-10, 'Happy': 0.005747105926275253, 'Neutral': 0.9942522644996643, 'Other': 2.9590149774882946e-10, 'Sad': 4.519639844602352e-07, 'Surprised': 3.758477973292429e-08, 'Unknown': 3.3531627474658876e-10}","Well, you've come to the right place. I do have quite a mouth. Yes, let's go talk to her. Wait, she's the woman you fancy quite a bit, isn't that true?"
ORION,02:21:21,02:21:26,Neutral,"{'Angry': 3.386223212942241e-08, 'Disgusted': 1.1371785291203196e-07, 'Fearful': 1.6381640932650043e-08, 'Happy': 7.502641352630235e-08, 'Neutral': 0.9999984502792358, 'Other': 1.1108676289950381e-07, 'Sad': 1.064116986526642e-06, 'Surprised': 1.7141310593160597e-08, 'Unknown': 3.605990883670529e-08}",Yes. This is more business rather than denied pleasure.
SAM,02:21:26,02:21:28,Neutral,"{'Angry': 1.6762161976657808e-05, 'Disgusted': 7.932963853818364e-06, 'Fearful': 9.356394002679735e-06, 'Happy': 0.0008754024747759104, 'Neutral': 0.9987066984176636, 'Other': 3.6958858800062444e-06, 'Sad': 4.644031650968827e-05, 'Surprised': 0.0003320812538731843, 'Unknown': 1.6158699054358294e-06}",What do you want to speak with her about?
ORION,02:21:28,02:21:43,Neutral,"{'Angry': 3.5654928987570444e-13, 'Disgusted': 1.630739000866438e-14, 'Fearful': 3.91647663668007e-15, 'Happy': 5.062052122958849e-13, 'Neutral': 1.0, 'Other': 2.339661066136909e-15, 'Sad': 1.3042728789353086e-12, 'Surprised': 1.798263821921678e-13, 'Unknown': 1.2608104901638047e-14}","Well, as far as I see it, there's no other way to get our carpet reenchanted. I want to confess what we did to her, and hopefully she takes mercy and helps us out with this, as we've helped her out far beyond anything that--"
MATT,02:21:43,02:22:01,Neutral,"{'Angry': 7.153497846162926e-12, 'Disgusted': 3.7339968898993103e-13, 'Fearful': 1.0699467435084861e-13, 'Happy': 9.07607929784282e-12, 'Neutral': 1.0, 'Other': 2.9496726377609486e-14, 'Sad': 1.4282517876718082e-11, 'Surprised': 2.0569559510547064e-12, 'Unknown': 3.116278936288186e-13}","At this point in the discussion, you guys all look up and see, sitting in the center of the main foyer area of Greyskull, a very mighty bear, brought down low, sitting covered in pink ribbons, looking forward, going (distressed bear noises)"
SAM,02:22:01,02:22:03,Neutral,"{'Angry': 2.8735527735079813e-08, 'Disgusted': 3.2648930670120535e-08, 'Fearful': 1.1996302839989426e-09, 'Happy': 2.5567072015064696e-08, 'Neutral': 0.9999997615814209, 'Other': 6.013628262024895e-09, 'Sad': 1.750047289306167e-07, 'Surprised': 3.41940431525245e-09, 'Unknown': 2.9190814210267035e-09}",See? I told you it was a girl!
LAURA,02:22:03,02:22:07,Neutral,"{'Angry': 1.0454471489895756e-12, 'Disgusted': 3.811550684448828e-14, 'Fearful': 9.95349771571244e-15, 'Happy': 1.295266194648037e-12, 'Neutral': 1.0, 'Other': 3.6384897407536285e-15, 'Sad': 3.435173803398306e-12, 'Surprised': 3.1067599122643064e-13, 'Unknown': 2.539262982553022e-14}",Trinket! You look so cute.
MARISHA,02:22:07,02:22:09,Neutral,"{'Angry': 1.0051690878754016e-05, 'Disgusted': 5.67761053389404e-05, 'Fearful': 4.99011657666415e-05, 'Happy': 8.589913704781793e-06, 'Neutral': 0.999329686164856, 'Other': 1.2125086641390226e-06, 'Sad': 0.000532013364136219, 'Surprised': 4.108673863356671e-07, 'Unknown': 1.1402229574741796e-05}","Oh, I knew she'd love it!"
LAURA,02:22:09,02:22:19,Neutral,"{'Angry': 7.223084299732771e-14, 'Disgusted': 2.8058855762393316e-15, 'Fearful': 4.568720487548733e-16, 'Happy': 9.952136364359612e-14, 'Neutral': 1.0, 'Other': 5.997731773411334e-16, 'Sad': 2.287964468491305e-13, 'Surprised': 4.079661345616874e-14, 'Unknown': 2.0235801339571263e-15}","We need to get these off of you immediately. But you look really, really cute. And I scratch his little ears. How dare--"
MATT,02:22:19,02:22:25,Neutral,"{'Angry': 2.130995033211569e-13, 'Disgusted': 6.548438820277308e-15, 'Fearful': 1.3558494503182212e-15, 'Happy': 2.5708921753617164e-13, 'Neutral': 1.0, 'Other': 8.142356727179362e-16, 'Sad': 7.114821427324503e-13, 'Surprised': 7.831452500384195e-14, 'Unknown': 3.858199499359553e-15}","You look over, too, there are traces of chocolate smears across the face of Vax."
ORION,02:22:25,02:22:37,Neutral,"{'Angry': 4.1592844755378514e-14, 'Disgusted': 1.7636653212350657e-15, 'Fearful': 2.575197476543603e-16, 'Happy': 5.758174021147991e-14, 'Neutral': 1.0, 'Other': 5.163902481617952e-16, 'Sad': 1.3706352405048333e-13, 'Surprised': 2.6235730845843366e-14, 'Unknown': 1.4452444605384928e-15}","Vex. No, Vex. Yes. Stand over-- and I use my Still Image and take a little spell of her--"
TALIESIN,02:22:37,02:22:39,Neutral,"{'Angry': 7.298515958265028e-11, 'Disgusted': 1.142345332910688e-11, 'Fearful': 5.574667897439989e-12, 'Happy': 2.0120394239597772e-10, 'Neutral': 1.0, 'Other': 9.406570574549411e-13, 'Sad': 5.234544464549629e-10, 'Surprised': 2.3403399010413217e-11, 'Unknown': 3.3274784837222793e-12}",Say it. Staffie. Just say staffie.
ORION,02:22:39,02:22:42,Neutral,"{'Angry': 4.8078669517837014e-11, 'Disgusted': 1.6030570967884294e-11, 'Fearful': 3.929577149786034e-12, 'Happy': 1.603171068120801e-10, 'Neutral': 1.0, 'Other': 1.0209878732389543e-12, 'Sad': 5.723289620007677e-10, 'Surprised': 3.187360445022769e-11, 'Unknown': 4.319156143850478e-12}","No, but it's of her, it's a youie."
TRAVIS,02:22:42,02:22:45,Neutral,"{'Angry': 6.860970458433258e-09, 'Disgusted': 1.0669250372075112e-08, 'Fearful': 3.4034823848116957e-09, 'Happy': 3.548519700302677e-08, 'Neutral': 0.9999997615814209, 'Other': 2.977075475030233e-09, 'Sad': 1.8854090910735977e-07, 'Surprised': 9.946860002330027e-10, 'Unknown': 8.322083466794084e-09}",But it's with your staff.
LIAM,02:22:45,02:22:49,Neutral,"{'Angry': 7.672391194590844e-11, 'Disgusted': 7.61927500259052e-12, 'Fearful': 1.5853989128455925e-12, 'Happy': 1.4701735662203674e-10, 'Neutral': 1.0, 'Other': 8.893213314202508e-13, 'Sad': 2.0072249418134902e-10, 'Surprised': 2.110408722777457e-11, 'Unknown': 2.367149228368892e-12}",What is the piece of art immortalized upon? A piece of wood?
ORION,02:22:49,02:22:53,Neutral,"{'Angry': 1.2448299769457494e-13, 'Disgusted': 3.7945894426031235e-15, 'Fearful': 7.893498976671641e-16, 'Happy': 1.3887373510271944e-13, 'Neutral': 1.0, 'Other': 5.965057477470999e-16, 'Sad': 4.3842428060388017e-13, 'Surprised': 5.299813661389409e-14, 'Unknown': 2.25380135968024e-15}","Oh. And I open my Scroll of Telescription, I'm like, see?"
LAURA,02:22:53,02:23:02,Neutral,"{'Angry': 7.558701581311666e-11, 'Disgusted': 2.157363003518764e-11, 'Fearful': 4.572025050220141e-12, 'Happy': 2.02087777068094e-10, 'Neutral': 1.0, 'Other': 5.546678567835972e-12, 'Sad': 4.1773565162550597e-10, 'Surprised': 3.687627633808255e-11, 'Unknown': 1.7845743979783002e-11}","Oh look, now I can remember this moment forever. Thank you. Trinket, let's go get you a bath."
TRAVIS,02:23:02,02:23:04,Neutral,"{'Angry': 1.2766461622959469e-05, 'Disgusted': 0.006754337344318628, 'Fearful': 2.5650499082985334e-05, 'Happy': 6.953736010473222e-05, 'Neutral': 0.9894437789916992, 'Other': 0.0006077862926758826, 'Sad': 0.001637085573747754, 'Surprised': 3.2048985758592607e-06, 'Unknown': 0.0014458297519013286}",We got so much money.
LAURA,02:23:04,02:23:08,Neutral,"{'Angry': 6.793605391783308e-14, 'Disgusted': 2.549530631236344e-15, 'Fearful': 3.983480542697911e-16, 'Happy': 8.716708995229472e-14, 'Neutral': 1.0, 'Other': 6.073016061763296e-16, 'Sad': 2.1050277135541834e-13, 'Surprised': 3.5133076732151575e-14, 'Unknown': 2.0089357813320467e-15}",I go and put it in the party funds. We got our gold.
SAM,02:23:08,02:23:11,Neutral,"{'Angry': 6.127383045395618e-08, 'Disgusted': 2.990329051044682e-08, 'Fearful': 1.247774950030589e-08, 'Happy': 3.469412774848024e-07, 'Neutral': 0.9999990463256836, 'Other': 1.5728049973517955e-08, 'Sad': 3.7109865047568746e-07, 'Surprised': 4.1783425608343805e-09, 'Unknown': 1.5663735553061997e-07}",Good job. We can pay back Gilmore.
LIAM,02:23:11,02:23:18,Neutral,"{'Angry': 2.5858093877922927e-12, 'Disgusted': 1.7868614031989194e-13, 'Fearful': 5.8951860049377e-14, 'Happy': 4.746452363091347e-12, 'Neutral': 1.0, 'Other': 1.7450616825046353e-14, 'Sad': 1.559987035382182e-11, 'Surprised': 1.156712312738728e-12, 'Unknown': 8.026135230607481e-14}",For my share? Just my share.
LAURA,02:23:18,02:23:21,Neutral,"{'Angry': 3.7133312917603245e-12, 'Disgusted': 2.757722977926591e-13, 'Fearful': 7.22130756342261e-14, 'Happy': 4.9393809355147145e-12, 'Neutral': 1.0, 'Other': 2.7105638764871216e-14, 'Sad': 1.8888160133179177e-11, 'Surprised': 1.238143593727814e-12, 'Unknown': 1.147088608995095e-13}",Are we splitting up all the party gold now?
ORION,02:23:21,02:23:29,Neutral,"{'Angry': 1.527421716667962e-13, 'Disgusted': 5.2034136039920496e-15, 'Fearful': 9.060857549962652e-16, 'Happy': 1.8897943377272491e-13, 'Neutral': 1.0, 'Other': 6.692663543722771e-16, 'Sad': 4.60236558065541e-13, 'Surprised': 6.169823901997287e-14, 'Unknown': 2.978759706818014e-15}",Vex? I give her the picture. Now you have a picture of your bear with the silly bows.
LAURA,02:23:29,02:23:32,Neutral,"{'Angry': 6.692722487322555e-10, 'Disgusted': 1.8073477436875152e-10, 'Fearful': 1.4807124970594998e-10, 'Happy': 5.53640244760345e-09, 'Neutral': 1.0, 'Other': 1.5852121698634036e-11, 'Sad': 9.798334588140278e-09, 'Surprised': 2.316293823412252e-10, 'Unknown': 3.120826513880459e-11}","Oh, thank you."
LIAM,02:23:32,02:23:39,Neutral,"{'Angry': 3.288684022372326e-14, 'Disgusted': 1.4560297310558818e-15, 'Fearful': 2.0388747431879012e-16, 'Happy': 4.4196549496338874e-14, 'Neutral': 1.0, 'Other': 4.884349845288511e-16, 'Sad': 1.0569975070987697e-13, 'Surprised': 2.2443564340985864e-14, 'Unknown': 1.2467106314930439e-15}","And I take advantage of her good mood and say, I just want 1,200 gold, and I won't ask for any more of it, any of the amount."
ORION,02:23:39,02:23:41,Neutral,"{'Angry': 1.5323380064824477e-10, 'Disgusted': 1.8434788418009163e-11, 'Fearful': 3.981133565172934e-12, 'Happy': 2.142703653396083e-10, 'Neutral': 1.0, 'Other': 1.2864665929757102e-12, 'Sad': 7.738146790003952e-10, 'Surprised': 2.3923507272427535e-11, 'Unknown': 4.989965905755067e-12}","Ooh, yes, I would like the same thing."
LAURA,02:23:41,02:23:47,Neutral,"{'Angry': 2.591683649372928e-13, 'Disgusted': 7.80651229287865e-15, 'Fearful': 1.7683204025549385e-15, 'Happy': 2.7831927843120774e-13, 'Neutral': 1.0, 'Other': 1.1173054906136234e-15, 'Sad': 9.602477233500162e-13, 'Surprised': 8.65805230244529e-14, 'Unknown': 5.297042508399172e-15}",Do you want me to just split up all the party gold right now?
SAM,02:23:47,02:23:52,Neutral,"{'Angry': 3.5103874424262035e-14, 'Disgusted': 1.485030550983093e-15, 'Fearful': 2.154836597691669e-16, 'Happy': 4.773056407579579e-14, 'Neutral': 1.0, 'Other': 4.736169372100251e-16, 'Sad': 1.1304208979469321e-13, 'Surprised': 2.3450323985169802e-14, 'Unknown': 1.2363481362954532e-15}","No, I don't, no. Just give us a quick stipend. Give us each 1,500 and let's move on."
LAURA,02:23:52,02:23:59,Neutral,"{'Angry': 4.869666613851152e-14, 'Disgusted': 1.8668568041002153e-15, 'Fearful': 2.9234847189603624e-16, 'Happy': 6.774015213779211e-14, 'Neutral': 1.0, 'Other': 4.574946709106644e-16, 'Sad': 1.5902436431482897e-13, 'Surprised': 2.9401851911253427e-14, 'Unknown': 1.3576246196174294e-15}","Everybody gets 1,500. Is everybody happy? Trinket, are you just so thrilled?"
MATT,02:23:59,02:24:01,Neutral,"{'Angry': 8.591881487518549e-05, 'Disgusted': 0.00020909906015731394, 'Fearful': 0.00019354885444045067, 'Happy': 0.0006683873943984509, 'Neutral': 0.9944683313369751, 'Other': 1.0293736522726249e-05, 'Sad': 0.0042109242640435696, 'Surprised': 4.02114483222249e-06, 'Unknown': 0.0001493765157647431}",(sad bear noises) He's pulling them out with his claws as best he can.
LAURA,02:24:01,02:24:04,Neutral,"{'Angry': 1.2136002851548255e-06, 'Disgusted': 3.4979098018084187e-07, 'Fearful': 2.723901957324415e-07, 'Happy': 2.683886350496323e-06, 'Neutral': 0.9999680519104004, 'Other': 1.1864808868722321e-07, 'Sad': 2.6910563974524848e-05, 'Surprised': 3.7114659789949656e-07, 'Unknown': 2.925489361871314e-08}","Oh, sweetie. Bath time."
MATT,02:24:04,02:24:15,Neutral,"{'Angry': 4.0081226532207026e-11, 'Disgusted': 9.244415129228134e-12, 'Fearful': 3.7478908865296034e-12, 'Happy': 1.0144569906334056e-10, 'Neutral': 1.0, 'Other': 8.681918573817671e-13, 'Sad': 5.48043221915151e-10, 'Surprised': 3.4582770674917995e-11, 'Unknown': 1.5525445512531988e-12}","Trinket stands up and heads out to the front courtyard. All right, so it's 1,500 times seven."
LAURA,02:24:15,02:24:18,Neutral,"{'Angry': 7.784864237692091e-07, 'Disgusted': 1.0554640539339744e-06, 'Fearful': 3.194291139152483e-06, 'Happy': 1.472992948947649e-06, 'Neutral': 0.9999645948410034, 'Other': 1.540269494171298e-07, 'Sad': 2.7185262297280133e-05, 'Surprised': 1.4621589343732921e-06, 'Unknown': 8.2725620131896e-08}",I'll do the math.
SAM,02:24:18,02:24:21,Neutral,"{'Angry': 0.001954876584932208, 'Disgusted': 0.004433889873325825, 'Fearful': 0.0015914617106318474, 'Happy': 0.016230694949626923, 'Neutral': 0.9339367747306824, 'Other': 0.00027875235537067056, 'Sad': 0.00426115607842803, 'Surprised': 0.037117850035429, 'Unknown': 0.00019455132132861763}",Let's go do our recon. Who's doing it?
TRAVIS,02:24:21,02:24:22,Happy,"{'Angry': 3.511735030770069e-06, 'Disgusted': 1.5583844970024074e-07, 'Fearful': 2.2992391279785807e-07, 'Happy': 0.9999954700469971, 'Neutral': 3.138625856990984e-07, 'Other': 7.34774019406359e-09, 'Sad': 2.146896633803408e-07, 'Surprised': 1.659399657683025e-07, 'Unknown': 2.0863155647532494e-09}",Are we going to kill them?
SAM,02:24:22,02:24:24,Neutral,"{'Angry': 3.987700620200485e-05, 'Disgusted': 1.3127425518177915e-05, 'Fearful': 1.3386607861320954e-05, 'Happy': 0.0014176220865920186, 'Neutral': 0.9982872605323792, 'Other': 2.1855560135009e-06, 'Sad': 0.0001508694695075974, 'Surprised': 7.42636329960078e-05, 'Unknown': 1.3727129726248677e-06}","No, we're just going to go spy on them."
TALIESIN,02:24:24,02:24:32,Neutral,"{'Angry': 1.5877518744211727e-10, 'Disgusted': 4.3262816940004e-11, 'Fearful': 1.7482525843659502e-11, 'Happy': 6.397419816117633e-10, 'Neutral': 1.0, 'Other': 3.485864158089824e-12, 'Sad': 1.273541383461918e-09, 'Surprised': 2.1760894475253423e-10, 'Unknown': 6.426875958503997e-12}",I'd like to finish my morning crafting before moving into the evening crafting. I'm going to have help. I'm working on project number three.
MATT,02:24:32,02:24:39,Neutral,"{'Angry': 1.2544755512156058e-10, 'Disgusted': 1.3025679493350317e-11, 'Fearful': 6.727257639838058e-12, 'Happy': 7.23632320731582e-10, 'Neutral': 1.0, 'Other': 2.5369415769527226e-12, 'Sad': 8.893227265716064e-10, 'Surprised': 4.635512806938635e-11, 'Unknown': 6.977758214982144e-12}",Okay. This is probably going to take you the rest of the week. It's an extensive project.
TALIESIN,02:24:39,02:24:45,Surprised,"{'Angry': 0.000999217270873487, 'Disgusted': 0.033771343529224396, 'Fearful': 0.007309924345463514, 'Happy': 0.004942284896969795, 'Neutral': 0.16562893986701965, 'Other': 0.00039529416244477034, 'Sad': 0.18518157303333282, 'Surprised': 0.6014307141304016, 'Unknown': 0.0003406852774787694}","If I have a little help? This is something I've been tinkering with for quite a while, now."
MATT,02:24:45,02:24:50,Neutral,"{'Angry': 1.5988896961971477e-07, 'Disgusted': 6.0611431429435925e-09, 'Fearful': 1.0289581409139714e-09, 'Happy': 1.6223053535213694e-05, 'Neutral': 0.9999792575836182, 'Other': 9.524623312273661e-10, 'Sad': 4.396460099087562e-06, 'Surprised': 9.561980540695458e-09, 'Unknown': 3.0900701442071465e-10}","Right, but it's also the most complicated thing, outside of the gun, that you've constructed."
TRAVIS,02:24:50,02:24:51,Neutral,"{'Angry': 0.020382625982165337, 'Disgusted': 0.004162550438195467, 'Fearful': 0.0012485375627875328, 'Happy': 0.030224857851862907, 'Neutral': 0.9366163015365601, 'Other': 5.3630348702427e-05, 'Sad': 0.004562903195619583, 'Surprised': 0.0026100832037627697, 'Unknown': 0.00013847439549863338}","We've got a couple more days, too."
ORION,02:24:51,02:24:55,Happy,"{'Angry': 0.09480705857276917, 'Disgusted': 0.03066708892583847, 'Fearful': 0.05688079819083214, 'Happy': 0.6866570711135864, 'Neutral': 0.07443300634622574, 'Other': 0.00023150011838879436, 'Sad': 0.019702913239598274, 'Surprised': 0.03489920124411583, 'Unknown': 0.0017213671235367656}","How many days have passed, since we've been doing this? Two?"
LIAM,02:24:55,02:25:01,Neutral,"{'Angry': 0.00032423404627479613, 'Disgusted': 0.0017778585897758603, 'Fearful': 0.004157346207648516, 'Happy': 0.05041329562664032, 'Neutral': 0.8487111330032349, 'Other': 0.001138722407631576, 'Sad': 0.014905418269336224, 'Surprised': 3.942091643693857e-05, 'Unknown': 0.07853255420923233}","Percy, you go to work. We'll figure out everything else."
MATT,02:25:01,02:25:03,Neutral,"{'Angry': 2.795654549872517e-12, 'Disgusted': 1.4450943154782625e-13, 'Fearful': 3.5637915144978716e-14, 'Happy': 4.4237408874936435e-12, 'Neutral': 1.0, 'Other': 1.2535019510817157e-14, 'Sad': 9.31851991403665e-12, 'Surprised': 8.48275985045055e-13, 'Unknown': 7.546200941682332e-14}",It's up to you.
TALIESIN,02:25:03,02:25:08,Neutral,"{'Angry': 1.0157182169998058e-12, 'Disgusted': 3.6017172453045934e-14, 'Fearful': 9.004661572593539e-15, 'Happy': 1.3998730560155215e-12, 'Neutral': 1.0, 'Other': 3.4708650968655547e-15, 'Sad': 3.2477577485007236e-12, 'Surprised': 3.3284288411365714e-13, 'Unknown': 2.1352008228452297e-14}","Do you think I'll have time to finish everything that's on my list, if I roll well?"
MATT,02:25:08,02:25:11,Neutral,"{'Angry': 5.199654248833063e-11, 'Disgusted': 8.345137081366971e-12, 'Fearful': 2.1329153720994753e-12, 'Happy': 1.163666454861989e-10, 'Neutral': 1.0, 'Other': 6.607186586043978e-13, 'Sad': 1.508017460905009e-10, 'Surprised': 5.418719292715757e-11, 'Unknown': 2.4926558213345107e-12}",Probably not everything. You'll have to choose between a couple.
LIAM,02:25:11,02:25:13,Neutral,"{'Angry': 4.819203196226862e-12, 'Disgusted': 2.761143906831326e-13, 'Fearful': 7.998886519507489e-14, 'Happy': 9.955240624914818e-12, 'Neutral': 1.0, 'Other': 1.9587126991421448e-14, 'Sad': 1.738837893117129e-11, 'Surprised': 1.6144678909729704e-12, 'Unknown': 9.013430735289873e-14}",What if he rolls a 20?
TALIESIN,02:25:13,02:25:22,Neutral,"{'Angry': 3.801861603314194e-12, 'Disgusted': 1.8784385396979075e-13, 'Fearful': 5.313255396635977e-14, 'Happy': 5.396294088660936e-12, 'Neutral': 1.0, 'Other': 1.2106516554229521e-14, 'Sad': 9.237788485549903e-12, 'Surprised': 1.0071528029967358e-12, 'Unknown': 1.371859169232298e-13}",Because I was going to have Keyleth lightning spell to help set the battery for the--
MATT,02:25:22,02:25:24,Neutral,"{'Angry': 1.3169319572625682e-05, 'Disgusted': 6.119640602264553e-05, 'Fearful': 0.00012767972657456994, 'Happy': 0.0014337165048345923, 'Neutral': 0.9971513152122498, 'Other': 2.5016301151481457e-05, 'Sad': 0.0007179841049946845, 'Surprised': 5.6595290516270325e-06, 'Unknown': 0.000464282144093886}","Right. Well, that is technically an enchantment."
TALIESIN,02:25:24,02:25:27,Neutral,"{'Angry': 5.4661561735280806e-12, 'Disgusted': 3.1854610637628566e-13, 'Fearful': 9.764559901750611e-14, 'Happy': 9.655613981973676e-12, 'Neutral': 1.0, 'Other': 2.6452447613530168e-14, 'Sad': 1.6917970496743706e-11, 'Surprised': 1.9223763206288602e-12, 'Unknown': 1.4267447358100316e-13}",If it just uses it to start a charge?
MATT,02:25:27,02:25:29,Neutral,"{'Angry': 3.0352291560120648e-06, 'Disgusted': 5.385830945670023e-07, 'Fearful': 4.0645318222232163e-07, 'Happy': 1.843323298089672e-05, 'Neutral': 0.9999746084213257, 'Other': 8.21559638097824e-08, 'Sad': 2.220688656962011e-06, 'Surprised': 3.751635517801333e-07, 'Unknown': 2.938427883236727e-07}","Oh, to start a charge? Then you can do it."
TALIESIN,02:25:29,02:25:31,Neutral,"{'Angry': 4.3497885848786666e-11, 'Disgusted': 1.117324809063458e-11, 'Fearful': 1.9951271537643755e-12, 'Happy': 4.140746912018045e-10, 'Neutral': 1.0, 'Other': 9.8889050160339e-13, 'Sad': 2.473501126143418e-10, 'Surprised': 3.085421154680468e-11, 'Unknown': 1.1731208452575581e-12}","Okay. Yeah, I was going to Frankenstein this."
MATT,02:25:31,02:25:35,Neutral,"{'Angry': 8.875941024917913e-14, 'Disgusted': 4.069369895307734e-15, 'Fearful': 6.751565156083651e-16, 'Happy': 1.288096148840956e-13, 'Neutral': 1.0, 'Other': 9.054499508902325e-16, 'Sad': 2.7643742872042465e-13, 'Surprised': 5.346385904521703e-14, 'Unknown': 3.3884324857134766e-15}",Okay. We can begin the roll now.
TALIESIN,02:25:35,02:25:37,Neutral,"{'Angry': 2.3530222909018406e-13, 'Disgusted': 1.0697584819656294e-14, 'Fearful': 1.9887829616927356e-15, 'Happy': 3.6299397732433847e-13, 'Neutral': 1.0, 'Other': 1.7988760573359533e-15, 'Sad': 8.18420689292082e-13, 'Surprised': 1.0326421927839627e-13, 'Unknown': 9.649468791822664e-15}",All right.
MATT,02:25:37,02:25:39,Neutral,"{'Angry': 5.213239215318133e-11, 'Disgusted': 7.321224355927303e-12, 'Fearful': 1.902445865772928e-12, 'Happy': 9.069335560329961e-11, 'Neutral': 1.0, 'Other': 7.554298441132812e-13, 'Sad': 1.258583515184597e-10, 'Surprised': 1.1250360885950439e-11, 'Unknown': 3.4135222860137704e-12}",Go ahead and make a tinkering roll.
TALIESIN,02:25:39,02:25:41,Neutral,"{'Angry': 1.3017767473786496e-13, 'Disgusted': 3.8510238597468886e-15, 'Fearful': 8.147017525971629e-16, 'Happy': 1.5136574990377155e-13, 'Neutral': 1.0, 'Other': 6.254427225659118e-16, 'Sad': 4.3658677476195173e-13, 'Surprised': 5.612408460068177e-14, 'Unknown': 2.383459869290008e-15}",That's better. 20.
MATT,02:25:41,02:26:02,Neutral,"{'Angry': 7.826655989973119e-11, 'Disgusted': 6.101264892616198e-12, 'Fearful': 1.5111658669200723e-12, 'Happy': 5.436061600860853e-10, 'Neutral': 1.0, 'Other': 3.1033720515258323e-13, 'Sad': 2.0237012066104398e-10, 'Surprised': 2.4959017491665847e-11, 'Unknown': 4.15012815779825e-12}","20, okay. Not actually doing the charge yet, because you're building the basis of the structure. You help him downstairs in his workshop with the various materials to begin crafting the actual shell of the the item. What else are you guys doing?"
SAM,02:26:02,02:26:03,Neutral,"{'Angry': 0.0025132442824542522, 'Disgusted': 0.0010011927224695683, 'Fearful': 0.0001857730239862576, 'Happy': 0.0059365699999034405, 'Neutral': 0.9813986420631409, 'Other': 2.672952541615814e-05, 'Sad': 0.00011825965339085087, 'Surprised': 0.008810268715023994, 'Unknown': 9.309517736255657e-06}",Let's go do recon.
LIAM,02:26:03,02:26:12,Neutral,"{'Angry': 5.4991029507789335e-09, 'Disgusted': 2.790788489193119e-09, 'Fearful': 6.217418246912132e-10, 'Happy': 2.986484730627126e-07, 'Neutral': 0.9999996423721313, 'Other': 1.0947722728360532e-09, 'Sad': 4.174579260052269e-08, 'Surprised': 4.715777102148877e-09, 'Unknown': 5.938735614385848e-10}","Yeah, what are we checking out, though? I mean, it's not like the Briarwoods are out in public. We don't know anything about them."
LAURA,02:26:12,02:26:14,Neutral,"{'Angry': 1.866951282155152e-13, 'Disgusted': 6.306491058674169e-15, 'Fearful': 1.2831196015769411e-15, 'Happy': 2.750295108842893e-13, 'Neutral': 1.0, 'Other': 6.936792732802446e-16, 'Sad': 5.165013382268935e-13, 'Surprised': 8.318970105879522e-14, 'Unknown': 3.571792248904457e-15}",We need to ask around town about the Briarwoods.
SAM,02:26:14,02:26:19,Neutral,"{'Angry': 1.5377882344250193e-12, 'Disgusted': 8.052202161339464e-14, 'Fearful': 2.034929570769034e-14, 'Happy': 2.1470050130117935e-12, 'Neutral': 1.0, 'Other': 7.097425013831817e-15, 'Sad': 4.8388489395922996e-12, 'Surprised': 5.119709452390542e-13, 'Unknown': 6.907357850841414e-14}",We need to get into the Briarwoods' estate and talk to them.
MARISHA,02:26:19,02:26:27,Neutral,"{'Angry': 2.2162319722462964e-12, 'Disgusted': 1.0269696470175185e-13, 'Fearful': 2.6481626204497184e-14, 'Happy': 2.9249966164435204e-12, 'Neutral': 1.0, 'Other': 8.889033104963855e-15, 'Sad': 7.50870719767871e-12, 'Surprised': 6.880510701121056e-13, 'Unknown': 5.394559378737486e-14}","Well, they're not local. They're coming into town. They're coming into town in five to seven days."
MATT,02:26:27,02:26:33,Neutral,"{'Angry': 6.102236093817257e-14, 'Disgusted': 2.5947624023779604e-15, 'Fearful': 4.083331433498208e-16, 'Happy': 8.601364114230528e-14, 'Neutral': 1.0, 'Other': 6.409614249507946e-16, 'Sad': 1.851249866293217e-13, 'Surprised': 3.874631938536287e-14, 'Unknown': 2.0808501491033577e-15}","No, they're arriving now in six days and arriving for the actual feast."
SAM,02:26:33,02:26:35,Neutral,"{'Angry': 0.00011939772230107337, 'Disgusted': 0.00016912451246753335, 'Fearful': 2.5671348339528777e-05, 'Happy': 0.00016785990737844259, 'Neutral': 0.9991745352745056, 'Other': 2.1643145373673178e-05, 'Sad': 8.824110409477726e-05, 'Surprised': 8.286587217298802e-06, 'Unknown': 0.00022527224791701883}",Where's the feast to be held?
MATT,02:26:35,02:26:36,Neutral,"{'Angry': 5.4554128325889906e-08, 'Disgusted': 1.051694624720767e-07, 'Fearful': 1.830417950543506e-08, 'Happy': 2.759450808298425e-06, 'Neutral': 0.999995231628418, 'Other': 1.4224836419884923e-08, 'Sad': 1.777217903509154e-06, 'Surprised': 3.574814044782215e-08, 'Unknown': 1.567832974558314e-08}",It's to be held in the palace.
LAURA,02:26:36,02:26:38,Neutral,"{'Angry': 6.971535848609989e-11, 'Disgusted': 1.3318814801044354e-11, 'Fearful': 1.0466029085054451e-11, 'Happy': 1.646167646640606e-10, 'Neutral': 1.0, 'Other': 1.0455687964733285e-12, 'Sad': 6.529223828266595e-10, 'Surprised': 3.9100955112614244e-11, 'Unknown': 3.7267129486540096e-12}",Shit. We can't do any spying.
MARISHA,02:26:38,02:26:40,Neutral,"{'Angry': 2.5058616640039055e-11, 'Disgusted': 1.5016927588581974e-12, 'Fearful': 5.620327879311826e-13, 'Happy': 6.09812686458433e-11, 'Neutral': 1.0, 'Other': 3.685645674289875e-14, 'Sad': 3.7321420259806004e-11, 'Surprised': 9.820567102580835e-12, 'Unknown': 9.365038041928009e-13}",Not on them.
ORION,02:26:40,02:26:47,Neutral,"{'Angry': 4.771208859315028e-14, 'Disgusted': 1.8921223146091534e-15, 'Fearful': 2.823568447804449e-16, 'Happy': 6.451297016128038e-14, 'Neutral': 1.0, 'Other': 4.969696355658262e-16, 'Sad': 1.5376262275153957e-13, 'Surprised': 2.8258664058387027e-14, 'Unknown': 1.446071694090605e-15}",All we can do is get gear and do things and we can sleep for a few days.
TALIESIN,02:26:47,02:26:50,Happy,"{'Angry': 0.0013981632655486465, 'Disgusted': 0.0014604049501940608, 'Fearful': 0.0009673754102550447, 'Happy': 0.8903823494911194, 'Neutral': 0.0789821520447731, 'Other': 0.0010568404104560614, 'Sad': 0.020173445343971252, 'Surprised': 0.005338679999113083, 'Unknown': 0.00024057450355030596}",You can help me in the workshop.
MARISHA,02:26:50,02:26:55,Happy,"{'Angry': 4.3679337977664545e-05, 'Disgusted': 0.0005860449746251106, 'Fearful': 0.0009121706243604422, 'Happy': 0.9863307476043701, 'Neutral': 0.008080870844423771, 'Other': 0.000236916181165725, 'Sad': 0.002448549261316657, 'Surprised': 0.0012542513431981206, 'Unknown': 0.0001067869015969336}",Make a plan. Maybe make a plan? We don't really have a plan.
LIAM,02:26:55,02:27:03,Neutral,"{'Angry': 5.20135813530942e-07, 'Disgusted': 6.141045105323428e-06, 'Fearful': 2.4436491230517277e-07, 'Happy': 4.797128667632933e-07, 'Neutral': 0.9999889135360718, 'Other': 9.162141054730455e-07, 'Sad': 1.7944641967915231e-06, 'Surprised': 4.6951580401355386e-08, 'Unknown': 8.600249543633254e-07}","Can you remind me and the group, the dinner, I know it's with the Briarwoods, but who else? Is it with Uriel or who is it with?"
MATT,02:27:03,02:27:57,Neutral,"{'Angry': 3.6534143873723224e-05, 'Disgusted': 0.00024938787100836635, 'Fearful': 2.8433210900402628e-05, 'Happy': 0.08985307067632675, 'Neutral': 0.8969132304191589, 'Other': 0.0012126367073506117, 'Sad': 0.0016709029441699386, 'Surprised': 1.8325962400922435e-06, 'Unknown': 0.010033959522843361}","It's with Uriel, the Council, which is why you guys were invited, also because Percy asked. And the Briarwoods. It is partially to discuss and celebrate the agreed-upon construction of a bridge that goes across the Shearing Channel at the far northeastern side of the continent of Tal'Dorei. There is a large channel where these two large mountain ranges, which are the closest the two continents are to each other, but it's a very treacherous pass of water, so any trade having to be done has had to travel southward, in a big arc around the bottom of the island, or via skyship, both very expensive. This bridge will enable a much faster trade route between the two continents, and Whitestone has essentially been in charge of spearheading the construction of this bridge and making this agreement with Uriel, that would be overall helpful for both continents. And since they've agreed upon this, they've been invited here to Emon for the first time to have dinner with the Council and Uriel to celebrate it."
LIAM,02:27:57,02:28:00,Sad,"{'Angry': 0.005039754323661327, 'Disgusted': 0.0065282369032502174, 'Fearful': 0.012823894619941711, 'Happy': 0.1717282384634018, 'Neutral': 0.29365822672843933, 'Other': 0.00010958934581140056, 'Sad': 0.5064343810081482, 'Surprised': 0.0035759166348725557, 'Unknown': 0.00010176443174714223}",We maybe want to talk to Uriel.
LAURA,02:28:00,02:28:10,Disgusted,"{'Angry': 0.007408900652080774, 'Disgusted': 0.6734786033630371, 'Fearful': 0.0030991595704108477, 'Happy': 0.005474741570651531, 'Neutral': 0.02179514244198799, 'Other': 0.006876871455460787, 'Sad': 0.22153590619564056, 'Surprised': 0.0009259054786525667, 'Unknown': 0.059404756873846054}","Maybe. Maybe you guys should go, because I want to spend the next few days training Trinket how to roly-poly roll forward and bludgeon people with his armor."
MATT,02:28:10,02:28:14,Neutral,"{'Angry': 6.0245538406888954e-06, 'Disgusted': 2.2471508600574452e-06, 'Fearful': 3.719440201166435e-06, 'Happy': 5.874380349268904e-06, 'Neutral': 0.9999117851257324, 'Other': 1.0822603144333698e-05, 'Sad': 5.7694905990501866e-06, 'Surprised': 6.978168443083632e-08, 'Unknown': 5.3617870435118675e-05}",(laughs) Okay.
MARISHA,02:28:14,02:28:23,Unknown,"{'Angry': 0.00018504001491237432, 'Disgusted': 0.005290339235216379, 'Fearful': 0.2900579273700714, 'Happy': 0.15156808495521545, 'Neutral': 0.0036193733103573322, 'Other': 0.0013492017751559615, 'Sad': 0.0012295322958379984, 'Surprised': 4.790006641997024e-06, 'Unknown': 0.5466957092285156}","I mean, the only thing I can think-- Percy. Do you still have an idea of what the Briarwoods look like?"
TALIESIN,02:28:23,02:28:25,Neutral,"{'Angry': 0.0066428822465240955, 'Disgusted': 0.1975846290588379, 'Fearful': 0.0018251712899655104, 'Happy': 0.05547747388482094, 'Neutral': 0.7213706970214844, 'Other': 0.0001286010374315083, 'Sad': 0.015826955437660217, 'Surprised': 0.0006886518676765263, 'Unknown': 0.00045489316107705235}",Oh yes.
MARISHA,02:28:25,02:28:31,Neutral,"{'Angry': 0.08278420567512512, 'Disgusted': 0.020322540774941444, 'Fearful': 0.010973412543535233, 'Happy': 0.11347495764493942, 'Neutral': 0.719353437423706, 'Other': 0.0020383980590850115, 'Sad': 0.007859298959374428, 'Surprised': 0.0250282920897007, 'Unknown': 0.018165430054068565}",I could attempt another scrying spell. Could even possibly go to Allura for help and try again.
TALIESIN,02:28:31,02:28:41,Neutral,"{'Angry': 3.0095501646343337e-09, 'Disgusted': 8.689784447568627e-10, 'Fearful': 3.6227246202891195e-10, 'Happy': 3.106311297074171e-08, 'Neutral': 1.0, 'Other': 3.5900903777585924e-11, 'Sad': 1.3240518015322778e-08, 'Surprised': 3.4968841156057806e-09, 'Unknown': 8.72267605367405e-11}","See if Allura will come here, because I want to keep working. And I'll also say we should send word to Uriel that I will not be myself at the--"
SAM,02:28:41,02:28:43,Neutral,"{'Angry': 2.448119262865589e-09, 'Disgusted': 3.322093267144055e-09, 'Fearful': 9.4765284508469e-10, 'Happy': 1.3324730652186645e-08, 'Neutral': 1.0, 'Other': 8.097267301110378e-10, 'Sad': 2.1757802670663295e-08, 'Surprised': 2.1069437305953898e-09, 'Unknown': 1.4903440703761817e-09}","Yes, that might be very strange."
LAURA,02:28:43,02:28:48,Neutral,"{'Angry': 3.892261065860901e-14, 'Disgusted': 1.4298025205144549e-15, 'Fearful': 2.1984102224296964e-16, 'Happy': 4.91068774186032e-14, 'Neutral': 1.0, 'Other': 3.6335362920780854e-16, 'Sad': 1.184603359415809e-13, 'Surprised': 2.4709308018189442e-14, 'Unknown': 9.660330295305306e-16}",We should maybe send word to him that the Briarwoods should be watched.
TALIESIN,02:28:48,02:28:51,Neutral,"{'Angry': 2.337712141919912e-11, 'Disgusted': 3.196259446350269e-12, 'Fearful': 2.3820275179414763e-12, 'Happy': 7.949740865598187e-11, 'Neutral': 1.0, 'Other': 2.061644854400163e-13, 'Sad': 1.8502113730001213e-10, 'Surprised': 1.9211202073599054e-11, 'Unknown': 3.725510026343637e-13}","The less we say, the better."
MARISHA,02:28:51,02:28:54,Neutral,"{'Angry': 3.056412815980597e-13, 'Disgusted': 9.590131592768659e-15, 'Fearful': 2.2225867132662615e-15, 'Happy': 3.594238893057239e-13, 'Neutral': 1.0, 'Other': 1.3352974664025165e-15, 'Sad': 1.135363287760316e-12, 'Surprised': 1.0088037718548881e-13, 'Unknown': 6.82583956940425e-15}",What makes you say that?
LIAM,02:28:54,02:29:04,Neutral,"{'Angry': 5.749207669181536e-14, 'Disgusted': 1.7449808332098199e-15, 'Fearful': 3.273847721493487e-16, 'Happy': 6.448934810644735e-14, 'Neutral': 1.0, 'Other': 3.8293560158022947e-16, 'Sad': 2.1365952084829998e-13, 'Surprised': 2.8474977638390936e-14, 'Unknown': 1.0941452804950859e-15}",You think Uriel might be in the Briarwoods' pocket and pass on that we're aware.
TALIESIN,02:29:04,02:29:06,Neutral,"{'Angry': 2.8721016676058753e-08, 'Disgusted': 1.1272955013907904e-08, 'Fearful': 1.1111062292457063e-08, 'Happy': 1.7955738940145238e-07, 'Neutral': 0.9999905824661255, 'Other': 1.51660550784527e-09, 'Sad': 9.198565749102272e-06, 'Surprised': 2.8696744980294397e-09, 'Unknown': 3.1447793258365664e-09}",It would not be the first time.
LIAM,02:29:06,02:29:08,Neutral,"{'Angry': 0.0024553125258535147, 'Disgusted': 0.0002878437808249146, 'Fearful': 8.360339415958151e-05, 'Happy': 0.0006749247550033033, 'Neutral': 0.9334036707878113, 'Other': 2.500131358829094e-06, 'Sad': 0.0628122091293335, 'Surprised': 0.0002792837913148105, 'Unknown': 6.184300218592398e-07}",That's true.
SAM,02:29:08,02:29:16,Neutral,"{'Angry': 3.9765822579251875e-11, 'Disgusted': 5.042780863023788e-12, 'Fearful': 3.0687982537080938e-12, 'Happy': 9.26154014591063e-11, 'Neutral': 1.0, 'Other': 2.9914365797835407e-13, 'Sad': 2.1455705268014214e-10, 'Surprised': 1.8081123404067867e-11, 'Unknown': 9.817338999032477e-13}","Yes, even if you wear this disguise hat, Percy, how are you going to get into this event? It's a private event. You can't just be some random person."
TALIESIN,02:29:16,02:29:22,Neutral,"{'Angry': 2.880357286016988e-08, 'Disgusted': 3.1275529721597195e-08, 'Fearful': 3.6456366814263674e-08, 'Happy': 1.272367353521986e-05, 'Neutral': 0.999984622001648, 'Other': 2.6324981305947404e-08, 'Sad': 2.4353096250706585e-07, 'Surprised': 2.3796208097337512e-06, 'Unknown': 6.0065330487191204e-09}","I will be with you, and if we can let Uriel know that I am coming under a false pretense."
SAM,02:29:22,02:29:24,Neutral,"{'Angry': 1.0589718613118748e-07, 'Disgusted': 7.877824970137226e-08, 'Fearful': 3.6417507232044954e-08, 'Happy': 9.189138268084207e-07, 'Neutral': 0.9999957084655762, 'Other': 2.5579845797096823e-08, 'Sad': 3.0297810553747695e-06, 'Surprised': 3.332711173698044e-08, 'Unknown': 6.718007483641486e-09}","Yeah, but that's going to arouse all kinds of suspicion."
MARISHA,02:29:24,02:29:29,Neutral,"{'Angry': 6.801569529812923e-09, 'Disgusted': 2.0099113484661757e-09, 'Fearful': 1.527917126153966e-09, 'Happy': 1.4315674867759753e-08, 'Neutral': 0.9999979734420776, 'Other': 6.049873796376559e-11, 'Sad': 2.039466153291869e-06, 'Surprised': 7.135108059941331e-10, 'Unknown': 7.847417854423e-11}","Exactly, yeah, if we tell Uriel you're coming as someone else, he's going to ask why."
TALIESIN,02:29:29,02:29:31,Sad,"{'Angry': 3.0002707717358135e-05, 'Disgusted': 5.518531543202698e-05, 'Fearful': 4.238462133798748e-05, 'Happy': 3.274880145909265e-05, 'Neutral': 0.0015064255567267537, 'Other': 1.3246893786345026e-06, 'Sad': 0.9983217120170593, 'Surprised': 9.266022061638068e-06, 'Unknown': 8.774218827056757e-07}",He knows that I don't trust them.
TRAVIS,02:29:31,02:29:32,Neutral,"{'Angry': 0.004848138894885778, 'Disgusted': 0.0008508898317813873, 'Fearful': 0.0009140532347373664, 'Happy': 0.002083804691210389, 'Neutral': 0.9589757919311523, 'Other': 0.0002809150901157409, 'Sad': 0.004565315321087837, 'Surprised': 0.02746409922838211, 'Unknown': 1.6881933333934285e-05}",He does?
TALIESIN,02:29:32,02:29:34,Neutral,"{'Angry': 4.066226088478286e-12, 'Disgusted': 2.6305596156211974e-13, 'Fearful': 5.310235893585605e-14, 'Happy': 4.807598763534315e-12, 'Neutral': 1.0, 'Other': 2.506393191408461e-14, 'Sad': 2.5231801023539724e-11, 'Surprised': 9.799249085784556e-13, 'Unknown': 1.0606388000950623e-13}",He does.
MARISHA,02:29:34,02:29:36,Sad,"{'Angry': 9.195710845233407e-06, 'Disgusted': 4.59222610516008e-06, 'Fearful': 1.2340758075879421e-05, 'Happy': 2.8724321055051405e-06, 'Neutral': 0.0002329758572159335, 'Other': 4.2100342767525945e-08, 'Sad': 0.9997345805168152, 'Surprised': 3.2883167477848474e-06, 'Unknown': 2.740697446768081e-08}","Wait, who was it that came and talked to us? Who was that?"
MATT,02:29:36,02:29:38,Sad,"{'Angry': 0.0003355209482833743, 'Disgusted': 0.00019689959299284965, 'Fearful': 0.00030163038172759116, 'Happy': 0.0001995466009248048, 'Neutral': 0.4061037003993988, 'Other': 2.819872861437034e-06, 'Sad': 0.5928089022636414, 'Surprised': 4.668344627134502e-05, 'Unknown': 4.287720912543591e-06}",That was Seeker Asum.
MARISHA,02:29:38,02:29:46,Neutral,"{'Angry': 1.1109410479548387e-05, 'Disgusted': 6.084979395382106e-05, 'Fearful': 2.3342567146755755e-05, 'Happy': 6.078676960896701e-06, 'Neutral': 0.9991150498390198, 'Other': 1.3713785165236914e-06, 'Sad': 0.0007781531312502921, 'Surprised': 1.0588724990157061e-06, 'Unknown': 3.0670189516968094e-06}","I was going to say, it was Seeker Asum, but he didn't say that Uriel had his doubts, he said he had his doubts."
TALIESIN,02:29:46,02:29:48,Neutral,"{'Angry': 3.2406896366410365e-07, 'Disgusted': 7.968944828462554e-07, 'Fearful': 6.606052807001106e-07, 'Happy': 2.4806493001960916e-06, 'Neutral': 0.9999064207077026, 'Other': 3.526808427523065e-07, 'Sad': 8.833320316625759e-05, 'Surprised': 8.652084915183877e-08, 'Unknown': 4.817257490685734e-07}",So let's let Asum know.
MARISHA,02:29:48,02:29:50,Neutral,"{'Angry': 0.000366868800483644, 'Disgusted': 0.00045125416363589466, 'Fearful': 0.0003652681189123541, 'Happy': 0.00046808639308437705, 'Neutral': 0.9879792928695679, 'Other': 4.206251560390228e-06, 'Sad': 0.010302596725523472, 'Surprised': 5.621272430289537e-05, 'Unknown': 6.2315607465279754e-06}",Let Asum know.
SAM,02:29:50,02:29:52,Neutral,"{'Angry': 4.609386905940482e-06, 'Disgusted': 6.33572562946938e-06, 'Fearful': 2.795281261569471e-06, 'Happy': 2.158305505872704e-05, 'Neutral': 0.9998881816864014, 'Other': 1.2809354075216106e-06, 'Sad': 5.3014297009212896e-05, 'Surprised': 2.1938667487120256e-05, 'Unknown': 2.2621414075274515e-07}",Why don't you disguise yourself as--
TALIESIN,02:29:52,02:29:54,Happy,"{'Angry': 0.0010870058322325349, 'Disgusted': 0.007754994090646505, 'Fearful': 0.02560896798968315, 'Happy': 0.9407157897949219, 'Neutral': 0.004805475473403931, 'Other': 0.0004195863439235836, 'Sad': 0.006974350661039352, 'Surprised': 0.00010260424460284412, 'Unknown': 0.012531253509223461}",Burt Reynolds.
SAM,02:29:54,02:29:58,Neutral,"{'Angry': 2.199593382101739e-06, 'Disgusted': 4.902784894511569e-06, 'Fearful': 6.354648576234467e-06, 'Happy': 9.722542017698288e-06, 'Neutral': 0.9998959302902222, 'Other': 2.8458473479986424e-06, 'Sad': 5.037217852077447e-05, 'Surprised': 2.2296694623946678e-07, 'Unknown': 2.7451884307083674e-05}",What about Vax? He can sneak in.
TALIESIN,02:29:58,02:30:02,Neutral,"{'Angry': 9.867041939060073e-08, 'Disgusted': 1.2288987250030914e-07, 'Fearful': 3.467901166231968e-08, 'Happy': 1.682902421862309e-07, 'Neutral': 0.9999985694885254, 'Other': 5.131985147954765e-08, 'Sad': 5.125873485667398e-07, 'Surprised': 4.0893572972322545e-09, 'Unknown': 3.5996990277453733e-07}",Will the hat let me choose who I look like?
MATT,02:30:02,02:30:06,Neutral,"{'Angry': 8.73050230438821e-05, 'Disgusted': 0.00015033353702165186, 'Fearful': 0.00010312673111911863, 'Happy': 0.0009322785190306604, 'Neutral': 0.52520352602005, 'Other': 1.030857765726978e-05, 'Sad': 0.47346141934394836, 'Surprised': 2.757108632067684e-05, 'Unknown': 2.4058617782429792e-05}","The hat, like any Minor Illusion spell, you can choose your appearance."
TALIESIN,02:30:06,02:30:09,Other,"{'Angry': 7.25385471014306e-05, 'Disgusted': 0.00019037813763134181, 'Fearful': 9.672801752458327e-06, 'Happy': 0.00021098558499943465, 'Neutral': 0.0027561583556234837, 'Other': 0.9964268803596497, 'Sad': 0.00020560987468343228, 'Surprised': 5.265085928840563e-05, 'Unknown': 7.517236372223124e-05}",How much of a shape-change can I--
MATT,02:30:09,02:30:11,Neutral,"{'Angry': 3.0964441975811496e-05, 'Disgusted': 1.3542963870349922e-06, 'Fearful': 6.33565377938794e-07, 'Happy': 0.00017141147691290826, 'Neutral': 0.9997429251670837, 'Other': 2.0329704852883879e-07, 'Sad': 4.6189583372324705e-05, 'Surprised': 6.251724244066281e-06, 'Unknown': 5.644311329433549e-08}","I mean, you can look pretty close to somebody else."
TALIESIN,02:30:11,02:30:13,Neutral,"{'Angry': 0.006388972979038954, 'Disgusted': 0.007591099478304386, 'Fearful': 3.469416333246045e-05, 'Happy': 0.00031619370565749705, 'Neutral': 0.9850137829780579, 'Other': 9.64442460826831e-06, 'Sad': 0.000595143879763782, 'Surprised': 3.794756412389688e-05, 'Unknown': 1.2425114618963562e-05}",Could I look like Grog?
MATT,02:30:13,02:30:24,Neutral,"{'Angry': 7.924023748273612e-07, 'Disgusted': 1.9382500049403006e-09, 'Fearful': 4.754145965790713e-10, 'Happy': 1.2301360357014346e-06, 'Neutral': 0.9999935626983643, 'Other': 6.437845256890284e-10, 'Sad': 4.442480530997273e-06, 'Surprised': 3.3395808340941358e-09, 'Unknown': 1.0623727592085075e-10}","You could. But as it is an illusion, there is no physical-- so if somebody were to reach up and touch your shoulder, it would just pass through."
MARISHA,02:30:24,02:30:31,Neutral,"{'Angry': 3.792333558294558e-08, 'Disgusted': 4.0309089399670484e-08, 'Fearful': 1.3836468859551587e-08, 'Happy': 2.476839711107459e-07, 'Neutral': 0.9999988079071045, 'Other': 2.6249594498040096e-08, 'Sad': 6.679691182398528e-07, 'Surprised': 5.109519030099818e-09, 'Unknown': 7.612657526578914e-08}","Right, and your voice doesn't change, so you probably don't want to try and sound like Grog all night."
TALIESIN,02:30:31,02:30:33,Neutral,"{'Angry': 0.0004072522569913417, 'Disgusted': 0.0008048207382671535, 'Fearful': 0.00010127260611625388, 'Happy': 0.004642903804779053, 'Neutral': 0.9929574728012085, 'Other': 5.2495113777695224e-05, 'Sad': 0.0006083790212869644, 'Surprised': 0.0004095736367162317, 'Unknown': 1.584762503625825e-05}","Well, I was actually thinking of Pike, but."
SAM,02:30:33,02:30:37,Happy,"{'Angry': 0.12495198845863342, 'Disgusted': 0.08247675001621246, 'Fearful': 0.189169242978096, 'Happy': 0.32451581954956055, 'Neutral': 0.019287006929516792, 'Other': 0.0008910653996281326, 'Sad': 0.012832646258175373, 'Surprised': 0.0005353178130462766, 'Unknown': 0.24534012377262115}","Ooh, Pike. You could be Pike. You would be a very big Pike."
LIAM,02:30:37,02:31:00,Happy,"{'Angry': 0.01152632012963295, 'Disgusted': 0.13747335970401764, 'Fearful': 0.015934741124510765, 'Happy': 0.5278080701828003, 'Neutral': 0.044813793152570724, 'Other': 0.02198643609881401, 'Sad': 0.04582308605313301, 'Surprised': 0.03110647015273571, 'Unknown': 0.1635277271270752}","Percival, there's nothing I want more than for you to take Bad News and unload it on every one of those motherfucking shits, but if you're me and I'm nobody, if I'm a ghost, I can help take out one or two."
TALIESIN,02:31:00,02:31:03,Neutral,"{'Angry': 5.316973597513375e-11, 'Disgusted': 6.465716417131118e-12, 'Fearful': 1.6435839234746341e-12, 'Happy': 1.2291657969232261e-10, 'Neutral': 1.0, 'Other': 8.363728004438797e-13, 'Sad': 1.8636382714820598e-10, 'Surprised': 2.1467811903153056e-11, 'Unknown': 2.856356210584332e-12}","You'll stick to the shadows, and I'll be you."
MARISHA,02:31:03,02:31:07,Happy,"{'Angry': 0.0004577825020533055, 'Disgusted': 0.0005553489900194108, 'Fearful': 4.9583704821998253e-05, 'Happy': 0.699320375919342, 'Neutral': 0.2957438826560974, 'Other': 0.00021778911468572915, 'Sad': 0.0001576766517246142, 'Surprised': 1.2195077033538837e-05, 'Unknown': 0.0034854337573051453}","Not to be-- sorry, you were going to say something?"
TALIESIN,02:31:07,02:31:10,Neutral,"{'Angry': 4.501936407756528e-14, 'Disgusted': 1.9246629911020587e-15, 'Fearful': 2.883776079090877e-16, 'Happy': 6.030314865079073e-14, 'Neutral': 1.0, 'Other': 5.550550787424675e-16, 'Sad': 1.5205965284668943e-13, 'Surprised': 2.7345496472677006e-14, 'Unknown': 1.5893688105797065e-15}","No, that's actually a pretty good plan."
LIAM,02:31:10,02:31:11,Neutral,"{'Angry': 8.853521804574882e-10, 'Disgusted': 1.5021296706496656e-10, 'Fearful': 4.44531182697272e-11, 'Happy': 2.244190833167181e-09, 'Neutral': 1.0, 'Other': 1.502512871065509e-11, 'Sad': 4.145356058415928e-09, 'Surprised': 2.1389469362365077e-10, 'Unknown': 2.3869132365073042e-11}",How many days left?
MATT,02:31:11,02:31:12,Neutral,"{'Angry': 9.152933699851928e-08, 'Disgusted': 4.452480766303779e-07, 'Fearful': 6.074857594740024e-08, 'Happy': 3.735088682788046e-07, 'Neutral': 0.9999918937683105, 'Other': 4.3708195107683423e-07, 'Sad': 5.2694231271743774e-06, 'Surprised': 1.960622997287942e-09, 'Unknown': 1.3469699524648604e-06}",Six.
LIAM,02:31:12,02:31:42,Neutral,"{'Angry': 0.0002032518241321668, 'Disgusted': 0.002609873889014125, 'Fearful': 0.00016083144873846322, 'Happy': 0.0029003643430769444, 'Neutral': 0.9765737056732178, 'Other': 0.005775141529738903, 'Sad': 0.0006927747745066881, 'Surprised': 0.0102318674325943, 'Unknown': 0.0008521844283677638}","Can I ask you a question, DM? I have in the assassin perks. I think it says seven days, I can be anybody. As long as I don't do anything else and I work on getting the right papers, and no one will know who I am, 100%, but it's six days, so am I shit out of luck? This is why I was talking about it yesterday, motherfuckers."
TALIESIN,02:31:42,02:31:45,Happy,"{'Angry': 5.524312655325048e-05, 'Disgusted': 0.0002712262503337115, 'Fearful': 0.000136628863401711, 'Happy': 0.957885205745697, 'Neutral': 0.0312516875565052, 'Other': 0.0001758005382725969, 'Sad': 0.00032869260758161545, 'Surprised': 1.1157922017446253e-05, 'Unknown': 0.009884227998554707}",That's okay. It's a good plan. I think this plan is a good plan.
ORION,02:31:45,02:31:48,Neutral,"{'Angry': 5.949655678705312e-05, 'Disgusted': 3.239618308725767e-05, 'Fearful': 7.732093763479497e-06, 'Happy': 0.03365109860897064, 'Neutral': 0.9659916758537292, 'Other': 1.813082599255722e-05, 'Sad': 0.0001544898987049237, 'Surprised': 2.00324702746002e-05, 'Unknown': 6.487259088316932e-05}","I think we'll be fine, because I have privilege perk."
LIAM,02:31:48,02:31:51,Happy,"{'Angry': 0.00036890237242914736, 'Disgusted': 0.000274433521553874, 'Fearful': 8.945941226556897e-05, 'Happy': 0.9761852622032166, 'Neutral': 0.02229720540344715, 'Other': 4.1977473301813006e-05, 'Sad': 0.00026662525488063693, 'Surprised': 0.0001747125934343785, 'Unknown': 0.0003015111724380404}",You make me invisible.
SAM,02:31:51,02:31:53,Neutral,"{'Angry': 2.925275475718081e-05, 'Disgusted': 2.9707240173593163e-05, 'Fearful': 6.316844519460574e-06, 'Happy': 0.00028141101938672364, 'Neutral': 0.9993624091148376, 'Other': 2.90373445750447e-05, 'Sad': 2.748144106590189e-05, 'Surprised': 1.4212920405043405e-06, 'Unknown': 0.00023292354308068752}",I can also do that. Or he can.
LIAM,02:31:53,02:31:55,Neutral,"{'Angry': 1.3050447705609258e-05, 'Disgusted': 0.00010723255400080234, 'Fearful': 1.4234095942811109e-05, 'Happy': 6.539683818118647e-05, 'Neutral': 0.9995927214622498, 'Other': 1.9710627384483814e-05, 'Sad': 6.452513480326161e-05, 'Surprised': 6.030482381902402e-06, 'Unknown': 0.00011712675041053444}","Yeah, one of you two."
SAM,02:31:55,02:32:07,Neutral,"{'Angry': 8.926863154928855e-13, 'Disgusted': 3.35544106063769e-14, 'Fearful': 7.453175887063308e-15, 'Happy': 1.0814162065830857e-12, 'Neutral': 1.0, 'Other': 2.9497553928798954e-15, 'Sad': 2.387722615113108e-12, 'Surprised': 2.8715078275246e-13, 'Unknown': 2.1497155794293794e-14}","No problem. I know it's a few days off, but we should have some sort of safe word. Some sort of attack word. Grog, any suggestions?"
TRAVIS,02:32:07,02:32:08,Neutral,"{'Angry': 0.00024143325572367758, 'Disgusted': 1.8442343616698054e-06, 'Fearful': 5.116792181070196e-07, 'Happy': 3.3428291317250114e-06, 'Neutral': 0.9986781477928162, 'Other': 3.902420303347753e-06, 'Sad': 0.0009028196218423545, 'Surprised': 0.0001678867993177846, 'Unknown': 4.4055418868538254e-08}",Jenga.
ALL,02:32:08,02:32:10,Neutral,"{'Angry': 4.135799504517007e-13, 'Disgusted': 1.6410545069112797e-14, 'Fearful': 3.3089168442735056e-15, 'Happy': 5.636968214255134e-13, 'Neutral': 1.0, 'Other': 1.5323458114167182e-15, 'Sad': 1.1000016002238322e-12, 'Surprised': 1.434650060425438e-13, 'Unknown': 1.0764432659853603e-14}",Jenga.
MARISHA,02:32:10,02:32:38,Neutral,"{'Angry': 1.8120331333193462e-06, 'Disgusted': 7.190965789050097e-06, 'Fearful': 2.7610803954303265e-07, 'Happy': 0.0021801625844091177, 'Neutral': 0.9977619647979736, 'Other': 1.564521880936809e-05, 'Sad': 1.3499427041097078e-05, 'Surprised': 5.645886744787276e-07, 'Unknown': 1.8826331142918207e-05}","I like that. We're not hired to kill the Briarwoods, and not to be that member of the group that has a golden heart and wants to ruin everyone's fun. I don't want to stand between you and your revenge that you are absolutely owed, Percy, but are you sure this is what you want? Is this going to make you feel better?"
TALIESIN,02:32:38,02:32:46,Neutral,"{'Angry': 3.1302217762263496e-11, 'Disgusted': 8.53358963354145e-12, 'Fearful': 1.9327185251521994e-12, 'Happy': 6.419883374908508e-11, 'Neutral': 1.0, 'Other': 2.0216042381782096e-12, 'Sad': 3.2546315642534296e-10, 'Surprised': 1.2538602101042073e-11, 'Unknown': 5.5758162843810855e-12}",I don't know what I want. I want to see them. I want to look at them. I want to see them.
MARISHA,02:32:46,02:32:49,Neutral,"{'Angry': 1.0411709894242449e-07, 'Disgusted': 1.708399111066683e-07, 'Fearful': 8.297598697026842e-08, 'Happy': 6.939955710549839e-06, 'Neutral': 0.9999920129776001, 'Other': 8.38647764567213e-08, 'Sad': 5.473569899550057e-07, 'Surprised': 1.2889439915397816e-07, 'Unknown': 2.4857898850427773e-08}",Do you want to talk to them?
TALIESIN,02:32:49,02:32:52,Neutral,"{'Angry': 1.1391713961028671e-10, 'Disgusted': 7.25373094923043e-11, 'Fearful': 2.39566110005196e-11, 'Happy': 7.003164714802779e-10, 'Neutral': 1.0, 'Other': 2.5215059207273072e-11, 'Sad': 4.410335652238473e-09, 'Surprised': 7.921904798813273e-11, 'Unknown': 2.961351650010435e-11}",No. I want to listen to them.
TRAVIS,02:32:52,02:32:53,Neutral,"{'Angry': 0.0005006868741475046, 'Disgusted': 0.00027611604309640825, 'Fearful': 0.00046732317423447967, 'Happy': 0.003038322553038597, 'Neutral': 0.5081472992897034, 'Other': 1.4932451449567452e-05, 'Sad': 0.0016810899833217263, 'Surprised': 0.48587125539779663, 'Unknown': 2.981364787046914e-06}",Then we follow your lead.
TALIESIN,02:32:53,02:32:56,Neutral,"{'Angry': 2.7580153982853517e-06, 'Disgusted': 2.163709723390639e-06, 'Fearful': 9.103127354137541e-07, 'Happy': 4.6460405428661034e-05, 'Neutral': 0.9999308586120605, 'Other': 2.0012835193483625e-06, 'Sad': 7.517009180446621e-06, 'Surprised': 3.7673880797228776e-06, 'Unknown': 3.5388400192459812e-06}",I want to see them. I don't know.
MARISHA,02:32:56,02:33:05,Neutral,"{'Angry': 3.5452591383433596e-12, 'Disgusted': 2.217000183695611e-13, 'Fearful': 6.904486070337043e-14, 'Happy': 4.799224819634906e-12, 'Neutral': 1.0, 'Other': 1.5103519021390788e-14, 'Sad': 2.9314991406570456e-11, 'Surprised': 1.557571996727014e-12, 'Unknown': 8.238628014392915e-14}",Do you want us to fucking capture them and drag them back to the cell that we built in our keep? We built it for a reason.
SAM,02:33:05,02:33:11,Neutral,"{'Angry': 4.027491231142766e-13, 'Disgusted': 1.4175134488783343e-14, 'Fearful': 3.2990105821971297e-15, 'Happy': 5.027862891651691e-13, 'Neutral': 1.0, 'Other': 1.80007715005516e-15, 'Sad': 1.5478964681195362e-12, 'Surprised': 1.42536563064663e-13, 'Unknown': 9.504073045327622e-15}",(whistles) She gambles now. She's crazy.
MARISHA,02:33:11,02:33:13,Neutral,"{'Angry': 3.112134465063643e-12, 'Disgusted': 1.857652080121744e-13, 'Fearful': 4.485188872323416e-14, 'Happy': 4.874317963143859e-12, 'Neutral': 1.0, 'Other': 1.6097708696637472e-14, 'Sad': 1.2069393227898129e-11, 'Surprised': 1.182982639798269e-12, 'Unknown': 8.00719083052237e-14}","I know, I've been opened up to so many things."
TALIESIN,02:33:13,02:33:17,Neutral,"{'Angry': 2.8303833460086025e-05, 'Disgusted': 1.530597910459619e-05, 'Fearful': 3.935446784453234e-06, 'Happy': 0.006461115553975105, 'Neutral': 0.9934107661247253, 'Other': 1.6215375580941327e-05, 'Sad': 3.14271601382643e-05, 'Surprised': 9.05283468455309e-06, 'Unknown': 2.3858416170696728e-05}",The best I can give you is we'll just have to see what happens.
LIAM,02:33:17,02:33:28,Neutral,"{'Angry': 2.0160208138303437e-12, 'Disgusted': 8.75904099142781e-14, 'Fearful': 2.5248373338349235e-14, 'Happy': 2.4141593672061257e-12, 'Neutral': 1.0, 'Other': 7.563388426028248e-15, 'Sad': 6.666266497146189e-12, 'Surprised': 6.363274165401001e-13, 'Unknown': 5.6266423405270174e-14}","Percival, I trust you implicitly. You have earned that trust. Do you believe them to be evil in the purest sense?"
TALIESIN,02:33:28,02:33:29,Neutral,"{'Angry': 5.368155598262092e-06, 'Disgusted': 1.0601108442642726e-05, 'Fearful': 3.7829711345693795e-06, 'Happy': 1.2883761883131228e-05, 'Neutral': 0.9996002316474915, 'Other': 2.8814315555791836e-06, 'Sad': 9.140818292507902e-06, 'Surprised': 0.0003527018416207284, 'Unknown': 2.497702780601685e-06}",I do.
"LAURA, LIAM",02:33:29,02:33:32,Neutral,"{'Angry': 5.6317317103093956e-06, 'Disgusted': 2.8288177418289706e-05, 'Fearful': 3.3310436720057623e-06, 'Happy': 2.2895075744600035e-05, 'Neutral': 0.9996163845062256, 'Other': 2.456827814967255e-06, 'Sad': 0.0003098375746048987, 'Surprised': 1.755135940584296e-06, 'Unknown': 9.34162744670175e-06}",That's all we need.
SAM,02:33:32,02:33:36,Neutral,"{'Angry': 4.031561729789246e-06, 'Disgusted': 9.190867785946466e-06, 'Fearful': 1.0619733984640334e-05, 'Happy': 2.3999755285331048e-05, 'Neutral': 0.9997171759605408, 'Other': 1.4079854736337438e-05, 'Sad': 7.303366146516055e-05, 'Surprised': 9.723733285227354e-08, 'Unknown': 0.00014778946933802217}","We don't even need that much. If you'd just said to kill someone, we'd probably do it."
TALIESIN,02:33:36,02:33:42,Sad,"{'Angry': 7.818225276423618e-05, 'Disgusted': 7.819381426088512e-05, 'Fearful': 0.00017593978554941714, 'Happy': 0.00035511032911017537, 'Neutral': 0.04227585718035698, 'Other': 2.2253867427934892e-05, 'Sad': 0.9569486379623413, 'Surprised': 5.606965714832768e-05, 'Unknown': 9.80140521278372e-06}",I saw things.
LAURA,02:33:42,02:33:49,Neutral,"{'Angry': 0.05918855965137482, 'Disgusted': 0.0030443724244832993, 'Fearful': 0.0014329642290249467, 'Happy': 0.06887523084878922, 'Neutral': 0.8226044774055481, 'Other': 0.005456539336591959, 'Sad': 0.003197197336703539, 'Surprised': 0.00013885322550777346, 'Unknown': 0.03606170415878296}","Should we prepare? Let's do it! I've been training Trinket, though, does that help?"
MARISHA,02:33:49,02:33:51,Happy,"{'Angry': 3.7271095152391354e-06, 'Disgusted': 2.0022906028316356e-05, 'Fearful': 1.0877997738134582e-06, 'Happy': 0.9989890456199646, 'Neutral': 0.0008743882644921541, 'Other': 5.394213076215237e-06, 'Sad': 1.2387130482238717e-05, 'Surprised': 9.238247730536386e-05, 'Unknown': 1.6002223901523394e-06}",I've been reading my alchemy books.
MATT,02:33:51,02:33:53,Neutral,"{'Angry': 0.013919266872107983, 'Disgusted': 0.012663277797400951, 'Fearful': 0.0012887234333902597, 'Happy': 0.06644817441701889, 'Neutral': 0.8765300512313843, 'Other': 0.0009002145961858332, 'Sad': 0.0013562749372795224, 'Surprised': 0.015020708553493023, 'Unknown': 0.011873426847159863}",Six beard checks.
SAM,02:33:53,02:33:55,Happy,"{'Angry': 0.0036369268782436848, 'Disgusted': 0.0006211439031176269, 'Fearful': 0.004670232068747282, 'Happy': 0.6041029691696167, 'Neutral': 0.38213953375816345, 'Other': 0.0002875703212339431, 'Sad': 0.002523125847801566, 'Surprised': 0.001167011447250843, 'Unknown': 0.0008514896035194397}",I went to get business cards.
MATT,02:33:55,02:33:59,Fearful,"{'Angry': 0.004455531481653452, 'Disgusted': 0.028138229623436928, 'Fearful': 0.7569038271903992, 'Happy': 0.006385322660207748, 'Neutral': 0.07740125805139542, 'Other': 0.000368977285688743, 'Sad': 0.11934737116098404, 'Surprised': 0.0019118901109322906, 'Unknown': 0.005087530240416527}",Right. That'll cost you 25 gold for 100.
SAM,02:33:59,02:34:04,Neutral,"{'Angry': 6.015427600480905e-10, 'Disgusted': 2.1225687873993593e-10, 'Fearful': 5.085544138583309e-11, 'Happy': 3.02813130126367e-09, 'Neutral': 1.0, 'Other': 1.8923211955734764e-11, 'Sad': 4.5263397474570866e-09, 'Surprised': 1.7325918477695268e-10, 'Unknown': 4.591488994565296e-11}","I'm going to get two sets. One says Scanlan Shorthalt, one says Burt Reynolds."
MATT,02:34:04,02:34:07,Neutral,"{'Angry': 4.6367202344299585e-07, 'Disgusted': 9.49679929362901e-07, 'Fearful': 8.823770940580289e-07, 'Happy': 5.107815741212107e-05, 'Neutral': 0.9994650483131409, 'Other': 1.6202923234232003e-06, 'Sad': 0.00047454802552238107, 'Surprised': 1.1633030538860112e-07, 'Unknown': 5.370644885260845e-06}",Okay. Both have been constructed without question.
LIAM,02:34:07,02:34:10,Neutral,"{'Angry': 1.4238818999735836e-13, 'Disgusted': 4.87199629326928e-15, 'Fearful': 9.405676192460405e-16, 'Happy': 1.8311799288277947e-13, 'Neutral': 1.0, 'Other': 7.18450857701815e-16, 'Sad': 4.205506656893704e-13, 'Surprised': 6.493740143049057e-14, 'Unknown': 3.114172322996717e-15}",I repaid my debt to Gilmore.
MATT,02:34:10,02:34:12,Neutral,"{'Angry': 2.4550082019375585e-12, 'Disgusted': 1.1571486499030448e-13, 'Fearful': 3.3926959413501864e-14, 'Happy': 4.2950855545786926e-12, 'Neutral': 1.0, 'Other': 8.063724858740733e-15, 'Sad': 9.26388479816076e-12, 'Surprised': 8.278690233343156e-13, 'Unknown': 5.2785277234249084e-14}","All right, debt is paid, mark off that gold."
LAURA,02:34:12,02:34:16,Neutral,"{'Angry': 6.8142722367547925e-12, 'Disgusted': 4.2734533359928273e-13, 'Fearful': 1.1969632641821437e-13, 'Happy': 1.7030703236553535e-11, 'Neutral': 1.0, 'Other': 2.966621767035507e-14, 'Sad': 2.640742138848573e-11, 'Surprised': 2.715518782059334e-12, 'Unknown': 1.1309429412929839e-13}",Yes!
MATT,02:34:16,02:34:18,Neutral,"{'Angry': 8.241579052992165e-06, 'Disgusted': 1.1196218110853806e-05, 'Fearful': 1.1533186807355378e-05, 'Happy': 9.100746683543548e-05, 'Neutral': 0.9998219609260559, 'Other': 1.8086193449562415e-06, 'Sad': 2.6999550755135715e-05, 'Surprised': 2.602168569865171e-05, 'Unknown': 1.292007254960481e-06}",How many is that?
TRAVIS,02:34:18,02:34:32,Neutral,"{'Angry': 1.1430810742396602e-09, 'Disgusted': 4.5134725817908006e-11, 'Fearful': 7.510153957057675e-12, 'Happy': 1.1833116708714897e-09, 'Neutral': 1.0, 'Other': 2.2652079864626806e-12, 'Sad': 5.356409760182146e-10, 'Surprised': 3.346091459466294e-10, 'Unknown': 5.595206156033816e-12}","I'm at five total, right? 46. 45. 55. A one. And a 95."
MATT,02:34:32,02:34:51,Neutral,"{'Angry': 8.85572205788776e-07, 'Disgusted': 1.030265721624346e-07, 'Fearful': 7.12539449665428e-09, 'Happy': 3.3393553167115897e-06, 'Neutral': 0.9999951124191284, 'Other': 2.7663457302651295e-08, 'Sad': 4.680846927840321e-07, 'Surprised': 3.204399590117646e-08, 'Unknown': 2.9999547734860244e-08}","By the end of this week, you have grown what is a rather majestic full chin-beard. You are probably the first goliath to have facial hair. It's a full, we're talking Portland man."
SAM,02:34:51,02:34:54,Happy,"{'Angry': 1.991616038754529e-10, 'Disgusted': 1.6039977124293614e-09, 'Fearful': 4.603197545360871e-10, 'Happy': 1.0, 'Neutral': 9.689556712544345e-09, 'Other': 3.3616423533722184e-10, 'Sad': 1.470914834378334e-09, 'Surprised': 6.422654075244338e-10, 'Unknown': 7.102430199523724e-09}",Oh no.
LIAM,02:34:54,02:35:10,Surprised,"{'Angry': 0.0021424961742013693, 'Disgusted': 0.010153010487556458, 'Fearful': 0.006826634518802166, 'Happy': 0.12694618105888367, 'Neutral': 0.006596289109438658, 'Other': 0.001854421803727746, 'Sad': 0.0016966798575595021, 'Surprised': 0.8401334285736084, 'Unknown': 0.003650920232757926}","Another thing that I did was go off and get a lathering cream, and the second to last night, after I took Grog out to the tavern, I bought him a lot of drinks."
TRAVIS,02:35:10,02:35:12,Neutral,"{'Angry': 0.0012437694240361452, 'Disgusted': 0.001833175658248365, 'Fearful': 0.0011672972468659282, 'Happy': 0.0029605107847601175, 'Neutral': 0.9592503905296326, 'Other': 0.0005051165935583413, 'Sad': 0.0004350015369709581, 'Surprised': 3.5918183129979298e-06, 'Unknown': 0.0326012521982193}",I assume dodge.
LIAM,02:35:12,02:35:16,Neutral,"{'Angry': 2.6808399979927344e-06, 'Disgusted': 2.3787346435710788e-05, 'Fearful': 1.9936815078835934e-06, 'Happy': 1.3960059732198715e-05, 'Neutral': 0.9996545314788818, 'Other': 6.665716500720009e-05, 'Sad': 4.8027020966401324e-05, 'Surprised': 5.5289643086098295e-08, 'Unknown': 0.00018820578407030553}",I didn't shave off his whole beard. Only half of it.
TRAVIS,02:35:16,02:35:19,Neutral,"{'Angry': 0.0727425143122673, 'Disgusted': 0.036688391119241714, 'Fearful': 0.0015565388603135943, 'Happy': 0.05377737805247307, 'Neutral': 0.7965774536132812, 'Other': 0.0004945030668750405, 'Sad': 0.020612703636288643, 'Surprised': 0.01738964579999447, 'Unknown': 0.0001608912571100518}",I just became the most handsome man in the world.
LAURA,02:35:19,02:35:21,Happy,"{'Angry': 0.00358635769225657, 'Disgusted': 0.002683346625417471, 'Fearful': 0.00046905071940273046, 'Happy': 0.6085858345031738, 'Neutral': 0.3619779050350189, 'Other': 3.932309118681587e-05, 'Sad': 0.020043466240167618, 'Surprised': 0.002594553167000413, 'Unknown': 2.0176996258669533e-05}",Do not shave his fucking beard off.
LIAM,02:35:21,02:35:23,Neutral,"{'Angry': 8.405917384379791e-08, 'Disgusted': 3.133558124090996e-08, 'Fearful': 5.210855302806294e-09, 'Happy': 3.0068864020904584e-07, 'Neutral': 0.9999994039535522, 'Other': 1.288941664512322e-08, 'Sad': 1.110802969606084e-07, 'Surprised': 4.407978426712589e-09, 'Unknown': 6.826328302622642e-08}",This much.
MATT,02:35:23,02:35:39,Neutral,"{'Angry': 2.7460595447337255e-05, 'Disgusted': 2.9487860047083814e-06, 'Fearful': 2.2816253419932764e-07, 'Happy': 2.9046161216683686e-05, 'Neutral': 0.9999299049377441, 'Other': 3.774120159505401e-06, 'Sad': 1.5209652701742016e-06, 'Surprised': 2.1179657778702676e-06, 'Unknown': 2.8941874461452244e-06}",Make a stealth check. Make a perception check. You just broke a mechanical pencil! (laughter)
LIAM,02:35:39,02:35:47,Happy,"{'Angry': 0.0015877879923209548, 'Disgusted': 0.0032345172949135303, 'Fearful': 0.005610993131995201, 'Happy': 0.5475672483444214, 'Neutral': 0.0054809097200632095, 'Other': 0.0010336250998079777, 'Sad': 0.0031775678507983685, 'Surprised': 0.420004665851593, 'Unknown': 0.012302619405090809}","DM? I rolled a natural 20. I have advantage on stealth checks, and I rolled an 18 and a 20. Natural 20."
MATT,02:35:47,02:35:59,Neutral,"{'Angry': 6.765687454723945e-10, 'Disgusted': 5.8163203420225074e-11, 'Fearful': 9.889399195384119e-12, 'Happy': 6.048405509773147e-08, 'Neutral': 0.9999998807907104, 'Other': 3.107388912154674e-12, 'Sad': 4.7115253920537725e-09, 'Surprised': 1.8549140001766773e-10, 'Unknown': 2.8165007218833304e-12}","Sleeping soundly, drunk, you do not hear the approach of Vax. As you pull out your blade and get ready, I want you to roll a sleight of hand check."
LIAM,02:35:59,02:36:01,Neutral,"{'Angry': 0.0005740401102229953, 'Disgusted': 0.00028760824352502823, 'Fearful': 8.672571857459843e-05, 'Happy': 0.0029414379969239235, 'Neutral': 0.9948010444641113, 'Other': 1.0715730240917765e-05, 'Sad': 0.00018314577755518258, 'Surprised': 0.0011022998951375484, 'Unknown': 1.2949202755407896e-05}",After the 20?
MATT,02:36:01,02:36:08,Neutral,"{'Angry': 1.532593713396424e-12, 'Disgusted': 6.839761233518732e-14, 'Fearful': 1.7086738247169483e-14, 'Happy': 1.861987777504459e-12, 'Neutral': 1.0, 'Other': 5.81196188384806e-15, 'Sad': 4.8695136464771416e-12, 'Surprised': 5.295754611743531e-13, 'Unknown': 4.773921397625315e-14}","One thing to not be noticed. It's another to shave someone's face without being noticed. This is about stillness of fingers, not just how stealthy you can be."
LIAM,02:36:08,02:36:14,Neutral,"{'Angry': 2.6997878758983074e-12, 'Disgusted': 1.3034414042892295e-13, 'Fearful': 3.217836831411261e-14, 'Happy': 4.127109678314644e-12, 'Neutral': 1.0, 'Other': 1.0270788634457375e-14, 'Sad': 8.583427371644525e-12, 'Surprised': 8.624268833801185e-13, 'Unknown': 6.623080718842073e-14}","I'm using Luck. Okay, so I rolled a 21."
MATT,02:36:14,02:36:20,Neutral,"{'Angry': 5.412320813746874e-09, 'Disgusted': 2.709821256274836e-09, 'Fearful': 3.59455964993316e-10, 'Happy': 1.0894864566068918e-08, 'Neutral': 1.0, 'Other': 1.9032463105528308e-10, 'Sad': 8.639862159043332e-09, 'Surprised': 6.747430614240102e-09, 'Unknown': 3.8525543866185785e-10}","Roll a perception check, Grog. With advantage because this is against your face."
TRAVIS,02:36:20,02:36:25,Neutral,"{'Angry': 1.3463640016198042e-06, 'Disgusted': 1.559273755447066e-06, 'Fearful': 3.72248024405053e-07, 'Happy': 2.3500306269852445e-05, 'Neutral': 0.9999673366546631, 'Other': 7.751792736598873e-07, 'Sad': 2.476375357218785e-06, 'Surprised': 1.8523262497183168e-06, 'Unknown': 7.969992452672159e-07}",13.
LIAM,02:36:25,02:36:27,Neutral,"{'Angry': 5.027984570915578e-07, 'Disgusted': 1.874151536185309e-07, 'Fearful': 6.426179055551984e-08, 'Happy': 3.119592406619631e-07, 'Neutral': 0.9999982118606567, 'Other': 3.4312588326201876e-08, 'Sad': 5.049810738455562e-07, 'Surprised': 5.7024294619623106e-08, 'Unknown': 1.3369887597036723e-07}",21.
MATT,02:36:27,02:36:29,Neutral,"{'Angry': 1.1344102404109435e-06, 'Disgusted': 2.4570936147938482e-06, 'Fearful': 5.50402148746798e-07, 'Happy': 1.3066429346508812e-05, 'Neutral': 0.9999762773513794, 'Other': 3.6874592979074805e-07, 'Sad': 4.370762326288968e-06, 'Surprised': 1.6958076685114065e-06, 'Unknown': 1.0713009146456898e-07}",All right.
LAURA,02:36:29,02:36:31,Neutral,"{'Angry': 0.029999252408742905, 'Disgusted': 0.011654999107122421, 'Fearful': 0.0015571026597172022, 'Happy': 0.010284088551998138, 'Neutral': 0.9219793677330017, 'Other': 8.20477434899658e-05, 'Sad': 0.015799717977643013, 'Surprised': 0.008573588915169239, 'Unknown': 6.985137588344514e-05}",Why are you so evil?
LIAM,02:36:31,02:36:34,Neutral,"{'Angry': 0.0004434700822457671, 'Disgusted': 0.0011112660868093371, 'Fearful': 0.00033608649391680956, 'Happy': 0.00020882459648419172, 'Neutral': 0.9967164397239685, 'Other': 2.7518028218764812e-05, 'Sad': 0.0010112616000697017, 'Surprised': 5.04387789987959e-05, 'Unknown': 9.463622700423002e-05}",Why did he trip me and make me eat shit two months ago?
"TALIESIN, MARISHA, ORION",02:36:34,02:36:37,Neutral,"{'Angry': 8.276807572649147e-10, 'Disgusted': 3.6505251599372457e-10, 'Fearful': 6.249911699285349e-11, 'Happy': 3.0003568518566226e-09, 'Neutral': 1.0, 'Other': 8.906174409073486e-11, 'Sad': 1.7992005663103328e-09, 'Surprised': 1.4225920441646167e-10, 'Unknown': 2.7655649992297526e-10}",Oh!
TRAVIS,02:36:37,02:36:40,Neutral,"{'Angry': 0.00077257608063519, 'Disgusted': 0.0010820699390023947, 'Fearful': 0.00023402141232509166, 'Happy': 0.05598121136426926, 'Neutral': 0.9386088252067566, 'Other': 2.3255914129549637e-05, 'Sad': 0.0030331371817737818, 'Surprised': 0.0002180878509534523, 'Unknown': 4.675039235735312e-05}","Appetizer of things to come, my friend."
MATT,02:36:40,02:37:02,Neutral,"{'Angry': 5.652210366413613e-10, 'Disgusted': 1.8052807859714193e-10, 'Fearful': 5.7181145235452036e-11, 'Happy': 4.956177246384641e-09, 'Neutral': 1.0, 'Other': 3.66056351897015e-11, 'Sad': 1.4098484601987593e-09, 'Surprised': 2.3738444543397463e-09, 'Unknown': 2.1816654385831136e-11}","The crowing sound of a distant rooster. The farmlands that surround the outside of Emon, which are relatively close, within earshot. The morning sun rises, cresting over the eastern skyline of Tal'Dorei. Grog, you come to consciousness, stretch, reach up to rub-- half a beard."
TRAVIS,02:37:02,02:37:08,Neutral,"{'Angry': 0.001328222337178886, 'Disgusted': 0.0008753531728871167, 'Fearful': 6.503021722892299e-05, 'Happy': 0.0005343032535165548, 'Neutral': 0.9936391711235046, 'Other': 0.0007643752032890916, 'Sad': 0.00044423353392630816, 'Surprised': 5.08771299791988e-05, 'Unknown': 0.0022984712850302458}","Half a beard? Like, just one side of my face?"
MATT,02:37:08,02:37:09,Neutral,"{'Angry': 0.0003233561583328992, 'Disgusted': 0.00012618313485290855, 'Fearful': 1.013081146084005e-05, 'Happy': 0.00035220623249188066, 'Neutral': 0.9986336827278137, 'Other': 8.676097786519676e-05, 'Sad': 3.6344830732559785e-05, 'Surprised': 3.7212737424852094e-06, 'Unknown': 0.0004276258696336299}",One side of your face.
TRAVIS,02:37:09,02:37:12,Neutral,"{'Angry': 1.6308210888382746e-06, 'Disgusted': 1.531237558083376e-06, 'Fearful': 1.1173856364621315e-06, 'Happy': 9.508001312497072e-06, 'Neutral': 0.9999680519104004, 'Other': 1.790816213542712e-06, 'Sad': 6.161877990962239e-06, 'Surprised': 1.367514386174662e-07, 'Unknown': 1.0066556569654495e-05}","I say in a low, guttural growl--"
LIAM,02:37:12,02:37:14,Neutral,"{'Angry': 3.3232416384726404e-12, 'Disgusted': 1.6872772981308543e-13, 'Fearful': 3.785063964188186e-14, 'Happy': 6.380109548315138e-12, 'Neutral': 1.0, 'Other': 1.2563358692133444e-14, 'Sad': 9.637638777315605e-12, 'Surprised': 1.2009452677111399e-12, 'Unknown': 9.61328388312914e-14}",You have no idea it was me.
TRAVIS,02:37:14,02:37:19,Happy,"{'Angry': 0.04283957928419113, 'Disgusted': 0.0008409416186623275, 'Fearful': 0.00010514596942812204, 'Happy': 0.8208104968070984, 'Neutral': 0.11749289929866791, 'Other': 4.1810140828602016e-05, 'Sad': 0.01708807982504368, 'Surprised': 0.0007497628685086966, 'Unknown': 3.116993320873007e-05}","Vax. I didn't have to wake up to know it was you, motherfucker."
LIAM,02:37:19,02:37:22,Happy,"{'Angry': 2.7404375941841863e-06, 'Disgusted': 3.1271727493731305e-05, 'Fearful': 1.6033356587286107e-05, 'Happy': 0.9993031024932861, 'Neutral': 0.0005910471663810313, 'Other': 1.5859284303587629e-06, 'Sad': 2.0125222363276407e-05, 'Surprised': 2.8724412004521582e-06, 'Unknown': 3.120315523119643e-05}",Make an intelligence check! Make him make an intelligence check!
MARISHA,02:37:22,02:37:25,Neutral,"{'Angry': 2.8173601094749756e-05, 'Disgusted': 1.6135993064381182e-05, 'Fearful': 8.550797247153241e-06, 'Happy': 0.0006699204095639288, 'Neutral': 0.9988304972648621, 'Other': 3.29140639223624e-05, 'Sad': 5.271986810839735e-05, 'Surprised': 5.220951493356552e-07, 'Unknown': 0.00036045839078724384}",We all know it was you.
TRAVIS,02:37:25,02:37:40,Neutral,"{'Angry': 0.027560653164982796, 'Disgusted': 0.0003542211197782308, 'Fearful': 6.867635966045782e-05, 'Happy': 0.0012766958680003881, 'Neutral': 0.9687220454216003, 'Other': 0.0005459586973302066, 'Sad': 0.001020105672068894, 'Surprised': 0.00012527730723377317, 'Unknown': 0.000326381967170164}","I reach down, I find a dark stone on the ground, and I go over to the bare side of my face and I draw a very beautiful mustache to complete the other half of it."
LIAM,02:37:40,02:37:43,Neutral,"{'Angry': 0.11632250994443893, 'Disgusted': 0.008551683276891708, 'Fearful': 0.0006691581220366061, 'Happy': 0.07282593101263046, 'Neutral': 0.7606332898139954, 'Other': 0.01185576245188713, 'Sad': 0.00252888654358685, 'Surprised': 0.0005447122384794056, 'Unknown': 0.026068124920129776}",He is dumb as a post. Why does he know--
TRAVIS,02:37:43,02:37:47,Neutral,"{'Angry': 4.576444553094916e-05, 'Disgusted': 1.2434366908564698e-05, 'Fearful': 1.1860604445246281e-06, 'Happy': 8.753623114898801e-05, 'Neutral': 0.9998182654380798, 'Other': 6.407497494365089e-06, 'Sad': 1.3229449905338697e-05, 'Surprised': 4.713388364052662e-07, 'Unknown': 1.474335203965893e-05}",Because you're the only fucking idiot stupid enough to do that!
LIAM,02:37:47,02:37:53,Angry,"{'Angry': 1.0, 'Disgusted': 7.267185520021258e-09, 'Fearful': 5.993850415997315e-10, 'Happy': 1.3409170662725955e-08, 'Neutral': 3.802355053039719e-08, 'Other': 4.3866082988230914e-10, 'Sad': 1.9907928638929206e-09, 'Surprised': 3.493275668731144e-10, 'Unknown': 1.3225311124021033e-10}",Magic is mysterious! Why couldn't you grow half a beard due to magic?
TRAVIS,02:37:53,02:38:03,Happy,"{'Angry': 0.009786349721252918, 'Disgusted': 0.010599453933537006, 'Fearful': 0.00644849706441164, 'Happy': 0.4841938316822052, 'Neutral': 0.3237367570400238, 'Other': 0.00932315643876791, 'Sad': 0.04289345070719719, 'Surprised': 0.0016150556039065123, 'Unknown': 0.11140349507331848}",Maybe I don't know. Let's say I assume. (laughter)
MATT,02:38:03,02:38:06,Neutral,"{'Angry': 0.008534555323421955, 'Disgusted': 0.005452533718198538, 'Fearful': 0.009160883724689484, 'Happy': 0.05998843163251877, 'Neutral': 0.8371091485023499, 'Other': 0.005229714792221785, 'Sad': 0.011357517912983894, 'Surprised': 0.00516490638256073, 'Unknown': 0.05800234153866768}","However, it is a new morning. Roll a beard check."
TRAVIS,02:38:06,02:38:08,Happy,"{'Angry': 0.0014821127988398075, 'Disgusted': 0.0020590974017977715, 'Fearful': 0.0009706362034194171, 'Happy': 0.9643405079841614, 'Neutral': 0.020210016518831253, 'Other': 0.0001416523737134412, 'Sad': 0.0008599130669608712, 'Surprised': 0.004452790133655071, 'Unknown': 0.005483218934386969}","Eight, four."
MATT,02:38:08,02:38:10,Neutral,"{'Angry': 3.5844291232933756e-06, 'Disgusted': 3.5789400953945005e-06, 'Fearful': 1.2915671504742932e-05, 'Happy': 2.5899735192069784e-05, 'Neutral': 0.9998869895935059, 'Other': 8.180482495845354e-07, 'Sad': 1.8229657143820077e-05, 'Surprised': 4.759634975926019e-05, 'Unknown': 4.436759297732351e-07}",No movement.
LIAM,02:38:10,02:38:12,Happy,"{'Angry': 0.0010473718866705894, 'Disgusted': 0.003173639066517353, 'Fearful': 0.0013814395060762763, 'Happy': 0.9137997627258301, 'Neutral': 0.06378951668739319, 'Other': 7.072652806527913e-05, 'Sad': 0.007765478920191526, 'Surprised': 0.008925856091082096, 'Unknown': 4.6113265852909535e-05}","Sorry, big guy."
MATT,02:38:12,02:38:21,Neutral,"{'Angry': 0.02161097154021263, 'Disgusted': 0.006064690183848143, 'Fearful': 0.0008124469895847142, 'Happy': 0.4068835377693176, 'Neutral': 0.5260310769081116, 'Other': 0.006387137342244387, 'Sad': 0.002629728987812996, 'Surprised': 0.0005192012176848948, 'Unknown': 0.02906123548746109}","All right, so as a note, Percy, I want you to make four more tinkering rolls."
TALIESIN,02:38:21,02:38:23,Neutral,"{'Angry': 5.685516839548654e-07, 'Disgusted': 4.814479552806006e-07, 'Fearful': 1.0458976618110682e-07, 'Happy': 4.2380856939416844e-06, 'Neutral': 0.9999915361404419, 'Other': 3.612611010339606e-07, 'Sad': 5.273454917187337e-07, 'Surprised': 1.4821877947213125e-08, 'Unknown': 2.1232192466413835e-06}",All right.
SAM,02:38:23,02:38:32,Happy,"{'Angry': 0.00021405317238532007, 'Disgusted': 0.0008205145713873208, 'Fearful': 0.00037512509152293205, 'Happy': 0.9354315996170044, 'Neutral': 0.034656085073947906, 'Other': 0.002981716301292181, 'Sad': 0.005577125586569309, 'Surprised': 5.4085518058855087e-05, 'Unknown': 0.019889693707227707}",I'm going to give him inspiration for one of them. (singing) Do you want to build a machine gun?
TALIESIN,02:38:32,02:38:36,Happy,"{'Angry': 0.0009834684897214174, 'Disgusted': 0.013928983360528946, 'Fearful': 0.020481016486883163, 'Happy': 0.9449089765548706, 'Neutral': 0.01218304131180048, 'Other': 0.0002142823941539973, 'Sad': 0.004592320881783962, 'Surprised': 0.0012599987676367164, 'Unknown': 0.0014477967051789165}","(singing) Why, yes, I really do."
MATT,02:38:36,02:38:37,Neutral,"{'Angry': 5.0517123817428455e-09, 'Disgusted': 5.094419330831101e-10, 'Fearful': 1.8743358254358355e-10, 'Happy': 1.5390273233606422e-07, 'Neutral': 0.9999998807907104, 'Other': 4.3967489371521395e-11, 'Sad': 4.313113777243416e-08, 'Surprised': 3.8657095302596645e-09, 'Unknown': 1.5670156144897973e-11}",What have you got?
TALIESIN,02:38:37,02:38:39,Neutral,"{'Angry': 0.00010128752182936296, 'Disgusted': 0.00013796768325846642, 'Fearful': 2.9973245545988902e-05, 'Happy': 0.008450599387288094, 'Neutral': 0.9904685616493225, 'Other': 5.0667458708630875e-05, 'Sad': 0.0005788654088973999, 'Surprised': 4.519075446296483e-05, 'Unknown': 0.000136928865686059}",28.
MATT,02:38:39,02:38:42,Neutral,"{'Angry': 2.4518878490198404e-05, 'Disgusted': 3.066178396693431e-05, 'Fearful': 2.1024934540037066e-05, 'Happy': 0.00044063199311494827, 'Neutral': 0.9991236329078674, 'Other': 2.1390516849351116e-05, 'Sad': 3.894791370839812e-05, 'Surprised': 1.267994139197981e-05, 'Unknown': 0.0002865028800442815}","28, okay. Second one?"
MARISHA,02:38:42,02:38:46,Neutral,"{'Angry': 7.540007680717498e-12, 'Disgusted': 6.689317611115186e-13, 'Fearful': 2.0207398037860869e-13, 'Happy': 1.442100085180531e-11, 'Neutral': 1.0, 'Other': 6.753104342003755e-14, 'Sad': 3.751325985956733e-11, 'Surprised': 3.003386818759002e-12, 'Unknown': 3.4606554275874724e-13}",Oh god.
MATT,02:38:46,02:38:49,Neutral,"{'Angry': 0.008057981729507446, 'Disgusted': 0.005839118268340826, 'Fearful': 0.008947876282036304, 'Happy': 0.014307819306850433, 'Neutral': 0.9022138118743896, 'Other': 0.0020530549809336662, 'Sad': 0.01628970168530941, 'Surprised': 0.0008026326540857553, 'Unknown': 0.04148802161216736}",Dice going everywhere.
SAM,02:38:49,02:38:53,Neutral,"{'Angry': 0.0008780800271779299, 'Disgusted': 0.0011124064913019538, 'Fearful': 0.0014104449655860662, 'Happy': 0.0316152386367321, 'Neutral': 0.9395548701286316, 'Other': 0.0009388015023432672, 'Sad': 0.006373678334057331, 'Surprised': 0.00021148371160961688, 'Unknown': 0.017904888838529587}","Inspiration, d10."
TALIESIN,02:38:53,02:38:56,Neutral,"{'Angry': 1.373129805415374e-07, 'Disgusted': 5.4011518813013026e-08, 'Fearful': 1.0242271031302153e-08, 'Happy': 0.00013064558152109385, 'Neutral': 0.9998677968978882, 'Other': 6.9011685255304656e-09, 'Sad': 1.1589169162107282e-06, 'Surprised': 1.3732527293086605e-07, 'Unknown': 1.7354193637686421e-09}",I got a d6 from the last one you did.
MATT,02:38:56,02:38:59,Happy,"{'Angry': 2.84544316997426e-08, 'Disgusted': 8.802914663874617e-08, 'Fearful': 2.477649196919174e-08, 'Happy': 0.9999980926513672, 'Neutral': 1.2095903230147087e-06, 'Other': 1.4244967871945846e-08, 'Sad': 4.195720748612075e-07, 'Surprised': 1.135219065417914e-07, 'Unknown': 3.123336922428166e-09}",d6 is what I gave you.
TALIESIN,02:38:59,02:39:05,Happy,"{'Angry': 3.735811333172023e-05, 'Disgusted': 9.721594688016921e-05, 'Fearful': 3.891303276759572e-05, 'Happy': 0.997572124004364, 'Neutral': 0.0008084577275440097, 'Other': 4.182405973551795e-05, 'Sad': 0.0001812516275094822, 'Surprised': 4.957263172400417e-06, 'Unknown': 0.0012179252225905657}","d10, so I'll roll a d10 with the next one. That one was 20."
MATT,02:39:05,02:39:07,Happy,"{'Angry': 0.0010443211067467928, 'Disgusted': 0.0052507780492305756, 'Fearful': 0.006991266272962093, 'Happy': 0.7852232456207275, 'Neutral': 0.08914438635110855, 'Other': 0.0003401060530450195, 'Sad': 0.0025690088514238596, 'Surprised': 0.0002541043213568628, 'Unknown': 0.10918278992176056}",All right. Third one?
TALIESIN,02:39:07,02:39:11,Happy,"{'Angry': 0.006712802220135927, 'Disgusted': 0.014273950830101967, 'Fearful': 0.009802764281630516, 'Happy': 0.7583941221237183, 'Neutral': 0.10914789140224457, 'Other': 0.002157399896532297, 'Sad': 0.012332412414252758, 'Surprised': 0.0009177251486107707, 'Unknown': 0.08626098930835724}",28.
MATT,02:39:11,02:39:18,Happy,"{'Angry': 0.013738970272243023, 'Disgusted': 0.00010433165152790025, 'Fearful': 6.342740380205214e-05, 'Happy': 0.9833709001541138, 'Neutral': 0.0013912637950852513, 'Other': 0.0003040375013370067, 'Sad': 0.0006724087870679796, 'Surprised': 0.00016240295371972024, 'Unknown': 0.00019227170560043305}","All right, and the fourth one?"
TALIESIN,02:39:18,02:39:19,Surprised,"{'Angry': 0.006877823732793331, 'Disgusted': 0.0031872980762273073, 'Fearful': 0.0012098910519853234, 'Happy': 0.2733556032180786, 'Neutral': 0.041561104357242584, 'Other': 5.771265932708047e-05, 'Sad': 0.0029320677276700735, 'Surprised': 0.6702465415000916, 'Unknown': 0.0005718994652852416}",23.
MATT,02:39:19,02:39:39,Neutral,"{'Angry': 0.006574575789272785, 'Disgusted': 0.017344055697321892, 'Fearful': 0.0012387337628751993, 'Happy': 0.43089449405670166, 'Neutral': 0.46784693002700806, 'Other': 0.017588872462511063, 'Sad': 0.005895376205444336, 'Surprised': 0.0388045571744442, 'Unknown': 0.013812383636832237}","Okay, so over the next few days, you've constructed what amounts to a large, metallic gauntlet. You have taken this gauntlet and wired all through it insulation and metallic insulating tips in what is essentially a small, for lack of a better term, alternator of some kind."
TALIESIN,02:39:39,02:39:43,Neutral,"{'Angry': 2.4872763570993328e-11, 'Disgusted': 1.5907389338057354e-12, 'Fearful': 7.720959830682939e-13, 'Happy': 8.58117257807045e-11, 'Neutral': 1.0, 'Other': 1.5793346719392837e-13, 'Sad': 1.116943967871542e-10, 'Surprised': 6.169700601105221e-12, 'Unknown': 6.845089816145955e-13}",I was going to try to sneak in a few bullets during that time.
MATT,02:39:43,02:40:00,Neutral,"{'Angry': 2.1304022084223107e-06, 'Disgusted': 4.143083970120642e-06, 'Fearful': 2.2172935132402927e-07, 'Happy': 1.718354906188324e-05, 'Neutral': 0.9999632835388184, 'Other': 3.5352948088984704e-06, 'Sad': 3.176049176545348e-06, 'Surprised': 1.8052747918773093e-06, 'Unknown': 4.4105422603024635e-06}","The fifth roll's going to be that. You have constructed this device. The quality seems fair. It's untested technology, just something that's a brainchild of your own, utilizing Keyleth's aid. Keyleth, I'm going to have you roll a wisdom check. Roll that and add five."
MARISHA,02:40:00,02:40:05,Unknown,"{'Angry': 0.0138193154707551, 'Disgusted': 0.03269243240356445, 'Fearful': 0.09008579701185226, 'Happy': 0.1059405654668808, 'Neutral': 0.08250941336154938, 'Other': 0.0020903591066598892, 'Sad': 0.023337015882134438, 'Surprised': 0.00016305989993270487, 'Unknown': 0.6493620276451111}",Well. Add just my base wisdom?
MATT,02:40:05,02:40:07,Neutral,"{'Angry': 2.183909828090691e-06, 'Disgusted': 5.009922006138368e-07, 'Fearful': 1.3629216937260935e-06, 'Happy': 2.595089881651802e-06, 'Neutral': 0.9999861717224121, 'Other': 1.113114791451153e-07, 'Sad': 5.000888904760359e-06, 'Surprised': 2.0151762782916194e-06, 'Unknown': 3.722974639686072e-08}","Plus six, it would be. Sorry."
MARISHA,02:40:07,02:40:09,Happy,"{'Angry': 0.011898459866642952, 'Disgusted': 0.007740451488643885, 'Fearful': 0.01951022632420063, 'Happy': 0.6171314120292664, 'Neutral': 0.2026919573545456, 'Other': 0.000645568361505866, 'Sad': 0.061139170080423355, 'Surprised': 0.07193242758512497, 'Unknown': 0.007310296408832073}","Yes, plus six, so 20 total."
MATT,02:40:09,02:41:01,Neutral,"{'Angry': 0.0014357827603816986, 'Disgusted': 0.005513952579349279, 'Fearful': 0.0005111971986480057, 'Happy': 0.016024796292185783, 'Neutral': 0.7977115511894226, 'Other': 0.004826555494219065, 'Sad': 0.0007340520387515426, 'Surprised': 0.1690036505460739, 'Unknown': 0.00423844438046217}","20 total. You step out and you set it down in the middle of the courtyard. Keyleth, you summon a storm that slowly gathers above the top of the keep. You guys start hearing sounds like rolling thunder outside and you come and look, and you see Percy and Keyleth are out standing in the middle of the courtyard. Keyleth with her arm in the air as this black, dark storm cloud begins to swirl above the entirety of Greyskull Keep. With that, she brings her hand up and then brings her fist down as a bolt of energy (thunder clap) streaks down from the clouds, slamming into a small object on the ground that then gets flung about 15 feet in a random direction. Tumbles to the ground. You rush over to grab it. You can see arcing over the metal. (electric sparking) These small electric arcs. You reach over and wait a second. You prod it. Pick it up and it's hot. Drop it instinctively. You give it a few minutes to cool off. Pick it up when it's warm enough; you put it on and there is essentially this large, sparking, metal centerpiece that is giving off this low hum."
MARISHA,02:41:01,02:41:05,Neutral,"{'Angry': 1.4217250488002264e-08, 'Disgusted': 2.5824821392461672e-08, 'Fearful': 8.94005047769042e-09, 'Happy': 1.201353541091521e-07, 'Neutral': 0.9999997615814209, 'Other': 1.0642787984238566e-08, 'Sad': 1.5234255101859162e-07, 'Surprised': 7.731023821122562e-09, 'Unknown': 1.3565006007354441e-08}",Did it work? Try it on Tiberius.
ORION,02:41:05,02:41:08,Neutral,"{'Angry': 4.150915999812099e-10, 'Disgusted': 4.881000117973322e-11, 'Fearful': 8.19867871509894e-12, 'Happy': 6.988393752571653e-10, 'Neutral': 1.0, 'Other': 1.0463853741815576e-11, 'Sad': 6.705717647825793e-10, 'Surprised': 4.4001056270781547e-11, 'Unknown': 5.269562564080843e-11}",Sure. Here.
TALIESIN,02:41:08,02:41:10,Angry,"{'Angry': 0.9999861717224121, 'Disgusted': 6.382980245689396e-06, 'Fearful': 5.495914479070052e-07, 'Happy': 2.3399652491207235e-06, 'Neutral': 2.904758503063931e-06, 'Other': 1.3082006944387103e-07, 'Sad': 1.2223980547787505e-06, 'Surprised': 1.961578988129986e-07, 'Unknown': 1.5844558731714642e-07}",Touch.
MATT,02:41:10,02:41:15,Neutral,"{'Angry': 9.037018095653382e-13, 'Disgusted': 3.075950342416693e-14, 'Fearful': 8.411858788194039e-15, 'Happy': 1.0788101098210823e-12, 'Neutral': 1.0, 'Other': 2.9755115472235305e-15, 'Sad': 2.8753403737841188e-12, 'Surprised': 2.9007991755175544e-13, 'Unknown': 1.984835364642057e-14}","Okay. Tiberius, make a constitution saving throw."
"SAM, ORION",02:41:15,02:41:22,Neutral,"{'Angry': 0.03907155990600586, 'Disgusted': 0.0007843207567930222, 'Fearful': 0.00036789587466046214, 'Happy': 0.015477913431823254, 'Neutral': 0.9333526492118835, 'Other': 0.00032566580921411514, 'Sad': 0.0063194530084729195, 'Surprised': 0.0036161288153380156, 'Unknown': 0.0006843871087767184}",No! (laughter)
MATT,02:41:22,02:41:40,Happy,"{'Angry': 9.231522490882327e-11, 'Disgusted': 2.525810671727413e-10, 'Fearful': 1.351840028807061e-10, 'Happy': 1.0, 'Neutral': 8.732818357337635e-10, 'Other': 3.6384434354275186e-10, 'Sad': 9.758827079764387e-10, 'Surprised': 3.7229230809288083e-10, 'Unknown': 7.485945890950418e-11}","All right, you suffer 14 points of lightning damage and are stunned for a round. I need you to go ahead and roll a d20."
TALIESIN,02:41:40,02:41:44,Angry,"{'Angry': 0.6399145126342773, 'Disgusted': 0.024905193597078323, 'Fearful': 0.0004911490250378847, 'Happy': 0.02108345925807953, 'Neutral': 0.2867104113101959, 'Other': 0.003436070866882801, 'Sad': 0.0012389352777972817, 'Surprised': 0.00011067489685956389, 'Unknown': 0.022109538316726685}",Cock-a-dooed. (yelps)
MARISHA,02:41:44,02:41:48,Neutral,"{'Angry': 1.0189777910341036e-09, 'Disgusted': 1.8585549765859355e-10, 'Fearful': 5.169237260460591e-11, 'Happy': 2.9000695178638125e-09, 'Neutral': 1.0, 'Other': 2.750329824996456e-11, 'Sad': 1.2996309584067944e-09, 'Surprised': 1.7153094222788212e-10, 'Unknown': 2.810574273315325e-10}",High rolls startle him.
TALIESIN,02:41:48,02:41:49,Neutral,"{'Angry': 3.151478011886866e-08, 'Disgusted': 1.251569248239548e-08, 'Fearful': 4.271485387619123e-09, 'Happy': 7.750561962893698e-06, 'Neutral': 0.9999912977218628, 'Other': 2.0987513948966807e-09, 'Sad': 8.909164534998126e-07, 'Surprised': 2.4289645850217312e-08, 'Unknown': 9.752136875817996e-10}",19.
MATT,02:41:49,02:42:11,Neutral,"{'Angry': 1.8321434647194934e-10, 'Disgusted': 1.107125242177931e-11, 'Fearful': 3.952201847040593e-12, 'Happy': 1.3211903793219903e-09, 'Neutral': 1.0, 'Other': 6.579770365708337e-13, 'Sad': 3.5746364202005054e-10, 'Surprised': 4.610488379963584e-11, 'Unknown': 9.180912106943051e-12}","19, okay. It stays intact from the force of it. A little bit of the energy that was stored in there appears to dissipate. You figure there's only a few applications of this before it needs to be recharged, and every single time it's utilized, there's a low chance that it may detonate, or crumble, or something bad may happen."
SAM,02:42:11,02:42:14,Neutral,"{'Angry': 4.3109171343758135e-08, 'Disgusted': 9.09996487052922e-08, 'Fearful': 1.642857512251794e-07, 'Happy': 7.3617934504e-07, 'Neutral': 0.9999940395355225, 'Other': 6.879069758269907e-08, 'Sad': 4.046454250783427e-06, 'Surprised': 3.767950840227741e-09, 'Unknown': 7.682391469643335e-07}","Percy, that's amazing! What do you call it?"
ORION,02:42:14,02:42:17,Neutral,"{'Angry': 0.0005248781526461244, 'Disgusted': 9.978373418562114e-05, 'Fearful': 2.7532430976862088e-05, 'Happy': 5.902256089029834e-05, 'Neutral': 0.9991992115974426, 'Other': 1.0097501217387617e-05, 'Sad': 3.164176450809464e-05, 'Surprised': 2.270032200613059e-05, 'Unknown': 2.5122171791736037e-05}",(unintelligible mumbling)
TALIESIN,02:42:17,02:42:23,Surprised,"{'Angry': 0.041302744299173355, 'Disgusted': 0.003046506317332387, 'Fearful': 0.20366446673870087, 'Happy': 0.01934061571955681, 'Neutral': 0.31754744052886963, 'Other': 0.0012451820075511932, 'Sad': 0.0008011237950995564, 'Surprised': 0.41180139780044556, 'Unknown': 0.0012504954356700182}","Are you all right, Tiberius?"
MARISHA,02:42:23,02:42:27,Neutral,"{'Angry': 8.458495722152293e-05, 'Disgusted': 3.163497979130625e-07, 'Fearful': 1.3123944597737136e-08, 'Happy': 1.383590870318585e-06, 'Neutral': 0.9999133348464966, 'Other': 2.5187580021679423e-08, 'Sad': 2.50384147193472e-07, 'Surprised': 4.0609915430422916e-08, 'Unknown': 5.3940471644864374e-08}",I go over and give him a Cure Wounds.
MATT,02:42:27,02:42:34,Neutral,"{'Angry': 9.691298111236257e-12, 'Disgusted': 4.5049792889162443e-13, 'Fearful': 1.6173396172672327e-13, 'Happy': 1.1539077852951163e-11, 'Neutral': 1.0, 'Other': 2.6667394082357208e-14, 'Sad': 1.7074579597431416e-11, 'Surprised': 2.586973387244673e-12, 'Unknown': 1.4694396686856098e-13}","You manage to eventually shake off all your muscles that were so locked, tense, give way for a second."
ORION,02:42:34,02:42:35,Neutral,"{'Angry': 0.0004046012181788683, 'Disgusted': 8.181938028428704e-06, 'Fearful': 2.4942832510532753e-07, 'Happy': 9.546908586344216e-06, 'Neutral': 0.9995686411857605, 'Other': 1.913861069624545e-06, 'Sad': 4.829231784242438e-06, 'Surprised': 1.4005311186338076e-06, 'Unknown': 4.871986334364919e-07}",It's effective.
MARISHA,02:42:35,02:42:37,Neutral,"{'Angry': 6.860255419294248e-12, 'Disgusted': 3.861457865701051e-13, 'Fearful': 1.0687739755710357e-13, 'Happy': 9.178845183921425e-12, 'Neutral': 1.0, 'Other': 3.337683184305093e-14, 'Sad': 1.8274309149246548e-11, 'Surprised': 1.6624157562691866e-12, 'Unknown': 2.5259945502474623e-13}",That was awesome.
TALIESIN,02:42:37,02:42:39,Neutral,"{'Angry': 4.5203332632581805e-08, 'Disgusted': 3.261467540482954e-08, 'Fearful': 2.211286727060724e-07, 'Happy': 6.040872335688618e-08, 'Neutral': 0.9999990463256836, 'Other': 2.2871597948892486e-09, 'Sad': 5.538166760743479e-07, 'Surprised': 2.7134040792020642e-08, 'Unknown': 2.2889881101662013e-09}",I call it Diplomacy.
SAM,02:42:39,02:42:40,Surprised,"{'Angry': 4.573583282763138e-06, 'Disgusted': 1.0946436304948293e-05, 'Fearful': 4.502775482251309e-06, 'Happy': 3.1617112199455732e-06, 'Neutral': 7.224926321214298e-06, 'Other': 2.2514218755986803e-07, 'Sad': 6.642385415034369e-07, 'Surprised': 0.9999686479568481, 'Unknown': 1.4330116648864077e-08}",Diplomacy?
LAURA,02:42:40,02:42:42,Angry,"{'Angry': 0.8009036779403687, 'Disgusted': 0.003587540937587619, 'Fearful': 0.005608591251075268, 'Happy': 0.021419841796159744, 'Neutral': 0.0008794766617938876, 'Other': 0.00027897980180568993, 'Sad': 0.0023793678265064955, 'Surprised': 0.1647685021162033, 'Unknown': 0.0001740947918733582}",I like it.
TRAVIS,02:42:42,02:42:44,Neutral,"{'Angry': 0.0007733451202511787, 'Disgusted': 0.001531902584247291, 'Fearful': 0.0006068625953048468, 'Happy': 0.00039661172195337713, 'Neutral': 0.9630564451217651, 'Other': 1.1994182386843022e-05, 'Sad': 0.015722522512078285, 'Surprised': 0.017895687371492386, 'Unknown': 4.7123835429374594e-06}",That's great.
LAURA,02:42:44,02:42:52,Neutral,"{'Angry': 2.359684536656914e-08, 'Disgusted': 2.991112024730569e-09, 'Fearful': 6.622687120927395e-11, 'Happy': 3.905994105934951e-08, 'Neutral': 1.0, 'Other': 8.155931485731571e-11, 'Sad': 6.633388949239816e-09, 'Surprised': 5.140353698251943e-10, 'Unknown': 3.992115665818474e-11}","As we're standing watching that, Trinket comes rolling into the courtyard!"
MATT,02:42:52,02:42:54,Neutral,"{'Angry': 0.00024336203932762146, 'Disgusted': 0.000223828581511043, 'Fearful': 0.00043137589818798006, 'Happy': 0.0045942217111587524, 'Neutral': 0.9887593984603882, 'Other': 0.0001249712222488597, 'Sad': 0.003950210753828287, 'Surprised': 4.2585463233990595e-05, 'Unknown': 0.0016300524584949017}",Let's go ahead and make an animal handling check.
LAURA,02:42:54,02:42:59,Neutral,"{'Angry': 1.7297585586106834e-08, 'Disgusted': 2.9415081481687366e-09, 'Fearful': 1.922293213496573e-09, 'Happy': 7.186432071648596e-07, 'Neutral': 0.999998927116394, 'Other': 5.862819119073492e-10, 'Sad': 3.363715563864389e-07, 'Surprised': 1.4882830523532675e-09, 'Unknown': 1.3679152255363647e-09}","Oh, why didn't I get more points in that?"
LIAM,02:42:59,02:43:02,Happy,"{'Angry': 0.0012304275296628475, 'Disgusted': 0.000648391607683152, 'Fearful': 0.003983126953244209, 'Happy': 0.954592227935791, 'Neutral': 0.020816201344132423, 'Other': 0.00034770037746056914, 'Sad': 0.014185410924255848, 'Surprised': 0.004137469921261072, 'Unknown': 5.9063531807623804e-05}",Roll high. Come on.
MATT,02:43:02,02:43:08,Neutral,"{'Angry': 1.6623540044502505e-10, 'Disgusted': 2.590050743322969e-11, 'Fearful': 5.1762496199037056e-12, 'Happy': 1.1770696639601397e-09, 'Neutral': 1.0, 'Other': 3.706728934210757e-12, 'Sad': 5.619446019622387e-10, 'Surprised': 3.2255226267707826e-11, 'Unknown': 1.4301053397058894e-11}",I say with advantage because Trinket's been your companion for so long.
LAURA,02:43:08,02:43:10,Neutral,"{'Angry': 0.00016260590928141028, 'Disgusted': 0.00027765013510361314, 'Fearful': 4.543099203146994e-05, 'Happy': 7.497215119656175e-05, 'Neutral': 0.9933305382728577, 'Other': 2.9611266654683277e-05, 'Sad': 0.006009852979332209, 'Surprised': 1.4564136108674575e-05, 'Unknown': 5.483788117999211e-05}",Natural 20!
MATT,02:43:10,02:43:30,Happy,"{'Angry': 0.0014856097986921668, 'Disgusted': 0.0007400574977509677, 'Fearful': 1.7427628336008638e-05, 'Happy': 0.9500805735588074, 'Neutral': 0.047507673501968384, 'Other': 1.983531183213927e-05, 'Sad': 0.00011266602814430371, 'Surprised': 2.5055538571905345e-05, 'Unknown': 1.1182534763065632e-05}","Which is close to what you needed because this is a very difficult feat. Over the week you've worked with Trinket and you've worked on a technique where, instead of a multi-attack, Trinket can do what is essentially a trample attack, meaning Trinket can roll forward and roll through anything that's equal to or smaller. And damage everything in that path."
LIAM,02:43:30,02:43:35,Happy,"{'Angry': 4.422060555953067e-06, 'Disgusted': 3.016355913132429e-05, 'Fearful': 1.001219243335072e-05, 'Happy': 0.9984661340713501, 'Neutral': 0.0011188405333086848, 'Other': 1.8893162632593885e-05, 'Sad': 1.6683494322933257e-05, 'Surprised': 5.648484602716053e-06, 'Unknown': 0.0003293032932560891}",(singing) Circus bear.
MATT,02:43:35,02:43:42,Neutral,"{'Angry': 0.10050364583730698, 'Disgusted': 0.00028426339849829674, 'Fearful': 2.5489309336990118e-05, 'Happy': 0.0011863504769280553, 'Neutral': 0.8976946473121643, 'Other': 8.281925147457514e-06, 'Sad': 0.00025480063050054014, 'Surprised': 2.6416420951136388e-05, 'Unknown': 1.6125964975799434e-05}","We'll go over the logistics of that some other time, but Trinket has now learned a roly-poly trample attack."
LAURA,02:43:42,02:43:44,Neutral,"{'Angry': 0.38866302371025085, 'Disgusted': 0.005313389468938112, 'Fearful': 0.00033522903686389327, 'Happy': 0.005197469610720873, 'Neutral': 0.5925518870353699, 'Other': 0.0002550859353505075, 'Sad': 0.0013278862461447716, 'Surprised': 0.005142524838447571, 'Unknown': 0.0012135588331148028}",Should we call it the roly-poly or the cannonball?
TRAVIS,02:43:44,02:43:45,Angry,"{'Angry': 1.0, 'Disgusted': 1.7120969086903415e-09, 'Fearful': 5.660852897548807e-10, 'Happy': 5.736308317239036e-09, 'Neutral': 1.8058601281012443e-09, 'Other': 1.8796454670511054e-10, 'Sad': 1.1436654956398229e-09, 'Surprised': 4.472767989316395e-10, 'Unknown': 1.9865730588319863e-11}",That's your call.
MATT,02:43:45,02:43:48,Happy,"{'Angry': 8.320091637870064e-07, 'Disgusted': 1.3217383639130276e-05, 'Fearful': 8.361226718989201e-06, 'Happy': 0.9999567270278931, 'Neutral': 7.479282430722378e-06, 'Other': 1.0956450751109514e-06, 'Sad': 5.061734555056319e-06, 'Surprised': 1.9135798083880218e-06, 'Unknown': 5.290889930620324e-06}",It's your call. Call it what you want.
LIAM,02:43:48,02:43:50,Neutral,"{'Angry': 0.00031853842665441334, 'Disgusted': 5.693712409993168e-06, 'Fearful': 1.9556475308490917e-05, 'Happy': 0.0005702254711650312, 'Neutral': 0.9985780715942383, 'Other': 7.268232025126053e-07, 'Sad': 7.06978389644064e-05, 'Surprised': 0.0004362832405604422, 'Unknown': 2.5011868842739204e-07}",Roly-poly is cute; cannonball is--
LAURA,02:43:50,02:43:52,Neutral,"{'Angry': 3.6069632187718526e-05, 'Disgusted': 8.687390072736889e-05, 'Fearful': 6.924857007106766e-05, 'Happy': 0.00028754709637723863, 'Neutral': 0.999040424823761, 'Other': 2.7984156986349262e-05, 'Sad': 0.0002360362996114418, 'Surprised': 3.906623533111997e-05, 'Unknown': 0.00017674222181085497}",I think I like cannonball because it's better to shout during the battle.
MATT,02:43:52,02:43:54,Happy,"{'Angry': 0.004375007003545761, 'Disgusted': 0.008696800097823143, 'Fearful': 0.32759803533554077, 'Happy': 0.5510353446006775, 'Neutral': 0.03625846281647682, 'Other': 0.023645099252462387, 'Sad': 0.03443748503923416, 'Surprised': 0.012132645584642887, 'Unknown': 0.0018211603164672852}",The Trinket cannonball.
LIAM,02:43:54,02:43:56,Happy,"{'Angry': 0.00019350173533894122, 'Disgusted': 0.0009732861653901637, 'Fearful': 0.00014852940512355417, 'Happy': 0.9543733596801758, 'Neutral': 0.042016785591840744, 'Other': 0.0001025511373882182, 'Sad': 0.0004516758199315518, 'Surprised': 0.001631728489883244, 'Unknown': 0.0001085878029698506}",Roly-poly!
ORION,02:43:56,02:44:05,Neutral,"{'Angry': 4.014306664856804e-10, 'Disgusted': 1.918510489362646e-10, 'Fearful': 1.2434578366971039e-10, 'Happy': 1.345568989563617e-09, 'Neutral': 1.0, 'Other': 2.6560781352102936e-11, 'Sad': 3.4317868546906993e-09, 'Surprised': 7.780400212986649e-10, 'Unknown': 1.8845912677645238e-11}","For brevity, I rolled six dice. I rolled, the only high ones worth mentioning was a 13, a 15, and 18."
MATT,02:44:05,02:44:07,Neutral,"{'Angry': 1.4195407516126579e-08, 'Disgusted': 2.5475404896724285e-08, 'Fearful': 1.2532756166194758e-08, 'Happy': 2.379568826427203e-07, 'Neutral': 0.9999995231628418, 'Other': 1.0880053302741999e-08, 'Sad': 2.658882749528857e-07, 'Surprised': 2.010502342386644e-08, 'Unknown': 9.180674886977158e-09}",With a 15 and an 18--
ORION,02:44:07,02:44:08,Neutral,"{'Angry': 0.007167772855609655, 'Disgusted': 0.010854215361177921, 'Fearful': 0.00026916764909401536, 'Happy': 0.010005824267864227, 'Neutral': 0.9599885940551758, 'Other': 7.301932782866061e-05, 'Sad': 0.0098924795165658, 'Surprised': 0.001709431642666459, 'Unknown': 3.9555892726639286e-05}","17, I mean."
MATT,02:44:08,02:44:09,Happy,"{'Angry': 0.1380971223115921, 'Disgusted': 0.005779501516371965, 'Fearful': 0.0035010348074138165, 'Happy': 0.766545832157135, 'Neutral': 0.032920610159635544, 'Other': 0.007731125224381685, 'Sad': 0.005123415030539036, 'Surprised': 0.0001562045217724517, 'Unknown': 0.040145136415958405}",Yeah.
ORION,02:44:09,02:44:20,Neutral,"{'Angry': 0.0014339243061840534, 'Disgusted': 0.00012974547280464321, 'Fearful': 3.935047425329685e-05, 'Happy': 9.588707325747237e-05, 'Neutral': 0.997938334941864, 'Other': 1.9137038179906085e-05, 'Sad': 0.00028640928212553263, 'Surprised': 3.7911686376901343e-05, 'Unknown': 1.9315957615617663e-05}","And the, because they're all negative three. And I attempted to teach to Lockheed to hide and speak and to stay."
MATT,02:44:20,02:44:41,Neutral,"{'Angry': 6.927614037977037e-09, 'Disgusted': 4.612682680260605e-09, 'Fearful': 3.90653370763161e-10, 'Happy': 6.480285463794644e-08, 'Neutral': 0.9999998807907104, 'Other': 1.21315113510434e-09, 'Sad': 5.5742532367730746e-08, 'Surprised': 5.8524256552061615e-09, 'Unknown': 1.1498356711214797e-09}","Okay. To hide and to speak. To stay did not stick, unfortunately. You had two rolls that were high enough to get those two in there though. Hide and speak. All right. The morning has come to fruition. You have a few hours before you're supposed to arrive at the palace. You have been notified that this is a very formal event."
SAM,02:44:41,02:44:43,Angry,"{'Angry': 0.9984319806098938, 'Disgusted': 0.00011130135681014508, 'Fearful': 3.072257823077962e-05, 'Happy': 0.0002048307069344446, 'Neutral': 0.0010752760572358966, 'Other': 7.4640329330577515e-06, 'Sad': 3.875061884173192e-05, 'Surprised': 6.767806189600378e-05, 'Unknown': 3.206668407074176e-05}",We'll need fancy robes.
LAURA,02:44:43,02:44:47,Neutral,"{'Angry': 1.1115061093747158e-09, 'Disgusted': 1.721920002417665e-11, 'Fearful': 6.612207743145193e-12, 'Happy': 6.520288753364412e-10, 'Neutral': 1.0, 'Other': 3.498738299946569e-13, 'Sad': 6.500011084931145e-10, 'Surprised': 6.539066510491409e-11, 'Unknown': 8.207639754474749e-13}","Oh, we have some formal dresses already."
MATT,02:44:47,02:44:50,Neutral,"{'Angry': 0.0002862167893908918, 'Disgusted': 0.00015344485291279852, 'Fearful': 2.556304752943106e-05, 'Happy': 0.00047040896606631577, 'Neutral': 0.9983810186386108, 'Other': 8.781094220466912e-05, 'Sad': 6.83799953549169e-05, 'Surprised': 1.485753364249831e-05, 'Unknown': 0.0005123347509652376}","Roll again, please."
TALIESIN,02:44:50,02:44:52,Sad,"{'Angry': 0.004117615055292845, 'Disgusted': 0.00019174974295310676, 'Fearful': 0.003897897433489561, 'Happy': 3.653881503851153e-05, 'Neutral': 0.0004360944149084389, 'Other': 2.188079452025704e-05, 'Sad': 0.9911540150642395, 'Surprised': 5.458415671455441e-06, 'Unknown': 0.00013876463344786316}",23.
MATT,02:44:52,02:45:00,Neutral,"{'Angry': 4.300690914504912e-09, 'Disgusted': 3.5782449225862933e-10, 'Fearful': 3.735240242108695e-11, 'Happy': 6.111488648485874e-09, 'Neutral': 1.0, 'Other': 9.582800525320678e-11, 'Sad': 1.3662061482122567e-09, 'Surprised': 3.5504735262925635e-10, 'Unknown': 2.0864951433274825e-10}",You manage to construct 20 pieces of ammunition from 20 units of materials.
TRAVIS,02:45:00,02:45:03,Neutral,"{'Angry': 0.00020980638510081917, 'Disgusted': 0.0005083165597170591, 'Fearful': 0.0009113512933254242, 'Happy': 0.007203496526926756, 'Neutral': 0.9771105051040649, 'Other': 0.00013333612878341228, 'Sad': 0.0005559663404710591, 'Surprised': 1.110850917029893e-05, 'Unknown': 0.013356102630496025}",We have three fancy robes.
ORION,02:45:03,02:45:07,Neutral,"{'Angry': 7.543510087415495e-14, 'Disgusted': 2.702411396128036e-15, 'Fearful': 4.553548539276632e-16, 'Happy': 9.590666748184734e-14, 'Neutral': 1.0, 'Other': 6.072738129077478e-16, 'Sad': 2.432744489796329e-13, 'Surprised': 3.936894958796698e-14, 'Unknown': 2.0012868620601035e-15}","Oh, and I've picked up my glaive, right? Two days. It was time to."
MATT,02:45:07,02:45:12,Neutral,"{'Angry': 3.597200315397231e-10, 'Disgusted': 2.5383720125837783e-10, 'Fearful': 1.2766214300963252e-11, 'Happy': 5.280290094056284e-10, 'Neutral': 1.0, 'Other': 4.263061431641901e-11, 'Sad': 7.506681387603464e-10, 'Surprised': 1.7448190114954798e-10, 'Unknown': 2.907549027930667e-11}",You go back to Karin. You now have some kind of a knife-glaive thing.
ORION,02:45:12,02:45:17,Neutral,"{'Angry': 1.0997947583746281e-06, 'Disgusted': 5.0791271632988355e-08, 'Fearful': 1.2442805896739628e-08, 'Happy': 2.065838344833537e-07, 'Neutral': 0.9999985694885254, 'Other': 4.326890845618436e-09, 'Sad': 1.0721608845187802e-07, 'Surprised': 3.271796344961331e-08, 'Unknown': 6.700289656436098e-09}",Krull! I'm naming it Krull.
MATT,02:45:17,02:45:23,Neutral,"{'Angry': 0.007217587903141975, 'Disgusted': 0.007236347999423742, 'Fearful': 0.006153900176286697, 'Happy': 0.01076439954340458, 'Neutral': 0.9093088507652283, 'Other': 0.002552605466917157, 'Sad': 0.026985250413417816, 'Surprised': 0.000699878903105855, 'Unknown': 0.029081089422106743}",You are unsure how it will work in combat? But it looks neat.
ORION,02:45:23,02:45:24,Happy,"{'Angry': 0.012569705955684185, 'Disgusted': 0.026946572586894035, 'Fearful': 0.0013637143420055509, 'Happy': 0.835700273513794, 'Neutral': 0.11126848310232162, 'Other': 4.8317790060536936e-05, 'Sad': 0.009002764709293842, 'Surprised': 0.003067963756620884, 'Unknown': 3.2174615625990555e-05}",And I attach it to my coat.
MATT,02:45:24,02:45:27,Neutral,"{'Angry': 4.3847121560247615e-06, 'Disgusted': 8.29170585348038e-06, 'Fearful': 7.190440101112472e-07, 'Happy': 1.4361527064465918e-05, 'Neutral': 0.9999499320983887, 'Other': 5.407342996477382e-06, 'Sad': 9.867193512036465e-06, 'Surprised': 3.837098120129667e-06, 'Unknown': 3.156626917188987e-06}",It just hangs to the side. Careful how you sit.
LIAM,02:45:27,02:45:31,Neutral,"{'Angry': 9.078231232706457e-05, 'Disgusted': 2.11120586754987e-05, 'Fearful': 9.960786883311812e-06, 'Happy': 0.0026574924122542143, 'Neutral': 0.9968510270118713, 'Other': 2.468079173922888e-06, 'Sad': 0.00029250304214656353, 'Surprised': 7.37569498596713e-05, 'Unknown': 1.0099788596562576e-06}",Do I still have the finery I wore to the Velvet Cabaret?
MATT,02:45:31,02:45:33,Neutral,"{'Angry': 6.6292484739508e-14, 'Disgusted': 2.2583022810037127e-15, 'Fearful': 3.5206162122972465e-16, 'Happy': 7.5146025469916e-14, 'Neutral': 1.0, 'Other': 4.174397004448702e-16, 'Sad': 1.77772361176394e-13, 'Surprised': 3.9785181578247744e-14, 'Unknown': 1.3092008048140851e-15}","You would, yes."
LIAM,02:45:33,02:45:36,Neutral,"{'Angry': 9.42524391867039e-10, 'Disgusted': 4.356308647146534e-10, 'Fearful': 1.1319761794581495e-10, 'Happy': 5.4623288114896695e-09, 'Neutral': 1.0, 'Other': 7.08102396163035e-11, 'Sad': 4.688469168456777e-09, 'Surprised': 4.1607056688874877e-10, 'Unknown': 8.33664595689676e-11}","All right. So we have to worry about you, Grog."
TRAVIS,02:45:36,02:45:40,Neutral,"{'Angry': 5.783926289304464e-12, 'Disgusted': 3.1996614017169855e-13, 'Fearful': 1.0652185378342768e-13, 'Happy': 1.3165203302523132e-11, 'Neutral': 1.0, 'Other': 2.1979009121064243e-14, 'Sad': 2.762664055855346e-11, 'Surprised': 2.241697712873636e-12, 'Unknown': 1.3020599951962114e-13}",Are there any tapestries or curtains in the castle?
MATT,02:45:40,02:45:41,Neutral,"{'Angry': 0.028271622955799103, 'Disgusted': 0.0014029381563887, 'Fearful': 1.5360041288658977e-05, 'Happy': 0.06312695890665054, 'Neutral': 0.906773030757904, 'Other': 8.263113704742864e-05, 'Sad': 0.00019833754049614072, 'Surprised': 0.00011636589624686167, 'Unknown': 1.2663005691138096e-05}","There are, actually."
TRAVIS,02:45:41,02:45:46,Neutral,"{'Angry': 3.024682655450306e-06, 'Disgusted': 4.460719992493978e-06, 'Fearful': 1.5590771909046452e-06, 'Happy': 2.0749786926899105e-05, 'Neutral': 0.9999233484268188, 'Other': 4.297818122722674e-06, 'Sad': 1.232718386745546e-05, 'Surprised': 1.794282269429459e-07, 'Unknown': 3.0154245905578136e-05}","I walk up to the prettiest one and I rip it down, and I throw it over myself like a toga."
MARISHA,02:45:46,02:45:50,Neutral,"{'Angry': 0.0002505894808564335, 'Disgusted': 7.965930853970349e-05, 'Fearful': 1.6640700778225437e-05, 'Happy': 0.0010196479270234704, 'Neutral': 0.9979614019393921, 'Other': 9.907316416501999e-05, 'Sad': 0.0001310834923060611, 'Surprised': 6.740219305356732e-06, 'Unknown': 0.0004351485113147646}",(laughing) It's pretty good.
MATT,02:45:50,02:45:55,Neutral,"{'Angry': 1.5853936219389908e-11, 'Disgusted': 1.5799169698210713e-12, 'Fearful': 3.8311007469725433e-13, 'Happy': 2.455074858687123e-11, 'Neutral': 1.0, 'Other': 8.637829221423005e-14, 'Sad': 2.33268931948416e-10, 'Surprised': 4.891575859644615e-12, 'Unknown': 3.111432552577176e-13}","It, in a ""Foreigner in a Foreign Land"" kind of way, could work."
TRAVIS,02:45:55,02:46:04,Happy,"{'Angry': 1.1900270768805399e-09, 'Disgusted': 4.8719828171783774e-09, 'Fearful': 2.0841055548004306e-09, 'Happy': 0.9999998807907104, 'Neutral': 2.4984723623333593e-08, 'Other': 2.461139292364578e-09, 'Sad': 3.315024343919504e-08, 'Surprised': 3.2924825088542775e-09, 'Unknown': 4.332693759323547e-09}","And I practice my curtsy. Because I've seen Vex and Keyleth do it, so I think everybody does it."
ORION,02:46:04,02:46:08,Neutral,"{'Angry': 3.419244603719562e-05, 'Disgusted': 4.570156670524739e-05, 'Fearful': 3.3477283523097867e-06, 'Happy': 0.00026619117124937475, 'Neutral': 0.9994400143623352, 'Other': 6.233785825315863e-05, 'Sad': 1.1538735634530894e-05, 'Surprised': 1.2105765563319437e-06, 'Unknown': 0.00013543135719373822}","I do it, as well. I don't know what's going on."
TALIESIN,02:46:08,02:46:11,Neutral,"{'Angry': 0.0024689780548214912, 'Disgusted': 0.018132969737052917, 'Fearful': 0.0007840471807867289, 'Happy': 0.005205011926591396, 'Neutral': 0.9106967449188232, 'Other': 0.04010041803121567, 'Sad': 0.00432980852201581, 'Surprised': 0.006122460123151541, 'Unknown': 0.012159558944404125}",I want to see him roll an athletics check for that.
LAURA,02:46:11,02:46:12,Happy,"{'Angry': 0.0009495920967310667, 'Disgusted': 0.0005494874203577638, 'Fearful': 3.981315967394039e-05, 'Happy': 0.9755542874336243, 'Neutral': 0.010734494775533676, 'Other': 0.00019839640299323946, 'Sad': 0.011702844873070717, 'Surprised': 0.00024455992388539016, 'Unknown': 2.6483750843908638e-05}",Tiberius.
ORION,02:46:12,02:46:13,Happy,"{'Angry': 7.544154884131515e-11, 'Disgusted': 1.342474187371323e-10, 'Fearful': 5.621448445625177e-11, 'Happy': 1.0, 'Neutral': 2.4756545702331323e-09, 'Other': 7.418702319128556e-10, 'Sad': 3.884839117063166e-09, 'Surprised': 1.2905893020942472e-10, 'Unknown': 1.756471357250433e-11}",Yes?
LAURA,02:46:13,02:46:20,Happy,"{'Angry': 0.00014584383461624384, 'Disgusted': 0.00034461234463378787, 'Fearful': 0.00019348938076291233, 'Happy': 0.9938063621520996, 'Neutral': 0.0018954990664497018, 'Other': 0.00030076043913140893, 'Sad': 0.0005801161751151085, 'Surprised': 0.000663364480715245, 'Unknown': 0.0020699312444776297}",Could you Prestidigitate this thing and make it look like an actual thing?
SAM,02:46:20,02:46:22,Neutral,"{'Angry': 2.263786427647574e-06, 'Disgusted': 1.2962365758539818e-07, 'Fearful': 7.847445360198435e-09, 'Happy': 5.064831611889531e-07, 'Neutral': 0.9999966621398926, 'Other': 2.9002864554428243e-09, 'Sad': 1.4258276337386633e-07, 'Surprised': 3.253812792536337e-07, 'Unknown': 2.366562279476625e-09}",Not for very long.
MATT,02:46:22,02:46:23,Neutral,"{'Angry': 0.009522709995508194, 'Disgusted': 0.0052749826572835445, 'Fearful': 0.00042305616079829633, 'Happy': 0.43459224700927734, 'Neutral': 0.5415622591972351, 'Other': 3.321413532830775e-05, 'Sad': 0.004996089730411768, 'Surprised': 0.0035869404673576355, 'Unknown': 8.465085556963459e-06}",That's more of an illusion.
LIAM,02:46:23,02:46:25,Neutral,"{'Angry': 9.533845067577484e-12, 'Disgusted': 5.301777896912774e-13, 'Fearful': 1.1031696118667805e-13, 'Happy': 1.110771717660608e-11, 'Neutral': 1.0, 'Other': 3.9732401261238434e-14, 'Sad': 1.9192963190972634e-11, 'Surprised': 2.2361205768983705e-12, 'Unknown': 2.463078840279215e-13}",You pull the hairs out.
TRAVIS,02:46:25,02:46:28,Neutral,"{'Angry': 1.2419237513383585e-11, 'Disgusted': 8.62581490609915e-13, 'Fearful': 1.656710792857785e-13, 'Happy': 7.559019382652465e-11, 'Neutral': 1.0, 'Other': 6.14735245671981e-14, 'Sad': 5.5652791403071333e-11, 'Surprised': 4.698712339351596e-12, 'Unknown': 1.4735878261975394e-13}",What's wrong with this? I'm from a strange land. My customs are my own.
SAM,02:46:28,02:46:31,Neutral,"{'Angry': 9.670949197015943e-08, 'Disgusted': 1.9300733455906993e-08, 'Fearful': 1.5714708423431034e-09, 'Happy': 7.467743756706113e-08, 'Neutral': 0.9999978542327881, 'Other': 5.281951542812635e-10, 'Sad': 1.8769762846204685e-06, 'Surprised': 3.6268876790757076e-09, 'Unknown': 3.667581238708806e-10}","Grog, have you washed yourself in water at all this week?"
TRAVIS,02:46:31,02:46:38,Neutral,"{'Angry': 4.050075501208818e-14, 'Disgusted': 1.8733700639481272e-15, 'Fearful': 2.610417900583825e-16, 'Happy': 5.478038541447544e-14, 'Neutral': 1.0, 'Other': 6.460402874420906e-16, 'Sad': 1.3655363732129056e-13, 'Surprised': 2.5973635135040363e-14, 'Unknown': 1.7689748413858108e-15}",No. It burns. ORION I do Prestidigitation immediately to get rid of some kind of smell that I'm sure is emanating.
TRAVIS,02:46:38,02:46:41,Neutral,"{'Angry': 6.676745215372648e-06, 'Disgusted': 1.1625203910625714e-08, 'Fearful': 5.860766871812473e-10, 'Happy': 6.94872824169579e-07, 'Neutral': 0.9999921321868896, 'Other': 1.5084408166998742e-09, 'Sad': 5.100882276565244e-07, 'Surprised': 7.603707885550648e-09, 'Unknown': 9.928113886559231e-10}",I freak out running around the room. (screams)
ORION,02:46:41,02:46:46,Angry,"{'Angry': 0.9539250731468201, 'Disgusted': 0.007513903081417084, 'Fearful': 0.00018053490202873945, 'Happy': 0.002429037122055888, 'Neutral': 0.0034763405565172434, 'Other': 0.004680377431213856, 'Sad': 0.00015410396736115217, 'Surprised': 2.2139383872854523e-05, 'Unknown': 0.02761852741241455}","It's not water, Grog. And I keep casting it on him. It's fine, see. (splash)"
LAURA,02:46:46,02:46:47,Angry,"{'Angry': 0.9950456619262695, 'Disgusted': 0.0009042650926858187, 'Fearful': 0.000164324592333287, 'Happy': 0.001870033098384738, 'Neutral': 0.0006249794387258589, 'Other': 5.298014366417192e-05, 'Sad': 0.0011287231463938951, 'Surprised': 0.00018802500562742352, 'Unknown': 2.095654053846374e-05}",You're fine.
TRAVIS,02:46:47,02:46:52,Happy,"{'Angry': 0.12227457016706467, 'Disgusted': 0.014830677770078182, 'Fearful': 0.01874147728085518, 'Happy': 0.7037742733955383, 'Neutral': 0.06111826375126839, 'Other': 0.009079798124730587, 'Sad': 0.01394706778228283, 'Surprised': 0.00012411984789650887, 'Unknown': 0.05610973387956619}",It must have been that powder you gave me before. It made me immune.
LAURA,02:46:52,02:47:00,Neutral,"{'Angry': 9.052289584587925e-08, 'Disgusted': 5.085686893835373e-08, 'Fearful': 3.728879427455922e-09, 'Happy': 2.74438534120236e-08, 'Neutral': 0.9999997615814209, 'Other': 7.509561861240854e-09, 'Sad': 4.9098588306151214e-08, 'Surprised': 4.151495147652895e-09, 'Unknown': 6.432721466609337e-09}",That's what it was. You're immune. You're definitely immune to water now. Good job.
ORION,02:47:00,02:47:06,Sad,"{'Angry': 0.03736383095383644, 'Disgusted': 0.03708643093705177, 'Fearful': 0.11466336995363235, 'Happy': 0.2320440262556076, 'Neutral': 0.07047943770885468, 'Other': 0.007724118884652853, 'Sad': 0.3477851450443268, 'Surprised': 0.004124998115003109, 'Unknown': 0.14872871339321136}",What's wrong with what you're wearing now?
LAURA,02:47:06,02:47:11,Fearful,"{'Angry': 0.0014824823010712862, 'Disgusted': 0.002708462066948414, 'Fearful': 0.9524413347244263, 'Happy': 0.016019217669963837, 'Neutral': 0.0015573909040540457, 'Other': 0.00024787255097180605, 'Sad': 0.0024061778094619513, 'Surprised': 0.02299574948847294, 'Unknown': 0.0001414053695043549}",His toga? He's wearing a toga made out of a tapestry.
ORION,02:47:11,02:47:21,Neutral,"{'Angry': 0.0062185670249164104, 'Disgusted': 0.1330728381872177, 'Fearful': 0.002128779888153076, 'Happy': 0.05372469127178192, 'Neutral': 0.7469817399978638, 'Other': 0.009814868681132793, 'Sad': 0.0018454205710440874, 'Surprised': 0.023177728056907654, 'Unknown': 0.02303539216518402}","Oh, so I'll go and I'll use some of my Dust of Illusion and I'll (pfft) on what he's wearing and shape it into a fancier robe."
MATT,02:47:21,02:47:46,Happy,"{'Angry': 9.811958190386605e-11, 'Disgusted': 1.3498180351234623e-09, 'Fearful': 9.893069696786938e-10, 'Happy': 1.0, 'Neutral': 4.573863510159981e-09, 'Other': 3.157942352061127e-09, 'Sad': 5.915858913851935e-09, 'Surprised': 5.449775630772535e-10, 'Unknown': 5.6489155575434324e-09}","From a visual standpoint, the robe tapers and curls around his form, and comes to look like a nicer robe. The material looks like it's made of almost a reddish silk. The actual imagery of the tapestry slowly fades and becomes just various textures and material. From your eyes, it's less interesting, but from a presentory standpoint it could be passable."
LIAM,02:47:46,02:47:52,Happy,"{'Angry': 0.23694893717765808, 'Disgusted': 0.30461812019348145, 'Fearful': 0.020078323781490326, 'Happy': 0.36944088339805603, 'Neutral': 0.020292803645133972, 'Other': 0.0005805923719890416, 'Sad': 0.022863689810037613, 'Surprised': 0.011704351752996445, 'Unknown': 0.013472294434905052}","Don't forget his exotic facial hair, as well. That probably lends to the whole package."
MATT,02:47:52,02:47:57,Neutral,"{'Angry': 0.005199973005801439, 'Disgusted': 0.004755530972033739, 'Fearful': 0.0031208063010126352, 'Happy': 0.01789506897330284, 'Neutral': 0.8146430850028992, 'Other': 0.009226802736520767, 'Sad': 0.013361386023461819, 'Surprised': 0.11801548302173615, 'Unknown': 0.013781790621578693}","Yeah, which by the way, you guys do see. It's half giant beard and half scrawled-on charcoal."
ORION,02:47:57,02:48:05,Neutral,"{'Angry': 7.014818587114391e-11, 'Disgusted': 1.0150971209432758e-11, 'Fearful': 4.043657769736697e-12, 'Happy': 1.2197770571376054e-10, 'Neutral': 1.0, 'Other': 6.876483432151359e-13, 'Sad': 3.6278691162294763e-10, 'Surprised': 3.3919700381801476e-11, 'Unknown': 6.027515292439389e-12}","And I notice this, I go: Oh. Oh, Grog. And I use a little bit more of Dust of Illusion. I wipe it. Smear it on there."
TRAVIS,02:48:05,02:48:06,Neutral,"{'Angry': 0.002741261152550578, 'Disgusted': 0.0020137408282607794, 'Fearful': 2.5816507331910543e-05, 'Happy': 0.010513625107705593, 'Neutral': 0.982055127620697, 'Other': 1.452501328458311e-05, 'Sad': 0.002505428856238723, 'Surprised': 0.0001266619365196675, 'Unknown': 3.7420402350107906e-06}",I wipe it away!
ORION,02:48:06,02:48:27,Neutral,"{'Angry': 6.523075057884853e-08, 'Disgusted': 9.990136362603153e-08, 'Fearful': 5.793361523842577e-08, 'Happy': 9.247701200365555e-07, 'Neutral': 0.9999914169311523, 'Other': 1.1499860619323954e-07, 'Sad': 7.022198587947059e-06, 'Surprised': 2.4936420572885254e-07, 'Unknown': 2.641559504468205e-08}","No. Stop! Hey, hey, hey-- I put it on. Actually, I'm going to take it, and I'm going to actually put it in your hand and be like-- put it on your thumb and be like: I want you to smear this where the beard was, and I want you to think really hard that you want it there. Okay? So put it on first. There you go. That's it. And now think really hard that you want it there."
MATT,02:48:27,02:48:38,Neutral,"{'Angry': 1.0360380109375456e-08, 'Disgusted': 3.1752096507631222e-09, 'Fearful': 1.5003891462583852e-09, 'Happy': 1.2365151569326827e-08, 'Neutral': 0.9999998807907104, 'Other': 3.0796135086497145e-10, 'Sad': 4.02224280549035e-08, 'Surprised': 5.780022149792785e-08, 'Unknown': 1.9590004618486034e-10}","The dust tends to glisten, and where there was once charcoal outline, a mirror to your once beautiful beard continues, full, as if nothing had happened."
TRAVIS,02:48:38,02:48:46,Neutral,"{'Angry': 0.002462786855176091, 'Disgusted': 0.012659936212003231, 'Fearful': 0.004369682166725397, 'Happy': 0.016325822100043297, 'Neutral': 0.764078676700592, 'Other': 0.05416591838002205, 'Sad': 0.004402648191899061, 'Surprised': 0.12575092911720276, 'Unknown': 0.01578359864652157}","I reach into the bag of holding and I take out a little goblet, and I pour some ale in it. And I walk over to Vax, and I go, here you go."
LIAM,02:48:46,02:48:54,Neutral,"{'Angry': 0.001876889611594379, 'Disgusted': 0.0018351058242842555, 'Fearful': 4.401954356580973e-05, 'Happy': 0.0012230502907186747, 'Neutral': 0.993787407875061, 'Other': 0.00016195715579669923, 'Sad': 0.0007933995220810175, 'Surprised': 5.838837387273088e-05, 'Unknown': 0.0002197374269599095}","This looks very good. Thank you, Grog."
TRAVIS,02:48:54,02:48:57,Neutral,"{'Angry': 0.00023959098325576633, 'Disgusted': 0.00021299910440575331, 'Fearful': 4.431133856996894e-05, 'Happy': 0.0008839633082970977, 'Neutral': 0.9970090985298157, 'Other': 0.00013022907660342753, 'Sad': 0.00016824278282001615, 'Surprised': 1.0937659681076184e-05, 'Unknown': 0.001300747855566442}",You're welcome. Would you like some more?
LIAM,02:48:57,02:49:02,Neutral,"{'Angry': 2.27243918127229e-12, 'Disgusted': 1.0562216249190848e-13, 'Fearful': 3.312821412050464e-14, 'Happy': 3.1526474139620397e-12, 'Neutral': 1.0, 'Other': 8.59273505078367e-15, 'Sad': 8.426709850739567e-12, 'Surprised': 8.483956809648974e-13, 'Unknown': 5.355693441359312e-14}","No, I don't want to cloud my thinking before we go up against the Briarwoods."
TRAVIS,02:49:02,02:49:07,Angry,"{'Angry': 0.9865851402282715, 'Disgusted': 0.0004383432387840003, 'Fearful': 0.0001227265311172232, 'Happy': 0.01165720820426941, 'Neutral': 0.00040997579344548285, 'Other': 0.00014832091983407736, 'Sad': 8.23103473521769e-05, 'Surprised': 0.0001477456244174391, 'Unknown': 0.0004081987135577947}",Probably smart. I'll take that back. I crush the goblet in my hand.
MATT,02:49:07,02:49:10,Neutral,"{'Angry': 2.0801064692932414e-07, 'Disgusted': 1.7430333798529318e-07, 'Fearful': 5.0004224760868965e-08, 'Happy': 4.004047696071211e-06, 'Neutral': 0.9999949932098389, 'Other': 1.1630388740968556e-07, 'Sad': 2.07277153663199e-07, 'Surprised': 7.37942542627934e-08, 'Unknown': 1.6431066285349516e-07}",This creaking metal sound. The goblet is now destroyed.
TRAVIS,02:49:10,02:49:15,Neutral,"{'Angry': 9.323008271167055e-05, 'Disgusted': 7.720499706920236e-05, 'Fearful': 4.78939909953624e-05, 'Happy': 0.00018816441297531128, 'Neutral': 0.9984002709388733, 'Other': 5.300794873619452e-05, 'Sad': 0.0006232915329746902, 'Surprised': 4.707056632469175e-06, 'Unknown': 0.0005122686852701008}",Oh no! What happened?
MATT,02:49:15,02:49:41,Neutral,"{'Angry': 0.22631174325942993, 'Disgusted': 0.01238590944558382, 'Fearful': 0.008853135630488396, 'Happy': 0.19084033370018005, 'Neutral': 0.3216952979564667, 'Other': 0.00016025836521293968, 'Sad': 0.23140095174312592, 'Surprised': 0.007549867499619722, 'Unknown': 0.0008025476126931608}","All right, dressed up, you all make your way to the Cloudtop district as the sun begins to bring itself to the other side of the horizon. As you approach the outside of the Tal'Dorei palace, there are general guards set up to accept guests. They're just there in wait as part of their process today. As soon as you arrive and announce yourselves as having arrived, is there anything you want to do to prepare?"
SAM,02:49:41,02:49:43,Neutral,"{'Angry': 0.001084535731934011, 'Disgusted': 0.002840948523953557, 'Fearful': 0.0015496090054512024, 'Happy': 0.0214771069586277, 'Neutral': 0.9420045614242554, 'Other': 0.00040711843757890165, 'Sad': 0.0011491953628137708, 'Surprised': 0.00013314832176547498, 'Unknown': 0.02935372292995453}","Well, are you in disguise yet, Percy?"
TALIESIN,02:49:43,02:49:45,Neutral,"{'Angry': 0.00017175087123177946, 'Disgusted': 0.00039229518733918667, 'Fearful': 3.359229594934732e-05, 'Happy': 0.0005580381257459521, 'Neutral': 0.9984928369522095, 'Other': 2.3910406525828876e-05, 'Sad': 0.0001842631900217384, 'Surprised': 0.00011339076445437968, 'Unknown': 2.994198803207837e-05}","Yes, I look like Vax."
SAM,02:49:45,02:49:46,Neutral,"{'Angry': 3.841569480300677e-07, 'Disgusted': 1.7794757241063053e-06, 'Fearful': 7.757668072372326e-07, 'Happy': 2.034487079072278e-05, 'Neutral': 0.9999649524688721, 'Other': 1.2908705002701026e-06, 'Sad': 5.051234893471701e-06, 'Surprised': 4.5383380609109736e-08, 'Unknown': 5.328983661456732e-06}",Cloaked Vax?
LIAM,02:49:46,02:49:48,Happy,"{'Angry': 9.893382184600341e-07, 'Disgusted': 7.151510999392485e-06, 'Fearful': 6.817076041443215e-07, 'Happy': 0.9999691247940063, 'Neutral': 1.635425905988086e-05, 'Other': 7.389879783659126e-07, 'Sad': 2.444879100949038e-06, 'Surprised': 2.3822383354854537e-06, 'Unknown': 1.7616480363358278e-07}",Where are we?
MATT,02:49:48,02:49:51,Neutral,"{'Angry': 1.683232949289959e-05, 'Disgusted': 1.5681609966122778e-06, 'Fearful': 7.531807568739168e-07, 'Happy': 0.0003402790171094239, 'Neutral': 0.9996312856674194, 'Other': 3.0481095336654107e-07, 'Sad': 4.040229214297142e-06, 'Surprised': 4.720651304523926e-06, 'Unknown': 1.7327717216630845e-07}",You guys are nearing the palace right now.
LIAM,02:49:51,02:49:54,Angry,"{'Angry': 0.47435641288757324, 'Disgusted': 0.4293301999568939, 'Fearful': 0.007396330125629902, 'Happy': 0.006451680324971676, 'Neutral': 0.0019697551615536213, 'Other': 0.06220594421029091, 'Sad': 0.002742519835010171, 'Surprised': 0.014004746451973915, 'Unknown': 0.001542432582937181}",Nearing the palace? Hit me.
MARISHA,02:49:54,02:49:59,Happy,"{'Angry': 0.0022303923033177853, 'Disgusted': 0.007366727571934462, 'Fearful': 0.04015541821718216, 'Happy': 0.4778175950050354, 'Neutral': 0.26089149713516235, 'Other': 0.0014875067863613367, 'Sad': 0.00893256813287735, 'Surprised': 0.002876721089705825, 'Unknown': 0.19824162125587463}",I produce a few flower cummerbunds and start pinning them on the party.
LAURA,02:49:59,02:50:08,Neutral,"{'Angry': 2.389806397218308e-08, 'Disgusted': 3.794808023371843e-08, 'Fearful': 9.600269024190311e-09, 'Happy': 1.404236371627121e-07, 'Neutral': 0.9999986886978149, 'Other': 6.600993973648883e-09, 'Sad': 1.0774352858788916e-06, 'Surprised': 6.180195910587827e-09, 'Unknown': 5.6730513620095735e-09}",I go in and put my arm through Percy's arm to make it seem like we're twins. I go in with Percy to make it look like we're the twinsies.
SAM,02:50:08,02:50:13,Neutral,"{'Angry': 8.356633770745248e-06, 'Disgusted': 2.5968897716666106e-06, 'Fearful': 4.256768534105504e-06, 'Happy': 7.302143330889521e-06, 'Neutral': 0.9999698400497437, 'Other': 7.026096682238858e-07, 'Sad': 5.008663265471114e-06, 'Surprised': 3.648701181191427e-07, 'Unknown': 1.5913877859929926e-06}",I'm going to cast Invisibility on Vax.
TRAVIS,02:50:13,02:50:21,Neutral,"{'Angry': 2.0417140200734707e-10, 'Disgusted': 4.404597866991544e-11, 'Fearful': 1.334424324511696e-11, 'Happy': 4.996971725290678e-10, 'Neutral': 1.0, 'Other': 2.03802339587833e-12, 'Sad': 1.1401855459780563e-08, 'Surprised': 4.166818626250013e-11, 'Unknown': 6.8859232552065386e-12}","I hand the Potion of Climbing to Vax and say, don't die."
LIAM,02:50:21,02:50:23,Neutral,"{'Angry': 0.04309239611029625, 'Disgusted': 0.002844661008566618, 'Fearful': 0.0010207232553511858, 'Happy': 0.009347965009510517, 'Neutral': 0.858022153377533, 'Other': 2.6590374545776285e-05, 'Sad': 0.08333710581064224, 'Surprised': 0.0022886076476424932, 'Unknown': 1.9770863218582235e-05}",No promises.
SAM,02:50:23,02:50:28,Happy,"{'Angry': 0.0003757599333766848, 'Disgusted': 0.0007876894087530673, 'Fearful': 0.0002891790063586086, 'Happy': 0.9844151139259338, 'Neutral': 0.005223740823566914, 'Other': 0.0003629452548921108, 'Sad': 0.007403535768389702, 'Surprised': 0.0010910513810813427, 'Unknown': 5.102263094158843e-05}","You've got one hour until my Invisibility is going to wear off, so find a shadow."
MATT,02:50:28,02:50:34,Neutral,"{'Angry': 9.559037117412572e-09, 'Disgusted': 1.7600616075696962e-08, 'Fearful': 9.069270667794171e-09, 'Happy': 2.3617635847017482e-08, 'Neutral': 0.9999995231628418, 'Other': 5.122149815406374e-09, 'Sad': 4.222303573442332e-07, 'Surprised': 4.922692475872736e-09, 'Unknown': 8.908166648780025e-09}",Do you guys make yourselves known at the palace front?
SAM,02:50:34,02:50:36,Neutral,"{'Angry': 0.04649733379483223, 'Disgusted': 7.388664380414411e-05, 'Fearful': 0.00011442565300967544, 'Happy': 0.0014727076049894094, 'Neutral': 0.9505510330200195, 'Other': 4.463866844162112e-06, 'Sad': 0.001256234827451408, 'Surprised': 2.8878024750156328e-05, 'Unknown': 1.060154090737342e-06}",Yes! We're friends here. Yes.
MATT,02:50:36,02:51:06,Fearful,"{'Angry': 0.004904195200651884, 'Disgusted': 0.008698893710970879, 'Fearful': 0.5276356935501099, 'Happy': 0.30361467599868774, 'Neutral': 0.030712973326444626, 'Other': 0.0009322293335571885, 'Sad': 0.1213069036602974, 'Surprised': 0.001574124675244093, 'Unknown': 0.0006202827789820731}","As you approach, you make yourselves known. The guards lead you to the front area of the palace. The sun's just starting to hit the distant side of the water of the Ozmit Sea to the west of Emon. As you guys finish talking to the front guard that you've arrived, Seeker Asum steps out of the front of the palace and sees you. ""Very good. Glad you could make it. Please enter. I will wish to speak with you briefly before the event this evening."""
LAURA,02:51:06,02:51:07,Sad,"{'Angry': 0.032768405973911285, 'Disgusted': 0.027242232114076614, 'Fearful': 0.021924370899796486, 'Happy': 0.1096256673336029, 'Neutral': 0.18390367925167084, 'Other': 0.013949189335107803, 'Sad': 0.4992694854736328, 'Surprised': 0.1112612709403038, 'Unknown': 5.575753311859444e-05}",Of course.
MATT,02:51:07,02:51:09,Neutral,"{'Angry': 2.8040074539603665e-05, 'Disgusted': 0.00011141818686155602, 'Fearful': 0.00015160693146754056, 'Happy': 9.337791561847553e-05, 'Neutral': 0.9989253878593445, 'Other': 3.7738539049314568e-06, 'Sad': 0.0005825715488754213, 'Surprised': 9.862033766694367e-05, 'Unknown': 5.230460828897776e-06}","""Are you missing anyone?"""
LAURA,02:51:09,02:51:14,Neutral,"{'Angry': 0.00042211150866933167, 'Disgusted': 0.0009265818516723812, 'Fearful': 0.0012103752233088017, 'Happy': 0.005830707959830761, 'Neutral': 0.8362249135971069, 'Other': 0.004582623951137066, 'Sad': 0.0942179262638092, 'Surprised': 8.061395419645123e-06, 'Unknown': 0.05657670646905899}","Oh, yes. Percy wasn't feeling very well. He ended up staying home."
MATT,02:51:14,02:51:18,Sad,"{'Angry': 0.024858128279447556, 'Disgusted': 0.03110067918896675, 'Fearful': 0.013131207786500454, 'Happy': 0.12720461189746857, 'Neutral': 0.27391090989112854, 'Other': 0.0051189917139709, 'Sad': 0.3980110287666321, 'Surprised': 0.1260521113872528, 'Unknown': 0.0006122238701209426}",Make a deception check.
LAURA,02:51:18,02:51:25,Neutral,"{'Angry': 1.3117567476683689e-08, 'Disgusted': 8.95139429246683e-09, 'Fearful': 3.3307203661792073e-09, 'Happy': 3.760391820151199e-08, 'Neutral': 0.9999995231628418, 'Other': 2.5798312375258092e-09, 'Sad': 5.105889613332693e-07, 'Surprised': 3.035317330812859e-09, 'Unknown': 2.623953720970462e-09}",11.
MATT,02:51:25,02:51:34,Neutral,"{'Angry': 2.6362930935497353e-11, 'Disgusted': 4.1182790684601844e-12, 'Fearful': 1.7224315506866872e-12, 'Happy': 4.3416655687300576e-11, 'Neutral': 1.0, 'Other': 2.6923713367273117e-13, 'Sad': 2.3684296190928933e-10, 'Surprised': 1.087456513726437e-11, 'Unknown': 7.94513977178668e-13}","""Very well. That's unfortunate. His skills could have been of use to me. Come inside."""
LAURA,02:51:34,02:51:40,Neutral,"{'Angry': 0.051161494106054306, 'Disgusted': 0.0030518523417413235, 'Fearful': 0.0007542253588326275, 'Happy': 0.04005757346749306, 'Neutral': 0.8309541344642639, 'Other': 0.003829019609838724, 'Sad': 0.04856236279010773, 'Surprised': 0.0003910556552000344, 'Unknown': 0.02123827114701271}",I pat Vax's hand-- Percy's hand. What the fuck. This is creepy.
TRAVIS,02:51:40,02:51:42,Neutral,"{'Angry': 0.028857572004199028, 'Disgusted': 0.0011566863395273685, 'Fearful': 0.0005975511157885194, 'Happy': 0.0008944037836045027, 'Neutral': 0.9663357734680176, 'Other': 1.4807750631007366e-05, 'Sad': 0.0020391480065882206, 'Surprised': 6.436691910494119e-05, 'Unknown': 3.974079299950972e-05}",Call him Vaxy.
LAURA,02:51:42,02:51:44,Neutral,"{'Angry': 0.0041750636883080006, 'Disgusted': 0.00616639107465744, 'Fearful': 0.0012004338204860687, 'Happy': 0.04737907648086548, 'Neutral': 0.5298113226890564, 'Other': 0.005572259426116943, 'Sad': 0.39590027928352356, 'Surprised': 0.008524260483682156, 'Unknown': 0.0012708882568404078}",Vaxy.
TALIESIN,02:51:44,02:51:48,Neutral,"{'Angry': 1.4309152085445476e-08, 'Disgusted': 1.7551136100024678e-09, 'Fearful': 1.3106888907543635e-09, 'Happy': 1.4139855508688015e-08, 'Neutral': 1.0, 'Other': 2.0915036369473228e-10, 'Sad': 3.819735283627779e-08, 'Surprised': 2.9683782098999245e-09, 'Unknown': 1.8133559931410304e-10}",That will work just fine. Thank you.
MATT,02:51:48,02:52:16,Neutral,"{'Angry': 1.5927839602802862e-10, 'Disgusted': 1.86954722536381e-11, 'Fearful': 6.877824698658941e-12, 'Happy': 3.6562949889962226e-10, 'Neutral': 1.0, 'Other': 2.0172093162518223e-12, 'Sad': 3.612801724450776e-10, 'Surprised': 1.157678050645039e-10, 'Unknown': 1.0022647642382587e-11}","He leads you into the green meeting room you guys have had previous council meetings with. It's currently empty. He sets the guards to the side and brings you inside and says, ""All right, so if my little birds speak truth, they should be arriving around dusk, so we probably have no more than 20 minutes before they are here themselves. If you're not aware, they should be referred to as Lord and Lady Briarwood. Their names: Lord Sylas Briarwood and Lady Delilah Briarwood."""
MARISHA,02:52:16,02:52:23,Surprised,"{'Angry': 2.3101558326743543e-05, 'Disgusted': 2.7935459002037533e-05, 'Fearful': 9.168689757643733e-06, 'Happy': 8.374077879125252e-06, 'Neutral': 0.0001522775855846703, 'Other': 7.623550573043758e-06, 'Sad': 2.1870948330615647e-05, 'Surprised': 0.9997492432594299, 'Unknown': 4.4643411456490867e-07}","Sylas and Delilah? (singing) Hey there, Delilah."
MATT,02:52:23,02:52:34,Neutral,"{'Angry': 0.00035203585866838694, 'Disgusted': 0.011710555292665958, 'Fearful': 0.00016130447329487652, 'Happy': 0.0005046495934948325, 'Neutral': 0.9055371284484863, 'Other': 0.005478449631482363, 'Sad': 0.031123515218496323, 'Surprised': 2.0343534288258525e-06, 'Unknown': 0.04513026401400566}","""This is a political dinner. Please do your best not to cause a scene during the meal, as I need that time as a distraction to do my own digging."""
LAURA,02:52:34,02:52:35,Neutral,"{'Angry': 4.29971896664938e-06, 'Disgusted': 2.4135276817105478e-06, 'Fearful': 1.6712032447685488e-05, 'Happy': 7.068118520692224e-06, 'Neutral': 0.9999030828475952, 'Other': 3.718579364431207e-07, 'Sad': 6.412452785298228e-05, 'Surprised': 1.7209466705025989e-06, 'Unknown': 2.5026912453540717e-07}",Yes.
MATT,02:52:35,02:52:36,Neutral,"{'Angry': 5.5530235840706155e-05, 'Disgusted': 5.435433558886871e-05, 'Fearful': 5.600601866717625e-07, 'Happy': 0.001174595090560615, 'Neutral': 0.9986153841018677, 'Other': 7.637676390004344e-06, 'Sad': 7.141019523260184e-06, 'Surprised': 8.397171040996909e-05, 'Unknown': 7.723429007455707e-07}","""Vax."""
TALIESIN,02:52:36,02:52:37,Neutral,"{'Angry': 0.0028767609037458897, 'Disgusted': 0.0011076029622927308, 'Fearful': 0.0009659759234637022, 'Happy': 0.014492818154394627, 'Neutral': 0.9704626202583313, 'Other': 4.102571256225929e-05, 'Sad': 0.0014801560901105404, 'Surprised': 0.008332837373018265, 'Unknown': 0.00024023301375564188}",Yes?
MATT,02:52:37,02:52:43,Neutral,"{'Angry': 0.00227447715587914, 'Disgusted': 0.0003315604117233306, 'Fearful': 1.7865400877781212e-05, 'Happy': 0.00020176662656012923, 'Neutral': 0.9965718984603882, 'Other': 6.874079554108903e-05, 'Sad': 0.00015387409075628966, 'Surprised': 5.071710347692715e-06, 'Unknown': 0.00037466027424670756}","""You're light of step and quick to fade. Would you wish to join me on this or stay with the dinner party?"""
TALIESIN,02:52:43,02:52:46,Neutral,"{'Angry': 4.817211560204093e-11, 'Disgusted': 7.291276957199777e-12, 'Fearful': 1.7323684804379513e-12, 'Happy': 8.726737388276007e-11, 'Neutral': 1.0, 'Other': 9.67229226399302e-13, 'Sad': 1.04429832836761e-10, 'Surprised': 1.1915249169269782e-11, 'Unknown': 3.9015188649238475e-12}",I'll stay with the dinner party. I wish to observe.
SAM,02:52:46,02:52:48,Neutral,"{'Angry': 2.199496661192679e-12, 'Disgusted': 1.1674394903484625e-13, 'Fearful': 2.8338441009491226e-14, 'Happy': 2.697209209451268e-12, 'Neutral': 1.0, 'Other': 9.341854377467162e-15, 'Sad': 7.887013958596256e-12, 'Surprised': 7.301502067888488e-13, 'Unknown': 4.885994359755605e-14}",He also has a bit of a cold.
TALIESIN,02:52:48,02:52:51,Neutral,"{'Angry': 4.8055656676204705e-11, 'Disgusted': 1.0612530819409383e-11, 'Fearful': 3.453673978748295e-12, 'Happy': 1.032655627675183e-10, 'Neutral': 1.0, 'Other': 8.690136284184025e-13, 'Sad': 5.706252692583291e-10, 'Surprised': 2.064897558495815e-11, 'Unknown': 1.6152626111654023e-12}",I wish to observe the Briarwoods myself.
MATT,02:52:51,02:52:53,Neutral,"{'Angry': 6.7039759414910804e-06, 'Disgusted': 1.4947868294257205e-06, 'Fearful': 1.8415603335597552e-06, 'Happy': 2.839742592186667e-05, 'Neutral': 0.9999499320983887, 'Other': 1.9102820658645214e-07, 'Sad': 8.704056199348997e-06, 'Surprised': 7.788054290358559e-07, 'Unknown': 1.9711098957486684e-06}",Make a deception check.
TALIESIN,02:52:53,02:52:57,Neutral,"{'Angry': 0.00024840759579092264, 'Disgusted': 0.00031228482839651406, 'Fearful': 1.8252685549668968e-05, 'Happy': 0.00015551831165794283, 'Neutral': 0.9970377683639526, 'Other': 0.00024341647804249078, 'Sad': 0.001515728421509266, 'Surprised': 8.155095565598458e-05, 'Unknown': 0.0003871613007504493}",(gritty voice) I wish to observe.
LIAM,02:52:57,02:53:01,Neutral,"{'Angry': 0.005911398679018021, 'Disgusted': 0.00016363912436645478, 'Fearful': 1.192647141579073e-05, 'Happy': 0.00027333636535331607, 'Neutral': 0.9933425784111023, 'Other': 1.1427713616285473e-05, 'Sad': 0.0002449848980177194, 'Surprised': 3.180155545123853e-05, 'Unknown': 8.859028639562894e-06}","You've got to go more nasal, Taliesin."
TALIESIN,02:53:01,02:53:03,Neutral,"{'Angry': 5.598721486421709e-07, 'Disgusted': 2.893919770485809e-07, 'Fearful': 6.017640998834395e-07, 'Happy': 4.004390916634293e-07, 'Neutral': 0.9999934434890747, 'Other': 4.137218923006003e-08, 'Sad': 4.110758709430229e-06, 'Surprised': 4.93634274789656e-07, 'Unknown': 9.2959453468211e-09}","Yes, nasal."
ORION,02:53:03,02:53:05,Neutral,"{'Angry': 0.003363990690559149, 'Disgusted': 0.007024396676570177, 'Fearful': 0.004208266269415617, 'Happy': 0.006951766088604927, 'Neutral': 0.965984582901001, 'Other': 4.7308625653386116e-05, 'Sad': 0.00950806587934494, 'Surprised': 0.0027920035645365715, 'Unknown': 0.00011949481995543465}","Yes, you need to go down here."
SAM,02:53:05,02:53:07,Neutral,"{'Angry': 0.00010736542026279494, 'Disgusted': 1.851567139965482e-05, 'Fearful': 1.6960288121481426e-05, 'Happy': 5.342777512851171e-05, 'Neutral': 0.9995493292808533, 'Other': 1.3770566056336975e-06, 'Sad': 1.8315213310415857e-05, 'Surprised': 0.00023389387934003025, 'Unknown': 7.801188530720538e-07}",Sort of like sandpaper on a chalkboard.
MARISHA,02:53:07,02:53:12,Neutral,"{'Angry': 0.04071613401174545, 'Disgusted': 0.007960960268974304, 'Fearful': 0.022666778415441513, 'Happy': 0.08521309494972229, 'Neutral': 0.7794569134712219, 'Other': 5.603016325039789e-05, 'Sad': 0.06049632281064987, 'Surprised': 0.0030627150554209948, 'Unknown': 0.00037101958878338337}",I should have done something about this.
TALIESIN,02:53:12,02:53:13,Neutral,"{'Angry': 0.06582211703062057, 'Disgusted': 0.13491220772266388, 'Fearful': 0.0011397681664675474, 'Happy': 0.018011566251516342, 'Neutral': 0.6610692739486694, 'Other': 6.32888768450357e-05, 'Sad': 0.08160220086574554, 'Surprised': 0.037342824041843414, 'Unknown': 3.684695911942981e-05}",Five.
MATT,02:53:13,02:53:28,Angry,"{'Angry': 0.9999979734420776, 'Disgusted': 1.9041641508010798e-07, 'Fearful': 5.527235558133725e-08, 'Happy': 1.7781729866328533e-07, 'Neutral': 5.508725280378712e-07, 'Other': 5.860770535548454e-09, 'Sad': 7.740505338915682e-07, 'Surprised': 2.1244106562789966e-07, 'Unknown': 6.442603117662316e-10}","Asum goes, ""All right. If we are to do this, I would appreciate a little bit of honesty at the front point."""
ORION,02:53:28,02:53:31,Neutral,"{'Angry': 1.5067623797965224e-12, 'Disgusted': 5.879330225791457e-14, 'Fearful': 1.6024431876370503e-14, 'Happy': 1.8442164028548147e-12, 'Neutral': 1.0, 'Other': 4.855631616728327e-15, 'Sad': 4.781371045620153e-12, 'Surprised': 4.0684426313997157e-13, 'Unknown': 4.1629832990119214e-14}","Well, I'm Tiberius Stormwind from Draconia."
TALIESIN,02:53:31,02:53:32,Neutral,"{'Angry': 0.00643526017665863, 'Disgusted': 0.038504283875226974, 'Fearful': 0.0005622368189506233, 'Happy': 0.010686703026294708, 'Neutral': 0.9095985293388367, 'Other': 0.00011244131019338965, 'Sad': 0.03250521421432495, 'Surprised': 0.0012474359245970845, 'Unknown': 0.00034786498872563243}",It's all right.
SAM,02:53:32,02:53:36,Neutral,"{'Angry': 2.6021503174433747e-08, 'Disgusted': 3.067106035814504e-08, 'Fearful': 6.226831494871021e-09, 'Happy': 1.2767524992796098e-07, 'Neutral': 0.9999995231628418, 'Other': 1.8669478407673523e-08, 'Sad': 1.6917609002575773e-07, 'Surprised': 2.3089803402598363e-09, 'Unknown': 4.165551104051701e-08}",This is not Vax.
TALIESIN,02:53:36,02:53:39,Neutral,"{'Angry': 1.1987837111870903e-10, 'Disgusted': 1.268062130993508e-11, 'Fearful': 3.2487365662220435e-12, 'Happy': 1.0365332203665645e-10, 'Neutral': 1.0, 'Other': 1.1445452875388784e-12, 'Sad': 3.0455529764772393e-10, 'Surprised': 2.1434793176511313e-11, 'Unknown': 4.611875551591149e-12}","Asum, it's me."
MATT,02:53:39,02:53:54,Neutral,"{'Angry': 5.971973587293178e-05, 'Disgusted': 0.0003455098485574126, 'Fearful': 4.95667991344817e-05, 'Happy': 5.547302134800702e-05, 'Neutral': 0.9766721725463867, 'Other': 0.00012705822882708162, 'Sad': 0.022393669933080673, 'Surprised': 1.1859279993586824e-06, 'Unknown': 0.0002955624077003449}","""I gathered as much, as soon as you began to speak. Now, I can understand, based on our previous conversation, that you have interest in keeping low key, but know that I am an ally in this. If you're not here, where is the rest of your party. Where is Vax?"""
TALIESIN,02:53:54,02:53:56,Neutral,"{'Angry': 0.005062866490334272, 'Disgusted': 0.006928082089871168, 'Fearful': 0.024323485791683197, 'Happy': 0.0033625070936977863, 'Neutral': 0.6829847097396851, 'Other': 0.00010120509978150949, 'Sad': 0.27409619092941284, 'Surprised': 0.00040208976133726537, 'Unknown': 0.002738935174420476}",Vax is here.
LAURA,02:53:56,02:53:58,Neutral,"{'Angry': 0.0004026706446893513, 'Disgusted': 0.0028228729497641325, 'Fearful': 0.00041378967580385506, 'Happy': 0.02376091666519642, 'Neutral': 0.5522588491439819, 'Other': 0.0002607479691505432, 'Sad': 0.000954042945522815, 'Surprised': 0.4189987778663635, 'Unknown': 0.00012729570153169334}",He's stealthing.
TALIESIN,02:53:58,02:54:00,Sad,"{'Angry': 0.01110294833779335, 'Disgusted': 0.03322655335068703, 'Fearful': 0.059324052184820175, 'Happy': 0.05581463873386383, 'Neutral': 0.21518558263778687, 'Other': 0.0037287562154233456, 'Sad': 0.6024221181869507, 'Surprised': 0.016103491187095642, 'Unknown': 0.0030918458942323923}",He's being quiet.
MATT,02:54:00,02:54:53,Happy,"{'Angry': 0.00020309872343204916, 'Disgusted': 0.003254200564697385, 'Fearful': 0.00010490511340321973, 'Happy': 0.9634882807731628, 'Neutral': 0.02867608517408371, 'Other': 0.0021379985846579075, 'Sad': 0.000685563194565475, 'Surprised': 0.0006826143362559378, 'Unknown': 0.0007672318024560809}","""Well, Vax, if you can hear me, follow me when the meal begins. I may have use for you. All right, so. The Briarwoods have a very good relationship with Uriel and the Tal'Dorei council, established back before they expanded outside of Wildemount. I've sent two of my best gatherers into Wynandir to seek out more information on them. I don't know when that information will be available; they've only been gone but three days, and hopefully in time, we'll learn more of what their machinations may be. Many of the noble houses of Whitestone were left vacant when the de Rolos passed and were given to friends of the Briarwoods. Whispers that reach me speak of these new nobles, not being highborn, nor affiliated with the gentry at all, so I'm curious as to what allies they've made either before or after taking Whitestone for themselves."""
MARISHA,02:54:53,02:54:58,Surprised,"{'Angry': 7.2236258574776e-07, 'Disgusted': 2.3783717040259944e-07, 'Fearful': 3.218252822989598e-05, 'Happy': 3.927855868823826e-05, 'Neutral': 2.7400097678764723e-05, 'Other': 8.551509722565243e-07, 'Sad': 3.233078814446344e-06, 'Surprised': 0.9998959302902222, 'Unknown': 9.870771577880078e-08}",What are the names of these people who've taken over White--
LAURA,02:54:58,02:55:00,Happy,"{'Angry': 0.0018900608411058784, 'Disgusted': 0.0010408443631604314, 'Fearful': 0.0004904427914880216, 'Happy': 0.9549850821495056, 'Neutral': 0.02132607065141201, 'Other': 0.00011921464465558529, 'Sad': 0.019537929445505142, 'Surprised': 6.21548606432043e-05, 'Unknown': 0.0005481962580233812}",It was the Briarwoods.
MATT,02:55:00,02:55:01,Neutral,"{'Angry': 3.594449737853722e-10, 'Disgusted': 5.996328433788278e-11, 'Fearful': 1.1659186636980845e-11, 'Happy': 2.1881854106453602e-09, 'Neutral': 1.0, 'Other': 4.3753399341095456e-12, 'Sad': 9.884243423741168e-10, 'Surprised': 1.0840441738713125e-10, 'Unknown': 1.3465740675289162e-11}","""I don't. The Briarwoods have."""
MARISHA,02:55:01,02:55:03,Neutral,"{'Angry': 2.870328330573102e-07, 'Disgusted': 2.5709147166708135e-07, 'Fearful': 1.3544990906666499e-07, 'Happy': 5.175929345568875e-06, 'Neutral': 0.9999923706054688, 'Other': 4.7748464737651375e-08, 'Sad': 1.5233787280521938e-06, 'Surprised': 3.663894077021723e-08, 'Unknown': 1.811835801390771e-07}",I thought they said they had friends.
MATT,02:55:03,02:55:53,Neutral,"{'Angry': 0.0021786950528621674, 'Disgusted': 0.1661880612373352, 'Fearful': 0.006931536365300417, 'Happy': 0.006019558757543564, 'Neutral': 0.4990841746330261, 'Other': 0.0006958436570130289, 'Sad': 0.2228686362504959, 'Surprised': 0.09579800069332123, 'Unknown': 0.00023543172574136406}","""I do not know yet. I've sent folks out there. Those who have been sent to Whitestone have either defected or quit and sent me letters of resignation which is part of the reason I am very curious as to what's going on in Whitestone. Now, I've also found the documentation that delivered the ungoverned lands of Whitestone to the Briarwoods was signed, officiated and cataloged months in advance to the de Rolo family passing. I'm still following the trail but I find the timing far too convenient. With their arrival coming up, please be controlled, remember what I've told you and as more information comes in in the passing weeks I'll bring that to your attention, as well. Be observant, listen, pry what information you can, but do not raise suspicion."""
SAM,02:55:53,02:56:03,Neutral,"{'Angry': 1.6633625032902444e-10, 'Disgusted': 3.9950712876768435e-11, 'Fearful': 7.614524462351557e-12, 'Happy': 2.208486726829051e-10, 'Neutral': 1.0, 'Other': 6.742724434349867e-12, 'Sad': 1.2026547535626264e-09, 'Surprised': 3.0022314495559144e-11, 'Unknown': 2.6373844080884723e-11}","We will be as quiet as a house mouse. However, if you need us to act, just utter the word ""jenga."""
MATT,02:56:03,02:56:04,Neutral,"{'Angry': 0.0001867979153757915, 'Disgusted': 0.0011117393150925636, 'Fearful': 2.3299213353311643e-05, 'Happy': 0.003033644985407591, 'Neutral': 0.9938642978668213, 'Other': 5.8000452554551885e-05, 'Sad': 0.00017828190175350755, 'Surprised': 0.0015395493246614933, 'Unknown': 4.453701421880396e-06}","""Jenga."""
MARISHA,02:56:04,02:56:12,Neutral,"{'Angry': 0.020016318187117577, 'Disgusted': 0.006953760515898466, 'Fearful': 0.0012058848515152931, 'Happy': 0.056720633059740067, 'Neutral': 0.8231337666511536, 'Other': 0.012841212563216686, 'Sad': 0.002372580114752054, 'Surprised': 0.0004900412168353796, 'Unknown': 0.07626590877771378}","I also make a matching corsage and pin it on his lapel, as well."
MATT,02:56:12,02:56:16,Neutral,"{'Angry': 0.002140723867341876, 'Disgusted': 0.0010036107851192355, 'Fearful': 0.0021937198471277952, 'Happy': 0.09331830590963364, 'Neutral': 0.8590304851531982, 'Other': 0.0008895846549421549, 'Sad': 0.0023947744630277157, 'Surprised': 0.03290300443768501, 'Unknown': 0.006125759333372116}","As you do, he looks down at it and goes, ""Thank you; it's not my color."""
MARISHA,02:56:16,02:56:20,Neutral,"{'Angry': 1.7427145282411516e-09, 'Disgusted': 3.7197145363876416e-10, 'Fearful': 2.874482318837579e-10, 'Happy': 1.5495714933422278e-08, 'Neutral': 1.0, 'Other': 3.698164691146033e-11, 'Sad': 1.039771646560439e-08, 'Surprised': 1.678252092851551e-09, 'Unknown': 2.7414209791132294e-11}","You know, that's fine."
MATT,02:56:20,02:56:30,Neutral,"{'Angry': 5.888365350870117e-10, 'Disgusted': 5.215628484656065e-10, 'Fearful': 4.209364801166515e-10, 'Happy': 5.071603226269872e-08, 'Neutral': 1.0, 'Other': 2.0008417145334079e-10, 'Sad': 5.0602984913439286e-08, 'Surprised': 1.6288749238313471e-09, 'Unknown': 3.596052622345525e-11}","""I appreciate the offer but my theme goes with browns and blacks so as not to be seen. This is a bit bright for my taste."""
MARISHA,02:56:30,02:56:32,Neutral,"{'Angry': 0.00027768831932917237, 'Disgusted': 0.00020456912170629948, 'Fearful': 6.69289511279203e-05, 'Happy': 0.0019688657484948635, 'Neutral': 0.9946598410606384, 'Other': 0.00036116846604272723, 'Sad': 0.00018423718574922532, 'Surprised': 2.00420108740218e-05, 'Unknown': 0.0022567291744053364}","It might have had a more utilitarian purpose, but it's fine."
MATT,02:56:32,02:56:35,Neutral,"{'Angry': 0.0022113174200057983, 'Disgusted': 0.0012466332409530878, 'Fearful': 0.0015756034990772605, 'Happy': 0.007403924595564604, 'Neutral': 0.9582469463348389, 'Other': 0.0010722080478444695, 'Sad': 0.005728068761527538, 'Surprised': 0.00010346376802772284, 'Unknown': 0.022411832585930824}","""I'm not going to be at the dinner, but thank you."""
LAURA,02:56:35,02:56:47,Neutral,"{'Angry': 8.490737002375681e-10, 'Disgusted': 3.21062149089002e-10, 'Fearful': 1.0252528687137996e-10, 'Happy': 3.527067304887055e-09, 'Neutral': 1.0, 'Other': 2.3071653962314365e-11, 'Sad': 1.8401011825375235e-09, 'Surprised': 1.0103791137083817e-09, 'Unknown': 2.347604749486365e-11}",Do you have any of your people learning about the Briarwoods? Are they magic users in any way? Have you heard anything?
MATT,02:56:47,02:57:18,Happy,"{'Angry': 0.0001224317093146965, 'Disgusted': 0.00048523314762860537, 'Fearful': 0.00022754502424504608, 'Happy': 0.9972155094146729, 'Neutral': 0.0006803639116697013, 'Other': 0.0002010917814914137, 'Sad': 0.00021392579947132617, 'Surprised': 0.0003177963080815971, 'Unknown': 0.0005362000083550811}","""The only thing I can recall as the information of the Briarwoods, at least what's come this way was while they were ruling the lands in Wildemount as part of their kingdom there, Lady Delilah Briarwood was an accomplished practitioner of the arcane arts, a long-trained wizard as far as I know and been through quite a few different schools and had a brief stint here in Emon training at the Lyceum, but that was naught but nine, ten years back? Maybe more."""
LAURA,02:57:18,02:57:25,Neutral,"{'Angry': 0.07108765840530396, 'Disgusted': 0.032092101871967316, 'Fearful': 0.0017822133377194405, 'Happy': 0.009027860127389431, 'Neutral': 0.8347511291503906, 'Other': 0.0023733230773359537, 'Sad': 0.03774668648838997, 'Surprised': 0.002382583450525999, 'Unknown': 0.008756463415920734}","Do any of you know, as somebody practiced in the arcane arts, are you good at seeing through illusions? Or--"
SAM,02:57:25,02:57:28,Neutral,"{'Angry': 0.011331304907798767, 'Disgusted': 0.0532216839492321, 'Fearful': 0.007514576427638531, 'Happy': 0.06256857514381409, 'Neutral': 0.6148785352706909, 'Other': 0.0345279723405838, 'Sad': 0.01127490121871233, 'Surprised': 0.11677591502666473, 'Unknown': 0.087906613945961}","Who, me? Who, us?"
LAURA,02:57:28,02:57:31,Neutral,"{'Angry': 9.144398791249841e-05, 'Disgusted': 8.905528375180438e-05, 'Fearful': 9.16966309887357e-05, 'Happy': 0.0004022315260954201, 'Neutral': 0.9986302852630615, 'Other': 5.6958753702929243e-05, 'Sad': 0.0002600682491902262, 'Surprised': 2.5104134692810476e-05, 'Unknown': 0.0003531568800099194}","Anybody that is, you know, very skilled?"
ORION,02:57:31,02:57:38,Neutral,"{'Angry': 9.136432055356636e-08, 'Disgusted': 1.4729072406183263e-09, 'Fearful': 3.353968214270253e-10, 'Happy': 2.2300350792647805e-06, 'Neutral': 0.9999974966049194, 'Other': 1.101738630882032e-10, 'Sad': 9.196259753707636e-08, 'Surprised': 1.641242253214159e-09, 'Unknown': 7.739555524244324e-11}","(chuckles) Of course. I just need to know that one's happening. So it's tricky, is what I'm saying."
LAURA,02:57:38,02:57:44,Neutral,"{'Angry': 4.959871895788767e-14, 'Disgusted': 1.8568565213666942e-15, 'Fearful': 2.820338869995246e-16, 'Happy': 6.414047217613225e-14, 'Neutral': 1.0, 'Other': 4.0325740429251783e-16, 'Sad': 1.4346363723730104e-13, 'Surprised': 2.999851547182651e-14, 'Unknown': 1.2077680799847906e-15}",So she wouldn't automatically know. They wouldn't be able to spot immediately that Percy is not actually--
ORION,02:57:44,02:58:06,Neutral,"{'Angry': 3.376341307231856e-12, 'Disgusted': 2.0327116996999434e-13, 'Fearful': 7.257900064370354e-14, 'Happy': 5.553050640844104e-12, 'Neutral': 1.0, 'Other': 2.0751915878508727e-14, 'Sad': 1.58194707333692e-11, 'Surprised': 1.5751838852370859e-12, 'Unknown': 1.8223299930696102e-13}","Somebody would have to have rather powerful abilities to see through an illusion spell like a disguise or such. It's like a rakshasa could see though that kind of thing, per experience. I doubt that the Briarwoods have any--"
MATT,02:58:06,02:58:20,Neutral,"{'Angry': 4.4195621148228684e-14, 'Disgusted': 1.7352893998646914e-15, 'Fearful': 2.6118920026098433e-16, 'Happy': 6.122206420208082e-14, 'Neutral': 1.0, 'Other': 4.3676933640834816e-16, 'Sad': 1.4621146632830262e-13, 'Surprised': 2.6897932733677306e-14, 'Unknown': 1.2503112626727035e-15}","At which point you hear, muffled in the distance a (horn noise) this horn sound that seems to be blown as a notification that the arrival of guests has rolled in."
TRAVIS,02:58:20,02:58:22,Neutral,"{'Angry': 0.00021527665376197547, 'Disgusted': 0.001109742559492588, 'Fearful': 0.00032250522053800523, 'Happy': 0.00026550129405222833, 'Neutral': 0.956841766834259, 'Other': 3.182949512847699e-05, 'Sad': 0.0008002122049219906, 'Surprised': 0.040407128632068634, 'Unknown': 6.0445081544457935e-06}","Are you ready for this, Vaxy?"
TALIESIN,02:58:22,02:58:25,Neutral,"{'Angry': 0.011299822479486465, 'Disgusted': 0.2603662610054016, 'Fearful': 0.01015637256205082, 'Happy': 0.048250991851091385, 'Neutral': 0.6031773090362549, 'Other': 0.0011677851434797049, 'Sad': 0.015406647697091103, 'Surprised': 0.0004313583776820451, 'Unknown': 0.049743540585041046}",No. Let's do this.
ORION,02:58:25,02:58:27,Happy,"{'Angry': 3.87772306567058e-05, 'Disgusted': 7.746831397525966e-05, 'Fearful': 2.2560845536645502e-05, 'Happy': 0.9915636777877808, 'Neutral': 0.0020308431703597307, 'Other': 4.4984477426623926e-05, 'Sad': 0.006143204402178526, 'Surprised': 4.825034920941107e-05, 'Unknown': 3.0192022677510977e-05}",Would you like me to cast Fireball?
MATT,02:58:27,02:58:43,Sad,"{'Angry': 0.00010733827366493642, 'Disgusted': 9.237301856046543e-05, 'Fearful': 3.7336420064093545e-05, 'Happy': 0.0024124605115503073, 'Neutral': 0.09717749059200287, 'Other': 0.0001285980106331408, 'Sad': 0.8999001383781433, 'Surprised': 1.7304200810031034e-05, 'Unknown': 0.00012705131666734815}","Asum goes, ""No, please, none of that. Vax, if you can hear me in this room, ten minutes into the meal see if you can spot me and follow me in the foyer. Good luck."""
LAURA,02:58:43,02:58:46,Sad,"{'Angry': 0.00019714439986273646, 'Disgusted': 0.0006383791333064437, 'Fearful': 0.0009267156128771603, 'Happy': 0.00028313789516687393, 'Neutral': 0.11225073784589767, 'Other': 0.00017609661153983325, 'Sad': 0.8823859095573425, 'Surprised': 8.5830943135079e-06, 'Unknown': 0.003133305348455906}",Great.
SAM,02:58:46,02:58:50,Neutral,"{'Angry': 3.3541440735973538e-09, 'Disgusted': 2.7800679536227335e-09, 'Fearful': 6.786962103433325e-10, 'Happy': 5.169451711140027e-08, 'Neutral': 0.9999998807907104, 'Other': 7.152207714966607e-10, 'Sad': 2.8550708464081254e-08, 'Surprised': 4.596277136670324e-09, 'Unknown': 5.026173366395881e-10}","Keyleth, I hope you phoned ahead and gave them your order for a vegan meal."
MARISHA,02:58:50,02:58:52,Neutral,"{'Angry': 7.059588824631646e-08, 'Disgusted': 1.327884575630378e-07, 'Fearful': 5.858970908434458e-08, 'Happy': 7.112872140169202e-07, 'Neutral': 0.9999955892562866, 'Other': 8.020707298328489e-08, 'Sad': 2.303263045178028e-06, 'Surprised': 3.4307376939324286e-09, 'Unknown': 9.963124512069044e-07}","Oh, I always do."
TALIESIN,02:58:52,02:58:57,Neutral,"{'Angry': 0.015729472041130066, 'Disgusted': 0.021753139793872833, 'Fearful': 0.19686944782733917, 'Happy': 0.01813812367618084, 'Neutral': 0.6807774305343628, 'Other': 0.0007860353216528893, 'Sad': 0.047748077660799026, 'Surprised': 0.012320428155362606, 'Unknown': 0.00587784219533205}",She's vegan. Of course she told them.
MARISHA,02:58:57,02:58:59,Happy,"{'Angry': 0.000873628887347877, 'Disgusted': 0.009700542315840721, 'Fearful': 0.00017336141900159419, 'Happy': 0.9635793566703796, 'Neutral': 0.02083483152091503, 'Other': 0.0003232812450733036, 'Sad': 0.002284485148265958, 'Surprised': 0.0021535041742026806, 'Unknown': 7.699934940319508e-05}",Exactly. It's on the RSVP.
MATT,02:58:59,02:59:06,Neutral,"{'Angry': 3.5697000839718385e-06, 'Disgusted': 7.867208182688046e-07, 'Fearful': 1.081848992612322e-07, 'Happy': 0.0008221209864132106, 'Neutral': 0.9991466999053955, 'Other': 4.3907768088047305e-08, 'Sad': 2.601269443402998e-05, 'Surprised': 6.572346364919213e-07, 'Unknown': 1.8886188613009836e-08}","Asum leaves the room. Do you wish to stay inside, do you wish to see the guests as they arrive?"
TALIESIN,02:59:06,02:59:09,Neutral,"{'Angry': 1.1075734773768886e-10, 'Disgusted': 1.6598525939132136e-12, 'Fearful': 2.6014750791926444e-13, 'Happy': 2.348222657988508e-11, 'Neutral': 1.0, 'Other': 3.96968733112988e-14, 'Sad': 4.89107435108771e-11, 'Surprised': 7.110999723086708e-12, 'Unknown': 1.514061770922781e-13}",Let's go be social.
SAM,02:59:09,02:59:10,Happy,"{'Angry': 0.0009334025671705604, 'Disgusted': 0.006285307928919792, 'Fearful': 0.00018419160915073007, 'Happy': 0.854476273059845, 'Neutral': 0.12020640075206757, 'Other': 0.0005263032508082688, 'Sad': 0.0022347078192979097, 'Surprised': 0.015112154185771942, 'Unknown': 4.12363515351899e-05}",Let's go mingle.
MATT,02:59:10,03:01:19,Neutral,"{'Angry': 1.226478048010904e-07, 'Disgusted': 6.662028084747362e-08, 'Fearful': 5.51220447064793e-09, 'Happy': 0.0005899146781302989, 'Neutral': 0.9994078874588013, 'Other': 7.672731783259223e-08, 'Sad': 1.8707469280343503e-06, 'Surprised': 2.138229149295512e-08, 'Unknown': 2.236707175029551e-08}","All right. You guys head back out to the front of the palace, the large stairway that leads down into the central road outside of the palace in the middle of the Cloudtop district. The sky itself has now come to a dark purple blue slowly moving over into the distant sunset. The sun has disappeared beneath the sea and you've completed the dusk as the sunset slowly turns gold. A dark wood carriage flanked by four armored men on horseback pulls onto the road right before the Tal'Dorei palace. A young man steps from the front of the carriage and opens the door. Stepping out you see a strong, tall man in the nearby lantern light. Short brown hair frames a very chiseled and handsome face adorned with a well groomed goatee. His clothing is based in blue and black, fitted elegance trimmed with golds and red. A strip of grey fur cresting over one shoulder framing his torso. He turns, extends his hand towards the door, where a feminine gloved hand finds it. A beautiful woman steps out after. Her hair dark auburn and pulled up into a tight braided bun, resembling some sort of a glamorous school teacher almost. Her gown is in the same color scheme as the man, if a bit heavier blue than black, and a long billowing skirt tapers up to be form-fitted across her body, continuing upward to wrap her neck nearly to the jaw. They both turn to face the greeting party, bowing slightly as two of their companion guards flank their approach up the steps. The other two helping the young man who steered the carriage carry their rather large bags behind them. This is Lord Sylas Briarwood and Lady Delilah Briarwood. As you guys are standing here at this point, stepping behind you a hand reaches over and touches the back of your shoulder. You look behind you and there, smiling, is Arcanist Allura Vysoren dressed in a very fine blue gown. You've never seen her quite so formal, but very beautiful type thing. She glances over the shoulders, ""It's so good to see you. I'm so glad you all could make it."""
LAURA,03:01:19,03:01:22,Neutral,"{'Angry': 8.347630682692397e-06, 'Disgusted': 1.028334372676909e-05, 'Fearful': 4.1007289837580174e-05, 'Happy': 2.822895476128906e-05, 'Neutral': 0.9987630844116211, 'Other': 7.434342478518374e-06, 'Sad': 0.0010500134667381644, 'Surprised': 3.204349923180416e-07, 'Unknown': 9.132767445407808e-05}",So wonderful to see you. I give her a hug.
MATT,03:01:22,03:01:34,Happy,"{'Angry': 0.0013090240536257625, 'Disgusted': 0.002163231372833252, 'Fearful': 0.001477384939789772, 'Happy': 0.625387966632843, 'Neutral': 0.32777026295661926, 'Other': 0.0034941029734909534, 'Sad': 0.012567942962050438, 'Surprised': 0.00034752272767946124, 'Unknown': 0.025482648983597755}","She gives a little hug, too. Glances over at you. ""A pleasure, Vax'ildan."""
ORION,03:01:34,03:01:36,Neutral,"{'Angry': 9.628245756232445e-09, 'Disgusted': 6.678070318955065e-10, 'Fearful': 3.29140104060599e-10, 'Happy': 1.1065002780696886e-07, 'Neutral': 0.9999998807907104, 'Other': 1.9551136751227993e-11, 'Sad': 2.2107647268398978e-08, 'Surprised': 2.8200044521753398e-09, 'Unknown': 3.003096035736341e-11}",See? She can see it.
MARISHA,03:01:36,03:01:38,Happy,"{'Angry': 5.460110060084844e-06, 'Disgusted': 2.8066704089724226e-06, 'Fearful': 8.292213919958158e-07, 'Happy': 0.9998687505722046, 'Neutral': 0.0001147413786384277, 'Other': 2.5626886213103717e-07, 'Sad': 8.610253985352756e-07, 'Surprised': 8.487440936733037e-07, 'Unknown': 5.421795322035905e-06}","Yes, she can."
MATT,03:01:38,03:01:47,Neutral,"{'Angry': 2.5244898438359087e-07, 'Disgusted': 2.777320275981765e-07, 'Fearful': 6.697901255847682e-08, 'Happy': 6.22793641014141e-06, 'Neutral': 0.9999885559082031, 'Other': 6.226318305380119e-07, 'Sad': 1.2140511671532295e-06, 'Surprised': 6.4064096250149305e-09, 'Unknown': 2.748155338849756e-06}",What are you doing?
ORION,03:01:47,03:01:55,Neutral,"{'Angry': 0.0002834909246303141, 'Disgusted': 0.00023604108719155192, 'Fearful': 3.7739173421869054e-05, 'Happy': 0.00798625685274601, 'Neutral': 0.9905394315719604, 'Other': 0.0001560371310915798, 'Sad': 0.00016010593390092254, 'Surprised': 0.0002945158339571208, 'Unknown': 0.0003064557386096567}","You look gorgeous Allura, and my friends are just making weird faces right now. It's probably because of how beautiful you look."
MATT,03:01:55,03:02:13,Neutral,"{'Angry': 0.0004349134978838265, 'Disgusted': 0.0052138459868729115, 'Fearful': 0.0007470141863450408, 'Happy': 0.013336457312107086, 'Neutral': 0.963840663433075, 'Other': 0.004203164950013161, 'Sad': 0.0032645869068801403, 'Surprised': 0.00152558833360672, 'Unknown': 0.007433847524225712}","As you guys are having this discussion about 15 feet from you the Briarwoods enter the palace, their guards enter with them. There's been no pleasantry and very much an intended arrival. None of you are recognizable to them, thus they make no intent of introducing themselves."
LAURA,03:02:13,03:02:14,Neutral,"{'Angry': 0.003355140332132578, 'Disgusted': 0.000756155583076179, 'Fearful': 0.0002683838247321546, 'Happy': 0.031623903661966324, 'Neutral': 0.9181502461433411, 'Other': 1.3454584404826164e-05, 'Sad': 0.045668087899684906, 'Surprised': 0.00015108314983081073, 'Unknown': 1.3592348295787815e-05}",We catch any of their eye at all?
MATT,03:02:14,03:02:22,Neutral,"{'Angry': 4.8080277537110305e-09, 'Disgusted': 3.2261846527603666e-09, 'Fearful': 8.178445698447945e-10, 'Happy': 1.9686892116510535e-08, 'Neutral': 1.0, 'Other': 2.4500895756673913e-10, 'Sad': 1.1387489173841914e-08, 'Surprised': 9.408616996608998e-09, 'Unknown': 2.5601883460457664e-11}",They appear to be looking about and taking in their surroundings but they're both engaged in a mumbled conversation between the two of them as they enter.
MARISHA,03:02:22,03:02:23,Neutral,"{'Angry': 1.0066505637951195e-05, 'Disgusted': 2.5829673177213408e-05, 'Fearful': 1.1270221875747666e-05, 'Happy': 0.00023909796436782926, 'Neutral': 0.9996330738067627, 'Other': 1.1889589586644433e-05, 'Sad': 4.6115368604660034e-05, 'Surprised': 5.097153007227462e-06, 'Unknown': 1.747861460899003e-05}",Is anyone waiting to greet them?
MATT,03:02:23,03:03:08,Surprised,"{'Angry': 0.00036022483254782856, 'Disgusted': 0.0004926216788589954, 'Fearful': 0.005552193615585566, 'Happy': 5.6793571275193244e-05, 'Neutral': 0.012229577638208866, 'Other': 3.1974821467883885e-05, 'Sad': 8.150291250785813e-05, 'Surprised': 0.9811927080154419, 'Unknown': 2.3564200546388747e-06}","As you follow where they're going, as you walk into the main foyer area where you stand there, waiting carefully at the back, there are a number of servants that have arrived and have taken some of their bags and help them up the stairs. There is one, the head servant who is there talking to them and you hear him speaking to them. ""Wait in your quarters be ready, the meal should be ready within the hour. If you would be so kind as to prepare yourselves, relax, unwind, set up your rooms. You're to stay for a few days at the very least. But we shall call you when the meal is ready."" At which Lord Sylas Briarwood turns to him and says, ""I greatly appreciate the information. Just come to our room and let us know when the food is ready. Now, come, my dear"""
LAURA,03:03:08,03:03:17,Neutral,"{'Angry': 5.616304406430572e-05, 'Disgusted': 3.571571141947061e-05, 'Fearful': 2.128854248439893e-05, 'Happy': 0.00012767912994604558, 'Neutral': 0.9946801066398621, 'Other': 4.1429531847825274e-05, 'Sad': 0.004990707151591778, 'Surprised': 1.2155437616456766e-05, 'Unknown': 3.463012762949802e-05}","Can I keep an eye on them as they're walking to their room? Just as long as I can see their mouths moving, I can read their lips."
TALIESIN,03:03:17,03:03:20,Neutral,"{'Angry': 0.0007872572168707848, 'Disgusted': 0.0011442919494584203, 'Fearful': 0.00055805838201195, 'Happy': 0.0018129560630768538, 'Neutral': 0.9852806925773621, 'Other': 0.0006218429771251976, 'Sad': 0.0021343210246413946, 'Surprised': 0.00011545282904990017, 'Unknown': 0.007545095402747393}",I also want to scan their entourage to see if I recognize any faces.
MATT,03:03:20,03:03:24,Neutral,"{'Angry': 0.010103029198944569, 'Disgusted': 0.0013471816200762987, 'Fearful': 0.0008355448371730745, 'Happy': 0.005566929467022419, 'Neutral': 0.976940393447876, 'Other': 4.5619759475812316e-05, 'Sad': 0.003936404827982187, 'Surprised': 0.0011840430088341236, 'Unknown': 4.094468386028893e-05}","Okay, perception check. Perception check for you, as well."
LAURA,03:03:24,03:03:29,Neutral,"{'Angry': 0.22208859026432037, 'Disgusted': 0.025544706732034683, 'Fearful': 0.0005311270360834897, 'Happy': 0.0056772539392113686, 'Neutral': 0.7428385019302368, 'Other': 0.0005718009197153151, 'Sad': 0.001304616336710751, 'Surprised': 0.001278971671126783, 'Unknown': 0.00016441925254184753}",Do I have to perceive it? I have a feat that I can read it.
MATT,03:03:29,03:03:30,Neutral,"{'Angry': 0.0009149505058303475, 'Disgusted': 0.00037583545781672, 'Fearful': 7.22133117960766e-05, 'Happy': 0.0017238397849723697, 'Neutral': 0.996101975440979, 'Other': 9.724505616759416e-06, 'Sad': 0.00044195493683218956, 'Surprised': 0.00035249043139629066, 'Unknown': 7.036328497633804e-06}","Oh, you do?"
LAURA,03:03:30,03:03:35,Neutral,"{'Angry': 8.602224852438667e-07, 'Disgusted': 2.1934670257905964e-06, 'Fearful': 1.1925899343623314e-06, 'Happy': 7.990282028913498e-06, 'Neutral': 0.9999600648880005, 'Other': 1.083793222278473e-06, 'Sad': 2.420111013634596e-05, 'Surprised': 7.624332170053094e-07, 'Unknown': 1.6398143998230807e-06}","Yeah, I have Observant: Read Lips meaning I can read lips from any language I can understand."
MATT,03:03:35,03:03:36,Neutral,"{'Angry': 1.5124576748348773e-05, 'Disgusted': 1.4515709381157649e-06, 'Fearful': 1.2817473589166184e-06, 'Happy': 0.0017011110903695226, 'Neutral': 0.9982393980026245, 'Other': 5.96084035464628e-08, 'Sad': 1.8079821529681794e-05, 'Surprised': 2.3487680664402433e-05, 'Unknown': 7.0508980876127225e-09}","That's true. Okay, good to know."
TALIESIN,03:03:36,03:03:38,Neutral,"{'Angry': 3.4343615191306798e-12, 'Disgusted': 1.6665992587719392e-13, 'Fearful': 5.906801198336809e-14, 'Happy': 5.723567453319589e-12, 'Neutral': 1.0, 'Other': 1.2137499325374189e-14, 'Sad': 1.511884541172126e-11, 'Surprised': 1.3265086728705966e-12, 'Unknown': 6.184468085215777e-14}",19.
MATT,03:03:38,03:04:27,Neutral,"{'Angry': 3.792135442465261e-12, 'Disgusted': 3.0864300373280307e-13, 'Fearful': 8.975413186111669e-14, 'Happy': 6.68119812946566e-12, 'Neutral': 1.0, 'Other': 2.6873317956230096e-14, 'Sad': 2.7644242797664198e-11, 'Surprised': 1.6022339704990785e-12, 'Unknown': 1.2752596016945422e-13}","19. No, they all appear to be run of the mill soldiers, nothing, no one that catches your attention. The young man who is helping them as they go through seems familiar, but no one that is jumping out at you right now. Someone you may have crossed paths with in the past but nobody that's really been formally involved in your life previously. Maybe a denizen of Whitestone that you've crossed before when he was younger. As they walk up the steps, you keep an eye best you can as they go. You catch a little bit of conversation that seems to speak about how long the journey's been, ""That's all right, we'll be in there soon to discuss and we'll be out as soon as we can. We won't stay any longer than we need to."" And that's the extent you gather as they continue up the stairway. As the next hour or so passes?"
ORION,03:04:27,03:04:30,Neutral,"{'Angry': 1.3372686225920916e-05, 'Disgusted': 1.3886720807931852e-05, 'Fearful': 3.809688905676012e-06, 'Happy': 0.00019086185784544796, 'Neutral': 0.9996800422668457, 'Other': 9.004260391520802e-06, 'Sad': 1.046180295816157e-05, 'Surprised': 1.3720938341066358e-06, 'Unknown': 7.715378160355613e-05}",I flirt with Allura.
MATT,03:04:30,03:04:32,Neutral,"{'Angry': 8.091322342806961e-06, 'Disgusted': 9.414768101123627e-06, 'Fearful': 4.317540970077971e-06, 'Happy': 7.91578640928492e-05, 'Neutral': 0.997866690158844, 'Other': 6.002449026709655e-07, 'Sad': 0.002015552716329694, 'Surprised': 1.5841585991438478e-05, 'Unknown': 3.1583661552758713e-07}","Okay, do you want to talk with Allura?"
ORION,03:04:32,03:04:35,Sad,"{'Angry': 0.0010081185027956963, 'Disgusted': 0.0017267356161028147, 'Fearful': 0.002247809199616313, 'Happy': 0.0012369018513709307, 'Neutral': 0.3541085720062256, 'Other': 5.944255826761946e-05, 'Sad': 0.6389291286468506, 'Surprised': 0.0005722707137465477, 'Unknown': 0.00011096629896201193}",I flirt with her throughout the hour.
MATT,03:04:35,03:04:53,Neutral,"{'Angry': 2.3473349999858506e-12, 'Disgusted': 1.0736879186299189e-13, 'Fearful': 3.329748179655215e-14, 'Happy': 4.066412137571085e-12, 'Neutral': 1.0, 'Other': 1.1274317694980485e-14, 'Sad': 8.126237530103886e-12, 'Surprised': 9.601086202112863e-13, 'Unknown': 8.213022547210597e-14}","Okay, she's grateful for the conversation. She laughs, and she's very attentive to all of you and excited to see you. She lets you know that she's been caught in a little bit of the bureaucracy in the city and despises that. She's taken some time off for herself for about a week or so."
ORION,03:04:53,03:04:59,Neutral,"{'Angry': 1.9215213459006925e-13, 'Disgusted': 5.902608808764373e-15, 'Fearful': 1.3449234664524696e-15, 'Happy': 2.1603132152082927e-13, 'Neutral': 1.0, 'Other': 9.337929438547822e-16, 'Sad': 7.134621669499519e-13, 'Surprised': 7.401853652569401e-14, 'Unknown': 4.0112503061154065e-15}","Actually, towards the end of that conversation I would like to bring up a specific thing. We've been having such a wonderful conversation."
MATT,03:04:59,03:05:01,Neutral,"{'Angry': 1.8110620658262633e-05, 'Disgusted': 1.1633121175691485e-05, 'Fearful': 4.6800447307759896e-05, 'Happy': 2.2768357666791417e-05, 'Neutral': 0.9998359680175781, 'Other': 4.893835466646124e-06, 'Sad': 3.5530771128833294e-05, 'Surprised': 2.306312308064662e-05, 'Unknown': 1.2448404049791861e-06}","""Of course, no, of course, Tiberius"""
ORION,03:05:01,03:05:22,Neutral,"{'Angry': 5.055728920363642e-14, 'Disgusted': 2.1123131879291187e-15, 'Fearful': 3.2455464978411487e-16, 'Happy': 7.395828198995813e-14, 'Neutral': 1.0, 'Other': 5.653228650686433e-16, 'Sad': 1.8552936693460448e-13, 'Surprised': 2.9283819564119434e-14, 'Unknown': 1.7231585116314705e-15}","I think when things settle down a bit, perhaps you and I and maybe Grog, and Lady Kima can perhaps go out. Break bread and have some wine and such on an evening with each other. I believe my friend rather fancies Kima. What say you?"
MATT,03:05:22,03:05:39,Neutral,"{'Angry': 1.751147005180087e-10, 'Disgusted': 8.318792182882007e-11, 'Fearful': 4.4048667491303206e-11, 'Happy': 6.199917801374966e-10, 'Neutral': 1.0, 'Other': 9.146321720832074e-12, 'Sad': 3.0154798658088566e-09, 'Surprised': 4.704600042870766e-10, 'Unknown': 1.1261611435053887e-11}","""Well, that's very flattering, Tiberius. I appreciate the invitation. I would say that particular mix of company might prove a bit awkward."""
ORION,03:05:39,03:05:48,Neutral,"{'Angry': 5.574067318825371e-10, 'Disgusted': 7.119733691496322e-10, 'Fearful': 3.3231692397883705e-10, 'Happy': 4.445477319592328e-09, 'Neutral': 1.0, 'Other': 2.6489155313669244e-10, 'Sad': 2.410524757578969e-08, 'Surprised': 4.433146905125085e-10, 'Unknown': 1.1860565307664217e-10}","Well, of course. If it was awkward, nobody wants that."
MATT,03:05:48,03:05:52,Neutral,"{'Angry': 6.855598400079543e-08, 'Disgusted': 3.754623634222298e-08, 'Fearful': 6.83872114493056e-09, 'Happy': 3.171775915689068e-06, 'Neutral': 0.9999959468841553, 'Other': 7.728178985644263e-09, 'Sad': 6.630117468375829e-07, 'Surprised': 5.3405912581183657e-08, 'Unknown': 2.0825159374737723e-09}","""Perhaps we might-- I mean if you would like to get some tea sometime I'd be more than happy to--"""
ORION,03:05:52,03:05:54,Neutral,"{'Angry': 1.0385467248852365e-05, 'Disgusted': 1.3048413165961392e-05, 'Fearful': 3.1641506211599335e-05, 'Happy': 2.2081139832152985e-05, 'Neutral': 0.999268114566803, 'Other': 1.706453531369334e-06, 'Sad': 0.0006456474657170475, 'Surprised': 5.279995548335137e-06, 'Unknown': 2.0409361241036095e-06}","Oh, just you and I?"
MATT,03:05:54,03:06:04,Neutral,"{'Angry': 6.541239717852004e-14, 'Disgusted': 2.251154805236544e-15, 'Fearful': 3.5519529902743074e-16, 'Happy': 9.007003449286108e-14, 'Neutral': 1.0, 'Other': 4.332745049377565e-16, 'Sad': 2.280740429416034e-13, 'Surprised': 3.134207913276128e-14, 'Unknown': 1.4430795502044292e-15}","""Yes. Kima's quite a ways off and I believe she's still in Vasselheim, last I spoke with her, and yes, tea would be lovely."""
ORION,03:06:04,03:06:09,Neutral,"{'Angry': 9.964606396961617e-12, 'Disgusted': 1.174049898099161e-12, 'Fearful': 3.7896676899004667e-13, 'Happy': 1.655916549714309e-11, 'Neutral': 1.0, 'Other': 1.1578596154776521e-13, 'Sad': 8.829823677780624e-11, 'Surprised': 3.4750301594610455e-12, 'Unknown': 3.129914133859907e-13}","Okay, all right, wonderful."
SAM,03:06:09,03:06:11,Neutral,"{'Angry': 1.0095243752061833e-08, 'Disgusted': 7.341455887655002e-09, 'Fearful': 1.647405989402273e-09, 'Happy': 5.737654351634092e-09, 'Neutral': 1.0, 'Other': 3.155087024975245e-10, 'Sad': 4.8987754297513675e-08, 'Surprised': 3.869575770920619e-09, 'Unknown': 2.838296264684459e-10}",You walk away.
ORION,03:06:11,03:06:18,Neutral,"{'Angry': 1.219221663732728e-13, 'Disgusted': 3.714997144681426e-15, 'Fearful': 7.499403133676185e-16, 'Happy': 1.4008445011620685e-13, 'Neutral': 1.0, 'Other': 7.034402692061663e-16, 'Sad': 4.757598395105367e-13, 'Surprised': 4.829955676404797e-14, 'Unknown': 2.6021771170399877e-15}",I walk away. (laughter)
MARISHA,03:06:18,03:06:20,Neutral,"{'Angry': 2.644912067140126e-10, 'Disgusted': 3.4334726034535024e-11, 'Fearful': 1.3249239379231614e-11, 'Happy': 5.904177702298341e-10, 'Neutral': 1.0, 'Other': 2.6152823396491387e-12, 'Sad': 7.033967852621004e-10, 'Surprised': 4.740241532630307e-10, 'Unknown': 3.627021209415271e-12}",He got a date!
TRAVIS,03:06:20,03:06:22,Neutral,"{'Angry': 1.6303355421330018e-13, 'Disgusted': 5.406382179911967e-15, 'Fearful': 1.1399031649760656e-15, 'Happy': 2.0072679141665967e-13, 'Neutral': 1.0, 'Other': 7.665101836400439e-16, 'Sad': 5.32208175099691e-13, 'Surprised': 7.47697260009006e-14, 'Unknown': 3.2813637095322704e-15}",Is that carriage. Is the carriage still there?
MATT,03:06:22,03:06:30,Neutral,"{'Angry': 5.8683745010057464e-06, 'Disgusted': 5.576550393016078e-06, 'Fearful': 9.767638857738348e-07, 'Happy': 2.5920189727912657e-06, 'Neutral': 0.9999445676803589, 'Other': 8.199281182896812e-06, 'Sad': 1.117929150495911e-05, 'Surprised': 7.697232007330967e-08, 'Unknown': 2.0912813852191903e-05}","The carriage, as far as you see, is being led off slowly by the servants to a side area of the palace."
TRAVIS,03:06:30,03:06:35,Neutral,"{'Angry': 0.002664117841050029, 'Disgusted': 0.003851221175864339, 'Fearful': 0.0026433502789586782, 'Happy': 0.009410497732460499, 'Neutral': 0.7814813256263733, 'Other': 0.005274374503642321, 'Sad': 0.18414165079593658, 'Surprised': 0.010140658356249332, 'Unknown': 0.0003928314836230129}",And the armed on horseback that were with the Briarwoods when they came in?
MATT,03:06:35,03:06:43,Sad,"{'Angry': 7.202769438663381e-07, 'Disgusted': 4.158898718742421e-07, 'Fearful': 4.963170795235783e-06, 'Happy': 0.0003859354474116117, 'Neutral': 2.1236875909380615e-05, 'Other': 9.188126455228485e-07, 'Sad': 0.9995833039283752, 'Surprised': 1.7858606042864267e-06, 'Unknown': 6.7973820705447e-07}","Two of them are with the Briarwoods, and there are two helping to bring their stuff up to their rooms."
TRAVIS,03:06:43,03:06:45,Sad,"{'Angry': 0.0009828235488384962, 'Disgusted': 0.0007833400159142911, 'Fearful': 0.001042056130245328, 'Happy': 0.008609010837972164, 'Neutral': 0.13495078682899475, 'Other': 0.00013819897139910609, 'Sad': 0.8527283668518066, 'Surprised': 0.0007409917889162898, 'Unknown': 2.4446619136142544e-05}",The four are with them?
MATT,03:06:45,03:06:46,Neutral,"{'Angry': 0.005825589876621962, 'Disgusted': 0.00014199389261193573, 'Fearful': 5.100492853671312e-05, 'Happy': 0.004719273187220097, 'Neutral': 0.9557763338088989, 'Other': 2.869384161385824e-06, 'Sad': 0.03342359885573387, 'Surprised': 5.879484524484724e-05, 'Unknown': 6.407165074051591e-07}","The four are with them, yes."
SAM,03:06:46,03:06:59,Neutral,"{'Angry': 1.7406708820999484e-06, 'Disgusted': 1.701694714029145e-06, 'Fearful': 2.8958727398276096e-06, 'Happy': 4.738863935926929e-06, 'Neutral': 0.9998722076416016, 'Other': 1.2794999975085375e-06, 'Sad': 0.00011006441491190344, 'Surprised': 5.056313511886401e-06, 'Unknown': 3.393361680537055e-07}","I jump up and give him a little high five. Then, as an hour has passed, I beckon to Vax and find a shadowy area."
TRAVIS,03:06:59,03:07:01,Neutral,"{'Angry': 8.489219180773944e-05, 'Disgusted': 6.275917985476553e-05, 'Fearful': 4.198594615445472e-05, 'Happy': 0.00044721245649270713, 'Neutral': 0.9987590312957764, 'Other': 3.0001339837326668e-05, 'Sad': 0.0001740826846798882, 'Surprised': 1.3813368241244461e-05, 'Unknown': 0.0003862469457089901}",Real Vax or Vaxy?
SAM,03:07:01,03:07:07,Neutral,"{'Angry': 9.049259460880421e-06, 'Disgusted': 1.4037263099453412e-05, 'Fearful': 4.567784344544634e-06, 'Happy': 2.8221189495525323e-05, 'Neutral': 0.9996678829193115, 'Other': 9.380674782732967e-06, 'Sad': 0.00019463503849692643, 'Surprised': 3.369394505625678e-07, 'Unknown': 7.185629510786384e-05}","Real Vax. Because my thing is wearing off, buddy."
MARISHA,03:07:07,03:07:19,Neutral,"{'Angry': 8.091590508740865e-09, 'Disgusted': 1.3050660552238469e-09, 'Fearful': 8.998349843025721e-10, 'Happy': 1.540735894423051e-08, 'Neutral': 1.0, 'Other': 8.807284762601952e-11, 'Sad': 2.1032068531212644e-08, 'Surprised': 1.0185158494380175e-08, 'Unknown': 8.990419519960824e-11}","I've been scanning the crowd. Have I noticed anything over the past hour of any of our people? Any locals, any council members, who may be acting a little shifty?"
MATT,03:07:19,03:07:28,Neutral,"{'Angry': 0.004998513963073492, 'Disgusted': 0.00672147236764431, 'Fearful': 0.0015768595039844513, 'Happy': 0.11178378015756607, 'Neutral': 0.8549783229827881, 'Other': 0.0018965817289426923, 'Sad': 0.0038363044150173664, 'Surprised': 0.0054276785813272, 'Unknown': 0.00878057535737753}","Looking about, the council is roughly stepping in and out of the area like they're getting ready for the dinner and arriving from the Cloudtop district."
MARISHA,03:07:28,03:07:32,Neutral,"{'Angry': 0.0009729555458761752, 'Disgusted': 0.000355586817022413, 'Fearful': 8.19098568172194e-05, 'Happy': 0.19282051920890808, 'Neutral': 0.7978466749191284, 'Other': 0.005712245125323534, 'Sad': 0.0016529072308912873, 'Surprised': 0.00031218849471770227, 'Unknown': 0.0002450262545607984}",Any of them breaking a sweat? Acting weird?
LAURA,03:07:32,03:07:35,Neutral,"{'Angry': 2.1125010629674534e-09, 'Disgusted': 7.749047514771235e-10, 'Fearful': 3.2095193169823233e-10, 'Happy': 4.627725758155066e-09, 'Neutral': 1.0, 'Other': 2.716122327051096e-10, 'Sad': 1.1404639899126323e-08, 'Surprised': 2.2741196425979382e-10, 'Unknown': 9.488665408952102e-10}","Yeah. I want to check out this, too."
MATT,03:07:35,03:07:38,Neutral,"{'Angry': 3.961171668454e-10, 'Disgusted': 6.904839200405632e-11, 'Fearful': 2.0853046719948587e-11, 'Happy': 8.988417787847425e-10, 'Neutral': 1.0, 'Other': 1.1160681753774604e-11, 'Sad': 4.1623899882381465e-09, 'Surprised': 4.955624105518197e-11, 'Unknown': 6.922087208982575e-11}","Go ahead and make an insight roll, both of you guys."
MARISHA,03:07:38,03:07:43,Neutral,"{'Angry': 2.0113571736146696e-05, 'Disgusted': 2.296494312759023e-05, 'Fearful': 1.4648209798906464e-05, 'Happy': 0.00031248273444361985, 'Neutral': 0.9993914365768433, 'Other': 7.860333425924182e-06, 'Sad': 7.141823880374432e-05, 'Surprised': 0.00014816659677308053, 'Unknown': 1.0936413673334755e-05}",22.
LAURA,03:07:43,03:07:49,Happy,"{'Angry': 0.0002223591727670282, 'Disgusted': 5.136564141139388e-05, 'Fearful': 0.00012134123971918598, 'Happy': 0.9950219392776489, 'Neutral': 0.0015178659232333302, 'Other': 0.0003035474510397762, 'Sad': 0.0025408444926142693, 'Surprised': 0.0001411572884535417, 'Unknown': 7.957502384670079e-05}",23.
MATT,03:07:49,03:09:29,Neutral,"{'Angry': 3.1234126396384454e-10, 'Disgusted': 1.0382329024283266e-10, 'Fearful': 2.3504901150439572e-11, 'Happy': 1.6600925079046647e-09, 'Neutral': 1.0, 'Other': 2.1857805496128258e-11, 'Sad': 1.0950275131094145e-09, 'Surprised': 1.0469213274078015e-09, 'Unknown': 3.187020092276782e-11}","The two of you scanning over. Looking over there is Lord Riskel Daxio, he's an elven male, who was the one who is master of trade of the city. He's the one that handled the ordering of your keep when you first had it brought to your attention by Uriel. Allura, of course. Tofor Brotorus is there, the female dragonborn paladin. She seems generally just not happy about the whole scenario and she's not armored, she's dressed in what would be considered formal attire but it's not a dress, it's not a suit, it's this asexual formal outfit that looks like a robe but also like a suit and she does not look to be happy in it at all. Just arms crossed, at the far end, back against the wall just (growling noises) slowly stewing, not wanting to be there. You also see Arbiter Brom Goldhand, who is the master of law. Was previously one of the heads of the guard there within Emon and then was then given the job of being the head of the Watchful Hall. He's the master of law essentially in the city. That's right, Tofor is the master of defense that took over for Krieg after Krieg was slain. So those are the council members. Most everyone else there you see are servants. As time goes on eventually there is the ringing of a dinner bell down the hallway and everyone turns their head and notices and steps over to the great hall of the palace where the feast is to be given to you and other guests."
SAM,03:09:29,03:09:37,Surprised,"{'Angry': 0.2624463737010956, 'Disgusted': 0.003038879483938217, 'Fearful': 0.002122540259733796, 'Happy': 0.041053056716918945, 'Neutral': 0.0210835300385952, 'Other': 0.0001258271950064227, 'Sad': 0.0040842825546860695, 'Surprised': 0.6659303307533264, 'Unknown': 0.00011517803795868531}","As we move, I release and then recast Invisibility on him when I see that there's a moment where everyone's distracted."
MATT,03:09:37,03:09:40,Neutral,"{'Angry': 1.2495662303990684e-05, 'Disgusted': 2.9773807455057977e-06, 'Fearful': 5.913359473197488e-07, 'Happy': 7.223786724352976e-06, 'Neutral': 0.9999692440032959, 'Other': 1.1575124290175154e-06, 'Sad': 2.2357216948876157e-06, 'Surprised': 6.891365273986594e-07, 'Unknown': 3.327484819237725e-06}","All righty, so you rejuvenate the Invisibility spell."
MARISHA,03:09:40,03:09:43,Neutral,"{'Angry': 8.347913080797298e-07, 'Disgusted': 1.2584540627358365e-06, 'Fearful': 8.938647511058662e-07, 'Happy': 0.0006660877261310816, 'Neutral': 0.9992784857749939, 'Other': 5.315834528119012e-07, 'Sad': 4.8613277613185346e-05, 'Surprised': 3.4643682056412217e-07, 'Unknown': 2.812271986840642e-06}","Oh look, Tiberius, they have bananas!"
ORION,03:09:43,03:09:45,Neutral,"{'Angry': 6.04314163865638e-06, 'Disgusted': 9.548002708470449e-06, 'Fearful': 1.145093278864806e-06, 'Happy': 3.8985708670224994e-05, 'Neutral': 0.9998815059661865, 'Other': 6.656635378021747e-06, 'Sad': 1.040146980813006e-05, 'Surprised': 7.746083241499946e-08, 'Unknown': 4.552504469756968e-05}",Oh!
LAURA,03:09:45,03:09:50,Neutral,"{'Angry': 5.959354510516254e-14, 'Disgusted': 2.1362996786877027e-15, 'Fearful': 3.5408190068804456e-16, 'Happy': 7.823957275240531e-14, 'Neutral': 1.0, 'Other': 4.719793048856274e-16, 'Sad': 1.867962842782081e-13, 'Surprised': 3.344119618264689e-14, 'Unknown': 1.4722940341925853e-15}","I can sense you, you dick."
MATT,03:09:50,03:10:41,Neutral,"{'Angry': 1.2010167438347708e-06, 'Disgusted': 3.245939979024115e-07, 'Fearful': 3.571080497977164e-08, 'Happy': 0.0037407747004181147, 'Neutral': 0.9962489008903503, 'Other': 7.911311428188128e-08, 'Sad': 8.220322342822328e-06, 'Surprised': 3.2692832974134944e-07, 'Unknown': 5.517458134818298e-08}","You're escorted to the hall by Allura. She keeps chatting with you guys and asking questions about how Vasselheim was, and is Kima well? She stayed back there. She asks questions about why Pike isn't here and you tell her the story that she stayed behind and everything. You make your way into the great hall which seats a vast number of people. There are five major tables meant for like large feasts but there is one central square table in the far end that is by this giant hearth. This fireplace is probably a good six feet high and about 12 feet wide. It's a grandiose visual on the far end of this hall, and there's a long table right there set for about 20 people. You don't know if there will be that many there at the table but it can seat that many. At which point, all the different members of the council have their seats around it. You guys find your seats."
LAURA,03:10:41,03:10:43,Neutral,"{'Angry': 2.696195622320374e-07, 'Disgusted': 8.152283470508337e-08, 'Fearful': 6.121435802697306e-09, 'Happy': 1.9966528270742856e-06, 'Neutral': 0.9999973773956299, 'Other': 7.09085625771877e-08, 'Sad': 9.563763825326532e-08, 'Surprised': 4.0869196915593875e-09, 'Unknown': 7.266587687126957e-08}",Can we get a feel for where the Briarwoods are going to sit?
MATT,03:10:43,03:10:50,Neutral,"{'Angry': 6.461367552113018e-11, 'Disgusted': 3.3173392418456293e-12, 'Fearful': 4.0696303748796736e-13, 'Happy': 2.005817512085173e-09, 'Neutral': 1.0, 'Other': 7.830182628589671e-14, 'Sad': 1.4091272593219628e-10, 'Surprised': 1.9761990655009498e-11, 'Unknown': 1.5285118819523963e-13}","With this many seats set, it's hard to tell, but you gather that they're probably going to sit--"
LAURA,03:10:50,03:10:52,Neutral,"{'Angry': 1.9936092940042727e-05, 'Disgusted': 3.3462781630078098e-06, 'Fearful': 4.987601300854294e-07, 'Happy': 0.002223327988758683, 'Neutral': 0.997681736946106, 'Other': 1.0088500630445196e-06, 'Sad': 4.850899858865887e-05, 'Surprised': 2.138341369573027e-05, 'Unknown': 2.739174647103937e-07}",Are there place cards? (laughs)
MATT,03:10:52,03:10:56,Neutral,"{'Angry': 1.1401301662772312e-06, 'Disgusted': 3.839881657086153e-08, 'Fearful': 3.0539133444307254e-09, 'Happy': 5.275697390061396e-07, 'Neutral': 0.9999980926513672, 'Other': 7.881808095078213e-09, 'Sad': 1.0465770117207285e-07, 'Surprised': 1.024698637053234e-08, 'Unknown': 9.051907667867454e-09}",There are no place cards but there are two ends of the table that have two chairs at each end.
LAURA,03:10:56,03:11:07,Neutral,"{'Angry': 9.424201419250267e-10, 'Disgusted': 3.894868039200361e-10, 'Fearful': 3.1205645706355867e-11, 'Happy': 7.552988456893672e-09, 'Neutral': 1.0, 'Other': 1.0053727989012273e-10, 'Sad': 1.142117733721193e-09, 'Surprised': 1.6305494454638136e-10, 'Unknown': 2.377404662023963e-10}","Okay. Can I position myself when I sit to where I can see them? So I can read their mouths, specifically."
MATT,03:11:07,03:11:12,Neutral,"{'Angry': 0.0013811346143484116, 'Disgusted': 0.00028102475334890187, 'Fearful': 3.126063529634848e-05, 'Happy': 0.0965268462896347, 'Neutral': 0.9007611274719238, 'Other': 0.00015272566815838218, 'Sad': 0.00023652244999539107, 'Surprised': 4.5714605221292004e-05, 'Unknown': 0.0005837265052832663}","Certainly. You can probably sit on the center or the far end of the table looking in their direction, should be fine."
ORION,03:11:12,03:11:17,Happy,"{'Angry': 0.004187623038887978, 'Disgusted': 0.0004050948773510754, 'Fearful': 6.214527093106881e-05, 'Happy': 0.9939863681793213, 'Neutral': 0.0004416927113197744, 'Other': 2.1986346837366e-05, 'Sad': 2.9076611099299043e-05, 'Surprised': 0.000850308162625879, 'Unknown': 1.5758163499413058e-05}","Can I sit at the far end of the table at the very opposite end, if not at head of the end--"
LAURA,03:11:17,03:11:20,Neutral,"{'Angry': 6.900368948112301e-13, 'Disgusted': 3.065167951811325e-14, 'Fearful': 7.49417397577631e-15, 'Happy': 9.435338794994141e-13, 'Neutral': 1.0, 'Other': 3.1558251681779474e-15, 'Sad': 2.3008799726609297e-12, 'Surprised': 3.1855339763589563e-13, 'Unknown': 1.9357010162509083e-14}",That's probably where Uriel is going to sit.
ORION,03:11:20,03:11:21,Neutral,"{'Angry': 0.0001532061432953924, 'Disgusted': 0.00021325245324987918, 'Fearful': 3.205738903488964e-05, 'Happy': 0.0019928133115172386, 'Neutral': 0.9973270893096924, 'Other': 3.0963958579377504e-06, 'Sad': 0.00015962260658852756, 'Surprised': 0.00011590265785343945, 'Unknown': 3.0358748972503236e-06}",Oh. Who?
TRAVIS,03:11:21,03:11:22,Neutral,"{'Angry': 4.555350017199089e-07, 'Disgusted': 5.43601800018223e-07, 'Fearful': 3.6313255691311497e-07, 'Happy': 3.3179667298099957e-06, 'Neutral': 0.9999914169311523, 'Other': 2.413856634575495e-07, 'Sad': 2.9087184429954505e-06, 'Surprised': 8.341664852196118e-07, 'Unknown': 2.5145338256038485e-08}",The king.
ORION,03:11:22,03:11:24,Neutral,"{'Angry': 2.2231451168863714e-07, 'Disgusted': 8.284338832709182e-07, 'Fearful': 2.0274713108392461e-07, 'Happy': 1.9527609765646048e-05, 'Neutral': 0.9999762773513794, 'Other': 2.3108212587885646e-07, 'Sad': 1.8812204416462919e-06, 'Surprised': 2.568305319528008e-07, 'Unknown': 6.556083462783135e-07}",Oh! Not that chair.
MATT,03:11:24,03:11:25,Neutral,"{'Angry': 3.783081161702617e-13, 'Disgusted': 1.2982056395323665e-14, 'Fearful': 2.8811057018455393e-15, 'Happy': 4.993876948251874e-13, 'Neutral': 1.0, 'Other': 1.0741578440387261e-15, 'Sad': 1.1966305767455165e-12, 'Surprised': 1.3813852405702987e-13, 'Unknown': 6.555686881206963e-15}","Okay, but adjacent to it?"
ORION,03:11:25,03:11:27,Neutral,"{'Angry': 4.9369633381424194e-11, 'Disgusted': 5.308135007930925e-12, 'Fearful': 1.0044325397459697e-12, 'Happy': 1.964032825263473e-10, 'Neutral': 1.0, 'Other': 2.4297580549122177e-13, 'Sad': 1.546000688579241e-10, 'Surprised': 2.877431973247191e-11, 'Unknown': 5.150788107664839e-13}","Yes. That would be rude, I think."
MATT,03:11:27,03:11:28,Neutral,"{'Angry': 2.167864323610047e-07, 'Disgusted': 6.032864803273696e-07, 'Fearful': 3.484914259388461e-07, 'Happy': 1.1523617331476999e-06, 'Neutral': 0.9999909400939941, 'Other': 6.61042065530637e-08, 'Sad': 1.756999381541391e-06, 'Surprised': 4.864133188675623e-06, 'Unknown': 9.956893975981984e-09}","Okay, fair enough."
SAM,03:11:28,03:11:32,Neutral,"{'Angry': 1.0306416697858367e-06, 'Disgusted': 1.2250025349658245e-07, 'Fearful': 3.108346646740756e-08, 'Happy': 2.2046579033485614e-05, 'Neutral': 0.9999760389328003, 'Other': 1.6894116328103337e-08, 'Sad': 5.487338512466522e-07, 'Surprised': 1.6284242576602992e-07, 'Unknown': 5.069418662628777e-09}",I assume I sit at the kiddie table because I'm so tiny?
LAURA,03:11:32,03:11:33,Happy,"{'Angry': 0.0008692735573276877, 'Disgusted': 3.960738831665367e-05, 'Fearful': 2.803995812428184e-06, 'Happy': 0.9636164903640747, 'Neutral': 0.027264149859547615, 'Other': 1.2065881492162589e-05, 'Sad': 4.1364346543559805e-05, 'Surprised': 0.008153591305017471, 'Unknown': 6.05418506438582e-07}","They've got a booster chair for you, Scanlan."
MATT,03:11:33,03:11:54,Neutral,"{'Angry': 5.3160323094502554e-14, 'Disgusted': 1.8671272193686262e-15, 'Fearful': 2.796811471094074e-16, 'Happy': 6.88591572000144e-14, 'Neutral': 1.0, 'Other': 3.61273580987148e-16, 'Sad': 1.6496634787366293e-13, 'Surprised': 2.934806531910278e-14, 'Unknown': 1.101251251647839e-15}","They do have adjustments for gnomish guests-- is a way of putting it. All right, after you guys sit for a few moments, another servant steps forward and says, ""Please, if we might rise for our guests Lord and Lady Briarwood to join us at the table--"""
SAM,03:11:54,03:11:58,Happy,"{'Angry': 0.0029644500464200974, 'Disgusted': 0.013352792710065842, 'Fearful': 0.0012745953863486648, 'Happy': 0.7205294370651245, 'Neutral': 0.1281871497631073, 'Other': 0.006188711151480675, 'Sad': 0.0011785527458414435, 'Surprised': 0.0001319896982749924, 'Unknown': 0.12619227170944214}",I am risen already. I'm standing already.
MATT,03:11:58,03:15:45,Neutral,"{'Angry': 2.466794910560566e-07, 'Disgusted': 2.0764335317835503e-07, 'Fearful': 2.4147320587530885e-08, 'Happy': 5.878718638996361e-06, 'Neutral': 0.9999929666519165, 'Other': 1.1720185710828446e-07, 'Sad': 2.521996123050485e-07, 'Surprised': 1.9293462827363328e-08, 'Unknown': 3.52480327592275e-07}","Lord and Lady Briarwood now enter arm in arm, slowly walking from the far end of the great hall. They make their way to one end of the table. They both wordlessly sit down, smiling and acknowledge everyone at the table. There's a moment of silence and then another servant says ""And would all please attention be given to our sovereign Uriel Tal'Dorei the second and the Empress Salda Tal'Dorei."" At which point, the sovereign and his wife enter from the same entrance point. Everyone stands up from their chair, waits for them to get to the edge of the table, at which point they nod their head. Everyone gives a low bow. You guys follow suit, following the social graces you're not familiar with but trying to learn as you go. Except for Tiberius, you know this deal. You all follow his lead on this. Eventually, everyone sits down again. Tables are pushed in by servants behind you, you're like 'oh' caught off guard by the whole experience. Uriel looks about the table with a smile, shoulder length brown hair and his chin goatee very well crafted into almost a point now. He looks about the table. ""Thank you, Lord and Lady Briarwood, for making the journey across the lands so that we might meet in person, finally. Please, allow me to introduce our dining party and esteemed council of Tal'Dorei."" He goes around the table introducing, ""Arbiter Brom Goldhand. He is the master of law of our city, and is responsible for maintaining all of these grand people of our fair town in the realm of safety and order. We have Lord Riskel Daxio. He is our head of planning and construction; has overseen many of the expansions of the city, and is a trusted friend of mine. We have the Arcanist Allura Vysoren: one of my trusted advisors, one of the greatest arcane minds of all of Tal'Dorei, and the overseer of all things arcane within our city. We have the Guardian Tofor Brotorus, a fierce warrior and currently the master of defense in our city and hopefully for a long time to come."" Tofor gives a (scoffs) sound and everyone is put off by it, but they're also seemingly used to it. ""Arbiter Brom Goldhand: master of law. My lovely wife, the Empress Salda. We have here within our midst, as well: Vox Machina, a team of intrepid adventurers who rose up and saved my family's life and very well the city of Emon and have since proven very useful to our territory. Grog Strongjaw, a goliath of interesting dress, but strong of heart and blade. We have Vex'halia, half-elven maiden with a bow as swift as the fastest eagle."" Looking next, he says, ""We have here Vax'ildan, blades quick and eyes sharp, not a whisper passes his ear. Ah! There you are! Scanlan Shorthalt, a performer known far and wide. A wit as clever as you've ever seen. His songs are whispered through taverns across the land. We have Tiberius Stormwind--"""
ORION,03:15:45,03:15:47,Sad,"{'Angry': 0.0001966530835488811, 'Disgusted': 0.00018201179045718163, 'Fearful': 4.846337469643913e-05, 'Happy': 0.00014842962264083326, 'Neutral': 0.06498291343450546, 'Other': 1.4719170167154516e-06, 'Sad': 0.9344055652618408, 'Surprised': 3.326350270071998e-05, 'Unknown': 1.337509161203343e-06}",I'm from Draconia.
MATT,03:15:47,03:16:07,Happy,"{'Angry': 2.6889671289609396e-07, 'Disgusted': 3.49627657669771e-06, 'Fearful': 9.296700227423571e-07, 'Happy': 0.9999573230743408, 'Neutral': 1.1727618584700394e-05, 'Other': 4.4119883568782825e-06, 'Sad': 5.596035407506861e-06, 'Surprised': 6.938076353435463e-07, 'Unknown': 1.556124334456399e-05}","""Hailing from Draconia, which,"" he looks across to the Briarwoods, ""the kingdom you hail from originally not being far off from Draconia, perhaps you've had some dealings with the Stormwinds?"" And the Briarwoods give a nod. ""Yes, we have seen them in the past. We've heard many good things."""
ORION,03:16:07,03:16:09,Neutral,"{'Angry': 3.652610394055955e-05, 'Disgusted': 8.382880332646891e-05, 'Fearful': 1.368286302749766e-05, 'Happy': 0.07534905523061752, 'Neutral': 0.9239162802696228, 'Other': 4.2124567698920146e-05, 'Sad': 0.00021730561275035143, 'Surprised': 5.221268565946957e-06, 'Unknown': 0.0003361085837241262}",We're pretty cool.
MATT,03:16:09,03:16:26,Neutral,"{'Angry': 7.847780585101827e-14, 'Disgusted': 3.0884646612893123e-15, 'Fearful': 5.284768259839628e-16, 'Happy': 1.0067067215653938e-13, 'Neutral': 1.0, 'Other': 7.59669492618459e-16, 'Sad': 2.7800307086760234e-13, 'Surprised': 4.0181667536462115e-14, 'Unknown': 2.5841634791089673e-15}","""We have over here, Keyleth of the Ashari, if I am correct on that? She is a denizen of the natural lands and protector of all things nature within Tal'Dorei."""
MARISHA,03:16:26,03:16:28,Neutral,"{'Angry': 1.3006742349830347e-08, 'Disgusted': 2.1894784651976806e-08, 'Fearful': 1.2538224680724852e-08, 'Happy': 3.35630716108426e-07, 'Neutral': 0.999998927116394, 'Other': 3.1015364498898634e-08, 'Sad': 6.516642656606564e-07, 'Surprised': 2.1163422125880516e-09, 'Unknown': 4.5278831350969995e-08}",Hi.
MATT,03:16:28,03:16:31,Neutral,"{'Angry': 5.010127210880455e-07, 'Disgusted': 5.021722699893871e-07, 'Fearful': 1.6561067184284184e-07, 'Happy': 1.5482871731364867e-06, 'Neutral': 0.9999927282333374, 'Other': 3.2106245839713665e-07, 'Sad': 1.429635062777379e-06, 'Surprised': 1.2560431805752614e-08, 'Unknown': 2.8618901524168905e-06}","""There was one more."""
TALIESIN,03:16:31,03:16:33,Neutral,"{'Angry': 9.413758380105719e-05, 'Disgusted': 0.0018587036756798625, 'Fearful': 0.0004532546445261687, 'Happy': 0.009842501021921635, 'Neutral': 0.9779971241950989, 'Other': 0.0001758238795446232, 'Sad': 0.00021247316908556968, 'Surprised': 1.2126987712690607e-05, 'Unknown': 0.009353880770504475}","Two, and they could not be in attendance."
LAURA,03:16:33,03:16:34,Neutral,"{'Angry': 1.56591420386043e-10, 'Disgusted': 1.633138242695953e-11, 'Fearful': 5.1354970623251894e-12, 'Happy': 1.4208510756841264e-10, 'Neutral': 1.0, 'Other': 1.1379475920586524e-12, 'Sad': 3.172913876081651e-10, 'Surprised': 3.24912839688718e-11, 'Unknown': 4.007402049088782e-12}","Yes, ill."
ORION,03:16:34,03:16:39,Neutral,"{'Angry': 1.6747513654991053e-05, 'Disgusted': 9.043638783623464e-06, 'Fearful': 1.5642610833310755e-06, 'Happy': 0.012559030205011368, 'Neutral': 0.9873587489128113, 'Other': 1.3555508076024125e-06, 'Sad': 4.747158527607098e-05, 'Surprised': 3.323842065583449e-06, 'Unknown': 2.6646557671483606e-06}",They were running around. They got diarrhea. Isn't that what you said?
SAM,03:16:39,03:16:41,Neutral,"{'Angry': 2.576882934465785e-12, 'Disgusted': 1.367334793566516e-13, 'Fearful': 3.424271974371111e-14, 'Happy': 4.401009938426181e-12, 'Neutral': 1.0, 'Other': 1.2339034721547352e-14, 'Sad': 8.867269765677754e-12, 'Surprised': 7.484453052979123e-13, 'Unknown': 8.450812478185549e-14}",Yes.
MATT,03:16:41,03:18:34,Neutral,"{'Angry': 4.1475737816654146e-05, 'Disgusted': 7.999737863428891e-05, 'Fearful': 5.555687948799459e-06, 'Happy': 0.03227967768907547, 'Neutral': 0.966772735118866, 'Other': 0.0003840413992293179, 'Sad': 0.00017990899505093694, 'Surprised': 2.0809695342904888e-05, 'Unknown': 0.0002358210476813838}","""Anyway. Welcome, and thank you."" He reaches over and takes a small glass and clinks it with his silverware, the servants immediately muster up and start pulling glasses out and pouring wine into everyone's glasses and the conversation begins to naturally bustle about for this meal. Immediately conversation builds in about Uriel talking across to the Briarwoods talking about the bridge. He says ""Now, the Uriel bridge, I don't think the name was necessary, but it's appreciated from my perspective. Now in this union between Wildemount and Tal'Dorei-- do we have a confirmed trade route between the two?"" At which Lord Briarwood returns, ""This is indeed very true. We are hoping that through this passageway, we'd have means of rather quick trade between this kingdom and yours. Not to mention this would allow for individuals to travel for carried parcels very quickly and we're hoping to establish perhaps a very quick means of communication outside of the arcane for those who cannot afford these various luxuries."" Lady Briarwood taps on his shoulder and says, ""Yes, and by the way, I don't mean to bring up a sore subject but it's come to our attention that apparently last Winter's Crest, there was an attempt on your life,"" and the table gets a little quiet for a second. ""We're sorry to hear that and wish to express our--"" Uriel puts his hand out and says, ""No, no, it's quite all right. It was but a paltry attempt, and it was thwarted actually by Vox Machina. They have been tremendous in keeping us safe and I greatly appreciate their aid in overseeing my family's good fortune."" Yes?"
LIAM,03:18:34,03:18:46,Happy,"{'Angry': 1.019240070121441e-08, 'Disgusted': 3.1695162050482395e-08, 'Fearful': 2.660997866499315e-09, 'Happy': 0.9999994039535522, 'Neutral': 5.009200663153024e-07, 'Other': 7.491676612403353e-09, 'Sad': 2.5982766160836945e-08, 'Surprised': 4.719006074793697e-09, 'Unknown': 1.608283461962401e-08}","While all this is going on, can you describe. Are the Briarwood couple together, seated next to each other?"
MATT,03:18:46,03:18:49,Neutral,"{'Angry': 4.4482757863457956e-13, 'Disgusted': 1.4465193298274052e-14, 'Fearful': 3.3924806679266417e-15, 'Happy': 5.161034902396999e-13, 'Neutral': 1.0, 'Other': 1.7567626379896535e-15, 'Sad': 1.5940222232446732e-12, 'Surprised': 1.349493569191909e-13, 'Unknown': 1.0229810027502159e-14}",They are seated right next to each other at the head of one table across the way.
LIAM,03:18:49,03:18:54,Neutral,"{'Angry': 5.71867030885187e-06, 'Disgusted': 1.826115408221085e-06, 'Fearful': 8.210970463551348e-07, 'Happy': 2.8045040380675346e-05, 'Neutral': 0.9998629093170166, 'Other': 6.839175057393732e-07, 'Sad': 4.929233455186477e-06, 'Surprised': 9.494982805335894e-05, 'Unknown': 1.0513089421237964e-07}","I intend to be behind them, but what's behind them, like?"
MATT,03:18:54,03:19:00,Surprised,"{'Angry': 8.17527761682868e-05, 'Disgusted': 0.00010619867680361494, 'Fearful': 1.748318027239293e-05, 'Happy': 0.0006994736613705754, 'Neutral': 0.001472987001761794, 'Other': 0.00014251763059291989, 'Sad': 1.1747091775760055e-05, 'Surprised': 0.9973589777946472, 'Unknown': 0.00010885675146710128}","What's behind them is just open space and servants. There's probably a good 25 servants here that are just like sitting there patiently, lying in wait for--"
LIAM,03:19:00,03:19:06,Happy,"{'Angry': 4.6343931359160706e-08, 'Disgusted': 1.6603712538199034e-07, 'Fearful': 5.6776574552941383e-08, 'Happy': 0.9999934434890747, 'Neutral': 5.454290203488199e-06, 'Other': 2.3767430690213587e-08, 'Sad': 5.228386612543545e-07, 'Surprised': 1.2505954316566203e-07, 'Unknown': 7.438100624312938e-08}",And behind the servants is a wall so there's lots of open busy crowded space? Okay.
MATT,03:19:06,03:19:11,Happy,"{'Angry': 4.3979535568894335e-09, 'Disgusted': 3.91631083118682e-08, 'Fearful': 7.236795163123588e-09, 'Happy': 0.9999998807907104, 'Neutral': 7.212986474769423e-08, 'Other': 6.254710971376198e-09, 'Sad': 2.0198314132358064e-08, 'Surprised': 9.388646304842041e-09, 'Unknown': 2.669907495089774e-08}",And tables. There's like other unused tables in this great hall that are just out there. Four other ones.
LIAM,03:19:11,03:19:31,Neutral,"{'Angry': 0.0018484028987586498, 'Disgusted': 5.4203715990297496e-05, 'Fearful': 3.9235314943653066e-06, 'Happy': 0.00017500210378784686, 'Neutral': 0.997767448425293, 'Other': 8.830254046188202e-06, 'Sad': 0.00012479825818445534, 'Surprised': 1.1646400707832072e-05, 'Unknown': 5.8024706959258765e-06}","All right. I'm going to drink the potion of climbing that Grog gave me, and I'm spidering up the wall and I'd love, while listening to all this to make an insight check on them just as they talk, just for funsies."
MATT,03:19:31,03:19:33,Neutral,"{'Angry': 0.023914126679301262, 'Disgusted': 2.3150043489295058e-05, 'Fearful': 8.594756195634545e-07, 'Happy': 5.075822627986781e-05, 'Neutral': 0.9759889841079712, 'Other': 4.781485927196627e-07, 'Sad': 2.024888453888707e-05, 'Surprised': 1.135131242335774e-06, 'Unknown': 3.0975107279118674e-07}",To inquire about--?
LIAM,03:19:33,03:19:36,Unknown,"{'Angry': 0.013227972202003002, 'Disgusted': 0.3904206156730652, 'Fearful': 0.0026545522268861532, 'Happy': 0.012955899350345135, 'Neutral': 0.049782197922468185, 'Other': 0.020660193637013435, 'Sad': 0.0015028933994472027, 'Surprised': 0.00019994479953311384, 'Unknown': 0.5085956454277039}",Just to see if they seem like sacks of shit.
MATT,03:19:36,03:19:37,Happy,"{'Angry': 6.53961884644616e-10, 'Disgusted': 1.457595710796511e-09, 'Fearful': 1.878186911552504e-10, 'Happy': 1.0, 'Neutral': 5.218258269934495e-09, 'Other': 1.2651618641612572e-09, 'Sad': 2.1451009857287318e-09, 'Surprised': 4.4504894214369983e-10, 'Unknown': 3.494481648491643e-10}","Okay, go for it."
LIAM,03:19:37,03:19:47,Happy,"{'Angry': 0.00037646974669769406, 'Disgusted': 0.000676266907248646, 'Fearful': 9.448512719245628e-05, 'Happy': 0.9815104007720947, 'Neutral': 0.012878641486167908, 'Other': 0.00042901100823655725, 'Sad': 0.00023310878896154463, 'Surprised': 0.00012130128015996888, 'Unknown': 0.003680305788293481}","Luck, oh not that lucky. This is going to be very low. Yeah, never mind, low. Very low."
MATT,03:19:47,03:20:12,Happy,"{'Angry': 4.609738243743777e-05, 'Disgusted': 1.962817259482108e-05, 'Fearful': 1.181917468784377e-06, 'Happy': 0.8999559283256531, 'Neutral': 0.09987125545740128, 'Other': 9.530075658403803e-06, 'Sad': 8.448467269772664e-05, 'Surprised': 8.086897651082836e-06, 'Unknown': 3.784026148423436e-06}","It's hard to tell from this distance really at all. They're very charming. You were expecting this very dour, dark, evil couple from all the conversation, but they seem nice. They seem earnest. They keep to themselves definitely, they're definitely a very tight couple but nothing about them catches you off guard as being anything instinctively twisted."
LIAM,03:20:12,03:20:15,Sad,"{'Angry': 9.258116915589198e-05, 'Disgusted': 0.00033774523762986064, 'Fearful': 0.0003147491079289466, 'Happy': 4.010532938991673e-05, 'Neutral': 0.007377703208476305, 'Other': 2.323851913388353e-05, 'Sad': 0.9916155934333801, 'Surprised': 5.909587798669236e-06, 'Unknown': 0.00019228138262405992}",It's very hard to read them upside-down.
LAURA,03:20:15,03:20:18,Neutral,"{'Angry': 2.0466076477987372e-07, 'Disgusted': 9.65708046862801e-09, 'Fearful': 2.327969150783815e-09, 'Happy': 1.4423609684399707e-07, 'Neutral': 0.9999996423721313, 'Other': 1.3613985494487224e-09, 'Sad': 4.215257121131799e-08, 'Surprised': 3.3904652418925707e-09, 'Unknown': 2.981109359367906e-09}",Could I inquire to Lady Briarwood?
MATT,03:20:18,03:20:26,Happy,"{'Angry': 1.9934253714382066e-07, 'Disgusted': 1.0030117891801638e-06, 'Fearful': 5.602933583759295e-07, 'Happy': 0.9999872446060181, 'Neutral': 4.151057510171086e-06, 'Other': 3.462421318545239e-07, 'Sad': 9.517614216747461e-07, 'Surprised': 3.313808178972977e-07, 'Unknown': 5.259181762085063e-06}","You're saying this out loud? The conversation comes to a halt, she-- ""Yes, of course. I'm so sorry, what was your name again?"""
LAURA,03:20:26,03:20:27,Angry,"{'Angry': 0.8214167952537537, 'Disgusted': 0.012722060084342957, 'Fearful': 0.0007657245732843876, 'Happy': 0.10055860877037048, 'Neutral': 0.059143077582120895, 'Other': 8.873851766111329e-05, 'Sad': 0.002971656620502472, 'Surprised': 0.0021918173879384995, 'Unknown': 0.00014160103455651551}",Vex'ahlia.
MATT,03:20:27,03:20:30,Unknown,"{'Angry': 0.005089004524052143, 'Disgusted': 0.015937969088554382, 'Fearful': 0.02842750772833824, 'Happy': 0.10452091693878174, 'Neutral': 0.3775327503681183, 'Other': 0.0031359156128019094, 'Sad': 0.02077866531908512, 'Surprised': 0.000819467706605792, 'Unknown': 0.4437578320503235}","""Vex'ahlia. Absolute pleasure to meet you. Delilah."""
LAURA,03:20:30,03:20:39,Happy,"{'Angry': 1.0787554856506176e-05, 'Disgusted': 2.6552002964308485e-05, 'Fearful': 3.6977322452003136e-05, 'Happy': 0.9994814991950989, 'Neutral': 0.0002482136187609285, 'Other': 2.267972558911424e-05, 'Sad': 5.7632772950455546e-05, 'Surprised': 6.473132089013234e-05, 'Unknown': 5.103021248942241e-05}",You as well. I notice your dress is quite lovely. It doesn't look like a fashion that I'm used to seeing. Where do you hail from originally?
MATT,03:20:39,03:20:44,Happy,"{'Angry': 0.004053863231092691, 'Disgusted': 0.0010696615790948272, 'Fearful': 0.00027353360201232135, 'Happy': 0.9760417938232422, 'Neutral': 0.006521006114780903, 'Other': 0.001014626119285822, 'Sad': 0.00012270311708562076, 'Surprised': 0.0014948834432289004, 'Unknown': 0.009407960809767246}","""We hail from Wildemount. It's quite a ways from here. The continent to the far east."""
LAURA,03:20:44,03:20:46,Happy,"{'Angry': 4.365355646407387e-11, 'Disgusted': 1.7777262995011256e-10, 'Fearful': 8.343390561771358e-11, 'Happy': 1.0, 'Neutral': 5.653526535809306e-10, 'Other': 7.316956762704052e-11, 'Sad': 4.057042202187944e-10, 'Surprised': 1.792469089823001e-10, 'Unknown': 5.5499087964205884e-11}","Really, I'm not familiar."
MATT,03:20:46,03:20:59,Happy,"{'Angry': 7.579704970339662e-07, 'Disgusted': 4.0724552263782243e-07, 'Fearful': 1.9583666244216147e-08, 'Happy': 0.999967098236084, 'Neutral': 2.9968783564982004e-05, 'Other': 8.805900364450281e-08, 'Sad': 1.5955442904669326e-06, 'Surprised': 3.945948989780845e-08, 'Unknown': 7.610892538423286e-08}","""You should come by sometime. We haven't been home in a number of years, having to tend to Whitestone, but we have quite an elaborate homestead there. We'd love to have you come stay with us if you ever find yourself in that side of the world."""
LAURA,03:20:59,03:21:03,Neutral,"{'Angry': 6.821175180249384e-09, 'Disgusted': 3.80340470229612e-09, 'Fearful': 9.78422898256781e-10, 'Happy': 3.154548622319453e-08, 'Neutral': 1.0, 'Other': 5.046817408427273e-10, 'Sad': 3.489942557166614e-08, 'Surprised': 3.881595045385211e-09, 'Unknown': 9.079412777168727e-10}",I would love to visit. How long have you been at Whitestone?
MATT,03:21:03,03:21:22,Neutral,"{'Angry': 0.0001223285507876426, 'Disgusted': 7.514194294344634e-05, 'Fearful': 1.6647416487103328e-05, 'Happy': 1.3003666936128866e-05, 'Neutral': 0.9996989965438843, 'Other': 6.012034646118991e-06, 'Sad': 5.050438267062418e-05, 'Surprised': 1.2965787391294725e-05, 'Unknown': 4.4608973439608235e-06}","""We've been at Whitestone for the better part of-- I can't even remember."" And Lord Briarwood looks, he goes, ""Best I can recall, four or five years. It was an unfortunate mantle to pick up but we've done what we can in honor of the passed de Rolo family."""
SAM,03:21:22,03:21:25,Happy,"{'Angry': 4.165995903804287e-08, 'Disgusted': 1.445732209504058e-07, 'Fearful': 4.596391889322149e-08, 'Happy': 0.9999995231628418, 'Neutral': 1.1320550896698478e-07, 'Other': 1.260344895115395e-08, 'Sad': 4.68318717139482e-08, 'Surprised': 6.59117702639378e-08, 'Unknown': 2.8042570932029776e-08}","Oh, sorry."
ORION,03:21:25,03:21:32,Neutral,"{'Angry': 0.0033291829749941826, 'Disgusted': 0.006020044442266226, 'Fearful': 9.219072671839967e-05, 'Happy': 0.1960693895816803, 'Neutral': 0.7913335561752319, 'Other': 0.0003846509789582342, 'Sad': 0.000347867957316339, 'Surprised': 0.001859217998571694, 'Unknown': 0.0005638619186356664}","I was just going to ask, you seem such a lovely couple. Do you have any children?"
MATT,03:21:32,03:21:55,Happy,"{'Angry': 4.496301997392038e-08, 'Disgusted': 4.2420123236297513e-07, 'Fearful': 1.0861068489020909e-07, 'Happy': 0.9999958276748657, 'Neutral': 9.741282838149345e-07, 'Other': 2.8930219286849024e-07, 'Sad': 1.9682099718920654e-06, 'Surprised': 1.0764057378764846e-07, 'Unknown': 2.0053101934536244e-07}","""We unfortunately do not. It seems it was not in the cards for us to bear. However, we consider many of our esteemed servants and house guests our extended family. So we can leave a legacy, however we can possibly do so."""
LAURA,03:21:55,03:21:57,Neutral,"{'Angry': 1.417191555219688e-07, 'Disgusted': 4.35030180767626e-08, 'Fearful': 6.868832969075811e-08, 'Happy': 8.43566510866367e-07, 'Neutral': 0.9999963045120239, 'Other': 2.5748935428282493e-08, 'Sad': 5.823132482873916e-07, 'Surprised': 2.092613385684672e-06, 'Unknown': 4.2551455692318996e-09}","Can we insight check as, what they're saying?"
MATT,03:21:57,03:22:00,Angry,"{'Angry': 0.733811616897583, 'Disgusted': 0.01138144638389349, 'Fearful': 0.0010879620676860213, 'Happy': 0.00735448207706213, 'Neutral': 0.15481150150299072, 'Other': 5.177169805392623e-05, 'Sad': 0.009609398432075977, 'Surprised': 0.08182045817375183, 'Unknown': 7.136444764910266e-05}",Certainly.
LAURA,03:22:00,03:22:07,Neutral,"{'Angry': 0.006656601559370756, 'Disgusted': 0.000208180834306404, 'Fearful': 6.365405715769157e-05, 'Happy': 0.00036845181602984667, 'Neutral': 0.989663302898407, 'Other': 4.250146503181895e-06, 'Sad': 0.0006696693017147481, 'Surprised': 0.0023644701577723026, 'Unknown': 1.4611231335948105e-06}","I mean, I know they're lying out their asses. Fuck. 18."
MATT,03:22:07,03:22:09,Neutral,"{'Angry': 0.015171593055129051, 'Disgusted': 2.0195122488075867e-05, 'Fearful': 8.174225513357669e-06, 'Happy': 0.015251489356160164, 'Neutral': 0.9694039225578308, 'Other': 2.536542297093547e-06, 'Sad': 9.846602915786207e-05, 'Surprised': 4.231806087773293e-05, 'Unknown': 1.2746157835863414e-06}",18? Seems pretty earnest.
SAM,03:22:09,03:22:14,Surprised,"{'Angry': 0.0862014889717102, 'Disgusted': 0.02555721066892147, 'Fearful': 0.009911255910992622, 'Happy': 0.15331757068634033, 'Neutral': 0.06443982571363449, 'Other': 0.0034728010650724173, 'Sad': 0.002669762820005417, 'Surprised': 0.4208642840385437, 'Unknown': 0.23356588184833527}","Lord Briarwood. Down here, hi."
MATT,03:22:14,03:22:20,Neutral,"{'Angry': 2.8774598831660114e-05, 'Disgusted': 5.556741598411463e-05, 'Fearful': 2.4544759071432054e-05, 'Happy': 0.0014566794270649552, 'Neutral': 0.9966049194335938, 'Other': 8.148990309564397e-05, 'Sad': 0.00012779950338881463, 'Surprised': 0.0015927430940791965, 'Unknown': 2.7529673388926312e-05}","""I'm sorry, I--"" he snaps and a servant moves a large like pig platter out of the way that was blocking your head from his vision."
TRAVIS,03:22:20,03:22:23,Happy,"{'Angry': 0.00019989071006421, 'Disgusted': 0.0001283305900869891, 'Fearful': 0.00020221012528054416, 'Happy': 0.9934038519859314, 'Neutral': 0.004496051464229822, 'Other': 0.0003976841107942164, 'Sad': 0.0006072378600947559, 'Surprised': 0.00013093446614220738, 'Unknown': 0.0004337023419793695}","You can move that over here actually, thank you. (chomping noises)"
SAM,03:22:23,03:22:44,Neutral,"{'Angry': 2.082099308609031e-05, 'Disgusted': 5.190352567296941e-06, 'Fearful': 4.109399185381335e-07, 'Happy': 6.761673284927383e-05, 'Neutral': 0.9998892545700073, 'Other': 7.473551704606507e-06, 'Sad': 4.760701358463848e-06, 'Surprised': 1.9712797438842244e-06, 'Unknown': 2.545819825172657e-06}","Lord Briarwood, we may share a mutual friend or acquaintance of some sort. My father was a prominent doctor, and he may have studied medicine with a fellow that you know named Dr. Ripulah, Ripley? Dr. Ripley? Do you know such a person?"
MATT,03:22:44,03:22:58,Happy,"{'Angry': 0.00015899517165962607, 'Disgusted': 0.00038650681381113827, 'Fearful': 1.1476443432911765e-05, 'Happy': 0.8208227157592773, 'Neutral': 0.17622849345207214, 'Other': 0.0004961449885740876, 'Sad': 0.00010825212666532025, 'Surprised': 6.792426120227901e-06, 'Unknown': 0.0017806562827900052}","""Yes, actually. Dr. Ripley is one of our esteemed physicians in Whitestone. Yes, recently come into some land herself, although she has been on holiday for some time. Following her own research as doctors are wont to do."""
SAM,03:22:58,03:23:00,Neutral,"{'Angry': 1.763527691933664e-11, 'Disgusted': 2.694987679199845e-12, 'Fearful': 6.252719696175912e-13, 'Happy': 1.4184466101685445e-10, 'Neutral': 1.0, 'Other': 2.9174118633054635e-13, 'Sad': 1.3639765705786289e-10, 'Surprised': 5.608390488132109e-12, 'Unknown': 7.620578972543368e-13}",Are you close with her?
MATT,03:23:00,03:23:17,Surprised,"{'Angry': 7.817537698429078e-05, 'Disgusted': 0.00041684487950988114, 'Fearful': 0.00016054579464253038, 'Happy': 0.004082772880792618, 'Neutral': 0.0001716351107461378, 'Other': 2.4375072825932875e-05, 'Sad': 3.7021472962806e-05, 'Surprised': 0.994963526725769, 'Unknown': 6.508162914542481e-05}","""I wouldn't say close, but she's been a friend at times, and she was one of the few that came with us from Wildemount over to Whitestone and has helped us restructure and maintain and help facilitate the blossoming of a city without a leader."""
SAM,03:23:17,03:23:27,Surprised,"{'Angry': 0.0006177207687869668, 'Disgusted': 0.00833654310554266, 'Fearful': 0.02240276150405407, 'Happy': 0.41445645689964294, 'Neutral': 0.017563728615641594, 'Other': 0.01045503094792366, 'Sad': 0.007057621143758297, 'Surprised': 0.4150495231151581, 'Unknown': 0.10406064242124557}","She sounds wonderful. Well, when you see her next tell her that my father, Dr. Jeff Shorthalt, said hi."
MATT,03:23:27,03:23:30,Neutral,"{'Angry': 0.000189306796528399, 'Disgusted': 0.00035703086177818477, 'Fearful': 0.0003618117480073124, 'Happy': 0.0027685121167451143, 'Neutral': 0.9915066361427307, 'Other': 1.3967868653708138e-05, 'Sad': 0.004378762096166611, 'Surprised': 0.0004059059720020741, 'Unknown': 1.8119239030056633e-05}","""Jeff Shorthalt, I will be happy to pass that along."""
TALIESIN,03:23:30,03:23:40,Neutral,"{'Angry': 0.00046416869736276567, 'Disgusted': 0.0008383402600884438, 'Fearful': 3.6891611671308056e-05, 'Happy': 0.17501091957092285, 'Neutral': 0.8221720457077026, 'Other': 0.00035518064396455884, 'Sad': 0.0001982550456887111, 'Surprised': 0.0002617775462567806, 'Unknown': 0.0006624165689572692}","Lord Briarwood, I am not familiar with Whitestone. How did you become caretaker of such a place?"
MATT,03:23:40,03:26:36,Surprised,"{'Angry': 0.0007476136670447886, 'Disgusted': 0.019743047654628754, 'Fearful': 0.0010585961863398552, 'Happy': 0.1282215714454651, 'Neutral': 0.009722696617245674, 'Other': 0.008611921221017838, 'Sad': 0.0021941589657217264, 'Surprised': 0.8189443945884705, 'Unknown': 0.010755985043942928}","At which point, one of the other council members goes, ""Um."" and puts his hand out. ""It's all right,"" and he pats the hand of his wife. He looks over at you with a smile. ""We know not if it is connected with the disease, but before all this occurred, we became very close friends with the de Rolo family about ten or so years ago. Actually, the first time we met is an interesting tale, if you want to tell it, please."" His wife goes, ""All right all right, so they were taking a brief vacation east to Wildemount. Apparently, they had not traveled and they brought their family with them, a whole gaggle of small children. They were coming this direction. Now our homestead is on the western outskirts of Wildemount so one of the first places you traverse before going into the kingdom proper. However, the family, the de Rolo family had been caught in a bad downpour, a storm that had blown in and made travel rather impossible, and apparently they stopped not far from our homestead. They came to our front door asking for shelter for the evening, and we were happy to house them. We gave them dry clothes, food for the night, and well, a rather fast friendship was forged. As we quickly began to notice they weren't just rabble of the street, they themselves were highborn as we were and in a very dire circumstance. So we let them in, they stayed for but a week. We showed them about the western side of Wildemount and let them on their way. And since then we've had many different years we've spent together as families going on various journeys and trips together. But as time went on we got busy on our own and separate ways and we hadn't spoken in a while. They were in the process of discussing the building of the Uriel bridge about five years ago, and we were going to meet with them about pursuing this venture as a joint-- well, when the disease took them. The family passed on. We were surprised that they would've considered leaving Whitestone in our name, and we couldn't say no, at this point. To carry on their legacy, I felt, was important enough let alone the memory of that to carry on the building of this Uriel bridge. I thought I really wanted to spearhead the wishes of Frederick."""
ORION,03:26:36,03:26:40,Neutral,"{'Angry': 0.0004968052380718291, 'Disgusted': 0.00011920755059691146, 'Fearful': 2.018994200625457e-05, 'Happy': 0.0006275991909205914, 'Neutral': 0.9982274174690247, 'Other': 2.9304590498213656e-05, 'Sad': 0.00034764091833494604, 'Surprised': 1.861156647464668e-06, 'Unknown': 0.000129921012558043}",That is so courageous of you. Do you want me to Fireball her now?
TALIESIN,03:26:40,03:26:42,Happy,"{'Angry': 1.0387128895672504e-05, 'Disgusted': 1.1125222954433411e-05, 'Fearful': 2.1876214759686263e-06, 'Happy': 0.9992345571517944, 'Neutral': 0.0006178669864311814, 'Other': 1.192091872326273e-06, 'Sad': 0.00010910483979387209, 'Surprised': 1.270087159355171e-05, 'Unknown': 8.762832521824748e-07}","A toast, then!"
MATT,03:26:42,03:26:45,Sad,"{'Angry': 1.8796470158122247e-07, 'Disgusted': 2.823272495788842e-07, 'Fearful': 1.2449872883735225e-05, 'Happy': 9.232719094143249e-06, 'Neutral': 3.2297364214173285e-06, 'Other': 9.694957725514541e-07, 'Sad': 0.9999725818634033, 'Surprised': 1.0213096857114579e-06, 'Unknown': 5.441281203388826e-08}","""A toast."""
TALIESIN,03:26:45,03:26:47,Neutral,"{'Angry': 0.0005430683959275484, 'Disgusted': 6.499507435364649e-05, 'Fearful': 2.7302480702928733e-06, 'Happy': 5.2981860790168867e-05, 'Neutral': 0.9992764592170715, 'Other': 1.013441760733258e-06, 'Sad': 4.9749683967093006e-05, 'Surprised': 6.207604201335926e-06, 'Unknown': 2.804764335451182e-06}",To gracious hosts.
MATT,03:26:47,03:26:49,Neutral,"{'Angry': 6.010922788846074e-06, 'Disgusted': 6.923490332155779e-07, 'Fearful': 3.375526773652382e-07, 'Happy': 1.2699082617473323e-05, 'Neutral': 0.9999698400497437, 'Other': 2.1798000489070546e-06, 'Sad': 1.5192863429547288e-06, 'Surprised': 4.7495969823785344e-08, 'Unknown': 6.6171883190691005e-06}","""To gracious hosts."""
SAM,03:26:49,03:26:51,Neutral,"{'Angry': 6.006766852806322e-06, 'Disgusted': 4.702127114342147e-07, 'Fearful': 1.1526179832799244e-07, 'Happy': 0.00013757871056441218, 'Neutral': 0.999848484992981, 'Other': 7.126106282839828e-08, 'Sad': 3.6685239592770813e-06, 'Surprised': 3.5245950584794628e-06, 'Unknown': 2.9352497321610826e-08}",L'Chaim.
ORION,03:26:51,03:26:54,Happy,"{'Angry': 0.0018704134272411466, 'Disgusted': 0.00823692511767149, 'Fearful': 0.00588766997680068, 'Happy': 0.6212922930717468, 'Neutral': 0.17669560015201569, 'Other': 0.0025327166076749563, 'Sad': 0.008292429149150848, 'Surprised': 0.0005635824054479599, 'Unknown': 0.17462845146656036}",Gesundheit.
MATT,03:26:54,03:27:43,Happy,"{'Angry': 6.564149779286765e-10, 'Disgusted': 2.359912709692935e-09, 'Fearful': 1.5850384338378376e-09, 'Happy': 1.0, 'Neutral': 6.007667696650287e-09, 'Other': 8.495195658042576e-09, 'Sad': 1.4097173206550906e-08, 'Surprised': 1.1666361210416198e-09, 'Unknown': 1.8827035486168597e-09}","""So. Uriel,"" and he looks across the way and says, ""one of our largest exports in Whitestone is timber from the forests and woods that surround Whitestone and the Alabaster Sierras. We've had a rising danger in the surrounding woods. It has made it proven difficult to export most of these wooded goods. If it is possible, we would like for you to send some aid, perhaps a small band of soldiers to lead a strike into the woods."" Uriel looks across the way and says, ""Ah yes, we can definitely discuss that, I don't see why not. We are currently in peacetime and we have a reserve of soldiers we can send your way."""
MARISHA,03:27:43,03:27:46,Happy,"{'Angry': 0.002640927443280816, 'Disgusted': 0.016975020989775658, 'Fearful': 0.025575563311576843, 'Happy': 0.8108203411102295, 'Neutral': 0.07220903784036636, 'Other': 0.021668897941708565, 'Sad': 0.005999947432428598, 'Surprised': 0.020028432831168175, 'Unknown': 0.024081852287054062}","I mean, we're also free."
SAM,03:27:46,03:27:50,Happy,"{'Angry': 0.0025247002486139536, 'Disgusted': 0.015329311601817608, 'Fearful': 0.012211154215037823, 'Happy': 0.5058961510658264, 'Neutral': 0.1473221778869629, 'Other': 0.0014391064178198576, 'Sad': 0.01145553681999445, 'Surprised': 0.0005898909876123071, 'Unknown': 0.30323201417922974}",Oh yes.
MATT,03:27:50,03:28:03,Happy,"{'Angry': 1.0733199218293521e-07, 'Disgusted': 1.0356765045571592e-07, 'Fearful': 5.45548495267667e-09, 'Happy': 0.9999822378158569, 'Neutral': 1.732390228426084e-05, 'Other': 1.9922095972901843e-08, 'Sad': 2.337944948749282e-07, 'Surprised': 3.1706829162203576e-08, 'Unknown': 1.15110392329143e-08}","As the meal continues on, more conversations arise. A lot of bureaucratic BS. Anyone want to interject anything or ask any questions?"
ORION,03:28:03,03:28:04,Neutral,"{'Angry': 9.920394404616673e-06, 'Disgusted': 6.324215064523742e-06, 'Fearful': 5.2541504373948555e-06, 'Happy': 5.1399747462710366e-05, 'Neutral': 0.9999008178710938, 'Other': 3.532308880949131e-07, 'Sad': 1.8361082766205072e-05, 'Surprised': 7.424761861329898e-06, 'Unknown': 7.36877368012756e-08}","Is Allura there, still?"
MATT,03:28:04,03:28:06,Neutral,"{'Angry': 0.04294485226273537, 'Disgusted': 0.05758883059024811, 'Fearful': 0.004716756287962198, 'Happy': 0.11918626725673676, 'Neutral': 0.6840105056762695, 'Other': 0.00047058000927791, 'Sad': 0.04780526086688042, 'Surprised': 0.0429815910756588, 'Unknown': 0.00029527951846830547}","Allura is there, yes."
ORION,03:28:06,03:28:21,Surprised,"{'Angry': 0.00024422683054581285, 'Disgusted': 0.006861347705125809, 'Fearful': 0.0005038533709011972, 'Happy': 0.016378039494156837, 'Neutral': 0.005984034389257431, 'Other': 0.015387741848826408, 'Sad': 0.0007152334437705576, 'Surprised': 0.944631040096283, 'Unknown': 0.009294383227825165}","As we're eating I'm going to: By the way, did you ever perhaps finish making that extra earring I gave you several weeks ago? I don't know how long it's been."
MATT,03:28:21,03:28:28,Surprised,"{'Angry': 0.003068244084715843, 'Disgusted': 0.008463048376142979, 'Fearful': 0.0013928706757724285, 'Happy': 0.08957681059837341, 'Neutral': 0.02812613733112812, 'Other': 0.013027273118495941, 'Sad': 0.0017367980908602476, 'Surprised': 0.8002268671989441, 'Unknown': 0.05438196659088135}","Allura looks, glances over to the side and says, ""Yes, it's been completed. No one's come by to take it from me"""
ORION,03:28:28,03:28:29,Sad,"{'Angry': 0.004171764012426138, 'Disgusted': 0.006546343676745892, 'Fearful': 0.1745893806219101, 'Happy': 0.008782155811786652, 'Neutral': 0.014209992252290249, 'Other': 8.176759001798928e-05, 'Sad': 0.7864307761192322, 'Surprised': 0.005039266310632229, 'Unknown': 0.0001484414387959987}","I had no idea, I'll send someone."
MATT,03:28:29,03:28:35,Happy,"{'Angry': 3.977740107075078e-06, 'Disgusted': 2.5566521799191833e-05, 'Fearful': 3.727588045876473e-05, 'Happy': 0.9991273283958435, 'Neutral': 0.00023332312412094325, 'Other': 1.1074173926317599e-05, 'Sad': 8.978695404948667e-05, 'Surprised': 4.300215550756548e-06, 'Unknown': 0.0004673111834563315}","""And as a note, I'm about a month away from completing the sigil in the base mentof your keep."""
ORION,03:28:35,03:28:44,Happy,"{'Angry': 3.182743603247218e-05, 'Disgusted': 3.638036287156865e-05, 'Fearful': 7.70278784330003e-05, 'Happy': 0.9995707869529724, 'Neutral': 3.6963840102544054e-05, 'Other': 2.552754813223146e-05, 'Sad': 0.000103986487374641, 'Surprised': 0.00010260333510814235, 'Unknown': 1.4810902939643711e-05}","Oh, wonderful. Thank you, that's-- so talented. What flavor tea do you like, Allura?"
MATT,03:28:44,03:28:48,Surprised,"{'Angry': 0.0013892421266064048, 'Disgusted': 0.0023027712013572454, 'Fearful': 0.004636348690837622, 'Happy': 0.2595086395740509, 'Neutral': 0.006261193193495274, 'Other': 0.010351181030273438, 'Sad': 0.0009385848534293473, 'Surprised': 0.6774136424064636, 'Unknown': 0.03719836845993996}","""I prefer a mint or jasmine, to be honest."""
ORION,03:28:48,03:28:51,Happy,"{'Angry': 1.4877779904054478e-05, 'Disgusted': 0.00011812861339421943, 'Fearful': 1.6352360034943558e-05, 'Happy': 0.9950502514839172, 'Neutral': 0.0020130060147494078, 'Other': 0.0002760037314146757, 'Sad': 2.119402415701188e-05, 'Surprised': 1.4375304090208374e-05, 'Unknown': 0.0024757692590355873}",Noted. I walk away
MATT,03:28:51,03:29:04,Neutral,"{'Angry': 0.00020618429698515683, 'Disgusted': 0.00039503470179624856, 'Fearful': 1.9915527445846237e-05, 'Happy': 0.33273670077323914, 'Neutral': 0.6651920080184937, 'Other': 0.00015057472046464682, 'Sad': 0.001042189309373498, 'Surprised': 0.0001790330425137654, 'Unknown': 7.836754957679659e-05}",You step up and walk away from the dinner table. (chair scraping) Tiberius stands up in the middle of the discussion and walks away from the feast
TALIESIN,03:29:04,03:29:11,Neutral,"{'Angry': 2.1385939893980854e-12, 'Disgusted': 7.616637491070569e-14, 'Fearful': 1.7261364253641324e-14, 'Happy': 3.9546152810765456e-12, 'Neutral': 1.0, 'Other': 5.5166739164574756e-15, 'Sad': 6.213939952870451e-12, 'Surprised': 6.590748454805839e-13, 'Unknown': 3.174523632246823e-14}","Lady Briarwood, it is such an act of compassion to take on such responsibility as a house such as Whitestone."
SAM,03:29:11,03:29:12,Neutral,"{'Angry': 1.6075099584789143e-10, 'Disgusted': 7.526559236969987e-12, 'Fearful': 9.874825566622003e-13, 'Happy': 4.3005493610692724e-10, 'Neutral': 1.0, 'Other': 2.897901645211587e-13, 'Sad': 1.692827683585918e-10, 'Surprised': 2.586244760016676e-11, 'Unknown': 8.444887042262372e-13}","Tiberius, get back here."
ORION,03:29:12,03:29:13,Neutral,"{'Angry': 0.00028600977384485304, 'Disgusted': 5.235488060861826e-05, 'Fearful': 1.2293005966057535e-05, 'Happy': 0.00015801258268766105, 'Neutral': 0.9992128610610962, 'Other': 6.692099304927979e-06, 'Sad': 0.00020133820362389088, 'Surprised': 6.933871190994978e-05, 'Unknown': 1.133666387431731e-06}",You said walk away.
SAM,03:29:13,03:29:15,Neutral,"{'Angry': 1.2550172812098026e-07, 'Disgusted': 2.5468773401371436e-07, 'Fearful': 1.5288298982341075e-07, 'Happy': 2.416953975625802e-06, 'Neutral': 0.999995231628418, 'Other': 6.687146480999218e-08, 'Sad': 1.6785572825028794e-06, 'Surprised': 5.539917680152939e-08, 'Unknown': 9.611068207959761e-08}",No! Not every time!
MATT,03:29:15,03:29:19,Happy,"{'Angry': 0.0003409577766433358, 'Disgusted': 0.0006502736359834671, 'Fearful': 6.146228406578302e-05, 'Happy': 0.7002070546150208, 'Neutral': 0.2928279936313629, 'Other': 0.002816176740452647, 'Sad': 0.0002609177608974278, 'Surprised': 0.002130913082510233, 'Unknown': 0.0007041763747110963}","""Well, thank you. This is the first time we've been away from Whitestone in many years."""
TALIESIN,03:29:19,03:29:31,Other,"{'Angry': 0.0018368154997006059, 'Disgusted': 0.003044874407351017, 'Fearful': 0.3048131763935089, 'Happy': 0.00425049290060997, 'Neutral': 0.001273967674933374, 'Other': 0.6815400719642639, 'Sad': 0.0010364822810515761, 'Surprised': 0.0007852213457226753, 'Unknown': 0.0014189424691721797}","That's such a spectacular act of kindness and generosity. Would, perhaps, Vox Machina also be of service to you?"
MATT,03:29:31,03:29:38,Sad,"{'Angry': 0.0010624703718349338, 'Disgusted': 0.00672535365447402, 'Fearful': 0.0010664741275832057, 'Happy': 0.0765027180314064, 'Neutral': 0.000583196000661701, 'Other': 0.0013831870164722204, 'Sad': 0.9113772511482239, 'Surprised': 0.0011284109205007553, 'Unknown': 0.00017094126087613404}","""Perhaps, you seem strong of build and--"""
LAURA,03:29:38,03:29:42,Neutral,"{'Angry': 1.6447047528345138e-05, 'Disgusted': 8.002787581062876e-06, 'Fearful': 2.48767901211977e-06, 'Happy': 0.00012688941205851734, 'Neutral': 0.9998064637184143, 'Other': 3.947998720832402e-06, 'Sad': 2.42011301452294e-05, 'Surprised': 1.2471598438423825e-06, 'Unknown': 1.0350205229769927e-05}",We are handier than we look.
MARISHA,03:29:42,03:29:44,Neutral,"{'Angry': 6.25911070528673e-07, 'Disgusted': 2.2244218200739851e-07, 'Fearful': 4.5346490651354543e-07, 'Happy': 4.817825811187504e-06, 'Neutral': 0.9999915361404419, 'Other': 2.6129470143132494e-08, 'Sad': 1.7737860389388516e-06, 'Surprised': 4.0528067302147974e-07, 'Unknown': 4.5194713749197035e-08}",We killed a beholder once.
TRAVIS,03:29:44,03:29:48,Neutral,"{'Angry': 1.205308706175856e-07, 'Disgusted': 2.2146578260162642e-07, 'Fearful': 9.090810948464423e-08, 'Happy': 2.704300072764454e-07, 'Neutral': 0.9999984502792358, 'Other': 1.1957008894114551e-07, 'Sad': 4.557819579531497e-07, 'Surprised': 4.015384291733426e-08, 'Unknown': 1.9234420278735342e-07}",Just right out with it.
MATT,03:29:48,03:29:51,Neutral,"{'Angry': 0.0012938763247802854, 'Disgusted': 0.00023914434132166207, 'Fearful': 1.571422762935981e-05, 'Happy': 0.00012657366460189223, 'Neutral': 0.9978674650192261, 'Other': 9.66681182035245e-05, 'Sad': 0.0002236486761830747, 'Surprised': 0.00011530247138580307, 'Unknown': 2.1588650270132348e-05}","""That is an impressive feat, young Keyleth."""
MARISHA,03:29:51,03:29:54,Neutral,"{'Angry': 0.00018844401347450912, 'Disgusted': 0.00018439603445585817, 'Fearful': 0.00018125525093637407, 'Happy': 0.0019834323320537806, 'Neutral': 0.9957767128944397, 'Other': 3.88461776310578e-05, 'Sad': 0.000726451282389462, 'Surprised': 9.095053974306211e-05, 'Unknown': 0.0008294826839119196}",We should just lead with that.
TALIESIN,03:29:54,03:29:57,Neutral,"{'Angry': 5.749542768967997e-12, 'Disgusted': 3.410234334505491e-13, 'Fearful': 8.795771728152546e-14, 'Happy': 8.192816217111876e-12, 'Neutral': 1.0, 'Other': 2.9711235777435743e-14, 'Sad': 1.9206622403622475e-11, 'Surprised': 1.4021176797732182e-12, 'Unknown': 1.992209565718217e-13}","And we killed an illithid once, as well."
MATT,03:29:57,03:30:24,Happy,"{'Angry': 6.480247247964144e-05, 'Disgusted': 2.3367212634184398e-05, 'Fearful': 1.5100305063242558e-05, 'Happy': 0.9969834685325623, 'Neutral': 1.2480161785788368e-05, 'Other': 3.460773996266653e-06, 'Sad': 3.596551323425956e-05, 'Surprised': 0.00285979057662189, 'Unknown': 1.5566444062642404e-06}","""Slain a beholder? Uriel, you keep in the presence of some mighty heroes."" Uriel goes, (chuckles) ""They are proven allies. I mean, if you utilize their assistance. That would be very possible. May have something coming up that I could use them for myself, but we'll discuss in time. Nevertheless, the meal continues."" She smiles and looks back at you."
MARISHA,03:30:24,03:30:36,Happy,"{'Angry': 6.704630504827946e-05, 'Disgusted': 6.648246653639944e-06, 'Fearful': 2.043889253400266e-06, 'Happy': 0.9801668524742126, 'Neutral': 5.961780061625177e-06, 'Other': 2.2441695364250336e-06, 'Sad': 6.5205158534809016e-06, 'Surprised': 0.019742488861083984, 'Unknown': 1.8361947695666458e-07}",Can I do an insight check to see if that look at Percy-not-Percy was--
MATT,03:30:36,03:30:39,Neutral,"{'Angry': 0.001464299624785781, 'Disgusted': 0.0002361342340009287, 'Fearful': 7.566242857137695e-05, 'Happy': 0.020560603588819504, 'Neutral': 0.9748977422714233, 'Other': 0.0002164495672332123, 'Sad': 0.000812397978734225, 'Surprised': 0.00156267115380615, 'Unknown': 0.00017417941126041114}","You can make an insight check, sure."
TALIESIN,03:30:39,03:30:43,Neutral,"{'Angry': 0.0002954525116365403, 'Disgusted': 0.00012356246588751674, 'Fearful': 8.202085155062377e-06, 'Happy': 0.0001459664199501276, 'Neutral': 0.9993177652359009, 'Other': 1.2335860446910374e-05, 'Sad': 2.8503729481599294e-05, 'Surprised': 2.544967719586566e-05, 'Unknown': 4.271324723958969e-05}",Can you? Can you make an insight check? I don't think you can.
MARISHA,03:30:43,03:30:45,Neutral,"{'Angry': 1.398145932363093e-09, 'Disgusted': 1.8414168800884312e-10, 'Fearful': 2.774900101365496e-11, 'Happy': 1.4066843245785776e-09, 'Neutral': 1.0, 'Other': 1.5540206274589075e-11, 'Sad': 1.1708202185545247e-09, 'Surprised': 6.366582955275035e-11, 'Unknown': 3.137657841878472e-11}",She looked interesting.
MATT,03:30:45,03:30:52,Neutral,"{'Angry': 1.5309282730413543e-08, 'Disgusted': 1.365127455521531e-09, 'Fearful': 1.0035486330828292e-10, 'Happy': 2.181108811782906e-06, 'Neutral': 0.9999978542327881, 'Other': 1.890222145473075e-10, 'Sad': 2.400196841279012e-08, 'Surprised': 1.5077590287404519e-09, 'Unknown': 1.0077300799382627e-10}","You're distracted by the pattern, the brocade across her torso area."
TALIESIN,03:30:52,03:30:55,Neutral,"{'Angry': 5.6125145420082845e-08, 'Disgusted': 9.52307459556323e-08, 'Fearful': 3.810801274539699e-08, 'Happy': 3.4134761790483026e-06, 'Neutral': 0.9999948740005493, 'Other': 5.883031661824134e-08, 'Sad': 1.3819470723319682e-06, 'Surprised': 1.8696759696013032e-08, 'Unknown': 7.638633547912832e-08}","You know, you could roll lower if you tried."
ORION,03:30:55,03:31:00,Neutral,"{'Angry': 4.868272753810743e-06, 'Disgusted': 1.0388217788204201e-06, 'Fearful': 1.0142935025214683e-07, 'Happy': 0.0003935165877919644, 'Neutral': 0.9995856881141663, 'Other': 7.14390580469626e-07, 'Sad': 1.3285509339766577e-05, 'Surprised': 1.233228488217719e-07, 'Unknown': 7.382905096164905e-07}",I want to do an arcana check on them.
MATT,03:31:00,03:31:02,Neutral,"{'Angry': 6.953457614145009e-06, 'Disgusted': 1.6832784240250476e-05, 'Fearful': 1.616581471353129e-06, 'Happy': 0.00018491243827156723, 'Neutral': 0.9997031092643738, 'Other': 3.810805310422438e-06, 'Sad': 6.126654625404626e-05, 'Surprised': 2.0746087102452293e-05, 'Unknown': 6.208653076100745e-07}",What are you checking for?
ORION,03:31:02,03:31:09,Happy,"{'Angry': 6.73103068038472e-06, 'Disgusted': 1.5620464637322584e-06, 'Fearful': 5.662777198267577e-07, 'Happy': 0.985943078994751, 'Neutral': 0.014018382877111435, 'Other': 2.715725713642314e-06, 'Sad': 1.762014471751172e-05, 'Surprised': 3.705383448959765e-07, 'Unknown': 9.04310854821233e-06}",If they're armed with anything that has arcane properties.
MATT,03:31:09,03:31:39,Happy,"{'Angry': 1.2633497590286424e-06, 'Disgusted': 1.7915421040015644e-06, 'Fearful': 4.265328925612266e-07, 'Happy': 0.9979931116104126, 'Neutral': 0.0019757321570068598, 'Other': 3.019782525370829e-06, 'Sad': 1.8590304534882307e-05, 'Surprised': 5.829316251038108e-06, 'Unknown': 3.614777028815297e-07}","Make an arcana check. It's not so much something you can sense, more than you can look for symbols. You rolled a 17? It looks like there are elements of their accoutrements that are, like any of you are carrying on yourselves. There's a choker that's part of the outfit that Lady Briarwood wears that itself does appear to have some tiny enchantment-based markings across it. They are adorned in various protective magic, but so is everybody else at the table."
ORION,03:31:39,03:31:40,Neutral,"{'Angry': 2.9571201043410156e-10, 'Disgusted': 8.497629683246188e-12, 'Fearful': 1.2133760792995552e-12, 'Happy': 2.900888196322171e-09, 'Neutral': 1.0, 'Other': 2.0573239021669937e-13, 'Sad': 4.6292156219429614e-10, 'Surprised': 5.943517206175031e-11, 'Unknown': 2.121472756581172e-13}",Got you. Standard gear.
GROG,03:31:40,03:31:48,Angry,"{'Angry': 0.5580541491508484, 'Disgusted': 0.050230972468853, 'Fearful': 0.006897718645632267, 'Happy': 0.11698266863822937, 'Neutral': 0.14052356779575348, 'Other': 0.003158207517117262, 'Sad': 0.0039966111071407795, 'Surprised': 0.07754926383495331, 'Unknown': 0.04260683432221413}","Lord and Lady Briarwood, we are, in fact, quite handy. Vax, we also killed an illithid, if I recall."
TALIESIN,03:31:48,03:31:54,Angry,"{'Angry': 0.7695271968841553, 'Disgusted': 0.04177507385611534, 'Fearful': 0.04177873581647873, 'Happy': 0.00033036558306775987, 'Neutral': 0.00018311500025447458, 'Other': 0.058586277067661285, 'Sad': 0.08633396774530411, 'Surprised': 0.0006945219938643277, 'Unknown': 0.0007908078841865063}",I think we did. Did we befriend an illithid or kill it? I think we did both.
ORION,03:31:54,03:31:57,Neutral,"{'Angry': 3.232997094863854e-13, 'Disgusted': 9.894592503461534e-15, 'Fearful': 2.3370119705943713e-15, 'Happy': 3.588334328025883e-13, 'Neutral': 1.0, 'Other': 1.3401298952457207e-15, 'Sad': 1.1238580595665515e-12, 'Surprised': 1.1047740955567875e-13, 'Unknown': 6.811897407092444e-15}","We befriended it, it betrayed us, and then we killed it."
SAM,03:31:57,03:32:16,Other,"{'Angry': 0.00014648640353698283, 'Disgusted': 0.0002472841297276318, 'Fearful': 0.0010363184846937656, 'Happy': 0.00040945172077044845, 'Neutral': 4.035990423290059e-05, 'Other': 0.9935702085494995, 'Sad': 3.831759750028141e-05, 'Surprised': 0.004427822306752205, 'Unknown': 8.365653775399551e-05}","But enough about us. Earlier, you were telling us about a poor family that came down with that disease. I'm just curious, coming from a medical family. What was the disease that they had?"
MATT,03:32:16,03:32:31,Happy,"{'Angry': 0.00021739510702900589, 'Disgusted': 0.0021209532860666513, 'Fearful': 0.002341475570574403, 'Happy': 0.6569188833236694, 'Neutral': 0.20986783504486084, 'Other': 0.008298243395984173, 'Sad': 0.0887492373585701, 'Surprised': 0.028118714690208435, 'Unknown': 0.0033672964200377464}","They look at each other and give a sorrowful look. ""We do not know. We were only given the information that the family had passed, but a month or two after it had already occurred."""
MARISHA,03:32:31,03:32:35,Neutral,"{'Angry': 0.00010791487147798762, 'Disgusted': 2.155318907171022e-05, 'Fearful': 1.3284378610478598e-06, 'Happy': 0.0007796607096679509, 'Neutral': 0.9989122152328491, 'Other': 8.403175684179587e-07, 'Sad': 5.33030106453225e-05, 'Surprised': 0.00012261427764315158, 'Unknown': 5.634119020214712e-07}",The entire family. All of them?
MATT,03:32:35,03:32:39,Neutral,"{'Angry': 6.680127989966422e-05, 'Disgusted': 0.00011375651229172945, 'Fearful': 3.9393700717482716e-05, 'Happy': 0.004321861080825329, 'Neutral': 0.9948038458824158, 'Other': 0.00013024361396674067, 'Sad': 0.00017409969586879015, 'Surprised': 8.733035065233707e-05, 'Unknown': 0.00026262333267368376}","""Most of the castle seemed to have fallen to it, as well."""
LAURA,03:32:39,03:32:40,Sad,"{'Angry': 0.00025475016445852816, 'Disgusted': 0.00047744778566993773, 'Fearful': 0.0002532072539906949, 'Happy': 0.000396160437958315, 'Neutral': 0.013237874023616314, 'Other': 6.800370556447888e-06, 'Sad': 0.9853280186653137, 'Surprised': 3.898220165865496e-05, 'Unknown': 6.719964403600898e-06}",So dreadful.
MATT,03:32:40,03:32:51,Happy,"{'Angry': 0.0001349101512460038, 'Disgusted': 0.0007444678340107203, 'Fearful': 8.215915295295417e-05, 'Happy': 0.8223512172698975, 'Neutral': 0.172845259308815, 'Other': 0.0002759016351774335, 'Sad': 0.0013157868525013328, 'Surprised': 4.4214262743480504e-05, 'Unknown': 0.0022060798946768045}","Uriel says, ""My condolences, by the way. I understand that's very hard."" ""It's all right. The least we could do is try to carry on their legacy."""
LAURA,03:32:51,03:32:56,Neutral,"{'Angry': 3.1424956432601903e-06, 'Disgusted': 2.9892937618569704e-06, 'Fearful': 3.7049903767183423e-06, 'Happy': 2.83569920611626e-06, 'Neutral': 0.9998358488082886, 'Other': 5.048981392974383e-07, 'Sad': 1.6264812074950896e-05, 'Surprised': 0.00013451989798340946, 'Unknown': 2.493064776842857e-08}",I know how hard it is to lose someone very close to you. I'm sorry for your loss.
MATT,03:32:56,03:33:02,Happy,"{'Angry': 1.015062844089698e-05, 'Disgusted': 1.188465830637142e-05, 'Fearful': 1.3513649719243404e-06, 'Happy': 0.9930484294891357, 'Neutral': 0.006881768815219402, 'Other': 3.425315753702307e-06, 'Sad': 3.1546536774840206e-05, 'Surprised': 1.521097033219121e-06, 'Unknown': 9.888519343803637e-06}","""It's appreciated."" He looks at his wife, and she looks up for a second. ""It's all right."""
MARISHA,03:33:02,03:33:20,Happy,"{'Angry': 1.8462567030752552e-09, 'Disgusted': 1.650841419120752e-08, 'Fearful': 1.5006125231309397e-09, 'Happy': 0.9999998807907104, 'Neutral': 5.419306248199973e-08, 'Other': 4.098946604358389e-08, 'Sad': 2.6900371707938575e-08, 'Surprised': 6.587581147243782e-09, 'Unknown': 4.82355044795213e-09}","I'm sorry. I'm just a little confused. If the whole family died of disease, weren't you afraid to go into this town, into this castle? Weren't you afraid of contracting this disease yourself?"
MATT,03:33:20,03:33:48,Surprised,"{'Angry': 1.796098513295874e-05, 'Disgusted': 1.4535624359268695e-05, 'Fearful': 1.7251013559871353e-05, 'Happy': 0.0007158216903917491, 'Neutral': 4.003328285762109e-06, 'Other': 2.8844242478953674e-06, 'Sad': 4.87726401843247e-06, 'Surprised': 0.9992214441299438, 'Unknown': 1.284114887312171e-06}","""There was worry of such a thing, but before Whitestone castle could be entered, we made sure to send in our best clerics to rid of any existing possible lingering disease, and to make sure to remove any corpses or bodies that may contain it. There was a period of time that we were worried, but after a few months, we came to the conclusion that we were safe, and thus we moved our way in."""
TRAVIS,03:33:48,03:33:50,Happy,"{'Angry': 7.088254642440006e-05, 'Disgusted': 3.5744000342674553e-05, 'Fearful': 0.0002324153610970825, 'Happy': 0.9958828687667847, 'Neutral': 0.0003296327486168593, 'Other': 2.4959901566035114e-05, 'Sad': 0.0030465538147836924, 'Surprised': 0.0003730095049832016, 'Unknown': 4.04718457502895e-06}",Lucky for you.
SAM,03:33:50,03:33:57,Neutral,"{'Angry': 4.22355551563669e-05, 'Disgusted': 2.4418666725978255e-05, 'Fearful': 1.863887860054092e-06, 'Happy': 5.5840697314124554e-05, 'Neutral': 0.9997885823249817, 'Other': 1.5486200936720707e-05, 'Sad': 1.4023823496245313e-05, 'Surprised': 4.339374208939262e-05, 'Unknown': 1.4281529729487374e-05}",Anyone care for some games of jenga?
MATT,03:33:57,03:34:09,Neutral,"{'Angry': 2.323219305822022e-08, 'Disgusted': 4.3065337962389094e-09, 'Fearful': 5.188687257628999e-10, 'Happy': 5.678093202732271e-06, 'Neutral': 0.9999938011169434, 'Other': 2.556952705123905e-10, 'Sad': 5.11466680563899e-07, 'Surprised': 5.656104473672485e-09, 'Unknown': 9.022400881963932e-11}","At this point, the dessert has been brought out. It's a fine, almost creme brulee-type dish. It's delicious."
LAURA,03:34:09,03:34:14,Neutral,"{'Angry': 1.4120213336354936e-06, 'Disgusted': 9.717507509776624e-07, 'Fearful': 2.659853350905905e-07, 'Happy': 1.467302581659169e-06, 'Neutral': 0.9999821186065674, 'Other': 8.685698844601575e-07, 'Sad': 1.1699690730893053e-05, 'Surprised': 8.86838122937661e-08, 'Unknown': 1.2028128821839346e-06}","Are they whispering to themselves, still?"
MATT,03:34:14,03:34:44,Happy,"{'Angry': 0.004471959080547094, 'Disgusted': 0.019785495474934578, 'Fearful': 0.00267153256572783, 'Happy': 0.7259049415588379, 'Neutral': 0.016580887138843536, 'Other': 0.009443061426281929, 'Sad': 0.04577292874455452, 'Surprised': 0.13265791535377502, 'Unknown': 0.04271138831973076}","As part of the discussions, there are a few side exchanges here and there. The best you can make from it is, ""Did you notice him?"" She says, ""Yes, don't worry."" And, ""Tonight, we'll stay."" And those are the only things you can make out from the exchanges back and forth."
LAURA,03:34:44,03:34:51,Surprised,"{'Angry': 0.0016924603842198849, 'Disgusted': 0.0003402338770683855, 'Fearful': 0.00011611986701609567, 'Happy': 0.0025245423894375563, 'Neutral': 0.004679802805185318, 'Other': 2.9827479011146352e-05, 'Sad': 0.00012878415873274207, 'Surprised': 0.9904800057411194, 'Unknown': 8.199828698707279e-06}","How long do you plan on staying here, Lord and Lady?"
MATT,03:34:51,03:35:16,Happy,"{'Angry': 0.00010493537411093712, 'Disgusted': 0.0005026264116168022, 'Fearful': 0.002306706504896283, 'Happy': 0.9640750885009766, 'Neutral': 0.0006911595119163394, 'Other': 0.0033470899797976017, 'Sad': 0.018720846623182297, 'Surprised': 0.009894738905131817, 'Unknown': 0.00035686357296071947}","""Well, after this dinner, I imagine a few days, and we'll be on our way. We're merely here to finalize the paperwork for the bridge construction."" She looks over and gives a nod to Lord Daxio, who gives her a nod back. ""And maybe see the city for a while, and make our way back. It's too hard to be away, and our nephew has been left in charge of this."""
LAURA,03:35:16,03:35:22,Happy,"{'Angry': 3.204002840817566e-09, 'Disgusted': 1.6270307767740633e-08, 'Fearful': 1.831857110445867e-09, 'Happy': 0.9999996423721313, 'Neutral': 3.008622115885373e-07, 'Other': 6.363188198577063e-09, 'Sad': 2.3799831438964247e-08, 'Surprised': 6.281010822561939e-09, 'Unknown': 1.580326625116868e-08}",Do you have plans on the morrow? I would love to give you a tour of the city.
MATT,03:35:22,03:35:23,Angry,"{'Angry': 0.7125716209411621, 'Disgusted': 0.031297195702791214, 'Fearful': 0.001992897130548954, 'Happy': 0.008478006348013878, 'Neutral': 0.16552843153476715, 'Other': 1.0826705874933396e-05, 'Sad': 0.07952766120433807, 'Surprised': 0.000577281229197979, 'Unknown': 1.6034106010920368e-05}","""That would be lovely."""
LAURA,03:35:23,03:35:29,Surprised,"{'Angry': 2.3781080017215572e-05, 'Disgusted': 2.1100800950080156e-05, 'Fearful': 1.4582361473003402e-05, 'Happy': 9.447347838431597e-05, 'Neutral': 0.00024002970894798636, 'Other': 5.3740700423077215e-06, 'Sad': 9.430536920262966e-06, 'Surprised': 0.9995895028114319, 'Unknown': 1.7201509763253853e-06}",Wonderful! Should I send word? How should we arrange this?
MATT,03:35:29,03:35:30,Happy,"{'Angry': 0.009649695828557014, 'Disgusted': 0.021445218473672867, 'Fearful': 0.030584383755922318, 'Happy': 0.5871514678001404, 'Neutral': 0.19594472646713257, 'Other': 0.0025865279603749514, 'Sad': 0.03133588656783104, 'Surprised': 0.1202341616153717, 'Unknown': 0.001067926175892353}","""Where are you staying?"""
LAURA,03:35:30,03:35:34,Neutral,"{'Angry': 7.784229372198581e-10, 'Disgusted': 2.1799820282275562e-10, 'Fearful': 4.7337068292963025e-11, 'Happy': 2.384185515680315e-09, 'Neutral': 1.0, 'Other': 4.345534695970876e-11, 'Sad': 2.483922179052911e-09, 'Surprised': 6.744322461615937e-11, 'Unknown': 3.1266789157768926e-10}","We are outside of town at our own keep, actually."
MATT,03:35:34,03:35:36,Neutral,"{'Angry': 9.415174281457439e-05, 'Disgusted': 2.7697857149178162e-05, 'Fearful': 1.8518796423450112e-05, 'Happy': 1.2297416105866432e-05, 'Neutral': 0.9992758631706238, 'Other': 5.937741320849454e-07, 'Sad': 0.0005646812496706843, 'Surprised': 3.913090949936304e-06, 'Unknown': 2.2439426174969412e-06}","""What's it called?"""
LAURA,03:35:36,03:35:38,Happy,"{'Angry': 0.0008363393717445433, 'Disgusted': 0.0007942408556118608, 'Fearful': 0.0014047924196347594, 'Happy': 0.5948547124862671, 'Neutral': 0.00984365213662386, 'Other': 0.0027263888623565435, 'Sad': 0.0010253636864945292, 'Surprised': 0.3877517879009247, 'Unknown': 0.000762695912271738}",The Greyskull Keep.
MATT,03:35:38,03:35:42,Happy,"{'Angry': 0.00012116617290303111, 'Disgusted': 0.00015411581262014806, 'Fearful': 0.00030398168019019067, 'Happy': 0.9921470284461975, 'Neutral': 0.0007917704060673714, 'Other': 9.126323129748926e-05, 'Sad': 0.0024479799903929234, 'Surprised': 0.003917174879461527, 'Unknown': 2.5490111511317082e-05}","""Greyskull Keep. We will have you sent for when the time is right."""
LAURA,03:35:42,03:35:47,Happy,"{'Angry': 0.029631653800606728, 'Disgusted': 0.006464086472988129, 'Fearful': 0.0019937236793339252, 'Happy': 0.7693068385124207, 'Neutral': 0.09435893595218658, 'Other': 0.0002283729991177097, 'Sad': 0.0019126491388306022, 'Surprised': 0.0952301099896431, 'Unknown': 0.0008736292948015034}",Lovely. That will be so fun.
ORION,03:35:47,03:35:53,Neutral,"{'Angry': 0.024328691884875298, 'Disgusted': 0.026950653642416, 'Fearful': 0.009637999348342419, 'Happy': 0.24191831052303314, 'Neutral': 0.6123218536376953, 'Other': 0.002706679282709956, 'Sad': 0.03778566047549248, 'Surprised': 0.009003664366900921, 'Unknown': 0.03534647449851036}",Vex is so into showing people our city.
LAURA,03:35:53,03:35:57,Sad,"{'Angry': 0.0012128953821957111, 'Disgusted': 0.003153307130560279, 'Fearful': 0.03300054743885994, 'Happy': 0.06532380729913712, 'Neutral': 0.15641731023788452, 'Other': 0.0002874736674129963, 'Sad': 0.7321066856384277, 'Surprised': 0.006930999923497438, 'Unknown': 0.0015669737476855516}",Perhaps you can show me some more of your fashions. I love your dress so much.
MATT,03:35:57,03:36:04,Sad,"{'Angry': 0.0003741446416825056, 'Disgusted': 0.0012039473513141274, 'Fearful': 0.0013226330047473311, 'Happy': 0.024484429508447647, 'Neutral': 0.0011368140112608671, 'Other': 0.11580590158700943, 'Sad': 0.8535038828849792, 'Surprised': 0.0015587368980050087, 'Unknown': 0.00060961430426687}","""Oh, well it's hard to show you this here. What you need to see is the Wildemount fashion district. It is divine."""
LAURA,03:36:04,03:36:05,Happy,"{'Angry': 0.000535398256033659, 'Disgusted': 0.022269202396273613, 'Fearful': 0.0002760229108389467, 'Happy': 0.970622181892395, 'Neutral': 0.003420010907575488, 'Other': 0.0004065507964696735, 'Sad': 0.0013872904237359762, 'Surprised': 0.0010497585171833634, 'Unknown': 3.356293382239528e-05}",Sounds wonderful.
TRAVIS,03:36:05,03:36:10,Neutral,"{'Angry': 7.452303179888986e-06, 'Disgusted': 7.763075700495392e-06, 'Fearful': 4.822520622838056e-06, 'Happy': 7.928273407742381e-05, 'Neutral': 0.9997639060020447, 'Other': 1.0680573723220732e-05, 'Sad': 8.119569974951446e-05, 'Surprised': 1.058264501807571e-06, 'Unknown': 4.374885975266807e-05}","I look at Vax and I go, does anyone want any dessert?"
ORION,03:36:10,03:36:12,Neutral,"{'Angry': 0.010025314055383205, 'Disgusted': 0.02606566995382309, 'Fearful': 0.10076909512281418, 'Happy': 0.17034007608890533, 'Neutral': 0.3898553252220154, 'Other': 0.0003868950007017702, 'Sad': 0.08558031171560287, 'Surprised': 0.21608957648277283, 'Unknown': 0.0008877491345629096}",(gulping) I'm having a little.
LAURA,03:36:12,03:36:15,Other,"{'Angry': 0.008554252795875072, 'Disgusted': 0.3635263741016388, 'Fearful': 0.020018471404910088, 'Happy': 0.014090025797486305, 'Neutral': 0.010915160179138184, 'Other': 0.39876461029052734, 'Sad': 0.016388259828090668, 'Surprised': 0.15447863936424255, 'Unknown': 0.013264221139252186}",Vax? You looked at Vax?
TRAVIS,03:36:15,03:36:21,Neutral,"{'Angry': 0.0008739139302633703, 'Disgusted': 0.000501600094139576, 'Fearful': 8.909968892112374e-05, 'Happy': 0.00808557029813528, 'Neutral': 0.9160299897193909, 'Other': 0.0010326498886570334, 'Sad': 0.00019659097597468644, 'Surprised': 0.07284523546695709, 'Unknown': 0.00034541901550255716}",Yeah. Vaxy. The one that I can look at.
ORION,03:36:21,03:36:30,Neutral,"{'Angry': 0.0022705025039613247, 'Disgusted': 0.010983455926179886, 'Fearful': 0.000754519016481936, 'Happy': 0.39340582489967346, 'Neutral': 0.5057235956192017, 'Other': 0.017664141952991486, 'Sad': 0.0005689200479537249, 'Surprised': 0.0012723228428512812, 'Unknown': 0.06735669076442719}",Do you want dessert now? Would you like this fireball creme brulee?
TALIESIN,03:36:30,03:36:32,Neutral,"{'Angry': 0.002857304411008954, 'Disgusted': 0.0023723042104393244, 'Fearful': 0.002000444568693638, 'Happy': 0.0053213513456285, 'Neutral': 0.9774642586708069, 'Other': 0.00011202813766431063, 'Sad': 0.007946508936583996, 'Surprised': 0.0012284883996471763, 'Unknown': 0.0006972824921831489}",I'm just fine.
MARISHA,03:36:32,03:36:34,Neutral,"{'Angry': 1.5119441741262563e-05, 'Disgusted': 1.0173516784561798e-05, 'Fearful': 6.706697149638785e-06, 'Happy': 0.08395566046237946, 'Neutral': 0.9136409163475037, 'Other': 5.566201707551954e-06, 'Sad': 0.002328901318833232, 'Surprised': 3.502378240227699e-05, 'Unknown': 1.955258767338819e-06}",(whispered) I don't know what to do now.
MATT,03:36:34,03:37:08,Happy,"{'Angry': 1.815079122025054e-05, 'Disgusted': 0.0002655478019732982, 'Fearful': 1.124040409195004e-05, 'Happy': 0.9983280301094055, 'Neutral': 0.0007873967988416553, 'Other': 0.000241827146965079, 'Sad': 3.8552083424292505e-05, 'Surprised': 5.330237763701007e-05, 'Unknown': 0.0002559963904786855}","The meal has been now wound down, the dishes are being gathered by the servants, the wine has stopped being poured, and now everyone settles in with sighs of a meal well spent. The other council members begin to excuse themselves. Uriel stands up and says, ""My apologies, me and my wife find that rest is in our future. Please, feel free to walk the halls as you see fit. Thank you again, Lord and Lady Briarwood, for joining us, and we're excited to continue this venture. Good night to you all."""
MARISHA,03:37:08,03:37:10,Neutral,"{'Angry': 1.7517924788990058e-05, 'Disgusted': 9.133203093369957e-06, 'Fearful': 5.4321226343745366e-06, 'Happy': 2.3039867755869636e-06, 'Neutral': 0.999896764755249, 'Other': 4.166162761976011e-05, 'Sad': 2.688187805688358e-06, 'Surprised': 1.10599648905918e-06, 'Unknown': 2.332485564693343e-05}","Hey, you should Hunter's Mark them or something."
SAM,03:37:10,03:37:12,Neutral,"{'Angry': 5.515227030628012e-07, 'Disgusted': 6.644364702879102e-07, 'Fearful': 7.022669024081551e-07, 'Happy': 2.8823353659390705e-06, 'Neutral': 0.9999815225601196, 'Other': 2.2946157685055368e-07, 'Sad': 1.2645826245716307e-05, 'Surprised': 2.7601959118328523e-07, 'Unknown': 5.099768145555572e-07}","Wait, no, that's Uriel that's leaving."
LIAM,03:37:12,03:37:19,Neutral,"{'Angry': 1.879348727421709e-13, 'Disgusted': 6.857863767557567e-15, 'Fearful': 1.2914381003936888e-15, 'Happy': 2.4482125311406366e-13, 'Neutral': 1.0, 'Other': 1.0000381201101202e-15, 'Sad': 5.65041286329504e-13, 'Surprised': 7.816617904159162e-14, 'Unknown': 4.826803273885001e-15}","What's the gentleman who realized that I was there? Earlier, before we came in?"
MATT,03:37:19,03:37:24,Neutral,"{'Angry': 5.903681987717846e-10, 'Disgusted': 2.495089135301498e-10, 'Fearful': 8.410303703465516e-11, 'Happy': 3.5151801469623933e-09, 'Neutral': 1.0, 'Other': 6.11892342350373e-11, 'Sad': 8.271493712186384e-09, 'Surprised': 1.085467687955699e-10, 'Unknown': 3.5530339781431053e-10}",Asum? He's not in the room. He's been waiting in the foyer for you.
LAURA,03:37:24,03:37:28,Surprised,"{'Angry': 0.0010055525926873088, 'Disgusted': 0.0008814869215711951, 'Fearful': 0.00011193743557669222, 'Happy': 0.08859418332576752, 'Neutral': 0.03734859451651573, 'Other': 0.0003044388722628355, 'Sad': 0.0013190987519919872, 'Surprised': 0.8704022765159607, 'Unknown': 3.244809340685606e-05}","He was telling you to meet him in the foyer, a long time ago."
LIAM,03:37:28,03:37:30,Neutral,"{'Angry': 3.155738886562176e-05, 'Disgusted': 3.120085966656916e-05, 'Fearful': 2.2254484065342695e-05, 'Happy': 0.001112760859541595, 'Neutral': 0.9985647797584534, 'Other': 1.571603206684813e-05, 'Sad': 6.127245433162898e-05, 'Surprised': 1.084343693946721e-05, 'Unknown': 0.00014967189054004848}","Oh, that's all right."
LAURA,03:37:30,03:37:36,Happy,"{'Angry': 0.00022202650143299252, 'Disgusted': 0.00021776701032649726, 'Fearful': 2.979988494189456e-05, 'Happy': 0.9844281077384949, 'Neutral': 0.01218276284635067, 'Other': 0.00015165559307206422, 'Sad': 0.00020708786905743182, 'Surprised': 3.696542307807249e-06, 'Unknown': 0.002557161031290889}",(whispered) You should go spy on their room. Go check out that room. I'll distract them.
TRAVIS,03:37:36,03:37:39,Happy,"{'Angry': 1.8098382497555576e-05, 'Disgusted': 8.201063610613346e-05, 'Fearful': 5.783936649095267e-05, 'Happy': 0.995741605758667, 'Neutral': 0.0012533693807199597, 'Other': 2.2889715182827786e-05, 'Sad': 6.129824760137126e-05, 'Surprised': 1.766934815350396e-06, 'Unknown': 0.0027611623518168926}",(muffled) Go see if he's still there.
MATT,03:37:39,03:37:55,Neutral,"{'Angry': 0.0005616300040856004, 'Disgusted': 8.447563595836982e-05, 'Fearful': 1.6268257240881212e-05, 'Happy': 0.2670888304710388, 'Neutral': 0.7310702204704285, 'Other': 7.045613892842084e-05, 'Sad': 0.0008995390962809324, 'Surprised': 0.0001788953086361289, 'Unknown': 2.96456491923891e-05}","Lord and Lady Briarwood also stand up. ""On that note as well, I think our meal has come to an end. We appreciate your--"" and Lady Briarwood continues the sentence, ""and we wish you all a fine night--"""
LIAM,03:37:55,03:38:02,Neutral,"{'Angry': 0.008639479987323284, 'Disgusted': 0.06525126099586487, 'Fearful': 0.008773273788392544, 'Happy': 0.03247230127453804, 'Neutral': 0.8520216941833496, 'Other': 0.00506394449621439, 'Sad': 0.004296794068068266, 'Surprised': 0.002901406493037939, 'Unknown': 0.02057979255914688}",I'm clicking my Boots of Haste and scuttling along the ceiling back towards the door.
ORION,03:38:02,03:38:17,Happy,"{'Angry': 0.0010952088050544262, 'Disgusted': 0.0017465038690716028, 'Fearful': 0.0042980811558663845, 'Happy': 0.9177342057228088, 'Neutral': 0.007998446002602577, 'Other': 0.0009044598555192351, 'Sad': 0.018652044236660004, 'Surprised': 0.04714512079954147, 'Unknown': 0.0004260163987055421}","I know a particular spell that it's rather wonderful. And I go blow a stream out and do a cantrip, Control Magic, and start doing a nice dragon fire dance that I know of from my home."
SAM,03:38:17,03:38:19,Happy,"{'Angry': 0.001247278181836009, 'Disgusted': 0.003618382615968585, 'Fearful': 0.0014235007110983133, 'Happy': 0.9241979122161865, 'Neutral': 0.05042611435055733, 'Other': 0.0005424833507277071, 'Sad': 0.016039203852415085, 'Surprised': 0.0009306804859079421, 'Unknown': 0.0015744833508506417}",I play a little flute.
MATT,03:38:19,03:38:21,Surprised,"{'Angry': 1.0355097401770763e-06, 'Disgusted': 1.9283497749711387e-06, 'Fearful': 2.3296935580674472e-07, 'Happy': 1.3067817690171069e-06, 'Neutral': 1.4870094673824497e-05, 'Other': 4.399682040912012e-07, 'Sad': 1.2881295674560533e-07, 'Surprised': 0.9999799728393555, 'Unknown': 1.0069580724803018e-08}",They both sit and watch for a moment--
SAM,03:38:21,03:38:28,Happy,"{'Angry': 5.495638788488577e-07, 'Disgusted': 2.7399953523854492e-06, 'Fearful': 3.830841421859077e-07, 'Happy': 0.9999369382858276, 'Neutral': 3.7784306186949834e-05, 'Other': 9.366173117086873e-07, 'Sad': 1.0268752248521196e-06, 'Surprised': 2.6371583317086333e-07, 'Unknown': 1.9357392375241034e-05}",(Star Wars Cantina song)
LIAM,03:38:28,03:38:30,Neutral,"{'Angry': 0.0003982892958447337, 'Disgusted': 0.0008091040072031319, 'Fearful': 0.0005960720591247082, 'Happy': 0.0023024510592222214, 'Neutral': 0.9941861629486084, 'Other': 6.493143882835284e-05, 'Sad': 0.0009180650813505054, 'Surprised': 0.0005035159992985427, 'Unknown': 0.00022132227604743093}",Am I finding what's-his-face?
MATT,03:38:30,03:38:33,Sad,"{'Angry': 0.014451484195888042, 'Disgusted': 0.005986027419567108, 'Fearful': 0.041039977222681046, 'Happy': 0.012096802704036236, 'Neutral': 0.1589815467596054, 'Other': 0.00012246768164914101, 'Sad': 0.743381679058075, 'Surprised': 0.023849235847592354, 'Unknown': 9.072956163436174e-05}","You make your way out, and he's not there. You don't see him anywhere."
LIAM,03:38:33,03:38:35,Neutral,"{'Angry': 0.0024837737437337637, 'Disgusted': 0.06455466151237488, 'Fearful': 0.0006034683901816607, 'Happy': 0.2534846067428589, 'Neutral': 0.5720863342285156, 'Other': 0.01554096583276987, 'Sad': 0.0722767561674118, 'Surprised': 0.01825513318181038, 'Unknown': 0.0007142715621739626}",I'm doubling back.
MATT,03:38:35,03:38:48,Neutral,"{'Angry': 1.832342786656227e-05, 'Disgusted': 5.951072580501204e-06, 'Fearful': 5.986032647342654e-06, 'Happy': 7.674348307773471e-05, 'Neutral': 0.9861966967582703, 'Other': 6.401163773261942e-06, 'Sad': 1.3458738976623863e-05, 'Surprised': 0.013675946742296219, 'Unknown': 5.20631999734178e-07}","Okay, you double back. After about a minute of this, ""Yes, well, thank you kindly for that wondrous display. I feel that sleep takes us, and we are going to retire to our quarters. Have a wonderful night, everyone."""
MARISHA,03:38:48,03:38:50,Neutral,"{'Angry': 3.211848706996534e-07, 'Disgusted': 7.248888778121909e-08, 'Fearful': 2.419244182760849e-08, 'Happy': 1.0593264505587285e-06, 'Neutral': 0.9999982118606567, 'Other': 3.7632712945878666e-08, 'Sad': 2.0606076134299656e-07, 'Surprised': 2.7977142380564146e-08, 'Unknown': 1.9383266547379208e-08}",Are you staying within the castle?
MATT,03:38:50,03:38:51,Sad,"{'Angry': 0.010203545913100243, 'Disgusted': 0.033563993871212006, 'Fearful': 0.02759653702378273, 'Happy': 0.23084966838359833, 'Neutral': 0.1493716686964035, 'Other': 0.000266469141934067, 'Sad': 0.28033193945884705, 'Surprised': 0.2676263749599457, 'Unknown': 0.00018986294162459671}","""Yes, yes."""
MARISHA,03:38:51,03:38:54,Neutral,"{'Angry': 0.032981012016534805, 'Disgusted': 0.03202991187572479, 'Fearful': 0.010983549989759922, 'Happy': 0.03826724365353584, 'Neutral': 0.573440670967102, 'Other': 0.008127771317958832, 'Sad': 0.023625586181879044, 'Surprised': 0.001258800970390439, 'Unknown': 0.2792854309082031}",Oh! Fantastic.
ORION,03:38:54,03:38:55,Neutral,"{'Angry': 0.0025562013033777475, 'Disgusted': 0.0015915209660306573, 'Fearful': 0.00026868045097216964, 'Happy': 0.0008384998654946685, 'Neutral': 0.5140393972396851, 'Other': 7.449199074471835e-06, 'Sad': 0.4806468188762665, 'Surprised': 4.229884871165268e-05, 'Unknown': 9.133932508120779e-06}",Have a wonderful rest.
MATT,03:38:55,03:39:02,Neutral,"{'Angry': 0.00013903967919759452, 'Disgusted': 0.0002638690930325538, 'Fearful': 9.555047290632501e-05, 'Happy': 0.007691884413361549, 'Neutral': 0.9899188280105591, 'Other': 0.00023684310144744813, 'Sad': 0.0004809899255633354, 'Surprised': 6.936663703527302e-05, 'Unknown': 0.00110362668056041}","""And good night."" And they both stand up, and then they make their way out, through the main great hall exit."
LIAM,03:39:02,03:39:03,Neutral,"{'Angry': 0.0014225250342860818, 'Disgusted': 0.00022585569240618497, 'Fearful': 0.0015853621298447251, 'Happy': 0.09647286683320999, 'Neutral': 0.8942556381225586, 'Other': 0.00010069987911265343, 'Sad': 0.003671048441901803, 'Surprised': 0.0021444272715598345, 'Unknown': 0.00012159137986600399}",I'm following.
MATT,03:39:03,03:39:24,Surprised,"{'Angry': 0.00042660877807065845, 'Disgusted': 0.009852594695985317, 'Fearful': 0.002181155141443014, 'Happy': 0.001143993460573256, 'Neutral': 0.030766334384679794, 'Other': 0.033473480492830276, 'Sad': 0.0070261117070913315, 'Surprised': 0.9145818948745728, 'Unknown': 0.0005477684317156672}","Okay. You gather across the ceiling as you go. You watch them head up the stairway to the second floor. They head to the right, down a long hallway, a series of doors. They come up to a door, where there are two guards standing outside. The same guards that led them inside the building, and were riding on horseback."
LAURA,03:39:24,03:39:26,Neutral,"{'Angry': 0.0015131699619814754, 'Disgusted': 0.0003086385258939117, 'Fearful': 9.040747681865469e-05, 'Happy': 0.004195910878479481, 'Neutral': 0.546500027179718, 'Other': 2.822839633154217e-05, 'Sad': 0.0008576621767133474, 'Surprised': 0.44649913907051086, 'Unknown': 6.7911873884440865e-06}",Could I Hunter's Mark him before they go in their bedroom?
MATT,03:39:26,03:39:31,Happy,"{'Angry': 0.024920804426074028, 'Disgusted': 0.00212270044721663, 'Fearful': 0.009297868236899376, 'Happy': 0.8507888317108154, 'Neutral': 0.000639445788692683, 'Other': 0.0008711415575817227, 'Sad': 0.0013531891163438559, 'Surprised': 0.10949666798114777, 'Unknown': 0.0005092870560474694}",Hunter's Mark is technically a minor spell. You could try it.
LAURA,03:39:31,03:39:35,Surprised,"{'Angry': 0.00017357435717713088, 'Disgusted': 0.0013053682632744312, 'Fearful': 0.0014748868998140097, 'Happy': 0.00035244724131189287, 'Neutral': 0.0009906833292916417, 'Other': 0.00020229908113833517, 'Sad': 0.00025537610054016113, 'Surprised': 0.9918769598007202, 'Unknown': 0.0033683152869343758}","I mean they're walking away, when their back is turned, could I do it when they're not paying attention?"
MATT,03:39:35,03:39:42,Neutral,"{'Angry': 0.0010779749136418104, 'Disgusted': 0.004582846071571112, 'Fearful': 0.0014679903397336602, 'Happy': 0.029925063252449036, 'Neutral': 0.8923538327217102, 'Other': 0.004587761126458645, 'Sad': 0.0024360325187444687, 'Surprised': 0.011997012421488762, 'Unknown': 0.05157141387462616}","I'd say, make a stealth check. Trying to do this subtly at the table."
LAURA,03:39:42,03:39:45,Surprised,"{'Angry': 0.02635931596159935, 'Disgusted': 0.032693617045879364, 'Fearful': 0.004953883588314056, 'Happy': 0.2056250274181366, 'Neutral': 0.2382364422082901, 'Other': 0.00474128033965826, 'Sad': 0.09015011042356491, 'Surprised': 0.3940865099430084, 'Unknown': 0.0031538314651697874}",20! (cheers)
MATT,03:39:45,03:39:48,Neutral,"{'Angry': 0.013387206010520458, 'Disgusted': 0.016823384910821915, 'Fearful': 0.009227540343999863, 'Happy': 0.06798093765974045, 'Neutral': 0.4393281936645508, 'Other': 0.005258338060230017, 'Sad': 0.01041371375322342, 'Surprised': 0.40783360600471497, 'Unknown': 0.029747048392891884}",You Hunter's Mark which one?
LAURA,03:39:48,03:39:51,Neutral,"{'Angry': 0.0008219729061238468, 'Disgusted': 0.0038909115828573704, 'Fearful': 0.008583556860685349, 'Happy': 0.02336999587714672, 'Neutral': 0.8742045164108276, 'Other': 0.001396547886542976, 'Sad': 0.009874187409877777, 'Surprised': 0.0002355708129471168, 'Unknown': 0.07762271910905838}",Lord-- no--
SAM,03:39:51,03:39:53,Happy,"{'Angry': 6.896866411310043e-10, 'Disgusted': 3.3661546883223536e-09, 'Fearful': 2.898250084371057e-09, 'Happy': 1.0, 'Neutral': 8.564960296553181e-09, 'Other': 2.964054279797068e-10, 'Sad': 8.404827944730187e-09, 'Surprised': 1.9612897972365317e-09, 'Unknown': 6.96515956022381e-10}",Sylas or Delilah?
LAURA,03:39:53,03:39:54,Happy,"{'Angry': 0.10023286938667297, 'Disgusted': 0.0202341228723526, 'Fearful': 0.17511196434497833, 'Happy': 0.40799081325531006, 'Neutral': 0.07261872291564941, 'Other': 0.00023563778086099774, 'Sad': 0.13901138305664062, 'Surprised': 0.08427157998085022, 'Unknown': 0.000292871700366959}",Delilah.
MATT,03:39:54,03:40:06,Happy,"{'Angry': 2.7894155874008675e-09, 'Disgusted': 2.1612784451008338e-08, 'Fearful': 2.562803746997133e-09, 'Happy': 0.9999997615814209, 'Neutral': 6.43136317535209e-08, 'Other': 8.613011459601694e-08, 'Sad': 2.810067023517604e-08, 'Surprised': 8.323797651144105e-09, 'Unknown': 1.9579077914499976e-08}","Okay, you mark Delilah as she walks off. You have a sense of where she is at all times in the vicinity. As you follow them, they go to the door, the guards open the door for them, and lead them into their room, and then close the door."
LIAM,03:40:06,03:40:14,Surprised,"{'Angry': 0.006109616719186306, 'Disgusted': 0.026937086135149002, 'Fearful': 0.0004338982398621738, 'Happy': 0.09971644729375839, 'Neutral': 0.1041126623749733, 'Other': 0.09243590384721756, 'Sad': 0.0021923386957496405, 'Surprised': 0.6425462365150452, 'Unknown': 0.02551584504544735}","Oh, that fast? All right. How close to the door are the guards? Right up against it?"
MATT,03:40:14,03:40:16,Neutral,"{'Angry': 3.951103680344126e-11, 'Disgusted': 2.494472727335162e-12, 'Fearful': 6.261658400986969e-13, 'Happy': 4.725544955341832e-10, 'Neutral': 1.0, 'Other': 5.638964975843673e-14, 'Sad': 1.7770551696827397e-10, 'Surprised': 1.642913929900125e-11, 'Unknown': 9.348008071828964e-14}","Not against it, but immediately to the right and left of it."
LAURA,03:40:16,03:40:20,Surprised,"{'Angry': 0.0005499472026713192, 'Disgusted': 0.003946591168642044, 'Fearful': 0.005568537395447493, 'Happy': 0.013416227884590626, 'Neutral': 0.004565446637570858, 'Other': 0.0009075661655515432, 'Sad': 0.008516917005181313, 'Surprised': 0.9608137011528015, 'Unknown': 0.001715024933218956}","I don't know what else to do, you guys."
SAM,03:40:20,03:40:34,Neutral,"{'Angry': 0.0009084511548280716, 'Disgusted': 0.0021070768125355244, 'Fearful': 0.00041828540270216763, 'Happy': 0.13851462304592133, 'Neutral': 0.8371467590332031, 'Other': 0.0023401526268571615, 'Sad': 0.008390962146222591, 'Surprised': 0.006287876050919294, 'Unknown': 0.003885784884914756}","Burn their room down. We've got to find Seeker Assam, or whatever his name is."
LIAM,03:40:34,03:40:46,Happy,"{'Angry': 0.00034656529896892607, 'Disgusted': 0.0012472602538764477, 'Fearful': 3.880736403516494e-05, 'Happy': 0.9821125268936157, 'Neutral': 0.013208138756453991, 'Other': 0.0010715899989008904, 'Sad': 0.0001567765575600788, 'Surprised': 0.0008739751647226512, 'Unknown': 0.0009444225579500198}","I yank off my serpent belt and throw it as far as I can. Not as far as I can. 20 feet, and set it in motion, so there's now a snake in the hall, 20 feet in front of these guys."
MATT,03:40:46,03:40:59,Neutral,"{'Angry': 8.492148140248901e-08, 'Disgusted': 2.9827134540028055e-08, 'Fearful': 3.675929116653265e-09, 'Happy': 3.512781745484972e-07, 'Neutral': 0.9999992847442627, 'Other': 3.26573825759624e-08, 'Sad': 6.332472679559942e-08, 'Surprised': 2.094953899245411e-08, 'Unknown': 1.1801716048864819e-08}","All right. You take it, and you throw the snake. Let me check one thing on Invisibility real fast. Just because--"
MARISHA,03:40:59,03:41:02,Neutral,"{'Angry': 3.498498335829936e-05, 'Disgusted': 3.19463069899939e-05, 'Fearful': 3.523950726957992e-05, 'Happy': 5.028040686738677e-05, 'Neutral': 0.999679446220398, 'Other': 4.3209500290686265e-05, 'Sad': 8.394909673370421e-05, 'Surprised': 8.133262781484518e-06, 'Unknown': 3.2869829738046974e-05}","(laughs) Yeah, just, snake flies down the hall--"
ORION,03:41:02,03:41:09,Neutral,"{'Angry': 0.015523108653724194, 'Disgusted': 0.010707973502576351, 'Fearful': 0.010795517824590206, 'Happy': 0.08523595333099365, 'Neutral': 0.7325786352157593, 'Other': 0.006489070598036051, 'Sad': 0.006579134613275528, 'Surprised': 0.00017272621334996074, 'Unknown': 0.1319177895784378}","If he does an action, it dissipates the spell. It's not Greater Invisibility, so he goes uninvisible, when he does something."
MATT,03:41:09,03:41:35,Surprised,"{'Angry': 0.00021761162497568876, 'Disgusted': 0.0004199689137749374, 'Fearful': 0.00019814632833003998, 'Happy': 0.08542828261852264, 'Neutral': 0.0001191147166537121, 'Other': 0.0002911751507781446, 'Sad': 0.00013457068416755646, 'Surprised': 0.9128332734107971, 'Unknown': 0.0003579181502573192}","""Attacks or casts a spell."" It's not either of those. It's activating an item. You take the belt (whoosh), fling it (hissing), the snake appears to the side. One of the guards looks over. Looks over at the other guard, he pulls out his weapon and one of the guards steps over to where the serpent is and starts trying to stomp it out, and it nips up and gets some of the armor, and he's just, stomping out the snake."
LIAM,03:41:35,03:41:36,Neutral,"{'Angry': 2.734431348017097e-07, 'Disgusted': 6.361915882990843e-09, 'Fearful': 3.3083025208213712e-09, 'Happy': 4.0299818238054286e-07, 'Neutral': 0.9999980926513672, 'Other': 3.765119604981493e-10, 'Sad': 3.000276933562418e-07, 'Surprised': 8.611457928964228e-07, 'Unknown': 6.5509225648241465e-12}",So one's 20 feet away now?
MATT,03:41:36,03:41:38,Neutral,"{'Angry': 1.5922767033771379e-06, 'Disgusted': 1.5916344864308485e-06, 'Fearful': 1.2400957984937122e-06, 'Happy': 1.474039163440466e-05, 'Neutral': 0.9999665021896362, 'Other': 1.7786352373150294e-06, 'Sad': 6.667132311122259e-06, 'Surprised': 4.09081792440702e-07, 'Unknown': 5.582595349551411e-06}","About 25 feet away, yeah."
LIAM,03:41:38,03:41:39,Neutral,"{'Angry': 1.2748470908263698e-05, 'Disgusted': 2.7125299311592244e-05, 'Fearful': 1.8863681816583266e-06, 'Happy': 0.0001383840717608109, 'Neutral': 0.9996657371520996, 'Other': 1.9522744878486264e-06, 'Sad': 0.00012540433090180159, 'Surprised': 2.6374518711236306e-05, 'Unknown': 3.674475124171295e-07}","25 feet away, and one guy stayed?"
MATT,03:41:39,03:41:41,Neutral,"{'Angry': 6.324131049950665e-07, 'Disgusted': 3.077638552895223e-07, 'Fearful': 1.6390342238992162e-07, 'Happy': 1.4481624930340331e-05, 'Neutral': 0.9999805688858032, 'Other': 1.4060118758152385e-07, 'Sad': 2.591865268186666e-06, 'Surprised': 5.763628863064696e-08, 'Unknown': 1.0176358955504838e-06}",Yeah.
SAM,03:41:41,03:41:43,Neutral,"{'Angry': 5.63112871532212e-06, 'Disgusted': 3.7833165151823778e-06, 'Fearful': 2.055059439953766e-06, 'Happy': 9.103622869588435e-05, 'Neutral': 0.999875545501709, 'Other': 7.403090762636566e-07, 'Sad': 1.6502044672961347e-05, 'Surprised': 4.0592394725536e-06, 'Unknown': 6.236679723770067e-07}",Kill them.
LIAM,03:41:43,03:41:47,Neutral,"{'Angry': 4.75470551464241e-05, 'Disgusted': 0.0014948751777410507, 'Fearful': 0.0003918343863915652, 'Happy': 0.00011320918565616012, 'Neutral': 0.9891001582145691, 'Other': 0.0019250343320891261, 'Sad': 0.006106840446591377, 'Surprised': 9.351764674647711e-06, 'Unknown': 0.0008110407507047057}","I drop, and I'm going to bean him on the head, like his name is Kynan."
MATT,03:41:47,03:41:55,Neutral,"{'Angry': 5.686146687367e-05, 'Disgusted': 6.749085878254846e-05, 'Fearful': 1.872320717666298e-05, 'Happy': 0.00043996309977956116, 'Neutral': 0.9990173578262329, 'Other': 4.9768910685088485e-05, 'Sad': 0.00017643871251493692, 'Surprised': 2.3887174393166788e-05, 'Unknown': 0.00014947021554689854}","Okay! All right. As you leap off the top, you (whoosh) land on the ground. Go ahead and roll an attack."
LIAM,03:41:55,03:41:59,Neutral,"{'Angry': 0.0057525066658854485, 'Disgusted': 0.0018790590111166239, 'Fearful': 0.0006530854152515531, 'Happy': 0.04841256141662598, 'Neutral': 0.9252493977546692, 'Other': 0.0012117079459130764, 'Sad': 0.002299111569300294, 'Surprised': 7.495326281059533e-05, 'Unknown': 0.014467579312622547}","Okay. ""Advantage on attack rolls against any creature that hasn't taken a turn in combat yet."""
MATT,03:41:59,03:42:01,Happy,"{'Angry': 7.144550181692466e-06, 'Disgusted': 1.4181546248437371e-05, 'Fearful': 2.278479996675742e-06, 'Happy': 0.997531533241272, 'Neutral': 0.0023408127017319202, 'Other': 7.694347914366517e-07, 'Sad': 9.350444452138618e-05, 'Surprised': 9.101169780478813e-06, 'Unknown': 5.759657710768806e-07}","And he is surprised, because he does not know you're there."
LIAM,03:42:01,03:42:15,Neutral,"{'Angry': 0.0002270780096296221, 'Disgusted': 0.00013891702110413462, 'Fearful': 6.828885034337873e-06, 'Happy': 0.0031338140834122896, 'Neutral': 0.9963749051094055, 'Other': 7.13395911589032e-06, 'Sad': 1.4082829693506937e-05, 'Surprised': 9.4781702500768e-05, 'Unknown': 2.4265109459520318e-06}","And I'm invisible, so that's an 18. That is 29 to hit. Using the blunt end! I just want to knock him out."
MATT,03:42:15,03:42:18,Neutral,"{'Angry': 0.00043148433906026185, 'Disgusted': 0.00043150095734745264, 'Fearful': 0.0003093101258855313, 'Happy': 0.0017077216180041432, 'Neutral': 0.9924991726875305, 'Other': 0.00021445607126224786, 'Sad': 0.0013812239049002528, 'Surprised': 0.00251085520721972, 'Unknown': 0.0005142790614627302}","Right, okay. Go ahead and roll sneak attack damage."
LIAM,03:42:18,03:42:44,Neutral,"{'Angry': 6.105155964108988e-11, 'Disgusted': 1.3985926999859899e-11, 'Fearful': 4.8235157187881406e-12, 'Happy': 7.53757112281761e-10, 'Neutral': 1.0, 'Other': 1.7556934638757182e-12, 'Sad': 3.147225535737874e-10, 'Surprised': 6.378847450250191e-11, 'Unknown': 2.5598256153669396e-12}","Doubled. 12, 17, 23, 24, 26, so 52. Plus-- No, I mean, if I am as skilled a rogue as I am, how could I not just want to knock somebody out, and not unintentionally-- ten. On top of the 52."
MATT,03:42:44,03:42:54,Neutral,"{'Angry': 0.0014485561987385154, 'Disgusted': 0.0036594250705093145, 'Fearful': 0.000476948160212487, 'Happy': 0.030483592301607132, 'Neutral': 0.9331631660461426, 'Other': 0.004417638294398785, 'Sad': 0.0025315938983112574, 'Surprised': 0.0008443247061222792, 'Unknown': 0.02297482080757618}","62 damage will do it. You (whack) right to the side of the helmet, with a dull (thud) sound. Just falls like a sack of potatoes right against the wall."
LIAM,03:42:54,03:42:56,Neutral,"{'Angry': 1.4451544529947569e-06, 'Disgusted': 2.0346385554148583e-06, 'Fearful': 1.923840272866073e-06, 'Happy': 1.3279372979013715e-05, 'Neutral': 0.9999560117721558, 'Other': 1.8125813312508399e-06, 'Sad': 1.1793629710155074e-05, 'Surprised': 1.8809768675964733e-07, 'Unknown': 1.1496131264721043e-05}",Hand on the door. Is it locked?
MATT,03:42:56,03:43:07,Happy,"{'Angry': 1.4158477824821603e-05, 'Disgusted': 0.00018363514391239733, 'Fearful': 7.71804916439578e-05, 'Happy': 0.9849381446838379, 'Neutral': 0.009533137083053589, 'Other': 0.00021528724755626172, 'Sad': 0.00035400904016569257, 'Surprised': 8.01966689323308e-06, 'Unknown': 0.00467645050957799}","The door is currently not locked. You can see the guard you just knocked out, had the key in his hand and was in the process of going to lock the door right when that happened."
LIAM,03:43:07,03:43:15,Happy,"{'Angry': 0.0006411580834537745, 'Disgusted': 0.003082995768636465, 'Fearful': 0.0019855881109833717, 'Happy': 0.9248027205467224, 'Neutral': 0.050430603325366974, 'Other': 0.0016442409250885248, 'Sad': 0.010492782108485699, 'Surprised': 0.0005901720141991973, 'Unknown': 0.006329786032438278}","Okay, so I flip my hood over my head, and I quietly go in the door."
SAM,03:43:15,03:43:17,Neutral,"{'Angry': 0.020891491323709488, 'Disgusted': 0.02050650306046009, 'Fearful': 0.0012830158229917288, 'Happy': 0.3781595826148987, 'Neutral': 0.5654476284980774, 'Other': 0.0009757190127857029, 'Sad': 0.002752208849415183, 'Surprised': 0.0026888088323175907, 'Unknown': 0.007294996175915003}","Oh wait, you're not invisible anymore."
LIAM,03:43:17,03:43:19,Neutral,"{'Angry': 6.911051855240657e-07, 'Disgusted': 1.7837874111137353e-06, 'Fearful': 2.6366677730038646e-07, 'Happy': 5.066058292868547e-06, 'Neutral': 0.9999874830245972, 'Other': 5.832156944052258e-07, 'Sad': 3.2528660085517913e-06, 'Surprised': 4.705095761892153e-07, 'Unknown': 4.423106361173268e-07}","Yeah, I know."
MATT,03:43:19,03:44:35,Happy,"{'Angry': 1.217587760038441e-05, 'Disgusted': 7.209976320154965e-05, 'Fearful': 7.111306331353262e-05, 'Happy': 0.9959831237792969, 'Neutral': 1.6069583580247127e-05, 'Other': 0.0023999891709536314, 'Sad': 7.826019282219931e-05, 'Surprised': 0.0012674258323386312, 'Unknown': 9.970815881388262e-05}","Okay. So. (creak) You open the door and enter the room, closing it behind you. As soon as you enter the room, it's a large guest room. There are two windows across the way with curtains drawn to the side. You can see the darkness of the night sky behind that, and the rest of the low-lit Cloudtop District visible, and the courtyard surrounding the palace. Immediately to the right and left of you, you see two large tables that are covered in black cloths, that are just, tables to be, you know, vases and stuff set up on them. One's clean, one has actual decor on it. There are two wooden tables immediately to the right and left of you. There's a large red rug, central to the floor, that is circular, and on the far corners next to the two windows you see armoires, like dressers, for clothing and such. In the center of the room, you see, on top of the rug, against the wall between the two windows is a large canopy bed, very beautifully carved from dark wood, has a purple cloth silk canopy that drifts down around it. And on the far end, you can see now, against one of the tables, is Lady Briarwood is currently taking jewelry off of one of her arms while Lord Briarwood is right by the bed, holding on to the post, like he's just walked over to that area."
LIAM,03:44:35,03:44:36,Neutral,"{'Angry': 0.00019027745292987674, 'Disgusted': 1.3201525689510163e-05, 'Fearful': 2.4635357931401813e-06, 'Happy': 0.00022623541008215398, 'Neutral': 0.9989608526229858, 'Other': 2.0681404748756904e-06, 'Sad': 0.0005892991903237998, 'Surprised': 1.5443129086634144e-05, 'Unknown': 1.0142861128770164e-07}",They're both at the bed?
MATT,03:44:36,03:44:37,Neutral,"{'Angry': 0.004502487368881702, 'Disgusted': 0.00010984615801135078, 'Fearful': 3.8980717363301665e-05, 'Happy': 0.0014651197707280517, 'Neutral': 0.9846020936965942, 'Other': 7.458437903551385e-05, 'Sad': 0.009024413302540779, 'Surprised': 0.00018207340326625854, 'Unknown': 4.2540600020402053e-07}",They're both at the bed.
LIAM,03:44:37,03:44:41,Neutral,"{'Angry': 1.2966566709238236e-10, 'Disgusted': 1.9033325263095868e-11, 'Fearful': 4.535839585873003e-12, 'Happy': 9.935461481314078e-11, 'Neutral': 1.0, 'Other': 7.835190829474925e-13, 'Sad': 6.471422842047048e-10, 'Surprised': 1.3306379609279162e-10, 'Unknown': 4.601452140325091e-13}",I got a 25 for stealth and it didn't work?
MATT,03:44:41,03:44:43,Neutral,"{'Angry': 0.0003370524209458381, 'Disgusted': 0.0036792377941310406, 'Fearful': 6.019221473252401e-05, 'Happy': 0.005583676975220442, 'Neutral': 0.7153977155685425, 'Other': 0.0073708342388272285, 'Sad': 0.0013316982658579946, 'Surprised': 0.26563364267349243, 'Unknown': 0.0006059293518774211}",They're both looking in your direction.
LIAM,03:44:43,03:44:58,Neutral,"{'Angry': 0.0028246501460671425, 'Disgusted': 0.022189246490597725, 'Fearful': 0.019998248666524887, 'Happy': 0.07748190313577652, 'Neutral': 0.47060850262641907, 'Other': 0.30092865228652954, 'Sad': 0.05524856597185135, 'Surprised': 0.04381838068366051, 'Unknown': 0.006901767570525408}","All right. Oh, sorry. Sorry, I heard a noise in here. I work for the city. I apologize. That was really stupid. As you were. I walk out."
MATT,03:44:58,03:45:00,Neutral,"{'Angry': 2.1397280391965978e-08, 'Disgusted': 2.0770661635083343e-08, 'Fearful': 5.623961296663538e-09, 'Happy': 1.6790122003840224e-07, 'Neutral': 0.9999996423721313, 'Other': 3.03780245403118e-09, 'Sad': 8.287349828606239e-08, 'Surprised': 8.36776337109768e-09, 'Unknown': 1.0994058108337867e-08}",Make a deception check.
LIAM,03:45:00,03:45:06,Neutral,"{'Angry': 4.539081419352442e-05, 'Disgusted': 0.0001026839527185075, 'Fearful': 5.978265835437924e-05, 'Happy': 0.0026672561652958393, 'Neutral': 0.9954702854156494, 'Other': 5.7016732171177864e-05, 'Sad': 0.0011347964173182845, 'Surprised': 1.97960325749591e-05, 'Unknown': 0.0004430415283422917}","I'll use my last Luck of the day. Didn't do it; same thing. Nine, 11."
MATT,03:45:06,03:45:08,Neutral,"{'Angry': 4.0409733628621325e-05, 'Disgusted': 1.5944946426316164e-05, 'Fearful': 5.8271511989005376e-06, 'Happy': 0.028356576338410378, 'Neutral': 0.9710373282432556, 'Other': 1.5642635844415054e-06, 'Sad': 0.000522463524248451, 'Surprised': 1.925438118632883e-05, 'Unknown': 5.678537036146736e-07}",11?
LIAM,03:45:08,03:45:09,Neutral,"{'Angry': 2.5896568223160443e-10, 'Disgusted': 3.8020010750816624e-11, 'Fearful': 3.528394156709913e-12, 'Happy': 3.578431106987523e-09, 'Neutral': 1.0, 'Other': 2.333123061068476e-12, 'Sad': 1.1053075121836287e-09, 'Surprised': 9.313975979363676e-11, 'Unknown': 5.229549432383962e-12}",Yeah.
MATT,03:45:09,03:45:30,Neutral,"{'Angry': 1.874296495785188e-09, 'Disgusted': 1.045365669027909e-10, 'Fearful': 1.5186319216042854e-11, 'Happy': 6.792866429350397e-07, 'Neutral': 0.9999992847442627, 'Other': 4.869305913340893e-12, 'Sad': 5.006319803158021e-09, 'Surprised': 4.759655780617322e-09, 'Unknown': 7.299370309576947e-12}","Lord Briarwood goes, ""Oh, well, that's all right. Not to worry, in no serious rush. Isn't that right, my dear?"" And she looks over, she stops taking her jewelry off and turns. ""Yes, yes, of course. As you, a man who works for the city."""
LIAM,03:45:30,03:45:32,Sad,"{'Angry': 3.827150067081675e-06, 'Disgusted': 6.985885192989372e-06, 'Fearful': 1.3726518773182761e-05, 'Happy': 1.2135164979554247e-05, 'Neutral': 0.11477693915367126, 'Other': 2.054330479950295e-06, 'Sad': 0.8851802349090576, 'Surprised': 7.606708436469489e-07, 'Unknown': 3.2880871003726497e-06}",Yes ma'am.
MATT,03:45:32,03:45:34,Neutral,"{'Angry': 4.977111345283447e-08, 'Disgusted': 6.294179399901623e-08, 'Fearful': 9.667544098590497e-09, 'Happy': 4.3972625007882016e-07, 'Neutral': 0.9999991655349731, 'Other': 1.3615413685386102e-08, 'Sad': 1.5086729376889707e-07, 'Surprised': 1.5853041546165514e-08, 'Unknown': 1.3504040907719173e-07}","""What do you do for the city, if I may ask?"""
LIAM,03:45:34,03:45:48,Happy,"{'Angry': 2.0574488246438705e-07, 'Disgusted': 6.23088340034883e-07, 'Fearful': 1.3791839592158794e-05, 'Happy': 0.9999384880065918, 'Neutral': 1.1072028627268082e-07, 'Other': 3.864462996716611e-05, 'Sad': 6.394617685145931e-06, 'Surprised': 1.3659575870406115e-06, 'Unknown': 4.351376219347003e-07}","Oh, I'm a guard. I mean, there's not really a name for what I do. I work for Uriel, I just-- I'm security, ma'am, and I thought I heard a noise in here. And I heard a body fall, I thought-- sounded like a body fell."
MATT,03:45:48,03:45:51,Neutral,"{'Angry': 1.8412368851805638e-11, 'Disgusted': 1.6218630171510595e-12, 'Fearful': 5.025044508104315e-13, 'Happy': 8.27457755092631e-11, 'Neutral': 1.0, 'Other': 2.6153856641161766e-13, 'Sad': 7.057131962140417e-11, 'Surprised': 5.556769454295729e-12, 'Unknown': 8.615292181914092e-13}",They both step a little bit closer. Looking at you--
LIAM,03:45:51,03:45:57,Happy,"{'Angry': 0.0005552581860683858, 'Disgusted': 0.0025431590620428324, 'Fearful': 0.0011118596885353327, 'Happy': 0.5682827234268188, 'Neutral': 0.4072098731994629, 'Other': 0.0017069516470655799, 'Sad': 0.00694791367277503, 'Surprised': 0.0008122388389892876, 'Unknown': 0.01083001121878624}","I'm backing up as I'm talking, I'm right at the door! I didn't shut it behind me, I just cracked it open."
MATT,03:45:57,03:46:08,Neutral,"{'Angry': 5.257565476313175e-07, 'Disgusted': 3.8205487840059504e-07, 'Fearful': 1.6599369700998068e-07, 'Happy': 2.6112174964509904e-06, 'Neutral': 0.9999940395355225, 'Other': 2.0836664305079466e-07, 'Sad': 1.5653899936296511e-06, 'Surprised': 1.0695131180682438e-07, 'Unknown': 2.6865694735533907e-07}","Right. Lady Briarwood goes, ""You look strangely similar to a gentleman we just had dinner with."""
LIAM,03:46:08,03:46:10,Neutral,"{'Angry': 0.007185500580817461, 'Disgusted': 0.008027859963476658, 'Fearful': 0.010578847490251064, 'Happy': 0.07992260158061981, 'Neutral': 0.7795467376708984, 'Other': 0.0018570049433037639, 'Sad': 0.08225879818201065, 'Surprised': 0.004727876279503107, 'Unknown': 0.025894783437252045}",That's crazy!
MATT,03:46:10,03:46:17,Surprised,"{'Angry': 0.00016599900845903903, 'Disgusted': 2.6062998585985042e-05, 'Fearful': 1.293605146202026e-05, 'Happy': 0.0008220247691497207, 'Neutral': 1.8826869563781656e-05, 'Other': 3.373367235326441e-06, 'Sad': 3.4892561870947247e-06, 'Surprised': 0.9989388585090637, 'Unknown': 8.50380638439674e-06}","""It's uncanny how similar you look."""
LIAM,03:46:17,03:46:18,Angry,"{'Angry': 0.8819152116775513, 'Disgusted': 0.0036450959742069244, 'Fearful': 0.0029651650693267584, 'Happy': 0.02110018953680992, 'Neutral': 0.08327365666627884, 'Other': 5.7550190831534564e-05, 'Sad': 0.004076231271028519, 'Surprised': 0.0027927441988140345, 'Unknown': 0.00017424789257347584}",Yep.
MATT,03:46:18,03:46:22,Fearful,"{'Angry': 0.0016620910027995706, 'Disgusted': 0.0002959705889225006, 'Fearful': 0.7388681769371033, 'Happy': 0.001962695037946105, 'Neutral': 7.381256727967411e-05, 'Other': 0.25315555930137634, 'Sad': 0.003201098181307316, 'Surprised': 0.0004611441108863801, 'Unknown': 0.0003194713208358735}",(arcane chanting)
LIAM,03:46:22,03:46:23,Neutral,"{'Angry': 0.002258727326989174, 'Disgusted': 0.0017369067063555121, 'Fearful': 0.0017961269477382302, 'Happy': 0.001847076346166432, 'Neutral': 0.9363312721252441, 'Other': 2.006628164963331e-05, 'Sad': 0.004102693870663643, 'Surprised': 0.05189311504364014, 'Unknown': 1.4006932360643987e-05}",And I run!
MATT,03:46:23,03:46:28,Happy,"{'Angry': 0.00726670166477561, 'Disgusted': 0.0022761474829167128, 'Fearful': 0.021543309092521667, 'Happy': 0.6496418118476868, 'Neutral': 0.009089641273021698, 'Other': 0.022805307060480118, 'Sad': 0.24792546033859253, 'Surprised': 0.004073043819516897, 'Unknown': 0.035378597676754}","You get to make a wisdom save, is what you do."
SAM,03:46:28,03:46:31,Happy,"{'Angry': 0.00045257722376845777, 'Disgusted': 0.0002790568396449089, 'Fearful': 0.00010490815475350246, 'Happy': 0.6376864910125732, 'Neutral': 0.358274906873703, 'Other': 0.0005177800194360316, 'Sad': 0.00021525623742491007, 'Surprised': 7.888416439527646e-05, 'Unknown': 0.002390111330896616}",Jenga!
LIAM,03:46:31,03:46:33,Neutral,"{'Angry': 0.028721420094370842, 'Disgusted': 0.00469408743083477, 'Fearful': 0.0019215937936678529, 'Happy': 0.33136001229286194, 'Neutral': 0.5627962946891785, 'Other': 0.012110327370464802, 'Sad': 0.0021462361328303814, 'Surprised': 0.0004908983828499913, 'Unknown': 0.05575913190841675}",Not good. It's an eight.
MATT,03:46:33,03:46:41,Happy,"{'Angry': 1.2219480822750484e-06, 'Disgusted': 5.497196070791688e-06, 'Fearful': 1.1035758689104114e-06, 'Happy': 0.9999240636825562, 'Neutral': 3.42811799782794e-05, 'Other': 2.637339321154286e-06, 'Sad': 2.0310144464019686e-06, 'Surprised': 2.8183353606436867e-06, 'Unknown': 2.6343768695369363e-05}","You turn to move and your muscles (crunching) tense up, as you're unable to physically move."
LIAM,03:46:41,03:46:44,Unknown,"{'Angry': 0.38820865750312805, 'Disgusted': 0.0119619807228446, 'Fearful': 0.00430016964673996, 'Happy': 0.1578236073255539, 'Neutral': 0.01676037348806858, 'Other': 0.009594366885721684, 'Sad': 0.0007472456782124937, 'Surprised': 0.0009178696782328188, 'Unknown': 0.40968579053878784}","This is awkward, ma'am, I'm just trying to do my job."
MATT,03:46:44,03:47:23,Happy,"{'Angry': 0.0002809202123899013, 'Disgusted': 0.002070436719805002, 'Fearful': 0.04083433002233505, 'Happy': 0.7220272421836853, 'Neutral': 0.0013205127324908972, 'Other': 0.007768007926642895, 'Sad': 0.06356342881917953, 'Surprised': 0.160729318857193, 'Unknown': 0.001405825954861939}","You're halfway through the doorway, stuck in place, as she keeps walking forward now, giving you a curious look. Lord Briarwood comes and flanks you from the other side. (clicks tongue) ""You try and flee. I'm merely asking you questions. Come, let us discuss in more private quarters."" And you feel the hand of Lord Briarwood slam onto your other shoulder. ""Don't worry. You look delicious."" And he pulls you into the room as she closes the door behind, and that's where we're going to end tonight's session. (screaming)"
SAM,03:47:23,03:47:26,Neutral,"{'Angry': 0.04590645432472229, 'Disgusted': 0.018223635852336884, 'Fearful': 0.081764355301857, 'Happy': 0.04628010839223862, 'Neutral': 0.6972400546073914, 'Other': 3.262420796090737e-05, 'Sad': 0.02778620831668377, 'Surprised': 0.08260718733072281, 'Unknown': 0.00015935327974148095}",Jenga! We had a safe word for a reason!
LIAM,03:47:26,03:47:29,Neutral,"{'Angry': 0.0003716162173077464, 'Disgusted': 0.00014063980779610574, 'Fearful': 5.800423969049007e-05, 'Happy': 0.0025163430254906416, 'Neutral': 0.9960338473320007, 'Other': 0.00012888319906778634, 'Sad': 0.0001372001424897462, 'Surprised': 6.253540504985722e-06, 'Unknown': 0.0006072079413570464}",That's cool.
TRAVIS,03:47:29,03:47:32,Happy,"{'Angry': 0.005919917020946741, 'Disgusted': 0.003291288623586297, 'Fearful': 0.0016217564698308706, 'Happy': 0.5288687348365784, 'Neutral': 0.43152543902397156, 'Other': 0.003686249256134033, 'Sad': 0.0038326799403876066, 'Surprised': 0.0008198561845347285, 'Unknown': 0.020434025675058365}",Hashtag Save Vax!
MARISHA,03:47:32,03:47:36,Neutral,"{'Angry': 0.0024642019998282194, 'Disgusted': 0.00354482838883996, 'Fearful': 0.00107891159132123, 'Happy': 0.032925255596637726, 'Neutral': 0.9289045333862305, 'Other': 0.0015738904476165771, 'Sad': 0.0022924356162548065, 'Surprised': 0.004496080335229635, 'Unknown': 0.022719919681549072}","Dude, I think they're into some weird shit."
MATT,03:47:36,03:47:42,Happy,"{'Angry': 2.2128350707362188e-08, 'Disgusted': 4.4188990244720117e-08, 'Fearful': 1.5860128144140617e-07, 'Happy': 0.9999994039535522, 'Neutral': 9.739857809165642e-09, 'Other': 8.910345883350601e-08, 'Sad': 2.0769320485669596e-07, 'Surprised': 9.405171397247614e-08, 'Unknown': 1.0135985384351898e-08}","That was a very slow tension building episode that turned very interesting at the end. How you doing, Taliesin?!"
TALIESIN,03:47:42,03:47:45,Neutral,"{'Angry': 0.0001490273280069232, 'Disgusted': 0.000435819587437436, 'Fearful': 3.345107643326628e-06, 'Happy': 0.01387739647179842, 'Neutral': 0.9853600859642029, 'Other': 5.8965146308764815e-05, 'Sad': 2.022007538471371e-05, 'Surprised': 3.240571095375344e-05, 'Unknown': 6.258624489419162e-05}",(yells and groans)
LAURA,03:47:45,03:47:48,Happy,"{'Angry': 3.270420378953531e-08, 'Disgusted': 3.0588449106971893e-08, 'Fearful': 8.735166368012415e-09, 'Happy': 0.9999994039535522, 'Neutral': 4.5045737806503894e-07, 'Other': 3.1772797726148383e-09, 'Sad': 9.540480760961145e-08, 'Surprised': 1.3237480445127403e-08, 'Unknown': 6.802617580348169e-09}",They're so evil!
MARISHA,03:47:48,03:47:50,Happy,"{'Angry': 0.0007323167519643903, 'Disgusted': 0.000756600929889828, 'Fearful': 0.00033475313102826476, 'Happy': 0.9562225937843323, 'Neutral': 0.03918691724538803, 'Other': 7.21875112503767e-05, 'Sad': 0.0003152972785755992, 'Surprised': 0.0002986706967931241, 'Unknown': 0.002080620964989066}","They're creeping me out, man."
TALIESIN,03:47:50,03:47:53,Happy,"{'Angry': 2.4368919326889227e-08, 'Disgusted': 4.116015972499554e-08, 'Fearful': 1.3045092828178895e-07, 'Happy': 0.9999995231628418, 'Neutral': 2.3161536688576234e-08, 'Other': 2.293443834844311e-08, 'Sad': 4.74707562148069e-08, 'Surprised': 7.011307445736747e-08, 'Unknown': 7.875838647919409e-09}",You're making it so much worse than I ever imagined.
LAURA,03:47:53,03:47:58,Neutral,"{'Angry': 0.08735217899084091, 'Disgusted': 0.007108324207365513, 'Fearful': 0.0012060668086633086, 'Happy': 0.1002645492553711, 'Neutral': 0.7221434712409973, 'Other': 0.016975775361061096, 'Sad': 0.003083667252212763, 'Surprised': 0.00040727181476540864, 'Unknown': 0.061458732932806015}",They're totally vampires.
MARISHA,03:47:58,03:48:00,Happy,"{'Angry': 0.03749620169401169, 'Disgusted': 0.0033333520404994488, 'Fearful': 0.010966690257191658, 'Happy': 0.7608364224433899, 'Neutral': 0.013347230851650238, 'Other': 0.15458865463733673, 'Sad': 0.0022154368925839663, 'Surprised': 0.0033340102527290583, 'Unknown': 0.013882067054510117}",Now we're going to have to rescue Vax.
TALIESIN,03:48:00,03:48:04,Neutral,"{'Angry': 9.79038873083482e-07, 'Disgusted': 6.95681421802874e-07, 'Fearful': 5.508675258170115e-07, 'Happy': 4.98165218232316e-06, 'Neutral': 0.999985933303833, 'Other': 1.0123138736162218e-06, 'Sad': 8.860480988914787e-07, 'Surprised': 3.647596358291594e-08, 'Unknown': 4.982768587069586e-06}","I swear if the Briarwoods are responsible for a party kill, I'm going to feel like such an asshole."
MATT,03:48:04,03:48:09,Happy,"{'Angry': 1.4303186617325991e-06, 'Disgusted': 3.651035967777716e-06, 'Fearful': 1.0805254078150028e-06, 'Happy': 0.9997021555900574, 'Neutral': 0.00022589624859392643, 'Other': 2.8390591069182847e-06, 'Sad': 1.5400843039969914e-05, 'Surprised': 1.5603944802933256e-07, 'Unknown': 4.7482881200267e-05}","(laughs) That'd be rough. Well, cool. We'll all be picking up that next week on Thursday."
MARISHA,03:48:09,03:48:13,Happy,"{'Angry': 0.0004370477399788797, 'Disgusted': 0.06063281372189522, 'Fearful': 0.00467723747715354, 'Happy': 0.5382297039031982, 'Neutral': 0.006203765980899334, 'Other': 0.009363735094666481, 'Sad': 0.004083677660673857, 'Surprised': 0.005001193378120661, 'Unknown': 0.3713708519935608}","Oh, please, like you haven't rushed into a situation before, Orion?"
ORION,03:48:13,03:48:16,Neutral,"{'Angry': 0.0006283108377829194, 'Disgusted': 5.0768256187438965e-05, 'Fearful': 2.7817888621939346e-05, 'Happy': 0.00020869764557573944, 'Neutral': 0.9987101554870605, 'Other': 6.004017996019684e-05, 'Sad': 8.322631765622646e-05, 'Surprised': 4.895392521575559e-06, 'Unknown': 0.0002259735920233652}",No! I never have. I can actually say that.
LIAM,03:48:16,03:48:18,Happy,"{'Angry': 2.0624713670258643e-07, 'Disgusted': 1.4782114021727466e-06, 'Fearful': 2.9362106488406425e-06, 'Happy': 0.9999247789382935, 'Neutral': 4.248070763424039e-05, 'Other': 9.26128564060491e-07, 'Sad': 2.240123194496846e-06, 'Surprised': 1.9035253728816315e-07, 'Unknown': 2.475888868502807e-05}",Like attacking an inanimate door?
MARISHA,03:48:18,03:48:23,Neutral,"{'Angry': 8.275580199411381e-13, 'Disgusted': 2.7907928043719755e-14, 'Fearful': 7.121616698321873e-15, 'Happy': 9.315351224767343e-13, 'Neutral': 1.0, 'Other': 2.7410754855548792e-15, 'Sad': 2.652578460701771e-12, 'Surprised': 2.3751031523466803e-13, 'Unknown': 1.9466900828954067e-14}","Yeah! Or, or launching a Fireball in the middle of a wood house?"
TALIESIN,03:48:23,03:48:26,Happy,"{'Angry': 0.004843488801270723, 'Disgusted': 0.0014354034792631865, 'Fearful': 0.0007549191941507161, 'Happy': 0.7277376055717468, 'Neutral': 0.24143508076667786, 'Other': 0.00048275807057507336, 'Sad': 0.010541979223489761, 'Surprised': 0.012479899451136589, 'Unknown': 0.00028882556944154203}",Trying to convince an entire army of illithid to follow you?
MARISHA,03:48:26,03:48:29,Happy,"{'Angry': 9.171888248893367e-10, 'Disgusted': 4.700547950875489e-09, 'Fearful': 1.842116681416428e-09, 'Happy': 0.9999998807907104, 'Neutral': 5.627238408578705e-08, 'Other': 2.9310867621923364e-10, 'Sad': 7.874338514568535e-09, 'Surprised': 5.119111246010277e-10, 'Unknown': 9.003485956782242e-09}",Yeah! Rushing off to Draconia to buy a Bag of Holding.
SAM,03:48:29,03:48:34,Neutral,"{'Angry': 0.008425571955740452, 'Disgusted': 0.010555766522884369, 'Fearful': 7.813818228896707e-05, 'Happy': 0.0006032151868566871, 'Neutral': 0.9531376361846924, 'Other': 2.246189978905022e-05, 'Sad': 0.0270997304469347, 'Surprised': 5.9462654462549835e-05, 'Unknown': 1.797745790099725e-05}","Or just today, running off to the, to the sigil!"
ORION,03:48:34,03:48:42,Neutral,"{'Angry': 0.0003728482115548104, 'Disgusted': 0.0013312512310221791, 'Fearful': 4.908090704702772e-05, 'Happy': 0.0018340798560529947, 'Neutral': 0.9927549958229065, 'Other': 0.001719071064144373, 'Sad': 0.0009096270659938455, 'Surprised': 0.00018926749180536717, 'Unknown': 0.0008397329947911203}","Never put myself in danger except for the illithid. Never put myself in danger. The fire thing. Now granted, I didn't know how Fireball worked at the time."
LIAM,03:48:42,03:48:45,Neutral,"{'Angry': 2.2135306210202543e-07, 'Disgusted': 5.48032346614491e-07, 'Fearful': 5.142309760231001e-07, 'Happy': 5.989822398078104e-07, 'Neutral': 0.999992847442627, 'Other': 5.074984983366448e-07, 'Sad': 3.187278935001814e-06, 'Surprised': 2.481646887986244e-08, 'Unknown': 1.5339604715336463e-06}",I'm sorry you're such a nervous fellow!
ORION,03:48:45,03:48:48,Happy,"{'Angry': 2.017343661009363e-07, 'Disgusted': 3.779108794788044e-07, 'Fearful': 8.951395358280934e-08, 'Happy': 0.9999953508377075, 'Neutral': 1.820804413910082e-06, 'Other': 1.3500269346877758e-07, 'Sad': 1.2199966192838474e-07, 'Surprised': 7.459852469082762e-08, 'Unknown': 1.7917602690431522e-06}",I'm just saying!
LAURA,03:48:48,03:48:51,Neutral,"{'Angry': 1.5383859135909006e-05, 'Disgusted': 0.00011277994781266898, 'Fearful': 6.586827657883987e-05, 'Happy': 0.004833024460822344, 'Neutral': 0.9933064579963684, 'Other': 4.3570584239205346e-05, 'Sad': 0.0007031884742900729, 'Surprised': 7.996704880497418e-06, 'Unknown': 0.0009117369772866368}","Oh hey, what's going on?"
LIAM,03:48:51,03:48:56,Neutral,"{'Angry': 0.0014554838417097926, 'Disgusted': 0.00013712013605982065, 'Fearful': 1.256470295629697e-05, 'Happy': 0.0038920408114790916, 'Neutral': 0.994070827960968, 'Other': 0.00014888524310663342, 'Sad': 0.00010530586587265134, 'Surprised': 1.563405749038793e-05, 'Unknown': 0.00016204723215196282}","Come on, how am I going to play my second character unless I die now?"
TALIESIN,03:48:56,03:49:00,Neutral,"{'Angry': 0.00029327988158911467, 'Disgusted': 0.0008222431060858071, 'Fearful': 0.0008236644207499921, 'Happy': 0.007188860792666674, 'Neutral': 0.9733349084854126, 'Other': 0.0006348937167786062, 'Sad': 0.0020331020932644606, 'Surprised': 2.1362209736253135e-05, 'Unknown': 0.01484761480242014}",Or you could become a vampire! You can be a vampire half-elf.
MATT,03:49:00,03:49:08,Neutral,"{'Angry': 4.565310735243737e-14, 'Disgusted': 1.7212860394224465e-15, 'Fearful': 2.7375318702804817e-16, 'Happy': 5.949768808058767e-14, 'Neutral': 1.0, 'Other': 4.2207037662795027e-16, 'Sad': 1.4181955306294403e-13, 'Surprised': 2.8537176961773714e-14, 'Unknown': 1.196172410695116e-15}","All right guys, so! We got a lot of awesome donations tonight. Let's go ahead and rock through those."
LIAM,03:49:08,03:49:09,Neutral,"{'Angry': 4.113190243515419e-06, 'Disgusted': 5.032991339248838e-06, 'Fearful': 5.09198116560583e-07, 'Happy': 0.0002019957610173151, 'Neutral': 0.9997628331184387, 'Other': 3.001213713105244e-07, 'Sad': 2.321720967302099e-05, 'Surprised': 1.8155006955566932e-06, 'Unknown': 1.4661870295640256e-07}",I regret nothing.
MATT,03:49:09,03:49:13,Neutral,"{'Angry': 2.2056818177462745e-11, 'Disgusted': 1.7262401360781943e-12, 'Fearful': 4.801703739482077e-13, 'Happy': 3.155273542443382e-10, 'Neutral': 1.0, 'Other': 1.0514377861208998e-13, 'Sad': 2.034937635064793e-10, 'Surprised': 6.048279498765963e-12, 'Unknown': 3.871546366916029e-13}",As you shouldn't! That got really interesting really fast.
