speaker,start_time,end_time,emotion,scores,text
MATT,00:00:00,00:01:28,Neutral,"{'Angry': 1.6344557707270724e-06, 'Disgusted': 2.90690218207601e-06, 'Fearful': 3.3756768402781745e-07, 'Happy': 0.0003220966027583927, 'Neutral': 0.9995937943458557, 'Other': 5.4931140766711906e-05, 'Sad': 1.285613780055428e-05, 'Surprised': 9.736043438124398e-08, 'Unknown': 1.1359175005054567e-05}","Hello, and welcome to this evening's episode of Critical Role! We'll be with you in just a second. Unfortunately we're down a Travis Willingham tonight, but in Grog's stead we have the rest of the party venturing forth into the Emberhold after just recently discovering Lady Kima. We shall see what happens very shortly, but in the meantime, let's go ahead and give you guys some character backstory. [dramatic music]"
ASHLEY,00:01:28,00:03:29,Sad,"{'Angry': 0.002215408720076084, 'Disgusted': 0.0016195111675187945, 'Fearful': 0.042427774518728256, 'Happy': 0.4158422648906708, 'Neutral': 0.008933165110647678, 'Other': 0.000268375501036644, 'Sad': 0.5266414880752563, 'Surprised': 0.0019852793775498867, 'Unknown': 6.675891927443445e-05}","Pike grew up on the outskirts of town, near the Bramblewood. Her ancestors were a family of deep gnomes with quite an unfavorable reputation. Thievery, destruction, and trickery left them with the curse of the last name Trickfoot. Sarenrae, the goddess of healing and redemption, had other plans for Pike's great-great-grandfather Wilhand, who left his family at a young age after a dream, a dream that changed the course of the Trickfoot family. Wilhand devoted his life to Sarenrae, and pledged from then on that him and his family would live a life of service and devotion. As a child, Pike seemed to have an affinity to heal. Whether it was animals, people, or even flowers, she felt she had a purpose in making things whole that had once been broken. She studied and learned the ways to heal through divine magic. She lived a peaceful life, quiet and simple, until one day Wilhand was captured and almost killed by a group of goliath barbarians. One of the goliaths took a stand against the murder of the innocent gnome, and he himself was beaten, bloodied, and left for dead, abandoned by his herd. Wilhand went to Pike for help. She prayed and healed this barbarian as best she could, bringing him back to life. When he awoke, she discovered his name was Grog Strongjaw. After that, they were the best of friends, a rather unlikely pair. Little did she know that in a few years' time Grog would soon return the favor and bring her back from the clutches of death. (roaring, crunch) After being killed in battle, Pike felt angry. She wanted to be stronger so that it would never happen again. She spent four months at sea, training with the men and women aboard a ship called the Broken Howl. Gripping her holy symbol in one hand, and her morningstar in the other, this time, Pike is ready."
TRAVIS,00:03:29,00:05:17,Neutral,"{'Angry': 1.485303982917685e-05, 'Disgusted': 4.968784560333006e-05, 'Fearful': 5.702950147679076e-06, 'Happy': 0.00024770843447186053, 'Neutral': 0.9989884495735168, 'Other': 3.7514899304369465e-05, 'Sad': 0.0004282851587049663, 'Surprised': 3.454683792369906e-07, 'Unknown': 0.00022745468595530838}","Right, listen up! If you have ale, then you have a friend in Grog Strongjaw. A goliath of towering height and size, this barbarian has an appetite for the two great loves in his life: combat, women, and ale. Wait... Easily the brains of the group, Grog is often consulted for his vast knowledge of shapes, colors, and shiny things. Also ale. In his early years, armed with his two-handed great axe, Grog often enjoyed proving his might amongst the ranks of his family's wandering herd. But after coming upon an unsuspecting elderly gnome in the woods, he objected to the killing of such an innocent life. A creature of impulse, Grog felt only pity for this terrified little thing. His disobedience cost him dearly. Beaten bloody and banished by the herd leader, his uncle Kevdak, Grog was abandoned and left to die. Exiled from his herd, it was then that the relative of the very gnome he fought to save, saved him. It was the kindness of a gnome cleric named Pike that healed Grog, bringing him back from death's edge. And they have remained close friends ever since. Most nights, Grog can be found challenging entire taverns to wrestling matches! Or accompanying Scanlan to the nearest house where you pay for lady favors. Also ale."
MARISHA,00:05:17,00:07:21,Neutral,"{'Angry': 0.0005236631259322166, 'Disgusted': 0.000545735820196569, 'Fearful': 5.0968912546522915e-05, 'Happy': 0.011013155803084373, 'Neutral': 0.9843263030052185, 'Other': 0.0019110646098852158, 'Sad': 0.0008523472351953387, 'Surprised': 0.00011062939302064478, 'Unknown': 0.0006661996594630182}","A first impression of Keyleth would leave you with little information on the half-elven druid. You might even think that her social awkwardness due to her sheltered upbringing is kind of sweet. Of course, it would be unwise to underestimate her based on first impressions. Under that unintimidating petite frame is a vicious beast waiting to be unleashed, whose natural powers have made even the fiercest of champions pee their pants. Literally. (laughs) Born to the Air tribe of the Ashari people, Keyleth was raised with a deep love of nature and the elemental magics. It is her people's inherent duty to protect the delicate areas in Tal'Dorei, where the four elemental planes begin to bleed with this realm. Since she was a little girl, she had quite a knack for air manipulation and beast-shaping abilities. Well, if you consider kittens and flying squirrels to be little beasts. Which, I do. Anyways, it wasn't long before the headmaster of the tribe, her father, Korren, realized her true prodigious abilities and she was inveterated to succeed him as the next headmaster. Just like that, her jovial childhood was stripped and replaced with endless spell memorization, teachings from ancient traditions, and exceedingly high expectations. Every druid leader to be must embark on a journey to seek out the sister tribes in order to introduce and establish respect amongst the fellow headmasters. They call this the Aramente, or Noble Odyssey. When her father felt she was ready, he set her on the path to truly discovering herself, not knowing when, or if she will ever return. As she hiked down the mountain towards Stillben, she meditated on the task ahead. Part of the Aramente is proving yourself a strong warrior, a valiant protector, and a wise and compassionate leader. With this knowledge, one thought plays in repeat in her mind: is she even worthy?"
TALIESIN,00:07:21,00:08:35,Neutral,"{'Angry': 2.9614450891557453e-09, 'Disgusted': 2.568334211972001e-09, 'Fearful': 1.0245339021608402e-09, 'Happy': 6.470957547577427e-09, 'Neutral': 1.0, 'Other': 4.50224607595473e-10, 'Sad': 1.9430570930012436e-08, 'Surprised': 2.5546105231200045e-09, 'Unknown': 6.057960244554295e-10}","Percy was the third of seven children, born to a noble family who lived far to the north, in the ancient castle of Whitestone. With so many siblings to share the burdens of lordship, Percy turned his attentions to the sciences, engineering and naturalism. One day, a mysterious couple, named Lord and Lady Briarwood, came to court. During a feast held in their honor, the Briarwoods violently took control of the castle, killing or imprisoning everyone who would stand in their way. Percy awoke chained in the dungeon, only to be freed by his younger sister. Together they fled, chased by the Briarwoods' men. As they ran, Percy's sister took several arrows to the chest and fell. Percy kept running, eventually jumping into a freezing river and floating unconscious to freedom. He did not remember waking up on a fishing boat. He barely remembered the next two years, as he slowly made his way as far south as possible. Then, one night, Percy had a dream. A roaring cloud of smoke offered him vengeance against those who destroyed his family. When he awoke, Percy began to design his first gun. (gunshot)"
SAM,00:08:35,00:09:57,Neutral,"{'Angry': 0.0006390187772922218, 'Disgusted': 0.0021262550726532936, 'Fearful': 0.0003288878360763192, 'Happy': 0.0041156308725476265, 'Neutral': 0.981602132320404, 'Other': 0.0011222269386053085, 'Sad': 0.0050719319842755795, 'Surprised': 5.5722310207784176e-05, 'Unknown': 0.004938055761158466}","Oh, you haven't heard of Scanlan Shorthalt? Well, gird your loins, ladies, because he has his eye on you. A talented musician, master of disguise, and dashingly handsome in his own mind, Scanlan sings songs almost as much as he sings his own praises. Born a poor gnome, Scanlan used his endless charm and soaring tenor voice to croon for coin and support his single mother. One day he was discovered by a half-orc promoter, and joined Dr. Dranzel's Spectacular Traveling Troupe where he learned the ways of the world, and honed his skills as a bard extraordinaire. A loner much of his life, Scanlan has never quite come to terms with the violent death of his mother at the hands of a goblin invasion. While his years on the road provided many, shall we say, educational experiences with the opposite sex, deep down Scanlan yearns for the one thing he's never known: the true love of a fellow gnome. Still, Scanlan considers himself a lover first, performer second, and fighter distant third. On the battlefield, he'll support his allies, but rarely draws blood unless it's to protect fellow gnome, Pike. Count on Scanlan for a hearty laugh, a rollicking song, and a twinkle in his eye that melts hearts and makes the females swoon."
ORION,00:09:57,00:11:56,Neutral,"{'Angry': 7.077173358993605e-05, 'Disgusted': 0.00018940727750305086, 'Fearful': 2.834985571098514e-05, 'Happy': 0.02744895964860916, 'Neutral': 0.9716047644615173, 'Other': 6.562166527146474e-05, 'Sad': 0.0004367443034425378, 'Surprised': 1.3413432498055045e-05, 'Unknown': 0.00014190956426318735}","Greetings and salutations. I am Tiberius Stormwind. I hail from a town called Ty'rex, located in the heart of Draconia, born from a politically respected family. At the age of 15, I succeeded in passing the Sorcerer's Rite, showing prodigy-like control of my magic. The judges and the Draconian High Council were amazed at how powerful my spells were for how long I had been training. At 20 years old, I was the youngest appointed member of the Magic Guild in Draconian history. For the next few years, I almost went mad from the malaise of being a guild member, as it's rather boring. However, one day I happened upon a chamber, unused for quite some time. In the room were stacks of books and maps of the surrounding cities and areas around the known world. For months I would frequent the chamber, and learned of artifacts from legend. After a long period of research, I made a list of artifacts that caught my eye. I brought these findings to the high council and was told that all of the information in the chamber I had stumbled upon was either believed to be fiction, or unsolvable mysteries, and hence were lost forever. I found those answers to be unacceptable. A year later I devised a ruse and managed to convince the city council to lend support in me leaving Draconia on a mission of peace and diplomacy for the surrounding kingdoms, going from town to town and making friends and allies, in and for the name of Draconia. Being a red dragonborn, I had quite the task on my hands in that respect, but it was exactly what I needed, so I could explore the world and find these artifacts, as I felt the truth was out there. Some may describe me as buffoonish, but I say poppycock to all that. I am much sharper than most give me credit for. I just don't pay attention to things sometimes. I've also been known to be rather cunning, loyal, happy-go-lucky, and well, dangerous. I can't help but show my true scales every now and then. But overall, I think I'm quite friendly for a dragonborn."
LIAM,00:11:56,00:13:25,Neutral,"{'Angry': 2.2178819563123398e-06, 'Disgusted': 0.00012517347931861877, 'Fearful': 1.1014476513082627e-06, 'Happy': 7.738305612292606e-06, 'Neutral': 0.9998486042022705, 'Other': 5.310869255481521e-07, 'Sad': 1.3859357750334311e-05, 'Surprised': 2.2591089532397746e-07, 'Unknown': 5.288302986627968e-07}","Never entirely welcome in the company of elves or men, Vax'ildan learned at a young age to skip past formality, preferring instead to invite himself in your door. Along with twin sister Vex'ahlia, Vax was born by a chance encounter between elven royalty and human peasantry. Raised by their mother in their early years, the twins were eventually sent off to their father in the elven capital of Syngorn, but their cool reception among the elves there never warmed, and their time in the capital didn't last. The siblings stole away one autumn night and set out on the open road. After a few years of wandering, they eventually decided to return to their mother, and journeyed back to the lands of their youth. But instead of finding their childhood home, they returned to a pile of rubble. Their mother was gone, their home burned to ash. Pressing the townspeople for answers, they learned of the day the dragon came. With their ties all severed, Vax'ildan and his sister set out to find their fortune together in Tal'Dorei. An outsider since birth, Vax quickly learned to solve life's challenges in his own particular way, often by sidestepping them entirely. And when his knack for circumventing adversity isn't enough, the way of blades the elves schooled him in more than makes up the difference."
LAURA,00:13:25,00:15:57,Sad,"{'Angry': 0.0001559797237860039, 'Disgusted': 0.012053600512444973, 'Fearful': 0.0005211981479078531, 'Happy': 0.002927642548456788, 'Neutral': 0.08151187002658844, 'Other': 0.0036889957264065742, 'Sad': 0.8581255674362183, 'Surprised': 1.0124518666998483e-05, 'Unknown': 0.04100507125258446}","Like so many half-elves, Vex'ahlia has spent most of her life suffering the cool reception of a people who don't fully accept her. Born of a human mother and an elven father who only later in life took an interest in their existence, Vex'ahlia and her twin brother Vax'ildan quickly realized the only people they could truly rely on in this world were each other. It was at the age of ten when the two were taken from their mother, and brought to live in Syngorn, the isolated elven city for which their father was an ambassador. He quietly took them in, but always kept an icy distance, and after too many years of disdainful looks, the pair decided to leave his indifference behind, and set out on their own. Vax took to the cities, stealing small trinkets and learning the ways of the thief, while Vex kept to the woods. She preferred the isolation. Always the keen observer, she learned to hunt and to track, to spy and to shoot. And through a series of fateful events, earned herself a companion in the form of a bear, her own stolen Trinket, to fight alongside her and protect her fiercely. Also, he is adorable, and gives expert massages. [dramatic music]"
MATT,00:15:57,00:16:04,Neutral,"{'Angry': 0.2171492576599121, 'Disgusted': 0.026507599279284477, 'Fearful': 0.004973831120878458, 'Happy': 0.2883738577365875, 'Neutral': 0.3005048334598541, 'Other': 0.014254671521484852, 'Sad': 0.02323800139129162, 'Surprised': 0.0007579062948934734, 'Unknown': 0.12424004077911377}","Hello everyone, and welcome back to the next episode of Critical Role. We unfortunately are down one Grog this evening, as I mentioned before."
ALL,00:16:04,00:16:06,Disgusted,"{'Angry': 0.008368775248527527, 'Disgusted': 0.7271546125411987, 'Fearful': 0.0017767491517588496, 'Happy': 0.020743029192090034, 'Neutral': 0.14692164957523346, 'Other': 0.0016341260634362698, 'Sad': 0.08942288160324097, 'Surprised': 0.0033539636060595512, 'Unknown': 0.0006242519011721015}",(distressed noises)
MATT,00:16:06,00:16:41,Happy,"{'Angry': 3.3279768274496746e-08, 'Disgusted': 2.8164029686195136e-07, 'Fearful': 4.7706997463592415e-08, 'Happy': 0.9999970197677612, 'Neutral': 5.058321335127403e-07, 'Other': 7.188158974713588e-07, 'Sad': 6.025213679095032e-07, 'Surprised': 2.0889519447564453e-08, 'Unknown': 8.951860195338668e-07}","We are missing him terribly. We'll see what terrors will transpire in his absence. However, though! We do have some fun things to announce real fast: first off, we're still giving away promo kits for every 50 subscribers we get, so we'll be having those randomly drawn from everyone in the chat room every time 50 subscribers are joined to the channel, I guess you would say. Also, every ten subscribers we're giving away Steam keys for different games, so also cool giveaways, which is kind of fun. I want to take a moment also to mention our... charity, there, that's the word I was looking for, it's been a long day. (laughter)"
MATT,00:16:41,00:17:15,Neutral,"{'Angry': 5.8732239267556e-06, 'Disgusted': 3.2314917461917503e-06, 'Fearful': 6.823511284892447e-07, 'Happy': 0.00024103684700094163, 'Neutral': 0.9993564486503601, 'Other': 3.629272760008462e-05, 'Sad': 0.00031759843113832176, 'Surprised': 4.6672741405018314e-07, 'Unknown': 3.8322668842738494e-05}","Our charity, 826LA, which we're putting up links in the chat room for you guys if you're able to donate. It's a fantastic program that tutors children, helps with creative writing and general literacy skills. It's a wonderful program, you can look it up at 826LA, you should Google it, find the website, it has all the information you need. It's a really great charity and we're still pushing that through our show every week, so thank you for all who have donated, and if you have the opportunity to, I highly recommend it. Also! I wanted to let you guys know we have-- Marisha wants to mention a cool sponsor tonight or at least a promotional push we're pushing."
MARISHA,00:17:15,00:17:41,Neutral,"{'Angry': 2.0219394514242595e-07, 'Disgusted': 1.1695013313328673e-07, 'Fearful': 1.222176049253676e-08, 'Happy': 3.968597229686566e-05, 'Neutral': 0.9999591112136841, 'Other': 1.3742770477165323e-07, 'Sad': 6.338879074974102e-07, 'Surprised': 3.4764266132469857e-08, 'Unknown': 1.1227266583091478e-07}","Yes! Yes! Friends of the show, Espionage Cosmetics, hooked us all up with some awesome nerdy manicures. We'll tweet pictures of our nails, so yes, we're all wearing awesome nails and we're going to be doing a giveaway from Espionage. Their tabletop bath bombs, which are awesome d20s--"
MATT,00:17:41,00:17:42,Neutral,"{'Angry': 0.0008309495751745999, 'Disgusted': 0.004988018423318863, 'Fearful': 1.647009230509866e-05, 'Happy': 0.006240662652999163, 'Neutral': 0.9832375049591064, 'Other': 0.0019371529342606664, 'Sad': 0.00015314418124035, 'Surprised': 0.002579140244051814, 'Unknown': 1.6908656107261777e-05}","d10s, technically."
MARISHA,00:17:42,00:17:47,Neutral,"{'Angry': 0.0052380189299583435, 'Disgusted': 0.028456291183829308, 'Fearful': 0.0019738886039704084, 'Happy': 0.15028125047683716, 'Neutral': 0.7773683071136475, 'Other': 0.014207798056304455, 'Sad': 0.005411057732999325, 'Surprised': 0.0069832163862884045, 'Unknown': 0.010080195032060146}","Oh, d10s-- No, there's a d20! There's a d10 and there's a percentile die!"
MATT,00:17:47,00:17:50,Neutral,"{'Angry': 2.253582390143727e-11, 'Disgusted': 1.181079864985557e-12, 'Fearful': 2.202732625206788e-13, 'Happy': 2.6476831838095904e-10, 'Neutral': 1.0, 'Other': 7.511679266884036e-14, 'Sad': 5.4919502973094225e-11, 'Surprised': 8.480628525819878e-12, 'Unknown': 2.4528678242187463e-13}","No, you're right! I saw the wrong side of it, my apologies. Forget I said anything."
MARISHA,00:17:50,00:18:13,Neutral,"{'Angry': 2.466425712555065e-07, 'Disgusted': 2.8083363190489763e-08, 'Fearful': 2.966226819722806e-09, 'Happy': 2.6257521312800236e-05, 'Neutral': 0.9999730587005615, 'Other': 2.9828501890705184e-09, 'Sad': 3.0619762014794105e-07, 'Surprised': 1.1017638001931118e-07, 'Unknown': 8.177928334518469e-10}","So yes, and we'll probably also go ahead and throw in a Critical Role signed picture as well with this. What you have to do is tweet @EspionageMakeup, is their twitter, @EspionageMakeup and #CriticalRole, and tell them what your favorite character is from Critical Role and who your favorite nail wraps are today and then we'll pick at half-time a winner."
MATT,00:18:13,00:19:35,Neutral,"{'Angry': 1.3204867421734434e-08, 'Disgusted': 1.7180914468895025e-09, 'Fearful': 1.5951931442437228e-10, 'Happy': 4.689848992711632e-06, 'Neutral': 0.9999951124191284, 'Other': 3.039496709877909e-10, 'Sad': 6.396394525154392e-08, 'Surprised': 3.222031708105533e-08, 'Unknown': 1.0539300682177455e-10}","Indeed. So fantastic. I may have some more stuff down the road we'll be able to talk about but in the meantime, let's go ahead and get everyone caught up to speed with what has transpired recently on Critical Role. So the party, to give you a quick overview for those who have just joined us, they were given a mission to seek out a female halfling paladin named Lady Kima of Vord, who had been missing, going on a vision quest, apparently seeking some deep, dark evil that had begun to simmer and grow beneath the dwarven city of Kraghammer. The party managed to make their way to the city, delve deep within its caverns to discover an entire series of caves, and what eventually led to the Underdark itself. A subterranean landscape of terror and darkness. After a series of battles with some duergar, which are kinda ashy-skinned evil dwarven offshoot people, characters, and a few brushes with some illithids or mind flayer creatures, they managed to befriend one, or I should say, ally with one named Clarota. Who has been traveling with them, who has apparently been kicked away from his society and wishes reentry to save them from the kind of ominous presence of this unseen, barely spoken entity called K'vorn. K'varn. (laughter)"
MATT,00:19:35,00:19:41,Neutral,"{'Angry': 1.9468194417671114e-11, 'Disgusted': 1.4312344712164027e-12, 'Fearful': 4.086228425938254e-13, 'Happy': 4.3453522030612035e-11, 'Neutral': 1.0, 'Other': 1.0794867061868219e-13, 'Sad': 6.234243676850326e-11, 'Surprised': 6.133047195100438e-12, 'Unknown': 6.058979815266874e-13}",Long day. Long day. So upon traveling deep into the recesses--
SAM,00:19:41,00:19:43,Neutral,"{'Angry': 0.001237858203239739, 'Disgusted': 4.8490088374819607e-05, 'Fearful': 5.3831904551771e-06, 'Happy': 5.507946480065584e-05, 'Neutral': 0.9984586238861084, 'Other': 3.417004700168036e-05, 'Sad': 7.293684757314622e-05, 'Surprised': 1.4547989621860324e-06, 'Unknown': 8.602917660027742e-05}","Don't worry Matt, you just have to talk for three straight hours."
MATT,00:19:43,00:19:46,Neutral,"{'Angry': 6.717308133341593e-12, 'Disgusted': 8.094043556054753e-13, 'Fearful': 1.5107328636774359e-13, 'Happy': 1.2888913027142568e-11, 'Neutral': 1.0, 'Other': 1.0074327982077802e-13, 'Sad': 3.605035367448828e-11, 'Surprised': 2.9514370548239244e-12, 'Unknown': 3.552601734926192e-13}",(laughs) I know. I know. (laughter)
MARISHA,00:19:46,00:19:48,Neutral,"{'Angry': 2.4155571987094504e-10, 'Disgusted': 1.9774093820701388e-11, 'Fearful': 4.827666912066153e-12, 'Happy': 1.1026859425555813e-09, 'Neutral': 1.0, 'Other': 5.307628902356809e-12, 'Sad': 7.20151493993626e-10, 'Surprised': 2.5864074770787226e-11, 'Unknown': 1.604109380048957e-11}",Your day is just getting started.
MATT,00:19:48,00:20:34,Neutral,"{'Angry': 1.28138444299708e-09, 'Disgusted': 1.7933031448702508e-10, 'Fearful': 3.832514514079399e-11, 'Happy': 1.5669591846290132e-07, 'Neutral': 0.9999998807907104, 'Other': 3.693342853772208e-11, 'Sad': 5.973913363988004e-09, 'Surprised': 5.624764543021854e-10, 'Unknown': 1.2285726602723201e-10}","I know. But yes, so they have now, after a series of battles, found their way into the magma-covered, kind of obsidian jagged caverns where the Emberhold, the duergar fortress currently resides, where they believe Lady Kima was. Upon finding a way in, unfortunately announcing their presence to the fortress itself, they managed to find Lady Kima in a torture chamber beneath Emberhold, save her, slay her oppressor, and now they have, after a tenuous alliance was made-- as Lady Kima and their mind-flayer friend Clarota are very much at odds-- a very tenuous alliance was forged. And they now journey back up to the main basement floor, or main base floor of the Emberhold proper. And that's where we left off last time. So, hope you can absorb all that, guys. (laughs)"
SAM,00:20:34,00:20:37,Neutral,"{'Angry': 5.734989827033132e-05, 'Disgusted': 4.2588391806930304e-05, 'Fearful': 4.282283498469042e-06, 'Happy': 2.4838913304847665e-05, 'Neutral': 0.9994763731956482, 'Other': 2.6926691134576686e-05, 'Sad': 4.557000283966772e-05, 'Surprised': 2.7297383553559484e-07, 'Unknown': 0.0003218770434614271}",We are inside this fortress.
MATT,00:20:37,00:20:38,Neutral,"{'Angry': 3.712699196967151e-07, 'Disgusted': 1.7580340738732048e-08, 'Fearful': 2.0271266887306183e-09, 'Happy': 5.678514298779191e-07, 'Neutral': 0.999998927116394, 'Other': 2.1593473675807218e-09, 'Sad': 1.0188981036662881e-07, 'Surprised': 6.696267984551696e-09, 'Unknown': 5.567548089224772e-10}",Correct.
SAM,00:20:38,00:20:42,Neutral,"{'Angry': 5.6249147321277976e-14, 'Disgusted': 2.1327412932762874e-15, 'Fearful': 3.1775797800600756e-16, 'Happy': 7.610073324542527e-14, 'Neutral': 1.0, 'Other': 4.2580285377980594e-16, 'Sad': 1.7460148995021574e-13, 'Surprised': 3.096901532960439e-14, 'Unknown': 1.3501152490235464e-15}","We are moving towards the armory. We're trying to find the armory or something, is that right?"
MATT,00:20:42,00:21:02,Neutral,"{'Angry': 4.124825481177652e-13, 'Disgusted': 1.633599939349084e-14, 'Fearful': 3.579457897077108e-15, 'Happy': 5.455455965447387e-13, 'Neutral': 1.0, 'Other': 2.0087824683685937e-15, 'Sad': 1.5726832813464653e-12, 'Surprised': 1.5026116473044332e-13, 'Unknown': 1.1560143033800818e-14}","You're trying to find, essentially-- Lady Kima has mentioned she wants to find the rest of her equipment that she says is either in an armory, or she mentioned a vault. And also she knows-- she mentioned something about vengeance to those who run the keep. So she stormed up."
LAURA,00:21:02,00:21:03,Neutral,"{'Angry': 0.07655608654022217, 'Disgusted': 0.06886293739080429, 'Fearful': 0.006833126302808523, 'Happy': 0.08352576941251755, 'Neutral': 0.6659259796142578, 'Other': 0.0010635718936100602, 'Sad': 0.0430024117231369, 'Surprised': 0.0006161161581985652, 'Unknown': 0.053613949567079544}","We're following her, right?"
MATT,00:21:03,00:21:11,Neutral,"{'Angry': 1.2172677088528872e-06, 'Disgusted': 8.129835009640374e-07, 'Fearful': 3.116830669114279e-07, 'Happy': 3.6582498523785034e-06, 'Neutral': 0.9999898672103882, 'Other': 3.434247162203974e-07, 'Sad': 8.564751396988868e-07, 'Surprised': 2.525580278245343e-08, 'Unknown': 2.8944521091034403e-06}",You've followed her back into the base floor of the Emberhold itself. You all currently are now back kinda where you started after you snuck into the side passage of the Emberhold.
LAURA,00:21:11,00:21:13,Neutral,"{'Angry': 2.84161930097504e-12, 'Disgusted': 1.0811557676687275e-13, 'Fearful': 3.073340803312792e-14, 'Happy': 4.559554123151344e-12, 'Neutral': 1.0, 'Other': 8.046793517158066e-15, 'Sad': 8.91774588201999e-12, 'Surprised': 7.55154727812013e-13, 'Unknown': 6.721889483831539e-14}",And she said she would lead the way to the vault?
SAM,00:21:13,00:21:26,Neutral,"{'Angry': 6.662276632596331e-07, 'Disgusted': 7.937935038171418e-07, 'Fearful': 7.667308210557167e-08, 'Happy': 0.001416033017449081, 'Neutral': 0.9985490441322327, 'Other': 2.279703494423302e-06, 'Sad': 1.992514808080159e-05, 'Surprised': 1.902078849980171e-08, 'Unknown': 1.1112046195194125e-05}",Can we be quiet for a second and see if there's any footsteps around us or guards marching around? Are we in immediate peril or do we have a second?
MATT,00:21:26,00:21:28,Neutral,"{'Angry': 4.885757597106188e-12, 'Disgusted': 3.58069070270986e-13, 'Fearful': 9.040478868987956e-14, 'Happy': 8.715886519461424e-12, 'Neutral': 1.0, 'Other': 3.8012267080745135e-14, 'Sad': 1.8873107937578126e-11, 'Surprised': 1.849013563787194e-12, 'Unknown': 2.321044289925467e-13}",Certainly. Everyone go ahead and make an immediate perception roll.
SAM,00:21:28,00:21:29,Neutral,"{'Angry': 0.12439762055873871, 'Disgusted': 0.002059539081528783, 'Fearful': 8.763054211158305e-06, 'Happy': 0.010050150565803051, 'Neutral': 0.8629554510116577, 'Other': 4.509391146712005e-05, 'Sad': 0.0004227622994221747, 'Surprised': 2.344945096410811e-05, 'Unknown': 3.708871372509748e-05}",Okay.
LAURA,00:21:29,00:21:31,Neutral,"{'Angry': 6.025903758200002e-07, 'Disgusted': 7.417822303068533e-07, 'Fearful': 5.496127073456591e-07, 'Happy': 1.4238511539588217e-05, 'Neutral': 0.9999732971191406, 'Other': 3.849497431929194e-07, 'Sad': 3.1469676287088078e-06, 'Surprised': 3.7910147909769876e-08, 'Unknown': 7.012415153440088e-06}",So fast!
MARISHA,00:21:31,00:21:36,Neutral,"{'Angry': 9.2610042898289e-12, 'Disgusted': 8.268101372825576e-13, 'Fearful': 2.1022190878263597e-13, 'Happy': 2.3540256549603455e-11, 'Neutral': 1.0, 'Other': 6.856166567641153e-14, 'Sad': 4.3341195216095585e-11, 'Surprised': 3.5770741837332087e-12, 'Unknown': 2.9074737951419183e-13}","Website went live, if you want to announce that now or later."
MATT,00:21:36,00:21:39,Neutral,"{'Angry': 2.416292209719839e-12, 'Disgusted': 1.2413587681652655e-13, 'Fearful': 3.143181719132519e-14, 'Happy': 3.1301723366072842e-12, 'Neutral': 1.0, 'Other': 7.807346620331695e-15, 'Sad': 7.45611645341926e-12, 'Surprised': 7.293554865964169e-13, 'Unknown': 6.962063981959601e-14}",Later. Two?
LAURA,00:21:39,00:21:40,Neutral,"{'Angry': 0.00020213972311466932, 'Disgusted': 1.6775200492702425e-05, 'Fearful': 3.24545271723764e-06, 'Happy': 0.0666833221912384, 'Neutral': 0.9326896667480469, 'Other': 7.528518608523882e-07, 'Sad': 0.0003234015021007508, 'Surprised': 8.056358637986705e-05, 'Unknown': 6.51529958872743e-08}","No, 22! (laughs)"
LIAM,00:21:40,00:21:42,Happy,"{'Angry': 0.013610869646072388, 'Disgusted': 0.004753950517624617, 'Fearful': 0.00037023326149210334, 'Happy': 0.7464364171028137, 'Neutral': 0.2305571734905243, 'Other': 0.000640448066405952, 'Sad': 0.0011922270059585571, 'Surprised': 0.0016276062233373523, 'Unknown': 0.0008111640345305204}",28.
ASHLEY,00:21:42,00:21:43,Neutral,"{'Angry': 0.07198251783847809, 'Disgusted': 0.0015351141337305307, 'Fearful': 5.886483995709568e-05, 'Happy': 0.012612911872565746, 'Neutral': 0.9119392037391663, 'Other': 0.0006411434151232243, 'Sad': 0.0007864178041927516, 'Surprised': 5.9680111007764935e-05, 'Unknown': 0.00038421907811425626}",13.
TALIESIN,00:21:43,00:21:44,Fearful,"{'Angry': 0.01010740827769041, 'Disgusted': 0.0046586100943386555, 'Fearful': 0.43685486912727356, 'Happy': 0.17192023992538452, 'Neutral': 0.01761169172823429, 'Other': 0.3234269320964813, 'Sad': 0.010247966274619102, 'Surprised': 0.024311702698469162, 'Unknown': 0.0008604931063018739}",24.
ORION,00:21:44,00:21:45,Angry,"{'Angry': 0.9997227787971497, 'Disgusted': 4.836971857002936e-05, 'Fearful': 7.63440675655147e-06, 'Happy': 5.0879185437224805e-05, 'Neutral': 0.00013159467198420316, 'Other': 1.0822234344232129e-06, 'Sad': 1.9006380171049386e-05, 'Surprised': 1.8017648471868597e-05, 'Unknown': 6.422304750230978e-07}",Fail.
SAM,00:21:45,00:21:46,Happy,"{'Angry': 0.001531937625259161, 'Disgusted': 0.1778673529624939, 'Fearful': 0.00029544730205088854, 'Happy': 0.803879976272583, 'Neutral': 0.004714991431683302, 'Other': 0.00041470484575256705, 'Sad': 0.0032350465189665556, 'Surprised': 0.008025418035686016, 'Unknown': 3.516767537803389e-05}",Ten. (laughs)
MATT,00:21:46,00:21:50,Neutral,"{'Angry': 9.66725255402423e-10, 'Disgusted': 9.455472516073371e-11, 'Fearful': 3.1473199046949674e-11, 'Happy': 1.202771771069422e-09, 'Neutral': 1.0, 'Other': 2.0750840282190985e-11, 'Sad': 1.8086866448996375e-09, 'Surprised': 1.204054217440742e-10, 'Unknown': 1.3150476541046174e-10}","That's a fail! All right, so-- You've got to be ready!"
MARISHA,00:21:50,00:21:53,Neutral,"{'Angry': 2.7791386401077034e-06, 'Disgusted': 5.019816398998955e-06, 'Fearful': 4.82114273836487e-06, 'Happy': 3.530920366756618e-05, 'Neutral': 0.999871015548706, 'Other': 3.8129251151985954e-06, 'Sad': 1.6557805793127045e-05, 'Surprised': 1.5988355528406828e-07, 'Unknown': 6.0537066019605845e-05}",27!
MATT,00:21:53,00:21:56,Neutral,"{'Angry': 1.9088345197815215e-06, 'Disgusted': 4.379436177259777e-06, 'Fearful': 2.4946134544734377e-06, 'Happy': 1.9838906155200675e-05, 'Neutral': 0.9998664855957031, 'Other': 4.124085080547957e-06, 'Sad': 8.821933988656383e-06, 'Surprised': 3.91389924914165e-08, 'Unknown': 9.189213596982881e-05}",Okay. (laughter)
SAM,00:21:56,00:21:58,Neutral,"{'Angry': 1.585958307259716e-05, 'Disgusted': 1.3810103155265097e-05, 'Fearful': 8.202978278859518e-07, 'Happy': 4.69317237730138e-05, 'Neutral': 0.9998751878738403, 'Other': 4.415068815433187e-06, 'Sad': 7.473360710719135e-06, 'Surprised': 4.7332611075034947e-07, 'Unknown': 3.4917327866423875e-05}",I'm sure he'll give you half of that.
MATT,00:21:58,00:22:23,Happy,"{'Angry': 1.4644755408355081e-09, 'Disgusted': 1.2710031249696385e-08, 'Fearful': 1.2586898634481258e-08, 'Happy': 0.9999996423721313, 'Neutral': 2.5490816568662922e-08, 'Other': 2.8154905962196608e-08, 'Sad': 2.6333276537116035e-07, 'Surprised': 6.484076386925608e-09, 'Unknown': 1.2074979238718697e-08}","Nearly at the ready. All right, so as you all take a moment and kind of steel yourselves, your ears perk up and you can hear what sounds like echoes of distant footsteps down hallways, far out of sight. You hear some movement across the stone ceiling above you that eventually comes to a stop. And you wait for about a minute, and the entire place is now in a very eerie silence."
LIAM,00:22:23,00:22:27,Neutral,"{'Angry': 6.172452771124881e-08, 'Disgusted': 1.3678280730289316e-08, 'Fearful': 2.859843251101779e-09, 'Happy': 7.195862394837604e-08, 'Neutral': 0.9999996423721313, 'Other': 2.543155686041132e-09, 'Sad': 7.33515790329875e-08, 'Surprised': 1.1060627080894392e-08, 'Unknown': 1.121369752610235e-08}","They know we're here, still."
LAURA,00:22:27,00:22:28,Neutral,"{'Angry': 0.00012143726780777797, 'Disgusted': 0.0016091285506263375, 'Fearful': 1.522687580290949e-05, 'Happy': 0.12246537953615189, 'Neutral': 0.8749995231628418, 'Other': 3.1804123864276335e-05, 'Sad': 0.0005884659476578236, 'Surprised': 0.0001574510824866593, 'Unknown': 1.1523273315106053e-05}",But they don't know where we are.
LIAM,00:22:28,00:22:30,Neutral,"{'Angry': 0.09117885679006577, 'Disgusted': 0.26061683893203735, 'Fearful': 0.0018480437574908137, 'Happy': 0.008566254749894142, 'Neutral': 0.6007736325263977, 'Other': 0.0005801553488709033, 'Sad': 0.034681983292102814, 'Surprised': 0.0011691681575030088, 'Unknown': 0.0005850718007422984}",No.
ORION,00:22:30,00:22:32,Happy,"{'Angry': 4.1713792597875e-06, 'Disgusted': 4.748698847834021e-05, 'Fearful': 7.463220754289068e-06, 'Happy': 0.9998249411582947, 'Neutral': 7.844728679629043e-05, 'Other': 1.0909461707342416e-05, 'Sad': 9.361404408991802e-06, 'Surprised': 8.815588444122113e-06, 'Unknown': 8.409094334638212e-06}",Maybe they went to sleep?
TALIESIN,00:22:32,00:22:38,Unknown,"{'Angry': 0.009769950993359089, 'Disgusted': 0.016038300469517708, 'Fearful': 0.0009143482893705368, 'Happy': 0.2126309871673584, 'Neutral': 0.33025887608528137, 'Other': 0.033443961292505264, 'Sad': 0.005191897042095661, 'Surprised': 8.711245027370751e-05, 'Unknown': 0.3916645050048828}","Lady Kima, do you remember where the vault is? Do you remember how we can get back there?"
MATT,00:22:38,00:22:53,Neutral,"{'Angry': 1.202082557938411e-07, 'Disgusted': 1.59720876524716e-08, 'Fearful': 1.2058658516167498e-09, 'Happy': 0.0014897830551490188, 'Neutral': 0.9985094666481018, 'Other': 6.420400322504349e-10, 'Sad': 5.447174658002041e-07, 'Surprised': 3.37697265706538e-08, 'Unknown': 8.501204740163359e-10}","Kima turns to you, her eyes still peering back, and she's creeping towards the edge of the hallway. She looks back at you, briefly, and says, ""I've only seen half of this stronghold before they captured me. As far as I know, probably somewhere on the second floor."""
LAURA,00:22:53,00:22:55,Neutral,"{'Angry': 4.017499969310133e-14, 'Disgusted': 1.3365255582969168e-15, 'Fearful': 2.069071203059721e-16, 'Happy': 4.8362145722586486e-14, 'Neutral': 1.0, 'Other': 3.225649958607941e-16, 'Sad': 1.3704784377656376e-13, 'Surprised': 2.129969886176166e-14, 'Unknown': 8.610251903891125e-16}",What floor are we on now?
MATT,00:22:55,00:22:57,Neutral,"{'Angry': 0.00012673053424805403, 'Disgusted': 5.579795106314123e-05, 'Fearful': 3.039108560187742e-05, 'Happy': 0.0009877688717097044, 'Neutral': 0.9973391890525818, 'Other': 0.0001045796598191373, 'Sad': 0.0003642185765784234, 'Surprised': 3.487617732389481e-06, 'Unknown': 0.000987939303740859}","""The ground floor."""
LIAM,00:22:57,00:22:59,Neutral,"{'Angry': 4.022654876301851e-13, 'Disgusted': 1.2482578854019696e-14, 'Fearful': 2.825541611055078e-15, 'Happy': 4.552165935867158e-13, 'Neutral': 1.0, 'Other': 1.5339599385768296e-15, 'Sad': 1.3183941785510633e-12, 'Surprised': 1.315412080475642e-13, 'Unknown': 8.070003066945781e-15}",The ground floor.
LAURA,00:22:59,00:23:00,Neutral,"{'Angry': 4.0239949157694355e-05, 'Disgusted': 4.5058230170980096e-05, 'Fearful': 1.525844822936051e-06, 'Happy': 0.0008084580767899752, 'Neutral': 0.9989582300186157, 'Other': 7.457266519850236e-07, 'Sad': 6.509773811558262e-05, 'Surprised': 8.042930130613968e-05, 'Unknown': 2.503614382476371e-07}","Right, cool."
ASHLEY,00:23:00,00:23:03,Neutral,"{'Angry': 0.0008620996377430856, 'Disgusted': 0.0020667389035224915, 'Fearful': 0.0001806151121854782, 'Happy': 0.005726171657443047, 'Neutral': 0.9673469066619873, 'Other': 0.0028457946609705687, 'Sad': 0.0006634932360611856, 'Surprised': 5.663147385348566e-05, 'Unknown': 0.020251628011465073}",So it's just one up? (laughter)
MATT,00:23:03,00:23:04,Neutral,"{'Angry': 7.761980668874457e-05, 'Disgusted': 1.057465578924166e-05, 'Fearful': 2.6461989364179317e-06, 'Happy': 0.0010283507872372866, 'Neutral': 0.9987723231315613, 'Other': 4.3027054630329076e-07, 'Sad': 6.72589594614692e-05, 'Surprised': 4.0832139347912744e-05, 'Unknown': 5.518966261774949e-08}","""Apparently."""
LIAM,00:23:04,00:23:12,Neutral,"{'Angry': 8.267447143550655e-11, 'Disgusted': 1.0861505271575478e-11, 'Fearful': 3.831570477563773e-12, 'Happy': 1.7346055147804407e-10, 'Neutral': 1.0, 'Other': 5.930805434435638e-13, 'Sad': 2.0377652343306352e-10, 'Surprised': 3.688309727079009e-11, 'Unknown': 1.0710403050562256e-11}","Were there stairs-- When we went down that set of stairs there, was there also stairs going up right there, or stairs going up?"
MATT,00:23:12,00:23:15,Neutral,"{'Angry': 6.282989488681778e-07, 'Disgusted': 7.67561857628607e-07, 'Fearful': 2.1511812065000413e-07, 'Happy': 7.360737981798593e-06, 'Neutral': 0.9999884366989136, 'Other': 2.408595491942833e-07, 'Sad': 1.7970802446143352e-06, 'Surprised': 2.4299063738908444e-07, 'Unknown': 3.0979933285379957e-07}",There were stairs-- Right there? No. There were stairs going up in the first room you entered.
LAURA,00:23:15,00:23:17,Neutral,"{'Angry': 0.0025871112011373043, 'Disgusted': 0.0003473197284620255, 'Fearful': 2.2451565655501327e-06, 'Happy': 0.0003291020984761417, 'Neutral': 0.996640682220459, 'Other': 9.565362233843189e-06, 'Sad': 4.330697993282229e-05, 'Surprised': 3.5854878660757095e-05, 'Unknown': 4.77084404337802e-06}","Oh, right! So we could go back in the little storage room."
LIAM,00:23:17,00:23:18,Neutral,"{'Angry': 7.271955837495625e-07, 'Disgusted': 1.7976364574678882e-07, 'Fearful': 2.2956614387226182e-08, 'Happy': 8.597684427513741e-06, 'Neutral': 0.9999895095825195, 'Other': 1.4742586529337132e-07, 'Sad': 6.292567036325636e-07, 'Surprised': 1.5977285272583686e-08, 'Unknown': 1.9672187079322612e-07}",We could.
LAURA,00:23:18,00:23:19,Neutral,"{'Angry': 0.0016609437298029661, 'Disgusted': 0.00015784442075528204, 'Fearful': 3.697143483805121e-06, 'Happy': 0.003523009829223156, 'Neutral': 0.9944828748703003, 'Other': 3.032205677300226e-05, 'Sad': 4.808559606317431e-05, 'Surprised': 6.346690042846603e-06, 'Unknown': 8.681025065016001e-05}",And go up.
LIAM,00:23:19,00:23:22,Neutral,"{'Angry': 1.510820808736657e-11, 'Disgusted': 1.9510634427510887e-12, 'Fearful': 4.861455747511012e-13, 'Happy': 4.3294184209896613e-11, 'Neutral': 1.0, 'Other': 2.1731660253872936e-13, 'Sad': 7.178978939093028e-11, 'Surprised': 4.824776429074307e-12, 'Unknown': 6.299981695177814e-13}",We should just spend the next three hours in the storage room.
LAURA,00:23:22,00:23:24,Neutral,"{'Angry': 2.5911832679526015e-08, 'Disgusted': 3.178698548822467e-08, 'Fearful': 1.4357390831776229e-08, 'Happy': 4.682396195221372e-07, 'Neutral': 0.999998927116394, 'Other': 9.540142897890291e-09, 'Sad': 5.483007043949328e-07, 'Surprised': 1.9908640069843386e-08, 'Unknown': 3.965266781591481e-09}",Let's go in the storage room and go up.
LIAM,00:23:24,00:23:33,Neutral,"{'Angry': 8.811155566945672e-06, 'Disgusted': 2.727738319663331e-05, 'Fearful': 2.9312834612937877e-06, 'Happy': 0.011084595695137978, 'Neutral': 0.9886128306388855, 'Other': 5.017787043470889e-05, 'Sad': 0.00012707337737083435, 'Surprised': 2.965901785501046e-06, 'Unknown': 8.336218888871372e-05}","Lady Kima, allow me to take a peek around the corner, see what's going on. So I'm gonna go stealth."
MATT,00:23:33,00:23:34,Neutral,"{'Angry': 5.614264253495094e-08, 'Disgusted': 1.491800283304201e-08, 'Fearful': 3.2784195358459556e-09, 'Happy': 3.1329295779869426e-07, 'Neutral': 0.9999995231628418, 'Other': 3.277506488430504e-09, 'Sad': 5.972057692815724e-08, 'Surprised': 1.1092866181172667e-08, 'Unknown': 2.0089869767758728e-09}","Okay, go ahead and roll stealth."
LIAM,00:23:34,00:23:38,Happy,"{'Angry': 0.0034336575772613287, 'Disgusted': 0.007256302051246166, 'Fearful': 0.005170467775315046, 'Happy': 0.596255362033844, 'Neutral': 0.28479933738708496, 'Other': 0.001461824169382453, 'Sad': 0.004587956704199314, 'Surprised': 0.0090157650411129, 'Unknown': 0.08801932632923126}",And inch past her. That's good. 29.
MATT,00:23:38,00:24:09,Neutral,"{'Angry': 1.194772539747646e-05, 'Disgusted': 5.486890586325899e-06, 'Fearful': 3.144832589896396e-07, 'Happy': 0.04609115049242973, 'Neutral': 0.9538525938987732, 'Other': 1.5306160321415518e-06, 'Sad': 3.326414298499003e-05, 'Surprised': 1.6787041658972157e-06, 'Unknown': 2.0882014268863713e-06}","29? All right. She begrudgingly steps back. You can see there's that eagerness to get in some sort of a fray or to feel somebody else bash along the side of this greatsword that she borrowed from you guys. She lets you pass. You creep up along the edge. As you do, you see-- back here there is, in the middle of this hallway, a series of doorways, and what looks to be a large room in the center of the chamber where two duergar currently stand."
LIAM,00:24:09,00:24:20,Neutral,"{'Angry': 4.270395547053239e-14, 'Disgusted': 1.4165503724173061e-15, 'Fearful': 2.256725264474603e-16, 'Happy': 4.9097793837276846e-14, 'Neutral': 1.0, 'Other': 3.428202535471638e-16, 'Sad': 1.4842731807084703e-13, 'Surprised': 2.280626215493426e-14, 'Unknown': 9.094897686530434e-16}",I turn back to the group.
TALIESIN,00:24:20,00:24:23,Neutral,"{'Angry': 0.008635289035737514, 'Disgusted': 0.014169921167194843, 'Fearful': 0.009481563232839108, 'Happy': 0.011355319991707802, 'Neutral': 0.5694770812988281, 'Other': 0.005212646909058094, 'Sad': 0.010603873059153557, 'Surprised': 3.7934587453491986e-05, 'Unknown': 0.3710263967514038}",(whispers) How about the other way?
SAM,00:24:23,00:24:25,Neutral,"{'Angry': 0.0013043733779340982, 'Disgusted': 0.0010063654044643044, 'Fearful': 5.579969729296863e-05, 'Happy': 0.012171909213066101, 'Neutral': 0.9841238856315613, 'Other': 0.00010241117706755176, 'Sad': 0.0002687325468286872, 'Surprised': 0.0005559156998060644, 'Unknown': 0.0004106757987756282}",Why don't we just kill them?
LIAM,00:24:25,00:24:27,Neutral,"{'Angry': 3.7638971800424414e-11, 'Disgusted': 4.5758722332089885e-12, 'Fearful': 1.1943935424030272e-12, 'Happy': 8.461729233966153e-11, 'Neutral': 1.0, 'Other': 4.771028949517031e-13, 'Sad': 1.1892346829522893e-10, 'Surprised': 9.362273976909474e-12, 'Unknown': 2.6067713525951275e-12}",Isn't that a corner-- a dead-on corner right there?
MATT,00:24:27,00:24:28,Angry,"{'Angry': 0.5206258893013, 'Disgusted': 0.16101501882076263, 'Fearful': 0.002300104359164834, 'Happy': 0.011092166416347027, 'Neutral': 0.17757508158683777, 'Other': 0.00286987517029047, 'Sad': 0.11428584903478622, 'Surprised': 0.00011699824244715273, 'Unknown': 0.010119099169969559}",This is another hallway.
LIAM,00:24:28,00:24:30,Neutral,"{'Angry': 1.5536963937634596e-09, 'Disgusted': 9.868118544531512e-10, 'Fearful': 2.2036644731215915e-10, 'Happy': 5.3764948049206396e-09, 'Neutral': 1.0, 'Other': 6.030024396475042e-11, 'Sad': 4.815884135922488e-09, 'Surprised': 1.1217974327237812e-09, 'Unknown': 4.36408166548663e-11}",Another hallway.
SAM,00:24:30,00:24:34,Neutral,"{'Angry': 0.00020098852110095322, 'Disgusted': 0.00021167061640881002, 'Fearful': 2.9849499696865678e-05, 'Happy': 0.0012359431711956859, 'Neutral': 0.9959442019462585, 'Other': 0.000563309236895293, 'Sad': 0.0001303535100305453, 'Surprised': 4.6875778934918344e-05, 'Unknown': 0.0016368934884667397}",Let's go kill the duergar.
LAURA,00:24:34,00:24:37,Neutral,"{'Angry': 0.0003176697646267712, 'Disgusted': 4.807137156603858e-05, 'Fearful': 1.525939478597138e-05, 'Happy': 0.00016685242007952183, 'Neutral': 0.9992407560348511, 'Other': 3.8623998989351094e-05, 'Sad': 6.95935741532594e-05, 'Surprised': 1.150844673247775e-05, 'Unknown': 9.173482976621017e-05}",How dark is it in here? Is it like--
MATT,00:24:37,00:24:57,Neutral,"{'Angry': 0.0011942472774535418, 'Disgusted': 0.002815549261868, 'Fearful': 0.0004710799839813262, 'Happy': 0.12074358761310577, 'Neutral': 0.822292685508728, 'Other': 0.017538130283355713, 'Sad': 0.02126234397292137, 'Surprised': 0.003427759977057576, 'Unknown': 0.010254699736833572}","No. It's pretty dark in here. Like, with low light vision, you're able to see maybe a good 30 to 40 feet ahead of you. There are a few of those red crystal clusters that give off a little bit of light, incrementally, but duergar themselves, you've gotten to the point where you see they like it very, very dark. They actually aren't needing light. This is more of a courtesy to guests they may have."
LAURA,00:24:57,00:25:03,Neutral,"{'Angry': 0.19013339281082153, 'Disgusted': 0.017490055412054062, 'Fearful': 0.007810339797288179, 'Happy': 0.1291813850402832, 'Neutral': 0.40125706791877747, 'Other': 0.017316320911049843, 'Sad': 0.02089657261967659, 'Surprised': 0.0012804181315004826, 'Unknown': 0.2146344929933548}","So potentially, brother, we could take them both out if you throw your knife and I do an arrow."
ORION,00:25:03,00:25:07,Neutral,"{'Angry': 0.00015290905139409006, 'Disgusted': 0.00016884604701772332, 'Fearful': 3.9826300053391606e-05, 'Happy': 0.0015776375075802207, 'Neutral': 0.9966726303100586, 'Other': 7.185283175203949e-05, 'Sad': 0.00012045841867802665, 'Surprised': 1.3889672118239105e-05, 'Unknown': 0.0011820016661658883}","Wait, didn't we see further past that, 'cause that's where Grog did the-- (crushing noise)"
SAM,00:25:07,00:25:09,Neutral,"{'Angry': 0.0013177664950489998, 'Disgusted': 0.0022747160401195288, 'Fearful': 0.0016303659649565816, 'Happy': 0.17658306658267975, 'Neutral': 0.8072233200073242, 'Other': 0.0001610785402590409, 'Sad': 0.0017584030283614993, 'Surprised': 0.0010721782455220819, 'Unknown': 0.007979070767760277}","No, this is the area that we haven't been in yet."
LIAM,00:25:09,00:25:17,Neutral,"{'Angry': 0.007393969222903252, 'Disgusted': 0.0003833443042822182, 'Fearful': 2.482519812474493e-05, 'Happy': 0.004583206959068775, 'Neutral': 0.9857117533683777, 'Other': 0.00039452838245779276, 'Sad': 0.00032084627309814095, 'Surprised': 1.286128372157691e-05, 'Unknown': 0.001174681936390698}","I just put up a hand, and then slip around this direction and slip down this second hallway that you revealed."
MATT,00:25:17,00:25:27,Neutral,"{'Angry': 0.03319660574197769, 'Disgusted': 0.006842821836471558, 'Fearful': 0.003145762486383319, 'Happy': 0.2200428545475006, 'Neutral': 0.7058007121086121, 'Other': 0.0019840009044855833, 'Sad': 0.009048517793416977, 'Surprised': 0.0008770659333094954, 'Unknown': 0.019061673432588577}","All right. As you step past, you do see, this room here is a little ajar; the inside looks to be a storage room. There's just a series of boxes, barrels, and various--"
LAURA,00:25:27,00:25:30,Neutral,"{'Angry': 1.825512299546972e-05, 'Disgusted': 9.252852578356396e-06, 'Fearful': 5.566404070123099e-06, 'Happy': 0.002486633835360408, 'Neutral': 0.997395396232605, 'Other': 1.1191633575435844e-06, 'Sad': 6.711302557960153e-05, 'Surprised': 1.5348976376117207e-05, 'Unknown': 1.3278457799970056e-06}",(gasps) Maybe you can put yourself in a box and walk around.
MARISHA,00:25:30,00:25:33,Neutral,"{'Angry': 1.4013650684319146e-07, 'Disgusted': 7.926582412665084e-08, 'Fearful': 3.248988988957535e-08, 'Happy': 9.734932973515242e-06, 'Neutral': 0.9999784231185913, 'Other': 8.840651588570836e-08, 'Sad': 1.1456232641648967e-05, 'Surprised': 4.788314456050102e-08, 'Unknown': 7.236616283989861e-08}",(gasps) Yes! Metal Gear Solid it!
LIAM,00:25:33,00:25:37,Neutral,"{'Angry': 4.4142655042378465e-07, 'Disgusted': 1.53548467096698e-06, 'Fearful': 2.9854288641217863e-07, 'Happy': 2.6723685095930705e-06, 'Neutral': 0.9999817609786987, 'Other': 1.5235631281029782e-06, 'Sad': 4.119422555959318e-06, 'Surprised': 3.124014114064266e-08, 'Unknown': 7.617771188961342e-06}","I continue to creep away from my sister, specifically."
MATT,00:25:37,00:25:50,Neutral,"{'Angry': 8.49491499366195e-09, 'Disgusted': 9.980460013991888e-09, 'Fearful': 1.1948596556621283e-09, 'Happy': 5.58824638119404e-07, 'Neutral': 0.9999994039535522, 'Other': 2.527120734896471e-09, 'Sad': 4.88779647866977e-08, 'Surprised': 2.038737889620279e-08, 'Unknown': 5.0901363124467025e-09}","All right, you glare down the side of this hallway. It leads to two other smaller rooms down the way, with a split towards the back end. There does not appear to be anybody visible in that hall."
LIAM,00:25:50,00:25:51,Happy,"{'Angry': 0.25595900416374207, 'Disgusted': 0.004254938568919897, 'Fearful': 0.00018994677520822734, 'Happy': 0.4655858874320984, 'Neutral': 0.24985042214393616, 'Other': 1.9039282051380724e-05, 'Sad': 0.02308790199458599, 'Surprised': 0.0010492753935977817, 'Unknown': 3.6363037452247227e-06}","All right, I got this, I'm going to keep going."
SAM,00:25:51,00:25:53,Neutral,"{'Angry': 0.0012032397789880633, 'Disgusted': 0.0028197369538247585, 'Fearful': 0.001635268796235323, 'Happy': 0.009027496911585331, 'Neutral': 0.9668456315994263, 'Other': 0.00021468620980158448, 'Sad': 0.0018179661128669977, 'Surprised': 0.015464034862816334, 'Unknown': 0.0009720047819428146}","Wait, what about us!?"
LAURA,00:25:53,00:25:54,Neutral,"{'Angry': 0.01634649932384491, 'Disgusted': 0.004163301084190607, 'Fearful': 0.00648098299279809, 'Happy': 0.08547789603471756, 'Neutral': 0.8404563069343567, 'Other': 0.0003163534856867045, 'Sad': 0.001928917714394629, 'Surprised': 0.043312303721904755, 'Unknown': 0.001517472555860877}",Why are you doing this?
MATT,00:25:54,00:25:58,Neutral,"{'Angry': 3.031890363769385e-11, 'Disgusted': 3.661916690017586e-12, 'Fearful': 6.321478713752771e-13, 'Happy': 5.313425394115612e-11, 'Neutral': 1.0, 'Other': 4.640648217264787e-13, 'Sad': 8.337313478490316e-11, 'Surprised': 8.70188383156334e-12, 'Unknown': 1.7551041999949724e-12}","All right, so you go past this way."
SAM,00:25:58,00:26:07,Neutral,"{'Angry': 8.816297691893737e-10, 'Disgusted': 2.567358270422204e-10, 'Fearful': 2.9938655721206686e-11, 'Happy': 1.117193892952173e-09, 'Neutral': 1.0, 'Other': 7.904577686845826e-11, 'Sad': 1.6327754703837627e-09, 'Surprised': 9.271949180655881e-11, 'Unknown': 1.564734869452522e-10}","Jesus. Two duergar, we can take them out in a second!"
MATT,00:26:07,00:26:10,Neutral,"{'Angry': 6.824681122452603e-07, 'Disgusted': 8.361291037317642e-08, 'Fearful': 9.885495444450498e-08, 'Happy': 2.2613607143284753e-05, 'Neutral': 0.9999711513519287, 'Other': 4.456047619783021e-08, 'Sad': 4.875987087871181e-06, 'Surprised': 3.7934097463221406e-07, 'Unknown': 9.233096953664699e-09}","Now this hallway, there appears to be an opening to this room, no doorway."
LAURA,00:26:10,00:26:12,Neutral,"{'Angry': 0.012091913260519505, 'Disgusted': 0.08456993848085403, 'Fearful': 0.0005348850390873849, 'Happy': 0.2985000014305115, 'Neutral': 0.5909682512283325, 'Other': 0.0005720668123103678, 'Sad': 0.0032401555217802525, 'Surprised': 0.009134365245699883, 'Unknown': 0.0003883804311044514}",Everybody wait while my brother goes on a field trip.
MATT,00:26:12,00:26:15,Neutral,"{'Angry': 1.1084871402999852e-06, 'Disgusted': 2.4220892100856872e-06, 'Fearful': 7.612717922711454e-07, 'Happy': 3.800085687544197e-05, 'Neutral': 0.9999451637268066, 'Other': 9.736163519846741e-07, 'Sad': 7.556338914582739e-06, 'Surprised': 5.273597594168677e-07, 'Unknown': 3.363838004588615e-06}","And this additional room, you do not currently see an entrance."
LIAM,00:26:15,00:26:16,Neutral,"{'Angry': 3.2617731449136045e-07, 'Disgusted': 1.135806027008357e-08, 'Fearful': 4.617985549515424e-09, 'Happy': 7.19852266684029e-07, 'Neutral': 0.9999986886978149, 'Other': 1.2324302689492583e-09, 'Sad': 2.3696975404163823e-07, 'Surprised': 4.08605416168939e-08, 'Unknown': 1.480908312645468e-10}",An opening that's not a doorway? Or--
MATT,00:26:16,00:26:18,Neutral,"{'Angry': 2.130938838718066e-07, 'Disgusted': 2.68587342588944e-07, 'Fearful': 1.4279089555202518e-07, 'Happy': 1.2248913208168233e-06, 'Neutral': 0.9999934434890747, 'Other': 9.355752439432763e-08, 'Sad': 3.1758781915414147e-06, 'Surprised': 1.6859612372854826e-08, 'Unknown': 1.4423666243601474e-06}","I mean, there isn't a door in the way, it's just an opening."
LIAM,00:26:18,00:26:28,Neutral,"{'Angry': 5.4918163793675825e-14, 'Disgusted': 2.6202663526615506e-15, 'Fearful': 3.8752638780544977e-16, 'Happy': 7.932567227869267e-14, 'Neutral': 1.0, 'Other': 7.706059585169329e-16, 'Sad': 1.8534968752956932e-13, 'Surprised': 3.389287480770435e-14, 'Unknown': 2.4263472649918615e-15}","The door is open. All right, so I'm going to press against the wall, up to the edge, wait for five seconds, see if I can hear anything, and then if not, curve around and peek in."
MATT,00:26:28,00:26:31,Neutral,"{'Angry': 6.17772899502711e-09, 'Disgusted': 2.1093884416956143e-09, 'Fearful': 2.722045089331715e-10, 'Happy': 1.781461911321003e-08, 'Neutral': 1.0, 'Other': 6.526198470524491e-10, 'Sad': 1.2561648610187603e-08, 'Surprised': 7.520539191396836e-10, 'Unknown': 1.262040805194431e-09}",Perception roll.
LIAM,00:26:31,00:26:35,Neutral,"{'Angry': 0.026240043342113495, 'Disgusted': 0.011753445491194725, 'Fearful': 0.017997611314058304, 'Happy': 0.19466540217399597, 'Neutral': 0.7105432152748108, 'Other': 0.0004495533648878336, 'Sad': 0.013775710947811604, 'Surprised': 0.023558305576443672, 'Unknown': 0.0010167472064495087}",20.
MATT,00:26:35,00:26:50,Neutral,"{'Angry': 5.83944893151056e-05, 'Disgusted': 4.3419851863291115e-05, 'Fearful': 7.574582014058251e-06, 'Happy': 0.0024114008992910385, 'Neutral': 0.997040331363678, 'Other': 6.796565867261961e-05, 'Sad': 0.00015312031609937549, 'Surprised': 6.0234078773646615e-06, 'Unknown': 0.00021173228742554784}",20. You take a moment and listen. You hear what sounds like a light crackling of some sort of a fire? And the occasional dull ring of metal being hit against metal.
SAM,00:26:50,00:26:53,Happy,"{'Angry': 1.072642152877279e-08, 'Disgusted': 7.125483136860566e-08, 'Fearful': 9.267941081247955e-09, 'Happy': 0.9999995231628418, 'Neutral': 1.463256751321751e-07, 'Other': 1.1844119285342458e-07, 'Sad': 2.3713237595757164e-08, 'Surprised': 1.3197850812218803e-08, 'Unknown': 1.4701154071872224e-08}",What was it? Metal against metal?
LIAM,00:26:53,00:27:00,Happy,"{'Angry': 0.01704045943915844, 'Disgusted': 0.0009391041821800172, 'Fearful': 0.0005833052564412355, 'Happy': 0.8972642421722412, 'Neutral': 0.023802166804671288, 'Other': 0.00047136403736658394, 'Sad': 0.05658850446343422, 'Surprised': 0.0003195967001374811, 'Unknown': 0.0029911715537309647}","Okay, I'm going to get low to the ground, and peek in the door."
MATT,00:27:00,00:27:32,Neutral,"{'Angry': 1.1491117390960426e-08, 'Disgusted': 9.15066689088917e-10, 'Fearful': 1.7758132464518184e-10, 'Happy': 9.797495295060799e-07, 'Neutral': 0.9999990463256836, 'Other': 5.929448598784859e-11, 'Sad': 3.2654885018246205e-08, 'Surprised': 4.646950380049475e-09, 'Unknown': 1.8725621053761188e-10}","All right. Peeking through, you do see, indeed, it is some sort of a smithy, with two kilns, or two anvils, set up, a work table in the center, and there is one lone duergar that, apparently, in the middle of his work, has not been paying attention to any of the ruckus going on around, and is just in the middle of hitting some sort of long, thick piece of black iron, and it's just, (ting ting), sweat dripping down the front of his brow, the room itself is-- even against the corner of the doorway, you can tell the temperature is a lot warmer on the inside."
LIAM,00:27:32,00:27:33,Neutral,"{'Angry': 0.002599837724119425, 'Disgusted': 0.0002289292315253988, 'Fearful': 4.03711965191178e-05, 'Happy': 0.0004430724075064063, 'Neutral': 0.9963726997375488, 'Other': 1.505027921666624e-05, 'Sad': 0.00025793732493184507, 'Surprised': 1.2650504686462227e-05, 'Unknown': 2.9453476599883288e-05}","And his back is to me, currently?"
MATT,00:27:33,00:27:39,Neutral,"{'Angry': 7.309189603392496e-14, 'Disgusted': 3.1806495862796028e-15, 'Fearful': 5.071524538994806e-16, 'Happy': 1.0810444336581404e-13, 'Neutral': 1.0, 'Other': 6.642784949832518e-16, 'Sad': 2.389324903293716e-13, 'Surprised': 4.26199806241416e-14, 'Unknown': 2.3393131473538244e-15}","It's kinda to the side to you. He's currently looking-- working out the anvil, banging down."
LIAM,00:27:39,00:27:40,Neutral,"{'Angry': 1.18386290354211e-12, 'Disgusted': 4.192849680732108e-14, 'Fearful': 1.1263656938306343e-14, 'Happy': 1.4776414683850825e-12, 'Neutral': 1.0, 'Other': 3.5100640875985892e-15, 'Sad': 3.709932968470886e-12, 'Surprised': 3.278820899683954e-13, 'Unknown': 2.910146692310274e-14}",So this way?
MATT,00:27:40,00:27:41,Neutral,"{'Angry': 0.005366059020161629, 'Disgusted': 0.013554182834923267, 'Fearful': 0.00012856462853960693, 'Happy': 0.07846148312091827, 'Neutral': 0.8970330357551575, 'Other': 0.00012508155487012118, 'Sad': 0.0043947892263531685, 'Surprised': 0.000878642313182354, 'Unknown': 5.823804167448543e-05}",Yes.
LIAM,00:27:41,00:27:46,Neutral,"{'Angry': 2.8273586596960776e-11, 'Disgusted': 1.7766669212215813e-12, 'Fearful': 7.874623804589309e-13, 'Happy': 6.703475968761197e-11, 'Neutral': 1.0, 'Other': 6.225369612172793e-14, 'Sad': 8.951833718739977e-11, 'Surprised': 1.12304228416793e-11, 'Unknown': 1.282754393157337e-12}","Oh, but I see the door on the other side, so I take the earring--"
SAM,00:27:46,00:27:48,Neutral,"{'Angry': 0.0019255655352026224, 'Disgusted': 0.0016277388203889132, 'Fearful': 0.0005068369791842997, 'Happy': 0.004007279872894287, 'Neutral': 0.8877682089805603, 'Other': 0.0005703596980310977, 'Sad': 0.1026533991098404, 'Surprised': 0.00041391930426470935, 'Unknown': 0.0005267160595394671}","Oh, why don't you just keep going forever?"
LIAM,00:27:48,00:27:51,Neutral,"{'Angry': 1.000753820090683e-11, 'Disgusted': 7.775151507870282e-13, 'Fearful': 1.8669869253015725e-13, 'Happy': 5.628572261051623e-11, 'Neutral': 1.0, 'Other': 7.39416327103469e-14, 'Sad': 4.636078673736499e-11, 'Surprised': 3.824648497213756e-12, 'Unknown': 1.8591974747933504e-13}","-- take the earring and I whisper to my sister, (whispers) follow along."
LAURA,00:27:51,00:27:54,Happy,"{'Angry': 0.003130502300336957, 'Disgusted': 0.027919868007302284, 'Fearful': 0.0005529607878997922, 'Happy': 0.6316986680030823, 'Neutral': 0.3237980604171753, 'Other': 0.002774894470348954, 'Sad': 0.0027221369091421366, 'Surprised': 0.002313910983502865, 'Unknown': 0.005089075770229101}","Oh. I've been invited on the field trip, guys!"
SAM,00:27:54,00:27:55,Neutral,"{'Angry': 7.4329359449620824e-06, 'Disgusted': 1.957942367880605e-05, 'Fearful': 5.660431270371191e-06, 'Happy': 4.3240910599706694e-05, 'Neutral': 0.9998776912689209, 'Other': 1.8254703491038526e-06, 'Sad': 3.753791315830313e-05, 'Surprised': 4.536007963906741e-06, 'Unknown': 2.5526899207761744e-06}",Just you?
LAURA,00:27:55,00:27:56,Happy,"{'Angry': 2.850255214070785e-07, 'Disgusted': 9.310364816883521e-07, 'Fearful': 9.835950720571418e-08, 'Happy': 0.9999935626983643, 'Neutral': 1.7967363419302274e-06, 'Other': 1.4162884554025368e-06, 'Sad': 8.194183465093374e-07, 'Surprised': 1.0386600024503423e-06, 'Unknown': 3.8986449624189845e-08}",Just me!
SAM,00:27:56,00:27:57,Happy,"{'Angry': 3.581153706910811e-10, 'Disgusted': 1.0140469020036846e-10, 'Fearful': 1.2786854908242162e-11, 'Happy': 1.0, 'Neutral': 4.1296202013541006e-09, 'Other': 1.2261188592210814e-11, 'Sad': 6.372089522699298e-10, 'Surprised': 3.393673675411435e-10, 'Unknown': 1.223847195461203e-12}",Come on!
LAURA,00:27:57,00:27:59,Happy,"{'Angry': 7.097439302938824e-11, 'Disgusted': 1.1761892848571875e-10, 'Fearful': 3.864666572872544e-11, 'Happy': 1.0, 'Neutral': 1.0340890366222766e-09, 'Other': 1.429587975776414e-10, 'Sad': 8.597215161998406e-10, 'Surprised': 1.7426637910489262e-10, 'Unknown': 2.435741539019709e-11}",Who else can stealth?
MARISHA,00:27:59,00:28:01,Neutral,"{'Angry': 6.951990508241579e-05, 'Disgusted': 0.00033785594860091805, 'Fearful': 7.863428618293256e-05, 'Happy': 0.12239620834589005, 'Neutral': 0.8687453866004944, 'Other': 0.00031009569647721946, 'Sad': 0.000772072235122323, 'Surprised': 1.9415780116105452e-05, 'Unknown': 0.007270842790603638}",I'm a stealthy panther right now.
LAURA,00:28:01,00:28:08,Neutral,"{'Angry': 7.687548514434539e-12, 'Disgusted': 6.26499123846519e-13, 'Fearful': 1.7870351465970602e-13, 'Happy': 1.417796609282096e-11, 'Neutral': 1.0, 'Other': 4.255004280775271e-14, 'Sad': 2.7700508553607506e-11, 'Surprised': 2.88460162874149e-12, 'Unknown': 5.308952604789197e-13}",Do you wanna be something and pop in my pocket? (laughs) That sounded wrong.
MATT,00:28:08,00:28:11,Neutral,"{'Angry': 4.021452441882456e-12, 'Disgusted': 1.0747928155113717e-12, 'Fearful': 2.287170561450502e-13, 'Happy': 9.707059808738983e-12, 'Neutral': 1.0, 'Other': 2.7971413163116465e-13, 'Sad': 8.4135615141534e-11, 'Surprised': 8.797257193549068e-12, 'Unknown': 1.4386343678840507e-13}","You haven't had a short rest yet, and you do--"
MARISHA,00:28:11,00:28:14,Neutral,"{'Angry': 3.1270439796587945e-13, 'Disgusted': 1.163637430498781e-14, 'Fearful': 2.231115488012165e-15, 'Happy': 4.283294639112478e-13, 'Neutral': 1.0, 'Other': 1.1059915656580293e-15, 'Sad': 8.086976184193406e-13, 'Surprised': 1.2878578954135522e-13, 'Unknown': 6.318049246755927e-15}","(clears throat) I was gonna say, I'm still a cat form. But I can accompany you."
LAURA,00:28:14,00:28:20,Neutral,"{'Angry': 1.5687577376456013e-13, 'Disgusted': 5.881638390572725e-15, 'Fearful': 1.0200150745337576e-15, 'Happy': 2.387402341791356e-13, 'Neutral': 1.0, 'Other': 7.457637527233851e-16, 'Sad': 4.5066722706085804e-13, 'Surprised': 7.113135357421016e-14, 'Unknown': 3.598680039265624e-15}","I should not go with you, I can't stealth for shit right now. (laughter)"
LAURA,00:28:20,00:28:22,Neutral,"{'Angry': 1.3739129191975286e-12, 'Disgusted': 4.7045097581032563e-14, 'Fearful': 1.2481721656677075e-14, 'Happy': 1.8952567380076113e-12, 'Neutral': 1.0, 'Other': 3.623696733846306e-15, 'Sad': 4.105667628789833e-12, 'Surprised': 4.2046886263545635e-13, 'Unknown': 2.4484586789151087e-14}",I rolled a seven.
LIAM,00:28:22,00:28:25,Neutral,"{'Angry': 1.1479401142763107e-13, 'Disgusted': 3.5287119414488663e-15, 'Fearful': 7.179029332640599e-16, 'Happy': 1.3267281696004163e-13, 'Neutral': 1.0, 'Other': 6.313661298451795e-16, 'Sad': 4.233336229307605e-13, 'Surprised': 4.76084591942514e-14, 'Unknown': 2.3217814711697917e-15}",(whispers) Send Scanlan up.
LAURA,00:28:25,00:28:26,Neutral,"{'Angry': 5.586034149018815e-06, 'Disgusted': 0.00011993803491350263, 'Fearful': 4.834058131564234e-07, 'Happy': 0.00010311930236639455, 'Neutral': 0.9995610117912292, 'Other': 7.157222171372268e-06, 'Sad': 1.0717839359131176e-05, 'Surprised': 0.00019108188280370086, 'Unknown': 8.663753305881983e-07}",(whispers) Scanlan.
SAM,00:28:26,00:28:28,Neutral,"{'Angry': 5.6374886980847805e-08, 'Disgusted': 1.1920822373667761e-07, 'Fearful': 8.360205860924452e-09, 'Happy': 1.3362208619582816e-06, 'Neutral': 0.9999982118606567, 'Other': 5.714806405876516e-09, 'Sad': 2.627859601034288e-07, 'Surprised': 2.4129262143901542e-08, 'Unknown': 4.119723673312592e-09}","Huh, what?"
LAURA,00:28:28,00:28:29,Neutral,"{'Angry': 0.01864512264728546, 'Disgusted': 0.05257329344749451, 'Fearful': 0.00017442370881326497, 'Happy': 0.06327524036169052, 'Neutral': 0.8441823720932007, 'Other': 0.00014083136920817196, 'Sad': 0.004595277365297079, 'Surprised': 0.016364214941859245, 'Unknown': 4.9347945605404675e-05}",My brother's calling for you.
MATT,00:28:29,00:28:36,Neutral,"{'Angry': 9.24054534062399e-14, 'Disgusted': 3.4113625146285978e-15, 'Fearful': 5.585128789913963e-16, 'Happy': 1.238369622775723e-13, 'Neutral': 1.0, 'Other': 5.786297526700083e-16, 'Sad': 2.8028984298475446e-13, 'Surprised': 4.48831272983289e-14, 'Unknown': 2.1952184434657646e-15}","You feel the oppressive force of Clarota's voice in your heads simultaneously say, ""I can also accompany."""
ASHLEY,00:28:36,00:28:39,Neutral,"{'Angry': 2.106095020604215e-10, 'Disgusted': 3.9691108039141554e-11, 'Fearful': 5.2005643715047345e-12, 'Happy': 1.2831234963428528e-09, 'Neutral': 1.0, 'Other': 4.4170131961729364e-12, 'Sad': 6.054229340080042e-10, 'Surprised': 7.786155747924184e-11, 'Unknown': 1.628317099211518e-11}","Good plan. Good plan, Clarota."
SAM,00:28:39,00:28:44,Neutral,"{'Angry': 3.3452178804793675e-09, 'Disgusted': 1.8641281573916757e-10, 'Fearful': 3.7499225946646675e-11, 'Happy': 4.119340815122996e-07, 'Neutral': 0.9999996423721313, 'Other': 5.8542801682770484e-12, 'Sad': 5.928892488071824e-09, 'Surprised': 1.7435383137254234e-09, 'Unknown': 1.0713688616825756e-11}",All right. I'll step ahead and go invisible.
MATT,00:28:44,00:28:55,Happy,"{'Angry': 2.1968241981085157e-06, 'Disgusted': 2.2759031708119437e-06, 'Fearful': 9.343293783103945e-08, 'Happy': 0.9970706701278687, 'Neutral': 0.002915624063462019, 'Other': 5.643493068419048e-07, 'Sad': 5.867031632078579e-06, 'Surprised': 1.9737318268653326e-07, 'Unknown': 2.4857267817424145e-06}","All right, so mark off your next Invisibility spell. As you vanish, Clarota also kind of waves his hand for a moment, and his image disappears the same way Scanlan's did."
SAM,00:28:55,00:28:56,Neutral,"{'Angry': 0.0005535279051400721, 'Disgusted': 0.0009684035321697593, 'Fearful': 9.218939339916687e-06, 'Happy': 0.004495901055634022, 'Neutral': 0.967383623123169, 'Other': 0.00010729916539276019, 'Sad': 4.0805793105391786e-05, 'Surprised': 0.026439527049660683, 'Unknown': 1.6197890317926067e-06}",Ooh! He does that too?
MATT,00:28:56,00:28:57,Neutral,"{'Angry': 0.00991901382803917, 'Disgusted': 0.008274184539914131, 'Fearful': 0.0011585908941924572, 'Happy': 0.3572084605693817, 'Neutral': 0.41251876950263977, 'Other': 0.0001534862967673689, 'Sad': 0.20599691569805145, 'Surprised': 0.00473592197522521, 'Unknown': 3.465477129793726e-05}",Apparently.
LAURA,00:28:57,00:28:58,Neutral,"{'Angry': 2.259265966131352e-05, 'Disgusted': 1.1521849046403076e-05, 'Fearful': 3.3219780561921652e-06, 'Happy': 0.00034894791315309703, 'Neutral': 0.9994908571243286, 'Other': 6.527229743369389e-07, 'Sad': 8.712693670531735e-05, 'Surprised': 3.4846965718315914e-05, 'Unknown': 1.3846050705978996e-07}",What did he do?
SAM,00:28:58,00:29:10,Neutral,"{'Angry': 1.4892101773966715e-07, 'Disgusted': 9.886014140647603e-08, 'Fearful': 2.1711221265263703e-08, 'Happy': 1.8767463188851252e-05, 'Neutral': 0.9999797344207764, 'Other': 2.5743009501866254e-08, 'Sad': 7.63563775763032e-07, 'Surprised': 4.520028369370266e-07, 'Unknown': 8.071250334751312e-09}","He went invisible! (sings) We're walking down a hall, nobody's watching us. (laughter)"
MATT,00:29:10,00:29:12,Happy,"{'Angry': 0.005724910646677017, 'Disgusted': 0.04862694814801216, 'Fearful': 0.00016499176854267716, 'Happy': 0.781516969203949, 'Neutral': 0.15646576881408691, 'Other': 0.00031013350235298276, 'Sad': 0.0010891383280977607, 'Surprised': 0.005987673997879028, 'Unknown': 0.00011348025873303413}",As you're humming to yourself--
SAM,00:29:12,00:29:13,Surprised,"{'Angry': 0.00015124019409995526, 'Disgusted': 0.00019975380564574152, 'Fearful': 4.6066568756941706e-05, 'Happy': 0.000281550019280985, 'Neutral': 0.11669958382844925, 'Other': 8.280559086415451e-06, 'Sad': 0.00015881731815170497, 'Surprised': 0.8824540376663208, 'Unknown': 6.49141043140844e-07}",Oh no!
MATT,00:29:13,00:29:22,Neutral,"{'Angry': 3.82689258060509e-08, 'Disgusted': 2.2562717916230213e-08, 'Fearful': 2.0678574408350414e-09, 'Happy': 2.6068760234920774e-06, 'Neutral': 0.9999971389770508, 'Other': 1.50854972957859e-08, 'Sad': 1.9295279685138667e-07, 'Surprised': 9.191867711422219e-09, 'Unknown': 1.0112037429621523e-08}",You make your way down and eventually towards the back of where Vax is pressed against the--
LIAM,00:29:22,00:29:25,Neutral,"{'Angry': 0.002175033325329423, 'Disgusted': 0.00819769874215126, 'Fearful': 0.002380145015195012, 'Happy': 0.017253970727324486, 'Neutral': 0.9234327673912048, 'Other': 0.001269057160243392, 'Sad': 0.03452259302139282, 'Surprised': 0.009831568226218224, 'Unknown': 0.0009371908381581306}",I can feel Scanlan's flute pressing into my buttocks.
SAM,00:29:25,00:29:28,Neutral,"{'Angry': 0.16089871525764465, 'Disgusted': 0.18117137253284454, 'Fearful': 0.017992742359638214, 'Happy': 0.1358274519443512, 'Neutral': 0.3011225163936615, 'Other': 0.0004821837064810097, 'Sad': 0.14664334058761597, 'Surprised': 0.05532034859061241, 'Unknown': 0.000541284098289907}",That's not my flute! (laughter)
LIAM,00:29:28,00:29:33,Happy,"{'Angry': 1.5046616730352014e-10, 'Disgusted': 2.1954209283858717e-10, 'Fearful': 4.826472554952943e-11, 'Happy': 1.0, 'Neutral': 1.3274192856016498e-09, 'Other': 5.03623739933623e-11, 'Sad': 3.989719943309211e-10, 'Surprised': 2.0428046754172868e-10, 'Unknown': 2.7766894686309662e-11}","So I turn to them, and then I start-- I pass the door."
MATT,00:29:33,00:29:35,Happy,"{'Angry': 4.0079181640173545e-10, 'Disgusted': 9.4437246911383e-10, 'Fearful': 2.2738680383049825e-10, 'Happy': 1.0, 'Neutral': 2.543069310689816e-09, 'Other': 1.7645244987374298e-10, 'Sad': 1.5027407096468437e-09, 'Surprised': 1.3713075119881069e-09, 'Unknown': 5.820626619579272e-11}",Okay.
LIAM,00:29:35,00:29:37,Happy,"{'Angry': 8.677208951368698e-11, 'Disgusted': 1.4542626824987082e-10, 'Fearful': 3.931198422346682e-11, 'Happy': 1.0, 'Neutral': 8.071039392376633e-10, 'Other': 4.027787478544376e-11, 'Sad': 3.752115007582546e-10, 'Surprised': 1.5755310944776113e-10, 'Unknown': 2.1253304671731144e-11}",I'm gonna go around the corner to that other door.
MATT,00:29:37,00:29:38,Happy,"{'Angry': 8.565193638787605e-06, 'Disgusted': 7.901737990323454e-05, 'Fearful': 3.428012496442534e-05, 'Happy': 0.999784529209137, 'Neutral': 1.1093173270637635e-05, 'Other': 2.038481761701405e-05, 'Sad': 1.2374892321531661e-05, 'Surprised': 4.851449193665758e-05, 'Unknown': 1.2648260963032953e-06}",All right.
LIAM,00:29:38,00:29:41,Happy,"{'Angry': 8.98139518312746e-09, 'Disgusted': 2.877128757461378e-08, 'Fearful': 1.1029071877999286e-08, 'Happy': 0.9999998807907104, 'Neutral': 7.465438045528572e-08, 'Other': 1.097219026746643e-08, 'Sad': 5.7767596928215426e-08, 'Surprised': 3.125095915379461e-08, 'Unknown': 1.119489390077888e-08}",And now I'm going to stab the duergar in the neck.
MATT,00:29:41,00:29:45,Neutral,"{'Angry': 0.0023223760072141886, 'Disgusted': 0.0032410200219601393, 'Fearful': 0.0008243484771810472, 'Happy': 0.3481746315956116, 'Neutral': 0.5990243554115295, 'Other': 0.003666229546070099, 'Sad': 0.002627576934173703, 'Surprised': 0.0011109617771580815, 'Unknown': 0.039008546620607376}",All right! Go ahead and roll for an attack!
LIAM,00:29:45,00:29:48,Happy,"{'Angry': 0.008616279810667038, 'Disgusted': 0.05549240484833717, 'Fearful': 0.006886101793497801, 'Happy': 0.745954692363739, 'Neutral': 0.14494572579860687, 'Other': 0.0033995339181274176, 'Sad': 0.010025049559772015, 'Surprised': 0.015880823135375977, 'Unknown': 0.008799407631158829}","Natural 20, natural 20! (cheering)"
MATT,00:29:48,00:29:50,Happy,"{'Angry': 1.960945406054293e-09, 'Disgusted': 1.7388369855098063e-08, 'Fearful': 1.0524998650396356e-08, 'Happy': 0.9999998807907104, 'Neutral': 1.846719221987314e-08, 'Other': 1.7472116198291587e-08, 'Sad': 1.0701902475318548e-08, 'Surprised': 1.3293657730173436e-08, 'Unknown': 3.878961862824326e-08}",That's how you start the game.
MARISHA,00:29:50,00:29:55,Neutral,"{'Angry': 1.3325769032235257e-05, 'Disgusted': 4.233612344251014e-05, 'Fearful': 4.9447342462372035e-05, 'Happy': 0.0008118882542476058, 'Neutral': 0.9972153902053833, 'Other': 4.9902984756045043e-05, 'Sad': 0.0002398831711616367, 'Surprised': 4.91958303427964e-07, 'Unknown': 0.001577218296006322}",It's a good day! I feel like it's gonna be a good day.
MATT,00:29:55,00:30:02,Neutral,"{'Angry': 0.010179407894611359, 'Disgusted': 0.0063294051215052605, 'Fearful': 0.001464344561100006, 'Happy': 0.08947394788265228, 'Neutral': 0.8447794914245605, 'Other': 0.008242804557085037, 'Sad': 0.03235079348087311, 'Surprised': 0.001940052374266088, 'Unknown': 0.0052398499101400375}","All righty. So go ahead and roll damage. This is a sneak attack, as he didn't-- it was not aware you were there."
LIAM,00:30:02,00:30:11,Neutral,"{'Angry': 2.1496397550890833e-08, 'Disgusted': 7.273202040636306e-09, 'Fearful': 1.46244094612058e-09, 'Happy': 2.0070142454642337e-06, 'Neutral': 0.9999978542327881, 'Other': 2.368715001921373e-09, 'Sad': 1.253406907153476e-07, 'Surprised': 7.91241294706424e-09, 'Unknown': 5.4462341303462836e-09}","I'll use my keen dagger, I think. Four plus seven is-- This is a pencil, right? Okay, 11. Where-- how do you make it work? 11."
MATT,00:30:11,00:30:12,Neutral,"{'Angry': 0.23951271176338196, 'Disgusted': 0.05181591212749481, 'Fearful': 0.00231236987747252, 'Happy': 0.10371465981006622, 'Neutral': 0.5587931275367737, 'Other': 0.0002097825490636751, 'Sad': 0.029359448701143265, 'Surprised': 0.014098826795816422, 'Unknown': 0.00018310399900656193}",All right.
LIAM,00:30:12,00:30:15,Happy,"{'Angry': 1.0214299663857673e-06, 'Disgusted': 3.1149734240898397e-06, 'Fearful': 4.664986477109778e-07, 'Happy': 0.9999302625656128, 'Neutral': 5.756448445026763e-05, 'Other': 5.100907287669543e-07, 'Sad': 1.8880679135691025e-06, 'Surprised': 2.60854449152248e-06, 'Unknown': 2.541228013797081e-06}","Eight, 13--"
SAM,00:30:15,00:30:18,Neutral,"{'Angry': 4.2488931484285786e-08, 'Disgusted': 3.746782439861818e-08, 'Fearful': 2.486886785391107e-07, 'Happy': 1.474326268180448e-06, 'Neutral': 0.9999939203262329, 'Other': 1.0560869512232784e-08, 'Sad': 4.2537585613899864e-06, 'Surprised': 4.777131579203342e-08, 'Unknown': 6.090934867586384e-09}",Get him in the neck so he can't yell.
LIAM,00:30:18,00:30:21,Disgusted,"{'Angry': 0.001015907502733171, 'Disgusted': 0.9767125248908997, 'Fearful': 0.00024081503215711564, 'Happy': 0.009709211066365242, 'Neutral': 0.009209378622472286, 'Other': 0.0002229680394520983, 'Sad': 0.002023502951487899, 'Surprised': 0.0006114649004302919, 'Unknown': 0.00025427763466723263}",Ooh. 66.
MATT,00:30:21,00:30:30,Neutral,"{'Angry': 0.0003294410998933017, 'Disgusted': 0.00015954661648720503, 'Fearful': 1.0019946785178035e-05, 'Happy': 0.0011619353899732232, 'Neutral': 0.9977434873580933, 'Other': 0.00024152034893631935, 'Sad': 7.597311196150258e-05, 'Surprised': 3.033649772987701e-05, 'Unknown': 0.0002478273818269372}","You don't multiply the modifier. The modifier goes on at the end. So it's the dice roll plus your sneak attack, multiplied by two, and then the dex modifier at the end."
MARISHA,00:30:30,00:30:34,Happy,"{'Angry': 0.00021862894936930388, 'Disgusted': 0.0005704996292479336, 'Fearful': 0.00015607163368258625, 'Happy': 0.9902558922767639, 'Neutral': 0.003456233302131295, 'Other': 0.000364318722859025, 'Sad': 0.0004753216344397515, 'Surprised': 8.774719026405364e-05, 'Unknown': 0.004415355157107115}",That's a lot!
LIAM,00:30:34,00:30:35,Neutral,"{'Angry': 0.0053232884965837, 'Disgusted': 0.001373812323436141, 'Fearful': 0.00022264599101617932, 'Happy': 0.40820732712745667, 'Neutral': 0.5825298428535461, 'Other': 0.00010200361430179328, 'Sad': 0.001623063930310309, 'Surprised': 0.0005759471096098423, 'Unknown': 4.2077095713466406e-05}",Okay.
MATT,00:30:35,00:30:36,Neutral,"{'Angry': 1.0516755537537392e-05, 'Disgusted': 5.470982432598248e-05, 'Fearful': 9.863314335234463e-05, 'Happy': 3.3981279557337984e-05, 'Neutral': 0.9994972944259644, 'Other': 3.093226951023098e-06, 'Sad': 0.0002491702907718718, 'Surprised': 4.805602293345146e-05, 'Unknown': 4.533499577519251e-06}","Plus seven, I think, right at the end."
LIAM,00:30:36,00:30:40,Neutral,"{'Angry': 9.283412509830669e-05, 'Disgusted': 1.809274181141518e-05, 'Fearful': 9.887358828564174e-06, 'Happy': 0.00021067129273433238, 'Neutral': 0.9995179176330566, 'Other': 2.9476889267243678e-06, 'Sad': 0.0001154530982603319, 'Surprised': 2.7629712349153124e-05, 'Unknown': 4.500505383475684e-06}","Yeah, that's right. So it's the damage plus the sneak attack, double that--"
MATT,00:30:40,00:30:42,Neutral,"{'Angry': 2.862731207642355e-08, 'Disgusted': 1.3090000194893037e-08, 'Fearful': 4.18361612020135e-09, 'Happy': 3.3174600844176894e-07, 'Neutral': 0.9999995231628418, 'Other': 5.4019637651947505e-09, 'Sad': 1.1734388039030819e-07, 'Surprised': 3.6941270042945007e-09, 'Unknown': 2.9180243998894184e-08}",And then add the plus seven at the end.
LAURA,00:30:42,00:30:45,Neutral,"{'Angry': 6.755811465808392e-09, 'Disgusted': 8.277266871914435e-09, 'Fearful': 2.242290131349023e-09, 'Happy': 2.9206864482489436e-08, 'Neutral': 0.9999996423721313, 'Other': 5.285974769009272e-09, 'Sad': 3.1527537203146494e-07, 'Surprised': 3.7232908423057154e-10, 'Unknown': 4.360018834859147e-08}",That's 28 times two plus seven.
LIAM,00:30:45,00:30:46,Neutral,"{'Angry': 1.4452978369661196e-08, 'Disgusted': 8.391796590956346e-09, 'Fearful': 4.381990326152163e-09, 'Happy': 3.397263697024755e-07, 'Neutral': 0.9999990463256836, 'Other': 4.286250021579008e-09, 'Sad': 5.60546368433279e-07, 'Surprised': 1.3226018502621173e-08, 'Unknown': 4.7113508649943014e-09}",26.
MATT,00:30:46,00:30:50,Neutral,"{'Angry': 1.9032572140531556e-07, 'Disgusted': 1.3424306644083117e-07, 'Fearful': 1.0535331540495463e-07, 'Happy': 7.820436849215184e-07, 'Neutral': 0.9999946355819702, 'Other': 1.114602952156929e-07, 'Sad': 3.916989044228103e-06, 'Surprised': 4.857345814457403e-08, 'Unknown': 7.595961193374023e-08}",Splitting hairs here! That's enough. So.
LIAM,00:30:50,00:30:52,Happy,"{'Angry': 2.494439740985399e-06, 'Disgusted': 5.575761292675452e-07, 'Fearful': 3.7324241475289455e-07, 'Happy': 0.9414785504341125, 'Neutral': 0.05842721834778786, 'Other': 1.0013773987793684e-07, 'Sad': 8.899332897271961e-05, 'Surprised': 1.5284194887499325e-06, 'Unknown': 7.901447673930306e-08}",One plus two plus two plus one.
MATT,00:30:52,00:31:04,Neutral,"{'Angry': 2.1127249056007713e-05, 'Disgusted': 4.3935484427493066e-05, 'Fearful': 5.09603887621779e-06, 'Happy': 0.0007495562895201147, 'Neutral': 0.9989228844642639, 'Other': 7.447750249411911e-05, 'Sad': 8.67726921569556e-05, 'Surprised': 3.934758569812402e-05, 'Unknown': 5.689736644853838e-05}","So you hear this, 'Tink! Tink! Tink!' (pause) That's it. Without even a guttural noise, the dagger buries itself in the base of his skull. You see him just (grunts) and slump down to the ground."
LIAM,00:31:04,00:31:12,Neutral,"{'Angry': 0.008112507872283459, 'Disgusted': 0.003923395648598671, 'Fearful': 0.0017749679973348975, 'Happy': 0.05066308379173279, 'Neutral': 0.8569808006286621, 'Other': 0.007874262519180775, 'Sad': 0.04841652885079384, 'Surprised': 0.000735980982426554, 'Unknown': 0.021518539637327194}",I catch the hammer and I start going 'Tink! Tink! Tink!' And wave the two invisible beings into the room.
ASHLEY,00:31:12,00:31:13,Neutral,"{'Angry': 6.106696259777777e-10, 'Disgusted': 4.536412911981813e-11, 'Fearful': 4.2248708004288815e-11, 'Happy': 9.229172981406464e-09, 'Neutral': 1.0, 'Other': 1.8134232180125331e-12, 'Sad': 5.374074962816167e-09, 'Surprised': 3.842304696632937e-09, 'Unknown': 2.872559774682454e-13}",Hey! What happened in there?
SAM,00:31:13,00:31:16,Surprised,"{'Angry': 0.008176521398127079, 'Disgusted': 0.010066351853311062, 'Fearful': 0.0008960124687291682, 'Happy': 0.15064026415348053, 'Neutral': 0.34953731298446655, 'Other': 0.021185722202062607, 'Sad': 0.0022528930567204952, 'Surprised': 0.3692919909954071, 'Unknown': 0.08795292675495148}",We're here! We're ready to fight. What do you need us to do?
MATT,00:31:16,00:31:35,Neutral,"{'Angry': 1.7470808057629822e-13, 'Disgusted': 5.861121558524331e-15, 'Fearful': 1.0961839829200085e-15, 'Happy': 2.1828037695490604e-13, 'Neutral': 1.0, 'Other': 8.968730011454538e-16, 'Sad': 6.125235410027463e-13, 'Surprised': 6.535639813631117e-14, 'Unknown': 3.9968312642542966e-15}","Kima at this point-- You can see her hand kind of tensing around the sword as she looks back at Grog, whose hands are also wringing his greataxe. ""I want to kill something!"" She kind of backs off to the side and sees the other duergar that are there."
ASHLEY,00:31:35,00:31:36,Neutral,"{'Angry': 7.772428034513723e-07, 'Disgusted': 9.969702432499616e-07, 'Fearful': 4.291874233786075e-08, 'Happy': 1.915761095006019e-05, 'Neutral': 0.9999690055847168, 'Other': 1.9913865401122166e-07, 'Sad': 9.660318937676493e-06, 'Surprised': 1.2929412207540736e-07, 'Unknown': 7.632596066287078e-08}",(Grog voice) I want to rage!
MATT,00:31:36,00:31:39,Neutral,"{'Angry': 2.4598051595603465e-07, 'Disgusted': 2.0146387669228716e-07, 'Fearful': 2.7265146584909417e-08, 'Happy': 6.57078780932352e-05, 'Neutral': 0.9999325275421143, 'Other': 1.2080035105554998e-07, 'Sad': 9.95486061583506e-07, 'Surprised': 3.1216206508588584e-08, 'Unknown': 9.593360772441883e-08}",And she's going to go ahead and run around.
LIAM,00:31:39,00:31:42,Neutral,"{'Angry': 0.00026049985899589956, 'Disgusted': 0.0021254110615700483, 'Fearful': 0.00046587231918238103, 'Happy': 0.003382701426744461, 'Neutral': 0.9843072295188904, 'Other': 7.439455657731742e-05, 'Sad': 0.008813980035483837, 'Surprised': 0.00022683768474962562, 'Unknown': 0.00034306649467907846}","Don't waste my natural 20, Kima. Come on!"
LAURA,00:31:42,00:31:44,Neutral,"{'Angry': 4.701201992800275e-13, 'Disgusted': 1.4791006215501314e-14, 'Fearful': 3.648093400309598e-15, 'Happy': 5.34476705515291e-13, 'Neutral': 1.0, 'Other': 1.7580900444971194e-15, 'Sad': 1.5958658006187676e-12, 'Surprised': 1.552955490981625e-13, 'Unknown': 1.014764529051965e-14}","Man, you can't control Kima!"
MARISHA,00:31:44,00:31:48,Neutral,"{'Angry': 1.9126477745351478e-12, 'Disgusted': 8.34850309543167e-14, 'Fearful': 2.2170836672628924e-14, 'Happy': 2.826333134545167e-12, 'Neutral': 1.0, 'Other': 7.622214017182112e-15, 'Sad': 6.496943174422176e-12, 'Surprised': 5.940790936444229e-13, 'Unknown': 5.025329585513043e-14}","This is why we don't have AI in the party, guys. You can't control the AI."
MATT,00:31:48,00:31:57,Neutral,"{'Angry': 4.158939685694474e-12, 'Disgusted': 2.6693358352695984e-13, 'Fearful': 7.793171354552805e-14, 'Happy': 5.456083067983952e-12, 'Neutral': 1.0, 'Other': 2.2173035570159996e-14, 'Sad': 1.6078371273264835e-11, 'Surprised': 1.9845572667848144e-12, 'Unknown': 1.4114896046673459e-13}","You know you guys are telling a very, very angry woman right now to be patient. Doesn't seem to make a ruckus."
LAURA,00:31:57,00:32:03,Neutral,"{'Angry': 6.928997848577867e-14, 'Disgusted': 2.833550731087841e-15, 'Fearful': 4.3051979497460793e-16, 'Happy': 1.0227902509304942e-13, 'Neutral': 1.0, 'Other': 6.40802500394066e-16, 'Sad': 2.5185425576654263e-13, 'Surprised': 3.383667925385171e-14, 'Unknown': 2.262656877385547e-15}","Can I sneak up to the corner at least, so I can be ready to attack those two bastards?"
MATT,00:32:03,00:32:08,Neutral,"{'Angry': 2.5875869155700393e-11, 'Disgusted': 1.5006304575695961e-12, 'Fearful': 4.117915860732402e-13, 'Happy': 7.503614396497937e-11, 'Neutral': 1.0, 'Other': 1.2708234529805462e-13, 'Sad': 8.048298832941114e-11, 'Surprised': 7.550628525199166e-12, 'Unknown': 5.664062426545546e-13}","Over to here? All righty. Trinket, who hasn't seen you in a while, is sticking to your back."
LAURA,00:32:08,00:32:10,Neutral,"{'Angry': 0.0005907844752073288, 'Disgusted': 0.0008817223133519292, 'Fearful': 0.003366360440850258, 'Happy': 0.012144217267632484, 'Neutral': 0.9772830605506897, 'Other': 9.773705824045464e-05, 'Sad': 0.0009294291376136243, 'Surprised': 0.0018390924669802189, 'Unknown': 0.0028676525689661503}",I sit there and I kind of pet him as I look around the corner.
MATT,00:32:10,00:32:32,Neutral,"{'Angry': 5.983412550147893e-13, 'Disgusted': 2.6777281360670403e-14, 'Fearful': 6.249922386808264e-15, 'Happy': 9.069585360510501e-13, 'Neutral': 1.0, 'Other': 2.833453322298907e-15, 'Sad': 1.9996378684827842e-12, 'Surprised': 2.2385260691534098e-13, 'Unknown': 1.8944777861805255e-14}","Okay. Trinket is enjoying the petting. All right, so that duergar's down, the current armory section appears to be completely open and at your disposal. There are a series of partially made weapons kind of scattered in a pile. There are some ingots, and even some raw iron material in the far corner. Other than that, it just looks like your general smithing workshop."
SAM,00:32:32,00:32:34,Neutral,"{'Angry': 3.395247138993085e-10, 'Disgusted': 1.01899870486033e-10, 'Fearful': 3.279049254345523e-11, 'Happy': 1.3327240422356113e-09, 'Neutral': 1.0, 'Other': 3.219069455440149e-11, 'Sad': 2.703192780728614e-09, 'Surprised': 4.177195048193916e-11, 'Unknown': 1.4470299958269095e-10}",Is Kima with us now?
MATT,00:32:34,00:32:38,Neutral,"{'Angry': 3.4724559517954404e-14, 'Disgusted': 1.2280332373687313e-15, 'Fearful': 1.843663956743429e-16, 'Happy': 4.2863082468135374e-14, 'Neutral': 1.0, 'Other': 2.980758704573534e-16, 'Sad': 1.1447478165046987e-13, 'Surprised': 2.0461971418465896e-14, 'Unknown': 7.649707541979684e-16}",Kima is currently looking around this section with you guys.
SAM,00:32:38,00:32:43,Neutral,"{'Angry': 1.3858658665100165e-10, 'Disgusted': 1.924007064779687e-10, 'Fearful': 6.641293764930722e-11, 'Happy': 1.906735436207896e-09, 'Neutral': 1.0, 'Other': 1.644084174357019e-10, 'Sad': 1.1265537835924988e-08, 'Surprised': 1.0615855416951092e-10, 'Unknown': 2.0771045994294468e-10}","Kima, do you see any of your equipment here that you wanted?"
MATT,00:32:43,00:32:53,Happy,"{'Angry': 0.00020713514823000878, 'Disgusted': 0.0003344088909216225, 'Fearful': 3.777525125769898e-05, 'Happy': 0.8653243184089661, 'Neutral': 0.1309690624475479, 'Other': 0.0004638054233510047, 'Sad': 0.000652173301205039, 'Surprised': 1.682952461123932e-05, 'Unknown': 0.0019944533705711365}","She glances around, goes and move some of the piles by, turning over the room as quietly as she can-- not as quietly as you'd like-- but quiet enough. ""No. Nothing's here."""
SAM,00:32:53,00:33:00,Neutral,"{'Angry': 8.74526085681282e-05, 'Disgusted': 5.78825238335412e-05, 'Fearful': 7.49094351704116e-06, 'Happy': 0.006633517798036337, 'Neutral': 0.9926213026046753, 'Other': 5.9273930673953146e-05, 'Sad': 0.00016909984697122127, 'Surprised': 2.7382354801375186e-06, 'Unknown': 0.0003612742875702679}",Can't you just take one of these things and call it a day? (laughter)
MATT,00:33:00,00:33:02,Neutral,"{'Angry': 6.124287756392732e-05, 'Disgusted': 0.00011515842197695747, 'Fearful': 4.838603672396857e-06, 'Happy': 0.0005372984451241791, 'Neutral': 0.9991816878318787, 'Other': 3.505188260533032e-06, 'Sad': 6.551149272127077e-05, 'Surprised': 2.910858347604517e-05, 'Unknown': 1.687478970779921e-06}",She glares in the direction of your voice.
SAM,00:33:02,00:33:03,Neutral,"{'Angry': 0.0170064065605402, 'Disgusted': 0.0241074338555336, 'Fearful': 0.0019370721420273185, 'Happy': 0.044612348079681396, 'Neutral': 0.8672179579734802, 'Other': 0.00014292960986495018, 'Sad': 0.041566312313079834, 'Surprised': 0.0032816550228744745, 'Unknown': 0.00012788065942004323}","I'm invisible, I--"
MATT,00:33:03,00:33:07,Happy,"{'Angry': 0.06773856282234192, 'Disgusted': 0.03649326413869858, 'Fearful': 0.0013843135675415397, 'Happy': 0.5294350981712341, 'Neutral': 0.12491198629140854, 'Other': 0.0228206068277359, 'Sad': 0.21216024458408356, 'Surprised': 0.0019815813284367323, 'Unknown': 0.0030743004754185677}","""This will do me just fine for now!"""
SAM,00:33:07,00:33:08,Neutral,"{'Angry': 0.011491332203149796, 'Disgusted': 0.4039175510406494, 'Fearful': 0.0018600771436467767, 'Happy': 0.05544768273830414, 'Neutral': 0.4329815208911896, 'Other': 0.004738386254757643, 'Sad': 0.042555149644613266, 'Surprised': 0.046387575566768646, 'Unknown': 0.0006207078695297241}",Oh!
MATT,00:33:08,00:33:16,Neutral,"{'Angry': 1.1676144822558854e-05, 'Disgusted': 7.440610716002993e-06, 'Fearful': 8.469770023111778e-07, 'Happy': 7.394471322186291e-05, 'Neutral': 0.999836802482605, 'Other': 1.4075055332796182e-05, 'Sad': 4.405262370710261e-05, 'Surprised': 1.149538093159208e-06, 'Unknown': 9.844451597018633e-06}","""Right. Let's keep looking."" She leaves the room. She starts heading down this way--"
LIAM,00:33:16,00:33:18,Neutral,"{'Angry': 1.8355669414993336e-11, 'Disgusted': 1.1889839156634108e-12, 'Fearful': 1.9760351666585352e-13, 'Happy': 1.0230084140916418e-10, 'Neutral': 1.0, 'Other': 7.547165203989487e-14, 'Sad': 5.214253334662189e-11, 'Surprised': 6.5741791351048295e-12, 'Unknown': 2.0280297081433363e-13}","All right, I'm following after her, tiptoeing after her."
LAURA,00:33:18,00:33:23,Neutral,"{'Angry': 4.151456197039327e-13, 'Disgusted': 1.6271472423569008e-14, 'Fearful': 3.3920666805736712e-15, 'Happy': 7.383555030403277e-13, 'Neutral': 1.0, 'Other': 1.0326844639631954e-15, 'Sad': 9.62909006002599e-13, 'Surprised': 1.9050558385576982e-13, 'Unknown': 7.515186322098848e-15}",We should go after her. 'Cause we're all gonna split up.
LIAM,00:33:23,00:33:26,Neutral,"{'Angry': 1.50895539263729e-06, 'Disgusted': 2.715780510698096e-06, 'Fearful': 1.1509591502090188e-07, 'Happy': 2.2398407963919453e-06, 'Neutral': 0.999984622001648, 'Other': 1.765150614119193e-06, 'Sad': 1.5068860648170812e-06, 'Surprised': 2.9206315588226062e-08, 'Unknown': 5.418277851276798e-06}","Yeah, I speak into my earring and say zubba zubba zubba zubba."
LAURA,00:33:26,00:33:30,Neutral,"{'Angry': 3.464654951823576e-11, 'Disgusted': 1.5622380125646096e-11, 'Fearful': 4.801705907886422e-12, 'Happy': 2.2182852776886364e-10, 'Neutral': 1.0, 'Other': 2.560660667880188e-12, 'Sad': 6.193523471864637e-10, 'Surprised': 3.331099632242207e-11, 'Unknown': 3.047077781065388e-12}",Let's all go in that back way and see if we can stealth around.
MATT,00:33:30,00:33:32,Neutral,"{'Angry': 0.0009118241723626852, 'Disgusted': 0.001368366414681077, 'Fearful': 0.001220590784214437, 'Happy': 0.0050112344324588776, 'Neutral': 0.9444079399108887, 'Other': 0.0007329906802624464, 'Sad': 0.0009576119482517242, 'Surprised': 6.471970209531719e-06, 'Unknown': 0.045383039861917496}","Okay. For everyone else, stealth check."
TALIESIN,00:33:32,00:33:34,Neutral,"{'Angry': 3.400319609214719e-11, 'Disgusted': 3.4662986456851508e-12, 'Fearful': 9.375099438088674e-13, 'Happy': 5.861603563639406e-11, 'Neutral': 1.0, 'Other': 2.8101677343635167e-13, 'Sad': 1.103764857290912e-10, 'Surprised': 8.270014013878058e-12, 'Unknown': 2.2110217302862e-12}",Oh boy.
ASHLEY,00:33:34,00:33:35,Neutral,"{'Angry': 0.0004544416442513466, 'Disgusted': 3.0165221687639132e-05, 'Fearful': 1.6392297084166785e-06, 'Happy': 5.099831923871534e-06, 'Neutral': 0.9991507530212402, 'Other': 1.2964134157300577e-06, 'Sad': 0.0003551617555785924, 'Surprised': 7.415085860884574e-07, 'Unknown': 6.928897846592008e-07}",Here we go!
ORION,00:33:35,00:33:37,Neutral,"{'Angry': 7.380764373010607e-07, 'Disgusted': 2.0004848977350775e-07, 'Fearful': 7.195558993089435e-08, 'Happy': 0.00010164049308514223, 'Neutral': 0.9998906850814819, 'Other': 2.1244572323553257e-08, 'Sad': 6.3045977185538504e-06, 'Surprised': 4.2904679276034585e-07, 'Unknown': 2.3698314421949362e-08}",Yes! Natural 20!
MATT,00:33:37,00:33:40,Neutral,"{'Angry': 2.7575485006536837e-08, 'Disgusted': 9.989731708515137e-09, 'Fearful': 7.595787998582182e-09, 'Happy': 6.519782687064435e-07, 'Neutral': 0.9999990463256836, 'Other': 3.572133699947244e-09, 'Sad': 2.2194524262886262e-07, 'Surprised': 5.706021433127262e-09, 'Unknown': 1.1125449006499366e-08}","Disadvantage on you, Pike, because of your heavy armor."
ASHLEY,00:33:40,00:33:42,Neutral,"{'Angry': 0.03694479539990425, 'Disgusted': 0.013460452668368816, 'Fearful': 7.028348045423627e-05, 'Happy': 0.002287866547703743, 'Neutral': 0.945773184299469, 'Other': 1.8099970475304872e-05, 'Sad': 0.0006370126502588391, 'Surprised': 0.0007924999226815999, 'Unknown': 1.586026519362349e-05}",So that means I roll twice?
MATT,00:33:42,00:33:43,Happy,"{'Angry': 8.115908713079989e-05, 'Disgusted': 3.771805131691508e-05, 'Fearful': 6.816858331148978e-06, 'Happy': 0.9976239800453186, 'Neutral': 0.0021253852173686028, 'Other': 5.453395033327979e-07, 'Sad': 0.0001028286133077927, 'Surprised': 2.136256625817623e-05, 'Unknown': 8.783288762970187e-08}","Roll twice, take the lower."
ASHLEY,00:33:43,00:33:44,Neutral,"{'Angry': 0.002242982154712081, 'Disgusted': 0.0031452139373868704, 'Fearful': 9.706954006105661e-05, 'Happy': 0.0008674467098899186, 'Neutral': 0.9903979301452637, 'Other': 4.0013992474996485e-06, 'Sad': 0.003118580672889948, 'Surprised': 0.00012123226042604074, 'Unknown': 5.5041227824403904e-06}",I take the lower one.
ORION,00:33:44,00:33:53,Neutral,"{'Angry': 2.4472893329907652e-12, 'Disgusted': 1.1956078759412653e-13, 'Fearful': 4.086951249974123e-14, 'Happy': 4.413106165224168e-12, 'Neutral': 1.0, 'Other': 1.2511992920146049e-14, 'Sad': 8.915671152742721e-12, 'Surprised': 2.3737728362810406e-12, 'Unknown': 5.717844410836961e-14}","Now as that happens, I want to cast Mage Hand and I want to cast Light on it, and I want to slowly have it drift down there."
MATT,00:33:53,00:33:56,Neutral,"{'Angry': 1.0018554874591246e-08, 'Disgusted': 7.274253976952139e-10, 'Fearful': 2.2580139147354572e-11, 'Happy': 2.083263117569345e-09, 'Neutral': 1.0, 'Other': 1.9391295860704538e-11, 'Sad': 9.514580234792902e-10, 'Surprised': 6.289185838781464e-10, 'Unknown': 4.857919969070146e-11}",They're both concentration spells. You can have one or the other.
ORION,00:33:56,00:33:58,Neutral,"{'Angry': 2.2019188250510524e-08, 'Disgusted': 1.6303145500273786e-08, 'Fearful': 2.7192235130257814e-09, 'Happy': 1.0870272149077209e-07, 'Neutral': 0.9999998807907104, 'Other': 2.276620225671877e-09, 'Sad': 4.231877070992596e-08, 'Surprised': 3.5297456069116606e-09, 'Unknown': 7.077344044148504e-09}",Dagnabbit.
MATT,00:33:58,00:34:00,Neutral,"{'Angry': 3.245531274842506e-07, 'Disgusted': 3.3723219416970096e-07, 'Fearful': 4.887349192017609e-08, 'Happy': 6.537604235745675e-07, 'Neutral': 0.9999974966049194, 'Other': 1.1204721772628545e-07, 'Sad': 2.9297035553099704e-07, 'Surprised': 1.3453431257914872e-08, 'Unknown': 7.375691097877279e-07}","Mage Hand isn't an actual object, unfortunately."
ORION,00:34:00,00:34:15,Neutral,"{'Angry': 5.388964895527461e-14, 'Disgusted': 1.909626673980637e-15, 'Fearful': 2.8724128674056644e-16, 'Happy': 6.962303184063906e-14, 'Neutral': 1.0, 'Other': 3.908668475214043e-16, 'Sad': 1.5574879981637008e-13, 'Surprised': 3.032608682945227e-14, 'Unknown': 1.1993432785331625e-15}","Dagnabbit. Okay, fine. Instead I cast Prestidigitation and I make a little glowy orb, and it's a little flickery, and I cast-- I think I can maybe try, what, 15 feet?"
MATT,00:34:15,00:34:18,Neutral,"{'Angry': 2.1922845483413056e-12, 'Disgusted': 9.683989450181424e-14, 'Fearful': 2.4637166222071794e-14, 'Happy': 2.7719679850102263e-12, 'Neutral': 1.0, 'Other': 7.628555752858205e-15, 'Sad': 7.091833630762379e-12, 'Surprised': 5.974813200616824e-13, 'Unknown': 5.3868073332042146e-14}",Okay. And where are you casting it? Just in the middle of this hallway here?
ORION,00:34:18,00:34:19,Angry,"{'Angry': 0.7765361070632935, 'Disgusted': 0.028334535658359528, 'Fearful': 0.17873002588748932, 'Happy': 0.0019928491674363613, 'Neutral': 0.009862403385341167, 'Other': 2.3627086193300784e-05, 'Sad': 0.004103740677237511, 'Surprised': 0.00033666190574876964, 'Unknown': 7.997781358426437e-05}",No. To my left.
MATT,00:34:19,00:34:20,Neutral,"{'Angry': 2.693533679121174e-05, 'Disgusted': 9.711402526590973e-07, 'Fearful': 1.1734498883697597e-07, 'Happy': 2.04685111384606e-05, 'Neutral': 0.9999431371688843, 'Other': 1.0841661435279093e-07, 'Sad': 7.928170816740021e-06, 'Surprised': 4.30378264582032e-07, 'Unknown': 2.081660355202075e-08}",Here?
SAM,00:34:20,00:34:21,Neutral,"{'Angry': 0.0005751913413405418, 'Disgusted': 9.351639164378867e-05, 'Fearful': 3.9331618609139696e-05, 'Happy': 0.0009021839359775186, 'Neutral': 0.9875736832618713, 'Other': 4.0615273064759094e-06, 'Sad': 0.01051478274166584, 'Surprised': 0.00029666550108231604, 'Unknown': 6.077589773667569e-07}",He wants to see in the dark place.
ORION,00:34:21,00:34:23,Neutral,"{'Angry': 1.1723190473933442e-10, 'Disgusted': 1.2408487432002957e-11, 'Fearful': 2.5112622484974034e-12, 'Happy': 1.807954619348351e-10, 'Neutral': 1.0, 'Other': 1.1803163698156927e-12, 'Sad': 1.9701971998298262e-10, 'Surprised': 2.0941012812691895e-11, 'Unknown': 6.6858510915090985e-12}",I wanna see in the dark place.
MATT,00:34:23,00:34:31,Neutral,"{'Angry': 6.573595698810761e-14, 'Disgusted': 2.4795690979249278e-15, 'Fearful': 3.750894295106945e-16, 'Happy': 9.363478959203975e-14, 'Neutral': 1.0, 'Other': 5.409390629182377e-16, 'Sad': 2.2176263104502214e-13, 'Surprised': 3.2707428481099435e-14, 'Unknown': 1.81511622003366e-15}",There is no entrance to this room currently from what you can see. It's just a wall. There is a door on the opposite side.
SAM,00:34:31,00:34:33,Neutral,"{'Angry': 1.898876833550389e-09, 'Disgusted': 8.336230594707672e-10, 'Fearful': 7.012619651636243e-11, 'Happy': 7.007874387454649e-07, 'Neutral': 0.9999992847442627, 'Other': 2.8194582779583754e-10, 'Sad': 3.069996523663576e-08, 'Surprised': 9.69072821987993e-10, 'Unknown': 1.5798871932926062e-10}",Now it's a well-lit wall.
ORION,00:34:33,00:34:38,Neutral,"{'Angry': 1.94084180150933e-12, 'Disgusted': 6.898812304843155e-14, 'Fearful': 2.0565931160214206e-14, 'Happy': 2.9130873061000706e-12, 'Neutral': 1.0, 'Other': 4.202198637480838e-15, 'Sad': 5.061793432320494e-12, 'Surprised': 6.793142437455657e-13, 'Unknown': 3.426133752789176e-14}","Hm. All right, well, I follow after the bear. (laughter)"
MATT,00:34:38,00:34:41,Neutral,"{'Angry': 6.937488506841144e-14, 'Disgusted': 2.5282717983261555e-15, 'Fearful': 4.2985680640492423e-16, 'Happy': 7.760376271714192e-14, 'Neutral': 1.0, 'Other': 6.000134170607984e-16, 'Sad': 2.436756850986155e-13, 'Surprised': 3.434050122714215e-14, 'Unknown': 1.863171363746712e-15}","All right, so what was your stealth roll?"
LAURA,00:34:41,00:34:42,Neutral,"{'Angry': 2.7545806347700763e-12, 'Disgusted': 1.2520473752827138e-13, 'Fearful': 2.869852996196208e-14, 'Happy': 3.649895056329067e-12, 'Neutral': 1.0, 'Other': 8.384115918072619e-15, 'Sad': 6.772627163947886e-12, 'Surprised': 7.519365989236415e-13, 'Unknown': 7.179995394892766e-14}","Oh, it was 17."
MATT,00:34:42,00:34:44,Neutral,"{'Angry': 0.0002010181633522734, 'Disgusted': 0.0005088643520139158, 'Fearful': 4.582182373269461e-05, 'Happy': 0.00020655590924434364, 'Neutral': 0.9952269792556763, 'Other': 0.00012740210513584316, 'Sad': 0.000993744470179081, 'Surprised': 5.916808163419773e-07, 'Unknown': 0.002689048182219267}",17. Roll for Trinket.
LAURA,00:34:44,00:34:46,Neutral,"{'Angry': 2.2794713459006744e-06, 'Disgusted': 5.687441984036923e-08, 'Fearful': 8.336949264275972e-08, 'Happy': 1.176782461698167e-06, 'Neutral': 0.9999700784683228, 'Other': 1.4557477356902382e-07, 'Sad': 2.115611277986318e-05, 'Surprised': 5.097189387015533e-06, 'Unknown': 7.733488849304138e-10}",Oh gosh.
SAM,00:34:46,00:34:47,Neutral,"{'Angry': 4.315863985637769e-11, 'Disgusted': 6.850657627982537e-12, 'Fearful': 3.1320835681969417e-12, 'Happy': 1.1650699849319324e-10, 'Neutral': 1.0, 'Other': 4.713601470945905e-13, 'Sad': 4.599827463369621e-10, 'Surprised': 4.050916199704879e-11, 'Unknown': 9.142254011121342e-13}",(bear noises)
LAURA,00:34:47,00:34:49,Sad,"{'Angry': 0.002534582745283842, 'Disgusted': 0.0019359063589945436, 'Fearful': 0.0016869871178641915, 'Happy': 0.011663638986647129, 'Neutral': 0.3108605146408081, 'Other': 0.0003947872028220445, 'Sad': 0.3864792585372925, 'Surprised': 0.2839983403682709, 'Unknown': 0.00044599155080504715}",I thought he just got what I got. Crap.
SAM,00:34:49,00:34:51,Neutral,"{'Angry': 4.854349811012071e-08, 'Disgusted': 4.618255999844223e-08, 'Fearful': 2.727408521252528e-09, 'Happy': 2.1645259096203517e-07, 'Neutral': 0.9999995231628418, 'Other': 3.0733719569298046e-08, 'Sad': 6.318816048178633e-08, 'Surprised': 3.2240607961142587e-09, 'Unknown': 7.274715585481317e-08}",Not good.
LAURA,00:34:51,00:34:53,Neutral,"{'Angry': 6.820182751887671e-10, 'Disgusted': 2.5161694949815683e-10, 'Fearful': 4.544553275365182e-11, 'Happy': 9.210918250346367e-09, 'Neutral': 1.0, 'Other': 3.441550169847041e-11, 'Sad': 2.7382882628046445e-09, 'Surprised': 2.5604288134140063e-10, 'Unknown': 1.3703864432113022e-10}",What do I add to it?
SAM,00:34:53,00:34:54,Neutral,"{'Angry': 0.0023003797978162766, 'Disgusted': 2.978802331199404e-05, 'Fearful': 5.883408448426053e-06, 'Happy': 0.003541697282344103, 'Neutral': 0.9939091205596924, 'Other': 6.603261863347143e-05, 'Sad': 0.00011927932064281777, 'Surprised': 5.122901711729355e-06, 'Unknown': 2.268497337354347e-05}",Nothing.
MATT,00:34:54,00:34:55,Neutral,"{'Angry': 0.03619559854269028, 'Disgusted': 0.007497100625187159, 'Fearful': 0.00013014880823902786, 'Happy': 0.001876800786703825, 'Neutral': 0.9509758353233337, 'Other': 0.0004985795821994543, 'Sad': 0.0005317317554727197, 'Surprised': 5.236742799752392e-05, 'Unknown': 0.002241864101961255}",Add his dex modifier. Trinket's dex modifier.
LAURA,00:34:55,00:34:59,Neutral,"{'Angry': 2.682402910902937e-12, 'Disgusted': 1.203921538199884e-13, 'Fearful': 3.178304109697008e-14, 'Happy': 3.997874080396979e-12, 'Neutral': 1.0, 'Other': 9.678371250048876e-15, 'Sad': 9.451914945168838e-12, 'Surprised': 7.50519546684203e-13, 'Unknown': 6.895102300534181e-14}","Okay, hold on. Hold on. Oh, good."
"LIAM, LAURA",00:34:59,00:35:01,Neutral,"{'Angry': 4.582340062952994e-10, 'Disgusted': 1.5674321562908489e-10, 'Fearful': 4.5250834329602085e-11, 'Happy': 6.324748280661652e-09, 'Neutral': 1.0, 'Other': 2.611206216529549e-11, 'Sad': 2.812635013782483e-09, 'Surprised': 1.4064714670691814e-10, 'Unknown': 5.7397610969678325e-11}",11.
MATT,00:35:01,00:35:08,Neutral,"{'Angry': 1.6358902080182425e-12, 'Disgusted': 6.262180986434107e-14, 'Fearful': 1.619369785835212e-14, 'Happy': 1.9671237295321164e-12, 'Neutral': 1.0, 'Other': 4.7498503306269476e-15, 'Sad': 4.774344981861578e-12, 'Surprised': 5.225488553146918e-13, 'Unknown': 3.6138487899883484e-14}","All right, as you guys are making your way down the hallway, slowly--"
LAURA,00:35:08,00:35:12,Neutral,"{'Angry': 1.7669333606928211e-13, 'Disgusted': 6.224012919501176e-15, 'Fearful': 1.1192550428208476e-15, 'Happy': 2.4559903264755045e-13, 'Neutral': 1.0, 'Other': 7.103515815997286e-16, 'Sad': 4.798004983770643e-13, 'Surprised': 7.530370912337686e-14, 'Unknown': 3.5265318904008705e-15}",I kinda clamp my hand over his mouth and tell him to shush.
MATT,00:35:12,00:35:17,Neutral,"{'Angry': 7.130864833015949e-05, 'Disgusted': 0.0009692340972833335, 'Fearful': 0.0006140507757663727, 'Happy': 0.0051161800511181355, 'Neutral': 0.9329068660736084, 'Other': 0.0011758687905967236, 'Sad': 0.009046869352459908, 'Surprised': 3.4229258289997233e-06, 'Unknown': 0.05009613558650017}",You guys make your way down here. One of the duergar glances over--
SAM,00:35:17,00:35:18,Sad,"{'Angry': 0.000996722374111414, 'Disgusted': 0.0004708425549324602, 'Fearful': 0.0004073468444403261, 'Happy': 0.001980348490178585, 'Neutral': 0.0032540138345211744, 'Other': 0.3471108376979828, 'Sad': 0.6450688242912292, 'Surprised': 0.0006347530870698392, 'Unknown': 7.626900332979858e-05}",Oh boy.
MATT,00:35:18,00:35:21,Neutral,"{'Angry': 1.6348851161751554e-08, 'Disgusted': 1.9132089690288012e-08, 'Fearful': 8.64407656564481e-09, 'Happy': 3.682993394704681e-07, 'Neutral': 0.9999994039535522, 'Other': 7.037564309086974e-09, 'Sad': 1.2083714295840764e-07, 'Surprised': 1.2256703429969207e-09, 'Unknown': 1.1596349480669232e-07}",-- utters something to the friend at his side and he goes--
LIAM,00:35:21,00:35:23,Neutral,"{'Angry': 8.348607395680663e-12, 'Disgusted': 1.3571891006869397e-12, 'Fearful': 1.2394896036199005e-13, 'Happy': 1.2541232809193392e-11, 'Neutral': 1.0, 'Other': 1.1082374438715209e-13, 'Sad': 1.9959464636620794e-11, 'Surprised': 9.838339344592217e-12, 'Unknown': 9.87900218444096e-14}",I heard the bear and I start sliding my back down along the wall.
LAURA,00:35:23,00:35:27,Neutral,"{'Angry': 4.909695019246138e-14, 'Disgusted': 1.964960583567682e-15, 'Fearful': 3.010067632735309e-16, 'Happy': 6.890330455722529e-14, 'Neutral': 1.0, 'Other': 5.023464948358781e-16, 'Sad': 1.6007303176111126e-13, 'Surprised': 2.9941178117560974e-14, 'Unknown': 1.4919577981839754e-15}",Oh crap. I turn around and notch my arrow for them.
MATT,00:35:27,00:35:30,Neutral,"{'Angry': 2.3862598563795245e-09, 'Disgusted': 1.975447139201947e-09, 'Fearful': 2.496297890619559e-10, 'Happy': 7.606163876516803e-08, 'Neutral': 0.9999998807907104, 'Other': 3.9954994868196536e-10, 'Sad': 2.7374536415436523e-08, 'Surprised': 8.707951582032081e-10, 'Unknown': 6.58240351114614e-10}","Okay, Trinket moves past"
TALIESIN,00:35:30,00:35:33,Neutral,"{'Angry': 1.1393876293841476e-12, 'Disgusted': 4.333567603072644e-14, 'Fearful': 9.57671459088415e-15, 'Happy': 1.7670115587745117e-12, 'Neutral': 1.0, 'Other': 2.677956707907857e-15, 'Sad': 2.725736086492403e-12, 'Surprised': 3.619051672926199e-13, 'Unknown': 2.5435237276843006e-14}","I walk up to the very, very edge of the hallway."
LIAM,00:35:33,00:35:38,Neutral,"{'Angry': 8.528532191576232e-08, 'Disgusted': 4.4203687821209314e-08, 'Fearful': 5.6384241275964087e-08, 'Happy': 2.8495946935436223e-07, 'Neutral': 0.9999982118606567, 'Other': 7.687459060434776e-07, 'Sad': 2.788073345527664e-07, 'Surprised': 1.786854886276501e-09, 'Unknown': 3.151724001781986e-07}","And I'm stabbing! Stabbing, stabbing! Stabbing."
ORION,00:35:38,00:35:42,Neutral,"{'Angry': 1.1607208250108414e-13, 'Disgusted': 4.11956930292676e-15, 'Fearful': 7.136979440765343e-16, 'Happy': 1.5266528818023983e-13, 'Neutral': 1.0, 'Other': 6.730555562618193e-16, 'Sad': 3.383850545688599e-13, 'Surprised': 5.623606235630879e-14, 'Unknown': 2.712832865994579e-15}","Matthew, behind the bear."
MATT,00:35:42,00:35:44,Neutral,"{'Angry': 4.269883220331394e-07, 'Disgusted': 1.6059284746461344e-07, 'Fearful': 1.3897933470730095e-08, 'Happy': 2.1790381765640632e-07, 'Neutral': 0.9999984502792358, 'Other': 2.0428903724223346e-07, 'Sad': 2.2767451923755289e-07, 'Surprised': 9.238792841870236e-09, 'Unknown': 2.9786534128106723e-07}",You move behind the bear?
ORION,00:35:44,00:35:45,Neutral,"{'Angry': 0.0033803610131144524, 'Disgusted': 0.00013883752399124205, 'Fearful': 1.8719263152888743e-06, 'Happy': 0.00029631046345457435, 'Neutral': 0.9961202144622803, 'Other': 6.599673270102357e-07, 'Sad': 5.507680180016905e-05, 'Surprised': 6.275040504988283e-06, 'Unknown': 4.1146225271404546e-07}",Yes.
MATT,00:35:45,00:35:46,Neutral,"{'Angry': 0.000302406057016924, 'Disgusted': 0.0004666359454859048, 'Fearful': 0.00032155148801393807, 'Happy': 0.0012322590919211507, 'Neutral': 0.991463840007782, 'Other': 8.65760648594005e-06, 'Sad': 0.005967769306153059, 'Surprised': 0.00023177234106697142, 'Unknown': 5.163051355339121e-06}",You are right there and they both see you
ORION,00:35:46,00:35:49,Neutral,"{'Angry': 2.20793799909913e-11, 'Disgusted': 1.340055345334934e-12, 'Fearful': 2.402967148179558e-13, 'Happy': 2.0452247534441526e-11, 'Neutral': 1.0, 'Other': 1.9543848690014437e-13, 'Sad': 4.8951249304041156e-11, 'Surprised': 4.55812861413496e-12, 'Unknown': 6.904806045503198e-13}","No, no, the other bear. I mean, the other side of the bear."
MATT,00:35:49,00:36:03,Neutral,"{'Angry': 1.063352184083044e-11, 'Disgusted': 2.490655034645406e-12, 'Fearful': 4.291938983033705e-13, 'Happy': 4.068105227683638e-11, 'Neutral': 1.0, 'Other': 4.336505113333722e-13, 'Sad': 5.842070577299907e-11, 'Surprised': 5.797710402044576e-12, 'Unknown': 1.4373021002545006e-12}","As you're walking behind Trinket, all this transpires simultaneously. Right. And they saw the bear and then saw something move behind it. Their attention was got. They see you and they start walking towards--"
LIAM,00:36:03,00:36:05,Neutral,"{'Angry': 0.0005700072506442666, 'Disgusted': 0.0022043713834136724, 'Fearful': 0.0006467811763286591, 'Happy': 0.01455000415444374, 'Neutral': 0.9538659453392029, 'Other': 0.0002744762459769845, 'Sad': 0.0007946468540467322, 'Surprised': 9.15181590244174e-06, 'Unknown': 0.027084674686193466}","Stabbing duergars, stabbing duergars."
MATT,00:36:05,00:36:09,Neutral,"{'Angry': 3.4784166018653195e-06, 'Disgusted': 3.785238732234575e-06, 'Fearful': 8.226128329624771e-07, 'Happy': 0.00018363019626121968, 'Neutral': 0.9997503161430359, 'Other': 6.433457656385144e-06, 'Sad': 1.2923836038680747e-05, 'Surprised': 5.171987638163955e-08, 'Unknown': 3.8632417272310704e-05}","However, as they pass there, you get one shot at this guy as he passes past you. Go ahead and make your attack."
ORION,00:36:09,00:36:10,Neutral,"{'Angry': 0.053494807332754135, 'Disgusted': 0.02871766686439514, 'Fearful': 0.002091259928420186, 'Happy': 0.03278537839651108, 'Neutral': 0.8432935476303101, 'Other': 0.00032466050470247865, 'Sad': 0.035788897424936295, 'Surprised': 0.0030418774113059044, 'Unknown': 0.0004618935054168105}",I wave at them.
MATT,00:36:10,00:36:12,Neutral,"{'Angry': 0.008909919299185276, 'Disgusted': 0.018726089969277382, 'Fearful': 0.01144496165215969, 'Happy': 0.01975490339100361, 'Neutral': 0.4420892000198364, 'Other': 0.00037684899871237576, 'Sad': 0.25987112522125244, 'Surprised': 0.23817703127861023, 'Unknown': 0.0006499161245301366}",Okay. (laughs) Tiberius waves at them.
MARISHA,00:36:12,00:36:14,Neutral,"{'Angry': 3.176610618993436e-07, 'Disgusted': 2.6756964643936954e-07, 'Fearful': 3.6873126418868196e-07, 'Happy': 9.657646842242684e-06, 'Neutral': 0.9999803304672241, 'Other': 9.447278159768757e-08, 'Sad': 4.0516738408769015e-06, 'Surprised': 4.874032583757071e-06, 'Unknown': 1.98937311068903e-08}",I go ahead and move up next to Percy.
ORION,00:36:14,00:36:15,Angry,"{'Angry': 0.9969823956489563, 'Disgusted': 6.825307355029508e-05, 'Fearful': 0.00013416208093985915, 'Happy': 0.0003644301032181829, 'Neutral': 0.0010068444535136223, 'Other': 1.4283801647252403e-05, 'Sad': 0.0012628976255655289, 'Surprised': 0.0001656164095038548, 'Unknown': 1.092885440812097e-06}",Hello. I don't think they're our friends.
MATT,00:36:15,00:36:21,Happy,"{'Angry': 0.0006247717537917197, 'Disgusted': 0.0006261914386413991, 'Fearful': 9.856283577391878e-05, 'Happy': 0.6296464204788208, 'Neutral': 0.351546049118042, 'Other': 0.0016871450934559107, 'Sad': 0.0008101807907223701, 'Surprised': 0.014654223807156086, 'Unknown': 0.0003064596385229379}","Unfortunately, the space is a little limited for your size. You have to wait for the rest of them to let you by."
MARISHA,00:36:21,00:36:27,Neutral,"{'Angry': 7.354541780267565e-14, 'Disgusted': 3.3449087565099985e-15, 'Fearful': 5.240562139718018e-16, 'Happy': 1.138830783148359e-13, 'Neutral': 1.0, 'Other': 8.004266004579678e-16, 'Sad': 2.4616086621333244e-13, 'Surprised': 4.3024767505239064e-14, 'Unknown': 2.8631483916055113e-15}","Oh, but Grog's behind me. He's not here, right? Where's Grog?"
MATT,00:36:27,00:36:29,Neutral,"{'Angry': 1.1185736184415873e-05, 'Disgusted': 1.1041510333598126e-05, 'Fearful': 1.0816492249432486e-05, 'Happy': 3.5919787478633225e-05, 'Neutral': 0.9998666048049927, 'Other': 2.900738081734744e-06, 'Sad': 5.542003418668173e-05, 'Surprised': 4.59497050542268e-06, 'Unknown': 1.4045740499568637e-06}",You're a big cat right now.
MARISHA,00:36:29,00:36:30,Neutral,"{'Angry': 3.239719444536604e-05, 'Disgusted': 1.5978554074536078e-05, 'Fearful': 4.951646133122267e-07, 'Happy': 1.7418336938135326e-05, 'Neutral': 0.9999186992645264, 'Other': 3.567319026842597e-07, 'Sad': 8.720375262782909e-06, 'Surprised': 5.849125045642722e-06, 'Unknown': 1.5586618928864482e-07}",I'm a big kitty.
LIAM,00:36:30,00:36:32,Neutral,"{'Angry': 3.980570397743577e-07, 'Disgusted': 5.938662184235e-07, 'Fearful': 6.713937068525411e-07, 'Happy': 2.0641144146793522e-05, 'Neutral': 0.9999685287475586, 'Other': 4.7393493218805816e-07, 'Sad': 4.033783170598326e-06, 'Surprised': 7.014220670953364e-08, 'Unknown': 4.59104103356367e-06}",I rolled a 15.
MATT,00:36:32,00:36:35,Neutral,"{'Angry': 7.381869421285714e-12, 'Disgusted': 5.643186113714338e-13, 'Fearful': 1.2551223081691543e-13, 'Happy': 1.6756020182473463e-11, 'Neutral': 1.0, 'Other': 4.724661349544794e-14, 'Sad': 2.2935287349867828e-11, 'Surprised': 2.7426852022144343e-12, 'Unknown': 2.2985625447273506e-13}",15? 15 does barely hit.
LIAM,00:36:35,00:36:40,Neutral,"{'Angry': 8.274739782265783e-10, 'Disgusted': 4.3617685852037624e-11, 'Fearful': 8.965704914598582e-12, 'Happy': 4.776717910104367e-10, 'Neutral': 1.0, 'Other': 1.770783606552806e-12, 'Sad': 5.164844107952149e-10, 'Surprised': 7.057481682393174e-11, 'Unknown': 9.69712244530685e-12}","Okay, so same keen dagger."
MATT,00:36:40,00:36:44,Neutral,"{'Angry': 5.015351537394387e-14, 'Disgusted': 1.943950990102223e-15, 'Fearful': 2.8671692040665683e-16, 'Happy': 6.29719122983638e-14, 'Neutral': 1.0, 'Other': 4.875804871037491e-16, 'Sad': 1.4849612425121839e-13, 'Surprised': 2.882008257802486e-14, 'Unknown': 1.4459283337642822e-15}","As you go ahead, move around the corner and fire. Two arrows?"
LAURA,00:36:44,00:36:45,Neutral,"{'Angry': 0.0006106289802119136, 'Disgusted': 0.004354790784418583, 'Fearful': 8.933238859754056e-06, 'Happy': 0.000369144428987056, 'Neutral': 0.9931286573410034, 'Other': 0.0001923323143273592, 'Sad': 0.0010781505843624473, 'Surprised': 1.7806389223551378e-05, 'Unknown': 0.0002396764321019873}",17.
MATT,00:36:45,00:36:48,Neutral,"{'Angry': 4.072888248884965e-09, 'Disgusted': 3.324587716235783e-09, 'Fearful': 2.0004047029953398e-10, 'Happy': 8.948566119215684e-07, 'Neutral': 0.9999990463256836, 'Other': 4.454374646911674e-10, 'Sad': 1.9676585694128335e-08, 'Surprised': 5.427882032726927e-10, 'Unknown': 1.2419522077422585e-09}",All right. Second one? Same guy or different targets?
LAURA,00:36:48,00:36:54,Neutral,"{'Angry': 1.9443928067630623e-06, 'Disgusted': 6.139825927675702e-07, 'Fearful': 5.137173957336927e-07, 'Happy': 6.086072971811518e-06, 'Neutral': 0.9999843835830688, 'Other': 6.613583991565974e-07, 'Sad': 3.7453462482517352e-06, 'Surprised': 8.313889452438161e-07, 'Unknown': 1.2118495078539127e-06}","Same target. He's right in front. That one hits too, that's 19."
MATT,00:36:54,00:36:57,Neutral,"{'Angry': 0.006052992306649685, 'Disgusted': 0.015674468129873276, 'Fearful': 0.004915886092931032, 'Happy': 0.09963378310203552, 'Neutral': 0.6326463222503662, 'Other': 0.003128723008558154, 'Sad': 0.010086281225085258, 'Surprised': 0.21119889616966248, 'Unknown': 0.01666274107992649}","Both hit, go ahead and roll damage on both."
LIAM,00:36:57,00:36:58,Angry,"{'Angry': 0.7340847849845886, 'Disgusted': 0.004486625082790852, 'Fearful': 0.0006292921025305986, 'Happy': 0.158238485455513, 'Neutral': 0.09914422035217285, 'Other': 3.733791163540445e-05, 'Sad': 0.002262525027617812, 'Surprised': 0.0011053604539483786, 'Unknown': 1.129017437051516e-05}",32 for me.
MATT,00:36:58,00:37:22,Happy,"{'Angry': 0.00039289589039981365, 'Disgusted': 0.0025353641249239445, 'Fearful': 0.00039600388845428824, 'Happy': 0.9652509689331055, 'Neutral': 0.011617820709943771, 'Other': 0.008387712761759758, 'Sad': 0.006217379122972488, 'Surprised': 0.0004993863985873759, 'Unknown': 0.004702469799667597}","Okay. So as you watch them both walk past you, one of them continues past with his hammer out, rushing towards whatever he sees moving at the end of the hallway, probably Tiberius after Trinket. The next one that comes past you, you reach around and just take your dagger and swing it across the back of his neck area. You manage to sever the base of the spine and he just crumples into a pile in front of you. The other one-- Damage?"
LAURA,00:37:22,00:37:25,Happy,"{'Angry': 1.1663556787055995e-09, 'Disgusted': 2.9374798149461867e-09, 'Fearful': 1.788836812011141e-08, 'Happy': 1.0, 'Neutral': 2.865581383293403e-10, 'Other': 3.880218368834676e-09, 'Sad': 4.654778784640712e-09, 'Surprised': 2.0332275862955385e-09, 'Unknown': 7.864519036004936e-10}",22 with the two arrows. Nine and 13.
MATT,00:37:25,00:37:36,Happy,"{'Angry': 4.592806726577692e-05, 'Disgusted': 6.982373452046886e-05, 'Fearful': 3.498057049000636e-05, 'Happy': 0.9990311861038208, 'Neutral': 0.00015748609439469874, 'Other': 2.0618492271751165e-05, 'Sad': 0.0006033021491020918, 'Surprised': 2.6648795028449968e-05, 'Unknown': 1.003977104119258e-05}","Both arrows impact his chest. The duergar steps back for a second, surprised by the moment, looks really furious and begins to step forward, his size enlarging."
TALIESIN,00:37:36,00:37:39,Neutral,"{'Angry': 4.313794654819958e-09, 'Disgusted': 1.382363334911929e-09, 'Fearful': 1.4771582568240404e-10, 'Happy': 3.0303788367547213e-09, 'Neutral': 1.0, 'Other': 2.9993584005350016e-11, 'Sad': 2.5812549875325885e-09, 'Surprised': 7.670931667647096e-10, 'Unknown': 2.184796961401947e-11}",I knock him right in the face with the butt of my gun as he rounds the corner.
MATT,00:37:39,00:37:44,Neutral,"{'Angry': 0.000222587346797809, 'Disgusted': 0.00017876205674838275, 'Fearful': 9.306622087024152e-05, 'Happy': 0.0004756005946546793, 'Neutral': 0.9944361448287964, 'Other': 0.00033426936715841293, 'Sad': 0.0008493918576277792, 'Surprised': 2.9704772259719903e-06, 'Unknown': 0.0034072252456098795}",All right. Go ahead and make a stealth check to see whether or not he sees you.
TALIESIN,00:37:44,00:37:46,Neutral,"{'Angry': 2.4553399271098897e-05, 'Disgusted': 3.7564172089332715e-05, 'Fearful': 4.511659881245578e-06, 'Happy': 0.00010284268500981852, 'Neutral': 0.9995996356010437, 'Other': 2.650640999490861e-05, 'Sad': 2.7883264920092188e-05, 'Surprised': 8.392998438466748e-07, 'Unknown': 0.00017564276640769094}",I can't use my previous stealth roll?
MATT,00:37:46,00:37:49,Neutral,"{'Angry': 3.462821496214019e-08, 'Disgusted': 4.606520320749041e-08, 'Fearful': 5.0590962530350225e-09, 'Happy': 1.325324063827793e-07, 'Neutral': 0.9999995231628418, 'Other': 1.7933453833052226e-08, 'Sad': 1.292535785069049e-07, 'Surprised': 3.330428377523731e-09, 'Unknown': 3.826887251534572e-08}",Not for this point. This is an active combat.
TALIESIN,00:37:49,00:37:51,Neutral,"{'Angry': 0.0025534862652420998, 'Disgusted': 0.00039591771201230586, 'Fearful': 0.00018170620023738593, 'Happy': 0.002423807978630066, 'Neutral': 0.9933737516403198, 'Other': 2.3761362172081135e-05, 'Sad': 0.0006837022956460714, 'Surprised': 0.0002976969408337027, 'Unknown': 6.6208049247507e-05}",Damn it. Eight.
MATT,00:37:51,00:38:02,Neutral,"{'Angry': 4.2242678268116646e-14, 'Disgusted': 1.97727707789547e-15, 'Fearful': 2.885492908995843e-16, 'Happy': 5.919873966031552e-14, 'Neutral': 1.0, 'Other': 6.849415460941652e-16, 'Sad': 1.4571258425116057e-13, 'Surprised': 2.7766800496245927e-14, 'Unknown': 1.904868678157673e-15}","Okay. So you still get the attack, but you don't have advantage, 'cause he's aware you're there. As he's running past you, he glances and sees you in the corner of his eye and is preparing for the blows. Go ahead and roll your attack."
TALIESIN,00:38:02,00:38:05,Neutral,"{'Angry': 3.3833664494185844e-13, 'Disgusted': 1.0773881312380225e-14, 'Fearful': 2.5046476259107595e-15, 'Happy': 3.67913680207263e-13, 'Neutral': 1.0, 'Other': 1.4252011199076143e-15, 'Sad': 1.1275877150399016e-12, 'Surprised': 1.156094127765031e-13, 'Unknown': 7.451754565777815e-15}","What do I add to this, by the way? I've never done a physical attack."
MATT,00:38:05,00:38:13,Happy,"{'Angry': 0.013791719451546669, 'Disgusted': 0.0060838013887405396, 'Fearful': 0.12011048942804337, 'Happy': 0.6644708514213562, 'Neutral': 0.05519740656018257, 'Other': 0.02016790769994259, 'Sad': 0.003483084263280034, 'Surprised': 0.00042535396642051637, 'Unknown': 0.11626933515071869}",You're hitting it with the blunt. Go ahead and roll a d20 and add your strength modifier and four.
TALIESIN,00:38:13,00:38:18,Happy,"{'Angry': 0.00022861358593218029, 'Disgusted': 0.0003992374986410141, 'Fearful': 5.392860475694761e-05, 'Happy': 0.9960527420043945, 'Neutral': 0.0027501345612108707, 'Other': 2.426097671559546e-05, 'Sad': 0.0001263649173779413, 'Surprised': 6.337856757454574e-05, 'Unknown': 0.00030118628637865186}",All right. Natural 20! (cheering)
MARISHA,00:38:18,00:38:20,Happy,"{'Angry': 0.00027482834411785007, 'Disgusted': 8.956540114013478e-05, 'Fearful': 7.084834214765579e-05, 'Happy': 0.9982189536094666, 'Neutral': 0.0009043140453286469, 'Other': 0.0001151507458416745, 'Sad': 0.00011565171007532626, 'Surprised': 0.00011408162390580401, 'Unknown': 9.661745571065694e-05}","Look, it's flashing!"
TALIESIN,00:38:20,00:38:22,Happy,"{'Angry': 0.0010908273980021477, 'Disgusted': 0.0004008943506050855, 'Fearful': 0.00018989805539604276, 'Happy': 0.966578483581543, 'Neutral': 0.029520733281970024, 'Other': 0.0004706353065557778, 'Sad': 0.00029008236015215516, 'Surprised': 0.0004578448715619743, 'Unknown': 0.0010005946969613433}",It flashes if I hit a natural 20.
MATT,00:38:22,00:38:28,Neutral,"{'Angry': 0.00042883967398665845, 'Disgusted': 6.016051429469371e-06, 'Fearful': 1.3276347772261943e-06, 'Happy': 0.012426729314029217, 'Neutral': 0.9870719313621521, 'Other': 6.343154382193461e-06, 'Sad': 4.578562220558524e-05, 'Surprised': 1.5070149856910575e-06, 'Unknown': 1.1607881788222585e-05}","All right, so go ahead and roll damage. It is a 1d4 plus your strength modifier."
TALIESIN,00:38:28,00:38:33,Neutral,"{'Angry': 0.0035543290432542562, 'Disgusted': 0.0012748591834679246, 'Fearful': 0.0003074642736464739, 'Happy': 0.031658321619033813, 'Neutral': 0.939287543296814, 'Other': 0.006401830352842808, 'Sad': 0.0014303819043561816, 'Surprised': 0.00019107575644738972, 'Unknown': 0.015894277021288872}","So that would be 2d4 plus my strength modifier, because it's a natural 20."
MATT,00:38:33,00:38:34,Neutral,"{'Angry': 0.0068449173122644424, 'Disgusted': 0.010202872566878796, 'Fearful': 0.0019840002059936523, 'Happy': 0.034392520785331726, 'Neutral': 0.912873387336731, 'Other': 9.324205166194588e-05, 'Sad': 0.029962586238980293, 'Surprised': 0.0035735389683395624, 'Unknown': 7.296574040083215e-05}","Correct, yes."
TALIESIN,00:38:34,00:38:38,Neutral,"{'Angry': 0.0025716195814311504, 'Disgusted': 0.0005543172010220587, 'Fearful': 0.00013345507613848895, 'Happy': 0.09803115576505661, 'Neutral': 0.8966144919395447, 'Other': 0.00013850136019755155, 'Sad': 0.001088406308554113, 'Surprised': 4.54106557299383e-05, 'Unknown': 0.0008225630735978484}",That's six points of damage.
MATT,00:38:38,00:38:41,Neutral,"{'Angry': 0.000293203309411183, 'Disgusted': 0.0006328956224024296, 'Fearful': 0.0002524809679016471, 'Happy': 0.024260791018605232, 'Neutral': 0.9670590758323669, 'Other': 0.00041750699165277183, 'Sad': 0.0007199283572845161, 'Surprised': 0.00024924310855567455, 'Unknown': 0.006114898715168238}","Well, it's five on there, right?"
TALIESIN,00:38:41,00:38:42,Happy,"{'Angry': 0.038247741758823395, 'Disgusted': 0.0013430241961032152, 'Fearful': 4.727733175968751e-05, 'Happy': 0.5062414407730103, 'Neutral': 0.45218151807785034, 'Other': 3.312001717858948e-05, 'Sad': 0.0017627592897042632, 'Surprised': 0.00011979287955909967, 'Unknown': 2.330088864255231e-05}",My strength modifier is one.
MATT,00:38:42,00:38:45,Neutral,"{'Angry': 3.0102851322766355e-09, 'Disgusted': 1.0844252162911516e-09, 'Fearful': 3.094970946193598e-10, 'Happy': 1.620320233541861e-08, 'Neutral': 1.0, 'Other': 4.443449219682094e-10, 'Sad': 9.504319109510107e-09, 'Surprised': 3.7792574625328257e-10, 'Unknown': 1.9668116024718074e-09}","Okay, so that's five times two is ten plus one. 11 points of damage."
TALIESIN,00:38:45,00:38:47,Neutral,"{'Angry': 3.738655891538656e-07, 'Disgusted': 4.703429112851154e-07, 'Fearful': 5.12551387998883e-08, 'Happy': 5.39649477104831e-07, 'Neutral': 0.9999974966049194, 'Other': 3.867411919600272e-07, 'Sad': 1.8099107990110497e-07, 'Surprised': 1.8317424022029627e-08, 'Unknown': 4.623444453955017e-07}",11 points of damage.
MATT,00:38:47,00:38:59,Neutral,"{'Angry': 8.485781386379995e-14, 'Disgusted': 3.032636084461071e-15, 'Fearful': 5.159413206997504e-16, 'Happy': 1.118415256240457e-13, 'Neutral': 1.0, 'Other': 4.911909650414205e-16, 'Sad': 2.920440582074302e-13, 'Surprised': 4.17341400153759e-14, 'Unknown': 1.745060771944217e-15}","Which will do it. As the duergar sees you, is rushing past with his hammer, about to fall back and swing at you, you rush out from behind the corner with the blunt end of your weapon and just whack him in the side of the temple."
SAM,00:38:59,00:39:01,Neutral,"{'Angry': 2.372428642427593e-12, 'Disgusted': 1.0787005240864983e-13, 'Fearful': 2.4823815014196962e-14, 'Happy': 3.97814290190035e-12, 'Neutral': 1.0, 'Other': 8.48734721148629e-15, 'Sad': 7.460241625845132e-12, 'Surprised': 7.978001397533629e-13, 'Unknown': 4.6289412054941956e-14}",Girly scream.
ORION,00:39:01,00:39:03,Neutral,"{'Angry': 0.00011007509601768106, 'Disgusted': 0.00011123654257971793, 'Fearful': 0.00011143191659357399, 'Happy': 0.0003708440053742379, 'Neutral': 0.9986540079116821, 'Other': 4.814560816157609e-05, 'Sad': 0.0003216707846149802, 'Surprised': 5.476359001477249e-05, 'Unknown': 0.00021775589266326278}",What was that?
TALIESIN,00:39:03,00:39:05,Neutral,"{'Angry': 5.330470833069152e-14, 'Disgusted': 2.1108310920296604e-15, 'Fearful': 3.2003647016434203e-16, 'Happy': 7.521298850659414e-14, 'Neutral': 1.0, 'Other': 4.935632396288838e-16, 'Sad': 1.7300959655793674e-13, 'Surprised': 3.1752561463396084e-14, 'Unknown': 1.529583425217485e-15}","(whispers) We're good, we're good."
MATT,00:39:05,00:39:08,Neutral,"{'Angry': 2.286650313543248e-10, 'Disgusted': 1.0329963967548039e-10, 'Fearful': 3.219787630959203e-11, 'Happy': 5.2552349139034504e-09, 'Neutral': 1.0, 'Other': 1.516705164239518e-11, 'Sad': 3.9250585004424465e-09, 'Surprised': 1.2989760656001437e-10, 'Unknown': 2.2809037644733188e-11}",Unconscious on the ground. Alive but unconscious.
ASHLEY,00:39:08,00:39:11,Neutral,"{'Angry': 3.454933334978705e-07, 'Disgusted': 4.3714786102100334e-07, 'Fearful': 7.525710543632158e-08, 'Happy': 7.596053137604031e-07, 'Neutral': 0.9999977350234985, 'Other': 6.314817113661775e-08, 'Sad': 3.90331365451857e-07, 'Surprised': 5.6811163773318185e-08, 'Unknown': 8.938809514802415e-08}","He's not dead? Can I-- so he's at a disadvantage, basically?"
MATT,00:39:11,00:39:13,Neutral,"{'Angry': 0.00046017111162655056, 'Disgusted': 0.00010617984662530944, 'Fearful': 2.5290784833487123e-05, 'Happy': 4.1271443478763103e-05, 'Neutral': 0.9991888403892517, 'Other': 3.83847436751239e-05, 'Sad': 9.138403402175754e-05, 'Surprised': 8.881456778908614e-06, 'Unknown': 3.949048186768778e-05}",He's incapacitated.
ASHLEY,00:39:13,00:39:18,Neutral,"{'Angry': 0.0024317579809576273, 'Disgusted': 0.00159297080244869, 'Fearful': 0.0003203191445209086, 'Happy': 0.00017898752412293106, 'Neutral': 0.9932700991630554, 'Other': 0.00021040142746642232, 'Sad': 0.0006477174465544522, 'Surprised': 3.4714696084847674e-05, 'Unknown': 0.0013131016166880727}",So can I go up to him and slit his throat with my mace of disruption? To make sure he's dead?
MATT,00:39:18,00:39:19,Neutral,"{'Angry': 0.029865076765418053, 'Disgusted': 0.054082240909338, 'Fearful': 0.0009304258273914456, 'Happy': 0.017731880769133568, 'Neutral': 0.8771978616714478, 'Other': 0.0002289408294018358, 'Sad': 0.01515135820955038, 'Surprised': 0.004304379690438509, 'Unknown': 0.0005078562535345554}",If you'd like to?
ASHLEY,00:39:19,00:39:20,Neutral,"{'Angry': 1.837520002823112e-08, 'Disgusted': 4.210572157603565e-08, 'Fearful': 2.011794064671335e-09, 'Happy': 4.0811976020904694e-08, 'Neutral': 0.9999996423721313, 'Other': 7.179787875344346e-10, 'Sad': 1.2364341728243744e-07, 'Surprised': 1.5841857248233282e-07, 'Unknown': 2.1716105302882482e-10}","Yes, I want to."
MATT,00:39:20,00:39:21,Neutral,"{'Angry': 5.898388266700749e-08, 'Disgusted': 1.0533059935369238e-07, 'Fearful': 1.3762161188424216e-08, 'Happy': 1.1189273436684744e-06, 'Neutral': 0.9999983310699463, 'Other': 5.48769811814509e-08, 'Sad': 2.68844416950742e-07, 'Surprised': 2.064834347947908e-08, 'Unknown': 7.907350862979001e-08}",Okay.
ASHLEY,00:39:21,00:39:23,Neutral,"{'Angry': 0.0776563361287117, 'Disgusted': 0.012182159349322319, 'Fearful': 0.009916438721120358, 'Happy': 0.012388529255986214, 'Neutral': 0.851073682308197, 'Other': 0.0003666553529910743, 'Sad': 0.025486359372735023, 'Surprised': 0.007581569720059633, 'Unknown': 0.0033481549471616745}","Is that really bad, though?"
MATT,00:39:23,00:39:33,Neutral,"{'Angry': 1.7266289376038912e-07, 'Disgusted': 3.950934512886306e-08, 'Fearful': 9.6225134527117e-09, 'Happy': 1.7463298718212172e-06, 'Neutral': 0.999997615814209, 'Other': 6.998201484975652e-08, 'Sad': 2.7812947678285127e-07, 'Surprised': 1.0042909082130791e-07, 'Unknown': 3.720419172736911e-08}","Pike walks up and grabs the back of the duergar's hair, holds it back and using the jagged edge of her mace of disruption, tears open the throat of the duergar, which then spills all this blackish ichor across the ground."
LIAM,00:39:33,00:39:36,Neutral,"{'Angry': 2.524263891245937e-06, 'Disgusted': 3.695014129334595e-06, 'Fearful': 1.1442143659223802e-06, 'Happy': 7.930712854431476e-06, 'Neutral': 0.9999500513076782, 'Other': 3.100831918345648e-06, 'Sad': 9.188573130813893e-06, 'Surprised': 9.351492735731881e-08, 'Unknown': 2.225066054961644e-05}","She went renegade, folks. She's gone renegade."
ASHLEY,00:39:36,00:39:38,Neutral,"{'Angry': 9.987130766830887e-08, 'Disgusted': 8.073275381548228e-08, 'Fearful': 4.033111267176537e-08, 'Happy': 1.2149307622166816e-06, 'Neutral': 0.9999974966049194, 'Other': 6.090100868050285e-08, 'Sad': 9.415111321686709e-07, 'Surprised': 3.0181841026433176e-08, 'Unknown': 5.0018943653640235e-08}",I just wanted to make sure he didn't come after us.
MATT,00:39:38,00:39:48,Neutral,"{'Angry': 2.181180583371578e-13, 'Disgusted': 7.256124683312909e-15, 'Fearful': 1.409618254776977e-15, 'Happy': 2.584797068223843e-13, 'Neutral': 1.0, 'Other': 8.849679530717946e-16, 'Sad': 6.92983431055394e-13, 'Surprised': 7.947287982866189e-14, 'Unknown': 4.270654146212036e-15}","Grog looks impressed but also slightly worried as the man who grew up alongside you. All right, so that happened."
LIAM,00:39:48,00:39:56,Neutral,"{'Angry': 4.963922746155716e-14, 'Disgusted': 1.968516851396729e-15, 'Fearful': 2.9090893940217756e-16, 'Happy': 6.826468237257702e-14, 'Neutral': 1.0, 'Other': 5.169993177904302e-16, 'Sad': 1.6278651874829936e-13, 'Surprised': 2.8166486544935025e-14, 'Unknown': 1.5434983765958603e-15}","And then she says, okay, I'm gonna dismember the body. Hold on. (laughter)"
LAURA,00:39:56,00:39:58,Neutral,"{'Angry': 3.9847568586992566e-06, 'Disgusted': 2.7242206215305487e-06, 'Fearful': 7.25328675343917e-07, 'Happy': 1.8598588212626055e-05, 'Neutral': 0.9999490976333618, 'Other': 1.758723101374926e-06, 'Sad': 7.1019439928932115e-06, 'Surprised': 1.744699460459742e-07, 'Unknown': 1.5828327377676032e-05}",Torture weapons.
SAM,00:39:58,00:40:06,Neutral,"{'Angry': 5.619810172774464e-14, 'Disgusted': 2.378437175671027e-15, 'Fearful': 3.6660602396702824e-16, 'Happy': 8.010383128293982e-14, 'Neutral': 1.0, 'Other': 6.045279438509862e-16, 'Sad': 1.85220708128625e-13, 'Surprised': 3.3754622090053504e-14, 'Unknown': 1.9119227685424067e-15}","Because I'm invisible in the thing with Lady Kima, I get up on a stool to see if I can catch some cleavage. (laughter)"
SAM,00:40:06,00:40:08,Neutral,"{'Angry': 2.303425162608619e-06, 'Disgusted': 8.047595088100934e-07, 'Fearful': 1.8999799067387357e-07, 'Happy': 2.587476592452731e-05, 'Neutral': 0.9999657869338989, 'Other': 4.906773938273545e-07, 'Sad': 3.2478110369993374e-06, 'Surprised': 2.9025326853115985e-07, 'Unknown': 1.0281905815645587e-06}","Just peek over, peek in."
MATT,00:40:08,00:40:14,Neutral,"{'Angry': 2.0408863401349953e-12, 'Disgusted': 1.0553496553218633e-13, 'Fearful': 3.1621173100749786e-14, 'Happy': 2.4765198572418434e-12, 'Neutral': 1.0, 'Other': 1.0038569469769925e-14, 'Sad': 8.611419737014625e-12, 'Surprised': 8.286130570751837e-13, 'Unknown': 5.4710525525117695e-14}","The leather armor that she wore is a full torso-covering leather armor piece, I apologize."
SAM,00:40:14,00:40:16,Neutral,"{'Angry': 0.00037663517287001014, 'Disgusted': 0.00046776793897151947, 'Fearful': 0.0001340987510047853, 'Happy': 0.0020181150175631046, 'Neutral': 0.9951033592224121, 'Other': 0.00034254894126206636, 'Sad': 0.0001927950797835365, 'Surprised': 0.0009325513965450227, 'Unknown': 0.00043207468115724623}",(sighs) I give up.
MATT,00:40:16,00:40:35,Neutral,"{'Angry': 1.4309286177835445e-12, 'Disgusted': 8.20395793942226e-14, 'Fearful': 1.914452686549266e-14, 'Happy': 2.8366157079490195e-12, 'Neutral': 1.0, 'Other': 4.046058701566348e-15, 'Sad': 3.6786966702007096e-12, 'Surprised': 5.907119953775519e-13, 'Unknown': 4.49121568114972e-14}","Sorry, Scanlan. She is-- Yeah, which by the way, I mean, it's not just so much the fact that Pike did it, it's the fact that Pike did it by running a jagged, blade-edged mace across someone's throat. It was less of a slice and more of a--"
ASHLEY,00:40:35,00:40:37,Neutral,"{'Angry': 0.014355097897350788, 'Disgusted': 0.021549934521317482, 'Fearful': 0.0045413728803396225, 'Happy': 0.20119599997997284, 'Neutral': 0.6781853437423706, 'Other': 0.0010276965331286192, 'Sad': 0.0035311710089445114, 'Surprised': 0.0014126610476523638, 'Unknown': 0.07420065253973007}",Is Sarenrae gonna get really mad at me?
MATT,00:40:37,00:40:38,Neutral,"{'Angry': 1.2558201888168696e-05, 'Disgusted': 1.5154852235355065e-06, 'Fearful': 3.506465162672612e-08, 'Happy': 1.8039801943814382e-05, 'Neutral': 0.9999624490737915, 'Other': 5.022724849368387e-07, 'Sad': 4.663470917876111e-06, 'Surprised': 1.3622545225189242e-07, 'Unknown': 2.3856838993197016e-07}",We'll see.
ASHLEY,00:40:38,00:40:43,Neutral,"{'Angry': 0.0001601106923772022, 'Disgusted': 6.555632717208937e-05, 'Fearful': 3.8399459299398586e-05, 'Happy': 0.00031560444040223956, 'Neutral': 0.9915443658828735, 'Other': 7.19880117685534e-05, 'Sad': 0.007399741560220718, 'Surprised': 6.551285423483932e-06, 'Unknown': 0.00039768521673977375}","They're really bad! If they're really bad guys, they were super bad. The duergar are so bad. She'd probably be happy--"
ORION,00:40:43,00:40:45,Neutral,"{'Angry': 5.220876531097929e-08, 'Disgusted': 6.733878166187424e-08, 'Fearful': 1.0937061922788871e-08, 'Happy': 1.5581275647491566e-07, 'Neutral': 0.9999994039535522, 'Other': 6.518264683563757e-08, 'Sad': 1.7496628856861207e-07, 'Surprised': 3.0426321462329042e-09, 'Unknown': 1.1754300999200495e-07}","Right, Pike, but man, that was rough."
MATT,00:40:45,00:40:46,Happy,"{'Angry': 4.756799683036661e-07, 'Disgusted': 4.0705072024138644e-07, 'Fearful': 2.74589613269427e-08, 'Happy': 0.9999740123748779, 'Neutral': 2.2879536118125543e-05, 'Other': 2.6924004359329956e-08, 'Sad': 2.158164306820254e-06, 'Surprised': 5.541913949969057e-08, 'Unknown': 9.43221589722043e-09}",We'll find out.
TALIESIN,00:40:46,00:40:48,Happy,"{'Angry': 1.1389525989002891e-09, 'Disgusted': 1.7675771957215147e-09, 'Fearful': 3.9225270254128475e-10, 'Happy': 1.0, 'Neutral': 1.780857061817187e-08, 'Other': 5.215787801660099e-10, 'Sad': 8.405340423678354e-09, 'Surprised': 2.3146873306956195e-09, 'Unknown': 1.8156227910015588e-10}",He had a little duergar back at home.
MATT,00:40:48,00:40:59,Happy,"{'Angry': 0.01329374685883522, 'Disgusted': 0.006815366446971893, 'Fearful': 0.0007393041159957647, 'Happy': 0.5492216348648071, 'Neutral': 0.3861478269100189, 'Other': 0.007821975275874138, 'Sad': 0.009183199144899845, 'Surprised': 0.0003794622898567468, 'Unknown': 0.0263974629342556}","So, given this case, now the rest of the party is able to move forward. This hallway now, you can only see about that far down with the current light source. You can see Kima is now moving across--"
SAM,00:40:59,00:41:00,Neutral,"{'Angry': 0.0027852430939674377, 'Disgusted': 0.024512233212590218, 'Fearful': 0.00026535947108641267, 'Happy': 0.09405454248189926, 'Neutral': 0.8713478446006775, 'Other': 0.0003408930788282305, 'Sad': 0.006291970144957304, 'Surprised': 0.00010133813339052722, 'Unknown': 0.00030061209690757096}","Aw, she's just going?"
LAURA,00:41:00,00:41:02,Neutral,"{'Angry': 4.46177291451022e-05, 'Disgusted': 4.719461503555067e-05, 'Fearful': 1.434830301150214e-05, 'Happy': 0.0016561151714995503, 'Neutral': 0.9978931546211243, 'Other': 2.3971391783561558e-05, 'Sad': 2.0273097106837668e-05, 'Surprised': 6.661231964244507e-06, 'Unknown': 0.0002937382087111473}","Go listen-- aw, she's still going that direction?"
LIAM,00:41:02,00:41:04,Neutral,"{'Angry': 7.2940625761575e-11, 'Disgusted': 1.0723811595669819e-11, 'Fearful': 1.6723827184206286e-12, 'Happy': 1.0880939899093889e-10, 'Neutral': 1.0, 'Other': 1.0936252988272277e-12, 'Sad': 2.1249466075623502e-10, 'Surprised': 1.4108799198386812e-11, 'Unknown': 4.992584037161185e-12}",All right. I'm tiptoe-jogging behind Kima.
MARISHA,00:41:04,00:41:07,Neutral,"{'Angry': 6.72747368923865e-09, 'Disgusted': 3.19316101338174e-10, 'Fearful': 7.334128443448051e-11, 'Happy': 2.6300932542966393e-09, 'Neutral': 1.0, 'Other': 3.4918682528806144e-11, 'Sad': 5.3450639470042915e-09, 'Surprised': 4.028104516606845e-10, 'Unknown': 3.619545288491288e-11}",Can we do something to slow her down?
SAM,00:41:07,00:41:09,Neutral,"{'Angry': 6.311474720632759e-08, 'Disgusted': 7.569249760308594e-08, 'Fearful': 2.9408074198045142e-08, 'Happy': 2.4708976980036823e-06, 'Neutral': 0.9999967813491821, 'Other': 4.314260237947565e-08, 'Sad': 1.0777995385069516e-07, 'Surprised': 2.0929027400029554e-09, 'Unknown': 4.3581505337897397e-07}",I can stop her if you want?
MARISHA,00:41:09,00:41:13,Neutral,"{'Angry': 3.1903607533578793e-10, 'Disgusted': 8.119456496036292e-11, 'Fearful': 2.7908291996836532e-11, 'Happy': 1.905484880992958e-09, 'Neutral': 1.0, 'Other': 2.7094566174001855e-11, 'Sad': 3.27938409760975e-09, 'Surprised': 5.106295594692334e-11, 'Unknown': 9.696499159161931e-11}","Well, I mean, can we-- I mean, we don't wanna stop her I just wanna be like, hey, slow, girl."
LAURA,00:41:13,00:41:16,Neutral,"{'Angry': 0.019374512135982513, 'Disgusted': 0.0008880270761437714, 'Fearful': 0.00012374822108540684, 'Happy': 0.1388952136039734, 'Neutral': 0.8355794548988342, 'Other': 0.0001660610578255728, 'Sad': 0.0002595095138531178, 'Surprised': 0.004004404414445162, 'Unknown': 0.0007089885184541345}",She's-- you know what? I bet she's pretty noisy too!
MATT,00:41:16,00:41:18,Unknown,"{'Angry': 0.006805779412388802, 'Disgusted': 0.051249101758003235, 'Fearful': 0.0014977341052144766, 'Happy': 0.03864976018667221, 'Neutral': 0.05877630040049553, 'Other': 0.01882942207157612, 'Sad': 0.0022299259435385466, 'Surprised': 0.00021751965687144548, 'Unknown': 0.821744441986084}","She's wearing leather armor, she's not very noisy right now."
LIAM,00:41:18,00:41:26,Neutral,"{'Angry': 0.00144177523907274, 'Disgusted': 0.013377044349908829, 'Fearful': 0.0021300276275724173, 'Happy': 0.0053460304625332355, 'Neutral': 0.8678134679794312, 'Other': 0.0036516052205115557, 'Sad': 0.008353316225111485, 'Surprised': 1.2555206922115758e-05, 'Unknown': 0.09787414968013763}","I carefully place a hand on Kima's shoulder, and do a little, sort of, curtsy motion. Allow me, I can--"
MATT,00:41:26,00:41:37,Neutral,"{'Angry': 4.433288935956625e-08, 'Disgusted': 3.6170817452330084e-08, 'Fearful': 1.770801638656394e-08, 'Happy': 7.577580163342645e-07, 'Neutral': 0.9999985694885254, 'Other': 4.067345571456826e-08, 'Sad': 4.7275830183934886e-07, 'Surprised': 1.1087186280178685e-08, 'Unknown': 7.372346999545698e-08}","Okay, as you do so she kinda stops and looks back over her shoulder and gives a begrudging nod. But you can see she's-- there's shaking, her hand holding the greatsword is currently shaking with rage."
LIAM,00:41:37,00:41:43,Happy,"{'Angry': 5.4638705478282645e-05, 'Disgusted': 7.320314034586772e-05, 'Fearful': 8.601602530688979e-06, 'Happy': 0.9442523717880249, 'Neutral': 0.054763443768024445, 'Other': 0.00016537394549231976, 'Sad': 0.00019723254081327468, 'Surprised': 5.823067567689577e-06, 'Unknown': 0.00047932605957612395}","I say-- (silent) Two words, three syllables. (laughter)"
MATT,00:41:43,00:42:01,Neutral,"{'Angry': 1.9434338849582539e-13, 'Disgusted': 7.880445563679742e-15, 'Fearful': 1.4200130431056817e-15, 'Happy': 2.608381447031377e-13, 'Neutral': 1.0, 'Other': 1.215788211445868e-15, 'Sad': 6.053827686543223e-13, 'Surprised': 8.574271934819189e-14, 'Unknown': 5.861547192580327e-15}","All right, so. Coasting down this hallway. It leads down to an open doorway and a closed doorway immediately to your right. And then the room to-- actually, the doorway's to your left, and to the right you see another wall to another room that you don't have a doorway currently available."
LIAM,00:42:01,00:42:03,Neutral,"{'Angry': 6.196324009444254e-10, 'Disgusted': 2.9874383522532355e-10, 'Fearful': 4.5276477012023975e-11, 'Happy': 1.5444190371027844e-09, 'Neutral': 1.0, 'Other': 5.5087146649812624e-11, 'Sad': 2.6472299907709385e-09, 'Surprised': 1.0264072231036536e-10, 'Unknown': 1.5370096861921922e-10}","There's a door to my left and a door straight ahead, right?"
MATT,00:42:03,00:42:04,Neutral,"{'Angry': 4.0101473132381216e-05, 'Disgusted': 9.488724572292995e-06, 'Fearful': 6.155909886729205e-06, 'Happy': 0.003697722451761365, 'Neutral': 0.9960694313049316, 'Other': 3.326113073853776e-06, 'Sad': 0.0001648312754696235, 'Surprised': 6.652508545812452e-06, 'Unknown': 2.3193188098957762e-06}",Correct.
LIAM,00:42:04,00:42:09,Neutral,"{'Angry': 1.868132211424456e-11, 'Disgusted': 2.1798507009868073e-12, 'Fearful': 3.219575756170656e-13, 'Happy': 1.6996921231582363e-11, 'Neutral': 1.0, 'Other': 1.0823215560546925e-13, 'Sad': 8.237509285802247e-11, 'Surprised': 6.720050731157112e-12, 'Unknown': 5.361880102243421e-13}","Okay, I inch up to the closed door on the left and place my ear to the door and listen."
MATT,00:42:09,00:42:13,Unknown,"{'Angry': 0.004518616478890181, 'Disgusted': 0.013003523461520672, 'Fearful': 0.006400821264833212, 'Happy': 0.003813184564933181, 'Neutral': 0.3939097225666046, 'Other': 0.005588567815721035, 'Sad': 0.04544999450445175, 'Surprised': 6.706793101329822e-06, 'Unknown': 0.5273088812828064}","Okay, go ahead and make a perception check."
LIAM,00:42:13,00:42:14,Neutral,"{'Angry': 9.632800868075719e-08, 'Disgusted': 2.167879387116045e-08, 'Fearful': 5.604417374627246e-09, 'Happy': 3.7098766370036174e-07, 'Neutral': 0.9999994039535522, 'Other': 2.4982698132447467e-09, 'Sad': 1.2743048216634634e-07, 'Surprised': 1.3230740947278719e-08, 'Unknown': 6.339635927332665e-09}","Yeah, natural 20."
MARISHA,00:42:14,00:42:16,Neutral,"{'Angry': 0.0007904407102614641, 'Disgusted': 0.0007665724260732532, 'Fearful': 1.6414973288192414e-05, 'Happy': 0.003987056668847799, 'Neutral': 0.9936062097549438, 'Other': 0.00012032062659272924, 'Sad': 0.00012991375115234405, 'Surprised': 3.017954804818146e-05, 'Unknown': 0.0005529180052690208}",What?!
ASHLEY,00:42:16,00:42:17,Angry,"{'Angry': 0.46697765588760376, 'Disgusted': 0.06505545973777771, 'Fearful': 0.0007459064945578575, 'Happy': 0.04458758234977722, 'Neutral': 0.39121773838996887, 'Other': 0.00038802623748779297, 'Sad': 0.029845651239156723, 'Surprised': 0.00030532971140928566, 'Unknown': 0.00087666668696329}",Come on!
SAM,00:42:17,00:42:19,Neutral,"{'Angry': 2.1433506844914518e-05, 'Disgusted': 6.812268838984892e-05, 'Fearful': 3.3011769119184464e-05, 'Happy': 0.00043732236372306943, 'Neutral': 0.9987799525260925, 'Other': 1.679156775935553e-05, 'Sad': 8.913074998417869e-05, 'Surprised': 1.5090619172042352e-06, 'Unknown': 0.0005526967579498887}",Yeah. It's gonna be one of those nights.
LAURA,00:42:19,00:42:20,Neutral,"{'Angry': 0.00520293228328228, 'Disgusted': 0.0004310993244871497, 'Fearful': 3.186527101206593e-05, 'Happy': 0.03320925310254097, 'Neutral': 0.9509930610656738, 'Other': 5.741577842854895e-05, 'Sad': 0.0007468762923963368, 'Surprised': 0.00932135060429573, 'Unknown': 6.137012405815767e-06}",I need that one! Oh my goodness.
TALIESIN,00:42:20,00:42:22,Neutral,"{'Angry': 1.2884787793154828e-05, 'Disgusted': 2.7033689548261464e-05, 'Fearful': 2.9791695510539284e-07, 'Happy': 6.152838523121318e-06, 'Neutral': 0.9999457597732544, 'Other': 9.15623388664244e-07, 'Sad': 3.8014818528608885e-06, 'Surprised': 1.6314644426529412e-06, 'Unknown': 1.5276664271368645e-06}",Don't. Jinx it.
MATT,00:42:22,00:42:25,Neutral,"{'Angry': 3.898552661252275e-11, 'Disgusted': 1.303681555070435e-11, 'Fearful': 1.7763686572039306e-12, 'Happy': 5.0161055864528237e-11, 'Neutral': 1.0, 'Other': 1.4851348232799988e-12, 'Sad': 2.6669533248480093e-10, 'Surprised': 1.1245383964297861e-11, 'Unknown': 2.3685265988088178e-12}",I'm gon' kill all you.
LAURA,00:42:25,00:42:28,Neutral,"{'Angry': 1.8178543115254797e-08, 'Disgusted': 1.8202342744189082e-08, 'Fearful': 6.674145236473805e-09, 'Happy': 7.857700552449387e-07, 'Neutral': 0.999998927116394, 'Other': 6.245562289564077e-09, 'Sad': 2.90623205501106e-07, 'Surprised': 1.1975770597416613e-08, 'Unknown': 6.7187850838479335e-09}",No! (laughter)
MATT,00:42:28,00:42:35,Happy,"{'Angry': 1.063529634848237e-05, 'Disgusted': 8.49964089866262e-06, 'Fearful': 4.922016614727909e-06, 'Happy': 0.9999111890792847, 'Neutral': 2.294898877153173e-05, 'Other': 7.342271601373795e-06, 'Sad': 2.2290701963356696e-05, 'Surprised': 8.406924280279782e-06, 'Unknown': 3.6593960430764128e-06}","You put your ear to the side, and you hear nothing."
LIAM,00:42:35,00:42:41,Happy,"{'Angry': 6.075730141219537e-08, 'Disgusted': 3.215450306015555e-07, 'Fearful': 8.574971133157305e-08, 'Happy': 0.999990701675415, 'Neutral': 2.9597620141430525e-06, 'Other': 1.284954578295583e-07, 'Sad': 4.437113432231854e-07, 'Surprised': 9.852366034124316e-09, 'Unknown': 5.3122034842090216e-06}",Okay. Do I sense any kind of-- I'm checking for traps on the door.
MATT,00:42:41,00:42:44,Neutral,"{'Angry': 6.358941817552477e-09, 'Disgusted': 1.497819113183141e-08, 'Fearful': 7.900815113259796e-09, 'Happy': 2.5391969415977655e-08, 'Neutral': 0.9999996423721313, 'Other': 3.6395200186944976e-09, 'Sad': 3.5485345506458543e-07, 'Surprised': 1.023090501206525e-09, 'Unknown': 2.1613649536789126e-08}",Okay. Yup.
LIAM,00:42:44,00:42:49,Neutral,"{'Angry': 6.63853469973219e-08, 'Disgusted': 6.409459984979549e-08, 'Fearful': 2.9482758456822467e-09, 'Happy': 8.560417086300731e-07, 'Neutral': 0.9999986886978149, 'Other': 1.6849510231509157e-08, 'Sad': 1.919158449936731e-07, 'Surprised': 1.9289229769015037e-08, 'Unknown': 1.6874490693652433e-09}","Trap's perception, right? 26."
MATT,00:42:49,00:42:55,Happy,"{'Angry': 0.1809835284948349, 'Disgusted': 0.11168277263641357, 'Fearful': 0.01252592634409666, 'Happy': 0.4012352228164673, 'Neutral': 0.15468886494636536, 'Other': 0.00036705940146930516, 'Sad': 0.10866408795118332, 'Surprised': 0.029160402715206146, 'Unknown': 0.000692196364980191}","So the door itself does not appear to be trapped. It does appear to be locked, though."
LIAM,00:42:55,00:43:02,Neutral,"{'Angry': 3.6326099461803096e-07, 'Disgusted': 4.635109860373632e-07, 'Fearful': 5.690681703640621e-08, 'Happy': 6.748224677721737e-06, 'Neutral': 0.999988317489624, 'Other': 5.724099310100428e-07, 'Sad': 1.777059878804721e-06, 'Surprised': 4.234266981484325e-08, 'Unknown': 1.6072889366114396e-06}","All right, well, I pull out my picks. And I get a three on that, so--"
MATT,00:43:02,00:43:04,Neutral,"{'Angry': 0.0004501556686591357, 'Disgusted': 0.0006156223244033754, 'Fearful': 2.497427885828074e-05, 'Happy': 0.0014577694237232208, 'Neutral': 0.9962958693504333, 'Other': 8.325454473379068e-06, 'Sad': 0.0010484574595466256, 'Surprised': 9.286338172387332e-05, 'Unknown': 5.876723662368022e-06}","That's okay. It's a really, really, really crappy lock."
LAURA,00:43:04,00:43:05,Happy,"{'Angry': 0.01180165633559227, 'Disgusted': 0.012454231269657612, 'Fearful': 0.000673237896990031, 'Happy': 0.942905068397522, 'Neutral': 0.02360626496374607, 'Other': 0.00011687733785947785, 'Sad': 0.0014358490006998181, 'Surprised': 0.006975854281336069, 'Unknown': 3.08957532979548e-05}",Oh!
MATT,00:43:05,00:43:14,Happy,"{'Angry': 1.431312290911535e-10, 'Disgusted': 4.617152493668897e-10, 'Fearful': 1.3434502121878467e-10, 'Happy': 1.0, 'Neutral': 1.7241500449571845e-09, 'Other': 1.1757946005719333e-10, 'Sad': 9.77151137782073e-10, 'Surprised': 3.304019002836611e-10, 'Unknown': 1.6987401763035592e-10}","You notice that the door itself, it has a locking mechanism on it. It was kinda half-locked, and as you push, it opens up, into a commode."
LIAM,00:43:14,00:43:16,Neutral,"{'Angry': 0.001596814370714128, 'Disgusted': 0.0015609418042004108, 'Fearful': 3.265580744482577e-05, 'Happy': 0.000586847250815481, 'Neutral': 0.9866703152656555, 'Other': 4.0388655179413036e-05, 'Sad': 0.009425698779523373, 'Surprised': 6.489342194981873e-05, 'Unknown': 2.1524023395613767e-05}","Aw, yes!"
MATT,00:43:16,00:43:24,Neutral,"{'Angry': 5.456670949506928e-14, 'Disgusted': 2.423497846157298e-15, 'Fearful': 3.733179130410713e-16, 'Happy': 7.470942403131967e-14, 'Neutral': 1.0, 'Other': 7.114526714916e-16, 'Sad': 1.7827830412018436e-13, 'Surprised': 3.4593930096828845e-14, 'Unknown': 2.132009245051623e-15}","There's nobody in there. It is a room with what looks almost like a bench, with a series of holes cut into the bench. It's a communal--"
LIAM,00:43:24,00:43:28,Neutral,"{'Angry': 0.000884035776834935, 'Disgusted': 0.0019582847598940134, 'Fearful': 0.00017182482406497002, 'Happy': 0.0019793363753706217, 'Neutral': 0.9917089343070984, 'Other': 0.00035630547790788114, 'Sad': 0.0005848580040037632, 'Surprised': 3.130843106191605e-05, 'Unknown': 0.002325092675164342}","Well, I'm tempted to close the door for a moment, but I will press on instead."
SAM,00:43:28,00:43:31,Neutral,"{'Angry': 1.5320915736083407e-06, 'Disgusted': 7.961176038406848e-07, 'Fearful': 1.1547656697530329e-07, 'Happy': 6.027020208421163e-05, 'Neutral': 0.9999276399612427, 'Other': 7.430701884914015e-07, 'Sad': 7.456140792783117e-06, 'Surprised': 8.891710479019821e-08, 'Unknown': 1.384201823384501e-06}",Check for loot! (laughter)
LAURA,00:43:31,00:43:32,Neutral,"{'Angry': 0.008589210920035839, 'Disgusted': 0.01479223370552063, 'Fearful': 0.0005805413820780814, 'Happy': 0.006715120282024145, 'Neutral': 0.9543392062187195, 'Other': 8.367285772692412e-05, 'Sad': 0.008506767451763153, 'Surprised': 0.006373732350766659, 'Unknown': 1.9624492779257707e-05}",Gross!
LIAM,00:43:32,00:43:39,Neutral,"{'Angry': 1.1338539829264249e-10, 'Disgusted': 1.8775377086388545e-11, 'Fearful': 3.678015791236389e-12, 'Happy': 8.68426663913624e-10, 'Neutral': 1.0, 'Other': 2.49892988246625e-12, 'Sad': 5.22176024642107e-10, 'Surprised': 4.46927772568273e-11, 'Unknown': 3.387442453275935e-12}","All right, so I'm going to inch towards that open door ahead of me, see what's around the corner."
SAM,00:43:39,00:43:43,Neutral,"{'Angry': 1.2132363169659044e-10, 'Disgusted': 1.567751310715959e-11, 'Fearful': 3.1894875195809247e-12, 'Happy': 2.2308659086700544e-10, 'Neutral': 1.0, 'Other': 3.2886996077785557e-12, 'Sad': 3.005739546146913e-10, 'Surprised': 1.978039260164266e-11, 'Unknown': 1.592807309658273e-11}","I'm gonna follow-- I'm gonna inch up behind him as well. I'm still invisible, right? How long does that last?"
MATT,00:43:43,00:43:46,Neutral,"{'Angry': 2.5417781768233283e-10, 'Disgusted': 2.658475349581746e-11, 'Fearful': 2.948916067932461e-12, 'Happy': 7.924024769678795e-10, 'Neutral': 1.0, 'Other': 1.2994208573730015e-12, 'Sad': 4.6176720780444214e-10, 'Surprised': 6.168174304654883e-11, 'Unknown': 1.960134962328275e-12}","Okay. It's concentration for quite some time, I believe."
MARISHA,00:43:46,00:43:47,Neutral,"{'Angry': 8.617088553819485e-08, 'Disgusted': 1.4099834189096327e-08, 'Fearful': 9.925734012483645e-09, 'Happy': 1.3635728464578278e-05, 'Neutral': 0.999984622001648, 'Other': 6.800959795327799e-09, 'Sad': 1.5233538306347327e-06, 'Surprised': 3.664816006221372e-08, 'Unknown': 1.8019167269400782e-09}",Actually--
TALIESIN,00:43:47,00:43:50,Neutral,"{'Angry': 6.011806181049906e-05, 'Disgusted': 3.0710896680830047e-05, 'Fearful': 1.358870349577046e-06, 'Happy': 5.6377859436906874e-05, 'Neutral': 0.9998149275779724, 'Other': 7.534416454291204e-06, 'Sad': 7.172440746217035e-06, 'Surprised': 9.683524240244878e-07, 'Unknown': 2.0820954887312837e-05}","Really quickly-- Oh, do you want to go first?"
MARISHA,00:43:50,00:43:51,Neutral,"{'Angry': 0.0036195458378642797, 'Disgusted': 0.002160420874133706, 'Fearful': 0.0015829660696908832, 'Happy': 0.05024519935250282, 'Neutral': 0.9124669432640076, 'Other': 2.8708978788927197e-05, 'Sad': 0.005784180946648121, 'Surprised': 0.024025000631809235, 'Unknown': 8.698536839801818e-05}","No, you go."
TALIESIN,00:43:51,00:43:54,Unknown,"{'Angry': 0.039971973747015, 'Disgusted': 0.016251536086201668, 'Fearful': 0.0030310945585370064, 'Happy': 0.01938558742403984, 'Neutral': 0.21704749763011932, 'Other': 0.10717391967773438, 'Sad': 0.0018917792476713657, 'Surprised': 0.008927014656364918, 'Unknown': 0.5863195657730103}",Does anyone want to hide these bodies that we've just scattered about--
LAURA,00:43:54,00:43:55,Neutral,"{'Angry': 0.0006869318895041943, 'Disgusted': 0.0018299684161320329, 'Fearful': 2.9741569960606284e-05, 'Happy': 0.003916135057806969, 'Neutral': 0.9928996562957764, 'Other': 5.3550858865492046e-05, 'Sad': 0.0004640559491235763, 'Surprised': 9.015072282636538e-05, 'Unknown': 2.9708287911489606e-05}","Yeah, that would be good!"
MARISHA,00:43:55,00:43:57,Neutral,"{'Angry': 0.041009385138750076, 'Disgusted': 0.02044336497783661, 'Fearful': 0.05941049009561539, 'Happy': 0.15620245039463043, 'Neutral': 0.5893503427505493, 'Other': 4.464949233806692e-05, 'Sad': 0.12748315930366516, 'Surprised': 0.005814135540276766, 'Unknown': 0.0002420281816739589}",Inside the loo.
TALIESIN,00:43:57,00:43:59,Sad,"{'Angry': 0.17298759520053864, 'Disgusted': 0.0881701186299324, 'Fearful': 0.014634578488767147, 'Happy': 0.05252672731876373, 'Neutral': 0.23873545229434967, 'Other': 0.0006988174864090979, 'Sad': 0.41980046033859253, 'Surprised': 0.0035862671211361885, 'Unknown': 0.008859985508024693}",It's a perfect place for them to be interred.
LIAM,00:43:59,00:44:02,Surprised,"{'Angry': 0.004227270372211933, 'Disgusted': 0.0037629418075084686, 'Fearful': 0.0020440504886209965, 'Happy': 0.005994307342916727, 'Neutral': 0.3699333369731903, 'Other': 0.0013465675292536616, 'Sad': 0.03621813282370567, 'Surprised': 0.5742586255073547, 'Unknown': 0.0022147581912577152}","So, Pike, hold still, please."
ASHLEY,00:44:02,00:44:04,Angry,"{'Angry': 0.5442432761192322, 'Disgusted': 0.008622527122497559, 'Fearful': 0.0021169099491089582, 'Happy': 0.021738560870289803, 'Neutral': 0.38825252652168274, 'Other': 0.003122441004961729, 'Sad': 0.008992865681648254, 'Surprised': 0.0010416938457638025, 'Unknown': 0.02186918631196022}",I'm not moving!
SAM,00:44:04,00:44:05,Neutral,"{'Angry': 0.057826995849609375, 'Disgusted': 0.06179150193929672, 'Fearful': 0.0005400795489549637, 'Happy': 0.1511717289686203, 'Neutral': 0.7131950855255127, 'Other': 0.0003120333421975374, 'Sad': 0.013383843004703522, 'Surprised': 0.0011200520675629377, 'Unknown': 0.0006586650852113962}","Pike, eviscerate the bodies!"
MARISHA,00:44:05,00:44:14,Happy,"{'Angry': 0.0010621451074257493, 'Disgusted': 0.0010725510073825717, 'Fearful': 0.0001770670642144978, 'Happy': 0.6553581953048706, 'Neutral': 0.33226722478866577, 'Other': 0.0013692830689251423, 'Sad': 0.0010233591310679913, 'Surprised': 0.003578690579161048, 'Unknown': 0.004091473761945963}","Here, I'm gonna-- I'll walk over, in tiger form, and I just grab one by the scruff and start dragging it."
MATT,00:44:14,00:44:18,Neutral,"{'Angry': 0.00012743784463964403, 'Disgusted': 0.00010555914195720106, 'Fearful': 6.586017207155237e-06, 'Happy': 0.00030950462678447366, 'Neutral': 0.9990975856781006, 'Other': 4.3815321987494826e-05, 'Sad': 6.523342744912952e-05, 'Surprised': 2.202318910349277e-06, 'Unknown': 0.00024211721029132605}",Grog helps out. You guys move the two bodies slowly over into the restroom area.
MARISHA,00:44:18,00:44:25,Neutral,"{'Angry': 4.4870224614849963e-13, 'Disgusted': 1.4238921998942222e-14, 'Fearful': 3.450113213174298e-15, 'Happy': 5.070081724248277e-13, 'Neutral': 1.0, 'Other': 1.7089858504788931e-15, 'Sad': 1.5908999378283495e-12, 'Surprised': 1.411807275903884e-13, 'Unknown': 9.822911493267191e-15}","Wait, we kinda prop them up to kinda like Weekend at Bernie's them, yeah, make them just look like they're, you know, passed out."
MATT,00:44:25,00:44:31,Neutral,"{'Angry': 3.6143465109717e-08, 'Disgusted': 2.3042730390443467e-08, 'Fearful': 1.74266396868461e-08, 'Happy': 4.182976454103482e-07, 'Neutral': 0.9999991655349731, 'Other': 1.3770155682379936e-08, 'Sad': 2.3111275027076772e-07, 'Surprised': 1.3377738028452768e-08, 'Unknown': 3.7860687029933615e-08}","Okay, as they're both generally laying back, like they just got really drunk and barely found their way to the toilet."
SAM,00:44:31,00:44:34,Neutral,"{'Angry': 0.00431635370478034, 'Disgusted': 0.010733839124441147, 'Fearful': 0.0015905183972790837, 'Happy': 0.0033775263000279665, 'Neutral': 0.8885114192962646, 'Other': 0.0008554518572054803, 'Sad': 0.08832838386297226, 'Surprised': 0.001418328145518899, 'Unknown': 0.0008681297767907381}",And throats slit. (laughter)
MATT,00:44:34,00:44:36,Neutral,"{'Angry': 6.329019441864148e-08, 'Disgusted': 5.4688953810000385e-08, 'Fearful': 1.753560674444543e-08, 'Happy': 1.1665640897717822e-07, 'Neutral': 0.9999992847442627, 'Other': 9.30900512230437e-09, 'Sad': 3.229324931908195e-07, 'Surprised': 2.599237980405178e-08, 'Unknown': 9.413097856736385e-09}",It's really rough blockage.
MARISHA,00:44:36,00:44:40,Neutral,"{'Angry': 1.5917968332335164e-10, 'Disgusted': 3.4102633911237135e-11, 'Fearful': 1.423677061657136e-11, 'Happy': 7.376485533505672e-10, 'Neutral': 1.0, 'Other': 3.376231802812435e-12, 'Sad': 1.3447992719406443e-09, 'Surprised': 1.3864501213767255e-10, 'Unknown': 3.707471395858475e-12}",We take that one and kind of like lean him forward so you can't tell immediately.
MATT,00:44:40,00:44:45,Neutral,"{'Angry': 0.002507016761228442, 'Disgusted': 0.0026377649046480656, 'Fearful': 0.0019210930913686752, 'Happy': 0.0654812604188919, 'Neutral': 0.8289855718612671, 'Other': 0.004128549713641405, 'Sad': 0.03292712941765785, 'Surprised': 0.00024798951926641166, 'Unknown': 0.061163607984781265}","Okay. All right, that's not a worry. You bring that up to that little area there. All right."
LIAM,00:44:45,00:44:47,Angry,"{'Angry': 0.8473663330078125, 'Disgusted': 8.348967821802944e-05, 'Fearful': 7.229051334434189e-06, 'Happy': 0.0005013555637560785, 'Neutral': 0.15173444151878357, 'Other': 3.7665477066184394e-06, 'Sad': 0.00026465769042260945, 'Surprised': 3.7800080463057384e-05, 'Unknown': 8.96226083568763e-07}","Well done, there."
TALIESIN,00:44:47,00:44:48,Neutral,"{'Angry': 0.0029658351559191942, 'Disgusted': 0.009976543486118317, 'Fearful': 5.263788261800073e-05, 'Happy': 0.0041417949832975864, 'Neutral': 0.9783986210823059, 'Other': 8.361753862118348e-05, 'Sad': 0.002762294840067625, 'Surprised': 0.0016032098792493343, 'Unknown': 1.535159390186891e-05}","Oh, thank you."
MATT,00:44:48,00:44:54,Neutral,"{'Angry': 1.3105914149491582e-05, 'Disgusted': 1.0608047887217253e-05, 'Fearful': 3.7461834381247172e-06, 'Happy': 7.376433495664969e-05, 'Neutral': 0.9997348189353943, 'Other': 3.726541035575792e-05, 'Sad': 4.066084875375964e-05, 'Surprised': 7.128004995138326e-07, 'Unknown': 8.51700096973218e-05}","You guys move forward to that. Grog has come over here to be able to help. Now, looking down this hallway, here you can see--"
SAM,00:44:54,00:44:58,Angry,"{'Angry': 0.3654597997665405, 'Disgusted': 0.11604374647140503, 'Fearful': 0.0172047670930624, 'Happy': 0.03354129567742348, 'Neutral': 0.20457692444324493, 'Other': 0.003818847006186843, 'Sad': 0.01979157142341137, 'Surprised': 0.001464792643673718, 'Unknown': 0.23809818923473358}","Who we got, who we got?"
MATT,00:44:58,00:45:00,Neutral,"{'Angry': 0.0015221965732052922, 'Disgusted': 6.266871787374839e-05, 'Fearful': 2.3068662358127767e-06, 'Happy': 4.200779221719131e-05, 'Neutral': 0.998292863368988, 'Other': 6.537473495882296e-07, 'Sad': 5.9088873967994004e-05, 'Surprised': 1.7695734641165473e-05, 'Unknown': 5.018754904995149e-07}",This side opens up--
LAURA,00:45:00,00:45:03,Neutral,"{'Angry': 0.006465088576078415, 'Disgusted': 0.014990297146141529, 'Fearful': 0.013003289699554443, 'Happy': 0.10170899331569672, 'Neutral': 0.7322744727134705, 'Other': 0.01252728421241045, 'Sad': 0.0912044495344162, 'Surprised': 0.024284010753035545, 'Unknown': 0.0035421166103333235}",All I want to do is find the damn treasure room.
MATT,00:45:03,00:45:13,Happy,"{'Angry': 0.0002883606939576566, 'Disgusted': 0.0002525495656300336, 'Fearful': 2.7025334929930978e-05, 'Happy': 0.995313286781311, 'Neutral': 0.0033616002183407545, 'Other': 0.0001623107527848333, 'Sad': 0.0002273758000228554, 'Surprised': 3.250443478464149e-05, 'Unknown': 0.00033505502506159246}","Looking into this room, it appears to be a barracks. A room that is just filled with different beds, all apparently empty."
LAURA,00:45:13,00:45:15,Neutral,"{'Angry': 0.04256650432944298, 'Disgusted': 0.07110175490379333, 'Fearful': 0.002507619559764862, 'Happy': 0.038543831557035446, 'Neutral': 0.38072383403778076, 'Other': 0.13083872199058533, 'Sad': 0.3100450038909912, 'Surprised': 0.01970990188419819, 'Unknown': 0.003962814342230558}","Oh, they're up and looking for us."
MARISHA,00:45:15,00:45:17,Neutral,"{'Angry': 0.06997382640838623, 'Disgusted': 0.3006996214389801, 'Fearful': 0.0012725163251161575, 'Happy': 0.1896209418773651, 'Neutral': 0.3636224567890167, 'Other': 0.025189587846398354, 'Sad': 0.043469469994306564, 'Surprised': 0.0028423708863556385, 'Unknown': 0.00330922263674438}",Apparently empty?
MATT,00:45:17,00:45:19,Neutral,"{'Angry': 2.7267292156823997e-12, 'Disgusted': 1.4032995414563904e-13, 'Fearful': 3.4046689214662154e-14, 'Happy': 3.644760708521044e-12, 'Neutral': 1.0, 'Other': 1.2039506930739286e-14, 'Sad': 8.669991807819244e-12, 'Surprised': 7.986161103083755e-13, 'Unknown': 8.389302978435015e-14}",From what you can see.
MARISHA,00:45:19,00:45:26,Neutral,"{'Angry': 1.1366027476839013e-12, 'Disgusted': 4.571253179588494e-14, 'Fearful': 1.3964101312172617e-14, 'Happy': 1.4487904148943742e-12, 'Neutral': 1.0, 'Other': 3.896953797795279e-15, 'Sad': 3.7088435621279725e-12, 'Surprised': 4.5140104219625055e-13, 'Unknown': 2.8950105523560185e-14}",Can I use my keen smell to see if I smell any duergar in there?
MATT,00:45:26,00:45:52,Neutral,"{'Angry': 4.313769393776701e-13, 'Disgusted': 1.5919665759256407e-14, 'Fearful': 3.859185869226631e-15, 'Happy': 5.373633395894251e-13, 'Neutral': 1.0, 'Other': 2.4265230243284168e-15, 'Sad': 1.5451148390258074e-12, 'Surprised': 1.70879857572942e-13, 'Unknown': 1.2314066731361137e-14}","Sure. So you slowly approach the door using your keen senses, which opens up this hallway a little bit visibly to you. You can see it goes back quite a bit. Sniffing this room, you can tell that there were duergar there recently. Apparently, at the moment, though, there is no immediate scent that matches a duergar. So the room, for the most part, has been completely evacuated."
MARISHA,00:45:52,00:46:02,Neutral,"{'Angry': 2.363225576118566e-05, 'Disgusted': 3.0087865525274538e-05, 'Fearful': 2.1775726054329425e-05, 'Happy': 6.0224327171454206e-05, 'Neutral': 0.9995515942573547, 'Other': 3.138130341540091e-05, 'Sad': 8.40562061057426e-05, 'Surprised': 7.455251989085809e-07, 'Unknown': 0.00019641748804133385}","Okay, I kinda-- even though I'm not a dog, I'm a cat, I still kinda point. I go into pointer face. You know? Like--"
ORION,00:46:02,00:46:03,Neutral,"{'Angry': 0.034097570925951004, 'Disgusted': 0.01920379139482975, 'Fearful': 0.0007068567210808396, 'Happy': 0.0810958743095398, 'Neutral': 0.7970277070999146, 'Other': 0.00010469739208929241, 'Sad': 0.0384342335164547, 'Surprised': 0.02927226573228836, 'Unknown': 5.7000932429218665e-05}",Pointer face?
MARISHA,00:46:03,00:46:05,Neutral,"{'Angry': 0.0008067171438597143, 'Disgusted': 0.00028864838532172143, 'Fearful': 6.122559716459364e-05, 'Happy': 0.0002772316802293062, 'Neutral': 0.9972198009490967, 'Other': 0.00017698804731480777, 'Sad': 0.0008023476111702621, 'Surprised': 1.405025614076294e-05, 'Unknown': 0.0003530834801495075}","You know, like a pointer."
LIAM,00:46:05,00:46:06,Neutral,"{'Angry': 0.0004264150047674775, 'Disgusted': 0.00011716598964994773, 'Fearful': 5.517328099813312e-05, 'Happy': 0.0003632706357166171, 'Neutral': 0.9978109002113342, 'Other': 1.910703076646314e-06, 'Sad': 0.0007404609932564199, 'Surprised': 0.00048401200911030173, 'Unknown': 6.707409738737624e-07}","Yeah, angling your nose forward, all right."
SAM,00:46:06,00:46:10,Angry,"{'Angry': 0.91925448179245, 'Disgusted': 0.0052889022044837475, 'Fearful': 0.004075354430824518, 'Happy': 0.004543997813016176, 'Neutral': 0.03258789703249931, 'Other': 0.0022275284864008427, 'Sad': 0.004248686134815216, 'Surprised': 0.00015521985187660903, 'Unknown': 0.02761790156364441}",I think Keyleth has to pee. (laughter)
SAM,00:46:10,00:46:12,Neutral,"{'Angry': 0.002481523435562849, 'Disgusted': 0.0018170179100707173, 'Fearful': 0.008030143566429615, 'Happy': 0.017519919201731682, 'Neutral': 0.7760018110275269, 'Other': 7.30023457435891e-05, 'Sad': 0.012018835172057152, 'Surprised': 0.18185868859291077, 'Unknown': 0.0001991456374526024}",I never had a cat.
LIAM,00:46:12,00:46:21,Happy,"{'Angry': 1.283966639675782e-07, 'Disgusted': 3.8378086486545726e-08, 'Fearful': 3.06817615758348e-09, 'Happy': 0.995079517364502, 'Neutral': 0.00491842906922102, 'Other': 8.047492450202753e-09, 'Sad': 1.8488705109120929e-06, 'Surprised': 5.128732993853191e-08, 'Unknown': 5.217132947876735e-09}","All right, I'm gonna start sliding down that hall there, ignoring this other passage, and get up to the door and again place my ear to it. Oh look, there's the front entrance."
MATT,00:46:21,00:46:44,Neutral,"{'Angry': 9.568262154813212e-11, 'Disgusted': 2.2252253858989768e-11, 'Fearful': 1.1607375650923846e-11, 'Happy': 2.8582994304748865e-10, 'Neutral': 1.0, 'Other': 2.990359912816154e-12, 'Sad': 8.117788663497549e-10, 'Surprised': 8.727619321691193e-11, 'Unknown': 2.5088889299418327e-11}","As you look to your right, this is a large foyer-type area with two red carpets that are rolled on the sides of it that lead to the front of the main double-sided, large ten-foot-tall stone doors of the front of the fortress. To your left, there is a double wooden door, about eight feet tall each side, about five feet wide, that are currently closed, leading into whatever this large chamber is immediately to your left."
SAM,00:46:44,00:46:47,Neutral,"{'Angry': 1.9250518334956723e-07, 'Disgusted': 2.7342244379724434e-07, 'Fearful': 1.4028114669883962e-08, 'Happy': 1.669599259912502e-05, 'Neutral': 0.9999815225601196, 'Other': 3.9692420727988065e-07, 'Sad': 8.517250194017834e-07, 'Surprised': 3.234419665432142e-08, 'Unknown': 7.996460027470675e-08}",Can I hang a right and go down that other hall?
TALIESIN,00:46:47,00:46:49,Neutral,"{'Angry': 6.764429940631089e-07, 'Disgusted': 1.015521206682024e-06, 'Fearful': 3.725231181306299e-07, 'Happy': 6.118527380749583e-06, 'Neutral': 0.9999803304672241, 'Other': 5.92221226725087e-07, 'Sad': 1.317616920459841e-06, 'Surprised': 2.3211551791746388e-08, 'Unknown': 9.517733815300744e-06}",We should check out what's in that other hall.
SAM,00:46:49,00:46:50,Neutral,"{'Angry': 0.010405263863503933, 'Disgusted': 0.004569258540868759, 'Fearful': 7.509704300900921e-05, 'Happy': 0.006023523397743702, 'Neutral': 0.9771010279655457, 'Other': 0.0001940654474310577, 'Sad': 0.0005295920418575406, 'Surprised': 6.29371716058813e-05, 'Unknown': 0.0010392514523118734}",Is there a door over there?
MATT,00:46:50,00:46:52,Neutral,"{'Angry': 5.087517820356879e-07, 'Disgusted': 6.650324735346658e-07, 'Fearful': 3.830581647434883e-07, 'Happy': 2.8958363600395387e-06, 'Neutral': 0.999993085861206, 'Other': 4.3101914570797817e-07, 'Sad': 1.245364842361596e-06, 'Surprised': 2.462806207859103e-07, 'Unknown': 4.4307898861006834e-07}","There are two doors, actually."
SAM,00:46:52,00:46:53,Happy,"{'Angry': 2.5446101403758803e-07, 'Disgusted': 4.6716412072100866e-08, 'Fearful': 3.6819984838842856e-09, 'Happy': 0.9999896287918091, 'Neutral': 9.337008123111445e-06, 'Other': 3.4764184864144454e-09, 'Sad': 6.499730602627096e-07, 'Surprised': 1.4174483453643916e-07, 'Unknown': 3.6518105206440055e-10}",Closed?
SAM,00:46:53,00:46:55,Neutral,"{'Angry': 6.309308082563803e-05, 'Disgusted': 0.0001026746176648885, 'Fearful': 3.617699985625222e-05, 'Happy': 0.0007763776229694486, 'Neutral': 0.998621940612793, 'Other': 1.3941491488367319e-05, 'Sad': 0.0001725909678498283, 'Surprised': 1.1830512448796071e-05, 'Unknown': 0.00020126115123275667}",I'm going to listen into those doors.
MATT,00:46:55,00:46:56,Neutral,"{'Angry': 1.7428238834327203e-06, 'Disgusted': 5.494346169143682e-07, 'Fearful': 9.546363699541871e-09, 'Happy': 9.494510777585674e-07, 'Neutral': 0.9999964237213135, 'Other': 1.9913793281034486e-08, 'Sad': 2.842402295755164e-07, 'Surprised': 1.476534894351289e-08, 'Unknown': 5.553370741040453e-08}",Make a perception check.
SAM,00:46:56,00:47:01,Neutral,"{'Angry': 3.73586388491276e-08, 'Disgusted': 1.2611408806151303e-08, 'Fearful': 2.880004501548683e-08, 'Happy': 1.0098286651327726e-07, 'Neutral': 0.9999995231628418, 'Other': 2.1000139405202845e-09, 'Sad': 3.039341152089037e-07, 'Surprised': 1.8317845018600565e-08, 'Unknown': 6.632154825325642e-10}",Natural 17. (cheering)
MARISHA,00:47:01,00:47:03,Neutral,"{'Angry': 0.010110347531735897, 'Disgusted': 0.02905733324587345, 'Fearful': 0.005497531499713659, 'Happy': 0.04744526371359825, 'Neutral': 0.8771523833274841, 'Other': 3.548144377418794e-05, 'Sad': 0.025125036016106606, 'Surprised': 0.005504075903445482, 'Unknown': 7.245894812513143e-05}",Gotta love that nat 17.
MATT,00:47:03,00:47:08,Unknown,"{'Angry': 0.01894128881394863, 'Disgusted': 0.18837659060955048, 'Fearful': 0.023558005690574646, 'Happy': 0.008666410110890865, 'Neutral': 0.32777726650238037, 'Other': 0.004697900265455246, 'Sad': 0.0354180783033371, 'Surprised': 5.406470882007852e-05, 'Unknown': 0.39251041412353516}","Listening in, you don't hear any noise."
SAM,00:47:08,00:47:10,Neutral,"{'Angry': 4.7101761424528377e-07, 'Disgusted': 1.1365519725359263e-07, 'Fearful': 1.2355829426269338e-07, 'Happy': 4.968141183780972e-06, 'Neutral': 0.999992847442627, 'Other': 1.6635459232361427e-08, 'Sad': 4.592823188431794e-07, 'Surprised': 9.671052794146817e-07, 'Unknown': 5.490586652001639e-09}",That could mean nothing.
LIAM,00:47:10,00:47:12,Neutral,"{'Angry': 0.0015428888145834208, 'Disgusted': 0.00965034682303667, 'Fearful': 0.0001146727881859988, 'Happy': 0.0008436614298261702, 'Neutral': 0.9686985611915588, 'Other': 1.5861098290770315e-05, 'Sad': 0.01907728798687458, 'Surprised': 3.59956466127187e-05, 'Unknown': 2.072296592814382e-05}",Are you at the double doors with me?
SAM,00:47:12,00:47:13,Angry,"{'Angry': 0.5629415512084961, 'Disgusted': 0.010194317437708378, 'Fearful': 0.3318978250026703, 'Happy': 0.024815557524561882, 'Neutral': 0.06389909237623215, 'Other': 0.0009270246955566108, 'Sad': 0.002498778747394681, 'Surprised': 0.002304412191733718, 'Unknown': 0.0005214171251282096}",I'm to the right. I went the other way.
LIAM,00:47:13,00:47:21,Neutral,"{'Angry': 0.005185691639780998, 'Disgusted': 0.01199653185904026, 'Fearful': 0.030178919434547424, 'Happy': 0.2040610909461975, 'Neutral': 0.4169861376285553, 'Other': 0.004706376697868109, 'Sad': 0.007142358459532261, 'Surprised': 5.700616748072207e-05, 'Unknown': 0.31968584656715393}","Okay. I'm going to listen at the big wooden doors, and I rolled, oh, not that great. 17."
MATT,00:47:21,00:47:23,Happy,"{'Angry': 3.5983557609142736e-05, 'Disgusted': 3.22472260450013e-06, 'Fearful': 1.4071065379539505e-06, 'Happy': 0.9998570680618286, 'Neutral': 8.478484232909977e-05, 'Other': 1.4585235419417586e-07, 'Sad': 1.5753248590044677e-05, 'Surprised': 1.516071506557637e-06, 'Unknown': 7.655037848053325e-08}",All right. Listening in--
ORION,00:47:23,00:47:28,Disgusted,"{'Angry': 0.03855859115719795, 'Disgusted': 0.6508289575576782, 'Fearful': 0.027509396895766258, 'Happy': 0.023168085142970085, 'Neutral': 0.07788202911615372, 'Other': 0.004838205873966217, 'Sad': 0.04201190918684006, 'Surprised': 0.003747528651729226, 'Unknown': 0.13145536184310913}","I scootch up ahead of Grog like, excuse me, excuse me."
MATT,00:47:28,00:47:45,Neutral,"{'Angry': 8.731468170708467e-08, 'Disgusted': 9.733952310853056e-08, 'Fearful': 3.647657109695501e-08, 'Happy': 5.2943560149287805e-05, 'Neutral': 0.9999263286590576, 'Other': 7.258854139990945e-08, 'Sad': 2.0181649233563803e-05, 'Surprised': 6.05161929456699e-08, 'Unknown': 1.3127676368185348e-07}","As you listen back, there is no noise internally, except for the slight squeak as you put yourself against the door. It shifts a little bit, making no noticeable noise, but it appears the doors are unlocked, or there is no lock."
LAURA,00:47:45,00:47:46,Neutral,"{'Angry': 0.011953714303672314, 'Disgusted': 0.008296919986605644, 'Fearful': 4.064037057105452e-05, 'Happy': 0.023822955787181854, 'Neutral': 0.9515101909637451, 'Other': 3.3693209843477234e-05, 'Sad': 0.003074857871979475, 'Surprised': 0.0012654440943151712, 'Unknown': 1.595188450664864e-06}",Oh no.
MATT,00:47:46,00:47:50,Happy,"{'Angry': 1.1772381469654647e-07, 'Disgusted': 6.379267460943083e-07, 'Fearful': 2.2246379671742034e-07, 'Happy': 0.9999828338623047, 'Neutral': 6.9366165007522795e-06, 'Other': 1.1153745305136908e-07, 'Sad': 4.4986518332734704e-07, 'Surprised': 3.4262360060210995e-08, 'Unknown': 8.671035175211728e-06}",You're not hearing anything from inside that one door you're at.
SAM,00:47:50,00:47:51,Neutral,"{'Angry': 0.023651475086808205, 'Disgusted': 0.027469748631119728, 'Fearful': 0.0021451169159263372, 'Happy': 0.43842893838882446, 'Neutral': 0.45550256967544556, 'Other': 0.00011376692418707535, 'Sad': 0.005938734859228134, 'Surprised': 0.04661792889237404, 'Unknown': 0.000131843495182693}","Wait, I just heard a noise?"
MATT,00:47:51,00:47:53,Happy,"{'Angry': 0.0001190003240481019, 'Disgusted': 0.0005252676783129573, 'Fearful': 0.00027852135826833546, 'Happy': 0.9846712946891785, 'Neutral': 0.01170179434120655, 'Other': 0.00018697683117352426, 'Sad': 0.000769849109929055, 'Surprised': 0.00024205000954680145, 'Unknown': 0.0015052335802465677}","No, you hear no noise coming from that room."
SAM,00:47:53,00:48:00,Happy,"{'Angry': 1.88425133273995e-08, 'Disgusted': 9.067284878483406e-08, 'Fearful': 2.7175742545182402e-08, 'Happy': 0.9999992847442627, 'Neutral': 4.228679628681675e-08, 'Other': 7.59744480660629e-08, 'Sad': 6.763702486978218e-08, 'Surprised': 3.5926089481108647e-07, 'Unknown': 4.564694577879891e-08}","Oh, okay. Stinking Cloud, can I go through doors, or do I have to see what I'm casting it at?"
MATT,00:48:00,00:48:02,Neutral,"{'Angry': 4.789690501638688e-05, 'Disgusted': 6.4567502704449e-05, 'Fearful': 9.965237040887587e-06, 'Happy': 0.0007712201913818717, 'Neutral': 0.9989049434661865, 'Other': 1.0318620297766756e-05, 'Sad': 0.00011485598224680871, 'Surprised': 6.502409814856946e-05, 'Unknown': 1.1317601092741825e-05}","You have to have sight, unfortunately. I mean, you could peek very low."
SAM,00:48:02,00:48:05,Neutral,"{'Angry': 0.004118002951145172, 'Disgusted': 0.0050535197369754314, 'Fearful': 0.020375272259116173, 'Happy': 0.011414231732487679, 'Neutral': 0.8372153639793396, 'Other': 0.00950872153043747, 'Sad': 0.01582186482846737, 'Surprised': 0.009416710585355759, 'Unknown': 0.08707631379365921}",I'm going to open the door and look.
MATT,00:48:05,00:48:06,Neutral,"{'Angry': 1.0382190339441877e-05, 'Disgusted': 2.7987584871880244e-06, 'Fearful': 3.0396001875487855e-06, 'Happy': 3.233288953197189e-05, 'Neutral': 0.9999068975448608, 'Other': 2.944091477274924e-07, 'Sad': 3.1188290449790657e-05, 'Surprised': 1.2951427379448432e-05, 'Unknown': 6.228134452612721e-08}",Okay.
SAM,00:48:06,00:48:08,Neutral,"{'Angry': 0.0005838099750690162, 'Disgusted': 0.0016841554315760732, 'Fearful': 0.000609535607509315, 'Happy': 0.002927723340690136, 'Neutral': 0.9750055074691772, 'Other': 0.00043926844955421984, 'Sad': 0.003603473072871566, 'Surprised': 2.5458901291131042e-05, 'Unknown': 0.015121153555810452}",'Cause why not?
MATT,00:48:08,00:48:34,Neutral,"{'Angry': 0.0007716292748227715, 'Disgusted': 7.224682485684752e-05, 'Fearful': 1.4594752428820357e-05, 'Happy': 0.12114179879426956, 'Neutral': 0.877490222454071, 'Other': 1.3088916603010148e-05, 'Sad': 0.00037900032475590706, 'Surprised': 9.995137952500954e-05, 'Unknown': 1.7500213289167732e-05}","You open the door. It appears to be some sort of a guest bedroom. It's a singular bed that's in much better condition than the barracks, it's empty, it's well-made. It's more lit than the other rooms. It seems to be a room that's designed for either non-duergar riff-raff or general soldiers or guests or people that would come to the fortress to stay, so."
SAM,00:48:34,00:48:35,Neutral,"{'Angry': 1.5928360426187282e-06, 'Disgusted': 1.1661501986282019e-07, 'Fearful': 5.617867060436765e-08, 'Happy': 0.0001857642928371206, 'Neutral': 0.9998075366020203, 'Other': 7.230878118491546e-09, 'Sad': 4.5749966375296935e-06, 'Surprised': 3.8222520970521146e-07, 'Unknown': 1.441744168495518e-09}",Okay.
LIAM,00:48:35,00:48:50,Neutral,"{'Angry': 0.0003455166006460786, 'Disgusted': 0.00013087851402815431, 'Fearful': 1.2817723472835496e-05, 'Happy': 0.00015627876564394683, 'Neutral': 0.9672102928161621, 'Other': 0.000884264416527003, 'Sad': 0.03085186332464218, 'Surprised': 7.16562590241665e-06, 'Unknown': 0.0004009586409665644}","I'm going to try to peer into the door, and I haven't talked about this before, but I'm wearing a cloak of elvenkind, which means I have advantage on stealth, and enemies have disadvantage on spotting me, so I'm going to lean my head in."
MATT,00:48:50,00:48:51,Neutral,"{'Angry': 0.0003368521574884653, 'Disgusted': 0.0008412515162490308, 'Fearful': 5.551068170461804e-06, 'Happy': 0.002095121191814542, 'Neutral': 0.9965198040008545, 'Other': 1.5107648323464673e-06, 'Sad': 0.00014722802734468132, 'Surprised': 5.217474608798511e-05, 'Unknown': 4.6785686436123797e-07}",All right.
LIAM,00:48:51,00:48:53,Neutral,"{'Angry': 6.549934187205508e-05, 'Disgusted': 0.00012394576333463192, 'Fearful': 8.635546691948548e-05, 'Happy': 0.0011347084073349833, 'Neutral': 0.996245801448822, 'Other': 6.20733480900526e-05, 'Sad': 0.00023492908803746104, 'Surprised': 4.548207471088972e-06, 'Unknown': 0.0020421186927706003}",Do I need to roll for stealth or am I already stealthed?
MATT,00:48:53,00:49:26,Neutral,"{'Angry': 1.7864618712337688e-05, 'Disgusted': 3.9215323340613395e-05, 'Fearful': 1.1848383110191207e-06, 'Happy': 7.772327990096528e-06, 'Neutral': 0.9998201727867126, 'Other': 2.8282558560022153e-05, 'Sad': 8.179065844160505e-06, 'Surprised': 7.323753379750997e-05, 'Unknown': 4.106097094336292e-06}","For this, you're already stealthed. So as you glance inside the room, you see what appears to be a great hall of some kind. There are large wooden tables, there is a fire pit in the center that has a number of mostly burned wood that is mainly just small darkened embers with a little bit of glowing yellow and red to it. There are stools scattered about the room, you can see there are remnants of some of a meal that hasn't been fully cleaned up yet on some of the tables. But the room appears to be empty. You do see a slight glimmer across the way on one of the tables."
LIAM,00:49:26,00:49:28,Happy,"{'Angry': 6.740738172084093e-06, 'Disgusted': 8.811453153612092e-05, 'Fearful': 9.372481872560456e-05, 'Happy': 0.9980372786521912, 'Neutral': 0.0005576912662945688, 'Other': 0.0005303338984958827, 'Sad': 0.00028268914320506155, 'Surprised': 9.291849710280076e-05, 'Unknown': 0.0003105582727584988}","Oh, I'm going to go check it out."
LAURA,00:49:28,00:49:30,Happy,"{'Angry': 0.0013665617443621159, 'Disgusted': 0.0023918317165225744, 'Fearful': 0.0009518360020592809, 'Happy': 0.6063205599784851, 'Neutral': 0.3475262522697449, 'Other': 0.001259049866348505, 'Sad': 0.0028843432664871216, 'Surprised': 0.0004912540898658335, 'Unknown': 0.03680829703807831}",(whispers) Get the sparkly thing.
MATT,00:49:30,00:49:33,Angry,"{'Angry': 1.0, 'Disgusted': 7.165949167386998e-09, 'Fearful': 2.4413382426757835e-10, 'Happy': 8.852683031079778e-09, 'Neutral': 1.0613193879294158e-08, 'Other': 2.6509827666387764e-10, 'Sad': 4.6011172649684795e-10, 'Surprised': 7.179571381854544e-10, 'Unknown': 6.060395935092444e-11}","All right. Everyone else, what are you doing?"
SAM,00:49:33,00:49:37,Neutral,"{'Angry': 5.3164694691076875e-06, 'Disgusted': 3.87797445000615e-06, 'Fearful': 3.606920131460356e-07, 'Happy': 0.0001776682329364121, 'Neutral': 0.9997977614402771, 'Other': 2.025272806349676e-06, 'Sad': 4.188917955616489e-06, 'Surprised': 2.042036300053951e-07, 'Unknown': 8.61957869346952e-06}",Can I look around the guest bedroom? Just kinda snoop around up in things?
LAURA,00:49:37,00:49:42,Neutral,"{'Angry': 9.443507987313277e-14, 'Disgusted': 2.7951595980282504e-15, 'Fearful': 5.571680553689525e-16, 'Happy': 1.043561870489422e-13, 'Neutral': 1.0, 'Other': 5.412094781866487e-16, 'Sad': 3.5935260301288297e-13, 'Surprised': 3.904633845528034e-14, 'Unknown': 1.8412260106327738e-15}","Can I ask him, I'm asking you what you see in there. What do you see in there?"
LIAM,00:49:42,00:49:44,Neutral,"{'Angry': 1.5407101727760164e-06, 'Disgusted': 2.0070432071861433e-07, 'Fearful': 3.333721565468295e-08, 'Happy': 0.00045851600589230657, 'Neutral': 0.9995379447937012, 'Other': 5.913875611440744e-07, 'Sad': 8.244169862337003e-07, 'Surprised': 1.7867318291564516e-08, 'Unknown': 3.5991251934319735e-07}","I don't know yet, hold on"
LAURA,00:49:44,00:49:45,Neutral,"{'Angry': 8.760073797020596e-06, 'Disgusted': 1.4217430361895822e-05, 'Fearful': 8.753304996389488e-07, 'Happy': 8.258732123067603e-06, 'Neutral': 0.9999173879623413, 'Other': 5.534314482247282e-07, 'Sad': 4.8049361794255674e-05, 'Surprised': 1.7607382005735417e-06, 'Unknown': 2.2495402163258404e-07}",Is it sparkly?
LIAM,00:49:45,00:49:47,Happy,"{'Angry': 4.361987066658912e-06, 'Disgusted': 3.64654952136334e-05, 'Fearful': 1.8819879414877505e-06, 'Happy': 0.9995812773704529, 'Neutral': 0.0003009956271853298, 'Other': 8.877110303728841e-06, 'Sad': 4.748956143885152e-06, 'Surprised': 1.2087593859178014e-05, 'Unknown': 4.9314723582938313e-05}",I'm going to try to sense for traps in this room.
MATT,00:49:47,00:49:48,Happy,"{'Angry': 0.10860259085893631, 'Disgusted': 0.013374515809118748, 'Fearful': 0.0007089641294442117, 'Happy': 0.4984893202781677, 'Neutral': 0.3212912976741791, 'Other': 9.30794412852265e-05, 'Sad': 0.003309424966573715, 'Surprised': 0.05407591164112091, 'Unknown': 5.500120096257888e-05}",Okay.
MARISHA,00:49:48,00:49:50,Neutral,"{'Angry': 0.0031787261832505465, 'Disgusted': 0.0010867532109841704, 'Fearful': 0.0002072752104140818, 'Happy': 0.3631533086299896, 'Neutral': 0.6261262893676758, 'Other': 0.0005559857818298042, 'Sad': 0.002259762492030859, 'Surprised': 9.372405475005507e-05, 'Unknown': 0.003338215872645378}",I'm going to snoop in the barracks.
MATT,00:49:50,00:49:51,Neutral,"{'Angry': 0.08867110311985016, 'Disgusted': 0.047590307891368866, 'Fearful': 0.010266019962728024, 'Happy': 0.15502631664276123, 'Neutral': 0.5659109354019165, 'Other': 6.904308975208551e-05, 'Sad': 0.057307709008455276, 'Surprised': 0.07496607303619385, 'Unknown': 0.00019240124674979597}",Snoop in the barracks.
LIAM,00:49:51,00:49:53,Happy,"{'Angry': 0.0005209070513956249, 'Disgusted': 0.0020203422755002975, 'Fearful': 0.0006632058066315949, 'Happy': 0.9201995134353638, 'Neutral': 0.03758615255355835, 'Other': 0.0006050201482139528, 'Sad': 0.001105327159166336, 'Surprised': 0.00012673212040681392, 'Unknown': 0.0371728278696537}",14.
ORION,00:49:53,00:49:58,Neutral,"{'Angry': 3.0463882012554677e-06, 'Disgusted': 1.833019950936432e-06, 'Fearful': 1.1300394362478983e-06, 'Happy': 3.7635923035850283e-06, 'Neutral': 0.999966025352478, 'Other': 1.8227733562525827e-06, 'Sad': 1.899434755614493e-05, 'Surprised': 2.1454660270592285e-07, 'Unknown': 3.0981857435108395e-06}","I'm going to make my way around all this riff-raff, uh, no, uh, yes."
MATT,00:49:58,00:50:03,Neutral,"{'Angry': 0.00049004633910954, 'Disgusted': 0.00042482957360334694, 'Fearful': 0.00011102388089057058, 'Happy': 0.0007419214816763997, 'Neutral': 0.9939284324645996, 'Other': 0.0005123582086525857, 'Sad': 0.0004714927636086941, 'Surprised': 1.0803440090967342e-05, 'Unknown': 0.00330911111086607}","You push your way through. ""Excuse me, excuse me, pardon me."" Pushing through everybody."
ORION,00:50:03,00:50:15,Neutral,"{'Angry': 4.085127757445274e-14, 'Disgusted': 1.704265865259437e-15, 'Fearful': 2.5246949899481374e-16, 'Happy': 5.389808201529747e-14, 'Neutral': 1.0, 'Other': 4.969866821038897e-16, 'Sad': 1.310401169084957e-13, 'Surprised': 2.6185788089207358e-14, 'Unknown': 1.3605331190000639e-15}","I'm going to go past where Vax is in the room down that hallway, then I'm going to do my Mage Hand thingy again. Oh, my Prestidigitation."
MATT,00:50:15,00:50:16,Neutral,"{'Angry': 0.0002959931152872741, 'Disgusted': 0.0051077003590762615, 'Fearful': 2.7259180569672026e-05, 'Happy': 0.00015353767958004028, 'Neutral': 0.9933116436004639, 'Other': 4.071306648256723e-06, 'Sad': 0.0010836037108674645, 'Surprised': 1.2576318113133311e-05, 'Unknown': 3.7567992876574863e-06}",Down this hallway?
ORION,00:50:16,00:50:17,Neutral,"{'Angry': 1.1630698281805962e-05, 'Disgusted': 4.2248218960594386e-05, 'Fearful': 3.928581406853482e-07, 'Happy': 2.2542204533237964e-05, 'Neutral': 0.999911904335022, 'Other': 7.52749429011601e-07, 'Sad': 7.478782663383754e-06, 'Surprised': 2.7834355478262296e-06, 'Unknown': 2.776604333121213e-07}",Mm-hm.
MATT,00:50:17,00:50:18,Neutral,"{'Angry': 0.06111225485801697, 'Disgusted': 0.024825528264045715, 'Fearful': 0.0004402975318953395, 'Happy': 0.024378692731261253, 'Neutral': 0.8751700520515442, 'Other': 5.597365088760853e-05, 'Sad': 0.00928502157330513, 'Surprised': 0.004703247919678688, 'Unknown': 2.9014774554525502e-05}",Okay.
ORION,00:50:18,00:50:20,Neutral,"{'Angry': 7.099618528627616e-07, 'Disgusted': 1.0514593213883927e-06, 'Fearful': 5.627852033285308e-07, 'Happy': 7.302208814508049e-06, 'Neutral': 0.9999864101409912, 'Other': 2.572366213371424e-07, 'Sad': 1.728877805362572e-06, 'Surprised': 1.1066611023125006e-06, 'Unknown': 8.160536708601285e-07}","Slowly, five feet by five feet."
MATT,00:50:20,00:50:29,Neutral,"{'Angry': 3.1270250278048195e-10, 'Disgusted': 1.4502268830263176e-10, 'Fearful': 6.708988919967851e-11, 'Happy': 1.081166267624667e-09, 'Neutral': 1.0, 'Other': 2.24193823228358e-11, 'Sad': 2.844367408272319e-09, 'Surprised': 3.044472451918523e-10, 'Unknown': 2.6534247021814394e-11}","All right. You see slowly, as you move down this hallway to check it out, a secondary set of barracks that are also apparently empty."
LAURA,00:50:29,00:50:34,Neutral,"{'Angry': 1.5597108813381055e-06, 'Disgusted': 1.0432569297336158e-06, 'Fearful': 1.962178117764779e-07, 'Happy': 0.00011241785978199914, 'Neutral': 0.9998700618743896, 'Other': 9.491265586802911e-07, 'Sad': 7.959833965287544e-06, 'Surprised': 1.9098455084076704e-07, 'Unknown': 5.700138444808545e-06}","Where are they? The stairs are up in the storage room, man. That's where we just were."
MATT,00:50:34,00:50:44,Happy,"{'Angry': 3.627339310696698e-06, 'Disgusted': 5.7456177273707e-06, 'Fearful': 8.853609756442893e-07, 'Happy': 0.9999454021453857, 'Neutral': 2.5529907361487858e-05, 'Other': 3.3858532333397307e-06, 'Sad': 8.145705578499474e-06, 'Surprised': 1.214671669913514e-06, 'Unknown': 6.0015713643224444e-06}",You see a secondary commode that is open. And as you glance around the corner as the light passes by you see there are two duergar currently coming down the hallway this direction.
MARISHA,00:50:44,00:50:45,Disgusted,"{'Angry': 0.03676433861255646, 'Disgusted': 0.340254545211792, 'Fearful': 0.0023960245307534933, 'Happy': 0.19619420170783997, 'Neutral': 0.27070748805999756, 'Other': 0.046147480607032776, 'Sad': 0.07476525008678436, 'Surprised': 0.03140711784362793, 'Unknown': 0.0013636117801070213}",Oh shit!
ORION,00:50:45,00:50:48,Neutral,"{'Angry': 0.02536771260201931, 'Disgusted': 0.03725353255867958, 'Fearful': 0.04817062243819237, 'Happy': 0.04223637282848358, 'Neutral': 0.7281479835510254, 'Other': 0.0036808305885642767, 'Sad': 0.0231923870742321, 'Surprised': 0.002249310491606593, 'Unknown': 0.08970116078853607}",I just stop! And I creep back.
MATT,00:50:48,00:50:54,Happy,"{'Angry': 2.9784569051116705e-06, 'Disgusted': 2.3712398615316488e-05, 'Fearful': 1.933390558406245e-05, 'Happy': 0.9998748302459717, 'Neutral': 8.548251571482979e-06, 'Other': 4.0277489461004734e-05, 'Sad': 1.5872696167207323e-05, 'Surprised': 3.0953221994423075e-06, 'Unknown': 1.1302797247481067e-05}","Okay. As you creep back, you hear footsteps coming your way quickly."
LIAM,00:50:54,00:50:59,Neutral,"{'Angry': 1.0956123161487419e-13, 'Disgusted': 3.9500860569941735e-15, 'Fearful': 6.934676209225494e-16, 'Happy': 1.517525254762786e-13, 'Neutral': 1.0, 'Other': 5.972571718504329e-16, 'Sad': 3.256104695766038e-13, 'Surprised': 5.508538503812277e-14, 'Unknown': 2.4140864630803555e-15}","I'm going to the door, then, I can hear that. Inside the door, inside the door."
MATT,00:50:59,00:51:00,Neutral,"{'Angry': 0.005819961428642273, 'Disgusted': 0.024212408810853958, 'Fearful': 0.00011509457544889301, 'Happy': 0.0195909570902586, 'Neutral': 0.9287610650062561, 'Other': 0.0005278067546896636, 'Sad': 0.01457624975591898, 'Surprised': 0.006319059990346432, 'Unknown': 7.738899876130745e-05}","Oh, inside the door there?"
MARISHA,00:51:00,00:51:04,Neutral,"{'Angry': 1.7217877514366653e-12, 'Disgusted': 8.488225584652592e-14, 'Fearful': 2.42572838036895e-14, 'Happy': 2.002679922938344e-12, 'Neutral': 1.0, 'Other': 7.768961628260972e-15, 'Sad': 7.005723258457497e-12, 'Surprised': 6.964750499417749e-13, 'Unknown': 4.2017601285240444e-14}","I'm going to stay actually right there, just right at the threshold."
MATT,00:51:04,00:51:05,Neutral,"{'Angry': 0.0006980674806982279, 'Disgusted': 0.00017725139332469553, 'Fearful': 1.1944432117161341e-05, 'Happy': 0.0001108779470087029, 'Neutral': 0.9987189769744873, 'Other': 7.794194516463904e-07, 'Sad': 0.00024291989393532276, 'Surprised': 3.855666363961063e-05, 'Unknown': 5.353597885005001e-07}",Okay. The rest of you guys?
LAURA,00:51:05,00:51:10,Neutral,"{'Angry': 1.7726566511555575e-05, 'Disgusted': 5.595760740106925e-06, 'Fearful': 1.0736105195974233e-06, 'Happy': 9.330167813459411e-06, 'Neutral': 0.9999358654022217, 'Other': 1.6593174905210617e-06, 'Sad': 1.2938877262058668e-05, 'Surprised': 5.256135864328826e-07, 'Unknown': 1.5206909665721469e-05}","I mean, I'm so far away. I can try to get up there but--"
MATT,00:51:10,00:51:14,Happy,"{'Angry': 2.3104130377760157e-05, 'Disgusted': 8.852985047269613e-05, 'Fearful': 1.1355902643117588e-05, 'Happy': 0.9977668523788452, 'Neutral': 0.0017482135444879532, 'Other': 0.0001919648639159277, 'Sad': 5.464793139253743e-05, 'Surprised': 2.9285512937349267e-05, 'Unknown': 8.61120133777149e-05}","You can glance, there's still a hallway around that way if you wanted to go around."
LAURA,00:51:14,00:51:16,Neutral,"{'Angry': 2.1333560653147288e-05, 'Disgusted': 9.865869287750684e-06, 'Fearful': 3.449145197009784e-06, 'Happy': 0.0013061400968581438, 'Neutral': 0.9986151456832886, 'Other': 1.125959784076258e-06, 'Sad': 2.472184132784605e-05, 'Surprised': 1.6899040929274634e-05, 'Unknown': 1.2842748446928454e-06}",Okay. I'll go around the back way then.
MATT,00:51:16,00:51:17,Neutral,"{'Angry': 0.001382405636832118, 'Disgusted': 0.0003180011990480125, 'Fearful': 4.547020580503158e-05, 'Happy': 0.0025372181553393602, 'Neutral': 0.9951992630958557, 'Other': 4.774150056618964e-06, 'Sad': 0.00023326293739955872, 'Surprised': 0.00027797569055110216, 'Unknown': 1.7378857819494442e-06}","Okay, so you move around--"
LAURA,00:51:17,00:51:18,Happy,"{'Angry': 0.0005191738018766046, 'Disgusted': 0.00030779867665842175, 'Fearful': 5.347571277525276e-05, 'Happy': 0.966529369354248, 'Neutral': 0.0290023535490036, 'Other': 2.0577632312779315e-05, 'Sad': 0.002856000792235136, 'Surprised': 0.0007092300802469254, 'Unknown': 2.1194739474594826e-06}",With Trinket!
MATT,00:51:18,00:51:22,Neutral,"{'Angry': 2.592980536064715e-06, 'Disgusted': 1.6049087889768998e-06, 'Fearful': 5.906883302486676e-07, 'Happy': 9.35865864448715e-06, 'Neutral': 0.9999711513519287, 'Other': 8.85959764218569e-07, 'Sad': 4.3326376726327e-06, 'Surprised': 1.1292981838550986e-07, 'Unknown': 9.473717909713741e-06}","Trinket follows up behind. Makes your way up there. Scanlan, you staying in that room?"
SAM,00:51:22,00:51:28,Neutral,"{'Angry': 1.0262500918511996e-11, 'Disgusted': 1.2806545103896672e-12, 'Fearful': 4.319681006122178e-13, 'Happy': 3.2482364020758325e-11, 'Neutral': 1.0, 'Other': 1.1448832062509878e-13, 'Sad': 5.983590012359485e-11, 'Surprised': 5.870081330738852e-12, 'Unknown': 4.4917577144733267e-13}",I'm taking a dump on the guest bed. (laughter)
ORION,00:51:28,00:51:30,Neutral,"{'Angry': 0.011095279827713966, 'Disgusted': 0.013053742237389088, 'Fearful': 0.004379055928438902, 'Happy': 0.11306378245353699, 'Neutral': 0.7959167957305908, 'Other': 0.0011481805704534054, 'Sad': 0.007796898949891329, 'Surprised': 0.001005521509796381, 'Unknown': 0.05254071205854416}","They don't see me, right?"
LAURA,00:51:30,00:51:35,Happy,"{'Angry': 2.3241866074386053e-05, 'Disgusted': 8.428389992332086e-05, 'Fearful': 1.9262341083958745e-05, 'Happy': 0.9988431930541992, 'Neutral': 0.0005667877849191427, 'Other': 5.479026731336489e-05, 'Sad': 4.041128704557195e-05, 'Surprised': 2.633206531754695e-05, 'Unknown': 0.00034168869024142623}",I like walk by the door and see that happening (laughter)
SAM,00:51:35,00:51:38,Happy,"{'Angry': 0.0022862660698592663, 'Disgusted': 0.061797697097063065, 'Fearful': 0.0011090139159932733, 'Happy': 0.9291985034942627, 'Neutral': 0.002992246299982071, 'Other': 0.0005341909709386528, 'Sad': 0.0005656431894749403, 'Surprised': 0.0004190538602415472, 'Unknown': 0.0010974108008667827}",But also just covering it up with a blanket afterwards.
MATT,00:51:38,00:51:41,Happy,"{'Angry': 6.9372413236123975e-06, 'Disgusted': 1.1942797755182255e-05, 'Fearful': 1.1687881851685233e-05, 'Happy': 0.9998668432235718, 'Neutral': 4.628977330867201e-05, 'Other': 2.1075165932415985e-06, 'Sad': 1.6518150005140342e-05, 'Surprised': 3.4492473787395284e-05, 'Unknown': 3.135381803076598e-06}","Okay, well, you're in mid-process, this is all happening very quickly."
SAM,00:51:41,00:51:42,Happy,"{'Angry': 0.005886336322873831, 'Disgusted': 0.0011517531238496304, 'Fearful': 0.000775047461502254, 'Happy': 0.984157919883728, 'Neutral': 0.00564386323094368, 'Other': 0.00020259809389244765, 'Sad': 0.000643535575363785, 'Surprised': 0.0015149873215705156, 'Unknown': 2.4015507733565755e-05}",Oh. (grunts)
ASHLEY,00:51:42,00:51:47,Neutral,"{'Angry': 0.0028158214408904314, 'Disgusted': 0.0002054184878943488, 'Fearful': 0.00048605541815049946, 'Happy': 0.3339516520500183, 'Neutral': 0.6594492793083191, 'Other': 0.00021954048133920878, 'Sad': 0.0011274575954303145, 'Surprised': 0.001061597024090588, 'Unknown': 0.0006831977516412735}",I'll go around back behind where Trinket and Vex just went.
MATT,00:51:47,00:51:51,Fearful,"{'Angry': 0.0001532958121970296, 'Disgusted': 0.00012543574848677963, 'Fearful': 0.8402770757675171, 'Happy': 0.002987366635352373, 'Neutral': 0.00010513234155951068, 'Other': 0.00033458590041846037, 'Sad': 0.00047323069884441793, 'Surprised': 0.1554737240076065, 'Unknown': 7.013048161752522e-05}",Okay. Because of your little legs you get about that far. Your little legs carry you.
SAM,00:51:51,00:51:55,Happy,"{'Angry': 3.787465985283234e-08, 'Disgusted': 4.1147465879021183e-08, 'Fearful': 1.6986325590551132e-07, 'Happy': 0.9999980926513672, 'Neutral': 1.4744125031995736e-08, 'Other': 7.344498698103052e-08, 'Sad': 4.016263588368929e-08, 'Surprised': 1.5261341559380526e-06, 'Unknown': 1.9309021936919635e-08}",I'm invisible. It's poop. (laughter)
MATT,00:51:55,00:52:00,Happy,"{'Angry': 1.0522126103751361e-05, 'Disgusted': 1.9652819901239127e-05, 'Fearful': 7.4954664341930766e-06, 'Happy': 0.9993394017219543, 'Neutral': 2.2728247131453827e-05, 'Other': 2.1480371287907474e-05, 'Sad': 3.639535862021148e-05, 'Surprised': 0.0005333538865670562, 'Unknown': 8.946361049311236e-06}",(sighs) (grunting and laughter)
MARISHA,00:52:00,00:52:02,Happy,"{'Angry': 0.04348781332373619, 'Disgusted': 0.02829880081117153, 'Fearful': 0.007417693268507719, 'Happy': 0.5045539736747742, 'Neutral': 0.13820014894008636, 'Other': 0.06029710918664932, 'Sad': 0.0054746950045228004, 'Surprised': 0.2078486829996109, 'Unknown': 0.004421159625053406}",It's apparating poo.
TALIESIN,00:52:02,00:52:06,Happy,"{'Angry': 0.18430647253990173, 'Disgusted': 0.027512283995747566, 'Fearful': 0.0035995044745504856, 'Happy': 0.49307429790496826, 'Neutral': 0.14053544402122498, 'Other': 0.004940589889883995, 'Sad': 0.0024342460092157125, 'Surprised': 0.005244577303528786, 'Unknown': 0.13835260272026062}","I'm staying in the hallway,"
SAM,00:52:06,00:52:08,Happy,"{'Angry': 0.013088714331388474, 'Disgusted': 0.2583743929862976, 'Fearful': 0.014904152601957321, 'Happy': 0.2979901134967804, 'Neutral': 0.1925574243068695, 'Other': 0.10492613166570663, 'Sad': 0.038607656955718994, 'Surprised': 0.025152847170829773, 'Unknown': 0.054398611187934875}","Scanlan's just like, I hate this mission."
MATT,00:52:08,00:52:18,Happy,"{'Angry': 7.846318261783836e-09, 'Disgusted': 2.7981883476968505e-08, 'Fearful': 1.1015428569294272e-08, 'Happy': 0.9999998807907104, 'Neutral': 5.009372117115163e-08, 'Other': 1.0659142901658925e-08, 'Sad': 2.8295152887380937e-08, 'Surprised': 1.1452309323090049e-08, 'Unknown': 3.403185999673042e-08}","Okay, so. Tiberius, as you're backing up, both the duergar turn around immediately, seeing you, and rear back with javelins, throwing them directly at you."
ORION,00:52:18,00:52:22,Neutral,"{'Angry': 1.2757801925999956e-07, 'Disgusted': 8.723085898054705e-08, 'Fearful': 2.7175440564519704e-08, 'Happy': 1.4720243598276284e-05, 'Neutral': 0.9999843835830688, 'Other': 3.8561811521731215e-08, 'Sad': 4.250005645189958e-07, 'Surprised': 2.925726860780742e-08, 'Unknown': 5.9286694664706374e-08}",Oh! I'll cast Blur instead.
MATT,00:52:22,00:52:25,Happy,"{'Angry': 0.0029116685036569834, 'Disgusted': 0.017260931432247162, 'Fearful': 0.003333320142701268, 'Happy': 0.8397818803787231, 'Neutral': 0.08888709545135498, 'Other': 0.0004362876061350107, 'Sad': 0.012199349701404572, 'Surprised': 0.034876901656389236, 'Unknown': 0.0003125944349449128}",Okay. Go ahead and roll initiative real fast to see who gets off first what.
ORION,00:52:25,00:52:32,Neutral,"{'Angry': 0.00017496102373115718, 'Disgusted': 0.0002329820126760751, 'Fearful': 6.836312968516722e-05, 'Happy': 0.001303584547713399, 'Neutral': 0.9922049641609192, 'Other': 0.0004373604606371373, 'Sad': 0.0012805332662537694, 'Surprised': 3.7930954022158403e-06, 'Unknown': 0.004293476231396198}","I'm not going to count that. Oh, I'll count that. 19. (laughter)"
MATT,00:52:32,00:52:34,Surprised,"{'Angry': 0.0001773220719769597, 'Disgusted': 0.0004049224662594497, 'Fearful': 0.0015928143402561545, 'Happy': 0.025513505563139915, 'Neutral': 0.004386384971439838, 'Other': 0.00011730538972187787, 'Sad': 0.0004780703748110682, 'Surprised': 0.9671712517738342, 'Unknown': 0.00015855290985200554}","What, why didn't you count it?"
ORION,00:52:34,00:52:36,Happy,"{'Angry': 3.764006606399306e-10, 'Disgusted': 5.619596454842224e-10, 'Fearful': 4.4571746293797787e-10, 'Happy': 1.0, 'Neutral': 5.492895582825952e-10, 'Other': 3.157218098071013e-10, 'Sad': 1.1990587411858655e-09, 'Surprised': 1.59550905820538e-09, 'Unknown': 3.2636938290808715e-11}","Because it flew out of my hand, I didn't roll it."
MATT,00:52:36,00:52:37,Happy,"{'Angry': 6.767254490114283e-06, 'Disgusted': 1.000803240458481e-05, 'Fearful': 2.5202361939591356e-05, 'Happy': 0.9991979002952576, 'Neutral': 7.142357389966492e-06, 'Other': 0.0006672359304502606, 'Sad': 6.222879164852202e-05, 'Surprised': 2.149583087884821e-05, 'Unknown': 2.0341083200037247e-06}",Okay. All right.
ORION,00:52:37,00:52:40,Unknown,"{'Angry': 0.011301240883767605, 'Disgusted': 0.033531300723552704, 'Fearful': 0.006609407719224691, 'Happy': 0.02013206109404564, 'Neutral': 0.30811795592308044, 'Other': 0.017889322713017464, 'Sad': 0.1946316957473755, 'Surprised': 0.0004373572883196175, 'Unknown': 0.4073495864868164}",Yeah. (laughter)
ORION,00:52:40,00:52:42,Neutral,"{'Angry': 0.00045168973156251013, 'Disgusted': 7.00630625942722e-05, 'Fearful': 8.770198292040732e-06, 'Happy': 0.0007503287633880973, 'Neutral': 0.998275876045227, 'Other': 0.00011486687435535714, 'Sad': 4.889371484750882e-05, 'Surprised': 1.0899148037424311e-05, 'Unknown': 0.0002685760846361518}","It's on camera, tell them to play back."
MATT,00:52:42,00:53:03,Happy,"{'Angry': 1.361206523142755e-05, 'Disgusted': 3.390381607459858e-05, 'Fearful': 1.2530906587926438e-06, 'Happy': 0.9989244341850281, 'Neutral': 0.000929754285607487, 'Other': 3.0854465876473114e-05, 'Sad': 1.5395980881294236e-05, 'Surprised': 4.1871371649904177e-05, 'Unknown': 8.86703946889611e-06}","So you go ahead and cast Blur. You guys see as Tiberius comes running back, (startled sounds). He manages to cast a spell really fast as two javelins come flying towards him. His visible image begins to actually blur; the outline looks almost like there's two mirror images of Tiberius in the same place that are both shimmering and preventing them from actually telling where he's actually standing. The first javelin comes in at a 14."
ORION,00:53:03,00:53:05,Neutral,"{'Angry': 6.029152245901059e-06, 'Disgusted': 5.6195194702013396e-06, 'Fearful': 2.0336019588285126e-06, 'Happy': 1.9925053493352607e-05, 'Neutral': 0.9999537467956543, 'Other': 3.3146536679851124e-06, 'Sad': 2.5666427063697483e-06, 'Surprised': 1.620984875216891e-07, 'Unknown': 6.614570338570047e-06}",Nope.
MATT,00:53:05,00:53:06,Neutral,"{'Angry': 0.00030422059353441, 'Disgusted': 0.0005728532560169697, 'Fearful': 7.285230822162703e-06, 'Happy': 0.018552279099822044, 'Neutral': 0.9800682663917542, 'Other': 1.713466008368414e-05, 'Sad': 0.0003710998862516135, 'Surprised': 0.00010275434033246711, 'Unknown': 4.154770067543723e-06}",Second one comes in at a 17.
ORION,00:53:06,00:53:09,Neutral,"{'Angry': 1.1535843461030204e-11, 'Disgusted': 8.806386067421179e-13, 'Fearful': 2.294734226856304e-13, 'Happy': 1.6447858700030515e-11, 'Neutral': 1.0, 'Other': 8.701924543354916e-14, 'Sad': 3.10056494368105e-11, 'Surprised': 3.5030069123198615e-12, 'Unknown': 4.721258648789084e-13}",17. Yes.
MATT,00:53:09,00:53:24,Neutral,"{'Angry': 8.334085919159406e-07, 'Disgusted': 2.2982417249295395e-06, 'Fearful': 3.969655892888113e-07, 'Happy': 9.736329957377166e-06, 'Neutral': 0.9999426603317261, 'Other': 4.7745775191287976e-06, 'Sad': 3.0192381018423475e-05, 'Surprised': 1.9247585214543506e-07, 'Unknown': 8.847892786434386e-06}","Oh sorry, no, it's a four, 'cause it has disadvantage. So both javelins just whish past. Looks like they pierced part of that kinda shimmering blurring form, but both just ricochet off the walls of stone and come clattering to the ground. Kinda near back where Kima and Grog are. They both step out of the way as they land."
MARISHA,00:53:24,00:53:25,Neutral,"{'Angry': 7.2531729529146105e-06, 'Disgusted': 7.567882107650803e-07, 'Fearful': 5.2336840639100046e-08, 'Happy': 2.069226320600137e-05, 'Neutral': 0.9999700784683228, 'Other': 1.7022857434767502e-07, 'Sad': 7.005745032984123e-07, 'Surprised': 2.0484704066348058e-07, 'Unknown': 1.0937581151893028e-07}",Ha-ha.
MATT,00:53:25,00:53:30,Neutral,"{'Angry': 2.938532972507346e-08, 'Disgusted': 4.8566370480784826e-08, 'Fearful': 1.2265550353163235e-08, 'Happy': 1.6565331861784216e-07, 'Neutral': 0.9999994039535522, 'Other': 2.495014150838415e-08, 'Sad': 1.8505359378195863e-07, 'Surprised': 3.1288920343541804e-09, 'Unknown': 6.847923827990599e-08}","All right, so that brings us to-- that was your action. Who else wants to take the next action?"
LIAM,00:53:30,00:53:32,Neutral,"{'Angry': 2.3533621060778387e-05, 'Disgusted': 3.5462005598674295e-06, 'Fearful': 3.198759372935456e-07, 'Happy': 9.116703586187214e-05, 'Neutral': 0.99982750415802, 'Other': 9.069121347238251e-07, 'Sad': 5.128590782987885e-05, 'Surprised': 9.125357678385626e-07, 'Unknown': 7.461833888555702e-07}",I'm gonna hold.
LAURA,00:53:32,00:53:34,Neutral,"{'Angry': 0.07397963851690292, 'Disgusted': 0.015536591410636902, 'Fearful': 0.017488766461610794, 'Happy': 0.1724879890680313, 'Neutral': 0.5650518536567688, 'Other': 0.00019908371905330569, 'Sad': 0.01879829354584217, 'Surprised': 0.1362195760011673, 'Unknown': 0.0002381654630880803}","I can't see anything, can I, from where I am?"
MATT,00:53:34,00:53:36,Surprised,"{'Angry': 6.503160534521157e-07, 'Disgusted': 1.2779985070210387e-07, 'Fearful': 1.329295997720692e-07, 'Happy': 4.470703913739271e-07, 'Neutral': 2.0235786450939486e-06, 'Other': 2.763006357042741e-08, 'Sad': 3.705147477717219e-08, 'Surprised': 0.999996542930603, 'Unknown': 4.111966322994931e-10}","It's kinda dark, and you can see movement in the distance."
LAURA,00:53:36,00:53:38,Angry,"{'Angry': 0.3193866014480591, 'Disgusted': 0.12644757330417633, 'Fearful': 0.011526880785822868, 'Happy': 0.24625423550605774, 'Neutral': 0.21363668143749237, 'Other': 0.0047198450192809105, 'Sad': 0.0052802120335400105, 'Surprised': 0.07089682668447495, 'Unknown': 0.001851157983765006}",Can I hop on Trinket's back and see if I can see higher?
MATT,00:53:38,00:53:59,Happy,"{'Angry': 0.00017255778948310763, 'Disgusted': 0.0019203206757083535, 'Fearful': 0.0006733735208399594, 'Happy': 0.9654410481452942, 'Neutral': 0.018378932029008865, 'Other': 0.0011189185315743089, 'Sad': 0.004103656392544508, 'Surprised': 0.0008559093694202602, 'Unknown': 0.007335261907428503}","You can try. All right. So you hop on the back of Trinket, (laughs) looking over the top, and you know Grog is kinda blocking part of your view, but you can see, with your low-light vision, what looks to be Tiberius' form shimmering and two duergar-height individuals that are partially blocked by him. So they do have partial cover, or three-quarters cover. Do you have the feat that ignores that?"
LAURA,00:53:59,00:54:02,Neutral,"{'Angry': 0.0011676187859848142, 'Disgusted': 0.0012432377552613616, 'Fearful': 0.00042121874867007136, 'Happy': 0.3592737913131714, 'Neutral': 0.6257289052009583, 'Other': 0.0003141063207294792, 'Sad': 0.0010891231941059232, 'Surprised': 0.0001463998924009502, 'Unknown': 0.010615566745400429}",I don't know? I don't know.
MATT,00:54:02,00:54:06,Neutral,"{'Angry': 5.446899820071849e-09, 'Disgusted': 2.9735518491946777e-09, 'Fearful': 1.2373380098296138e-09, 'Happy': 1.4459829777990763e-08, 'Neutral': 1.0, 'Other': 1.014258232956422e-09, 'Sad': 1.9078896684732172e-08, 'Surprised': 1.4482843813112822e-09, 'Unknown': 1.3501451068265169e-09}",(laughs) Because you don't know I'm going to say no.
TALIESIN,00:54:06,00:54:07,Neutral,"{'Angry': 0.035879168659448624, 'Disgusted': 0.0010105385445058346, 'Fearful': 0.00015666788385715336, 'Happy': 0.023358333855867386, 'Neutral': 0.8882161974906921, 'Other': 0.00010606352589093149, 'Sad': 0.04508119449019432, 'Surprised': 0.006187507417052984, 'Unknown': 4.377990080683958e-06}",It would be called Sharpshooter.
MATT,00:54:07,00:54:09,Neutral,"{'Angry': 0.0016974087338894606, 'Disgusted': 0.0006265597185119987, 'Fearful': 0.00925791822373867, 'Happy': 0.0041331020183861256, 'Neutral': 0.9666842222213745, 'Other': 2.273458994750399e-05, 'Sad': 0.010728568769991398, 'Surprised': 0.006806146819144487, 'Unknown': 4.341040039435029e-05}","Yeah it would be called Sharpshooter, is the feat."
LAURA,00:54:09,00:54:10,Neutral,"{'Angry': 0.0004825966898351908, 'Disgusted': 0.001625304576009512, 'Fearful': 0.000710916705429554, 'Happy': 0.11110829561948776, 'Neutral': 0.7453715801239014, 'Other': 0.0002305755770066753, 'Sad': 0.13924777507781982, 'Surprised': 0.00035303118056617677, 'Unknown': 0.0008699002210050821}","No, I don't have that."
MATT,00:54:10,00:54:16,Neutral,"{'Angry': 6.579551486973756e-11, 'Disgusted': 2.6363284819086452e-11, 'Fearful': 6.8784544032807204e-12, 'Happy': 2.471364779488283e-10, 'Neutral': 1.0, 'Other': 3.4884580033672785e-12, 'Sad': 4.118652641160736e-10, 'Surprised': 9.306109355344816e-11, 'Unknown': 1.7354749581866002e-11}","Okay, yeah. So go ahead and roll for attack on one or both duergar, up to you."
LAURA,00:54:16,00:54:21,Neutral,"{'Angry': 1.8316899108583584e-09, 'Disgusted': 2.257004139138985e-09, 'Fearful': 7.516121613981852e-10, 'Happy': 3.797525849336125e-09, 'Neutral': 0.9999998807907104, 'Other': 1.8398087220372616e-10, 'Sad': 1.1180240733210667e-07, 'Surprised': 1.8040137439445658e-10, 'Unknown': 3.33979788269545e-10}",21.
MATT,00:54:21,00:54:22,Neutral,"{'Angry': 0.007392840925604105, 'Disgusted': 0.0040659112855792046, 'Fearful': 0.00028539635241031647, 'Happy': 0.0027293332386761904, 'Neutral': 0.9838338494300842, 'Other': 9.489793592365459e-05, 'Sad': 0.0011980491690337658, 'Surprised': 0.0003258495999034494, 'Unknown': 7.382551120826975e-05}",Okay.
LAURA,00:54:22,00:54:24,Neutral,"{'Angry': 6.746480978037095e-12, 'Disgusted': 4.861344616788332e-13, 'Fearful': 7.187668158142174e-14, 'Happy': 6.9563898912050615e-12, 'Neutral': 1.0, 'Other': 2.3442363569531506e-14, 'Sad': 1.4491892061374578e-11, 'Surprised': 1.7069101123853847e-12, 'Unknown': 8.65052522886281e-14}",And 23.
MATT,00:54:24,00:54:33,Neutral,"{'Angry': 5.519334555365019e-12, 'Disgusted': 4.0556666640496897e-13, 'Fearful': 1.2856931502509134e-13, 'Happy': 1.2443802065165155e-11, 'Neutral': 1.0, 'Other': 4.328932977598447e-14, 'Sad': 3.320728067524037e-11, 'Surprised': 2.3028380417844385e-12, 'Unknown': 2.1953464979067305e-13}","Okay. The 21 misses, the 23 hits. Because they have cover and because it's so dark it's difficult to make out their form, but you do manage to hit one with the arrow."
LAURA,00:54:33,00:54:35,Neutral,"{'Angry': 1.3833120759976225e-10, 'Disgusted': 9.235744113933464e-12, 'Fearful': 3.66221679717893e-12, 'Happy': 2.3160108553188508e-10, 'Neutral': 1.0, 'Other': 1.3453437582716665e-12, 'Sad': 3.1257427202113774e-10, 'Surprised': 2.081624803085269e-11, 'Unknown': 8.057157371843537e-12}",Okay. I Hunter's Mark him.
MATT,00:54:35,00:54:41,Neutral,"{'Angry': 4.246416759889904e-11, 'Disgusted': 3.891960538571215e-12, 'Fearful': 1.0301601151979645e-12, 'Happy': 2.3686463901384514e-10, 'Neutral': 1.0, 'Other': 4.2422272292230723e-13, 'Sad': 1.7323605050467705e-10, 'Surprised': 1.9002781986854345e-11, 'Unknown': 1.997567909695075e-12}","Okay. Next time, make sure you do that before you attack. Otherwise it won't count for the attack."
LAURA,00:54:41,00:54:52,Disgusted,"{'Angry': 0.08613405376672745, 'Disgusted': 0.8446217179298401, 'Fearful': 0.002115910407155752, 'Happy': 0.011454583145678043, 'Neutral': 0.01565735600888729, 'Other': 0.002081584883853793, 'Sad': 0.004924064967781305, 'Surprised': 5.6254706578329206e-05, 'Unknown': 0.03295447677373886}","Okay. Okay. 13, uh, 12! (laughs) Math! Stay in school."
MATT,00:54:52,00:54:56,Neutral,"{'Angry': 1.5232537009524094e-08, 'Disgusted': 3.897352218729111e-09, 'Fearful': 7.613660812921808e-10, 'Happy': 2.8465017010148586e-08, 'Neutral': 1.0, 'Other': 1.1457418347404769e-09, 'Sad': 1.9532084394313642e-08, 'Surprised': 8.905788329016673e-10, 'Unknown': 7.141007341004979e-09}","(laughs) All right. There you go. 12, then add your Hunter's Mark bonus to that as well."
LAURA,00:54:56,00:54:57,Neutral,"{'Angry': 0.0007896717288531363, 'Disgusted': 0.00014016767090652138, 'Fearful': 2.5595587430871092e-05, 'Happy': 0.0006099404999986291, 'Neutral': 0.9978812336921692, 'Other': 9.631493412598502e-06, 'Sad': 0.0005034675705246627, 'Surprised': 2.2685779185849242e-05, 'Unknown': 1.757933023327496e-05}","Oh, good, one."
MATT,00:54:57,00:55:07,Neutral,"{'Angry': 1.5738557917858997e-13, 'Disgusted': 5.6425023548379964e-15, 'Fearful': 1.1502116618232689e-15, 'Happy': 1.9034612482125152e-13, 'Neutral': 1.0, 'Other': 1.0896467943913367e-15, 'Sad': 5.575260305507035e-13, 'Surprised': 7.339085123046069e-14, 'Unknown': 4.232653707099366e-15}","All right, gotcha. So one arrow sinks in the shoulder, but doesn't appear to be stopping his angry advance towards Tiberius. Let's see. You're staying where you are?"
LIAM,00:55:07,00:55:08,Neutral,"{'Angry': 7.466983333870303e-06, 'Disgusted': 1.304448232986033e-06, 'Fearful': 3.8116726841508353e-07, 'Happy': 0.0011203894391655922, 'Neutral': 0.9988065958023071, 'Other': 2.626273385430977e-07, 'Sad': 5.4507036111317575e-05, 'Surprised': 9.033593414642382e-06, 'Unknown': 2.9094614717450895e-08}",Waiting.
MATT,00:55:08,00:55:13,Neutral,"{'Angry': 1.5080841577700538e-13, 'Disgusted': 4.579593743613518e-15, 'Fearful': 9.394811936120685e-16, 'Happy': 1.6879984281008287e-13, 'Neutral': 1.0, 'Other': 8.035011182982641e-16, 'Sad': 5.633292226789322e-13, 'Surprised': 5.812331274916357e-14, 'Unknown': 3.1286633626583437e-15}","All right. You guys are actually kind of like pinched off in the hallway right here, so as you guys are all kind of--"
SAM,00:55:13,00:55:17,Neutral,"{'Angry': 1.9897716016081118e-13, 'Disgusted': 7.388069546605553e-15, 'Fearful': 1.216252067863608e-15, 'Happy': 2.9950160732560016e-13, 'Neutral': 1.0, 'Other': 7.129169796991658e-16, 'Sad': 5.066214375099021e-13, 'Surprised': 8.032353130066686e-14, 'Unknown': 3.824773885195004e-15}",(strained) Don't say 'pinched off' to me. (laughter)
MATT,00:55:17,00:55:26,Neutral,"{'Angry': 6.29346963432198e-10, 'Disgusted': 4.837248379629955e-10, 'Fearful': 1.677847999426163e-10, 'Happy': 5.307768446982664e-09, 'Neutral': 1.0, 'Other': 1.9930487815678077e-10, 'Sad': 8.476469304241618e-09, 'Surprised': 1.490741419196695e-10, 'Unknown': 5.428819060959711e-10}","-- as you're doing this, Tiberius, you're right there. The two duergar catch up to you and both, now that their javelins are out of their hands, pull out their hammers with their bonus actions and come down at you with an attack each."
MARISHA,00:55:26,00:55:29,Neutral,"{'Angry': 3.741189721040428e-05, 'Disgusted': 1.499263453297317e-05, 'Fearful': 8.142608862726775e-07, 'Happy': 6.42861268715933e-05, 'Neutral': 0.9998451471328735, 'Other': 3.928696060029324e-06, 'Sad': 5.127602889842819e-06, 'Surprised': 1.8065779272546933e-07, 'Unknown': 2.8065251171938144e-05}","Run, Tiberius!"
MATT,00:55:29,00:55:31,Neutral,"{'Angry': 0.01563951186835766, 'Disgusted': 0.05127657577395439, 'Fearful': 0.0064915623515844345, 'Happy': 0.14235910773277283, 'Neutral': 0.6614684462547302, 'Other': 0.0027626564260572195, 'Sad': 0.01067505031824112, 'Surprised': 0.034255191683769226, 'Unknown': 0.07507191598415375}",That's gonna be a six.
ORION,00:55:31,00:55:32,Angry,"{'Angry': 0.9964633584022522, 'Disgusted': 0.00011243140033911914, 'Fearful': 6.284189294092357e-05, 'Happy': 0.00012363774294499308, 'Neutral': 0.0023919588420540094, 'Other': 4.21593767896411e-06, 'Sad': 0.000810925499536097, 'Surprised': 3.0285877073765732e-05, 'Unknown': 4.047722654831887e-07}",No.
MATT,00:55:32,00:55:34,Neutral,"{'Angry': 4.135104245506227e-05, 'Disgusted': 9.59667086135596e-05, 'Fearful': 0.00022810825612396002, 'Happy': 0.0007572339964099228, 'Neutral': 0.9962053894996643, 'Other': 7.776040001772344e-05, 'Sad': 0.00035362286143936217, 'Surprised': 2.1743915112892864e-06, 'Unknown': 0.0022382524330168962}",And a 17.
ORION,00:55:34,00:55:35,Neutral,"{'Angry': 0.00016439774481114, 'Disgusted': 5.268045060802251e-05, 'Fearful': 2.3363891159533523e-06, 'Happy': 0.00011114693916169927, 'Neutral': 0.9995515942573547, 'Other': 1.7016245692502707e-06, 'Sad': 1.9389999579288997e-05, 'Surprised': 9.663006494520232e-05, 'Unknown': 2.0350002216673602e-07}",17 hits.
MATT,00:55:35,00:55:59,Happy,"{'Angry': 0.0002388332359259948, 'Disgusted': 0.0004958292120136321, 'Fearful': 3.125767398159951e-05, 'Happy': 0.9928157329559326, 'Neutral': 0.004599732346832752, 'Other': 0.0007955465116538107, 'Sad': 0.0002829139702953398, 'Surprised': 6.152268906589597e-05, 'Unknown': 0.0006786063895560801}","Okay, yeah, that Blur is saving you, man. All right, so as the one-- both the duergar are kinda like swelling with frustration, anger. It's an ability, you've now gotten to the point where you can see, these duergar can actually temporarily increase their form for stronger blows and attacks. Comes and strikes you for 12 points of bludgeoning damage as the hammer comes cracking down, finding purchase on your torso, and it kinda pushes you back a few inches. That's gonna bruise tomorrow morning."
MARISHA,00:55:59,00:56:06,Neutral,"{'Angry': 2.577545510362711e-09, 'Disgusted': 6.702839949745965e-10, 'Fearful': 6.961012322115323e-11, 'Happy': 1.9493491265620833e-08, 'Neutral': 1.0, 'Other': 2.1154353269103865e-10, 'Sad': 3.624834432613966e-09, 'Surprised': 1.814135175415288e-09, 'Unknown': 1.438263397268713e-10}","Can I do a combo move with Grog, assuming that he would agree with me that it's gonna be super cool?"
MATT,00:56:06,00:56:08,Neutral,"{'Angry': 5.737593733456947e-11, 'Disgusted': 8.569049116113892e-12, 'Fearful': 1.6441546474982305e-12, 'Happy': 1.6281749559698966e-10, 'Neutral': 1.0, 'Other': 1.0430649399761904e-12, 'Sad': 2.0955925883470172e-10, 'Surprised': 1.7676428029633762e-11, 'Unknown': 3.8511104027971754e-12}","He'd probably agree with you, what do you wanna do?"
MARISHA,00:56:08,00:56:26,Neutral,"{'Angry': 1.4350784449668197e-11, 'Disgusted': 9.078897030868893e-13, 'Fearful': 2.6947758260953414e-13, 'Happy': 3.9047889921484114e-11, 'Neutral': 1.0, 'Other': 6.889910327380691e-14, 'Sad': 6.09260419892621e-11, 'Surprised': 6.5420945570549005e-12, 'Unknown': 4.083929917332585e-13}","Okay. (laughs) Thanks, Grog! So since Grog's kind of there-- Can we arrange like a fastball special, almost? So have him like kind of go up and crouch and I'm gonna bust out--"
MATT,00:56:26,00:56:29,Neutral,"{'Angry': 0.23838871717453003, 'Disgusted': 0.002346551511436701, 'Fearful': 0.00010484963422641158, 'Happy': 0.03055407479405403, 'Neutral': 0.7255675196647644, 'Other': 0.00018809184257406741, 'Sad': 0.0020226011984050274, 'Surprised': 0.0004917478072457016, 'Unknown': 0.00033590412931516767}",How are you going to communicate this to Grog?
MARISHA,00:56:29,00:56:31,Neutral,"{'Angry': 0.00027299587964080274, 'Disgusted': 0.000140976975671947, 'Fearful': 2.664958628884051e-05, 'Happy': 0.0004436274466570467, 'Neutral': 0.9985789060592651, 'Other': 2.7964824766968377e-05, 'Sad': 0.00013743808085564524, 'Surprised': 2.4303039936057758e-06, 'Unknown': 0.0003690771118272096}",He-- with--
LIAM,00:56:31,00:56:35,Neutral,"{'Angry': 3.011726645851809e-09, 'Disgusted': 1.2302164842381558e-10, 'Fearful': 6.422893033403154e-12, 'Happy': 7.007520674839895e-10, 'Neutral': 1.0, 'Other': 1.6090420012007667e-12, 'Sad': 4.561124811175432e-10, 'Surprised': 1.5384292451070536e-10, 'Unknown': 2.9179031153098167e-12}",(meows) (laughter)
MATT,00:56:35,00:56:40,Neutral,"{'Angry': 4.666565655497834e-05, 'Disgusted': 1.4482425285677891e-05, 'Fearful': 7.099360459505988e-07, 'Happy': 8.389467257075012e-05, 'Neutral': 0.9998242259025574, 'Other': 4.64597724203486e-06, 'Sad': 3.6003159493702697e-06, 'Surprised': 8.556768875678245e-07, 'Unknown': 2.09643676498672e-05}","I'm gonna have to say, unfortunately, that's not gonna work out for this moment. Grog's attention is on the duergar and you are a giant cat."
LIAM,00:56:40,00:56:43,Neutral,"{'Angry': 7.309095906293805e-08, 'Disgusted': 6.775866978614431e-08, 'Fearful': 1.731776499980242e-08, 'Happy': 1.6251694887614576e-06, 'Neutral': 0.9999974966049194, 'Other': 5.3397030796986655e-08, 'Sad': 1.5590106272611592e-07, 'Surprised': 5.266902025624631e-09, 'Unknown': 5.086405394649773e-07}","Hey, I'm gonna sneak behind Tiberius and stab that guy."
LAURA,00:56:43,00:56:45,Happy,"{'Angry': 0.0021110756788402796, 'Disgusted': 0.004384779836982489, 'Fearful': 0.004009829368442297, 'Happy': 0.8934165835380554, 'Neutral': 0.027599433436989784, 'Other': 0.0002543114824220538, 'Sad': 0.0005044398712925613, 'Surprised': 3.474178083706647e-05, 'Unknown': 0.06768485903739929}","It would've been so cool, though."
ASHLEY,00:56:45,00:56:46,Neutral,"{'Angry': 0.003010791726410389, 'Disgusted': 0.002727533457800746, 'Fearful': 2.3234873879118823e-05, 'Happy': 0.0004138954100199044, 'Neutral': 0.9931720495223999, 'Other': 6.92859903210774e-05, 'Sad': 0.000152754204464145, 'Surprised': 2.1137038856977597e-05, 'Unknown': 0.0004093571042176336}",That would've been really cool.
LIAM,00:56:46,00:56:53,Neutral,"{'Angry': 3.8637484323089666e-08, 'Disgusted': 4.37494520610926e-08, 'Fearful': 1.5663388808206946e-08, 'Happy': 2.6757544446809334e-07, 'Neutral': 0.9999992847442627, 'Other': 3.248195312721691e-08, 'Sad': 1.7691478149117756e-07, 'Surprised': 1.5107008977111036e-08, 'Unknown': 6.893422721532261e-08}","And since Tiberius is there, I can get sneak attack damage, 'cause one of my allies is there--"
MATT,00:56:53,00:56:57,Neutral,"{'Angry': 5.928869062366005e-10, 'Disgusted': 1.164439100698189e-10, 'Fearful': 3.3698259460646085e-11, 'Happy': 1.0813069550863474e-08, 'Neutral': 1.0, 'Other': 8.873935440634195e-12, 'Sad': 4.8771156002658245e-09, 'Surprised': 2.0857789106987212e-10, 'Unknown': 3.4213524374715476e-11}","All right, just a second there, you're still holding, let's finish Keyleth. So Keyleth, what are you doing?"
MARISHA,00:56:57,00:56:59,Neutral,"{'Angry': 0.0002710926637519151, 'Disgusted': 0.00033943995367735624, 'Fearful': 0.0001828181993914768, 'Happy': 0.0038737175054848194, 'Neutral': 0.9925398230552673, 'Other': 5.678007073584013e-05, 'Sad': 0.00015466161130461842, 'Surprised': 2.891895201173611e-05, 'Unknown': 0.0025528334081172943}","Well, is Grog in my way?"
MATT,00:56:59,00:57:02,Neutral,"{'Angry': 7.748939684359968e-11, 'Disgusted': 1.0788764846780818e-11, 'Fearful': 2.3175552189141913e-12, 'Happy': 1.6139953262772622e-10, 'Neutral': 1.0, 'Other': 1.3423294593917223e-12, 'Sad': 2.6435048594564137e-10, 'Surprised': 3.417445840203648e-11, 'Unknown': 1.6653767124022445e-12}",Grog is there. You can attempt to leap over Grog.
MARISHA,00:57:02,00:57:06,Neutral,"{'Angry': 3.8062767998781055e-05, 'Disgusted': 0.00012450950453057885, 'Fearful': 0.00010117348574567586, 'Happy': 0.0023552316706627607, 'Neutral': 0.9926328063011169, 'Other': 0.0020821462385356426, 'Sad': 0.00026797299506142735, 'Surprised': 5.763234366895631e-05, 'Unknown': 0.002340405946597457}","I was wanting to vault off Grog's back, is what I was wanting to do."
MATT,00:57:06,00:57:08,Sad,"{'Angry': 0.0010286082979291677, 'Disgusted': 0.001957746921107173, 'Fearful': 0.04916584491729736, 'Happy': 0.03126944974064827, 'Neutral': 0.210237517952919, 'Other': 0.0034220123197883368, 'Sad': 0.6849499940872192, 'Surprised': 0.0032648632768541574, 'Unknown': 0.014703919179737568}",You can do that without asking him.
MARISHA,00:57:08,00:57:09,Neutral,"{'Angry': 0.00011815810285042971, 'Disgusted': 6.866210242151283e-06, 'Fearful': 1.2165477528469637e-05, 'Happy': 0.00020803057122975588, 'Neutral': 0.9586236476898193, 'Other': 2.3634811441297643e-06, 'Sad': 0.0001242240541614592, 'Surprised': 0.04090438410639763, 'Unknown': 6.234031246776794e-08}","Yeah, that's what I was going to do."
MATT,00:57:09,00:57:13,Neutral,"{'Angry': 2.089199091503957e-10, 'Disgusted': 5.060058622108343e-11, 'Fearful': 8.487635941301086e-12, 'Happy': 3.19864107423129e-10, 'Neutral': 1.0, 'Other': 1.5947314649378264e-11, 'Sad': 9.37103838971609e-10, 'Surprised': 6.316797085403891e-11, 'Unknown': 3.671877732425166e-11}","No, you were saying you wanted to tell Grog you were going to do that. But yes, you can still do it. So go ahead and roll an acrobatics check."
MARISHA,00:57:13,00:57:14,Neutral,"{'Angry': 0.0038508169818669558, 'Disgusted': 0.0002414296322967857, 'Fearful': 1.1997340152447578e-05, 'Happy': 0.06390894204378128, 'Neutral': 0.9315481781959534, 'Other': 2.7490563297760673e-05, 'Sad': 0.000332757830619812, 'Surprised': 7.197965169325471e-05, 'Unknown': 6.4142827795876656e-06}","No, you asked how I was communicating it."
LAURA,00:57:14,00:57:16,Neutral,"{'Angry': 4.157434813079064e-11, 'Disgusted': 2.851685684465699e-12, 'Fearful': 9.049610019684629e-13, 'Happy': 7.080754038657489e-11, 'Neutral': 1.0, 'Other': 4.732366300046198e-13, 'Sad': 7.991776684868057e-11, 'Surprised': 6.768934371348401e-12, 'Unknown': 3.4150265081078768e-12}","Just do it, Keyleth!"
MARISHA,00:57:16,00:57:28,Neutral,"{'Angry': 4.857625532286164e-14, 'Disgusted': 2.1934940961433917e-15, 'Fearful': 3.3117942681348876e-16, 'Happy': 6.767842715285979e-14, 'Neutral': 1.0, 'Other': 6.511891889702127e-16, 'Sad': 1.6494401330890973e-13, 'Surprised': 3.085234162331779e-14, 'Unknown': 1.9037789702710303e-15}",So I'm gonna come out and I'm gonna vault off his back and try and do a pounce over top of Tiberius for that duergar that's closest to you. What am I rolling?
TALIESIN,00:57:28,00:57:29,Neutral,"{'Angry': 0.0008717688033357263, 'Disgusted': 1.8024922610493377e-05, 'Fearful': 1.4817127521382645e-05, 'Happy': 0.00012090764357708395, 'Neutral': 0.9971767663955688, 'Other': 1.5402299595734803e-06, 'Sad': 4.76410350529477e-05, 'Surprised': 0.0017483029514551163, 'Unknown': 2.633919677919039e-07}",Acrobatics.
MARISHA,00:57:29,00:57:30,Neutral,"{'Angry': 0.0028984355740249157, 'Disgusted': 0.011071005836129189, 'Fearful': 0.0017190128564834595, 'Happy': 0.004149104002863169, 'Neutral': 0.8051870465278625, 'Other': 5.167901690583676e-05, 'Sad': 0.0029218855779618025, 'Surprised': 0.17197930812835693, 'Unknown': 2.2523556253872812e-05}",Acrobatics? Is this an acrobatics thing?
MATT,00:57:30,00:57:35,Neutral,"{'Angry': 3.852714769436716e-07, 'Disgusted': 1.1075673000959796e-06, 'Fearful': 4.476939921005396e-07, 'Happy': 8.100095328700263e-06, 'Neutral': 0.9999771118164062, 'Other': 7.550201530648337e-07, 'Sad': 5.720823537558317e-06, 'Surprised': 4.312680061957508e-07, 'Unknown': 5.919948762311833e-06}","Yes. From around the corner, you pull back, leap up, jump onto Grog's back and attempt to spring off of it."
MARISHA,00:57:35,00:57:37,Neutral,"{'Angry': 0.012432290241122246, 'Disgusted': 0.04571977257728577, 'Fearful': 0.003249488538131118, 'Happy': 0.323659211397171, 'Neutral': 0.5297210812568665, 'Other': 0.006171493791043758, 'Sad': 0.009290694259107113, 'Surprised': 0.06765216588973999, 'Unknown': 0.002103789709508419}",11.
MATT,00:57:37,00:57:53,Happy,"{'Angry': 6.832711960669258e-07, 'Disgusted': 9.667534186519333e-07, 'Fearful': 7.136732165236026e-07, 'Happy': 0.9999923706054688, 'Neutral': 2.111952198902145e-06, 'Other': 4.337842085533339e-07, 'Sad': 1.4631716567237163e-06, 'Surprised': 7.873310892136942e-07, 'Unknown': 4.493617780099157e-07}","11, okay. (laughs) All right. So you jump off of Grog's back. Grog, not expecting it, instinctively ducks down and the force you push off, as he's not aware there's going to be a giant cat there--"
MARISHA,00:57:53,00:57:54,Neutral,"{'Angry': 0.0007050312706269324, 'Disgusted': 0.0007850661058910191, 'Fearful': 7.877268217271194e-06, 'Happy': 0.0018265610560774803, 'Neutral': 0.9962138533592224, 'Other': 6.0206104535609484e-05, 'Sad': 0.0002106403699144721, 'Surprised': 0.0001424554648110643, 'Unknown': 4.829850877285935e-05}",Uh-huh.
MATT,00:57:54,00:58:01,Happy,"{'Angry': 0.0008746616658754647, 'Disgusted': 0.008245573379099369, 'Fearful': 0.000687525374814868, 'Happy': 0.7108206748962402, 'Neutral': 0.0028726940508931875, 'Other': 0.015342089347541332, 'Sad': 0.0006997763412073255, 'Surprised': 0.25401464104652405, 'Unknown': 0.006442342884838581}","-- in doing so, it doesn't give you the momentum you need. You are able to jump over him and get kind of into center of the fray. But you do not have the pounce attack, unfortunately."
MARISHA,00:58:01,00:58:02,Disgusted,"{'Angry': 0.024453265592455864, 'Disgusted': 0.8815315365791321, 'Fearful': 0.0002424952544970438, 'Happy': 0.002323655877262354, 'Neutral': 0.08640582859516144, 'Other': 2.156736809411086e-05, 'Sad': 0.004039104096591473, 'Surprised': 0.0009583462378941476, 'Unknown': 2.4312474124599248e-05}",Okay. That's fine.
MATT,00:58:02,00:58:04,Neutral,"{'Angry': 1.871888161986135e-05, 'Disgusted': 3.501151877571829e-05, 'Fearful': 1.3041577403782867e-05, 'Happy': 8.747794345254079e-05, 'Neutral': 0.9997767806053162, 'Other': 5.554868039325811e-06, 'Sad': 4.585455099004321e-05, 'Surprised': 2.94194455818797e-06, 'Unknown': 1.4668244148197118e-05}","But it gets you there, at least."
MARISHA,00:58:04,00:58:06,Neutral,"{'Angry': 0.02662074752151966, 'Disgusted': 0.05530230700969696, 'Fearful': 0.010297485627233982, 'Happy': 0.008639312349259853, 'Neutral': 0.8778354525566101, 'Other': 7.520584767917171e-05, 'Sad': 0.02006559632718563, 'Surprised': 0.0005389213911257684, 'Unknown': 0.0006249118014238775}","Oh, can I not attack?"
MATT,00:58:06,00:58:07,Neutral,"{'Angry': 0.02206231839954853, 'Disgusted': 0.04910693317651749, 'Fearful': 0.00029811635613441467, 'Happy': 0.010355761274695396, 'Neutral': 0.8889538049697876, 'Other': 0.000537700136192143, 'Sad': 0.027646765112876892, 'Surprised': 0.0008489152533002198, 'Unknown': 0.00018970838573295623}","You can attack, yeah."
MARISHA,00:58:07,00:58:11,Happy,"{'Angry': 3.3284712230852165e-07, 'Disgusted': 2.2935350898478646e-06, 'Fearful': 2.7275689262751257e-07, 'Happy': 0.9998875856399536, 'Neutral': 2.4708671844564378e-05, 'Other': 1.2502294339356013e-05, 'Sad': 1.4738012623638497e-06, 'Surprised': 1.4975749706991337e-07, 'Unknown': 7.071557774906978e-05}","Okay, okay, okay. I'm gonna go ahead and do my bite attack."
MATT,00:58:11,00:58:12,Sad,"{'Angry': 0.01790640689432621, 'Disgusted': 0.0050614941865205765, 'Fearful': 0.0002831102174241096, 'Happy': 0.0018159326864406466, 'Neutral': 0.08062966912984848, 'Other': 4.403226284921402e-06, 'Sad': 0.8942499160766602, 'Surprised': 4.2452142224647105e-05, 'Unknown': 6.605450380448019e-06}",Go for it.
MARISHA,00:58:12,00:58:15,Neutral,"{'Angry': 0.06180892512202263, 'Disgusted': 0.007481477688997984, 'Fearful': 0.00083555729361251, 'Happy': 0.06601304560899734, 'Neutral': 0.8133779168128967, 'Other': 0.00529526500031352, 'Sad': 0.0009769678581506014, 'Surprised': 0.00837972853332758, 'Unknown': 0.03583117946982384}",I'm gonna go right for his throat. Still with the same intention that I had in mind.
MATT,00:58:15,00:58:17,Neutral,"{'Angry': 8.754376176511869e-05, 'Disgusted': 0.00021158687013667077, 'Fearful': 0.00020107327145524323, 'Happy': 0.0006135040894150734, 'Neutral': 0.9959927201271057, 'Other': 6.535449210787192e-05, 'Sad': 0.0005565084284171462, 'Surprised': 5.158660314918961e-06, 'Unknown': 0.002266552997753024}","Okay, this is the one that took the arrow from Laura."
MARISHA,00:58:17,00:58:19,Neutral,"{'Angry': 1.184427578238001e-08, 'Disgusted': 4.4266594834141415e-09, 'Fearful': 6.987459499896431e-10, 'Happy': 8.690621911000562e-08, 'Neutral': 0.9999998807907104, 'Other': 3.1438909253722613e-09, 'Sad': 3.619716437697207e-08, 'Surprised': 1.8171210314221753e-08, 'Unknown': 6.027719212653437e-09}","Okay, 17."
MATT,00:58:19,00:58:21,Neutral,"{'Angry': 1.6020872863009572e-05, 'Disgusted': 2.2684138457407244e-05, 'Fearful': 1.828017229854595e-05, 'Happy': 0.0005002380348742008, 'Neutral': 0.9991574287414551, 'Other': 1.1286020708212163e-05, 'Sad': 4.366185748949647e-05, 'Surprised': 1.4170692566040088e-06, 'Unknown': 0.00022898043971508741}",17? That hits. Go ahead and roll for damage.
MARISHA,00:58:21,00:58:28,Happy,"{'Angry': 2.124838083261693e-09, 'Disgusted': 2.8971280929823706e-09, 'Fearful': 1.3340184512600217e-09, 'Happy': 1.0, 'Neutral': 6.1011693475165885e-09, 'Other': 1.361108226127783e-09, 'Sad': 6.171758215600676e-09, 'Surprised': 3.614802457363453e-09, 'Unknown': 7.568718429773469e-10}",1d10 plus five. Where's my d10s? Ten damage. Piercing damage.
MATT,00:58:28,00:58:58,Happy,"{'Angry': 1.0001780653690062e-10, 'Disgusted': 3.5000585763000913e-10, 'Fearful': 1.5602526215463541e-10, 'Happy': 1.0, 'Neutral': 1.3294514378259237e-09, 'Other': 5.289039761713354e-10, 'Sad': 1.4772717493727328e-09, 'Surprised': 1.659547083088242e-10, 'Unknown': 3.9152614483839443e-10}","Ten piercing damage, all right. So, as you rush forward, you bite at him. You see he pulls back, but you get a big, meaty chunk of his forearm and clamp down, and you feel a snap, some sort of bone in the middle of his arm and he gives out a horrible-- (yells) sound, as he takes the butt of his hammer and hits you on the snout. Doesn't do any damage, but it's enough to get you to kind of let go of your grip a little bit, and he rips his arm out of your jaws. Leaving that kind of nasty, irony taste of duergar blood, that you've now become accustomed to, unfortunately. That ends the round. Now you have Tiberius and a cat in your way."
MARISHA,00:58:58,00:58:59,Neutral,"{'Angry': 5.862003149559314e-07, 'Disgusted': 2.745213407706615e-07, 'Fearful': 9.757285823752682e-08, 'Happy': 3.934258984372718e-06, 'Neutral': 0.999991774559021, 'Other': 9.567249037445436e-08, 'Sad': 2.492346084181918e-06, 'Surprised': 6.840029982413398e-07, 'Unknown': 2.493372974754493e-08}",(meows)
LIAM,00:58:59,00:59:01,Disgusted,"{'Angry': 0.013936663046479225, 'Disgusted': 0.9148695468902588, 'Fearful': 0.0005304710939526558, 'Happy': 0.04940013587474823, 'Neutral': 0.010176929645240307, 'Other': 0.0003173792501911521, 'Sad': 0.0010841382900252938, 'Surprised': 0.009595213457942009, 'Unknown': 8.952938514994457e-05}","Do the doors go in or out, that I'm by?"
MATT,00:59:01,00:59:02,Neutral,"{'Angry': 0.0023555883672088385, 'Disgusted': 0.007483210414648056, 'Fearful': 0.00048485075240023434, 'Happy': 0.003886478254571557, 'Neutral': 0.9462976455688477, 'Other': 4.9812191718956456e-05, 'Sad': 0.037934496998786926, 'Surprised': 0.001463253633119166, 'Unknown': 4.47073471150361e-05}",The doors go in.
LIAM,00:59:02,00:59:08,Neutral,"{'Angry': 0.001239313860423863, 'Disgusted': 0.0016024191863834858, 'Fearful': 0.0003605529200285673, 'Happy': 0.0015689413994550705, 'Neutral': 0.9732623100280762, 'Other': 0.001481685321778059, 'Sad': 0.0021847859025001526, 'Surprised': 1.2880815120297484e-05, 'Unknown': 0.0182871762663126}",In. So I'm just gonna go like this (hinges creak) and throw a dagger and say peek-a-boo at the same time. (laughter)
MATT,00:59:08,00:59:09,Neutral,"{'Angry': 1.1857126764880377e-06, 'Disgusted': 1.7980917164095445e-06, 'Fearful': 2.6866234748013085e-07, 'Happy': 1.962842907232698e-05, 'Neutral': 0.9999712705612183, 'Other': 1.4506134959901829e-07, 'Sad': 5.014539510739269e-06, 'Surprised': 6.950863280508202e-07, 'Unknown': 3.8085314457703134e-08}",Okay. As you step out (fwip).
LIAM,00:59:09,00:59:12,Neutral,"{'Angry': 4.231465209159069e-05, 'Disgusted': 1.4406134141609073e-05, 'Fearful': 7.856021511543076e-06, 'Happy': 0.00011087966413469985, 'Neutral': 0.9996111989021301, 'Other': 3.499220474623144e-05, 'Sad': 7.276675023604184e-05, 'Surprised': 2.9608459044538904e-06, 'Unknown': 0.00010263772855978459}",That is a 29 to hit.
MATT,00:59:12,00:59:13,Neutral,"{'Angry': 0.01343543641269207, 'Disgusted': 0.008813653141260147, 'Fearful': 0.0001126746428781189, 'Happy': 0.00640538614243269, 'Neutral': 0.9693554043769836, 'Other': 0.0001589937455719337, 'Sad': 0.0007502015214413404, 'Surprised': 7.591994653921574e-05, 'Unknown': 0.0008923756540752947}",That does hit.
LIAM,00:59:13,00:59:14,Neutral,"{'Angry': 0.00034778573899529874, 'Disgusted': 0.00019768319907598197, 'Fearful': 7.572317554149777e-05, 'Happy': 0.0005521528073586524, 'Neutral': 0.9977689981460571, 'Other': 5.334570687409723e-06, 'Sad': 0.0009889473440125585, 'Surprised': 6.079796003177762e-05, 'Unknown': 2.6731922844192013e-06}",Okay.
MATT,00:59:14,00:59:16,Neutral,"{'Angry': 2.4187140137965635e-11, 'Disgusted': 2.2625438848844492e-12, 'Fearful': 5.19520787067157e-13, 'Happy': 6.814730724169493e-11, 'Neutral': 1.0, 'Other': 2.1511892473510125e-13, 'Sad': 8.319966243730548e-11, 'Surprised': 7.782796976329998e-12, 'Unknown': 7.812806933522876e-13}","You do not get sneak attack bonus, unfortunately."
LIAM,00:59:16,00:59:20,Neutral,"{'Angry': 0.00036512644146569073, 'Disgusted': 0.000332296738633886, 'Fearful': 3.734846177394502e-05, 'Happy': 0.010800681076943874, 'Neutral': 0.9870791435241699, 'Other': 0.00014458746591117233, 'Sad': 0.00012164958025095984, 'Surprised': 1.9804976545856334e-05, 'Unknown': 0.0010994059266522527}",Even though my ally is five feet away from him? I thought I remembered that rule.
MATT,00:59:20,00:59:22,Angry,"{'Angry': 0.5002979636192322, 'Disgusted': 0.07034538686275482, 'Fearful': 0.043637461960315704, 'Happy': 0.24694986641407013, 'Neutral': 0.06128222495317459, 'Other': 0.00023922184482216835, 'Sad': 0.06213498115539551, 'Surprised': 0.014148890972137451, 'Unknown': 0.0009639344061724842}",You do if you are in melee with them.
LAURA,00:59:22,00:59:23,Neutral,"{'Angry': 0.0009995544096454978, 'Disgusted': 0.0007047803374007344, 'Fearful': 6.161870987853035e-05, 'Happy': 0.03367516025900841, 'Neutral': 0.9629834890365601, 'Other': 2.715815389819909e-05, 'Sad': 0.0011574020609259605, 'Surprised': 0.00036951026413589716, 'Unknown': 2.1319179722922854e-05}","Oh, right."
MATT,00:59:23,00:59:27,Happy,"{'Angry': 0.00015632571012247354, 'Disgusted': 0.00023990307818166912, 'Fearful': 1.9899203834938817e-05, 'Happy': 0.9879699945449829, 'Neutral': 0.00960494577884674, 'Other': 0.00036224318319000304, 'Sad': 6.536400178447366e-05, 'Surprised': 1.1167658158228733e-05, 'Unknown': 0.0015701459487900138}","You get the bonus if you're both like flanking them, or you're like harrying them in combat. Because you're at a distance, you don't get the bonus."
LIAM,00:59:27,00:59:32,Neutral,"{'Angry': 6.051374679127974e-11, 'Disgusted': 7.2513761488479656e-12, 'Fearful': 2.1326061576398825e-12, 'Happy': 1.4974982365245637e-10, 'Neutral': 1.0, 'Other': 1.1368347669488132e-12, 'Sad': 1.6774320821255628e-10, 'Surprised': 2.8187813194691103e-11, 'Unknown': 2.730080701437987e-12}","Okay, so that is a nine. And then I'm going to follow-- the nine of damage."
MATT,00:59:32,00:59:33,Neutral,"{'Angry': 0.036465927958488464, 'Disgusted': 0.01786908321082592, 'Fearful': 0.0052311355248093605, 'Happy': 0.05194282531738281, 'Neutral': 0.8113124966621399, 'Other': 0.008709239773452282, 'Sad': 0.022874005138874054, 'Surprised': 0.004307814873754978, 'Unknown': 0.04128739982843399}",All right.
LIAM,00:59:33,00:59:35,Neutral,"{'Angry': 1.0244517229971925e-13, 'Disgusted': 3.622535875192094e-15, 'Fearful': 6.14889433196952e-16, 'Happy': 1.2099113486270519e-13, 'Neutral': 1.0, 'Other': 6.367648002136232e-16, 'Sad': 3.234575964277536e-13, 'Surprised': 4.569710224371776e-14, 'Unknown': 2.4135708317737144e-15}","And immediately follow up with my other dagger, which also hits."
MATT,00:59:35,00:59:39,Neutral,"{'Angry': 1.0410788897630141e-09, 'Disgusted': 2.2316148928780422e-10, 'Fearful': 4.3617436051857084e-11, 'Happy': 8.305134358010946e-09, 'Neutral': 1.0, 'Other': 2.0157259542075145e-11, 'Sad': 2.0801582678586783e-09, 'Surprised': 1.5899762062510092e-10, 'Unknown': 1.077014311068325e-10}","All right, go ahead and roll damage on the second dagger. Which is 1d4 plus what?"
LIAM,00:59:39,00:59:41,Neutral,"{'Angry': 1.0168494518625337e-10, 'Disgusted': 5.6476147543282895e-12, 'Fearful': 1.0017768949446837e-12, 'Happy': 3.5703709433398956e-10, 'Neutral': 1.0, 'Other': 2.0720641728030204e-13, 'Sad': 1.760836337849625e-10, 'Surprised': 2.2899444493407195e-11, 'Unknown': 2.3213543717467977e-13}",Six. That's a nine.
MATT,00:59:41,01:00:05,Neutral,"{'Angry': 0.0035069037694483995, 'Disgusted': 0.01333702728152275, 'Fearful': 0.0020826105028390884, 'Happy': 0.006459207274019718, 'Neutral': 0.8977981805801392, 'Other': 0.05069729685783386, 'Sad': 0.004584312904626131, 'Surprised': 0.007113867439329624, 'Unknown': 0.014420592226088047}","Nine, okay. So, after the guy rips his arm out of Keyleth's face, essentially, a dagger comes swinging out from behind the doorway, stabs him in the other shoulder. You see he looks down at it confused for a second, and as that dagger vanishes in a puff of dark smoke, returning to your-- the side of your hilt, he looks up just in time to see the second dagger catch him right in the middle of the forehead, and he just falls onto his back at that point, unmoving. That duergar is stripped."
LAURA,01:00:05,01:00:07,Neutral,"{'Angry': 1.7716131339717833e-10, 'Disgusted': 8.136971131611492e-12, 'Fearful': 3.2589146225364685e-12, 'Happy': 1.9540299933673566e-10, 'Neutral': 1.0, 'Other': 3.979575458230855e-13, 'Sad': 3.174645268888554e-10, 'Surprised': 4.356821500794972e-11, 'Unknown': 1.114015238563859e-12}",What-what!
MATT,01:00:07,01:00:12,Happy,"{'Angry': 7.992236533027608e-06, 'Disgusted': 1.25105600545794e-06, 'Fearful': 2.9689689995393564e-07, 'Happy': 0.9998699426651001, 'Neutral': 0.00010853329877136275, 'Other': 1.8441815541336837e-07, 'Sad': 8.867411452229135e-06, 'Surprised': 2.8307918000791688e-06, 'Unknown': 9.767231290425116e-08}",Who's up next? Who wants to do anything? Who hasn't done anything yet this action?
SAM,01:00:12,01:00:15,Surprised,"{'Angry': 0.0014454966876655817, 'Disgusted': 0.04724744334816933, 'Fearful': 0.0022699146065860987, 'Happy': 0.02995164506137371, 'Neutral': 0.01778680644929409, 'Other': 0.01593942567706108, 'Sad': 0.021590592339634895, 'Surprised': 0.8630043864250183, 'Unknown': 0.0007643297431059182}",Is there is a door next to me for another room?
MATT,01:00:15,01:00:16,Neutral,"{'Angry': 0.002143451012670994, 'Disgusted': 0.0006656961049884558, 'Fearful': 0.0004108778666704893, 'Happy': 0.012341520749032497, 'Neutral': 0.9355154633522034, 'Other': 0.04726744815707207, 'Sad': 0.0008595585823059082, 'Surprised': 0.00030117787537164986, 'Unknown': 0.0004947901470586658}",You're just finishing.
SAM,01:00:16,01:00:17,Neutral,"{'Angry': 0.3367396593093872, 'Disgusted': 0.04937148466706276, 'Fearful': 0.008259657770395279, 'Happy': 0.030062608420848846, 'Neutral': 0.5425587296485901, 'Other': 0.00041178971878252923, 'Sad': 0.02245580591261387, 'Surprised': 0.008198751136660576, 'Unknown': 0.0019415103597566485}","Oh, I'm just finishing, okay."
MATT,01:00:17,01:00:19,Neutral,"{'Angry': 0.0019079073099419475, 'Disgusted': 0.004477233160287142, 'Fearful': 0.0020235811825841665, 'Happy': 0.4674587547779083, 'Neutral': 0.5050700306892395, 'Other': 0.00042743433732539415, 'Sad': 0.010952137410640717, 'Surprised': 0.006682048551738262, 'Unknown': 0.001000828924588859}","Sorry. So, Pike, have you done anything yet?"
ASHLEY,01:00:19,01:00:22,Happy,"{'Angry': 0.0010223544668406248, 'Disgusted': 0.0018764325650408864, 'Fearful': 0.001119350898079574, 'Happy': 0.9548237919807434, 'Neutral': 0.020619142800569534, 'Other': 0.00035266607301309705, 'Sad': 0.0011716809822246432, 'Surprised': 0.0001033594598993659, 'Unknown': 0.01891125924885273}","Can I-- Is there a door there? Somewhere, right there?"
MATT,01:00:22,01:00:24,Neutral,"{'Angry': 0.016722211614251137, 'Disgusted': 0.010663187131285667, 'Fearful': 0.0008973487420007586, 'Happy': 0.3778761923313141, 'Neutral': 0.5874765515327454, 'Other': 0.0003849340137094259, 'Sad': 0.003563306527212262, 'Surprised': 0.0016476507298648357, 'Unknown': 0.0007686187163926661}","You move around here, there is a door over here, yes."
ASHLEY,01:00:24,01:00:28,Happy,"{'Angry': 5.659176252614806e-11, 'Disgusted': 1.3924528197151176e-10, 'Fearful': 3.7396453989035905e-11, 'Happy': 1.0, 'Neutral': 7.727911088828421e-10, 'Other': 4.669606715190788e-11, 'Sad': 2.764457829318445e-10, 'Surprised': 1.3693254863333948e-10, 'Unknown': 4.845963560984323e-11}","I can't really do anything. Check it out, check it out."
LIAM,01:00:28,01:00:30,Happy,"{'Angry': 0.00013407172809820622, 'Disgusted': 0.03304854407906532, 'Fearful': 0.0017452355241402984, 'Happy': 0.5288592576980591, 'Neutral': 0.40345096588134766, 'Other': 0.022875098511576653, 'Sad': 0.003943186718970537, 'Surprised': 8.34897582535632e-05, 'Unknown': 0.00586013263091445}","Yeah, bust in. You can't stealth."
MATT,01:00:30,01:00:32,Happy,"{'Angry': 1.9892212321792613e-08, 'Disgusted': 8.117791594486334e-08, 'Fearful': 1.3037896096079749e-08, 'Happy': 0.9999994039535522, 'Neutral': 2.8907953719681245e-07, 'Other': 1.9203637791065375e-08, 'Sad': 4.420003207883383e-08, 'Surprised': 1.858424525380542e-08, 'Unknown': 1.1751028239359584e-07}",The door is a secondary guest room.
LIAM,01:00:32,01:00:34,Neutral,"{'Angry': 1.7657290527495206e-06, 'Disgusted': 1.81970426638145e-06, 'Fearful': 1.0177764124819078e-06, 'Happy': 2.3306545699597336e-05, 'Neutral': 0.9999421834945679, 'Other': 3.6489502690528752e-06, 'Sad': 1.4137764992483426e-05, 'Surprised': 1.0262164323648904e-05, 'Unknown': 1.9104174953099573e-06}","And now, poop on this bed."
ASHLEY,01:00:34,01:00:39,Happy,"{'Angry': 4.493343475076017e-09, 'Disgusted': 1.2418024830651575e-08, 'Fearful': 5.864673635613826e-09, 'Happy': 1.0, 'Neutral': 1.7087442572005784e-08, 'Other': 3.854107255563122e-09, 'Sad': 5.8696874027930335e-09, 'Surprised': 1.372302360636013e-08, 'Unknown': 6.418249043349533e-09}",All right. (laughter)
TALIESIN,01:00:39,01:00:42,Neutral,"{'Angry': 0.0007814854034222662, 'Disgusted': 0.003728823736310005, 'Fearful': 0.0004558974760584533, 'Happy': 0.08396898210048676, 'Neutral': 0.8447641134262085, 'Other': 0.0031174614559859037, 'Sad': 0.0011727414093911648, 'Surprised': 8.777582115726545e-05, 'Unknown': 0.06192266568541527}",I can't do anything that could make noise anyway.
MATT,01:00:42,01:00:52,Neutral,"{'Angry': 3.5620959307203215e-12, 'Disgusted': 1.7013899512342834e-13, 'Fearful': 4.697560360990803e-14, 'Happy': 6.3864408553215846e-12, 'Neutral': 1.0, 'Other': 1.3108454886877688e-14, 'Sad': 1.0501781735894333e-11, 'Surprised': 1.2741734750632006e-12, 'Unknown': 1.1928381459663795e-13}","It is a guest room of equal design and dressing as the one that Scanlan, you are unaware, is currently fouling. (laughter)"
ASHLEY,01:00:52,01:01:02,Happy,"{'Angry': 0.04023955762386322, 'Disgusted': 0.008717459626495838, 'Fearful': 0.0005551822832785547, 'Happy': 0.6790168285369873, 'Neutral': 0.2303476184606552, 'Other': 0.0008536156383343041, 'Sad': 0.00268916436471045, 'Surprised': 0.03586432337760925, 'Unknown': 0.0017161318100988865}",Maybe I get a sudden urge for some reason to just poo on the bed. (laughter)
MATT,01:01:02,01:01:11,Happy,"{'Angry': 2.064563159365207e-05, 'Disgusted': 7.324358739424497e-05, 'Fearful': 2.1706189727410674e-05, 'Happy': 0.996091902256012, 'Neutral': 0.0003119617758784443, 'Other': 0.0032528128940612078, 'Sad': 0.0001015963644022122, 'Surprised': 6.83732214383781e-05, 'Unknown': 5.774279998149723e-05}","You can do what you want. Be aware, Pike as a character has her intent, the more you stray from that, the more it will have ramifications for her in the end."
ASHLEY,01:01:11,01:01:17,Happy,"{'Angry': 7.45081152331295e-09, 'Disgusted': 6.034679866928627e-09, 'Fearful': 4.0835019810003814e-09, 'Happy': 1.0, 'Neutral': 4.362172401073394e-09, 'Other': 4.770802419784559e-09, 'Sad': 5.530576441259427e-09, 'Surprised': 2.667137843914702e-09, 'Unknown': 6.676571739916426e-09}","Yes, I know, I'm just kidding, That's not what, that's not what I want to do. I was just, had this feeling that Scanlan was doing something and I felt that--"
SAM,01:01:17,01:01:21,Happy,"{'Angry': 7.123155955923721e-05, 'Disgusted': 0.00012353737838566303, 'Fearful': 0.00018388628086540848, 'Happy': 0.998869001865387, 'Neutral': 6.860773282824084e-05, 'Other': 1.932105078594759e-05, 'Sad': 1.8281920347362757e-05, 'Surprised': 0.0001083879396901466, 'Unknown': 0.0005376695189625025}","She could probably hear, muffled from behind the door, (grunts)."
ASHLEY,01:01:21,01:01:29,Neutral,"{'Angry': 0.2912368178367615, 'Disgusted': 0.028074102476239204, 'Fearful': 0.003182257991284132, 'Happy': 0.13613714277744293, 'Neutral': 0.48201891779899597, 'Other': 0.007970518432557583, 'Sad': 0.009131207130849361, 'Surprised': 0.004038591403514147, 'Unknown': 0.03821048140525818}","Okay, so I'll just-- I guess I can't do anything while I'm in there, so? Can I just--"
MATT,01:01:29,01:01:38,Neutral,"{'Angry': 0.03726685792207718, 'Disgusted': 0.01316566951572895, 'Fearful': 0.0007187822484411299, 'Happy': 0.1510697603225708, 'Neutral': 0.7163864374160767, 'Other': 0.059704024344682693, 'Sad': 0.0010749372886493802, 'Surprised': 0.003812739858403802, 'Unknown': 0.016800781711935997}","That's about as far as you're able to move. You can still use your action if you wanted to do anything, but right now your vision is currently fairly well-blocked by a woman and a bear, and a man the size of a bear."
ASHLEY,01:01:38,01:01:41,Surprised,"{'Angry': 0.005307731218636036, 'Disgusted': 0.008739393204450607, 'Fearful': 0.0012965956702828407, 'Happy': 0.009920654818415642, 'Neutral': 0.03947357088327408, 'Other': 0.0035082462709397078, 'Sad': 0.06545194238424301, 'Surprised': 0.8584771752357483, 'Unknown': 0.007824592292308807}","Yeah, okay, so I'll just hang out there."
MATT,01:01:41,01:01:51,Neutral,"{'Angry': 4.553476736293693e-13, 'Disgusted': 1.6865106994322712e-14, 'Fearful': 3.621665125322316e-15, 'Happy': 5.394356294118052e-13, 'Neutral': 1.0, 'Other': 1.7361765609978218e-15, 'Sad': 1.3641365597880095e-12, 'Surprised': 1.5011536664329833e-13, 'Unknown': 1.0695055579275792e-14}","Okay, so that brings us back to Kima, who currently doesn't have any sort of way of getting over there, kind of frustrating, trying to find a way over."
MARISHA,01:01:51,01:01:54,Neutral,"{'Angry': 1.0893014490420683e-07, 'Disgusted': 1.412248451515552e-07, 'Fearful': 1.7386074802061557e-08, 'Happy': 2.228905213996768e-05, 'Neutral': 0.9999765157699585, 'Other': 1.222757646246464e-07, 'Sad': 7.054316029098118e-07, 'Surprised': 2.1356541424211173e-08, 'Unknown': 9.174430459779614e-08}",It's a narrow hallway.
MATT,01:01:54,01:01:57,Neutral,"{'Angry': 6.413613563849285e-12, 'Disgusted': 4.035950447543041e-13, 'Fearful': 1.1111010928595982e-13, 'Happy': 1.1811954192531005e-11, 'Neutral': 1.0, 'Other': 2.5017841463292716e-14, 'Sad': 1.8364457524122635e-11, 'Surprised': 2.111108163282971e-12, 'Unknown': 2.64571025677951e-13}","Clarota, who is still invisible, is just gonna hold on that point."
ORION,01:01:57,01:02:04,Neutral,"{'Angry': 3.9685519681673803e-14, 'Disgusted': 1.6872337267560475e-15, 'Fearful': 2.475862746445539e-16, 'Happy': 5.591711379408608e-14, 'Neutral': 1.0, 'Other': 5.19379268613978e-16, 'Sad': 1.3309607593565281e-13, 'Surprised': 2.5417100607376397e-14, 'Unknown': 1.4288375382292954e-15}","As everybody is doing this, I'm going to-- why are you blocking me, I'm not supposed to be this close to this thing! Keep going."
MATT,01:02:04,01:02:08,Neutral,"{'Angry': 3.826328490164066e-11, 'Disgusted': 4.551855854045828e-12, 'Fearful': 1.7276168559968164e-12, 'Happy': 1.1687112388969467e-10, 'Neutral': 1.0, 'Other': 3.1447725825327344e-13, 'Sad': 1.26582022641486e-10, 'Surprised': 1.2176750927017643e-11, 'Unknown': 2.0198467464566106e-12}","Okay, Percy! Stand there? All right, Tiberius, you're up."
ORION,01:02:08,01:02:15,Neutral,"{'Angry': 1.752200001845644e-13, 'Disgusted': 6.551412329438644e-15, 'Fearful': 1.17991160156932e-15, 'Happy': 2.4025041938519065e-13, 'Neutral': 1.0, 'Other': 9.148833568238036e-16, 'Sad': 4.949922850078226e-13, 'Surprised': 7.197545917559875e-14, 'Unknown': 4.605592149380068e-15}","Oh, like I was saying. Well, shit."
SAM,01:02:15,01:02:26,Neutral,"{'Angry': 5.752717773714958e-14, 'Disgusted': 2.1746399897704582e-15, 'Fearful': 3.612859953137812e-16, 'Happy': 7.294079213239837e-14, 'Neutral': 1.0, 'Other': 5.543483356271021e-16, 'Sad': 2.125847512347151e-13, 'Surprised': 3.062561800839213e-14, 'Unknown': 1.6528711882727166e-15}",Aren't you right next to the guy? Kill him.
MATT,01:02:26,01:02:29,Neutral,"{'Angry': 0.005118586588650942, 'Disgusted': 0.0021176612935960293, 'Fearful': 0.00023846227850299329, 'Happy': 0.0005592289962805808, 'Neutral': 0.9870654344558716, 'Other': 0.00026447122218087316, 'Sad': 0.0015551926335319877, 'Surprised': 1.1925500984943938e-05, 'Unknown': 0.0030690920539200306}","Do it quick, or we are gonna move for the next turn."
ORION,01:02:29,01:02:35,Neutral,"{'Angry': 6.643757809524087e-13, 'Disgusted': 2.3339928487088255e-14, 'Fearful': 5.806576871885891e-15, 'Happy': 7.974928226475719e-13, 'Neutral': 1.0, 'Other': 2.5276837457025242e-15, 'Sad': 2.2985068709457934e-12, 'Surprised': 2.0197802848634372e-13, 'Unknown': 1.5890514273343703e-14}","Okay, I'll just lift up my hand and go, Firebolt."
MATT,01:02:35,01:02:39,Happy,"{'Angry': 3.407015336520658e-09, 'Disgusted': 1.523752857224281e-08, 'Fearful': 9.276713619499333e-09, 'Happy': 0.9999996423721313, 'Neutral': 1.0883091050573057e-07, 'Other': 9.304393699949287e-09, 'Sad': 1.924811385833891e-07, 'Surprised': 1.0165223329750006e-08, 'Unknown': 8.240720106300614e-09}","Okay, point-blank Firebolt. Go ahead and roll your spell attack."
ORION,01:02:39,01:02:45,Neutral,"{'Angry': 5.5927962421264965e-06, 'Disgusted': 7.428226126648951e-06, 'Fearful': 4.128158252569847e-06, 'Happy': 0.00011744075163733214, 'Neutral': 0.9997188448905945, 'Other': 2.3986065571079962e-05, 'Sad': 3.587251194403507e-05, 'Surprised': 5.071021291769284e-07, 'Unknown': 8.621698361821473e-05}","Okay, okay, 20."
MATT,01:02:45,01:02:52,Neutral,"{'Angry': 0.00012705533299595118, 'Disgusted': 3.300885146018118e-05, 'Fearful': 8.804303433862515e-06, 'Happy': 0.0009689223952591419, 'Neutral': 0.9973164200782776, 'Other': 2.8012351322104223e-05, 'Sad': 0.0014620235888287425, 'Surprised': 4.7113975597312674e-05, 'Unknown': 8.671203431731556e-06}","20, all right. That'll hit, go ahead and roll for damage for the Firebolt."
ORION,01:02:52,01:02:59,Neutral,"{'Angry': 2.3612686561591545e-07, 'Disgusted': 1.1492221574371797e-07, 'Fearful': 7.625158815471877e-08, 'Happy': 1.979780245164875e-05, 'Neutral': 0.9999725818634033, 'Other': 1.665935798200735e-07, 'Sad': 6.672223207715433e-06, 'Surprised': 5.442672090794076e-08, 'Unknown': 2.2296596569049143e-07}","Okay, ten, 18, 20, 21, 23."
MATT,01:02:59,01:03:27,Neutral,"{'Angry': 0.01348505262285471, 'Disgusted': 0.03205272555351257, 'Fearful': 0.0009635480237193406, 'Happy': 0.029457533732056618, 'Neutral': 0.8387293815612793, 'Other': 0.03733936324715614, 'Sad': 0.009267132729291916, 'Surprised': 0.03393399342894554, 'Unknown': 0.0047713033854961395}","23 damage? All right. So as you instinctively pull back, you release the blast of Firebolt energy, the duergar who is currently harrying you with this warhammer takes the brunt of it right to the bottom of his face and his torso. The studded leather armor that he's wearing tears open with a sheer flaming burst of the impact of it, and you see most of his skin is charred and burned at that point. He reels back for a second, looking very, very hurt but not quite put down yet."
ORION,01:03:27,01:03:38,Neutral,"{'Angry': 2.3192947082861792e-06, 'Disgusted': 5.466781658469699e-07, 'Fearful': 3.2566887853135995e-08, 'Happy': 0.013724081218242645, 'Neutral': 0.9862475991249084, 'Other': 3.0322709676511295e-07, 'Sad': 2.398694232397247e-05, 'Surprised': 1.0774351721920539e-06, 'Unknown': 8.937716700074816e-08}","As my bonus action, I'm gonna spend two sorcery points and do it again. So I roll for that. It's a 22."
MATT,01:03:38,01:03:50,Neutral,"{'Angry': 4.915420284343219e-14, 'Disgusted': 1.8281035644556734e-15, 'Fearful': 2.760623841307206e-16, 'Happy': 6.416567987664254e-14, 'Neutral': 1.0, 'Other': 4.532578650480576e-16, 'Sad': 1.598734843512653e-13, 'Surprised': 2.7512278954057272e-14, 'Unknown': 1.3222402417623546e-15}","All right, the second blast, as he reaches back, before he can get a chance to get back to his feet, the second blast hits. This time, it sends him off his feet, flying about five to ten feet back, skidding across the ground."
ORION,01:03:50,01:03:51,Happy,"{'Angry': 0.00026646937476471066, 'Disgusted': 0.00024279466015286744, 'Fearful': 1.3958855561213568e-05, 'Happy': 0.9891777038574219, 'Neutral': 0.009571587666869164, 'Other': 2.2530717615154572e-05, 'Sad': 0.0006210773135535419, 'Surprised': 8.068045281106606e-05, 'Unknown': 3.214277285223943e-06}",15 damage.
MATT,01:03:51,01:04:02,Neutral,"{'Angry': 0.07255547493696213, 'Disgusted': 0.32119718194007874, 'Fearful': 0.0009767728624865413, 'Happy': 0.12219507247209549, 'Neutral': 0.44328728318214417, 'Other': 0.02414765954017639, 'Sad': 0.003987404052168131, 'Surprised': 0.005250658839941025, 'Unknown': 0.006402541417628527}","Yes, and that puts him, still on the floor, laid out with a burning, kind of crippling, crispy scent in the air of what was once a standing duergar, now dead and burning on the ground."
MARISHA,01:04:02,01:04:10,Unknown,"{'Angry': 0.00461204070597887, 'Disgusted': 0.008464336395263672, 'Fearful': 0.01839127391576767, 'Happy': 0.2863592207431793, 'Neutral': 0.17413142323493958, 'Other': 0.0037175107281655073, 'Sad': 0.01767636649310589, 'Surprised': 0.00014406643458642066, 'Unknown': 0.4865037500858307}","So once again I grab him by the scruff, take him, and put him in the bathroom."
LIAM,01:04:10,01:04:14,Happy,"{'Angry': 1.2113585512452119e-07, 'Disgusted': 1.5548881719951169e-06, 'Fearful': 1.8001384205490467e-07, 'Happy': 0.9999946355819702, 'Neutral': 1.1901395282620797e-06, 'Other': 3.9383448324770143e-07, 'Sad': 8.185234037227929e-07, 'Surprised': 4.6158557864828254e-08, 'Unknown': 1.117040369535971e-06}",I give a couple of pats on Tiberius's shoulder and start to inch down the hall.
MATT,01:04:14,01:04:20,Happy,"{'Angry': 3.154972603169881e-07, 'Disgusted': 5.038014933234081e-06, 'Fearful': 8.824675887808553e-07, 'Happy': 0.9999889135360718, 'Neutral': 2.263341684738407e-06, 'Other': 5.360129193832108e-07, 'Sad': 9.361407933283772e-07, 'Surprised': 6.166136472529615e-07, 'Unknown': 4.637354606984445e-07}","All right, as you guys are doing this, Scanlan steps out of the guest room, getting his pantaloons back on."
SAM,01:04:20,01:04:21,Angry,"{'Angry': 0.6973690390586853, 'Disgusted': 0.0646100714802742, 'Fearful': 0.0007611119071952999, 'Happy': 0.18387050926685333, 'Neutral': 0.034682497382164, 'Other': 0.0012642377987504005, 'Sad': 0.0027342760004103184, 'Surprised': 0.014568468555808067, 'Unknown': 0.0001397101441398263}",My invisible pantaloons.
MATT,01:04:21,01:04:26,Happy,"{'Angry': 3.8106172723928466e-05, 'Disgusted': 4.672844079323113e-05, 'Fearful': 4.628763690561755e-06, 'Happy': 0.8429364562034607, 'Neutral': 0.1566278040409088, 'Other': 9.029598004417494e-05, 'Sad': 0.00010118584032170475, 'Surprised': 5.408740435086656e-06, 'Unknown': 0.0001493354793637991}","Yes. You hear the footprints of Scanlan, you being still invisible, you essentially just--"
SAM,01:04:26,01:04:34,Neutral,"{'Angry': 3.997843305114657e-05, 'Disgusted': 9.986209761336795e-07, 'Fearful': 6.922164885736493e-08, 'Happy': 6.875567487441003e-05, 'Neutral': 0.9998875856399536, 'Other': 1.557861537548888e-07, 'Sad': 2.0009756553918123e-06, 'Surprised': 4.4779312702303287e-07, 'Unknown': 3.4096643730663345e-08}","I phantom pooped. Did I find anything in there, by the way?"
LIAM,01:04:34,01:04:36,Neutral,"{'Angry': 1.5082253224107944e-09, 'Disgusted': 3.137958781707084e-10, 'Fearful': 1.5542617193275987e-10, 'Happy': 3.1845946324438046e-08, 'Neutral': 1.0, 'Other': 3.0852095184163986e-11, 'Sad': 3.1178089443528734e-08, 'Surprised': 7.49599382565691e-10, 'Unknown': 2.5771397169083166e-11}",Just relief.
MATT,01:04:36,01:04:39,Neutral,"{'Angry': 0.0045297108590602875, 'Disgusted': 0.0011188305215910077, 'Fearful': 0.1629650592803955, 'Happy': 0.34436801075935364, 'Neutral': 0.40611132979393005, 'Other': 0.0049507287330925465, 'Sad': 0.05034581571817398, 'Surprised': 0.025316491723060608, 'Unknown': 0.0002940287231467664}",You found a fun way to prank duergar.
MARISHA,01:04:39,01:04:41,Disgusted,"{'Angry': 0.010071677155792713, 'Disgusted': 0.714552640914917, 'Fearful': 0.0010483063524588943, 'Happy': 0.24578410387039185, 'Neutral': 0.021012507379055023, 'Other': 3.76903080905322e-05, 'Sad': 0.0016570669831708074, 'Surprised': 0.005809210706502199, 'Unknown': 2.6853893359657377e-05}","Oh, yeah, did I find anything in the barracks?"
MATT,01:04:41,01:04:43,Neutral,"{'Angry': 2.058380665914683e-08, 'Disgusted': 1.3661126452291228e-08, 'Fearful': 3.865296527294504e-09, 'Happy': 4.471372605507895e-08, 'Neutral': 0.9999997615814209, 'Other': 2.980893754056524e-09, 'Sad': 8.46015808519951e-08, 'Surprised': 1.5042095569128833e-08, 'Unknown': 5.743935327373606e-10}",Over there? No.
TALIESIN,01:04:43,01:04:49,Neutral,"{'Angry': 0.0002884924761019647, 'Disgusted': 0.00010155530617339537, 'Fearful': 3.085557546000928e-05, 'Happy': 0.0001002628996502608, 'Neutral': 0.9990936517715454, 'Other': 5.224907727097161e-05, 'Sad': 9.806610614759848e-05, 'Surprised': 3.849048425763613e-06, 'Unknown': 0.00023105935542844236}",Did Liam-- Did Vax find anything shiny in the room? The shiny thing.
LIAM,01:04:49,01:04:54,Fearful,"{'Angry': 0.0198549535125494, 'Disgusted': 0.0012662707595154643, 'Fearful': 0.6641425490379333, 'Happy': 0.05545127019286156, 'Neutral': 0.061367154121398926, 'Other': 0.03802184760570526, 'Sad': 0.15837199985980988, 'Surprised': 0.0012493658578023314, 'Unknown': 0.0002745366655290127}","No, I got interrupted. That's a good idea, thanks for the reminder, Percy."
TALIESIN,01:04:54,01:04:55,Surprised,"{'Angry': 0.0021313633769750595, 'Disgusted': 0.0007808725349605083, 'Fearful': 0.00046556140296161175, 'Happy': 0.004713987000286579, 'Neutral': 0.2314578890800476, 'Other': 3.83163096557837e-05, 'Sad': 0.0191534161567688, 'Surprised': 0.7412533164024353, 'Unknown': 5.278790013107937e-06}","You're welcome, yes."
LIAM,01:04:55,01:05:00,Neutral,"{'Angry': 0.04467726871371269, 'Disgusted': 0.110465869307518, 'Fearful': 0.020824473351240158, 'Happy': 0.0386134572327137, 'Neutral': 0.5146724581718445, 'Other': 0.010126786306500435, 'Sad': 0.05354835093021393, 'Surprised': 0.18549051880836487, 'Unknown': 0.021580854430794716}","Checking for-- I checked for traps before, but I can't remember what I rolled. I'm sure it was successful."
MATT,01:05:00,01:05:03,Neutral,"{'Angry': 6.470091875598882e-07, 'Disgusted': 3.114540731985471e-07, 'Fearful': 1.4027843064923218e-07, 'Happy': 1.2482722695494886e-06, 'Neutral': 0.9999940395355225, 'Other': 5.233133606452611e-07, 'Sad': 2.0516683889582055e-06, 'Surprised': 2.986500646784407e-08, 'Unknown': 1.0032491672973265e-06}",Go ahead and roll again. (laughter)
LIAM,01:05:03,01:05:04,Neutral,"{'Angry': 3.2943034966592677e-07, 'Disgusted': 3.710715645866003e-07, 'Fearful': 2.8459183454287995e-07, 'Happy': 2.4630157895444427e-06, 'Neutral': 0.9999890327453613, 'Other': 1.9124274786008755e-07, 'Sad': 7.02993474988034e-06, 'Surprised': 2.6378538109383953e-07, 'Unknown': 3.372378643007323e-08}",17.
MATT,01:05:04,01:05:10,Neutral,"{'Angry': 0.008249904960393906, 'Disgusted': 0.0007388959638774395, 'Fearful': 0.0004633201751857996, 'Happy': 0.21207724511623383, 'Neutral': 0.6861182451248169, 'Other': 0.024411069229245186, 'Sad': 0.01732080802321434, 'Surprised': 0.00013613360351882875, 'Unknown': 0.05048438534140587}","Okay, as you push the door open and get a glance inside of the main hall, you don't see any traps across the floor."
LIAM,01:05:10,01:05:12,Neutral,"{'Angry': 0.003970802761614323, 'Disgusted': 0.01202452927827835, 'Fearful': 0.009496644139289856, 'Happy': 0.005872052628546953, 'Neutral': 0.9324743151664734, 'Other': 0.0003608273691497743, 'Sad': 0.02325224131345749, 'Surprised': 0.0014722675550729036, 'Unknown': 0.011076300404965878}","Okay, I'm gonna go check out the shiny thing."
MATT,01:05:12,01:05:14,Sad,"{'Angry': 0.007759973406791687, 'Disgusted': 0.0029679180588573217, 'Fearful': 0.0069284336641430855, 'Happy': 0.2698097825050354, 'Neutral': 0.10241779685020447, 'Other': 0.004248166922479868, 'Sad': 0.5826311707496643, 'Surprised': 0.022471727803349495, 'Unknown': 0.0007649819017387927}",Okay. Everyone else staying out in the hallway?
SAM,01:05:14,01:05:16,Neutral,"{'Angry': 0.0002480119583196938, 'Disgusted': 0.0002072762872558087, 'Fearful': 0.0004596338840201497, 'Happy': 0.001161486143246293, 'Neutral': 0.9948071837425232, 'Other': 3.918202855857089e-05, 'Sad': 0.0027768737636506557, 'Surprised': 0.00015283332322724164, 'Unknown': 0.00014743799692951143}",I'm coming with him.
SAM,01:05:16,01:05:18,Neutral,"{'Angry': 0.0009706481941975653, 'Disgusted': 0.0004341344756539911, 'Fearful': 6.41077640466392e-05, 'Happy': 0.005098918452858925, 'Neutral': 0.9925645589828491, 'Other': 7.269783964147791e-06, 'Sad': 0.00046040755114518106, 'Surprised': 0.0003978419990744442, 'Unknown': 2.1288581137923757e-06}",If I can get there.
MATT,01:05:18,01:05:22,Sad,"{'Angry': 6.823489457019605e-06, 'Disgusted': 5.735334070777753e-06, 'Fearful': 0.0001468874979764223, 'Happy': 0.00036598267615772784, 'Neutral': 0.0003358950198162347, 'Other': 0.00044851526035927236, 'Sad': 0.9986507296562195, 'Surprised': 2.39819291891763e-05, 'Unknown': 1.544301449030172e-05}","You manage to scoot through, dancing around folks, people kind of let you get by. Anyone else?"
LAURA,01:05:22,01:05:25,Happy,"{'Angry': 0.0009687832789495587, 'Disgusted': 0.0002438759693177417, 'Fearful': 5.9106136177433655e-05, 'Happy': 0.8733805418014526, 'Neutral': 0.1229354739189148, 'Other': 0.0006133915740065277, 'Sad': 0.00044279618305154145, 'Surprised': 2.34869967243867e-05, 'Unknown': 0.00133248302154243}","Yeah, sure, I like shiny things."
MARISHA,01:05:25,01:05:31,Neutral,"{'Angry': 1.0124001192934884e-07, 'Disgusted': 7.762341169836873e-08, 'Fearful': 1.733420340599423e-08, 'Happy': 1.7302534160990035e-07, 'Neutral': 0.9999983310699463, 'Other': 1.2628828471861198e-07, 'Sad': 9.411240284862288e-07, 'Surprised': 6.0999609807765864e-09, 'Unknown': 2.0657020627368183e-07}","I'm burying my shame, again. Burying the duergar."
MATT,01:05:31,01:05:34,Neutral,"{'Angry': 0.00027013555518351495, 'Disgusted': 0.0005791530129499733, 'Fearful': 9.689931175671518e-05, 'Happy': 0.001628799713216722, 'Neutral': 0.993748664855957, 'Other': 8.281079499283805e-05, 'Sad': 0.002610087627544999, 'Surprised': 0.00095669727306813, 'Unknown': 2.670885805855505e-05}","So, you're dragging the duergar over in the--"
TALIESIN,01:05:34,01:05:35,Neutral,"{'Angry': 1.4122168749963748e-06, 'Disgusted': 6.849553528809338e-07, 'Fearful': 5.763528321267586e-08, 'Happy': 0.0036148217041045427, 'Neutral': 0.9963591694831848, 'Other': 1.3278439325858926e-07, 'Sad': 2.217333712906111e-05, 'Surprised': 1.557905648041924e-06, 'Unknown': 6.466351898382072e-09}","I'll go in, too."
ASHLEY,01:05:35,01:05:37,Neutral,"{'Angry': 0.10428648442029953, 'Disgusted': 0.053594112396240234, 'Fearful': 0.0007238083053380251, 'Happy': 0.13897767663002014, 'Neutral': 0.6604623198509216, 'Other': 7.260015263454989e-05, 'Sad': 0.04007759690284729, 'Surprised': 0.0017274606507271528, 'Unknown': 7.795175042701885e-05}","I'll follow, I'll follow."
LAURA,01:05:37,01:05:40,Neutral,"{'Angry': 0.006185632199048996, 'Disgusted': 0.00933478120714426, 'Fearful': 0.005327504128217697, 'Happy': 0.3140886127948761, 'Neutral': 0.5724990963935852, 'Other': 0.0010843705385923386, 'Sad': 0.08165047317743301, 'Surprised': 0.0046079992316663265, 'Unknown': 0.0052214618772268295}","We're all going. It's a big, happy room."
LIAM,01:05:40,01:05:42,Happy,"{'Angry': 4.815165155491741e-08, 'Disgusted': 7.083296793553018e-08, 'Fearful': 3.797929792881405e-08, 'Happy': 0.999998927116394, 'Neutral': 3.2821623108247877e-07, 'Other': 1.7305639588016675e-08, 'Sad': 4.317004425047344e-07, 'Surprised': 8.407933194121142e-08, 'Unknown': 3.887348221098819e-09}",So say we all.
MARISHA,01:05:42,01:05:44,Other,"{'Angry': 0.03377991169691086, 'Disgusted': 0.03560052439570427, 'Fearful': 0.00033763176179490983, 'Happy': 0.03125699982047081, 'Neutral': 0.04363001137971878, 'Other': 0.8256028294563293, 'Sad': 0.009089745581150055, 'Surprised': 0.014256216585636139, 'Unknown': 0.006446138955652714}","Well, I guess I'll go after I bury duergar."
MATT,01:05:44,01:05:52,Neutral,"{'Angry': 2.320034764125012e-05, 'Disgusted': 1.886253994598519e-05, 'Fearful': 2.197704634454567e-05, 'Happy': 0.0002577305131126195, 'Neutral': 0.9947339296340942, 'Other': 1.3458047760650516e-05, 'Sad': 0.0048994277603924274, 'Surprised': 1.120167871704325e-05, 'Unknown': 2.0346506062196568e-05}","Yes, as you guys step in here, move up towards the back corner, where there's the shiny glint. Tiberius, you stay inside or outside?"
ORION,01:05:52,01:05:55,Neutral,"{'Angry': 9.718256421820115e-08, 'Disgusted': 6.234637339730398e-08, 'Fearful': 9.391196265085e-09, 'Happy': 5.035693106947292e-07, 'Neutral': 0.9999986886978149, 'Other': 3.193360953446245e-08, 'Sad': 2.9061484951853345e-07, 'Surprised': 5.015903692395796e-09, 'Unknown': 2.338623517061933e-07}",I'm going to wait for everybody to go inside.
MARISHA,01:05:55,01:05:58,Neutral,"{'Angry': 5.89760518199256e-10, 'Disgusted': 1.1798066690271725e-10, 'Fearful': 4.3617352785130237e-11, 'Happy': 1.617836420386709e-09, 'Neutral': 1.0, 'Other': 3.0992108185357026e-11, 'Sad': 3.2439118058391614e-09, 'Surprised': 1.1477688938166253e-10, 'Unknown': 1.2113378355937954e-10}",We will be Team Outside Posse.
MATT,01:05:58,01:06:13,Neutral,"{'Angry': 0.00040419879951514304, 'Disgusted': 0.0002281534398207441, 'Fearful': 0.00036255750455893576, 'Happy': 0.05675923824310303, 'Neutral': 0.9347910284996033, 'Other': 0.0001970522862393409, 'Sad': 0.0069883125834167, 'Surprised': 0.00016541215882170945, 'Unknown': 0.00010405635839561}","Kima walks in, Grog goes to start making his way in. As he does, you go over towards the glimmer. The glimmer on the table, you look, it's just formless and kind of this weird spark of light. It then vanishes, and the doors that you guys entered--"
LAURA,01:06:13,01:06:14,Neutral,"{'Angry': 0.01353004015982151, 'Disgusted': 0.020262116566300392, 'Fearful': 0.0008970886701717973, 'Happy': 0.025574466213583946, 'Neutral': 0.859704315662384, 'Other': 0.0036130151711404324, 'Sad': 0.03551126644015312, 'Surprised': 0.04058729112148285, 'Unknown': 0.00032044568797573447}",(singsong) It's a trap.
MATT,01:06:14,01:06:20,Neutral,"{'Angry': 2.122342266375199e-05, 'Disgusted': 1.1089481404269463e-06, 'Fearful': 1.771531970007345e-07, 'Happy': 4.529284524323884e-06, 'Neutral': 0.9999688863754272, 'Other': 2.705301085370593e-07, 'Sad': 3.4582837997731986e-06, 'Surprised': 2.8115044869991834e-07, 'Unknown': 1.3614086924462754e-07}","-- slam behind you, with Tiberius, Grog and Keyleth all kept outside of the room."
ASHLEY,01:06:20,01:06:21,Neutral,"{'Angry': 0.00039749781717546284, 'Disgusted': 0.0003248279681429267, 'Fearful': 5.47389208804816e-05, 'Happy': 0.0008105128072202206, 'Neutral': 0.9980928301811218, 'Other': 4.696228188549867e-06, 'Sad': 0.0002461935218889266, 'Surprised': 6.7268600105308e-05, 'Unknown': 1.4703746273880824e-06}",No!
MATT,01:06:21,01:06:26,Neutral,"{'Angry': 5.397492823240417e-14, 'Disgusted': 1.85610583841719e-15, 'Fearful': 3.03266938344381e-16, 'Happy': 6.251809237401568e-14, 'Neutral': 1.0, 'Other': 4.664182688891069e-16, 'Sad': 1.953475629954543e-13, 'Surprised': 2.6599575542402346e-14, 'Unknown': 1.3454417447370708e-15}","The rest of you guys, the flames go to darkness and the entire room goes pitch-black."
MARISHA,01:06:26,01:06:27,Neutral,"{'Angry': 0.00011688781523844227, 'Disgusted': 9.198591578751802e-05, 'Fearful': 0.00015462203009519726, 'Happy': 0.00014113890938460827, 'Neutral': 0.9887707233428955, 'Other': 3.0211397188395495e-06, 'Sad': 0.005788867361843586, 'Surprised': 0.004932341165840626, 'Unknown': 4.3862326037924504e-07}","Oh, shit!"
LAURA,01:06:27,01:06:29,Happy,"{'Angry': 0.007887766696512699, 'Disgusted': 0.00038057452184148133, 'Fearful': 0.0005380782531574368, 'Happy': 0.8707517385482788, 'Neutral': 0.024422582238912582, 'Other': 0.002475998131558299, 'Sad': 0.08179605007171631, 'Surprised': 0.011637586168944836, 'Unknown': 0.00010955722973449156}","Oh, no, we don't have light."
LIAM,01:06:29,01:06:33,Happy,"{'Angry': 1.0931050509199736e-10, 'Disgusted': 1.950194866706667e-10, 'Fearful': 4.4871550919367564e-11, 'Happy': 1.0, 'Neutral': 1.474974364867876e-09, 'Other': 3.405518575472222e-11, 'Sad': 4.5261649983530106e-10, 'Surprised': 1.929622711616119e-10, 'Unknown': 4.251798566001774e-11}","In the darkness, I say, fuck! (laughter)"
LAURA,01:06:33,01:06:35,Happy,"{'Angry': 1.0636205111103081e-10, 'Disgusted': 3.2383709602790134e-10, 'Fearful': 1.2430950713238076e-10, 'Happy': 1.0, 'Neutral': 6.92882695663144e-10, 'Other': 1.132840141138125e-10, 'Sad': 6.17001227887215e-10, 'Surprised': 1.4718092022913964e-10, 'Unknown': 1.0935805039302693e-10}","Stupid, stupid, stupid!"
ORION,01:06:35,01:06:38,Happy,"{'Angry': 0.00022532392176799476, 'Disgusted': 0.004567707423120737, 'Fearful': 0.00034693608176894486, 'Happy': 0.9920992851257324, 'Neutral': 0.001160091022029519, 'Other': 0.000127826162497513, 'Sad': 0.000880915264133364, 'Surprised': 0.0005475457292050123, 'Unknown': 4.430121771292761e-05}","I motion to Grog and I'm like, you know what to do, damn it."
MATT,01:06:38,01:06:44,Neutral,"{'Angry': 4.919510354639556e-10, 'Disgusted': 3.8935832336051135e-10, 'Fearful': 6.349108738756826e-11, 'Happy': 6.698433807628135e-09, 'Neutral': 1.0, 'Other': 1.1165626756515223e-10, 'Sad': 6.606254654428767e-09, 'Surprised': 2.878904614700417e-10, 'Unknown': 2.073494570487e-10}","Grog's gonna go for the door, however, at this point in time, I'm going to ask for--"
LAURA,01:06:44,01:06:47,Neutral,"{'Angry': 0.0018627317622303963, 'Disgusted': 0.0022518215700984, 'Fearful': 0.0108442148193717, 'Happy': 0.3455491364002228, 'Neutral': 0.5829851627349854, 'Other': 0.00013221468543633819, 'Sad': 0.05125739425420761, 'Surprised': 0.00463019497692585, 'Unknown': 0.0004871378478128463}","Can we stealth? I mean, I guess we're all kind of--"
SAM,01:06:47,01:06:49,Neutral,"{'Angry': 0.0013596107019111514, 'Disgusted': 0.0016699032858014107, 'Fearful': 0.0033368458971381187, 'Happy': 0.002266792580485344, 'Neutral': 0.946182906627655, 'Other': 2.627828325785231e-05, 'Sad': 0.04418693482875824, 'Surprised': 0.0007849923567846417, 'Unknown': 0.00018575796275399625}",Ask for?
LIAM,01:06:49,01:06:52,Sad,"{'Angry': 7.993539838935249e-06, 'Disgusted': 7.405188807751983e-05, 'Fearful': 0.0008239428861998022, 'Happy': 3.660199581645429e-05, 'Neutral': 8.308800170198083e-05, 'Other': 1.3429277714749333e-05, 'Sad': 0.9988168478012085, 'Surprised': 0.00014081275730859488, 'Unknown': 3.2565217225055676e-06}",Roll for Deus ex Machina.
SAM,01:06:52,01:06:55,Neutral,"{'Angry': 0.0013539737556129694, 'Disgusted': 0.0007199993124231696, 'Fearful': 0.007011797744780779, 'Happy': 0.005649407394230366, 'Neutral': 0.9585824608802795, 'Other': 1.9396729840082116e-05, 'Sad': 0.026217125356197357, 'Surprised': 0.00031497623422183096, 'Unknown': 0.00013087030674796551}","Oh, You're gonna ask the chat room something?"
MATT,01:06:55,01:07:16,Neutral,"{'Angry': 0.005280688870698214, 'Disgusted': 0.0005125639145262539, 'Fearful': 0.00011957003880525008, 'Happy': 0.026340283453464508, 'Neutral': 0.9637770056724548, 'Other': 0.00015256415645126253, 'Sad': 0.0031564882956445217, 'Surprised': 0.0004946014378219843, 'Unknown': 0.00016625515127088875}","No, no, no. I'm not. I'm working out what's actually gonna happen here. All right, so, suddenly there is a cacophonous bit of pain streaking through Pike, Vex, and Clarota. Guys, go ahead and make an intelligence saving throw."
SAM,01:07:16,01:07:18,Neutral,"{'Angry': 0.0009588718530721962, 'Disgusted': 0.00014182264567352831, 'Fearful': 2.7074374884250574e-05, 'Happy': 0.003295125672593713, 'Neutral': 0.9946500658988953, 'Other': 1.823330057959538e-05, 'Sad': 0.0006954292766749859, 'Surprised': 0.0001976641797227785, 'Unknown': 1.5740919479867443e-05}",Intelligence?
LAURA,01:07:18,01:07:19,Neutral,"{'Angry': 0.000779475667513907, 'Disgusted': 0.0001217421013279818, 'Fearful': 3.052909960388206e-05, 'Happy': 0.1188087910413742, 'Neutral': 0.8682777881622314, 'Other': 5.0772719077940565e-06, 'Sad': 0.011847984977066517, 'Surprised': 0.00012734551273752004, 'Unknown': 1.3242228078524931e-06}",All of us?
SAM,01:07:19,01:07:20,Neutral,"{'Angry': 1.925835668714626e-08, 'Disgusted': 1.4761782018979375e-08, 'Fearful': 6.4743956862400864e-09, 'Happy': 2.299371089975466e-06, 'Neutral': 0.9999971389770508, 'Other': 5.730944163673257e-09, 'Sad': 4.3773584934569953e-07, 'Surprised': 1.0187791055216167e-08, 'Unknown': 4.106602169429152e-09}",Some sort of a mind thing.
LAURA,01:07:20,01:07:21,Neutral,"{'Angry': 2.500592563592363e-05, 'Disgusted': 6.999234028626233e-05, 'Fearful': 2.6303396225557663e-06, 'Happy': 0.0005928638856858015, 'Neutral': 0.9990435242652893, 'Other': 6.983894763834542e-06, 'Sad': 0.00023715640418231487, 'Surprised': 1.9862125554936938e-05, 'Unknown': 2.0763313841598574e-06}","Oh, crud."
MARISHA,01:07:21,01:07:25,Neutral,"{'Angry': 1.7074167999453493e-06, 'Disgusted': 1.7691197626845678e-06, 'Fearful': 5.018259798816871e-07, 'Happy': 1.6764895917731337e-05, 'Neutral': 0.9999427795410156, 'Other': 1.0320453611711855e-06, 'Sad': 3.411659781704657e-05, 'Surprised': 6.022313527864753e-07, 'Unknown': 7.376341955023236e-07}",Intelligence.
LAURA,01:07:25,01:07:29,Neutral,"{'Angry': 0.00046847417252138257, 'Disgusted': 0.0002791844599414617, 'Fearful': 0.00015962007455527782, 'Happy': 0.0007925775134935975, 'Neutral': 0.9890368580818176, 'Other': 5.581852747127414e-05, 'Sad': 0.00864880159497261, 'Surprised': 2.3236756533151492e-05, 'Unknown': 0.0005354241002351046}","Oh, oh, oh! Oh, no, I don't get any advantage in this."
LIAM,01:07:29,01:07:30,Neutral,"{'Angry': 0.04648251831531525, 'Disgusted': 0.19113752245903015, 'Fearful': 0.001974046928808093, 'Happy': 0.20123809576034546, 'Neutral': 0.5142500400543213, 'Other': 0.0001861500204540789, 'Sad': 0.0392351970076561, 'Surprised': 0.005414305254817009, 'Unknown': 8.209748193621635e-05}",13.
MATT,01:07:30,01:07:34,Neutral,"{'Angry': 1.0369880243388252e-07, 'Disgusted': 1.8857302563901612e-07, 'Fearful': 1.1403442812252251e-07, 'Happy': 3.602805236369022e-06, 'Neutral': 0.9999946355819702, 'Other': 4.542109977023756e-08, 'Sad': 1.0797874665513518e-06, 'Surprised': 1.1388053167138423e-07, 'Unknown': 9.506829456995547e-08}","Not you, just you two. So what's the--"
TALIESIN,01:07:34,01:07:35,Neutral,"{'Angry': 0.045348621904850006, 'Disgusted': 0.03139295428991318, 'Fearful': 0.00451667420566082, 'Happy': 0.3155422508716583, 'Neutral': 0.5344732403755188, 'Other': 0.0007412871345877647, 'Sad': 0.005797503050416708, 'Surprised': 0.06209553778171539, 'Unknown': 9.193689766107127e-05}","Never mind, that was such a good roll."
ASHLEY,01:07:35,01:07:38,Neutral,"{'Angry': 1.0556267625361215e-05, 'Disgusted': 1.3213671081757639e-05, 'Fearful': 1.3525037502404302e-05, 'Happy': 3.7268295272951946e-05, 'Neutral': 0.9998264908790588, 'Other': 6.447682153520873e-06, 'Sad': 1.367166896670824e-05, 'Surprised': 4.437027598669374e-07, 'Unknown': 7.842833292670548e-05}",What was that? That's a one. (laughs)
MATT,01:07:38,01:07:39,Neutral,"{'Angry': 0.000987001578323543, 'Disgusted': 0.0015525465132668614, 'Fearful': 7.941539661260322e-05, 'Happy': 0.0025548243429511786, 'Neutral': 0.9922695159912109, 'Other': 1.3979056348034646e-05, 'Sad': 0.0022472015116363764, 'Surprised': 0.0002875161590054631, 'Unknown': 8.045239155762829e-06}",Okay.
ASHLEY,01:07:39,01:07:40,Happy,"{'Angry': 0.3278506398200989, 'Disgusted': 0.0065892101265490055, 'Fearful': 0.0006927602225914598, 'Happy': 0.5930439829826355, 'Neutral': 0.06597889959812164, 'Other': 0.0001748677168507129, 'Sad': 0.003610834013670683, 'Surprised': 0.0017585584428161383, 'Unknown': 0.0003002755984198302}",I rolled a one!
MATT,01:07:40,01:07:52,Neutral,"{'Angry': 5.087816222471529e-14, 'Disgusted': 1.886723961878065e-15, 'Fearful': 2.7514139461925916e-16, 'Happy': 7.015061817029766e-14, 'Neutral': 1.0, 'Other': 4.4355949662067346e-16, 'Sad': 1.7550129643821577e-13, 'Surprised': 2.6200575590400524e-14, 'Unknown': 1.3510013513654928e-15}","So in the darkness, suddenly there is this searing pain, like some sort of screaming sound is blasting you from the inside of your very mind. You two are both currently stunned."
LAURA,01:07:52,01:07:53,Neutral,"{'Angry': 6.606506897099962e-09, 'Disgusted': 4.03363259460221e-10, 'Fearful': 2.6674603498255678e-11, 'Happy': 1.3864593917389811e-08, 'Neutral': 1.0, 'Other': 1.0482135992528896e-10, 'Sad': 4.794959096443563e-09, 'Surprised': 2.8417956876580774e-10, 'Unknown': 1.74370767824783e-10}","Oh, crud."
SAM,01:07:53,01:07:54,Neutral,"{'Angry': 0.003502456471323967, 'Disgusted': 8.815491310087964e-05, 'Fearful': 1.8569553503766656e-05, 'Happy': 0.00021262674999888986, 'Neutral': 0.9960333704948425, 'Other': 4.848360504183802e-07, 'Sad': 0.00011446793359937146, 'Surprised': 2.9742708647972904e-05, 'Unknown': 1.8011465385825431e-07}",Who's you two?
LAURA,01:07:54,01:07:56,Neutral,"{'Angry': 0.00012534993584267795, 'Disgusted': 1.9492181309033185e-06, 'Fearful': 3.2285868201142875e-07, 'Happy': 4.1370471990376245e-06, 'Neutral': 0.9998602867126465, 'Other': 1.758255763206762e-07, 'Sad': 6.655066044913838e-06, 'Surprised': 7.307539249268302e-07, 'Unknown': 2.3172329122189694e-07}",Me and Pike.
ASHLEY,01:07:56,01:08:08,Neutral,"{'Angry': 2.05046938629716e-12, 'Disgusted': 9.138204109431294e-14, 'Fearful': 2.741097889576334e-14, 'Happy': 3.4175938988523225e-12, 'Neutral': 1.0, 'Other': 8.718633792898813e-15, 'Sad': 6.159470936767386e-12, 'Surprised': 9.402389890972307e-13, 'Unknown': 6.823161420631621e-14}","I did bad things, I did bad things. I shouldn't have killed a man while he was down. Wait, so what does that-- That means we just can't do anything, right?"
MATT,01:08:08,01:08:11,Neutral,"{'Angry': 6.297793879639357e-05, 'Disgusted': 0.00011337023897795007, 'Fearful': 2.2131342120701447e-05, 'Happy': 0.000742278469260782, 'Neutral': 0.9980484247207642, 'Other': 0.00013237183156888932, 'Sad': 0.00035636278335005045, 'Surprised': 6.162213594507193e-06, 'Unknown': 0.0005159300053492188}","On every turn, you get to try and break that, but right now neither of you can--"
MARISHA,01:08:11,01:08:16,Neutral,"{'Angry': 4.4316943785815965e-06, 'Disgusted': 2.0947641132806893e-06, 'Fearful': 8.408261464865063e-07, 'Happy': 6.884084723424166e-05, 'Neutral': 0.999889612197876, 'Other': 2.033436885540141e-06, 'Sad': 2.6275018171872944e-05, 'Surprised': 4.516043190960772e-06, 'Unknown': 1.4297125972007052e-06}",Every turn they have to try and break out of it? It keeps going? It's like a keep-going thing?
MATT,01:08:16,01:08:29,Neutral,"{'Angry': 1.0464426480893962e-07, 'Disgusted': 7.936809964803615e-08, 'Fearful': 2.713839997170453e-08, 'Happy': 7.758949323033448e-07, 'Neutral': 0.9999974966049194, 'Other': 1.4477629406428605e-07, 'Sad': 1.121178115681687e-06, 'Surprised': 3.7311920664251375e-08, 'Unknown': 7.428376136431325e-08}","You both just sit there, grasping your heads, just screaming in pain as your body is unable to function or listen to any thought process. Clarota also unfortunately falls victim to this and is also unable to make any actions."
SAM,01:08:29,01:08:30,Neutral,"{'Angry': 0.0063699292950332165, 'Disgusted': 0.017181208357214928, 'Fearful': 0.0008962498977780342, 'Happy': 0.05537841469049454, 'Neutral': 0.8991826772689819, 'Other': 0.00010338952415622771, 'Sad': 0.011712484993040562, 'Surprised': 0.009079552255570889, 'Unknown': 9.608130494598299e-05}",Oh boy!
LIAM,01:08:30,01:08:35,Neutral,"{'Angry': 5.803447167274101e-10, 'Disgusted': 5.32614174986179e-10, 'Fearful': 2.4869170611729885e-10, 'Happy': 2.5572819417618575e-09, 'Neutral': 1.0, 'Other': 1.3994552738871846e-10, 'Sad': 9.016221547142322e-09, 'Surprised': 6.266722141212711e-10, 'Unknown': 4.705763903545268e-11}",I'm pulling out my flametongue dagger to try to get a little bit of light in here.
MATT,01:08:35,01:08:59,Neutral,"{'Angry': 7.264630926982416e-14, 'Disgusted': 2.8222991689329886e-15, 'Fearful': 4.712021521565215e-16, 'Happy': 9.031672436841942e-14, 'Neutral': 1.0, 'Other': 6.005195192467828e-16, 'Sad': 2.4545480665355557e-13, 'Surprised': 3.877929607206537e-14, 'Unknown': 1.8974929270112193e-15}","All right, however-- You, as you are currently pulling out your flametongue dagger, you feel a presence nearby, and with a little bit of embers around the fire, you see, out of nothing, a figure step into view that apparently was not visible but a moment before. A tall, lithe figure, with long limbs, fingers and a wrapping of facial tentacles coming towards your face."
SAM,01:08:59,01:09:00,Neutral,"{'Angry': 0.00031676082289777696, 'Disgusted': 0.0008915341459214687, 'Fearful': 3.650492726592347e-05, 'Happy': 0.00021058082347735763, 'Neutral': 0.996697187423706, 'Other': 5.061693173047388e-06, 'Sad': 0.0017890273593366146, 'Surprised': 5.100140333524905e-05, 'Unknown': 2.3243753730639582e-06}",It was invisible.
LIAM,01:09:00,01:09:02,Neutral,"{'Angry': 4.920376341033261e-06, 'Disgusted': 3.864584141410887e-05, 'Fearful': 7.886646358201688e-07, 'Happy': 4.325478130340343e-06, 'Neutral': 0.9999375343322754, 'Other': 2.820774170686491e-06, 'Sad': 7.79658330429811e-06, 'Surprised': 3.7477735759239295e-07, 'Unknown': 2.779198894131696e-06}","I see him, I'm gonna stab, I'm just gonna stab."
MATT,01:09:02,01:09:05,Neutral,"{'Angry': 4.5394771275297785e-11, 'Disgusted': 7.556320152923846e-12, 'Fearful': 2.4998596942493734e-12, 'Happy': 5.061528418615069e-10, 'Neutral': 1.0, 'Other': 7.884016790110637e-13, 'Sad': 3.3562416734689293e-10, 'Surprised': 1.2617387169788774e-11, 'Unknown': 3.5641483254328366e-12}","Before you get the chance to stab, you get a surprise attack from this guy."
LAURA,01:09:05,01:09:07,Sad,"{'Angry': 0.0030531371012330055, 'Disgusted': 0.008243980817496777, 'Fearful': 0.175770565867424, 'Happy': 0.0009541594190523028, 'Neutral': 0.0704001933336258, 'Other': 4.322394306655042e-05, 'Sad': 0.7412316203117371, 'Surprised': 0.00018755777273327112, 'Unknown': 0.00011554163211258128}","Oh, no, what if he sucks our brains out?"
MATT,01:09:07,01:09:14,Neutral,"{'Angry': 7.112596733804821e-09, 'Disgusted': 7.085461550815353e-09, 'Fearful': 1.956529382951544e-09, 'Happy': 2.0775580367171642e-08, 'Neutral': 0.9999998807907104, 'Other': 8.962685593694175e-10, 'Sad': 1.3686329225492955e-07, 'Surprised': 3.3219029749176343e-09, 'Unknown': 2.942974197672754e-10}","All right, that comes to an 18 versus armor class."
LIAM,01:09:14,01:09:15,Neutral,"{'Angry': 0.011463455855846405, 'Disgusted': 0.004380239173769951, 'Fearful': 0.0003324036952108145, 'Happy': 0.01029093749821186, 'Neutral': 0.8581835627555847, 'Other': 3.2636122341500595e-05, 'Sad': 0.11381232738494873, 'Surprised': 0.001484838081523776, 'Unknown': 1.9617176803876646e-05}","Yeah, he got me."
MATT,01:09:15,01:09:28,Neutral,"{'Angry': 1.260924364920868e-09, 'Disgusted': 4.863393021636853e-10, 'Fearful': 6.951485914674649e-11, 'Happy': 2.441795876606534e-09, 'Neutral': 1.0, 'Other': 2.7460275719981553e-10, 'Sad': 2.5839150818995904e-09, 'Surprised': 2.041133928543104e-10, 'Unknown': 2.613579352939155e-10}","So, as you go back for your blade to pull it out, he grabs you by the shoulders and pulls you, and the tentacles wrap around your face and pull you into this horrible toothy maw. You feel this tearing pain sensation as its teeth begin to dig into your face."
ASHLEY,01:09:28,01:09:29,Neutral,"{'Angry': 0.007961081340909004, 'Disgusted': 0.005412822123616934, 'Fearful': 0.00029331297264434397, 'Happy': 0.02612421102821827, 'Neutral': 0.946153998374939, 'Other': 0.00010414374992251396, 'Sad': 0.013034069910645485, 'Surprised': 0.0007415318978019059, 'Unknown': 0.0001747774367686361}","No, no, no, no."
LAURA,01:09:29,01:09:32,Neutral,"{'Angry': 6.286424159007709e-11, 'Disgusted': 4.762203652253216e-12, 'Fearful': 1.045776204348925e-12, 'Happy': 2.493386053181723e-10, 'Neutral': 1.0, 'Other': 1.0245005798575901e-13, 'Sad': 1.24615734398148e-10, 'Surprised': 3.857457062106384e-11, 'Unknown': 3.8339952957225365e-13}","Oh my god, he's gonna die."
LIAM,01:09:32,01:09:35,Neutral,"{'Angry': 0.0004236664099153131, 'Disgusted': 0.00028060891781933606, 'Fearful': 0.00012012894148938358, 'Happy': 0.0016526106046512723, 'Neutral': 0.9962260723114014, 'Other': 8.502168930135667e-05, 'Sad': 0.0008956743986345828, 'Surprised': 9.93547510006465e-05, 'Unknown': 0.00021691036818083376}",That hurts. A lot.
MATT,01:09:35,01:09:48,Neutral,"{'Angry': 1.0593469434994063e-09, 'Disgusted': 3.882335342098031e-09, 'Fearful': 5.36058974986986e-10, 'Happy': 4.5027634953953566e-09, 'Neutral': 1.0, 'Other': 4.219205873567944e-09, 'Sad': 4.439844758508116e-08, 'Surprised': 1.3736006776454701e-09, 'Unknown': 5.170403549747959e-10}","You take 17 points of psychic damage as the actual presence of the tentacles pulling on your face, you feel it's kind of grabbing your brain and trying to hold it in place. You are currently considered grappled."
MARISHA,01:09:48,01:09:50,Neutral,"{'Angry': 0.008894078433513641, 'Disgusted': 0.0504501573741436, 'Fearful': 0.0004187680024188012, 'Happy': 0.013457735069096088, 'Neutral': 0.8843175768852234, 'Other': 0.0014238988514989614, 'Sad': 0.0369219109416008, 'Surprised': 0.0034624345134943724, 'Unknown': 0.0006535411230288446}",Son of a bitch.
MATT,01:09:50,01:09:57,Happy,"{'Angry': 0.003214471973478794, 'Disgusted': 0.0017148060724139214, 'Fearful': 0.0006338278180919588, 'Happy': 0.6221194863319397, 'Neutral': 0.35887500643730164, 'Other': 0.0009769739117473364, 'Sad': 0.001332081388682127, 'Surprised': 0.0018109335796907544, 'Unknown': 0.009322460740804672}","Now, guys, everyone roll initiative. That was a surprise round."
MARISHA,01:09:57,01:09:59,Surprised,"{'Angry': 0.001478765974752605, 'Disgusted': 0.008640971034765244, 'Fearful': 0.0016130409203469753, 'Happy': 0.0004146453575231135, 'Neutral': 0.0004863986396230757, 'Other': 0.13456465303897858, 'Sad': 0.00015304381668101996, 'Surprised': 0.8525022864341736, 'Unknown': 0.0001462139334762469}",Surprise round.
MATT,01:09:59,01:10:00,Neutral,"{'Angry': 1.4971359632909298e-05, 'Disgusted': 1.2404227163642645e-05, 'Fearful': 2.1578737232630374e-06, 'Happy': 8.594841347075999e-05, 'Neutral': 0.9998089671134949, 'Other': 1.5618273891959689e-06, 'Sad': 6.845546158729121e-05, 'Surprised': 5.041866188548738e-06, 'Unknown': 4.908933988190256e-07}",Yes.
MARISHA,01:10:00,01:10:02,Neutral,"{'Angry': 0.06519166380167007, 'Disgusted': 0.0444355234503746, 'Fearful': 0.01699310913681984, 'Happy': 0.07312244176864624, 'Neutral': 0.76352459192276, 'Other': 0.00021044124150648713, 'Sad': 0.021569348871707916, 'Surprised': 0.014773327857255936, 'Unknown': 0.0001795077696442604}",'Cause they got the drop on us
TALIESIN,01:10:02,01:10:04,Neutral,"{'Angry': 1.735123156265672e-08, 'Disgusted': 2.7461819485097294e-08, 'Fearful': 9.86458470464413e-09, 'Happy': 2.109928587401555e-08, 'Neutral': 0.9999998807907104, 'Other': 3.2786706682941258e-09, 'Sad': 1.0109351933351718e-07, 'Surprised': 5.260609725610266e-09, 'Unknown': 3.3839733237783776e-09}",That'll do.
ORION,01:10:04,01:10:08,Neutral,"{'Angry': 2.845884118640729e-11, 'Disgusted': 3.894759948580573e-12, 'Fearful': 9.169286423887923e-13, 'Happy': 1.1208601408130292e-10, 'Neutral': 1.0, 'Other': 7.143853650998233e-13, 'Sad': 1.5815586340561794e-10, 'Surprised': 8.424813797980324e-12, 'Unknown': 3.2303602067601522e-12}",What's going on in there? I hear lots of ruckus.
SAM,01:10:08,01:10:10,Happy,"{'Angry': 2.6711291866376996e-05, 'Disgusted': 3.5146742447977886e-05, 'Fearful': 1.2755956959153991e-05, 'Happy': 0.9258857369422913, 'Neutral': 0.07371947914361954, 'Other': 1.3883430256100837e-05, 'Sad': 8.505021105520427e-05, 'Surprised': 5.786194378742948e-06, 'Unknown': 0.00021550491510424763}",We'll be out in a minute.
ORION,01:10:10,01:10:17,Neutral,"{'Angry': 4.488107940847641e-10, 'Disgusted': 3.1303906689039707e-10, 'Fearful': 4.1628863550746686e-11, 'Happy': 1.1032392777110545e-09, 'Neutral': 1.0, 'Other': 7.794358214407993e-11, 'Sad': 5.955347326391802e-09, 'Surprised': 6.766032872862482e-11, 'Unknown': 5.178832362950914e-10}","Don't give me that, Scanlan. Oh. Scanlan, you can hear me. What's going on in there?"
SAM,01:10:17,01:10:19,Neutral,"{'Angry': 4.640378392650746e-07, 'Disgusted': 4.5984916141605936e-07, 'Fearful': 1.8148671188100707e-07, 'Happy': 2.3618952127435477e-06, 'Neutral': 0.999994158744812, 'Other': 1.3418618038940622e-07, 'Sad': 1.884509515548416e-06, 'Surprised': 2.5124634817075275e-07, 'Unknown': 1.1678905309508991e-07}",We're all dying.
ORION,01:10:19,01:10:22,Neutral,"{'Angry': 2.1225384116974055e-08, 'Disgusted': 5.8820588400010365e-09, 'Fearful': 1.1191942927979426e-09, 'Happy': 5.033421146549699e-08, 'Neutral': 0.9999998807907104, 'Other': 2.243488728126408e-09, 'Sad': 3.406783832815563e-08, 'Surprised': 1.3413895549874155e-09, 'Unknown': 9.353220420393882e-09}",I turn to Grog. They're all dying.
MATT,01:10:22,01:10:27,Neutral,"{'Angry': 1.38348940593655e-13, 'Disgusted': 5.761829391831867e-15, 'Fearful': 9.818148415246543e-16, 'Happy': 1.7573476582353337e-13, 'Neutral': 1.0, 'Other': 1.1188408437096402e-15, 'Sad': 4.437293631490147e-13, 'Surprised': 6.090306481788127e-14, 'Unknown': 4.8213932744508876e-15}","(laughs) All right, so 25 to 20?"
SAM,01:10:27,01:10:28,Happy,"{'Angry': 0.19099409878253937, 'Disgusted': 0.010732612572610378, 'Fearful': 0.006072004325687885, 'Happy': 0.7782983779907227, 'Neutral': 0.010828735306859016, 'Other': 0.00035556493094190955, 'Sad': 0.0009861956350505352, 'Surprised': 0.0014270477695390582, 'Unknown': 0.0003053362888749689}",No one.
MATT,01:10:28,01:10:35,Neutral,"{'Angry': 2.545252897334649e-09, 'Disgusted': 1.1970570090724664e-09, 'Fearful': 1.466560622942481e-10, 'Happy': 1.3871128246023545e-08, 'Neutral': 1.0, 'Other': 3.4208191834750323e-10, 'Sad': 5.302820849095724e-09, 'Surprised': 4.2233683217318685e-09, 'Unknown': 8.654185701395534e-11}","All right, 25 to 20, no one-- almost forgot, go ahead and make an intelligence saving throw."
LIAM,01:10:35,01:10:42,Neutral,"{'Angry': 4.667858981288742e-12, 'Disgusted': 2.981303084178405e-13, 'Fearful': 9.231666402457692e-14, 'Happy': 7.260039791567863e-12, 'Neutral': 1.0, 'Other': 2.9569615256786613e-14, 'Sad': 1.5565809058371016e-11, 'Surprised': 2.518841689044815e-12, 'Unknown': 1.311331279023678e-13}",23.
MATT,01:10:42,01:10:53,Happy,"{'Angry': 4.3214229663135484e-05, 'Disgusted': 5.705715375370346e-05, 'Fearful': 9.629734449845273e-06, 'Happy': 0.9149265289306641, 'Neutral': 0.08414987474679947, 'Other': 6.808804027969018e-05, 'Sad': 0.00038201489951461554, 'Surprised': 3.6299543353379704e-06, 'Unknown': 0.000360077217919752}","23, all right, you feel the presence of its mind pressing into your brain and you manage to, through the pain of its tentacles pulling you towards its mouth, shrug off its current attempt to push into your mind."
LIAM,01:10:53,01:10:54,Neutral,"{'Angry': 1.2650361895794049e-05, 'Disgusted': 2.15692253391353e-07, 'Fearful': 6.802584096021747e-08, 'Happy': 5.53849786228966e-05, 'Neutral': 0.9999195337295532, 'Other': 6.258639473344374e-08, 'Sad': 1.1596851436479483e-05, 'Surprised': 5.098022484162357e-07, 'Unknown': 2.24361640377424e-09}",I'm thinking of the middle finger.
MATT,01:10:54,01:11:00,Neutral,"{'Angry': 7.277535345184827e-12, 'Disgusted': 5.846546662600927e-13, 'Fearful': 1.7117180611293803e-13, 'Happy': 1.8883370561662005e-11, 'Neutral': 1.0, 'Other': 6.030441581207982e-14, 'Sad': 3.560195888097084e-11, 'Surprised': 2.37939355718364e-12, 'Unknown': 2.861950043273054e-13}",That's a good thing. Okay. So you're still grappled but you're not stunned.
SAM,01:11:00,01:11:02,Neutral,"{'Angry': 1.9858590327714865e-09, 'Disgusted': 1.436095797835435e-09, 'Fearful': 2.62562582786785e-10, 'Happy': 3.149090233023344e-08, 'Neutral': 1.0, 'Other': 2.446467028960342e-09, 'Sad': 1.59604240934641e-08, 'Surprised': 8.593821765323639e-10, 'Unknown': 2.376651930813267e-10}",Is he a piece on the board yet?
MATT,01:11:02,01:11:06,Neutral,"{'Angry': 2.675829280374131e-10, 'Disgusted': 6.96018936929832e-11, 'Fearful': 1.6469832442300714e-11, 'Happy': 2.3204869137316564e-09, 'Neutral': 1.0, 'Other': 9.685145047066968e-12, 'Sad': 1.9221886304876534e-09, 'Surprised': 1.112305109129963e-10, 'Unknown': 1.9755093394469014e-11}","Both of them are now visible right there. All right, so, 25 to 20?"
LAURA,01:11:06,01:11:07,Happy,"{'Angry': 0.0005507400492206216, 'Disgusted': 0.0006175503367558122, 'Fearful': 4.5999273424968123e-05, 'Happy': 0.5701220631599426, 'Neutral': 0.42575493454933167, 'Other': 2.644399501150474e-05, 'Sad': 0.0017932243645191193, 'Surprised': 0.0010722081642597914, 'Unknown': 1.682979018369224e-05}",Nobody.
MATT,01:11:07,01:11:08,Neutral,"{'Angry': 9.085254250307262e-13, 'Disgusted': 3.111359707743712e-14, 'Fearful': 7.98773753304255e-15, 'Happy': 1.2349878064643605e-12, 'Neutral': 1.0, 'Other': 2.8504742376157452e-15, 'Sad': 3.3263491787394184e-12, 'Surprised': 2.5594142690626986e-13, 'Unknown': 1.9091834639909863e-14}",20 to 15?
LIAM,01:11:08,01:11:09,Neutral,"{'Angry': 0.0008829779108054936, 'Disgusted': 0.00024081856827251613, 'Fearful': 7.646771337022074e-06, 'Happy': 0.002971505746245384, 'Neutral': 0.9955714344978333, 'Other': 5.260412308416562e-06, 'Sad': 0.00029489476582966745, 'Surprised': 2.1778741938760504e-05, 'Unknown': 3.697056399687426e-06}",17.
TALIESIN,01:11:09,01:11:10,Neutral,"{'Angry': 0.0014176024124026299, 'Disgusted': 0.005009213928133249, 'Fearful': 0.00013270333874970675, 'Happy': 0.007562370505183935, 'Neutral': 0.9263269305229187, 'Other': 6.614517042180523e-05, 'Sad': 0.001202143495902419, 'Surprised': 0.05826698988676071, 'Unknown': 1.5911611626506783e-05}",16.
ORION,01:11:10,01:11:11,Happy,"{'Angry': 0.0015920797595754266, 'Disgusted': 0.002597241895273328, 'Fearful': 1.89179481822066e-05, 'Happy': 0.9885854125022888, 'Neutral': 0.006909314077347517, 'Other': 6.607301475014538e-05, 'Sad': 0.00012005024473182857, 'Surprised': 6.600059714401141e-05, 'Unknown': 4.4926422560820356e-05}",17.
MATT,01:11:11,01:11:29,Neutral,"{'Angry': 4.605649629035868e-13, 'Disgusted': 1.6069424572462757e-14, 'Fearful': 3.338216772710216e-15, 'Happy': 5.193008566564683e-13, 'Neutral': 1.0, 'Other': 1.7771928609191905e-15, 'Sad': 1.4544664301077703e-12, 'Surprised': 1.470808067352558e-13, 'Unknown': 1.022727401085808e-14}","17 and 16, all right. So actually, Grog is going first. All right, and Percy. 15 to ten? Ten to five?"
MARISHA,01:11:29,01:11:32,Neutral,"{'Angry': 4.235278439068679e-08, 'Disgusted': 1.1417201406516142e-08, 'Fearful': 2.9590125905087916e-09, 'Happy': 1.5358821201516548e-06, 'Neutral': 0.9999983310699463, 'Other': 3.242162094352352e-09, 'Sad': 1.253246182386647e-07, 'Surprised': 1.3907637708143739e-08, 'Unknown': 5.0687489761003235e-09}","Oh, oh, wait, 13. (laughter)"
MARISHA,01:11:32,01:11:34,Neutral,"{'Angry': 4.3887590783775465e-10, 'Disgusted': 1.2959569528625536e-10, 'Fearful': 5.7578861817342286e-11, 'Happy': 1.0520964544014078e-08, 'Neutral': 1.0, 'Other': 1.979635899651555e-11, 'Sad': 7.664910484095344e-09, 'Surprised': 2.522777264868381e-10, 'Unknown': 2.115413920422693e-11}","Sorry, I was thinking about shit."
MATT,01:11:34,01:11:36,Neutral,"{'Angry': 0.006286421325057745, 'Disgusted': 0.006058895960450172, 'Fearful': 0.000362230435712263, 'Happy': 0.032198548316955566, 'Neutral': 0.93048095703125, 'Other': 0.00021918152924627066, 'Sad': 0.020868688821792603, 'Surprised': 0.0034664710983633995, 'Unknown': 5.8513684052741155e-05}",That's okay. Ten to five?
LAURA,01:11:36,01:11:37,Neutral,"{'Angry': 0.0003341393603477627, 'Disgusted': 0.0002689044049475342, 'Fearful': 0.00017813102749641985, 'Happy': 0.0006833814550191164, 'Neutral': 0.9946116209030151, 'Other': 5.214229986449936e-06, 'Sad': 0.0006087942165322602, 'Surprised': 0.003308175364509225, 'Unknown': 1.6183306570383138e-06}",Nine.
TALIESIN,01:11:37,01:11:39,Neutral,"{'Angry': 7.960719085531309e-05, 'Disgusted': 5.757261169492267e-05, 'Fearful': 4.07746629207395e-05, 'Happy': 0.00035168047179467976, 'Neutral': 0.9991648197174072, 'Other': 2.0637322450056672e-05, 'Sad': 0.00018841844575945288, 'Surprised': 3.1273215427063406e-05, 'Unknown': 6.525150092784315e-05}",Thinking about shit.
MARISHA,01:11:39,01:11:42,Neutral,"{'Angry': 0.0010888000251725316, 'Disgusted': 0.0011504309950396419, 'Fearful': 0.0005805925466120243, 'Happy': 0.01652047596871853, 'Neutral': 0.9608082175254822, 'Other': 0.0012324255658313632, 'Sad': 0.0023248831275850534, 'Surprised': 8.592601807322353e-05, 'Unknown': 0.016208281740546227}",Thinking about life and death. (laughs)
TALIESIN,01:11:42,01:11:44,Neutral,"{'Angry': 1.656402966176973e-11, 'Disgusted': 1.438964290605138e-12, 'Fearful': 3.6422709466521486e-13, 'Happy': 4.181993987217858e-11, 'Neutral': 1.0, 'Other': 1.1964473194733122e-13, 'Sad': 5.386424986597582e-11, 'Surprised': 5.230516974402688e-12, 'Unknown': 7.215060797080564e-13}",Word.
MATT,01:11:44,01:11:46,Neutral,"{'Angry': 2.392592705291463e-06, 'Disgusted': 2.955683385152952e-06, 'Fearful': 1.657573989177763e-06, 'Happy': 4.790710590896197e-05, 'Neutral': 0.9999192953109741, 'Other': 5.873127406630374e-07, 'Sad': 2.3300190150621347e-05, 'Surprised': 1.5450582395715173e-06, 'Unknown': 3.851977510294091e-07}",All right.
ASHLEY,01:11:46,01:11:48,Neutral,"{'Angry': 0.039302777498960495, 'Disgusted': 0.06402502954006195, 'Fearful': 0.0006428644992411137, 'Happy': 0.012804807163774967, 'Neutral': 0.8762285113334656, 'Other': 0.0006059772567823529, 'Sad': 0.004077867139130831, 'Surprised': 0.0012029806384816766, 'Unknown': 0.0011091401102021337}","Oh, so did I. Best friends."
SAM,01:11:48,01:11:51,Neutral,"{'Angry': 0.0007798532606102526, 'Disgusted': 0.002287159441038966, 'Fearful': 0.0013789975782856345, 'Happy': 0.17531070113182068, 'Neutral': 0.7836267948150635, 'Other': 0.000963466998655349, 'Sad': 0.0039178854785859585, 'Surprised': 0.00014252967957872897, 'Unknown': 0.031592655926942825}",Besties. Twinsies.
ASHLEY,01:11:51,01:11:55,Neutral,"{'Angry': 7.960648508742452e-05, 'Disgusted': 2.403305916232057e-05, 'Fearful': 1.0945714166155085e-06, 'Happy': 5.914830035180785e-05, 'Neutral': 0.9992902278900146, 'Other': 5.730862994823838e-06, 'Sad': 0.0005332828732207417, 'Surprised': 1.9117283045488875e-06, 'Unknown': 5.007383606425719e-06}",Gnomesies. (laughter)
SAM,01:11:55,01:12:08,Happy,"{'Angry': 1.4137879755793392e-09, 'Disgusted': 3.299530204614598e-09, 'Fearful': 1.7304095933923236e-09, 'Happy': 1.0, 'Neutral': 1.0650445858573221e-08, 'Other': 1.6005442526889624e-09, 'Sad': 1.765650736729185e-08, 'Surprised': 2.713265612186433e-09, 'Unknown': 8.830282616223428e-10}","We're still-- Mr. Dungeon Master, sir, this is all the same day. I don't get any of my spells back?"
MATT,01:12:08,01:12:15,Neutral,"{'Angry': 6.89072932047452e-09, 'Disgusted': 6.488284576278147e-09, 'Fearful': 1.5232818340038534e-09, 'Happy': 4.158265909381953e-08, 'Neutral': 1.0, 'Other': 4.814056708823955e-09, 'Sad': 4.3671448679560854e-08, 'Surprised': 2.941269894307652e-09, 'Unknown': 5.212389186937116e-09}","No, you guys have not rested. All right, so first, the top actually-- Kima is at the top of the initiative order."
MARISHA,01:12:15,01:12:20,Neutral,"{'Angry': 3.5317601287943035e-08, 'Disgusted': 1.6451298989750285e-08, 'Fearful': 2.4060622383359487e-09, 'Happy': 1.2842799890222523e-07, 'Neutral': 0.9999996423721313, 'Other': 8.392491146480552e-09, 'Sad': 5.823254056736005e-08, 'Surprised': 2.656809661161219e-09, 'Unknown': 3.489848054982758e-08}","Kima, get it girl, get it, get it girl."
MATT,01:12:20,01:12:47,Neutral,"{'Angry': 0.0005159439169801772, 'Disgusted': 0.0005033561610616744, 'Fearful': 3.0287290428532287e-05, 'Happy': 0.20204603672027588, 'Neutral': 0.7945104241371155, 'Other': 0.0006703390972688794, 'Sad': 0.0012193173170089722, 'Surprised': 0.0002229968667961657, 'Unknown': 0.00028128590201959014}","Kima angrily leaps on top of the table and goes running down with an angry yell, and leaps down toward the one that's currently grabbing onto you with its grapple. As she's running a little bit of light bursts, as you can see this divine energy begin to burst and glow off the edge of the greatsword that she's holding. She leaps down, and with a giant arc through the air that lights up that portion of the room with a brief sweep, the blade comes down towards-- oh, that'll hit. Second attack also hits."
ASHLEY,01:12:47,01:12:48,Neutral,"{'Angry': 0.0927136167883873, 'Disgusted': 0.022514084354043007, 'Fearful': 0.0024156623985618353, 'Happy': 0.01400009635835886, 'Neutral': 0.8251868486404419, 'Other': 0.001146907452493906, 'Sad': 0.002552679507061839, 'Surprised': 0.0023020273074507713, 'Unknown': 0.03716802969574928}","Yes, go Kima."
MATT,01:12:48,01:13:04,Neutral,"{'Angry': 0.0003938499721698463, 'Disgusted': 0.0001010246342048049, 'Fearful': 1.1678634109557606e-05, 'Happy': 0.00020372263679746538, 'Neutral': 0.9977189898490906, 'Other': 0.00011483061098260805, 'Sad': 0.0011385151883587241, 'Surprised': 2.20503670789185e-06, 'Unknown': 0.00031517029856331646}","So that comes to-- okay, using her Divine Smite ability on top of that, she manages to deal 37 points of damage to it."
TALIESIN,01:13:04,01:13:05,Neutral,"{'Angry': 0.000874447519890964, 'Disgusted': 0.0029777507297694683, 'Fearful': 2.154052708647214e-05, 'Happy': 0.01208470854908228, 'Neutral': 0.9809271097183228, 'Other': 0.0001395439321640879, 'Sad': 0.00022857119620312005, 'Surprised': 0.002720590913668275, 'Unknown': 2.5755763999768533e-05}",Damn.
MATT,01:13:05,01:13:31,Happy,"{'Angry': 0.00030527260969392955, 'Disgusted': 0.00023735506692901254, 'Fearful': 3.9242942875716835e-05, 'Happy': 0.6299782991409302, 'Neutral': 0.3631049692630768, 'Other': 0.0005802965024486184, 'Sad': 0.005280518904328346, 'Surprised': 6.725657294737175e-05, 'Unknown': 0.00040671409806236625}","As she finishes both of her strikes simultaneously. The mindflayer, however, does not release its grasp on you. You are still considered grappled. That ends her turn. Grog now is gonna angrily attempt to bash into this door, is gonna make an-- actually no, no athletics check, he's going to go into a rage and hitting away at the door. (growling)"
"LIAM, LAURA",01:13:31,01:13:39,Happy,"{'Angry': 6.701643684436931e-08, 'Disgusted': 5.386349855029948e-08, 'Fearful': 1.2063239296367101e-08, 'Happy': 0.9999978542327881, 'Neutral': 1.595684580024681e-06, 'Other': 2.9770824028219067e-08, 'Sad': 3.0518017979375145e-07, 'Surprised': 2.005929289339292e-08, 'Unknown': 3.4376444801864636e-08}",(Grog voice) I would like to rage. (laughter)
MATT,01:13:39,01:14:07,Happy,"{'Angry': 0.0660085380077362, 'Disgusted': 0.04612210765480995, 'Fearful': 0.03905041515827179, 'Happy': 0.5710701942443848, 'Neutral': 0.061158187687397, 'Other': 0.02241717092692852, 'Sad': 0.09008635580539703, 'Surprised': 0.002504167379811406, 'Unknown': 0.10158289968967438}","All right, that puts a total of 32 points of damage, that's enough. So Grog just takes two big swings. The first one comes through, cracks the door in half, splitting it down the center. Rears back a second time, cleaves through the door entirely. What little bit is left on the hinges, he kicks out with his foot, leaving now this side completely open to the interior. He then moves in around Clarota. That's as far as he can get in this current turn. That brings us to Vax."
LIAM,01:14:07,01:14:10,Neutral,"{'Angry': 5.051990115134686e-07, 'Disgusted': 3.3860933967844176e-07, 'Fearful': 6.023083898298864e-08, 'Happy': 2.4528312678739894e-06, 'Neutral': 0.9999948740005493, 'Other': 2.078930094739917e-07, 'Sad': 5.378872174333083e-07, 'Surprised': 8.569905673994072e-08, 'Unknown': 8.974252523330506e-07}","What can I do while grappled, nothing until I'm ungrappled?"
MATT,01:14:10,01:14:14,Neutral,"{'Angry': 0.00011205884220544249, 'Disgusted': 0.00014748946705367416, 'Fearful': 6.761658005416393e-05, 'Happy': 0.00034454427077434957, 'Neutral': 0.9971893429756165, 'Other': 9.387579484609887e-05, 'Sad': 0.0005656249122694135, 'Surprised': 2.082334276565234e-06, 'Unknown': 0.0014774104347452521}","Well, no, you can try and make an acrobatics or athletics roll against them to try and break free."
LIAM,01:14:14,01:14:17,Neutral,"{'Angry': 0.0003011619846802205, 'Disgusted': 0.00038047644193284214, 'Fearful': 0.0002679016615729779, 'Happy': 0.011636503040790558, 'Neutral': 0.9841727018356323, 'Other': 8.689559763297439e-05, 'Sad': 0.000793470477219671, 'Surprised': 8.375608740607277e-05, 'Unknown': 0.00227709230966866}","Okay, but then do I have an action once that's done or that's the action?"
MATT,01:14:17,01:14:19,Neutral,"{'Angry': 0.0005589749780483544, 'Disgusted': 5.0897211622213945e-05, 'Fearful': 3.5815712180919945e-05, 'Happy': 0.00046252040192484856, 'Neutral': 0.998189389705658, 'Other': 6.145033694338053e-05, 'Sad': 6.442834273912013e-05, 'Surprised': 7.294625561371504e-07, 'Unknown': 0.0005758398910984397}",I'll let you use that as your move.
LIAM,01:14:19,01:14:23,Neutral,"{'Angry': 0.0028997990302741528, 'Disgusted': 0.001409474411047995, 'Fearful': 0.000288245762931183, 'Happy': 0.00658179959282279, 'Neutral': 0.978103756904602, 'Other': 0.0006581837660633028, 'Sad': 0.0007359767332673073, 'Surprised': 8.733499271329492e-05, 'Unknown': 0.009235495701432228}","All right, so I'm gonna try to use, I guess athletics is what I would do."
MATT,01:14:23,01:14:25,Happy,"{'Angry': 0.002128220396116376, 'Disgusted': 0.006715900730341673, 'Fearful': 0.00321701867505908, 'Happy': 0.8958489894866943, 'Neutral': 0.05662400647997856, 'Other': 0.0022179558873176575, 'Sad': 0.005794842727482319, 'Surprised': 0.0020549625623971224, 'Unknown': 0.02539818547666073}","Or acrobatics, up to you, whichever's higher."
LIAM,01:14:25,01:14:27,Neutral,"{'Angry': 0.0007913521840237081, 'Disgusted': 0.0009210440912283957, 'Fearful': 0.0013299892889335752, 'Happy': 0.0062718503177165985, 'Neutral': 0.9729849100112915, 'Other': 0.00030247156973928213, 'Sad': 0.00474874721840024, 'Surprised': 8.649574738228694e-05, 'Unknown': 0.012563089840114117}","Well, that would be acrobatics."
MATT,01:14:27,01:14:28,Neutral,"{'Angry': 0.0009570216061547399, 'Disgusted': 0.0001594451896380633, 'Fearful': 1.4874211956339423e-05, 'Happy': 0.00045740907080471516, 'Neutral': 0.9958376884460449, 'Other': 5.249594323686324e-06, 'Sad': 0.0025579300709068775, 'Surprised': 6.553225830430165e-06, 'Unknown': 3.876367827615468e-06}","Acrobatics, then."
LIAM,01:14:28,01:14:29,Neutral,"{'Angry': 0.0836801752448082, 'Disgusted': 0.19779598712921143, 'Fearful': 0.005432700272649527, 'Happy': 0.061656154692173004, 'Neutral': 0.5969890356063843, 'Other': 0.00033675413578748703, 'Sad': 0.03972648084163666, 'Surprised': 0.013265672139823437, 'Unknown': 0.0011169684585183859}",27.
MATT,01:14:29,01:14:30,Happy,"{'Angry': 0.00013595286873169243, 'Disgusted': 2.013111225096509e-05, 'Fearful': 5.262969807517948e-06, 'Happy': 0.9993342757225037, 'Neutral': 0.0004407835367601365, 'Other': 7.100105676727253e-07, 'Sad': 5.687077282345854e-05, 'Surprised': 5.543636689253617e-06, 'Unknown': 4.402472484343889e-07}",27?
LIAM,01:14:30,01:14:31,Neutral,"{'Angry': 0.006754829548299313, 'Disgusted': 0.0019861918408423662, 'Fearful': 0.00010910654964391142, 'Happy': 0.0036399737000465393, 'Neutral': 0.9864574074745178, 'Other': 4.4358250306686386e-05, 'Sad': 0.0008181087905541062, 'Surprised': 0.00015698432980570942, 'Unknown': 3.2969026506179944e-05}",Yeah.
MATT,01:14:31,01:14:34,Neutral,"{'Angry': 0.00017062992264982313, 'Disgusted': 0.00014081783592700958, 'Fearful': 3.6404537240741774e-05, 'Happy': 0.0009655805770307779, 'Neutral': 0.9983919262886047, 'Other': 2.6713521947385743e-05, 'Sad': 0.00010966737318085507, 'Surprised': 0.00010794170520966873, 'Unknown': 5.0395799917168915e-05}",That'll do it.
LIAM,01:14:34,01:14:35,Happy,"{'Angry': 0.0015466228360310197, 'Disgusted': 0.0003455212281551212, 'Fearful': 3.88824482797645e-05, 'Happy': 0.8441803455352783, 'Neutral': 0.15088635683059692, 'Other': 2.5002420443343e-05, 'Sad': 0.0027438162360340357, 'Surprised': 0.00021384161664173007, 'Unknown': 1.958287612069398e-05}",Okay.
MATT,01:14:35,01:14:46,Happy,"{'Angry': 1.3649406582771917e-07, 'Disgusted': 2.1036755981640454e-07, 'Fearful': 2.7197437191261997e-08, 'Happy': 0.9999963045120239, 'Neutral': 2.730105279624695e-06, 'Other': 3.780631985250693e-08, 'Sad': 5.09015990246553e-07, 'Surprised': 5.149878390398044e-08, 'Unknown': 4.864158498207871e-08}","You manage to, just in that moment of it being struck with the two blade strikes from Lady Kima, you manage to pull your head free from its grasp. And just manage to right yourself now, the throbbing pain in your head of what you just narrowly avoided still there."
LIAM,01:14:46,01:14:52,Neutral,"{'Angry': 2.8638792670676594e-08, 'Disgusted': 2.8006018837345437e-08, 'Fearful': 1.9228778569413407e-09, 'Happy': 8.610680168885665e-08, 'Neutral': 0.9999998807907104, 'Other': 6.6751186800217965e-09, 'Sad': 4.8404093178078256e-08, 'Surprised': 2.0628012631362935e-09, 'Unknown': 2.3973191431991836e-08}","Okay. Poison dagger in hand, I roll an 18. Does that hit?"
MATT,01:14:52,01:14:57,Neutral,"{'Angry': 0.011070668697357178, 'Disgusted': 0.006357736885547638, 'Fearful': 0.0016388582298532128, 'Happy': 0.07183770835399628, 'Neutral': 0.8552840352058411, 'Other': 0.00393228605389595, 'Sad': 0.004705971572548151, 'Surprised': 0.0002931590424850583, 'Unknown': 0.04487956687808037}","Okay. 18. Currently that does hit, yes."
LIAM,01:14:57,01:15:01,Neutral,"{'Angry': 1.0451487469254062e-05, 'Disgusted': 1.7443484239265672e-06, 'Fearful': 5.613756002276205e-07, 'Happy': 1.4819631815043977e-06, 'Neutral': 0.9999752044677734, 'Other': 4.9661680350254755e-06, 'Sad': 1.4683536164739053e-06, 'Surprised': 1.2543195282432862e-07, 'Unknown': 3.970998477598187e-06}",I wanna grab him by the calamari and stab him in the eye. (laughter)
MATT,01:15:01,01:15:02,Happy,"{'Angry': 0.005121117923408747, 'Disgusted': 0.3300975561141968, 'Fearful': 0.0019744648598134518, 'Happy': 0.5802592039108276, 'Neutral': 0.0577719621360302, 'Other': 6.0305825172690675e-05, 'Sad': 0.014650573953986168, 'Surprised': 0.010043703019618988, 'Unknown': 2.1104246116010472e-05}","Okay, go for it."
LIAM,01:15:02,01:15:09,Neutral,"{'Angry': 0.0024199383333325386, 'Disgusted': 0.0014903789851814508, 'Fearful': 6.95357084623538e-05, 'Happy': 0.18038494884967804, 'Neutral': 0.8117579817771912, 'Other': 0.0008929669274948537, 'Sad': 0.0005378688802011311, 'Surprised': 0.0001051198341883719, 'Unknown': 0.002341171493753791}","That's what I did, so-- and then if I'm five feet-- if Kima's there, I can sneak attack according to the rules?"
MATT,01:15:09,01:15:10,Neutral,"{'Angry': 0.21351848542690277, 'Disgusted': 0.20509934425354004, 'Fearful': 0.015601673163473606, 'Happy': 0.1454225480556488, 'Neutral': 0.25428053736686707, 'Other': 0.00890812836587429, 'Sad': 0.028971266001462936, 'Surprised': 0.0010239470284432173, 'Unknown': 0.12717412412166595}",Correct.
LIAM,01:15:10,01:15:27,Neutral,"{'Angry': 4.580931545206113e-07, 'Disgusted': 6.108814432081999e-07, 'Fearful': 1.2196743170989066e-07, 'Happy': 8.43530688143801e-06, 'Neutral': 0.9999732971191406, 'Other': 6.391514375536644e-07, 'Sad': 1.5011222785688005e-05, 'Surprised': 3.501283885043449e-08, 'Unknown': 1.2879778523711138e-06}","All right, so I'm gonna stab him in the eye. One. Plus the sneak attack damage is two, four, ten, 13, 19, 38, plus seven-- 45."
MATT,01:15:27,01:15:32,Neutral,"{'Angry': 8.867871656548232e-06, 'Disgusted': 3.9630896935705096e-05, 'Fearful': 5.488969236466801e-06, 'Happy': 3.1207644497044384e-05, 'Neutral': 0.9997500777244568, 'Other': 7.595258648507297e-05, 'Sad': 1.8111395547748543e-05, 'Surprised': 3.147041206830181e-05, 'Unknown': 3.9162496250355616e-05}","45. All right. So, as you--"
LIAM,01:15:32,01:15:33,Neutral,"{'Angry': 3.312025000923313e-06, 'Disgusted': 5.893229172215797e-06, 'Fearful': 2.123969579770346e-06, 'Happy': 1.6569305444136262e-05, 'Neutral': 0.9999290704727173, 'Other': 7.32542730474961e-06, 'Sad': 1.8830567569239065e-05, 'Surprised': 3.0591681365876866e-07, 'Unknown': 1.6648516975692473e-05}",With the poison dagger.
MATT,01:15:33,01:15:37,Neutral,"{'Angry': 3.339106768862621e-12, 'Disgusted': 1.7059555265826198e-13, 'Fearful': 3.863385712689002e-14, 'Happy': 4.525771684499302e-12, 'Neutral': 1.0, 'Other': 1.495905077597299e-14, 'Sad': 9.393165065207931e-12, 'Surprised': 1.0106320077682418e-12, 'Unknown': 9.41834297726353e-14}","Right, the poison dagger. I think you've already used the daily poison ability on this."
LIAM,01:15:37,01:15:38,Disgusted,"{'Angry': 0.005339196417480707, 'Disgusted': 0.9737523794174194, 'Fearful': 6.197082984726876e-05, 'Happy': 0.00403595669195056, 'Neutral': 0.01603250578045845, 'Other': 6.710638990625739e-05, 'Sad': 0.0004256035608705133, 'Surprised': 0.0002015200152527541, 'Unknown': 8.375405741389841e-05}","I don't remember, so it's just a stab."
MATT,01:15:38,01:15:58,Neutral,"{'Angry': 4.3804671889802194e-08, 'Disgusted': 9.237167475362185e-09, 'Fearful': 2.4481379146124027e-09, 'Happy': 1.200162671466387e-07, 'Neutral': 0.9999998807907104, 'Other': 4.480503468240471e-10, 'Sad': 3.291900441126927e-08, 'Surprised': 1.9325083755461492e-08, 'Unknown': 4.855608803921996e-09}","Okay. So the 45 points of damage. You pull back and you jam it into the side of its eye. You can see as it rears back, a spray of dark-colored liquid kind of warms the side of your face. As you pull the blade back out it rears back and (growls). You can hear its voice piercing into your head going, ""I will eat you one way or another!"""
ASHLEY,01:15:58,01:15:59,Neutral,"{'Angry': 0.0003551106492523104, 'Disgusted': 0.0001720784930512309, 'Fearful': 1.2000653441646136e-05, 'Happy': 0.03716043010354042, 'Neutral': 0.9612594246864319, 'Other': 4.088030891580274e-06, 'Sad': 0.0009313864284195006, 'Surprised': 0.00010428830137243494, 'Unknown': 1.112493805521808e-06}","No, you won't!"
LAURA,01:15:59,01:16:03,Neutral,"{'Angry': 1.0064720754598966e-06, 'Disgusted': 9.122841220232658e-07, 'Fearful': 2.9678884061468125e-07, 'Happy': 3.3383574191248044e-05, 'Neutral': 0.9999579191207886, 'Other': 4.5598261522172834e-07, 'Sad': 2.933078121714061e-06, 'Surprised': 1.1016568635113799e-07, 'Unknown': 2.999251137225656e-06}",Did it distract him enough that we lost our thingy?
MATT,01:16:03,01:16:05,Neutral,"{'Angry': 6.988218956394121e-05, 'Disgusted': 7.607192674186081e-05, 'Fearful': 6.879457214381546e-05, 'Happy': 0.002619295846670866, 'Neutral': 0.9969948530197144, 'Other': 4.9419081733503845e-06, 'Sad': 0.00010032371937995777, 'Surprised': 5.960906491964124e-05, 'Unknown': 6.196502454258734e-06}",That's your main attack?
LIAM,01:16:05,01:16:10,Neutral,"{'Angry': 1.4130053216376837e-07, 'Disgusted': 2.8926481832058926e-07, 'Fearful': 9.343315099386018e-08, 'Happy': 4.928027124151413e-07, 'Neutral': 0.9999945163726807, 'Other': 1.6559927473736025e-07, 'Sad': 3.316679794806987e-06, 'Surprised': 6.917264983030691e-09, 'Unknown': 9.299103567173006e-07}","I mean, I would imagine between ungrappling and stabbing, is that it for me? Or do I get my second attack, I don't know?"
MATT,01:16:10,01:16:12,Neutral,"{'Angry': 6.7277310336066876e-06, 'Disgusted': 1.7286089359913603e-06, 'Fearful': 7.917484481367865e-07, 'Happy': 2.5400027880095877e-05, 'Neutral': 0.9999538660049438, 'Other': 1.0035997632940052e-07, 'Sad': 1.0378668775956612e-05, 'Surprised': 7.965349482219608e-07, 'Unknown': 1.3868775283754076e-07}","You can get your second attack, I'm sorry."
LIAM,01:16:12,01:16:19,Neutral,"{'Angry': 0.00030110281659290195, 'Disgusted': 8.846582204569131e-05, 'Fearful': 0.00023887208953965455, 'Happy': 0.001319179660640657, 'Neutral': 0.9915030002593994, 'Other': 1.5452813386218622e-05, 'Sad': 0.006436833646148443, 'Surprised': 7.894500595284626e-05, 'Unknown': 1.80961378646316e-05}","Okay, well I think, go fuck yourself, and stab again. Nine plus-- 19."
MATT,01:16:19,01:16:21,Happy,"{'Angry': 0.0011744204675778747, 'Disgusted': 0.01680898480117321, 'Fearful': 0.012741485610604286, 'Happy': 0.6433449387550354, 'Neutral': 0.31118518114089966, 'Other': 0.00043320588883943856, 'Sad': 0.011596718803048134, 'Surprised': 0.0021527272183448076, 'Unknown': 0.0005623465985991061}","19? Yeah, that hits."
LIAM,01:16:21,01:16:26,Neutral,"{'Angry': 3.707572096556255e-11, 'Disgusted': 6.465556388890459e-12, 'Fearful': 2.820484514345911e-12, 'Happy': 2.0424929803031233e-10, 'Neutral': 1.0, 'Other': 6.033263081836604e-13, 'Sad': 3.8969932836252497e-10, 'Surprised': 3.218062621934692e-11, 'Unknown': 8.703057263574621e-13}","Other eye, other eye. No sneak attack. Two plus-- eight."
MATT,01:16:26,01:16:49,Happy,"{'Angry': 0.00019915214215870947, 'Disgusted': 0.0006214939639903605, 'Fearful': 5.909223182243295e-05, 'Happy': 0.937697172164917, 'Neutral': 0.05821571871638298, 'Other': 0.0004400203179102391, 'Sad': 0.0021076949778944254, 'Surprised': 0.00011118831025669351, 'Unknown': 0.0005484749563038349}","Eight. Okay. As it rears back and you hear it saying that, you pull back and you grab with your off hand the cluster of tentacles in the front of its face and pull it down. As you do, the inertia-- you jam the blade into the other eye. As you do, you hear this blast burst of angry scream inside your head, before it goes dead cold, silent, and the mind flayer falls to the ground."
LIAM,01:16:49,01:16:51,Neutral,"{'Angry': 1.3751946426054928e-05, 'Disgusted': 1.6699264961062e-05, 'Fearful': 7.488585197279463e-06, 'Happy': 0.00031859983573667705, 'Neutral': 0.9995166063308716, 'Other': 5.9498665905266535e-06, 'Sad': 3.423928137635812e-05, 'Surprised': 1.9875271846103715e-06, 'Unknown': 8.468567830277607e-05}",I fucking hate these things!
MATT,01:16:51,01:17:03,Neutral,"{'Angry': 0.008862674236297607, 'Disgusted': 0.007591564208269119, 'Fearful': 0.0010393158299848437, 'Happy': 0.04272448644042015, 'Neutral': 0.9068140983581543, 'Other': 0.00531547237187624, 'Sad': 0.007565732579678297, 'Surprised': 0.00038586388109251857, 'Unknown': 0.0197007954120636}","All right. That brings us to Clarota, who's currently stunned and fails save, Clarota's still stunned. Tiberius."
ORION,01:17:03,01:17:06,Neutral,"{'Angry': 0.002543669892475009, 'Disgusted': 0.005770236253738403, 'Fearful': 0.0003804043517448008, 'Happy': 0.028168361634016037, 'Neutral': 0.9492554068565369, 'Other': 0.006384481210261583, 'Sad': 0.0010132237803190947, 'Surprised': 0.0010767721105366945, 'Unknown': 0.005407384131103754}",I look through the door.
MATT,01:17:06,01:17:08,Neutral,"{'Angry': 0.0008765012607909739, 'Disgusted': 0.001653231680393219, 'Fearful': 0.0005974324303679168, 'Happy': 0.1627696305513382, 'Neutral': 0.8240287899971008, 'Other': 0.0003804968437179923, 'Sad': 0.0009520167368464172, 'Surprised': 0.0028089049737900496, 'Unknown': 0.005932992324233055}",Look through the door.
ORION,01:17:08,01:17:12,Neutral,"{'Angry': 3.504853884805925e-05, 'Disgusted': 5.9051897551398724e-05, 'Fearful': 3.2674361136741936e-06, 'Happy': 0.00024022243451327085, 'Neutral': 0.999459445476532, 'Other': 4.666349559556693e-05, 'Sad': 1.3487592696037609e-05, 'Surprised': 1.4305251170299016e-06, 'Unknown': 0.00014124723384156823}",What's going on in here? Are there any enemies I can see?
MATT,01:17:12,01:17:18,Neutral,"{'Angry': 0.045185256749391556, 'Disgusted': 0.01822863146662712, 'Fearful': 0.001735552679747343, 'Happy': 0.004665231332182884, 'Neutral': 0.7688351273536682, 'Other': 0.01340402290225029, 'Sad': 0.009371300227940083, 'Surprised': 6.555481377290562e-05, 'Unknown': 0.13850931823253632}","You can see over here, barely. It's very dark in the far corner, you can see just the shape of some humanoid there."
ORION,01:17:18,01:17:25,Neutral,"{'Angry': 0.0003902610333170742, 'Disgusted': 0.00031419601873494685, 'Fearful': 5.479453466250561e-05, 'Happy': 0.039135463535785675, 'Neutral': 0.9545835256576538, 'Other': 0.0007173509802669287, 'Sad': 0.0005826951819472015, 'Surprised': 1.4359042324940674e-05, 'Unknown': 0.004207457881420851}","Oh. Okay, is he-- (laughs)"
MATT,01:17:25,01:17:27,Neutral,"{'Angry': 0.0011196183040738106, 'Disgusted': 0.001992619363591075, 'Fearful': 0.004206052981317043, 'Happy': 0.047533322125673294, 'Neutral': 0.9162257313728333, 'Other': 0.0004999738885089755, 'Sad': 0.0026778792962431908, 'Surprised': 0.0006633616867475212, 'Unknown': 0.025081442669034004}","What are you doing, Tiberius?"
ORION,01:17:27,01:17:29,Neutral,"{'Angry': 0.0034321709536015987, 'Disgusted': 0.00011312847345834598, 'Fearful': 0.0001023764125420712, 'Happy': 0.0067817335948348045, 'Neutral': 0.9891937375068665, 'Other': 8.3155700849602e-06, 'Sad': 8.710143447387964e-05, 'Surprised': 0.00025426369393244386, 'Unknown': 2.7116080673295073e-05}",(laughs) How tall is the thing?
MATT,01:17:29,01:17:34,Neutral,"{'Angry': 0.027628164738416672, 'Disgusted': 0.012082749977707863, 'Fearful': 0.010702854953706264, 'Happy': 0.027390113100409508, 'Neutral': 0.6681248545646667, 'Other': 0.014886906370520592, 'Sad': 0.03477586433291435, 'Surprised': 0.0016977217746898532, 'Unknown': 0.20271079242229462}","From what you can see, it's maybe roughly six, seven feet. Grog's blocking most of it."
ORION,01:17:34,01:17:36,Neutral,"{'Angry': 0.00030757044441998005, 'Disgusted': 0.0005219062441028655, 'Fearful': 0.00019012836855836213, 'Happy': 0.00031454043346457183, 'Neutral': 0.9922652244567871, 'Other': 0.0003347333404235542, 'Sad': 0.0005504874279722571, 'Surprised': 1.3118944480083883e-05, 'Unknown': 0.005502336658537388}","No, like, we're in a bunker, right?"
MATT,01:17:36,01:17:39,Neutral,"{'Angry': 1.2482134215119345e-09, 'Disgusted': 2.693094636185833e-10, 'Fearful': 4.54147726369758e-11, 'Happy': 2.6445552414600115e-09, 'Neutral': 1.0, 'Other': 5.1381742610656644e-11, 'Sad': 1.4674259585234495e-09, 'Surprised': 1.2191397891214706e-10, 'Unknown': 3.1056268667839504e-10}","Right now, you're in this giant great hall with giant tables and stools everywhere."
ORION,01:17:39,01:17:41,Neutral,"{'Angry': 0.0016887910896912217, 'Disgusted': 0.006890881806612015, 'Fearful': 0.00047496642218902707, 'Happy': 0.006346537731587887, 'Neutral': 0.9780673384666443, 'Other': 6.515798304462805e-05, 'Sad': 0.005512542556971312, 'Surprised': 0.000751599611248821, 'Unknown': 0.0002021724358201027}",And the ceiling is--
MATT,01:17:41,01:17:42,Surprised,"{'Angry': 0.011638264171779156, 'Disgusted': 0.022094182670116425, 'Fearful': 0.001309189829044044, 'Happy': 0.09517616033554077, 'Neutral': 0.39910879731178284, 'Other': 0.0004760842421092093, 'Sad': 0.035855334252119064, 'Surprised': 0.43424326181411743, 'Unknown': 9.876088006421924e-05}","You can't see the ceiling right now, there's no light."
ORION,01:17:42,01:17:44,Neutral,"{'Angry': 0.00013021907943766564, 'Disgusted': 0.00043271927279420197, 'Fearful': 5.0507529522292316e-05, 'Happy': 0.0003469686780590564, 'Neutral': 0.9982549548149109, 'Other': 8.667349175084382e-05, 'Sad': 0.00010233555076410994, 'Surprised': 0.00015615831944160163, 'Unknown': 0.00043940686737187207}",Oh.
MATT,01:17:44,01:17:47,Neutral,"{'Angry': 5.788908197246201e-07, 'Disgusted': 2.3199904717330355e-06, 'Fearful': 2.4546775989620073e-07, 'Happy': 1.7727688828017563e-05, 'Neutral': 0.9999219179153442, 'Other': 1.2555987041196204e-06, 'Sad': 4.251025166013278e-05, 'Surprised': 9.927421551481075e-09, 'Unknown': 1.3317054254002869e-05}","The room is near pitch-black, like there's just very little light in there currently."
ORION,01:17:47,01:17:51,Neutral,"{'Angry': 7.557857315987349e-05, 'Disgusted': 6.130014662630856e-05, 'Fearful': 2.600822517706547e-05, 'Happy': 0.004713250789791346, 'Neutral': 0.9941375255584717, 'Other': 0.00011778368934756145, 'Sad': 0.00018137569713871926, 'Surprised': 1.1073679161199834e-05, 'Unknown': 0.0006760952528566122}",I will waltz in behind Grog.
MATT,01:17:51,01:17:52,Happy,"{'Angry': 8.864344999892637e-05, 'Disgusted': 1.9790008082054555e-05, 'Fearful': 2.044474058493506e-06, 'Happy': 0.9931327700614929, 'Neutral': 0.006704461295157671, 'Other': 7.379895123449387e-06, 'Sad': 1.838716161728371e-05, 'Surprised': 7.286741038114997e-06, 'Unknown': 1.9310531570226885e-05}",All right.
ORION,01:17:52,01:17:57,Neutral,"{'Angry': 5.404810821119099e-09, 'Disgusted': 2.7682263148420816e-09, 'Fearful': 8.598592948771966e-10, 'Happy': 2.451078273679741e-08, 'Neutral': 1.0, 'Other': 1.4362711020510233e-09, 'Sad': 2.2434557322981163e-08, 'Surprised': 9.056565497544966e-10, 'Unknown': 4.827702237975018e-09}",I cast Light.
MATT,01:17:57,01:18:16,Neutral,"{'Angry': 6.486300483266733e-14, 'Disgusted': 2.0554861710143013e-15, 'Fearful': 3.710123422982043e-16, 'Happy': 7.559339439133783e-14, 'Neutral': 1.0, 'Other': 4.869355244539741e-16, 'Sad': 2.4309075802655955e-13, 'Surprised': 3.1338792644925936e-14, 'Unknown': 1.4393355586984468e-15}","Okay. The room all of a sudden bursts into view, you can now see the walls, the ceiling-- it's a smooth stone room. There is a large chandelier currently hanging from the top of the ceiling. It's about 25 feet up to the ceiling in this current room."
MARISHA,01:18:16,01:18:18,Angry,"{'Angry': 0.99856036901474, 'Disgusted': 0.00013267637405078858, 'Fearful': 0.00031001539900898933, 'Happy': 0.00018879679555539042, 'Neutral': 0.00043470598757267, 'Other': 2.711745946726296e-05, 'Sad': 0.00012919741857331246, 'Surprised': 3.255480578445713e-06, 'Unknown': 0.0002137455448973924}",(gasps) There's a big chandelier. That's fun.
ORION,01:18:18,01:18:25,Angry,"{'Angry': 0.4304329454898834, 'Disgusted': 0.008981483057141304, 'Fearful': 0.0010295091196894646, 'Happy': 0.005772697273641825, 'Neutral': 0.3720668852329254, 'Other': 0.113432876765728, 'Sad': 0.0004408789100125432, 'Surprised': 0.00020339687762316316, 'Unknown': 0.06763923913240433}",And now do I see that guy better?
MATT,01:18:25,01:18:33,Neutral,"{'Angry': 4.399861609272193e-06, 'Disgusted': 3.333715881126409e-07, 'Fearful': 1.0472125389071607e-08, 'Happy': 1.910846236796715e-07, 'Neutral': 0.9999934434890747, 'Other': 5.040806172473822e-08, 'Sad': 1.8972637860770192e-07, 'Surprised': 1.2834854032917065e-06, 'Unknown': 3.069639120667489e-08}","You do, yes. You see now there is a mind flayer currently ducking behind one of the tables right now. You can see a number of your friends in the party are currently clutching their heads, silently screaming to themselves, unmoving."
ORION,01:18:33,01:18:38,Neutral,"{'Angry': 7.321765679080272e-06, 'Disgusted': 5.0153976189903915e-06, 'Fearful': 2.4696225864317967e-06, 'Happy': 1.9726037862710655e-05, 'Neutral': 0.9999345541000366, 'Other': 5.486223471962148e-06, 'Sad': 1.543721737107262e-05, 'Surprised': 3.8170314837771e-06, 'Unknown': 6.187675808178028e-06}","Ah, right. There's another one of those guys over there!"
MARISHA,01:18:38,01:18:40,Neutral,"{'Angry': 0.00045964150922372937, 'Disgusted': 0.00013459454930853099, 'Fearful': 1.2517368304543197e-05, 'Happy': 0.018848320469260216, 'Neutral': 0.9800997376441956, 'Other': 8.811840416456107e-06, 'Sad': 0.00037431539385579526, 'Surprised': 5.723176582250744e-05, 'Unknown': 4.822939899895573e-06}","Wait, there's another one?"
ORION,01:18:40,01:18:41,Neutral,"{'Angry': 1.2647313269553706e-05, 'Disgusted': 2.0301229142205557e-06, 'Fearful': 7.880018415562517e-07, 'Happy': 7.61850897106342e-05, 'Neutral': 0.9998940229415894, 'Other': 2.837972772340436e-07, 'Sad': 8.544290722056758e-06, 'Surprised': 5.374339252739446e-06, 'Unknown': 1.1277162315082023e-07}",Yes!
MARISHA,01:18:41,01:18:42,Neutral,"{'Angry': 0.0014484577113762498, 'Disgusted': 5.809206049889326e-05, 'Fearful': 4.567249197862111e-05, 'Happy': 0.002454552100971341, 'Neutral': 0.9784669876098633, 'Other': 1.1293312127236277e-05, 'Sad': 0.017438245937228203, 'Surprised': 7.487356197088957e-05, 'Unknown': 1.89386469173769e-06}",There's two?
MATT,01:18:42,01:18:43,Neutral,"{'Angry': 0.0007871221750974655, 'Disgusted': 0.0007784796762280166, 'Fearful': 0.00010768487845780328, 'Happy': 0.015964100137352943, 'Neutral': 0.9773975014686584, 'Other': 8.459468517685309e-05, 'Sad': 0.00033504271414130926, 'Surprised': 0.004537985194474459, 'Unknown': 7.416691914841067e-06}",There's two.
ORION,01:18:43,01:18:46,Neutral,"{'Angry': 2.6074570769196725e-07, 'Disgusted': 2.963956376333954e-06, 'Fearful': 6.0607905361109715e-09, 'Happy': 1.0391535170128918e-06, 'Neutral': 0.9999954700469971, 'Other': 4.504532569171715e-08, 'Sad': 1.2998818021969782e-07, 'Surprised': 9.749434326522533e-08, 'Unknown': 3.2801699134665796e-09}",I spend three sorcerer points.
MATT,01:18:46,01:18:48,Neutral,"{'Angry': 0.0006356642115861177, 'Disgusted': 0.0006470027728937566, 'Fearful': 0.0001286541373701766, 'Happy': 0.0017299327300861478, 'Neutral': 0.9885209798812866, 'Other': 0.0004657378885895014, 'Sad': 0.0003280339587945491, 'Surprised': 9.004092135000974e-06, 'Unknown': 0.007535026408731937}",How many sorcerer points do you have left? You spent a lot over the past couple games.
ORION,01:18:48,01:18:54,Neutral,"{'Angry': 4.9411468353355303e-05, 'Disgusted': 0.00011046295549022034, 'Fearful': 2.8481190383899957e-05, 'Happy': 0.00012752630573231727, 'Neutral': 0.998401939868927, 'Other': 0.0002308218681719154, 'Sad': 0.00036899131373502314, 'Surprised': 4.452399480214808e-06, 'Unknown': 0.0006778941606171429}","No, I have not, because I didn't do anything last game, because I was all recharged."
MATT,01:18:54,01:18:58,Neutral,"{'Angry': 0.02334064058959484, 'Disgusted': 0.009185932576656342, 'Fearful': 0.0044493661262094975, 'Happy': 0.023542266339063644, 'Neutral': 0.8967307806015015, 'Other': 0.000612916424870491, 'Sad': 0.0314355306327343, 'Surprised': 0.006983206141740084, 'Unknown': 0.0037193861790001392}","That's true, actually. Okay. Just keep track of that. So how many do you have left?"
ORION,01:18:58,01:19:01,Happy,"{'Angry': 0.00042207195656374097, 'Disgusted': 0.001483239815570414, 'Fearful': 0.0013999694492667913, 'Happy': 0.8478221297264099, 'Neutral': 0.10294002294540405, 'Other': 0.0006905815098434687, 'Sad': 0.002137534087523818, 'Surprised': 8.73077951837331e-05, 'Unknown': 0.043017175048589706}",I have eight right now. Now I'll spend it to go down to--
LAURA,01:19:01,01:19:02,Surprised,"{'Angry': 0.00798224937170744, 'Disgusted': 0.005757283419370651, 'Fearful': 0.0013619867386296391, 'Happy': 0.2511734068393707, 'Neutral': 0.09893599152565002, 'Other': 0.0016436618752777576, 'Sad': 0.010552533902227879, 'Surprised': 0.6225012540817261, 'Unknown': 9.16105491342023e-05}",Five.
ORION,01:19:02,01:19:03,Neutral,"{'Angry': 0.010846015997231007, 'Disgusted': 0.019315920770168304, 'Fearful': 0.00015609116235282272, 'Happy': 0.0005179670988582075, 'Neutral': 0.965390682220459, 'Other': 0.00048100147978402674, 'Sad': 0.0026093441992998123, 'Surprised': 5.049953324487433e-05, 'Unknown': 0.0006324623245745897}",Five. 'Cause math.
MATT,01:19:03,01:19:06,Neutral,"{'Angry': 0.21108973026275635, 'Disgusted': 0.010597746819257736, 'Fearful': 0.009729677811264992, 'Happy': 0.22576087713241577, 'Neutral': 0.29947134852409363, 'Other': 0.00022120866924524307, 'Sad': 0.03547140955924988, 'Surprised': 0.2073364406824112, 'Unknown': 0.00032157963141798973}","Okay, got you. Cool, good on you."
MARISHA,01:19:06,01:19:10,Neutral,"{'Angry': 3.2785318904160476e-10, 'Disgusted': 3.458606664952235e-11, 'Fearful': 1.1671846648908524e-11, 'Happy': 4.240551243483992e-10, 'Neutral': 1.0, 'Other': 2.3622193610906006e-12, 'Sad': 5.916149237172874e-10, 'Surprised': 1.0364639702054035e-10, 'Unknown': 7.089548132582779e-12}","Fantasy math. Once again, 826LA, after-school tutoring. Good charity."
ORION,01:19:10,01:19:19,Neutral,"{'Angry': 0.00013816417776979506, 'Disgusted': 5.2212857553968206e-05, 'Fearful': 4.495720531849656e-06, 'Happy': 0.00029426917899399996, 'Neutral': 0.9991220831871033, 'Other': 9.8596399766393e-05, 'Sad': 4.433154026628472e-05, 'Surprised': 1.258900624634407e-06, 'Unknown': 0.00024460392887704074}","I could have used it. I cast my pillars, or Grand Columns, as I like to call it, and (piston sound) all the way up and smash that little bastard."
MATT,01:19:19,01:19:20,Neutral,"{'Angry': 0.0035051119048148394, 'Disgusted': 0.00019868076196871698, 'Fearful': 5.710303867090261e-06, 'Happy': 0.0048324111849069595, 'Neutral': 0.9905635118484497, 'Other': 1.2699443686869927e-05, 'Sad': 0.00038115103961899877, 'Surprised': 0.0004965655389241874, 'Unknown': 4.144319518673001e-06}",All right.
MARISHA,01:19:20,01:19:22,Neutral,"{'Angry': 2.5341998934891308e-06, 'Disgusted': 3.681042528569378e-07, 'Fearful': 8.96137066774827e-08, 'Happy': 4.113865361432545e-05, 'Neutral': 0.9999531507492065, 'Other': 3.52476035914151e-07, 'Sad': 1.6886401681404095e-06, 'Surprised': 8.880260082833047e-08, 'Unknown': 5.108838081469003e-07}",Smashy smashy.
MATT,01:19:22,01:19:23,Neutral,"{'Angry': 0.34013357758522034, 'Disgusted': 0.07232341170310974, 'Fearful': 0.00036579769221134484, 'Happy': 0.011956132017076015, 'Neutral': 0.5607031583786011, 'Other': 0.00010141949314856902, 'Sad': 0.013142918236553669, 'Surprised': 0.0011358207557350397, 'Unknown': 0.00013778787979390472}",So what's the save you get past that for the spell?
ORION,01:19:23,01:19:32,Neutral,"{'Angry': 3.926020895050897e-07, 'Disgusted': 2.49107955596628e-07, 'Fearful': 1.1363633589667188e-08, 'Happy': 3.414760385567206e-06, 'Neutral': 0.999995231628418, 'Other': 1.318615119316746e-07, 'Sad': 3.725187411873776e-07, 'Surprised': 1.5418275722822727e-07, 'Unknown': 1.3847238733433187e-07}","He does a dex save, and he takes 6d6 damage, and the dex save is to see if he's pinned or not."
MATT,01:19:32,01:19:35,Neutral,"{'Angry': 0.005058940500020981, 'Disgusted': 0.00567964743822813, 'Fearful': 0.00039390704478137195, 'Happy': 0.017256660386919975, 'Neutral': 0.9624080061912537, 'Other': 0.0022036598529666662, 'Sad': 0.000912538671400398, 'Surprised': 0.002698847558349371, 'Unknown': 0.0033877419773489237}","Right. It does make its save, I believe, it's 21?"
ORION,01:19:35,01:19:38,Neutral,"{'Angry': 0.0013357694260776043, 'Disgusted': 3.39872894983273e-05, 'Fearful': 6.344168923533289e-06, 'Happy': 1.4700008250656538e-05, 'Neutral': 0.9985783100128174, 'Other': 3.4982472243427765e-06, 'Sad': 1.3028193279751576e-05, 'Surprised': 4.4197892634656455e-07, 'Unknown': 1.3910416782891843e-05}","Oh, my, what?"
MATT,01:19:38,01:19:45,Neutral,"{'Angry': 0.0011926729930564761, 'Disgusted': 9.240689541911706e-05, 'Fearful': 5.406281161413062e-06, 'Happy': 4.6380457206396386e-05, 'Neutral': 0.9985548853874207, 'Other': 1.1981119314441457e-05, 'Sad': 8.634648111183196e-06, 'Surprised': 7.285440233317786e-07, 'Unknown': 8.689140668138862e-05}","Rolled a 21 versus your DC of your spell, which I believe is not higher than 21."
ORION,01:19:45,01:19:46,Neutral,"{'Angry': 0.06583979725837708, 'Disgusted': 5.780384162790142e-05, 'Fearful': 1.6100262882901006e-06, 'Happy': 0.0003162780194543302, 'Neutral': 0.933583676815033, 'Other': 3.354539558131364e-06, 'Sad': 0.00014620195725001395, 'Surprised': 5.0830527470679954e-05, 'Unknown': 4.361245089512522e-07}",No.
MATT,01:19:46,01:19:48,Angry,"{'Angry': 0.9999998807907104, 'Disgusted': 8.836588349936392e-09, 'Fearful': 7.3132055966596e-10, 'Happy': 6.172183475428028e-08, 'Neutral': 2.2760568541002613e-08, 'Other': 3.171782281263802e-10, 'Sad': 2.4369986029171287e-09, 'Surprised': 5.214666032316018e-09, 'Unknown': 2.145303379386121e-11}","So yeah, so he still takes the damage, but is not pinned."
ORION,01:19:48,01:19:54,Surprised,"{'Angry': 0.0029209391213953495, 'Disgusted': 2.2873031412018463e-05, 'Fearful': 4.46230114903301e-05, 'Happy': 0.004335437901318073, 'Neutral': 6.342462438624352e-05, 'Other': 1.301690417676582e-06, 'Sad': 5.390519800130278e-05, 'Surprised': 0.9925563931465149, 'Unknown': 1.1595794831009698e-06}","Which is 15, 18 points of damage."
MATT,01:19:54,01:20:18,Happy,"{'Angry': 1.2728978759923848e-08, 'Disgusted': 3.708991158646313e-08, 'Fearful': 4.8322263523914444e-08, 'Happy': 0.9999996423721313, 'Neutral': 1.3225723627385833e-08, 'Other': 5.432996985632599e-08, 'Sad': 1.362287065376222e-07, 'Surprised': 1.992050435717374e-08, 'Unknown': 1.9393908701204055e-08}","Okay, 18 points of damage, and manages to pull out of the way just in time as it slams into him, he darts off and catches himself on the ground, kind of slowly levitating above the ground as he comes to a stop. The pillar then slams into the roof, this section here. Actually splinters part of the table, which is now kind of lifted off-kilter at an angle. Yup. It--"
ORION,01:20:18,01:20:33,Happy,"{'Angry': 3.454120087553747e-05, 'Disgusted': 2.7481319193611853e-05, 'Fearful': 1.1607588703554939e-06, 'Happy': 0.886883020401001, 'Neutral': 0.11296830326318741, 'Other': 1.7067153748939745e-05, 'Sad': 4.371304021333344e-05, 'Surprised': 1.9681527192005888e-05, 'Unknown': 5.0727339839795604e-06}","Oh, so that-- does that mean he's in the air for a whole round? 'Cause how it works is, he's all the way up to that height, but he gets to come, or fall, back down if he makes the save. That's how-- so he has to travel that distance, so does he cast Levitate as he's coming down?"
MATT,01:20:33,01:20:55,Neutral,"{'Angry': 5.3959237251988146e-12, 'Disgusted': 2.4036409798297576e-13, 'Fearful': 7.047140648808181e-14, 'Happy': 7.955454871255707e-12, 'Neutral': 1.0, 'Other': 1.2406812603920746e-14, 'Sad': 1.164867247799295e-11, 'Surprised': 1.6007005833665322e-12, 'Unknown': 1.7641651214959225e-13}","How I'm playing it is, the impact of the pillar suddenly slamming in from underneath is what does the initial damage, and he manages to roll off before it slams into the ceiling. He kinda-- So. However, that ends your turn. The mind flayer, now looking around and seeing the room lit up, seeing the entire group now in this room, looks around at everyone, puts its hands together and concentrates-- and as it does you see its form (sucking noise) vanish."
MARISHA,01:20:55,01:20:59,Neutral,"{'Angry': 2.1973282855469733e-05, 'Disgusted': 2.2466707378043793e-05, 'Fearful': 6.743284757249057e-06, 'Happy': 0.0026639869902282953, 'Neutral': 0.9969395399093628, 'Other': 5.3680614655604586e-05, 'Sad': 7.166332216002047e-05, 'Surprised': 2.971050207634107e-06, 'Unknown': 0.0002170499792555347}",Damn it!
MATT,01:20:59,01:21:06,Happy,"{'Angry': 0.0003819284902419895, 'Disgusted': 0.005299215205013752, 'Fearful': 0.00514800613746047, 'Happy': 0.9556516408920288, 'Neutral': 0.0007674973458051682, 'Other': 0.002833598293364048, 'Sad': 0.028826959431171417, 'Surprised': 0.000723983277566731, 'Unknown': 0.0003671175509225577}","A few seconds pass, you guys manage to shrug your stun, and Clarota as well."
ASHLEY,01:21:06,01:21:08,Disgusted,"{'Angry': 0.019585419446229935, 'Disgusted': 0.9679819345474243, 'Fearful': 0.00043404160533100367, 'Happy': 0.003969752695411444, 'Neutral': 0.004611436743289232, 'Other': 1.389150111208437e-05, 'Sad': 0.003203770611435175, 'Surprised': 0.00018838871619664133, 'Unknown': 1.1329342669341713e-05}","Whoa, what happened?"
MARISHA,01:21:08,01:21:09,Happy,"{'Angry': 4.270147474016994e-05, 'Disgusted': 2.3502472686232068e-05, 'Fearful': 3.4603522180987056e-06, 'Happy': 0.9987842440605164, 'Neutral': 0.00034317903919145465, 'Other': 3.1061376830621157e-06, 'Sad': 6.399473022611346e-06, 'Surprised': 0.0007917698821984231, 'Unknown': 1.7148784081655322e-06}",That's not good.
LAURA,01:21:09,01:21:10,Happy,"{'Angry': 0.0003056189452763647, 'Disgusted': 0.0005304637015797198, 'Fearful': 0.00017590097559150308, 'Happy': 0.9973698854446411, 'Neutral': 0.0001681201538303867, 'Other': 0.0007766197668388486, 'Sad': 0.0003043612523470074, 'Surprised': 0.0003550057590473443, 'Unknown': 1.3890907212044112e-05}",What happened?
MARISHA,01:21:10,01:21:12,Happy,"{'Angry': 2.7158471311850008e-06, 'Disgusted': 2.4695875708857784e-06, 'Fearful': 7.728575610599364e-07, 'Happy': 0.9919100403785706, 'Neutral': 0.008054428733885288, 'Other': 1.8747351759884623e-07, 'Sad': 2.2849506422062404e-05, 'Surprised': 6.454834419855615e-06, 'Unknown': 1.4121583546966576e-07}",They really know we're here.
LAURA,01:21:12,01:21:14,Neutral,"{'Angry': 0.17658895254135132, 'Disgusted': 0.000754869484808296, 'Fearful': 2.7744865292333998e-05, 'Happy': 0.018853668123483658, 'Neutral': 0.803154468536377, 'Other': 1.7754970031091943e-05, 'Sad': 0.0004127614665776491, 'Surprised': 0.00018308819562662393, 'Unknown': 6.681648756057257e-06}","We need to get out of this room, then."
TALIESIN,01:21:14,01:21:18,Sad,"{'Angry': 0.01207173801958561, 'Disgusted': 0.0034670387394726276, 'Fearful': 0.04234182834625244, 'Happy': 0.017662735655903816, 'Neutral': 0.07738422602415085, 'Other': 9.352950291940942e-05, 'Sad': 0.8453330993652344, 'Surprised': 0.0011532369535416365, 'Unknown': 0.0004926706315018237}",Let's just search the rest of this floor as quickly as possible.
MARISHA,01:21:18,01:21:20,Neutral,"{'Angry': 3.129097692067262e-08, 'Disgusted': 6.368777860643604e-08, 'Fearful': 7.257865064502766e-08, 'Happy': 2.130685061274562e-06, 'Neutral': 0.9999959468841553, 'Other': 8.173538645905865e-08, 'Sad': 1.523330411146162e-06, 'Surprised': 3.89130718758679e-08, 'Unknown': 1.7005821462134918e-07}",As quickly as possible.
LAURA,01:21:20,01:21:27,Neutral,"{'Angry': 0.00013411688269115984, 'Disgusted': 0.00010661205305950716, 'Fearful': 1.6368538126698695e-05, 'Happy': 0.0017363879596814513, 'Neutral': 0.9965381622314453, 'Other': 0.00029106601141393185, 'Sad': 6.896539707668126e-05, 'Surprised': 3.4910521208075806e-05, 'Unknown': 0.001073429360985756}","Grog, can you always put down the dust of tracelessness?"
MATT,01:21:27,01:21:36,Neutral,"{'Angry': 0.0016961639048531651, 'Disgusted': 0.0010608211159706116, 'Fearful': 4.124239785596728e-05, 'Happy': 0.011321193538606167, 'Neutral': 0.9812577962875366, 'Other': 0.001306099002249539, 'Sad': 0.00014031784667167813, 'Surprised': 0.001359999063424766, 'Unknown': 0.0018163269851356745}","""All right, I will."" He's doing his flower-girl moment. Passes behind you guys. All right, so, what is the current mode of action for you guys?"
MARISHA,01:21:36,01:21:39,Neutral,"{'Angry': 1.8870316420560584e-09, 'Disgusted': 6.167211741292533e-10, 'Fearful': 1.360149770590624e-10, 'Happy': 6.091532611662842e-08, 'Neutral': 0.9999998807907104, 'Other': 1.3254755626412873e-10, 'Sad': 9.953242674498597e-09, 'Surprised': 3.8885730746507363e-10, 'Unknown': 4.935910569159319e-10}",I'm going to go ahead and dart down this hall that we know is for sure empty.
MATT,01:21:39,01:21:40,Neutral,"{'Angry': 0.00014589382044505328, 'Disgusted': 7.380379247479141e-05, 'Fearful': 0.00011004401312675327, 'Happy': 0.0032524920534342527, 'Neutral': 0.9946476817131042, 'Other': 3.766586087294854e-05, 'Sad': 0.0016396151622757316, 'Surprised': 7.879099575802684e-05, 'Unknown': 1.4063043636269867e-05}",Okay.
LIAM,01:21:40,01:21:43,Happy,"{'Angry': 1.803254789933817e-08, 'Disgusted': 5.092888599733669e-08, 'Fearful': 1.0786535220574933e-08, 'Happy': 0.9999996423721313, 'Neutral': 1.3425014344647934e-07, 'Other': 1.1961944323957141e-08, 'Sad': 6.823636056196847e-08, 'Surprised': 3.943052817589887e-08, 'Unknown': 3.2164264585077262e-09}",Exit the other side of the great hall that we're in.
MATT,01:21:43,01:21:44,Happy,"{'Angry': 9.590370164680451e-11, 'Disgusted': 1.1676506983526735e-10, 'Fearful': 1.8689305311681004e-11, 'Happy': 1.0, 'Neutral': 1.4436454254251885e-09, 'Other': 6.261449692068766e-11, 'Sad': 4.223809357828401e-10, 'Surprised': 8.062173151301977e-11, 'Unknown': 1.6208123385097473e-11}",All right.
LAURA,01:21:44,01:21:47,Happy,"{'Angry': 2.5688279947644332e-06, 'Disgusted': 1.4409454706765246e-05, 'Fearful': 5.660129318130203e-06, 'Happy': 0.9997290968894958, 'Neutral': 0.0001897150359582156, 'Other': 2.578262183305924e-06, 'Sad': 1.2297080502321478e-05, 'Surprised': 1.5835269095987314e-06, 'Unknown': 4.2063737055286765e-05}",And I think we should all go back-- we should go to the second floor.
MATT,01:21:47,01:21:49,Neutral,"{'Angry': 5.28265047705645e-07, 'Disgusted': 7.563483563899354e-07, 'Fearful': 5.263510729491827e-07, 'Happy': 4.915904355584644e-06, 'Neutral': 0.9999876022338867, 'Other': 2.235814946516257e-07, 'Sad': 4.9076224968302995e-06, 'Surprised': 2.584341700639925e-07, 'Unknown': 2.433243935229257e-07}",Through here.
LIAM,01:21:49,01:21:51,Neutral,"{'Angry': 2.4867469505807094e-07, 'Disgusted': 2.658915718711796e-07, 'Fearful': 1.509265779020552e-08, 'Happy': 7.980789632711094e-06, 'Neutral': 0.9999910593032837, 'Other': 6.5582533181896e-08, 'Sad': 1.9582147103847092e-07, 'Surprised': 2.90698949356738e-08, 'Unknown': 8.961094977166795e-08}",Walking in that door.
MATT,01:21:51,01:22:01,Neutral,"{'Angry': 0.04629915580153465, 'Disgusted': 0.00907016173005104, 'Fearful': 0.004153220448642969, 'Happy': 0.03644691780209541, 'Neutral': 0.7747954726219177, 'Other': 0.0071214111521840096, 'Sad': 0.07623466104269028, 'Surprised': 0.0020980401895940304, 'Unknown': 0.04378102719783783}","You look through here and see what appears to be some sort of a kitchen. You can see shelf units, you can see what looks like a few tables, you can see some kitchen elements."
LIAM,01:22:01,01:22:03,Neutral,"{'Angry': 1.1759068001993e-05, 'Disgusted': 5.804303327749949e-06, 'Fearful': 1.5329742382164113e-05, 'Happy': 0.00010142361861653626, 'Neutral': 0.999812662601471, 'Other': 9.99044232230517e-07, 'Sad': 3.27272828144487e-05, 'Surprised': 1.8012224245467223e-05, 'Unknown': 1.3282070767672849e-06}","I'm gonna walk all the way in, all the way in."
MATT,01:22:03,01:22:06,Happy,"{'Angry': 6.000198671252122e-10, 'Disgusted': 2.5416728721694426e-09, 'Fearful': 5.935907321230616e-10, 'Happy': 1.0, 'Neutral': 1.0704272135342308e-08, 'Other': 7.055224182650477e-10, 'Sad': 1.7501526894392327e-09, 'Surprised': 8.109647953169485e-10, 'Unknown': 7.82341036398293e-09}","All right, you walk all the way in. There's a door towards the back--"
LIAM,01:22:06,01:22:08,Happy,"{'Angry': 0.00819041021168232, 'Disgusted': 0.00031637289794161916, 'Fearful': 0.0002913541393354535, 'Happy': 0.9778361320495605, 'Neutral': 0.010655340738594532, 'Other': 0.000602459826041013, 'Sad': 0.0005706449737772346, 'Surprised': 0.00025430036475881934, 'Unknown': 0.001282913493923843}","The right, what do I see?"
MATT,01:22:08,01:22:12,Happy,"{'Angry': 1.8762051695375703e-05, 'Disgusted': 2.8621103410841897e-05, 'Fearful': 0.0012588418321684003, 'Happy': 0.9971796274185181, 'Neutral': 8.04739465820603e-06, 'Other': 6.241296796360984e-05, 'Sad': 2.718677933444269e-05, 'Surprised': 0.0014063443522900343, 'Unknown': 1.0065490641864017e-05}","The right, you see what looks to be a doorway that's partially open that leads to a staircase."
LIAM,01:22:12,01:22:13,Neutral,"{'Angry': 1.5650327611638204e-07, 'Disgusted': 1.3757218653154268e-07, 'Fearful': 4.4700858126134335e-08, 'Happy': 7.86907367000822e-06, 'Neutral': 0.9999904632568359, 'Other': 1.285149124896634e-07, 'Sad': 1.0850123999261996e-06, 'Surprised': 8.078332314198633e-08, 'Unknown': 5.860226437448546e-08}",Up or down?
MATT,01:22:13,01:22:14,Surprised,"{'Angry': 0.020853055641055107, 'Disgusted': 0.06231897324323654, 'Fearful': 0.10876929014921188, 'Happy': 0.05967163294553757, 'Neutral': 0.06303595006465912, 'Other': 0.3172762393951416, 'Sad': 0.005459973588585854, 'Surprised': 0.3542695641517639, 'Unknown': 0.008345376700162888}",Looks like it's going up.
MARISHA,01:22:14,01:22:16,Happy,"{'Angry': 0.0043504321947693825, 'Disgusted': 0.005723088048398495, 'Fearful': 0.025547485798597336, 'Happy': 0.9487540125846863, 'Neutral': 0.0019376641139388084, 'Other': 0.002900727791711688, 'Sad': 0.0015858173137530684, 'Surprised': 0.008944987319409847, 'Unknown': 0.00025576469488441944}",And what's in this room? I'm looking over here.
MATT,01:22:16,01:22:19,Happy,"{'Angry': 8.059856115849584e-10, 'Disgusted': 1.4742486120766785e-09, 'Fearful': 4.902966921349616e-10, 'Happy': 1.0, 'Neutral': 1.722217368715917e-09, 'Other': 2.922830033558199e-10, 'Sad': 1.1569259994459458e-09, 'Surprised': 1.0036527164913878e-09, 'Unknown': 3.5922018137846123e-10}","Okay, you look over here. It's a double door that is currently closed."
TALIESIN,01:22:19,01:22:22,Happy,"{'Angry': 2.933616682909701e-09, 'Disgusted': 4.39766845161671e-09, 'Fearful': 6.3369074432273464e-09, 'Happy': 1.0, 'Neutral': 4.169573131207471e-09, 'Other': 1.3185194047693471e-09, 'Sad': 9.247851373572757e-09, 'Surprised': 1.3451951552667651e-08, 'Unknown': 5.723583829109202e-10}",I will head in your direction as well.
ORION,01:22:22,01:22:24,Surprised,"{'Angry': 0.029571011662483215, 'Disgusted': 0.014003702439367771, 'Fearful': 0.06643364578485489, 'Happy': 0.05833869054913521, 'Neutral': 0.029039930552244186, 'Other': 0.00021752898464910686, 'Sad': 0.012977524660527706, 'Surprised': 0.7884414792060852, 'Unknown': 0.0009764712885953486}","Eight, two of my d6s to heal up."
MATT,01:22:24,01:22:33,Happy,"{'Angry': 1.5172014755648888e-08, 'Disgusted': 3.47528796851293e-08, 'Fearful': 4.734019753982466e-08, 'Happy': 0.9999996423721313, 'Neutral': 4.0273008039548586e-08, 'Other': 2.505830920540575e-08, 'Sad': 1.8135378354600107e-07, 'Surprised': 3.778683321797871e-08, 'Unknown': 1.172038111008078e-08}","You haven't taken a short rest yet. You have to-- you guys have to stop and take ten minutes, 15 minutes to rest to do that, so--"
SAM,01:22:33,01:22:38,Happy,"{'Angry': 6.648684092169788e-08, 'Disgusted': 3.7881182635146615e-08, 'Fearful': 1.2192283804779436e-07, 'Happy': 0.9999985694885254, 'Neutral': 1.3441113821954787e-07, 'Other': 2.1920850912238166e-08, 'Sad': 8.103757522803789e-07, 'Surprised': 7.50051043496569e-08, 'Unknown': 4.359587801872067e-09}",I'm gonna look all over the great hall and see if there's any cool stuff in there.
MATT,01:22:38,01:22:41,Angry,"{'Angry': 0.7837924361228943, 'Disgusted': 0.009094201028347015, 'Fearful': 0.0013030426343902946, 'Happy': 0.11359496414661407, 'Neutral': 0.050755247473716736, 'Other': 0.0008103076252155006, 'Sad': 0.0006912452518008649, 'Surprised': 0.01923253946006298, 'Unknown': 0.020725980401039124}",Make a perception check.
LAURA,01:22:41,01:22:53,Happy,"{'Angry': 7.730638351688413e-10, 'Disgusted': 3.2116520554126282e-09, 'Fearful': 6.122724549584291e-09, 'Happy': 1.0, 'Neutral': 8.172804655259824e-09, 'Other': 4.359086425154146e-09, 'Sad': 2.5269791592563706e-08, 'Surprised': 1.5042385115293655e-08, 'Unknown': 2.14624695793475e-09}","I think what we should do-- Everyone, I think what we should do is make our way back to the initial storage room we were in and go up that stairway, because that one's hidden. It's by a hidden entrance, people aren't gonna think about that one as much as main stairways."
TALIESIN,01:22:53,01:23:01,Neutral,"{'Angry': 0.00020139553816989064, 'Disgusted': 0.00039210522663779557, 'Fearful': 5.56896447960753e-05, 'Happy': 0.15425196290016174, 'Neutral': 0.8422329425811768, 'Other': 0.0004663806175813079, 'Sad': 0.00030817335937172174, 'Surprised': 3.5465462133288383e-05, 'Unknown': 0.002055962337180972}","I agree, I think we should-- I agree with that, I just think we should check the rest of the floor as well. Just double-check everything, make sure we didn't miss the--"
LIAM,01:23:01,01:23:03,Neutral,"{'Angry': 0.00019749466446228325, 'Disgusted': 4.9054935516323894e-05, 'Fearful': 2.3072328986017965e-05, 'Happy': 0.0016313648084178567, 'Neutral': 0.9979454874992371, 'Other': 2.347264853597153e-06, 'Sad': 4.128043292439543e-05, 'Surprised': 0.00010561131784925237, 'Unknown': 4.211354735161876e-06}",Vax is heading back to the group.
MATT,01:23:03,01:23:04,Neutral,"{'Angry': 1.791936665540561e-05, 'Disgusted': 7.033149358903756e-06, 'Fearful': 5.861927547812229e-07, 'Happy': 8.658882870804518e-05, 'Neutral': 0.9998701810836792, 'Other': 2.8155037057331356e-07, 'Sad': 6.735841452609748e-06, 'Surprised': 1.0644063877407461e-05, 'Unknown': 5.5054773184792793e-08}",Okay.
MARISHA,01:23:04,01:23:10,Happy,"{'Angry': 1.6437964323046117e-09, 'Disgusted': 3.0730551436874975e-09, 'Fearful': 1.5913338202722116e-08, 'Happy': 1.0, 'Neutral': 2.4562294420604758e-09, 'Other': 1.2085874523393159e-09, 'Sad': 2.2482277373114812e-08, 'Surprised': 6.3533427407946874e-09, 'Unknown': 4.637000783347389e-10}",Percy and I are checking this room with the double doors. Do you have any trap checks to see if it's locked?
LIAM,01:23:10,01:23:11,Surprised,"{'Angry': 0.002703131875023246, 'Disgusted': 0.0015737925423309207, 'Fearful': 0.008212802931666374, 'Happy': 0.07282933592796326, 'Neutral': 0.009145221672952175, 'Other': 0.0017615534598007798, 'Sad': 0.03867633640766144, 'Surprised': 0.8650677800178528, 'Unknown': 3.0067838451941498e-05}",I do!
MATT,01:23:11,01:23:25,Fearful,"{'Angry': 0.0018913361709564924, 'Disgusted': 0.0071310484781861305, 'Fearful': 0.46623632311820984, 'Happy': 0.25600695610046387, 'Neutral': 0.0005487218149937689, 'Other': 0.007738166488707066, 'Sad': 0.025700554251670837, 'Surprised': 0.2339046448469162, 'Unknown': 0.0008421777747571468}","Okay, so Percy and both you guys open this doorway. It opens up into what looks to be another smaller eating hall. This one's nicer, this one has one long table. This is probably where the more socially risen--"
TALIESIN,01:23:25,01:23:27,Neutral,"{'Angry': 5.7127112995658536e-06, 'Disgusted': 9.651659638620913e-06, 'Fearful': 6.553742423420772e-06, 'Happy': 0.00021850051416549832, 'Neutral': 0.9995691180229187, 'Other': 8.394299584324472e-06, 'Sad': 1.4110741176409647e-05, 'Surprised': 2.1174126629830425e-07, 'Unknown': 0.0001678240514593199}",Take a quick look around.
MARISHA,01:23:27,01:23:29,Disgusted,"{'Angry': 0.25734633207321167, 'Disgusted': 0.7132964730262756, 'Fearful': 0.00900790374726057, 'Happy': 0.00048246720689348876, 'Neutral': 0.00022616858768742532, 'Other': 0.0009809191105887294, 'Sad': 8.362191147170961e-05, 'Surprised': 8.893432095646858e-06, 'Unknown': 0.018567197024822235}","Yeah, anything in there?"
MATT,01:23:29,01:23:31,Neutral,"{'Angry': 9.000790669233538e-06, 'Disgusted': 8.728642569622025e-06, 'Fearful': 1.0514022505958565e-05, 'Happy': 9.370049156132154e-06, 'Neutral': 0.99989914894104, 'Other': 1.1300319329166086e-06, 'Sad': 5.779448838438839e-05, 'Surprised': 3.6775793432752835e-06, 'Unknown': 6.635352178818721e-07}",Looks like it hasn't been used for a day or two.
TALIESIN,01:23:31,01:23:32,Neutral,"{'Angry': 6.234064494492486e-05, 'Disgusted': 2.9652115699718706e-05, 'Fearful': 3.672945240396075e-05, 'Happy': 0.0007528597488999367, 'Neutral': 0.9952284097671509, 'Other': 7.116731467249338e-06, 'Sad': 6.977267912589014e-05, 'Surprised': 0.0038123137783259153, 'Unknown': 7.190145083768584e-07}",All right.
MARISHA,01:23:32,01:23:34,Neutral,"{'Angry': 2.7188884033080285e-08, 'Disgusted': 1.0912710735055953e-08, 'Fearful': 1.1760517004688609e-08, 'Happy': 1.3557680631492985e-06, 'Neutral': 0.9999983310699463, 'Other': 3.3024967205363964e-09, 'Sad': 2.20883194401722e-07, 'Surprised': 1.896273538193327e-08, 'Unknown': 4.75415307121807e-09}",No cool goodies?
MATT,01:23:34,01:23:35,Angry,"{'Angry': 0.8364263772964478, 'Disgusted': 0.06752961874008179, 'Fearful': 0.01905626617372036, 'Happy': 0.008241308853030205, 'Neutral': 0.01585584133863449, 'Other': 0.0002917036472354084, 'Sad': 0.04223185032606125, 'Surprised': 0.010328329168260098, 'Unknown': 3.872354864142835e-05}","No current goodies in this area, no."
TALIESIN,01:23:35,01:23:39,Happy,"{'Angry': 4.8999662105586594e-09, 'Disgusted': 2.043429248033135e-08, 'Fearful': 6.774857119751232e-09, 'Happy': 0.9999995231628418, 'Neutral': 2.2528681142830465e-07, 'Other': 6.3296448082894585e-09, 'Sad': 2.2549949463268604e-08, 'Surprised': 1.7970698262814722e-09, 'Unknown': 2.672590539987141e-07}",So we'll go-- just keep going down and check the rest of that hallway.
MATT,01:23:39,01:23:41,Happy,"{'Angry': 0.0034897474106401205, 'Disgusted': 0.008229663595557213, 'Fearful': 0.005615194793790579, 'Happy': 0.9302049875259399, 'Neutral': 0.02515692077577114, 'Other': 0.0004094385076314211, 'Sad': 0.005267371889203787, 'Surprised': 0.01783212460577488, 'Unknown': 0.00379456439986825}",Okay.
LAURA,01:23:41,01:23:47,Happy,"{'Angry': 9.659736122102913e-09, 'Disgusted': 1.3503234086442717e-08, 'Fearful': 9.038104487046894e-09, 'Happy': 0.9999998807907104, 'Neutral': 4.234751926901481e-08, 'Other': 9.723882143930496e-09, 'Sad': 2.4627885508721192e-08, 'Surprised': 2.7215427689242233e-09, 'Unknown': 6.716975065046427e-08}","There's a lot more, you guys. I think we should go find the vault on the second floor."
MATT,01:23:47,01:23:58,Neutral,"{'Angry': 0.0004927004338242114, 'Disgusted': 0.0006623723893426359, 'Fearful': 1.3616951946460176e-05, 'Happy': 0.00269122957251966, 'Neutral': 0.9932725429534912, 'Other': 0.001227503060363233, 'Sad': 7.057456241454929e-05, 'Surprised': 2.4759878215263598e-05, 'Unknown': 0.0015446858014911413}","All right, you guys press down here. There apparently are now-- you can see there's another set of double doors--"
LIAM,01:23:58,01:23:59,Neutral,"{'Angry': 0.0057050385512411594, 'Disgusted': 0.006646207068115473, 'Fearful': 0.0005479284445755184, 'Happy': 0.029711706563830376, 'Neutral': 0.9509745240211487, 'Other': 5.6117445637937635e-05, 'Sad': 0.004969599656760693, 'Surprised': 0.0013186539290472865, 'Unknown': 7.029969856375828e-05}",Vax is following.
MATT,01:23:59,01:24:00,Angry,"{'Angry': 0.7616382241249084, 'Disgusted': 0.11255618929862976, 'Fearful': 0.012642653658986092, 'Happy': 0.022319696843624115, 'Neutral': 0.05418596789240837, 'Other': 0.0011936849914491177, 'Sad': 0.033442530781030655, 'Surprised': 0.0018014037050306797, 'Unknown': 0.00021961500169709325}",All right.
LAURA,01:24:00,01:24:07,Neutral,"{'Angry': 7.322827677569421e-09, 'Disgusted': 1.300593188702237e-09, 'Fearful': 6.161263166326592e-10, 'Happy': 3.755684474526788e-08, 'Neutral': 1.0, 'Other': 5.876010095162698e-11, 'Sad': 1.6765699939469414e-08, 'Surprised': 5.267367431116554e-09, 'Unknown': 1.8735596407637445e-11}",I think I should gather the group and try to make it back to the other storage room. Just to get us out of this area specifically.
MATT,01:24:07,01:24:08,Happy,"{'Angry': 3.224383181077428e-05, 'Disgusted': 7.038893090793863e-05, 'Fearful': 1.319525017606793e-05, 'Happy': 0.9993509650230408, 'Neutral': 0.0002820555819198489, 'Other': 5.5224586503754836e-06, 'Sad': 0.00012353558850008994, 'Surprised': 0.00012149642134318128, 'Unknown': 6.228511324479769e-07}",So you guys are all moving back with--
LAURA,01:24:08,01:24:09,Happy,"{'Angry': 0.00036419270327314734, 'Disgusted': 0.001046102261170745, 'Fearful': 0.000806020456366241, 'Happy': 0.8723254799842834, 'Neutral': 0.005088573321700096, 'Other': 0.00013829063391312957, 'Sad': 0.11827079951763153, 'Surprised': 0.0019321857253089547, 'Unknown': 2.8254216886125505e-05}",Is that cool?
MATT,01:24:09,01:24:11,Happy,"{'Angry': 7.764248266539653e-07, 'Disgusted': 2.782838635084772e-07, 'Fearful': 1.8204374896413356e-07, 'Happy': 0.9999936819076538, 'Neutral': 1.1501153949211584e-06, 'Other': 4.558465249715482e-08, 'Sad': 4.1571635733816947e-07, 'Surprised': 3.4001579933828907e-06, 'Unknown': 1.2420552586434042e-08}",-- Vex to return to the previous storage room?
MARISHA,01:24:11,01:24:13,Neutral,"{'Angry': 0.013097880408167839, 'Disgusted': 0.010404483415186405, 'Fearful': 0.0005467089940793812, 'Happy': 0.10341767221689224, 'Neutral': 0.8680915236473083, 'Other': 5.0004568038275465e-05, 'Sad': 0.0011657719733193517, 'Surprised': 0.003152711084112525, 'Unknown': 7.327120692934841e-05}","We can do that. Yeah, go for it."
TALIESIN,01:24:13,01:24:17,Happy,"{'Angry': 0.00846836157143116, 'Disgusted': 0.05374308302998543, 'Fearful': 0.01588509976863861, 'Happy': 0.4385157525539398, 'Neutral': 0.02588764578104019, 'Other': 0.011233948171138763, 'Sad': 0.018311087042093277, 'Surprised': 0.3226970136165619, 'Unknown': 0.10525798052549362}","And you'll hear us if anything goes wrong. Yeah, we'll power through it."
LAURA,01:24:17,01:24:19,Neutral,"{'Angry': 9.8372798795765e-10, 'Disgusted': 1.778730218671143e-10, 'Fearful': 5.144254466848963e-11, 'Happy': 4.166424982798844e-09, 'Neutral': 1.0, 'Other': 2.0912114054305597e-11, 'Sad': 1.3721708214120554e-09, 'Surprised': 1.977014524312537e-10, 'Unknown': 1.354772266592974e-10}",Use your earring.
MATT,01:24:19,01:24:20,Neutral,"{'Angry': 3.960391040891409e-05, 'Disgusted': 7.857109267206397e-06, 'Fearful': 7.80066898187215e-07, 'Happy': 0.08743786066770554, 'Neutral': 0.9124031662940979, 'Other': 5.697928031622723e-07, 'Sad': 7.759438449284062e-05, 'Surprised': 3.220809958293103e-05, 'Unknown': 2.7867537255588104e-07}",All right.
MARISHA,01:24:20,01:24:29,Neutral,"{'Angry': 4.0145343518815935e-05, 'Disgusted': 7.067689693940338e-06, 'Fearful': 6.662304485871573e-07, 'Happy': 1.5944700862746686e-05, 'Neutral': 0.9999188184738159, 'Other': 1.106247623283707e-06, 'Sad': 7.852805538277607e-06, 'Surprised': 7.333377197937807e-06, 'Unknown': 1.0540456969465595e-06}","I'll go ahead and very-- I'm just gonna kinda use my keen sense-- or sorry, my keen smell again to see if I can smell any duergar in the area."
MATT,01:24:29,01:24:32,Neutral,"{'Angry': 0.008165515959262848, 'Disgusted': 0.008847146295011044, 'Fearful': 0.004253790248185396, 'Happy': 0.14163407683372498, 'Neutral': 0.7050318717956543, 'Other': 0.005274648778140545, 'Sad': 0.05543491616845131, 'Surprised': 0.004805996548384428, 'Unknown': 0.06655202060937881}",Okay. Go ahead and make a perception check with advantage.
MARISHA,01:24:32,01:24:38,Neutral,"{'Angry': 5.416109343059361e-05, 'Disgusted': 1.838734169723466e-05, 'Fearful': 3.421477003939799e-06, 'Happy': 0.00021052009833510965, 'Neutral': 0.9996153116226196, 'Other': 3.713413389050402e-05, 'Sad': 1.2431166396709159e-05, 'Surprised': 1.4361522744366084e-06, 'Unknown': 4.707581319962628e-05}","That's pretty good. Oh yeah, I'll take that first roll, which was seven-- 27."
MATT,01:24:38,01:24:52,Sad,"{'Angry': 0.016973556950688362, 'Disgusted': 0.000142235541716218, 'Fearful': 0.0003939361486118287, 'Happy': 0.0001306918275076896, 'Neutral': 0.00019246448937337846, 'Other': 1.1961080417677294e-05, 'Sad': 0.9807034730911255, 'Surprised': 0.0014498881064355373, 'Unknown': 1.6886635876289802e-06}","27. You smell that on this floor, there doesn't appear to be any duergar in your immediate vicinity. There is a strong, lingering scent of them coming from the doorway that you're currently at."
MARISHA,01:24:52,01:24:55,Happy,"{'Angry': 3.544823994161561e-05, 'Disgusted': 8.74889301485382e-05, 'Fearful': 0.00021034952078480273, 'Happy': 0.9963955283164978, 'Neutral': 0.00037691727629862726, 'Other': 0.0001725640904624015, 'Sad': 0.0001211024573422037, 'Surprised': 0.0016003143973648548, 'Unknown': 0.0010003633797168732}","A strong, lingering scent?"
MATT,01:24:55,01:25:00,Neutral,"{'Angry': 6.187006511026993e-05, 'Disgusted': 7.381863542832434e-05, 'Fearful': 2.103483711834997e-05, 'Happy': 0.008245941251516342, 'Neutral': 0.9909738898277283, 'Other': 5.355362736736424e-05, 'Sad': 8.54156314744614e-05, 'Surprised': 4.531419563136296e-06, 'Unknown': 0.0004799333692062646}","Correct, like it-- you can kind of tell there was a recent moving of a large number of duergar."
MARISHA,01:25:00,01:25:01,Neutral,"{'Angry': 1.9038006939808838e-05, 'Disgusted': 3.845641913358122e-06, 'Fearful': 7.554125431852299e-07, 'Happy': 5.243024861556478e-05, 'Neutral': 0.9999129772186279, 'Other': 5.984091444588557e-07, 'Sad': 8.646566129755229e-06, 'Surprised': 1.5923311593724065e-06, 'Unknown': 1.7595762358268985e-07}",But probably not present.
MATT,01:25:01,01:25:02,Neutral,"{'Angry': 7.252382147271419e-06, 'Disgusted': 1.2658061905312934e-06, 'Fearful': 1.1494226725972112e-07, 'Happy': 0.0014479225501418114, 'Neutral': 0.9985364675521851, 'Other': 5.916831469221506e-07, 'Sad': 4.02983505409793e-06, 'Surprised': 2.2226336113817524e-06, 'Unknown': 1.0642696679497021e-07}",You don't know.
MARISHA,01:25:02,01:25:04,Neutral,"{'Angry': 0.0009142474737018347, 'Disgusted': 0.000319121201755479, 'Fearful': 0.0003691683814395219, 'Happy': 0.010723447427153587, 'Neutral': 0.9848331809043884, 'Other': 3.888396531692706e-05, 'Sad': 0.002453344874083996, 'Surprised': 0.00033655506558716297, 'Unknown': 1.2040453839290421e-05}",Whatever. I guess we'll see what's in here.
MATT,01:25:04,01:25:06,Neutral,"{'Angry': 4.762684693560004e-05, 'Disgusted': 0.00013162866525817662, 'Fearful': 5.476090154843405e-05, 'Happy': 6.101124745327979e-05, 'Neutral': 0.9994280934333801, 'Other': 1.380232242809143e-05, 'Sad': 0.00018395832739770412, 'Surprised': 7.077900954755023e-05, 'Unknown': 8.287410310003906e-06}",All righty.
MARISHA,01:25:06,01:25:07,Neutral,"{'Angry': 1.4777615433558822e-05, 'Disgusted': 1.6123825616887189e-06, 'Fearful': 1.8537208745783573e-07, 'Happy': 1.883002551039681e-05, 'Neutral': 0.9999613761901855, 'Other': 6.711226205879939e-07, 'Sad': 1.2097374337827205e-06, 'Surprised': 2.884029868255311e-07, 'Unknown': 1.013936298477347e-06}","Peeky, peeky."
LIAM,01:25:07,01:25:09,Neutral,"{'Angry': 2.6846512860001503e-11, 'Disgusted': 2.367916843507012e-12, 'Fearful': 1.052391355484128e-12, 'Happy': 5.127894289747026e-11, 'Neutral': 1.0, 'Other': 1.4445734918596548e-13, 'Sad': 1.9168350240406085e-10, 'Surprised': 2.8337349827767255e-11, 'Unknown': 2.00091869071925e-13}",I kind of parkour past Percy.
MATT,01:25:09,01:25:10,Neutral,"{'Angry': 0.0018848637118935585, 'Disgusted': 0.2984265685081482, 'Fearful': 0.0005709826364181936, 'Happy': 0.006817966233938932, 'Neutral': 0.379824697971344, 'Other': 0.06264897435903549, 'Sad': 0.0021248473785817623, 'Surprised': 0.24661220610141754, 'Unknown': 0.001088795717805624}",Okay.
ORION,01:25:10,01:25:11,Neutral,"{'Angry': 0.003674243576824665, 'Disgusted': 0.021597111597657204, 'Fearful': 0.014030623249709606, 'Happy': 0.3115865886211395, 'Neutral': 0.633811891078949, 'Other': 0.0004569611919578165, 'Sad': 0.00806186068803072, 'Surprised': 0.006421765312552452, 'Unknown': 0.0003589419065974653}",Parkour past Percy!
MARISHA,01:25:11,01:25:13,Neutral,"{'Angry': 2.038718230323866e-05, 'Disgusted': 2.6413576961203944e-06, 'Fearful': 2.4130687847900845e-07, 'Happy': 4.336591530318401e-07, 'Neutral': 0.9999749660491943, 'Other': 2.540676291573618e-07, 'Sad': 5.774938927061157e-07, 'Surprised': 1.1230464025402398e-07, 'Unknown': 2.983629769914842e-07}","Parkour, parkour!"
MATT,01:25:13,01:25:43,Neutral,"{'Angry': 5.0755621487041935e-05, 'Disgusted': 6.673589814454317e-05, 'Fearful': 5.685538781108335e-06, 'Happy': 0.0631137490272522, 'Neutral': 0.9364412426948547, 'Other': 7.96979438746348e-05, 'Sad': 0.00012384410365484655, 'Surprised': 1.845726728788577e-05, 'Unknown': 9.98317773337476e-05}","You open the doors into what appears to be a large temple chamber, a place of worship. What you see are a series of long, wooden benches that are arranged to look towards the center. There is an altar to the right that is a risen kind of stone dais, and in the center there is a stone table, an altar which has a piece of black cloth wrapped over it and something on top of it you can't see from this distance. In the center of the room there is a 12-foot-tall statue of what looks like an extremely strong armored duergar clutching a giant warhammer and a shield."
MARISHA,01:25:43,01:25:46,Neutral,"{'Angry': 1.8983002669781257e-11, 'Disgusted': 1.6854866027177229e-12, 'Fearful': 4.053787470634229e-13, 'Happy': 6.329810287031279e-11, 'Neutral': 1.0, 'Other': 1.4021757659046091e-13, 'Sad': 6.125323165351304e-11, 'Surprised': 5.2108907466763554e-12, 'Unknown': 7.230834854488055e-13}","Hm. I'm gonna-- oh wait, I'm a tiger."
MATT,01:25:46,01:25:48,Neutral,"{'Angry': 1.0465605271292588e-07, 'Disgusted': 5.58478667755935e-08, 'Fearful': 5.2076765122421875e-09, 'Happy': 1.64757807397109e-07, 'Neutral': 0.9999995231628418, 'Other': 2.6220927651365855e-09, 'Sad': 6.333899449373348e-08, 'Surprised': 9.324005567634686e-09, 'Unknown': 5.074055842158032e-09}",Yup.
LIAM,01:25:48,01:25:52,Neutral,"{'Angry': 1.7717153300012e-09, 'Disgusted': 5.974378214368414e-10, 'Fearful': 6.785146750010185e-11, 'Happy': 2.0752521923128597e-09, 'Neutral': 1.0, 'Other': 1.5541312681222053e-10, 'Sad': 2.8234061755227913e-09, 'Surprised': 1.8924592448676947e-10, 'Unknown': 1.9233284409558848e-10}",I'm gonna perception check the room. Which is high. 27.
MATT,01:25:52,01:25:55,Neutral,"{'Angry': 0.001720297266729176, 'Disgusted': 0.004410858266055584, 'Fearful': 5.955978485872038e-05, 'Happy': 0.004951850976794958, 'Neutral': 0.9862311482429504, 'Other': 0.00036824672133661807, 'Sad': 0.00022715299564879388, 'Surprised': 3.8206810131669044e-05, 'Unknown': 0.0019926661625504494}",27? There does not appear to be anybody inside this room.
LIAM,01:25:55,01:25:56,Neutral,"{'Angry': 0.03834950923919678, 'Disgusted': 0.007480884436517954, 'Fearful': 0.0006542627816088498, 'Happy': 0.03784176707267761, 'Neutral': 0.9126290678977966, 'Other': 2.50759330810979e-05, 'Sad': 0.0018763354746624827, 'Surprised': 0.0011131437495350838, 'Unknown': 3.003621350217145e-05}",Screw this room.
MATT,01:25:56,01:25:57,Neutral,"{'Angry': 0.00029921397799625993, 'Disgusted': 0.00031186945852823555, 'Fearful': 3.461484993749764e-06, 'Happy': 0.09005451947450638, 'Neutral': 0.908908486366272, 'Other': 1.1151731996505987e-05, 'Sad': 0.00023352840798906982, 'Surprised': 0.00017554269288666546, 'Unknown': 2.3374809643428307e-06}","However, do you have a religion--"
TALIESIN,01:25:57,01:25:59,Neutral,"{'Angry': 0.07064330577850342, 'Disgusted': 0.06923125684261322, 'Fearful': 0.007013897877186537, 'Happy': 0.02210271917283535, 'Neutral': 0.7458683252334595, 'Other': 0.0019558705389499664, 'Sad': 0.041630860418081284, 'Surprised': 0.04087769240140915, 'Unknown': 0.0006761522381566465}",I would like to do a religion roll.
MATT,01:25:59,01:26:01,Neutral,"{'Angry': 1.311121195612941e-06, 'Disgusted': 8.548274763597874e-07, 'Fearful': 5.357011332307593e-07, 'Happy': 5.5710701417410746e-05, 'Neutral': 0.9999353885650635, 'Other': 4.050662596455368e-07, 'Sad': 4.74248599857674e-06, 'Surprised': 4.104669244497927e-07, 'Unknown': 6.665636647085194e-07}","Roll religion, guys."
TALIESIN,01:26:01,01:26:02,Neutral,"{'Angry': 0.004268202465027571, 'Disgusted': 0.006711387075483799, 'Fearful': 0.0008328604744747281, 'Happy': 0.09450394660234451, 'Neutral': 0.8602721095085144, 'Other': 6.735836359439418e-05, 'Sad': 0.0025202177930623293, 'Surprised': 0.030793221667408943, 'Unknown': 3.069296508328989e-05}",Nine.
LIAM,01:26:02,01:26:03,Happy,"{'Angry': 0.010436014272272587, 'Disgusted': 0.0015691829612478614, 'Fearful': 0.001206067274324596, 'Happy': 0.9743850827217102, 'Neutral': 0.002364436397328973, 'Other': 3.167379691149108e-05, 'Sad': 0.009726108983159065, 'Surprised': 0.00025237762019969523, 'Unknown': 2.9010872822254896e-05}",Nine.
ASHLEY,01:26:03,01:26:05,Happy,"{'Angry': 3.5686514365806943e-07, 'Disgusted': 4.772660417984298e-07, 'Fearful': 1.9296048776595853e-06, 'Happy': 0.9999792575836182, 'Neutral': 1.25524195482285e-06, 'Other': 2.1705695019136328e-07, 'Sad': 1.3678962204721756e-05, 'Surprised': 2.742563765423256e-06, 'Unknown': 3.024462102985126e-08}",Could I do a religion roll from where I am?
MATT,01:26:05,01:26:06,Happy,"{'Angry': 0.0018480572616681457, 'Disgusted': 0.002972027752548456, 'Fearful': 0.0016623428091406822, 'Happy': 0.819506049156189, 'Neutral': 0.16328378021717072, 'Other': 0.0001017004979075864, 'Sad': 0.002197877038270235, 'Surprised': 0.008410938084125519, 'Unknown': 1.7240256056538783e-05}","You are not over there, unfortunately."
MARISHA,01:26:06,01:26:10,Happy,"{'Angry': 1.3756424266375689e-07, 'Disgusted': 2.0764194630373822e-07, 'Fearful': 4.37586855639438e-08, 'Happy': 0.9999985694885254, 'Neutral': 4.3915395053772954e-07, 'Other': 5.307551731448257e-08, 'Sad': 2.1606319933198392e-07, 'Surprised': 7.244384647719926e-08, 'Unknown': 2.644377445903956e-07}","That's what I was gonna do, is tell somebody to get Pike over here real quick."
LAURA,01:26:10,01:26:11,Angry,"{'Angry': 0.9991735816001892, 'Disgusted': 0.00020120936096645892, 'Fearful': 0.0002111489447997883, 'Happy': 4.144494960200973e-05, 'Neutral': 7.02286051819101e-05, 'Other': 1.3251990367280087e-06, 'Sad': 0.0002741877979133278, 'Surprised': 1.6981826775008813e-05, 'Unknown': 9.744358976604417e-06}",Do you guys have earrings?
ASHLEY,01:26:11,01:26:14,Neutral,"{'Angry': 0.012365952134132385, 'Disgusted': 0.012586611323058605, 'Fearful': 0.002206002827733755, 'Happy': 0.3799615502357483, 'Neutral': 0.4538293480873108, 'Other': 0.0036298588383942842, 'Sad': 0.0007805210771039128, 'Surprised': 0.0006015297840349376, 'Unknown': 0.13403862714767456}",I can put on my sprinter's boots.
LIAM,01:26:14,01:26:20,Neutral,"{'Angry': 0.0003769848553929478, 'Disgusted': 0.00023301303735934198, 'Fearful': 3.088680387008935e-05, 'Happy': 0.02225082740187645, 'Neutral': 0.9755353331565857, 'Other': 0.00017301365733146667, 'Sad': 0.0001361546601401642, 'Surprised': 2.166007470805198e-05, 'Unknown': 0.001242173952050507}","Yeah, Pike, Pike? There's some sort of religious artifacts over here. Could use your expertise."
MATT,01:26:20,01:26:27,Neutral,"{'Angry': 0.0004955173353664577, 'Disgusted': 0.0001467016845708713, 'Fearful': 6.393733201548457e-05, 'Happy': 0.002169047249481082, 'Neutral': 0.9959654808044434, 'Other': 0.00029064976843073964, 'Sad': 0.0002901446132455021, 'Surprised': 0.00011040113895433024, 'Unknown': 0.00046821116120554507}","Pike, you make your way through, eventually coming down this hallway-- (clanking)"
MARISHA,01:26:27,01:26:29,Neutral,"{'Angry': 0.03275547921657562, 'Disgusted': 0.046518951654434204, 'Fearful': 0.011127496138215065, 'Happy': 0.12870125472545624, 'Neutral': 0.7000934481620789, 'Other': 0.001585395191796124, 'Sad': 0.04445164278149605, 'Surprised': 0.030881065875291824, 'Unknown': 0.0038852354045957327}",She's coming! I can hear her coming.
ASHLEY,01:26:29,01:26:33,Neutral,"{'Angry': 0.02447940781712532, 'Disgusted': 0.19458305835723877, 'Fearful': 0.015030641108751297, 'Happy': 0.14639274775981903, 'Neutral': 0.27595770359039307, 'Other': 0.14958831667900085, 'Sad': 0.016709187999367714, 'Surprised': 0.17383579909801483, 'Unknown': 0.0034231478348374367}","Hey guys, I'm here! Did you know I was coming? (laughter)"
MATT,01:26:33,01:26:34,Neutral,"{'Angry': 0.013382271863520145, 'Disgusted': 0.15261471271514893, 'Fearful': 0.0005020786193199456, 'Happy': 0.015799595043063164, 'Neutral': 0.7982633113861084, 'Other': 0.0019063071813434362, 'Sad': 0.011624501086771488, 'Surprised': 0.005624592769891024, 'Unknown': 0.00028267898596823215}",Go ahead and make a religion check.
LIAM,01:26:34,01:26:36,Neutral,"{'Angry': 2.1453558929351857e-06, 'Disgusted': 1.755335574671335e-06, 'Fearful': 1.327587142441189e-06, 'Happy': 8.07856395113049e-06, 'Neutral': 0.9999761581420898, 'Other': 3.0960001140556415e-07, 'Sad': 2.364067768212408e-06, 'Surprised': 7.77683271735441e-06, 'Unknown': 1.1158969925872952e-07}",Don't stab anything.
ORION,01:26:36,01:26:39,Neutral,"{'Angry': 1.0244860515484788e-11, 'Disgusted': 7.764762682653525e-13, 'Fearful': 1.0970928619779066e-13, 'Happy': 1.524518532247665e-11, 'Neutral': 1.0, 'Other': 6.505021266653768e-14, 'Sad': 1.8796087949968232e-11, 'Surprised': 2.9849065927289864e-12, 'Unknown': 2.971816315169157e-13}","I'm gonna follow suit, but slowly."
ASHLEY,01:26:39,01:26:40,Neutral,"{'Angry': 0.00015776946383994073, 'Disgusted': 5.589387001236901e-06, 'Fearful': 4.385651664051693e-07, 'Happy': 0.0003493881959002465, 'Neutral': 0.9994544386863708, 'Other': 2.7689412718245876e-07, 'Sad': 2.8275126169319265e-05, 'Surprised': 3.719689402714721e-06, 'Unknown': 1.0062700539492653e-07}",17.
MATT,01:26:40,01:27:12,Neutral,"{'Angry': 4.173957677267026e-06, 'Disgusted': 2.0377467535581673e-06, 'Fearful': 6.058937174202583e-07, 'Happy': 4.6145338274072856e-05, 'Neutral': 0.9999308586120605, 'Other': 3.928920250473311e-06, 'Sad': 6.232062787603354e-06, 'Surprised': 2.6909140160569223e-06, 'Unknown': 3.3206017633347074e-06}","All right. As you're heading that direction slowly, best that you can tell right now, this room is definitely a small temple built to-- and the name kind of escapes you, the words trying to form in your head for a second, and then eventually you come to realize this is a chapel to Laduguer. Laduguer is the deity of the duergar. It's the god that basically freed them from their original enslavement from the illithids, and they worship as a pinnacle of power, strength, and conquest."
ORION,01:27:12,01:27:17,Neutral,"{'Angry': 0.0615018792450428, 'Disgusted': 0.012002370320260525, 'Fearful': 0.0013852717820554972, 'Happy': 0.014843255281448364, 'Neutral': 0.8109202980995178, 'Other': 0.0054606301710009575, 'Sad': 0.015949657186865807, 'Surprised': 0.0001616371882846579, 'Unknown': 0.07777498662471771}",I make it up to where those guys are.
MATT,01:27:17,01:27:18,Neutral,"{'Angry': 0.0038643295411020517, 'Disgusted': 0.004714721813797951, 'Fearful': 0.00024306910927407444, 'Happy': 0.006613737437874079, 'Neutral': 0.9754626154899597, 'Other': 1.5343772247433662e-05, 'Sad': 0.0018949569202959538, 'Surprised': 0.007182958535850048, 'Unknown': 8.327955583808944e-06}",All right.
TALIESIN,01:27:18,01:27:19,Neutral,"{'Angry': 0.00011983866716036573, 'Disgusted': 1.8175911463913508e-05, 'Fearful': 3.838140401057899e-06, 'Happy': 0.004802577197551727, 'Neutral': 0.9947015643119812, 'Other': 4.403646585160459e-07, 'Sad': 0.00029001085204072297, 'Surprised': 6.34929456282407e-05, 'Unknown': 6.893844783917302e-08}",Let's keep searching.
SAM,01:27:19,01:27:26,Neutral,"{'Angry': 5.849535227753222e-05, 'Disgusted': 8.801230433164164e-05, 'Fearful': 8.741245983401313e-05, 'Happy': 0.000945523614063859, 'Neutral': 0.9906471371650696, 'Other': 3.94949056499172e-05, 'Sad': 0.008007308468222618, 'Surprised': 4.7583012928953394e-05, 'Unknown': 7.897403702372685e-05}","Hey, what's the darkness right next to me? Is there a door there? What is that?"
MATT,01:27:26,01:27:29,Neutral,"{'Angry': 0.00020019839575979859, 'Disgusted': 5.449822128866799e-05, 'Fearful': 4.359703598311171e-05, 'Happy': 0.00013841321924701333, 'Neutral': 0.9993243217468262, 'Other': 3.4457764286344172e-06, 'Sad': 0.00015701512165833265, 'Surprised': 7.593573536723852e-05, 'Unknown': 2.5946142159227747e-06}",There is a door right over here.
SAM,01:27:29,01:27:30,Neutral,"{'Angry': 0.0001160826432169415, 'Disgusted': 8.38779378682375e-05, 'Fearful': 2.3803524527465925e-05, 'Happy': 0.00043268976151011884, 'Neutral': 0.998319685459137, 'Other': 5.785894245491363e-06, 'Sad': 0.0002710584085434675, 'Surprised': 0.0007463600486516953, 'Unknown': 5.97408927660581e-07}",Oh. I'm gonna open it.
MATT,01:27:30,01:28:00,Neutral,"{'Angry': 8.009267276065657e-07, 'Disgusted': 2.6242672035436954e-08, 'Fearful': 9.663333244702699e-09, 'Happy': 4.1640791437203006e-07, 'Neutral': 0.9999983310699463, 'Other': 6.076353198380957e-09, 'Sad': 3.087465074713691e-07, 'Surprised': 5.956908211146583e-08, 'Unknown': 1.6478117759177735e-09}","Okay. All right. So you go ahead and open the door. It opens up into what you can immediately see is a chamber that is some kind of magical laboratory. You see in the far corner, hunched, a robed duergar, and as you open the door, there's a slight sound, a click sound, and a jet of greenish fume begins to spray up into your face. Make a constitution save."
SAM,01:28:00,01:28:06,Neutral,"{'Angry': 5.0660712958006116e-08, 'Disgusted': 1.496237267417655e-08, 'Fearful': 3.4940625948109982e-09, 'Happy': 1.6787639367521479e-07, 'Neutral': 0.9999996423721313, 'Other': 9.176824633527758e-09, 'Sad': 6.072598779383043e-08, 'Surprised': 1.5316611978732908e-08, 'Unknown': 5.0728954370526935e-09}","Oh, god. I don't even know what that is! (laughs) 15."
MATT,01:28:06,01:28:32,Neutral,"{'Angry': 1.0065201649922528e-06, 'Disgusted': 2.0221211798343575e-06, 'Fearful': 1.4123433800250496e-07, 'Happy': 8.078725841187406e-06, 'Neutral': 0.9999426603317261, 'Other': 1.3204599781602155e-05, 'Sad': 2.9136559533071704e-05, 'Surprised': 1.1123941021651262e-06, 'Unknown': 2.512865194148617e-06}","15? All right. So you take 11 points of poison damage. However, you can feel the poison forcing its way into your lungs. You manage to back out of the cloud in time and cough it up and your general physical well-being-- you resist most of the effects of the poison. However, this poison fume trap did appear to go off and as the smoke slowly dissipates, you hear a chuckle across the other side."
ORION,01:28:32,01:28:34,Unknown,"{'Angry': 0.07249369472265244, 'Disgusted': 0.04235019534826279, 'Fearful': 0.007470783311873674, 'Happy': 0.26678702235221863, 'Neutral': 0.11267787218093872, 'Other': 0.0020329561084508896, 'Sad': 0.0009872212540358305, 'Surprised': 5.38779677299317e-05, 'Unknown': 0.4951462745666504}","As I hear the noise, I--"
MATT,01:28:34,01:28:36,Neutral,"{'Angry': 1.113281200559868e-06, 'Disgusted': 5.201416186650931e-08, 'Fearful': 2.864703319005457e-08, 'Happy': 7.660449341528874e-07, 'Neutral': 0.9999977350234985, 'Other': 1.5260942731742944e-08, 'Sad': 2.6519975904193416e-07, 'Surprised': 2.7201211949545723e-08, 'Unknown': 3.9656118389075345e-08}","You don't hear the noise, you're too far away."
ORION,01:28:36,01:28:38,Angry,"{'Angry': 0.9998445510864258, 'Disgusted': 6.348177703330293e-05, 'Fearful': 1.7428435512556462e-06, 'Happy': 1.7961423509404995e-05, 'Neutral': 6.103899795562029e-05, 'Other': 3.2598958910057263e-07, 'Sad': 8.6024338088464e-06, 'Surprised': 2.0875006612186553e-06, 'Unknown': 8.57806909948522e-08}","Oh, shit."
MATT,01:28:38,01:28:40,Neutral,"{'Angry': 1.780243565008277e-06, 'Disgusted': 6.798248364248138e-07, 'Fearful': 2.750843179910589e-07, 'Happy': 3.921823008568026e-06, 'Neutral': 0.9999881982803345, 'Other': 1.2901509762741625e-06, 'Sad': 1.9392723515920807e-06, 'Surprised': 2.013251076959932e-07, 'Unknown': 1.6467703289890778e-06}","You guys do hear it, though."
LAURA,01:28:40,01:28:42,Neutral,"{'Angry': 1.3249484709376702e-06, 'Disgusted': 9.618566565450237e-08, 'Fearful': 1.4057605746131685e-08, 'Happy': 6.953616775717819e-06, 'Neutral': 0.9999911785125732, 'Other': 1.8654864319955777e-09, 'Sad': 3.4597115927681443e-07, 'Surprised': 5.7726786906187044e-08, 'Unknown': 2.4955537636373037e-09}","Okay, I come over there and see what the-- what just happened."
MATT,01:28:42,01:28:48,Neutral,"{'Angry': 3.51385234928156e-13, 'Disgusted': 1.1336592404295569e-14, 'Fearful': 2.540782898473575e-15, 'Happy': 3.862150128788183e-13, 'Neutral': 1.0, 'Other': 1.4886264176024243e-15, 'Sad': 1.2243771534831138e-12, 'Surprised': 1.165397124506043e-13, 'Unknown': 7.528241640914878e-15}","Okay, as you rush over, Scanlan's backed up away and you can see there's this chamber here."
LAURA,01:28:48,01:28:50,Neutral,"{'Angry': 0.1285240799188614, 'Disgusted': 0.007913765497505665, 'Fearful': 0.0009107859223149717, 'Happy': 0.03155326843261719, 'Neutral': 0.8128445744514465, 'Other': 0.0023750890977680683, 'Sad': 0.006112077739089727, 'Surprised': 0.0001771569368429482, 'Unknown': 0.009589193388819695}","Is the poison still in the air, or is it--"
MATT,01:28:50,01:28:56,Neutral,"{'Angry': 3.4461086761972126e-11, 'Disgusted': 4.206872697420927e-12, 'Fearful': 1.2590527578848487e-12, 'Happy': 6.353154807792194e-11, 'Neutral': 1.0, 'Other': 3.0222910762586763e-13, 'Sad': 2.150449956994649e-10, 'Surprised': 1.2742543999133549e-11, 'Unknown': 7.602069473054696e-13}","It's dissipated at this point. It's thin enough. You still can smell it, and it smells awful, like a very, very heavy, electrical fire-type smell."
LAURA,01:28:56,01:28:57,Neutral,"{'Angry': 1.8510349946154747e-06, 'Disgusted': 2.8211817948431417e-07, 'Fearful': 6.797002924940898e-07, 'Happy': 8.492694178130478e-06, 'Neutral': 0.9999575614929199, 'Other': 2.965394685361389e-07, 'Sad': 4.0061013351078145e-06, 'Surprised': 2.6801459171110764e-05, 'Unknown': 2.410284416498598e-08}",So I can see that guy?
MATT,01:28:57,01:28:58,Neutral,"{'Angry': 8.68621064000763e-05, 'Disgusted': 6.443876827688655e-06, 'Fearful': 2.6292896109225694e-06, 'Happy': 0.0009568377863615751, 'Neutral': 0.9986628293991089, 'Other': 2.205071268690517e-06, 'Sad': 0.00019301861175335944, 'Surprised': 8.922132110456005e-05, 'Unknown': 7.887803832318241e-08}",Yeah.
LAURA,01:28:58,01:29:02,Neutral,"{'Angry': 2.570482422470377e-07, 'Disgusted': 2.8646994110204105e-07, 'Fearful': 1.9417123553466809e-07, 'Happy': 1.6869456885615364e-05, 'Neutral': 0.9999786615371704, 'Other': 1.1468795690916522e-07, 'Sad': 3.1613146802556003e-06, 'Surprised': 3.604725122841046e-07, 'Unknown': 1.1951347289596015e-07}",So should I notch an arrow and try to hit him?
MATT,01:29:02,01:29:03,Neutral,"{'Angry': 2.725864781290277e-13, 'Disgusted': 1.0572188368078873e-14, 'Fearful': 1.993720316742281e-15, 'Happy': 4.116431587958269e-13, 'Neutral': 1.0, 'Other': 1.2360793092138183e-15, 'Sad': 7.564896517368858e-13, 'Surprised': 1.622372619277182e-13, 'Unknown': 6.104281847791465e-15}",It's up to you. What're you going to do?
LAURA,01:29:03,01:29:05,Neutral,"{'Angry': 0.039977628737688065, 'Disgusted': 0.054694581776857376, 'Fearful': 0.00040820412687025964, 'Happy': 0.09075993299484253, 'Neutral': 0.8080554604530334, 'Other': 0.0017823579255491495, 'Sad': 0.0013022071216255426, 'Surprised': 0.001225561136379838, 'Unknown': 0.001794115756638348}","All right, I attack him, then!"
MATT,01:29:05,01:29:06,Neutral,"{'Angry': 0.0001312193926423788, 'Disgusted': 0.00014077330706641078, 'Fearful': 5.858481927134562e-06, 'Happy': 0.00015854275261517614, 'Neutral': 0.9994801878929138, 'Other': 2.4356046196771786e-05, 'Sad': 2.6317187803215347e-05, 'Surprised': 2.2830428861198016e-05, 'Unknown': 9.94044057733845e-06}","All right, go for it then."
ASHLEY,01:29:06,01:29:07,Neutral,"{'Angry': 6.810201739426702e-06, 'Disgusted': 1.302111854784016e-06, 'Fearful': 1.978535237867618e-06, 'Happy': 0.00020591334032360464, 'Neutral': 0.9997560381889343, 'Other': 5.188203431316651e-07, 'Sad': 2.206240242230706e-05, 'Surprised': 5.206148671277333e-06, 'Unknown': 5.9112949202244636e-08}",Attack him! Get him!
LAURA,01:29:07,01:29:14,Neutral,"{'Angry': 7.59369737229898e-12, 'Disgusted': 5.375222294178028e-13, 'Fearful': 1.6674450719917494e-13, 'Happy': 1.1652671882966814e-11, 'Neutral': 1.0, 'Other': 3.55841183884327e-14, 'Sad': 1.8674161175735726e-11, 'Surprised': 3.3302150100056327e-12, 'Unknown': 4.141949370289888e-13}","Shabang! Oh, dang it, I didn't do it. I meant to Hunter's Mark him and transfer it over, but that's okay, I didn't say it."
MATT,01:29:14,01:29:15,Neutral,"{'Angry': 3.58821466761583e-07, 'Disgusted': 1.287557154228125e-07, 'Fearful': 3.580255381052666e-08, 'Happy': 4.2905924146907637e-07, 'Neutral': 0.9999979734420776, 'Other': 1.1819993872563828e-08, 'Sad': 6.601342192880111e-07, 'Surprised': 3.9234453197423136e-07, 'Unknown': 1.2554384198892876e-09}",You didn't say it this time.
LAURA,01:29:15,01:29:18,Neutral,"{'Angry': 2.6898047167378536e-07, 'Disgusted': 2.709182638227503e-07, 'Fearful': 2.4867338410672346e-08, 'Happy': 9.135254686043481e-07, 'Neutral': 0.9999978542327881, 'Other': 1.288324682491293e-07, 'Sad': 2.7318398565512325e-07, 'Surprised': 2.077537786249195e-08, 'Unknown': 1.9741268886264152e-07}",That's 30. For the first.
LIAM,01:29:18,01:29:19,Neutral,"{'Angry': 0.0005652874824590981, 'Disgusted': 4.987783540855162e-05, 'Fearful': 9.472676538280211e-06, 'Happy': 0.00037004624027758837, 'Neutral': 0.998705267906189, 'Other': 1.7570915815667831e-06, 'Sad': 0.00023419680655933917, 'Surprised': 6.339444371405989e-05, 'Unknown': 6.482375169980514e-07}",You did say shabang.
LAURA,01:29:19,01:29:21,Neutral,"{'Angry': 0.0027597250882536173, 'Disgusted': 0.0019460488110780716, 'Fearful': 0.00072988320607692, 'Happy': 0.00624286662787199, 'Neutral': 0.937265932559967, 'Other': 0.003094546962529421, 'Sad': 0.004177779890596867, 'Surprised': 4.159750460530631e-05, 'Unknown': 0.04374159127473831}","I did say shabang, and 16 for the second."
MATT,01:29:21,01:29:24,Neutral,"{'Angry': 8.129590750582949e-11, 'Disgusted': 1.3607071198962206e-11, 'Fearful': 3.861062077697985e-12, 'Happy': 3.254408131869724e-10, 'Neutral': 1.0, 'Other': 2.064014540878456e-12, 'Sad': 4.450115553833456e-10, 'Surprised': 1.821049734618274e-11, 'Unknown': 8.73519225702557e-12}","Okay, both hit. Go ahead and roll damage on each."
ASHLEY,01:29:24,01:29:28,Neutral,"{'Angry': 6.092403925100909e-12, 'Disgusted': 3.539048665669037e-13, 'Fearful': 1.230252201110324e-13, 'Happy': 1.4281100607638209e-11, 'Neutral': 1.0, 'Other': 2.6590546171184615e-14, 'Sad': 3.401318809936882e-11, 'Surprised': 2.3872306041672342e-12, 'Unknown': 1.5106665918196427e-13}",Hit it. (music flares up)
LAURA,01:29:28,01:29:31,Sad,"{'Angry': 0.011967256665229797, 'Disgusted': 0.012690819799900055, 'Fearful': 0.0035580412950366735, 'Happy': 0.19462768733501434, 'Neutral': 0.33577820658683777, 'Other': 0.001892975764349103, 'Sad': 0.4290378987789154, 'Surprised': 0.009122964926064014, 'Unknown': 0.0013241901760920882}","Well, sort of. 15 and eight."
MATT,01:29:31,01:29:33,Disgusted,"{'Angry': 0.0015269459690898657, 'Disgusted': 0.847998857498169, 'Fearful': 0.00017679677694104612, 'Happy': 0.0044356444850564, 'Neutral': 0.025512179359793663, 'Other': 0.0023326794616878033, 'Sad': 0.0010281665017828345, 'Surprised': 0.11686200648546219, 'Unknown': 0.0001268616906600073}",15 and eight. All right.
LIAM,01:29:33,01:29:35,Neutral,"{'Angry': 1.7898127424587074e-08, 'Disgusted': 1.2357818768293782e-08, 'Fearful': 8.10411127094568e-10, 'Happy': 8.29481550113087e-08, 'Neutral': 0.9999998807907104, 'Other': 6.049199363644675e-09, 'Sad': 2.9451108218836453e-08, 'Surprised': 2.0969128655679015e-09, 'Unknown': 1.9573667131567163e-08}",The music is on.
MATT,01:29:35,01:29:58,Happy,"{'Angry': 6.009397839079611e-05, 'Disgusted': 0.00015254993923008442, 'Fearful': 4.880352571490221e-05, 'Happy': 0.9975993037223816, 'Neutral': 0.0006072944379411638, 'Other': 0.0003732271434273571, 'Sad': 0.0002450624306220561, 'Surprised': 0.0007854130235500634, 'Unknown': 0.00012833980144932866}","All right. So both arrows you've been firing over the top. He's kind of hard to see with the table and from being crouched in the corner, but both arrows still manage to barely make their mark. One kind of pins him against the wall, and he looks at his shoulder briefly, looks back at you, raises his hand, as he begins muttering something under his breath. As he does, your arrow (shnk) through his hand and he tries to shake it, and now he's pinned to the wall with an arrow in the middle of his hand."
"LAURA, ASHLEY",01:29:58,01:29:59,Happy,"{'Angry': 1.411631644909761e-10, 'Disgusted': 1.3190998293666212e-10, 'Fearful': 3.566162989909749e-11, 'Happy': 1.0, 'Neutral': 1.0089039603755623e-09, 'Other': 1.0499784375284094e-10, 'Sad': 5.120029955563155e-10, 'Surprised': 1.9012726115708034e-10, 'Unknown': 9.837964644321406e-12}",Yeah!
LAURA,01:29:59,01:30:00,Happy,"{'Angry': 3.1130788613609184e-08, 'Disgusted': 8.178370869416085e-09, 'Fearful': 8.536658047120227e-10, 'Happy': 0.9999998807907104, 'Neutral': 1.1652716125354345e-07, 'Other': 2.3766169032768403e-09, 'Sad': 1.291169038353246e-08, 'Surprised': 6.051252832151022e-09, 'Unknown': 3.2574073993707486e-10}","Trinket! Oh no, I used two attacks."
MATT,01:30:00,01:30:01,Angry,"{'Angry': 0.9831498265266418, 'Disgusted': 0.012965998612344265, 'Fearful': 4.897795952274464e-05, 'Happy': 0.00024452622164972126, 'Neutral': 0.003012336790561676, 'Other': 8.257883564510848e-06, 'Sad': 0.0005198055878281593, 'Surprised': 3.202195148332976e-05, 'Unknown': 1.830849942052737e-05}",Yeah.
LAURA,01:30:01,01:30:02,Neutral,"{'Angry': 0.004503118805587292, 'Disgusted': 0.011893619783222675, 'Fearful': 0.0006000465364195406, 'Happy': 0.22570735216140747, 'Neutral': 0.7325948476791382, 'Other': 0.00019989965949207544, 'Sad': 0.0035074471961706877, 'Surprised': 0.020897511392831802, 'Unknown': 9.614350710762665e-05}",Dang it.
MATT,01:30:02,01:30:08,Happy,"{'Angry': 2.0919154849252664e-05, 'Disgusted': 9.178346772387158e-06, 'Fearful': 6.306975592451636e-06, 'Happy': 0.9997842907905579, 'Neutral': 0.0001315041445195675, 'Other': 1.7687885929262848e-06, 'Sad': 2.5159548386000097e-05, 'Surprised': 1.920107206387911e-05, 'Unknown': 1.6287340258713812e-06}",You can still tell Trinket to move. What are you gonna do?
LAURA,01:30:08,01:30:12,Happy,"{'Angry': 3.032594122487353e-07, 'Disgusted': 1.0349157264499809e-06, 'Fearful': 6.78083438288013e-07, 'Happy': 0.9999687671661377, 'Neutral': 1.911887557071168e-05, 'Other': 2.7499871180225455e-07, 'Sad': 1.6252266732408316e-06, 'Surprised': 3.370614649611525e-07, 'Unknown': 7.863659448048566e-06}","No, no no, I'm gonna hold him there, 'cause he's already in the room."
MATT,01:30:12,01:30:16,Neutral,"{'Angry': 0.000945968204177916, 'Disgusted': 0.000599313760176301, 'Fearful': 0.0003994620929006487, 'Happy': 0.015401913784444332, 'Neutral': 0.9122661352157593, 'Other': 0.0008551409700885415, 'Sad': 0.06811808794736862, 'Surprised': 0.0006545690703205764, 'Unknown': 0.0007594264461658895}","Okay, got you. All right, so what are you guys doing over in the temple?"
LIAM,01:30:16,01:30:18,Neutral,"{'Angry': 0.004285204224288464, 'Disgusted': 0.0028314031660556793, 'Fearful': 0.000708923558704555, 'Happy': 0.21949994564056396, 'Neutral': 0.7528818845748901, 'Other': 0.00242733396589756, 'Sad': 0.004880031105130911, 'Surprised': 0.0009892467642202973, 'Unknown': 0.011496028862893581}",Exiting.
MATT,01:30:18,01:30:19,Angry,"{'Angry': 0.8113667964935303, 'Disgusted': 0.0210285522043705, 'Fearful': 0.0003725979768205434, 'Happy': 0.004377736710011959, 'Neutral': 0.15445612370967865, 'Other': 4.05430982937105e-05, 'Sad': 0.00768499169498682, 'Surprised': 0.0005994914099574089, 'Unknown': 7.326418563025072e-05}",All right.
MARISHA,01:30:19,01:30:24,Neutral,"{'Angry': 1.4462764283962315e-06, 'Disgusted': 1.119103899327456e-06, 'Fearful': 3.503544121485902e-08, 'Happy': 4.207562142255483e-06, 'Neutral': 0.9999910593032837, 'Other': 2.9915989330220327e-07, 'Sad': 6.335570219562214e-07, 'Surprised': 9.483324703296603e-08, 'Unknown': 9.99201461127086e-07}","No! Look and see if there's anything cool, first. What was that thing that's covered up by the blanket on the altar?"
MATT,01:30:24,01:30:26,Happy,"{'Angry': 0.18935751914978027, 'Disgusted': 0.023575345054268837, 'Fearful': 0.0003124045906588435, 'Happy': 0.5090698599815369, 'Neutral': 0.27105602622032166, 'Other': 0.0005238642334006727, 'Sad': 0.0031497301533818245, 'Surprised': 0.0017042022664099932, 'Unknown': 0.0012511082459241152}",You keep walking towards it?
MARISHA,01:30:26,01:30:28,Neutral,"{'Angry': 0.03806605562567711, 'Disgusted': 0.055607348680496216, 'Fearful': 0.009537660516798496, 'Happy': 0.42395931482315063, 'Neutral': 0.43070152401924133, 'Other': 0.0005120150744915009, 'Sad': 0.020450232550501823, 'Surprised': 0.020661070942878723, 'Unknown': 0.000504816125612706}",Yeah. What's up with that?
MATT,01:30:28,01:30:53,Neutral,"{'Angry': 7.050643489187047e-12, 'Disgusted': 5.345582917287706e-13, 'Fearful': 1.7981574345835027e-13, 'Happy': 1.4007604971777443e-11, 'Neutral': 1.0, 'Other': 4.882305361863723e-14, 'Sad': 2.8189587816807027e-11, 'Surprised': 3.0062063949287676e-12, 'Unknown': 4.1171067748611845e-13}","You make your way, you look at the top of the dais where the altar is, and on top you can see the black cloth that is wrapped over it. The scent gets to you before the actual visual. It's freshly rotting flesh of some kind, and as you glance over, you can see there is a heart that has been cut from a body and it's at the point where the blood has coagulated and begin to become thick. It's roughly dwarven size."
MARISHA,01:30:53,01:30:58,Neutral,"{'Angry': 1.2915848390804285e-09, 'Disgusted': 4.05985217666327e-10, 'Fearful': 8.660708261665206e-11, 'Happy': 3.5442791812556607e-08, 'Neutral': 1.0, 'Other': 2.6895766863654913e-11, 'Sad': 7.066689455825781e-09, 'Surprised': 7.720588612869506e-10, 'Unknown': 1.8239767335392898e-11}",I get up and I grab it in my mouth.
MATT,01:30:58,01:31:00,Neutral,"{'Angry': 5.073906663710659e-07, 'Disgusted': 1.579262743689469e-06, 'Fearful': 1.7121462860814063e-06, 'Happy': 3.6876035665045492e-06, 'Neutral': 0.9999680519104004, 'Other': 1.1305527323202114e-06, 'Sad': 8.6790232671774e-06, 'Surprised': 3.3193792603469774e-08, 'Unknown': 1.4673639270768035e-05}",Okay. It tastes disgusting.
MARISHA,01:31:00,01:31:07,Neutral,"{'Angry': 0.0006211803411133587, 'Disgusted': 0.0002566742186900228, 'Fearful': 4.4894251914229244e-05, 'Happy': 0.0008872923790477216, 'Neutral': 0.9968817234039307, 'Other': 0.00017570560157764703, 'Sad': 0.0002406803978374228, 'Surprised': 3.560607729014009e-05, 'Unknown': 0.0008563438896089792}",And then I walk over to Vax and I lay it at his feet. I kind of nudge it with my nose.
MATT,01:31:07,01:31:09,Sad,"{'Angry': 0.03039785847067833, 'Disgusted': 0.0017827186966314912, 'Fearful': 0.0007813891279511154, 'Happy': 0.0265145692974329, 'Neutral': 0.14681999385356903, 'Other': 1.9467423044261523e-05, 'Sad': 0.7935043573379517, 'Surprised': 0.000143808574648574, 'Unknown': 3.578425821615383e-05}",She got you a heart.
LIAM,01:31:09,01:31:15,Neutral,"{'Angry': 1.2877015251433477e-05, 'Disgusted': 1.589053135830909e-05, 'Fearful': 1.1803637789853383e-05, 'Happy': 0.0005166009650565684, 'Neutral': 0.9990242719650269, 'Other': 4.187140439171344e-05, 'Sad': 0.00018720151274465024, 'Surprised': 5.757161488872953e-06, 'Unknown': 0.0001837658346630633}","I scritch Keyleth behind the ear, but nudge it aside with my toe and exit the room."
MATT,01:31:15,01:31:16,Neutral,"{'Angry': 0.005929481238126755, 'Disgusted': 0.0014569087652489543, 'Fearful': 0.00016657132073305547, 'Happy': 0.004078468773514032, 'Neutral': 0.9814343452453613, 'Other': 3.0580478778574616e-05, 'Sad': 0.005813624709844589, 'Surprised': 0.0010602502152323723, 'Unknown': 2.9864220778108574e-05}",Okay.
LIAM,01:31:16,01:31:22,Happy,"{'Angry': 0.0004604157875292003, 'Disgusted': 0.001626634388230741, 'Fearful': 0.00035195230157114565, 'Happy': 0.9495525360107422, 'Neutral': 0.02886754833161831, 'Other': 0.00455061998218298, 'Sad': 0.010845155455172062, 'Surprised': 0.0006792685016989708, 'Unknown': 0.0030658154282718897}","I did scritch her ears, but I'm going to continue down to the end of the hall."
MATT,01:31:22,01:31:25,Happy,"{'Angry': 0.00016612550825811923, 'Disgusted': 0.00012348568998277187, 'Fearful': 0.00011738613829948008, 'Happy': 0.9934275150299072, 'Neutral': 0.002958612749353051, 'Other': 2.8617039788514376e-05, 'Sad': 0.0002070053742500022, 'Surprised': 0.002968687331303954, 'Unknown': 2.6763384539663093e-06}",This way?
LIAM,01:31:25,01:31:26,Neutral,"{'Angry': 0.00017346980166621506, 'Disgusted': 0.00010510784341022372, 'Fearful': 5.346046236809343e-05, 'Happy': 0.0015992625849321485, 'Neutral': 0.9976383447647095, 'Other': 4.7583721425326075e-06, 'Sad': 9.713185136206448e-05, 'Surprised': 0.0003214910684619099, 'Unknown': 7.110713795555057e-06}",Yeah.
MATT,01:31:26,01:31:32,Happy,"{'Angry': 1.1207062361462405e-10, 'Disgusted': 4.0851669269592605e-10, 'Fearful': 9.234622094789202e-11, 'Happy': 1.0, 'Neutral': 2.2939334876070916e-09, 'Other': 1.653805703494271e-10, 'Sad': 6.120665640985123e-10, 'Surprised': 1.2581226338514995e-10, 'Unknown': 7.188190598306221e-10}","Okay, you make your way into what looks like a giant foyer, into a secondary entrance in the side of the fortress."
LIAM,01:31:32,01:31:33,Surprised,"{'Angry': 0.03220842033624649, 'Disgusted': 0.021366285160183907, 'Fearful': 0.00269355159252882, 'Happy': 0.1825505495071411, 'Neutral': 0.233455091714859, 'Other': 0.00010850748367374763, 'Sad': 0.008188138715922832, 'Surprised': 0.5192709565162659, 'Unknown': 0.00015854615776333958}","I just walk all the way over to the corner, stealthing."
MATT,01:31:33,01:31:35,Neutral,"{'Angry': 3.874952358984274e-09, 'Disgusted': 3.863629416400727e-10, 'Fearful': 1.376390251772719e-10, 'Happy': 1.4960665595253886e-08, 'Neutral': 1.0, 'Other': 5.733600746959944e-11, 'Sad': 7.248897926359632e-09, 'Surprised': 3.927198566344714e-10, 'Unknown': 1.0304205405597955e-10}",Make a stealth check.
LIAM,01:31:35,01:31:37,Neutral,"{'Angry': 1.1774043287005043e-06, 'Disgusted': 2.5202180040651e-06, 'Fearful': 1.1755452078432427e-06, 'Happy': 3.6360108879307518e-06, 'Neutral': 0.9999728202819824, 'Other': 1.4131896932667587e-06, 'Sad': 7.617159099027049e-06, 'Surprised': 6.053677736872487e-08, 'Unknown': 9.550058166496456e-06}","It's high, it's 28."
MATT,01:31:37,01:31:49,Neutral,"{'Angry': 6.506687549867607e-13, 'Disgusted': 2.3170357573245627e-14, 'Fearful': 5.931093679747588e-15, 'Happy': 7.44941760187634e-13, 'Neutral': 1.0, 'Other': 2.9573041505058257e-15, 'Sad': 2.1496398411313677e-12, 'Surprised': 2.310271928190194e-13, 'Unknown': 1.6406162520643704e-14}","28, got it, okay. So, as you make your way through, you eventually careen to this corner. You can see another hallway, what appears to be another room of some kind. You also glance back and see there are two sets of stairways that go up and down."
LIAM,01:31:49,01:31:51,Neutral,"{'Angry': 0.002817981643602252, 'Disgusted': 0.00046381750144064426, 'Fearful': 0.00014503326383419335, 'Happy': 0.009716975502669811, 'Neutral': 0.985508382320404, 'Other': 1.0195662980549969e-05, 'Sad': 0.0006637890473939478, 'Surprised': 0.0006604011286981404, 'Unknown': 1.3315137948666234e-05}",What's behind me?
MATT,01:31:51,01:31:53,Neutral,"{'Angry': 7.943556229461635e-11, 'Disgusted': 8.723155010825767e-12, 'Fearful': 2.34099480252159e-12, 'Happy': 2.0989848747987594e-10, 'Neutral': 1.0, 'Other': 1.166681009613646e-12, 'Sad': 1.997368104245112e-10, 'Surprised': 1.6457524579238658e-11, 'Unknown': 8.927174104111923e-12}",This is a giant foyer that leads outside of the fortress.
LIAM,01:31:53,01:31:54,Happy,"{'Angry': 0.06819967925548553, 'Disgusted': 0.000668117543682456, 'Fearful': 0.0005644582561217248, 'Happy': 0.367239773273468, 'Neutral': 0.3064323961734772, 'Other': 0.0019741496071219444, 'Sad': 0.1408821940422058, 'Surprised': 0.11348716914653778, 'Unknown': 0.0005520724225789309}",And the edge of the map this way?
MATT,01:31:54,01:32:03,Neutral,"{'Angry': 2.866923278638245e-12, 'Disgusted': 1.211645665527214e-13, 'Fearful': 3.040641943416987e-14, 'Happy': 5.328483747985002e-12, 'Neutral': 1.0, 'Other': 1.0130858791570965e-14, 'Sad': 8.091902148343877e-12, 'Surprised': 9.038397200816783e-13, 'Unknown': 7.093666474534965e-14}","This way here? This way? This comes to an abrupt end at that point, a rocky wall into the mountain itself that it's buttressed up against."
LIAM,01:32:03,01:32:05,Sad,"{'Angry': 4.6331902581187023e-07, 'Disgusted': 3.6009171822115604e-07, 'Fearful': 1.5062725651660003e-05, 'Happy': 3.6021385767526226e-06, 'Neutral': 1.8230324485557503e-06, 'Other': 9.367223015033233e-07, 'Sad': 0.9999736547470093, 'Surprised': 4.036012342112372e-06, 'Unknown': 5.620183429755343e-08}","Okay, I'm gonna keep coming this way, stealthing."
MATT,01:32:05,01:32:08,Other,"{'Angry': 0.000173163105500862, 'Disgusted': 4.8553560191066936e-05, 'Fearful': 0.0013131126761436462, 'Happy': 0.001133378129452467, 'Neutral': 5.2208732086000964e-05, 'Other': 0.992885410785675, 'Sad': 0.0042751263827085495, 'Surprised': 2.1295270926202647e-05, 'Unknown': 9.770986798685044e-05}",All right. As you move through--
LAURA,01:32:08,01:32:13,Other,"{'Angry': 0.0020727640949189663, 'Disgusted': 0.0016396052669733763, 'Fearful': 0.0007554022595286369, 'Happy': 0.00745017547160387, 'Neutral': 0.02093726582825184, 'Other': 0.9414048194885254, 'Sad': 0.023433592170476913, 'Surprised': 0.0011995540698990226, 'Unknown': 0.001106909941881895}",What's happening with that dude I-- are you doing all this while I just pin down--
LIAM,01:32:13,01:32:15,Neutral,"{'Angry': 0.0014095864025875926, 'Disgusted': 0.00027152884285897017, 'Fearful': 0.00011052448826376349, 'Happy': 0.1998351365327835, 'Neutral': 0.7900833487510681, 'Other': 2.4074173779808916e-05, 'Sad': 0.0006490138475783169, 'Surprised': 0.007605127524584532, 'Unknown': 1.164490731753176e-05}",Yeah. I don't know what's going on back there. I'm just walking around.
MATT,01:32:15,01:32:23,Happy,"{'Angry': 6.081475323327368e-09, 'Disgusted': 1.0938652650338554e-08, 'Fearful': 7.244916222504116e-09, 'Happy': 0.9999998807907104, 'Neutral': 4.3894999635085696e-08, 'Other': 3.925177960439896e-09, 'Sad': 5.2976062647758226e-08, 'Surprised': 1.4035490991659572e-08, 'Unknown': 4.571159450961204e-09}","So, you glance in this room. There's an open walkway and what appears to be another barrack section, also completely empty."
LIAM,01:32:23,01:32:29,Neutral,"{'Angry': 5.79719890083652e-05, 'Disgusted': 9.63893107837066e-05, 'Fearful': 1.3817424587614369e-05, 'Happy': 0.36162590980529785, 'Neutral': 0.6343353986740112, 'Other': 0.00031913211569190025, 'Sad': 0.0003018283750861883, 'Surprised': 2.374696578044677e-06, 'Unknown': 0.003247152315452695}",Screw that. Do I see a door for this room that's still darkened out? Then I'm gonna keep sliding along the wall.
MATT,01:32:29,01:32:35,Neutral,"{'Angry': 0.0007734759128652513, 'Disgusted': 0.0015897060511633754, 'Fearful': 7.764043402858078e-05, 'Happy': 0.03851646929979324, 'Neutral': 0.951949417591095, 'Other': 0.004685401916503906, 'Sad': 0.0006214594468474388, 'Surprised': 0.00029691122472286224, 'Unknown': 0.0014895779313519597}","Okay, as you slide along here, to make your way around to a door there."
LIAM,01:32:35,01:32:38,Neutral,"{'Angry': 4.331906402056489e-14, 'Disgusted': 1.6647803656319937e-15, 'Fearful': 2.410800028184568e-16, 'Happy': 5.4626171207966534e-14, 'Neutral': 1.0, 'Other': 4.182238676655705e-16, 'Sad': 1.2692223574223283e-13, 'Surprised': 2.6017020162598728e-14, 'Unknown': 1.1903867521488956e-15}","Okay. Pressing my hand, just to see if I can check any for traps."
MATT,01:32:38,01:32:39,Fearful,"{'Angry': 0.2808665633201599, 'Disgusted': 0.014578183181583881, 'Fearful': 0.5267213582992554, 'Happy': 0.024632316082715988, 'Neutral': 0.017573539167642593, 'Other': 0.0005528930341824889, 'Sad': 0.01146819069981575, 'Surprised': 0.12344200909137726, 'Unknown': 0.00016501983918715268}",Okay.
LIAM,01:32:39,01:32:43,Happy,"{'Angry': 0.004641043022274971, 'Disgusted': 0.0009887416381388903, 'Fearful': 0.0018740578088909388, 'Happy': 0.9838886260986328, 'Neutral': 0.0021534219849854708, 'Other': 0.0002451907203067094, 'Sad': 0.0018953601829707623, 'Surprised': 0.0001499652862548828, 'Unknown': 0.004163612145930529}",26.
MATT,01:32:43,01:32:46,Neutral,"{'Angry': 1.4325799384096172e-05, 'Disgusted': 2.607891110528726e-05, 'Fearful': 1.9875142243108712e-05, 'Happy': 0.0009121668990701437, 'Neutral': 0.9974384307861328, 'Other': 8.927840826800093e-05, 'Sad': 7.574633491458371e-05, 'Surprised': 5.859768634763896e-07, 'Unknown': 0.0014234046684578061}","26, all right. The door does not appear to be trapped."
TALIESIN,01:32:46,01:32:48,Neutral,"{'Angry': 7.306553279073924e-11, 'Disgusted': 1.172197755527904e-11, 'Fearful': 2.8369348970685992e-12, 'Happy': 1.5724478663603492e-10, 'Neutral': 1.0, 'Other': 1.7323222934254034e-12, 'Sad': 3.429403427901434e-10, 'Surprised': 1.3650716841617783e-11, 'Unknown': 9.685107750512234e-12}",I'm gonna be heading in that direction anyway.
MARISHA,01:32:48,01:32:49,Neutral,"{'Angry': 7.371327370719882e-08, 'Disgusted': 4.759985827718083e-08, 'Fearful': 5.3013713419147734e-09, 'Happy': 2.3381747382700269e-07, 'Neutral': 0.9999994039535522, 'Other': 3.70628683299401e-09, 'Sad': 1.1791306775421617e-07, 'Surprised': 1.3577244217799489e-08, 'Unknown': 1.889245648811766e-09}",Agreed. Same here.
MATT,01:32:49,01:32:50,Disgusted,"{'Angry': 0.13478891551494598, 'Disgusted': 0.6930398344993591, 'Fearful': 0.0005335036548785865, 'Happy': 0.015694504603743553, 'Neutral': 0.11951043456792831, 'Other': 6.625839887419716e-05, 'Sad': 0.03577388450503349, 'Surprised': 0.00034928665263578296, 'Unknown': 0.00024345565179828554}",Okay.
LIAM,01:32:50,01:32:52,Neutral,"{'Angry': 2.3388314730254933e-05, 'Disgusted': 4.257742693880573e-05, 'Fearful': 8.25673487270251e-06, 'Happy': 0.0005008658044971526, 'Neutral': 0.999323844909668, 'Other': 2.9173619623179547e-05, 'Sad': 4.222373536322266e-05, 'Surprised': 1.0071235010400414e-05, 'Unknown': 1.964278817467857e-05}",I would like to stealth through the door.
ORION,01:32:52,01:32:57,Neutral,"{'Angry': 0.00012131068797316402, 'Disgusted': 0.00039721146458759904, 'Fearful': 0.0001166296424344182, 'Happy': 0.01532613206654787, 'Neutral': 0.977897584438324, 'Other': 0.0005468000308610499, 'Sad': 0.0007699033012613654, 'Surprised': 2.0782945284736343e-05, 'Unknown': 0.0048035625368356705}","Before I leave, I carefully examine that statue."
MATT,01:32:57,01:33:00,Neutral,"{'Angry': 4.4418729805428825e-10, 'Disgusted': 2.391111197930229e-10, 'Fearful': 2.254218686714715e-11, 'Happy': 2.7559408088961845e-09, 'Neutral': 1.0, 'Other': 3.568639828088749e-11, 'Sad': 2.076519178828562e-09, 'Surprised': 1.0161689545373775e-10, 'Unknown': 4.6482446364182195e-11}","Okay, what are you examining?"
ORION,01:33:00,01:33:05,Neutral,"{'Angry': 1.3787235242368467e-10, 'Disgusted': 2.7951228137590434e-11, 'Fearful': 1.0420176006775694e-11, 'Happy': 1.1310271608167e-09, 'Neutral': 1.0, 'Other': 4.631180421793557e-12, 'Sad': 6.595637369599672e-10, 'Surprised': 6.187050177741682e-11, 'Unknown': 1.2489408812710323e-11}","The facial features of the god, the deity, right? Is that what he is?"
MATT,01:33:05,01:33:27,Neutral,"{'Angry': 3.4832627893166546e-09, 'Disgusted': 1.0463739874566613e-09, 'Fearful': 2.473236060396289e-10, 'Happy': 3.1494241170548776e-07, 'Neutral': 0.9999996423721313, 'Other': 2.2239740604668157e-10, 'Sad': 2.1679586126310824e-08, 'Surprised': 2.036448343289976e-09, 'Unknown': 4.855132962333641e-10}","Yeah. Okay, so you look at the face of Laduguer. You can see it's very, very old, it's very well-crafted. You can see a lot of very meticulous craftsmanship went into its creation. It almost glistens with a perfection that is out of place in an area that is so covered in soot and various other volcanic activity-based mineral deposits."
ORION,01:33:27,01:33:36,Happy,"{'Angry': 4.2378506259765913e-10, 'Disgusted': 9.842403558835144e-10, 'Fearful': 1.5843877598786804e-10, 'Happy': 1.0, 'Neutral': 1.9884867086261693e-08, 'Other': 1.7585440048595302e-10, 'Sad': 2.6113087248091915e-09, 'Surprised': 6.07892181037073e-10, 'Unknown': 4.477974935301887e-10}","I'm gonna do a quick arcana check, just to see if there's any kind of mystical thing around it or anything like that. And it's 19."
MATT,01:33:36,01:33:45,Happy,"{'Angry': 3.807258863730567e-08, 'Disgusted': 7.203537677469285e-08, 'Fearful': 4.44455316994663e-08, 'Happy': 0.9999994039535522, 'Neutral': 5.375715161903827e-08, 'Other': 6.978287103720504e-08, 'Sad': 2.0797189392851578e-07, 'Surprised': 1.427122953145954e-08, 'Unknown': 1.645210261358443e-07}","Okay. There is some sort of a hum to the air that has an arcane element to it, but you are unable to pinpoint what it necessarily means or what the source is."
ORION,01:33:45,01:33:51,Neutral,"{'Angry': 3.78948629986553e-06, 'Disgusted': 1.2175714800832793e-06, 'Fearful': 1.6361066457193374e-07, 'Happy': 2.918726568168495e-05, 'Neutral': 0.9999600648880005, 'Other': 1.3054477676632814e-06, 'Sad': 8.54927691307239e-07, 'Surprised': 2.1809107408898853e-07, 'Unknown': 3.156080992994248e-06}","Interesting. Knowing that, I kind of gather my thoughts and I head towards where the rest of the group is."
MATT,01:33:51,01:34:10,Neutral,"{'Angry': 5.704217344781534e-14, 'Disgusted': 1.8860404062896307e-15, 'Fearful': 3.0293852778886274e-16, 'Happy': 7.081310635526777e-14, 'Neutral': 1.0, 'Other': 4.3952716980548976e-16, 'Sad': 2.1815592409803186e-13, 'Surprised': 2.5928096949730077e-14, 'Unknown': 1.3143648470561394e-15}","Okay, so, while you're opening the door, the mage in the far corner kind of looks about sporadically and looks down at the arrow in its hand and its shoulder and just kind of fearfully, ""Wait wait wait! Wait. Stop. Don't attack. Let's have a conversation."""
LAURA,01:34:10,01:34:13,Happy,"{'Angry': 2.487372530168841e-10, 'Disgusted': 2.352627426205345e-09, 'Fearful': 6.918051131954428e-10, 'Happy': 1.0, 'Neutral': 6.927786344590459e-09, 'Other': 1.2680440031331841e-09, 'Sad': 2.3289337125476095e-09, 'Surprised': 7.087622155843576e-10, 'Unknown': 9.800596778575255e-09}",Speak fast. Before I kill you.
MATT,01:34:13,01:34:20,Neutral,"{'Angry': 7.767396709823515e-06, 'Disgusted': 8.199090189009439e-07, 'Fearful': 1.9837585796267376e-08, 'Happy': 0.3582566976547241, 'Neutral': 0.6417283415794373, 'Other': 6.392351536987917e-08, 'Sad': 5.4051229199103545e-06, 'Surprised': 8.571718126404448e-07, 'Unknown': 3.199828313427133e-08}","He leans forward, kind of pulling the arrow out of the doorway. (groans in pain) Starts hobbling towards you a little bit."
LAURA,01:34:20,01:34:24,Happy,"{'Angry': 5.8864763559540734e-05, 'Disgusted': 1.7902901163324714e-05, 'Fearful': 0.0001714035461191088, 'Happy': 0.9943197965621948, 'Neutral': 3.125738294329494e-05, 'Other': 7.015250957920216e-06, 'Sad': 6.570999539690092e-05, 'Surprised': 0.005326051265001297, 'Unknown': 2.002441533477395e-06}","Can we all-- we go in the room and Trinket goes up next to him and, like, gets all up in his face?"
MATT,01:34:24,01:34:34,Happy,"{'Angry': 1.2766713242129413e-09, 'Disgusted': 8.401492834764213e-09, 'Fearful': 1.2378195135553938e-09, 'Happy': 0.9999998807907104, 'Neutral': 2.734401149950827e-08, 'Other': 1.4232554690352117e-08, 'Sad': 7.405896340628715e-09, 'Surprised': 7.219530528956852e-10, 'Unknown': 4.1151462681909834e-08}","Okay. As you both enter, both of you make constitution saving throws. As two more plumes of poison (pff) out of the ground as both you and Trinket walk in."
LIAM,01:34:34,01:34:36,Neutral,"{'Angry': 0.0009917767019942403, 'Disgusted': 0.00034155487082898617, 'Fearful': 2.6616220566211268e-05, 'Happy': 0.1446595937013626, 'Neutral': 0.8534501791000366, 'Other': 1.5481917216675356e-05, 'Sad': 0.0004030701529700309, 'Surprised': 8.390798757318407e-05, 'Unknown': 2.7897282052435912e-05}",Good.
LAURA,01:34:36,01:34:37,Surprised,"{'Angry': 0.012052753008902073, 'Disgusted': 4.7390426516358275e-06, 'Fearful': 4.3247749204056163e-07, 'Happy': 0.00034875498386099935, 'Neutral': 9.322149708168581e-05, 'Other': 1.5407121054522577e-06, 'Sad': 2.827737034749589e-06, 'Surprised': 0.9874956607818604, 'Unknown': 2.581467306583818e-08}",15?
MATT,01:34:37,01:34:39,Happy,"{'Angry': 5.483662968153169e-10, 'Disgusted': 1.3180366797982401e-09, 'Fearful': 1.44944972690908e-10, 'Happy': 1.0, 'Neutral': 2.2611970074137844e-09, 'Other': 1.9170252885114536e-10, 'Sad': 4.4277809196913154e-10, 'Surprised': 2.647925489984715e-10, 'Unknown': 4.174879331131365e-10}","15, okay. And for Trinket as well."
LAURA,01:34:39,01:34:50,Neutral,"{'Angry': 0.03920481726527214, 'Disgusted': 0.013035190291702747, 'Fearful': 0.00034143964876420796, 'Happy': 0.25331631302833557, 'Neutral': 0.6760715842247009, 'Other': 0.009645198471844196, 'Sad': 0.0008917020168155432, 'Surprised': 0.002200069837272167, 'Unknown': 0.005293634720146656}","Oh, I should've been so smart, but I wasn't. (laughter)"
LAURA,01:34:50,01:34:53,Neutral,"{'Angry': 0.00390585046261549, 'Disgusted': 0.0006990793044678867, 'Fearful': 4.5735381718259305e-05, 'Happy': 0.361936092376709, 'Neutral': 0.6300778388977051, 'Other': 3.276009374530986e-05, 'Sad': 0.0004107958811800927, 'Surprised': 0.0028772715013474226, 'Unknown': 1.4593489140679594e-05}",14 for Trinket.
MATT,01:34:53,01:34:55,Neutral,"{'Angry': 0.0078629981726408, 'Disgusted': 0.05534101277589798, 'Fearful': 0.0011400816729292274, 'Happy': 0.07202673703432083, 'Neutral': 0.8024289011955261, 'Other': 0.006499360781162977, 'Sad': 0.0009093043627217412, 'Surprised': 0.0013626831350848079, 'Unknown': 0.05242890864610672}",Okay. You take seven points of poison damage.
LAURA,01:34:55,01:34:57,Neutral,"{'Angry': 1.0925359674729407e-06, 'Disgusted': 2.040711251538596e-06, 'Fearful': 3.602309561756556e-07, 'Happy': 1.1297549463051837e-05, 'Neutral': 0.9999701976776123, 'Other': 3.6262081266613677e-06, 'Sad': 3.047124437216553e-06, 'Surprised': 2.0385198240546742e-07, 'Unknown': 8.10500841907924e-06}",Okay.
MATT,01:34:57,01:35:00,Neutral,"{'Angry': 3.7826880516789174e-11, 'Disgusted': 1.051240344773774e-11, 'Fearful': 3.260717650749312e-12, 'Happy': 1.5422957355681888e-10, 'Neutral': 1.0, 'Other': 2.5434049397837777e-12, 'Sad': 4.089338034862777e-10, 'Surprised': 1.1267412350357553e-11, 'Unknown': 1.3936770140721144e-11}","Trinket, however, takes 14 points of poison damage."
LAURA,01:35:00,01:35:01,Neutral,"{'Angry': 1.7010357851177105e-06, 'Disgusted': 2.4688785060789087e-07, 'Fearful': 2.8693140308178045e-08, 'Happy': 4.650122718885541e-06, 'Neutral': 0.9999922513961792, 'Other': 1.8797540235482302e-07, 'Sad': 4.631641843388934e-07, 'Surprised': 4.718909281109518e-07, 'Unknown': 1.0829829477643216e-08}","Oh man. What did I get, seven?"
MATT,01:35:01,01:35:04,Happy,"{'Angry': 0.0008718222379684448, 'Disgusted': 0.002507004188373685, 'Fearful': 0.00012371042976155877, 'Happy': 0.6904000043869019, 'Neutral': 0.29794740676879883, 'Other': 0.0012659059138968587, 'Sad': 0.0003289305022917688, 'Surprised': 0.004390890244394541, 'Unknown': 0.0021643242798745632}",Seven. And Trinket is currently considered poisoned.
LAURA,01:35:04,01:35:06,Neutral,"{'Angry': 0.001962012378498912, 'Disgusted': 0.0044672852382063866, 'Fearful': 0.0005552059737965465, 'Happy': 0.08124246448278427, 'Neutral': 0.9084479212760925, 'Other': 0.0001626086886972189, 'Sad': 0.0008962023421190679, 'Surprised': 0.0011897971853613853, 'Unknown': 0.0010765751358121634}",Oh no!
SAM,01:35:06,01:35:07,Happy,"{'Angry': 0.0007303985767066479, 'Disgusted': 0.00028170034056529403, 'Fearful': 0.00020164228044450283, 'Happy': 0.9694715142250061, 'Neutral': 0.025986015796661377, 'Other': 1.9702467398019508e-05, 'Sad': 0.002745850943028927, 'Surprised': 0.0005537059041671455, 'Unknown': 9.474540092924144e-06}",What does that mean?
MATT,01:35:07,01:35:11,Unknown,"{'Angry': 0.04549390822649002, 'Disgusted': 0.052792128175497055, 'Fearful': 0.008842903189361095, 'Happy': 0.014826442115008831, 'Neutral': 0.15067099034786224, 'Other': 0.19417862594127655, 'Sad': 0.008777293376624584, 'Surprised': 0.018734462559223175, 'Unknown': 0.5056833028793335}","It means disadvantage on attack rolls, disadvantage on ability checks."
LAURA,01:35:11,01:35:12,Surprised,"{'Angry': 0.18295761942863464, 'Disgusted': 0.0066945916041731834, 'Fearful': 0.0013451447011902928, 'Happy': 0.011743396520614624, 'Neutral': 0.13498155772686005, 'Other': 0.000354432879248634, 'Sad': 0.011421131901443005, 'Surprised': 0.6503690481185913, 'Unknown': 0.0001331220119027421}",That's okay.
MATT,01:35:12,01:35:19,Surprised,"{'Angry': 0.007249511778354645, 'Disgusted': 0.012120821513235569, 'Fearful': 0.006564586888998747, 'Happy': 0.10051020234823227, 'Neutral': 0.354816734790802, 'Other': 0.0013005055952817202, 'Sad': 0.004604683257639408, 'Surprised': 0.49946555495262146, 'Unknown': 0.013367452658712864}",And now there's a bear coughing and kind of thrashing about the room. The table it bumps into and it kind of topples over.
LAURA,01:35:19,01:35:21,Happy,"{'Angry': 0.00021010205091442913, 'Disgusted': 0.0007044420344755054, 'Fearful': 0.0006987194065004587, 'Happy': 0.6277967691421509, 'Neutral': 0.3531454801559448, 'Other': 0.00021949382789898664, 'Sad': 0.0010769121581688523, 'Surprised': 3.846085746772587e-05, 'Unknown': 0.016109613701701164}",Is this like a turn thing or can I do something?
MATT,01:35:21,01:35:26,Happy,"{'Angry': 0.3101242780685425, 'Disgusted': 0.015664266422390938, 'Fearful': 0.007351426407694817, 'Happy': 0.4261897802352905, 'Neutral': 0.039239272475242615, 'Other': 0.01819671504199505, 'Sad': 0.010109484195709229, 'Surprised': 0.0010590763995423913, 'Unknown': 0.17206566035747528}","Well, this is just a reactionary moment of you guys coughing and trying to get out of this poisonous fume."
LAURA,01:35:26,01:35:29,Neutral,"{'Angry': 1.4350473698243604e-08, 'Disgusted': 1.1708627845052888e-08, 'Fearful': 3.3261755572056018e-09, 'Happy': 2.1227880608876148e-07, 'Neutral': 0.9999996423721313, 'Other': 8.807890528039763e-10, 'Sad': 1.3869158976831386e-07, 'Surprised': 2.408786414775932e-08, 'Unknown': 4.957345645095756e-10}","I mean, can I quickly cast Protection from Poison on Trinket?"
MATT,01:35:29,01:35:30,Angry,"{'Angry': 0.6114004850387573, 'Disgusted': 0.0014793063746765256, 'Fearful': 0.0008816660265438259, 'Happy': 0.014540711417794228, 'Neutral': 0.13167700171470642, 'Other': 0.00015106250066310167, 'Sad': 0.004484974313527346, 'Surprised': 0.23535852134227753, 'Unknown': 2.6225330657325685e-05}","You can, yes."
LAURA,01:35:30,01:35:31,Neutral,"{'Angry': 3.0439930469583487e-06, 'Disgusted': 9.975369721360039e-06, 'Fearful': 1.1102726915623862e-07, 'Happy': 8.76287685969146e-06, 'Neutral': 0.9999606609344482, 'Other': 4.419406650413293e-06, 'Sad': 2.169706704080454e-06, 'Surprised': 1.0027159987657797e-05, 'Unknown': 8.950211736191704e-07}",Okay. I do that.
MATT,01:35:31,01:35:32,Neutral,"{'Angry': 1.3869775727926026e-07, 'Disgusted': 7.590434591975281e-08, 'Fearful': 3.0339737389084576e-09, 'Happy': 5.114636678626994e-07, 'Neutral': 0.9999992847442627, 'Other': 4.126325947595433e-09, 'Sad': 3.9765172488159806e-08, 'Surprised': 2.331239734587598e-08, 'Unknown': 9.014267110529772e-10}",Okay.
LAURA,01:35:32,01:35:34,Neutral,"{'Angry': 3.431465723548188e-13, 'Disgusted': 1.1332095506378596e-14, 'Fearful': 2.5191164309575206e-15, 'Happy': 3.9089131237401986e-13, 'Neutral': 1.0, 'Other': 1.4980543178218383e-15, 'Sad': 1.1783212209778848e-12, 'Surprised': 1.212628223746029e-13, 'Unknown': 7.591310867134486e-15}",And that cures it.
MATT,01:35:34,01:35:35,Neutral,"{'Angry': 0.0019178941147401929, 'Disgusted': 0.009414765983819962, 'Fearful': 0.014995498582720757, 'Happy': 0.07763069123029709, 'Neutral': 0.6771870255470276, 'Other': 0.0007269923808053136, 'Sad': 0.0034149684943258762, 'Surprised': 6.653688615188003e-05, 'Unknown': 0.2146456390619278}",That completely removes the poison?
LAURA,01:35:35,01:35:36,Angry,"{'Angry': 0.6619101762771606, 'Disgusted': 0.23670421540737152, 'Fearful': 0.0006493493565358222, 'Happy': 0.028911741450428963, 'Neutral': 0.04468030855059624, 'Other': 0.00019807192438747734, 'Sad': 0.02350287139415741, 'Surprised': 0.003361806273460388, 'Unknown': 8.151406655088067e-05}",Yes it does.
MATT,01:35:36,01:35:37,Disgusted,"{'Angry': 0.12451574206352234, 'Disgusted': 0.6009254455566406, 'Fearful': 0.0007460099295713007, 'Happy': 0.013279489241540432, 'Neutral': 0.18786834180355072, 'Other': 4.373397314338945e-05, 'Sad': 0.030254466459155083, 'Surprised': 0.042338915169239044, 'Unknown': 2.786905679386109e-05}",Okay.
LAURA,01:35:37,01:35:38,Happy,"{'Angry': 0.0005503296270035207, 'Disgusted': 4.516859189607203e-05, 'Fearful': 6.223835498531116e-06, 'Happy': 0.9992824196815491, 'Neutral': 5.839177538291551e-05, 'Other': 1.5116199392650742e-05, 'Sad': 1.5945955965435132e-05, 'Surprised': 1.8655754274732317e-06, 'Unknown': 2.4471401047776453e-05}",Yay Trinket!
MATT,01:35:38,01:35:49,Neutral,"{'Angry': 8.259200967586366e-07, 'Disgusted': 4.3287229800625937e-07, 'Fearful': 6.08095334087011e-08, 'Happy': 6.677211104033631e-07, 'Neutral': 0.9998773336410522, 'Other': 5.578411901296931e-07, 'Sad': 0.0001199648977490142, 'Surprised': 2.3514878932928696e-08, 'Unknown': 1.1525544607593474e-07}","Well done. So that's your action. You now, as you are checking the door and you open it up, you hear all this commotion going off to the side now. Scanlan, you're over there as well, watching as more plumes of these poisonous smoke bits."
SAM,01:35:49,01:35:53,Neutral,"{'Angry': 1.0054114387824525e-13, 'Disgusted': 3.4484030536537915e-15, 'Fearful': 6.720446753788304e-16, 'Happy': 1.2295436749906047e-13, 'Neutral': 1.0, 'Other': 6.256646981376516e-16, 'Sad': 3.381243852615401e-13, 'Surprised': 5.0165472091027313e-14, 'Unknown': 2.22813859071904e-15}","If I get close to the door without going through it, can I see the guy?"
MATT,01:35:53,01:36:03,Happy,"{'Angry': 6.270779977057828e-06, 'Disgusted': 7.87939006841043e-06, 'Fearful': 1.7046487528205034e-06, 'Happy': 0.9856196641921997, 'Neutral': 0.01417063269764185, 'Other': 1.3479370863933582e-05, 'Sad': 4.922158404951915e-05, 'Surprised': 0.0001257791300304234, 'Unknown': 5.322337983670877e-06}","You can move over and look, you can just barely make out his form. It is a dark room that is currently filled with a slowly dissipating green cloud so it's hard to make him out."
SAM,01:36:03,01:36:14,Happy,"{'Angry': 2.5482585486180653e-10, 'Disgusted': 9.69202940126479e-10, 'Fearful': 2.396165210694079e-10, 'Happy': 1.0, 'Neutral': 3.8422607318011615e-09, 'Other': 1.7605643332085918e-10, 'Sad': 1.7269080609949583e-09, 'Surprised': 3.023679917557587e-10, 'Unknown': 4.859674329615871e-10}","Okay, well then I will just-- fuck (laughs). Well, if I can't see him then I will just yell at him."
MATT,01:36:14,01:36:15,Neutral,"{'Angry': 0.003391645848751068, 'Disgusted': 0.0009365617297589779, 'Fearful': 8.738331962376833e-05, 'Happy': 0.11469683051109314, 'Neutral': 0.8741641640663147, 'Other': 2.254434184578713e-05, 'Sad': 0.0039311358705163, 'Surprised': 0.0027655446901917458, 'Unknown': 4.186266778560821e-06}",All right.
SAM,01:36:15,01:36:24,Happy,"{'Angry': 0.006591273471713066, 'Disgusted': 0.0035512419417500496, 'Fearful': 0.0010798529256135225, 'Happy': 0.6159641742706299, 'Neutral': 0.2909412384033203, 'Other': 0.007934021763503551, 'Sad': 0.02809125743806362, 'Surprised': 0.00021814893989358097, 'Unknown': 0.04562873765826225}","I'll yell with Vicious Mockery. I don't like you very much for poisoning me and my friends, you're a poopy head! (laughter)"
MARISHA,01:36:24,01:36:25,Neutral,"{'Angry': 0.018463164567947388, 'Disgusted': 0.006785462610423565, 'Fearful': 0.0006759539828635752, 'Happy': 0.08446997404098511, 'Neutral': 0.8690404891967773, 'Other': 0.0009399561095051467, 'Sad': 0.016142267733812332, 'Surprised': 0.003463953733444214, 'Unknown': 1.879293631645851e-05}",So vicious.
LAURA,01:36:25,01:36:26,Neutral,"{'Angry': 0.00010121878585778177, 'Disgusted': 3.4107219107681885e-05, 'Fearful': 1.0804632438521367e-05, 'Happy': 0.00015972940309438854, 'Neutral': 0.999605119228363, 'Other': 1.1196688092240947e-06, 'Sad': 3.4752971259877086e-05, 'Surprised': 5.2530449465848505e-05, 'Unknown': 6.492523993983923e-07}",That is threatening.
MARISHA,01:36:26,01:36:29,Surprised,"{'Angry': 0.0018252393929287791, 'Disgusted': 0.0010183547856286168, 'Fearful': 0.0021102270111441612, 'Happy': 0.21539583802223206, 'Neutral': 0.04569981247186661, 'Other': 0.0017634421819821, 'Sad': 0.000989937107078731, 'Surprised': 0.7075781226158142, 'Unknown': 0.023619022220373154}",Damn.
SAM,01:36:29,01:36:33,Neutral,"{'Angry': 1.7790414974516722e-11, 'Disgusted': 1.0945852514307464e-12, 'Fearful': 2.8228512734783384e-13, 'Happy': 3.02087070636059e-11, 'Neutral': 1.0, 'Other': 1.295638536779123e-13, 'Sad': 3.309958904185173e-11, 'Surprised': 6.004268263137824e-12, 'Unknown': 6.423367697114268e-13}",Ooh. That does seven points of damage.
MATT,01:36:33,01:36:40,Neutral,"{'Angry': 1.146819639252783e-09, 'Disgusted': 3.559600392222251e-10, 'Fearful': 1.0879943473929288e-10, 'Happy': 1.2238047242263406e-09, 'Neutral': 1.0, 'Other': 5.5301697249321435e-11, 'Sad': 4.858833335674717e-09, 'Surprised': 1.159963514130169e-10, 'Unknown': 1.5722050050737124e-10}",Seven points from Vicious Mockery? All right! (laughter)
MATT,01:36:40,01:36:41,Angry,"{'Angry': 0.9393438100814819, 'Disgusted': 0.0004816094588022679, 'Fearful': 8.809703285805881e-05, 'Happy': 0.006094728130847216, 'Neutral': 0.046147894114255905, 'Other': 0.0008633452816866338, 'Sad': 0.006452238652855158, 'Surprised': 0.0004298550193198025, 'Unknown': 9.846829198068008e-05}",I don't know how that works.
SAM,01:36:41,01:36:43,Neutral,"{'Angry': 0.0005844104452989995, 'Disgusted': 0.005257874261587858, 'Fearful': 0.0023229257203638554, 'Happy': 0.0009023657185025513, 'Neutral': 0.9723803997039795, 'Other': 0.00014830932195764035, 'Sad': 0.0009476461564190686, 'Surprised': 5.014321686758194e-06, 'Unknown': 0.017451027408242226}",It's Vicious Mockery. It's an attack.
MATT,01:36:43,01:36:44,Neutral,"{'Angry': 0.020249417051672935, 'Disgusted': 0.008201858960092068, 'Fearful': 0.00010867981472983956, 'Happy': 0.003286082297563553, 'Neutral': 0.9660046696662903, 'Other': 3.321698750369251e-05, 'Sad': 0.0017864065011963248, 'Surprised': 0.00030170363606885076, 'Unknown': 2.782846786431037e-05}",That's crazy.
LIAM,01:36:44,01:36:47,Angry,"{'Angry': 0.4300706088542938, 'Disgusted': 0.2889401614665985, 'Fearful': 0.002847411436960101, 'Happy': 0.17022165656089783, 'Neutral': 0.059667136520147324, 'Other': 0.00310734985396266, 'Sad': 0.04164933040738106, 'Surprised': 0.0015310264425352216, 'Unknown': 0.0019652985502034426}","That's, like, 80 points of damage!"
MARISHA,01:36:47,01:36:51,Neutral,"{'Angry': 5.823361237666802e-10, 'Disgusted': 1.0760513313723408e-10, 'Fearful': 2.5429018266076575e-11, 'Happy': 5.392719049090999e-10, 'Neutral': 1.0, 'Other': 1.805538010768437e-11, 'Sad': 9.551673896268653e-10, 'Surprised': 4.39540001617722e-11, 'Unknown': 7.56527895884318e-11}",And who said that words couldn't hurt people?
TALIESIN,01:36:51,01:36:54,Neutral,"{'Angry': 1.4152260474631362e-09, 'Disgusted': 3.447096497133373e-10, 'Fearful': 8.014552216328852e-11, 'Happy': 1.008094674403992e-08, 'Neutral': 1.0, 'Other': 5.22803605962352e-11, 'Sad': 3.769921708141055e-09, 'Surprised': 4.787353291568763e-10, 'Unknown': 3.429324879622442e-10}","And bonus damage to his mother, wherever she may be."
MARISHA,01:36:54,01:36:58,Neutral,"{'Angry': 2.305316744791175e-12, 'Disgusted': 1.1083494555084658e-13, 'Fearful': 2.676946832876493e-14, 'Happy': 2.9080633300732073e-12, 'Neutral': 1.0, 'Other': 7.602931312137868e-15, 'Sad': 6.907153668467281e-12, 'Surprised': 7.754875300941544e-13, 'Unknown': 5.803368988708049e-14}","Sticks and stones can break my bones, but words can hurt."
MATT,01:36:58,01:37:18,Happy,"{'Angry': 3.079749512835406e-05, 'Disgusted': 5.391434388002381e-05, 'Fearful': 2.200546623498667e-05, 'Happy': 0.9996649026870728, 'Neutral': 6.732689507771283e-05, 'Other': 1.8224945961264893e-05, 'Sad': 8.231539686676115e-05, 'Surprised': 4.77885187137872e-05, 'Unknown': 1.2758761840814259e-05}","Okay. So it has to make a will saving throw, against your DC. It rolls a three. It does not. So, as you shout out into this room, the currently fearful duergar mage kind of glances, eyes slide about, hears these words and you see him wrack his head for a second with a sudden sense of self-loathing and disappointment. (laughter)"
MATT,01:37:18,01:37:25,Neutral,"{'Angry': 0.003021912183612585, 'Disgusted': 0.0027720152866095304, 'Fearful': 0.0012542038457468152, 'Happy': 0.02189549431204796, 'Neutral': 0.9453735947608948, 'Other': 0.0034873236436396837, 'Sad': 0.011453310027718544, 'Surprised': 0.0014914977364242077, 'Unknown': 0.009250650182366371}",His hands drop and it looks like for a minute his intent to begin muttering some sort of incantation is momentarily distracted.
ORION,01:37:25,01:37:27,Neutral,"{'Angry': 0.0005238286685198545, 'Disgusted': 0.00011371372238500044, 'Fearful': 9.533195407129824e-05, 'Happy': 0.003205712419003248, 'Neutral': 0.977533757686615, 'Other': 6.876872703287518e-06, 'Sad': 0.00021617612219415605, 'Surprised': 0.01830212026834488, 'Unknown': 2.5933586584869772e-06}",Nice!
MATT,01:37:27,01:37:29,Neutral,"{'Angry': 4.6342007408384234e-05, 'Disgusted': 2.7542331736185588e-05, 'Fearful': 1.2870195860159583e-05, 'Happy': 0.00016431408585049212, 'Neutral': 0.9979050159454346, 'Other': 1.3689646948478185e-05, 'Sad': 4.850689583690837e-05, 'Surprised': 0.0017757101450115442, 'Unknown': 6.04257229497307e-06}","All right, awesome."
ASHLEY,01:37:29,01:37:30,Happy,"{'Angry': 0.00022655788052361459, 'Disgusted': 0.0025938786566257477, 'Fearful': 0.0012779559474438429, 'Happy': 0.989470362663269, 'Neutral': 0.0015243703965097666, 'Other': 0.0003286600986029953, 'Sad': 0.003753559198230505, 'Surprised': 0.0008011110476218164, 'Unknown': 2.346995097468607e-05}",Can I start moving back?
MATT,01:37:30,01:37:32,Neutral,"{'Angry': 0.00028131346334703267, 'Disgusted': 0.0009534771670587361, 'Fearful': 4.180155156063847e-05, 'Happy': 0.07885988056659698, 'Neutral': 0.9185653328895569, 'Other': 6.621568172704428e-05, 'Sad': 0.0007339050062000751, 'Surprised': 0.0004691039794124663, 'Unknown': 2.8949953048140742e-05}","Yeah, you can start moving back this way."
LIAM,01:37:32,01:37:38,Neutral,"{'Angry': 6.92653120495379e-05, 'Disgusted': 0.0005320999189279974, 'Fearful': 0.00024613988352939487, 'Happy': 0.013607962056994438, 'Neutral': 0.9505888223648071, 'Other': 0.0018087660428136587, 'Sad': 0.0008736250456422567, 'Surprised': 4.081948281964287e-05, 'Unknown': 0.032232485711574554}","I hear that, but I'm still going to poke my head stealthily through the door and see what I see. Do I need a new stealth check or?"
MATT,01:37:38,01:37:39,Unknown,"{'Angry': 0.02699802815914154, 'Disgusted': 0.26526403427124023, 'Fearful': 0.00341965863481164, 'Happy': 0.015241733752191067, 'Neutral': 0.23203308880329132, 'Other': 0.04655757173895836, 'Sad': 0.0010790352243930101, 'Surprised': 0.043989114463329315, 'Unknown': 0.3654176592826843}",Yes you do.
LIAM,01:37:39,01:37:47,Neutral,"{'Angry': 0.008535451255738735, 'Disgusted': 0.0034802774898707867, 'Fearful': 0.0013965836260467768, 'Happy': 0.24269799888134003, 'Neutral': 0.5504328608512878, 'Other': 0.04482080787420273, 'Sad': 0.05716448649764061, 'Surprised': 0.0002403141843387857, 'Unknown': 0.09123118966817856}","Okay, great. So that is a 32."
MATT,01:37:47,01:38:08,Neutral,"{'Angry': 2.0218311469477612e-09, 'Disgusted': 5.183496409877364e-10, 'Fearful': 2.0217297280744617e-10, 'Happy': 6.578089628561656e-09, 'Neutral': 1.0, 'Other': 3.491642044939347e-11, 'Sad': 3.5641267714936475e-09, 'Surprised': 1.1609756489505685e-09, 'Unknown': 3.356139532950664e-10}","All right, you glance inside at what looks to be some sort of a training room. There are-- most of the floor itself is stone, and in the far corner there is a large section that is mainly just sand and dirt and there are a number of wooden training structures. You know, various shields and wooden bars that are used as a means of training for weaponry. There's what looks like a giant rack of weapons, full of arms and stuff."
LIAM,01:38:08,01:38:10,Surprised,"{'Angry': 0.1995110809803009, 'Disgusted': 0.02812880277633667, 'Fearful': 0.005497961770743132, 'Happy': 0.02536194585263729, 'Neutral': 0.03679807856678963, 'Other': 0.0030229955445975065, 'Sad': 0.008027469739317894, 'Surprised': 0.6919474601745605, 'Unknown': 0.0017041355604305863}",Anything good-looking?
MATT,01:38:10,01:38:14,Neutral,"{'Angry': 1.1619508523755262e-12, 'Disgusted': 3.975855425051786e-14, 'Fearful': 1.0786670662850818e-14, 'Happy': 1.3433616198599285e-12, 'Neutral': 1.0, 'Other': 3.337745398875069e-15, 'Sad': 3.5016707415624904e-12, 'Surprised': 3.2090489662274513e-13, 'Unknown': 2.708842705538301e-14}",Go ahead and make a perception check.
LIAM,01:38:14,01:38:15,Neutral,"{'Angry': 0.24515016376972198, 'Disgusted': 0.0219444390386343, 'Fearful': 0.007246252615004778, 'Happy': 0.0011734513100236654, 'Neutral': 0.7181473970413208, 'Other': 1.6628100638627075e-05, 'Sad': 0.005685159005224705, 'Surprised': 0.0006016220431774855, 'Unknown': 3.493124677333981e-05}",One.
MATT,01:38:15,01:38:18,Neutral,"{'Angry': 1.326434101445173e-10, 'Disgusted': 5.1202517920012625e-11, 'Fearful': 2.1978330613792174e-11, 'Happy': 6.987087575183182e-10, 'Neutral': 1.0, 'Other': 9.957121065162777e-12, 'Sad': 1.9082053714924996e-09, 'Surprised': 3.393296754694575e-11, 'Unknown': 4.429239613967795e-11}",Most of the materials in this room look like the basic duergar fare.
LIAM,01:38:18,01:38:19,Neutral,"{'Angry': 1.5074859220476355e-05, 'Disgusted': 4.956786142429337e-05, 'Fearful': 4.1296052586403675e-06, 'Happy': 0.00013187852164264768, 'Neutral': 0.9997336268424988, 'Other': 4.736630216939375e-06, 'Sad': 4.2316769395256415e-05, 'Surprised': 1.7288595017816988e-06, 'Unknown': 1.6820637029013596e-05}",These don't look very good.
TALIESIN,01:38:19,01:38:22,Neutral,"{'Angry': 0.00011736718442989513, 'Disgusted': 0.0005350478459149599, 'Fearful': 3.876276241498999e-05, 'Happy': 0.00028067687526345253, 'Neutral': 0.9974769949913025, 'Other': 6.625980313401669e-05, 'Sad': 0.0005946090095676482, 'Surprised': 2.325213927178993e-06, 'Unknown': 0.0008878942462615669}",I was going to run in and take a look around anyway so--
MATT,01:38:22,01:38:31,Happy,"{'Angry': 9.001486361848166e-11, 'Disgusted': 1.786775449819089e-10, 'Fearful': 6.806871039044537e-11, 'Happy': 1.0, 'Neutral': 7.03037350557878e-10, 'Other': 9.209012025168661e-11, 'Sad': 5.826850668633199e-10, 'Surprised': 1.68741826067631e-10, 'Unknown': 6.973104732521662e-11}","(laughs) Okay. As you run in, go ahead and make a dexterity saving throw."
TALIESIN,01:38:31,01:38:33,Happy,"{'Angry': 5.866379604313465e-11, 'Disgusted': 1.0810399797556158e-10, 'Fearful': 3.729253364448404e-11, 'Happy': 1.0, 'Neutral': 9.861420569023949e-10, 'Other': 4.789962870788145e-11, 'Sad': 6.59598986540999e-10, 'Surprised': 2.0255278010417044e-10, 'Unknown': 7.215587068815088e-12}",God damn it. Okay.
SAM,01:38:33,01:38:36,Neutral,"{'Angry': 0.0003587341052480042, 'Disgusted': 0.00024037972616497427, 'Fearful': 4.907459151581861e-05, 'Happy': 0.08245860040187836, 'Neutral': 0.893759548664093, 'Other': 2.382607272011228e-05, 'Sad': 0.0002303536020917818, 'Surprised': 0.02286253497004509, 'Unknown': 1.697528932709247e-05}","(sings) Traps, traps, traps-traps-traps."
TALIESIN,01:38:36,01:38:37,Neutral,"{'Angry': 4.1128198069451116e-10, 'Disgusted': 1.1489685938781413e-11, 'Fearful': 1.6960383835210036e-12, 'Happy': 3.7149874287933926e-09, 'Neutral': 1.0, 'Other': 3.0735063474320035e-13, 'Sad': 4.2964665158962134e-10, 'Surprised': 1.0673760486579198e-10, 'Unknown': 2.75977483053802e-13}",24.
MATT,01:38:37,01:39:12,Happy,"{'Angry': 4.8850470335537466e-08, 'Disgusted': 1.6410874081884685e-07, 'Fearful': 3.497437006672044e-08, 'Happy': 0.9999936819076538, 'Neutral': 3.798909574470599e-06, 'Other': 5.405833576332952e-07, 'Sad': 1.414513576492027e-06, 'Surprised': 1.404038485475212e-08, 'Unknown': 3.3882182037814346e-07}","All right, so. You take ten points of lightning damage as you feel a tile on the ground trigger and then spring up, and as it does, you hear this sudden high-pitched whine as blue energy streaks up from the floor, runs through your body. Thankfully, you manage to dive out of the way and touch the ground to ground the energy, minimizing the damage. But yeah, you triggered (laughs) triggered a trap plate. You're beginning to get the sense that a lot of this tactic of this fortress now has been to lead you guys through a--"
MARISHA,01:39:12,01:39:14,Neutral,"{'Angry': 1.4527807125699899e-12, 'Disgusted': 5.977659908945956e-14, 'Fearful': 1.5766279950969915e-14, 'Happy': 2.059087492525813e-12, 'Neutral': 1.0, 'Other': 4.917124091116621e-15, 'Sad': 5.059515306715667e-12, 'Surprised': 4.4279342562361657e-13, 'Unknown': 3.676399462637647e-14}",Maze?
MATT,01:39:14,01:39:15,Neutral,"{'Angry': 0.0018105471972376108, 'Disgusted': 0.0002350254071643576, 'Fearful': 0.00020627712365239859, 'Happy': 0.0010376188438385725, 'Neutral': 0.9958552718162537, 'Other': 6.803919677622616e-05, 'Sad': 0.00018297933274880052, 'Surprised': 5.819295984110795e-05, 'Unknown': 0.0005460092215798795}",A maze of traps.
SAM,01:39:15,01:39:16,Neutral,"{'Angry': 2.0608642444130965e-05, 'Disgusted': 6.934266821190249e-06, 'Fearful': 6.679204034298891e-06, 'Happy': 0.001023164950311184, 'Neutral': 0.9987331032752991, 'Other': 3.472128128123586e-06, 'Sad': 0.00019564706599339843, 'Surprised': 8.364513632841408e-06, 'Unknown': 2.0819311430386733e-06}",A labyrinth.
LIAM,01:39:16,01:39:19,Neutral,"{'Angry': 3.957650179797767e-11, 'Disgusted': 2.289270769478824e-12, 'Fearful': 7.43886777263697e-13, 'Happy': 2.4921023578095003e-10, 'Neutral': 1.0, 'Other': 9.974218174481353e-14, 'Sad': 2.119158598601345e-10, 'Surprised': 1.6915227898928187e-11, 'Unknown': 2.3670532222665186e-13}","Before we hurt ourselves any longer, we should--"
LAURA,01:39:19,01:39:24,Neutral,"{'Angry': 5.93367911229381e-13, 'Disgusted': 2.082356300738518e-14, 'Fearful': 4.762114520670243e-15, 'Happy': 7.169188203162702e-13, 'Neutral': 1.0, 'Other': 2.2550911791006717e-15, 'Sad': 1.966155970672956e-12, 'Surprised': 1.847102115357102e-13, 'Unknown': 1.4412041980833845e-14}",We've got to kill this guy. Or talk to him at least.
LIAM,01:39:24,01:39:27,Neutral,"{'Angry': 1.2817535661319157e-13, 'Disgusted': 4.551414651524262e-15, 'Fearful': 8.315376441545854e-16, 'Happy': 1.8011575575200417e-13, 'Neutral': 1.0, 'Other': 5.643101842406416e-16, 'Sad': 3.292601922447874e-13, 'Surprised': 6.457698552330207e-14, 'Unknown': 2.4473555879078995e-15}",We need to get to the main event here.
MATT,01:39:27,01:39:55,Neutral,"{'Angry': 0.0003270820889156312, 'Disgusted': 0.00012223084922879934, 'Fearful': 3.6561636079568416e-05, 'Happy': 0.0007863767677918077, 'Neutral': 0.9980399012565613, 'Other': 0.00012740980309899896, 'Sad': 0.0003192932636011392, 'Surprised': 0.00011451567115727812, 'Unknown': 0.0001267013285541907}","All right. At this point, Kima is now-- As Kima hears you shouting all these curses into the room, Kima pushes past you, and pushes past you. You can see Kima coming into the room behind you guys. Steps over the broken table, down in front of the circle, and grabs the mage by the front of his robe, pulling him into her face. The mage at this point is still kind of reeling from the fact that you managed to strike him so deeply in the heart of his hearts."
SAM,01:39:55,01:39:57,Neutral,"{'Angry': 0.00057081482373178, 'Disgusted': 0.0010415976867079735, 'Fearful': 3.175045640091412e-05, 'Happy': 0.0007978585781529546, 'Neutral': 0.9960876703262329, 'Other': 0.0001895184104796499, 'Sad': 0.0009458797867409885, 'Surprised': 8.898591477191076e-05, 'Unknown': 0.0002459450624883175}",He's just not a nice man.
MATT,01:39:57,01:40:10,Neutral,"{'Angry': 5.55783231936946e-11, 'Disgusted': 5.6078236672363335e-12, 'Fearful': 1.4382180342498163e-12, 'Happy': 8.013757019087464e-11, 'Neutral': 1.0, 'Other': 1.4964031532990751e-12, 'Sad': 1.8715819172232528e-10, 'Surprised': 1.394182078812145e-11, 'Unknown': 2.07860833580098e-12}","However, Kima, with a look of absolute death in her face, grabs him and pulls him forward and says, ""Listen, where is the rest of your fucking army?"" She's going to make an intimidation check."
TALIESIN,01:40:10,01:40:11,Neutral,"{'Angry': 0.1197485700249672, 'Disgusted': 0.11905232071876526, 'Fearful': 0.0015115035930648446, 'Happy': 0.004529235884547234, 'Neutral': 0.6901595592498779, 'Other': 3.0383633202291094e-05, 'Sad': 0.05650603771209717, 'Surprised': 0.00845209788531065, 'Unknown': 1.0259185728500597e-05}",Yeah! Damn.
MATT,01:40:11,01:40:14,Neutral,"{'Angry': 1.4188450414565068e-09, 'Disgusted': 3.6661135238702514e-10, 'Fearful': 2.534332743664436e-10, 'Happy': 1.054020692947688e-08, 'Neutral': 1.0, 'Other': 1.5227893598868114e-11, 'Sad': 3.4622818390062093e-08, 'Surprised': 1.4169574402700391e-09, 'Unknown': 1.9591455194256646e-11}",He does not succeed in resisting that.
LAURA,01:40:14,01:40:15,Neutral,"{'Angry': 1.1868851288454607e-05, 'Disgusted': 4.408265886013396e-05, 'Fearful': 6.474727456406981e-07, 'Happy': 6.495139132312033e-06, 'Neutral': 0.9999176263809204, 'Other': 2.10728398997162e-06, 'Sad': 1.6150030205608346e-05, 'Surprised': 3.2445325359731214e-07, 'Unknown': 6.883207106511691e-07}",Yes!
MATT,01:40:15,01:40:42,Neutral,"{'Angry': 6.322971590755344e-10, 'Disgusted': 1.8013938951622066e-10, 'Fearful': 6.053706841369078e-11, 'Happy': 2.574666257970648e-09, 'Neutral': 1.0, 'Other': 6.260386653522687e-11, 'Sad': 4.602445091705931e-09, 'Surprised': 5.0629358344655984e-11, 'Unknown': 5.163346972203442e-10}","The duergar is pressed against the wall now, and she's slamming him against the back of a bookshelf. ""Look, all right, they're waiting for you up there, all right? You're not going to survive this. At this point, the entire city's probably waiting for you in the outside of the fortress and those that are upstairs are well-prepared. Okay? Your best chance of survival is laying down your arms and surrendering. I'm looking out for your best interests here."""
LIAM,01:40:42,01:40:44,Neutral,"{'Angry': 2.4161530554067667e-09, 'Disgusted': 2.96191959847647e-09, 'Fearful': 7.41625483247077e-10, 'Happy': 6.375022731930358e-09, 'Neutral': 1.0, 'Other': 9.273528056574776e-10, 'Sad': 2.652968333904937e-08, 'Surprised': 3.280771487812473e-10, 'Unknown': 1.059672349867924e-09}",Kill this asshole.
MARISHA,01:40:44,01:40:45,Angry,"{'Angry': 0.9809384346008301, 'Disgusted': 7.527472916990519e-05, 'Fearful': 3.115993240498938e-05, 'Happy': 8.055661601247266e-05, 'Neutral': 0.0011156939435750246, 'Other': 9.236543519364204e-06, 'Sad': 0.0171537846326828, 'Surprised': 0.0005947054596617818, 'Unknown': 1.1945107871724758e-06}",Kill him.
MATT,01:40:45,01:42:03,Happy,"{'Angry': 7.953333351906622e-07, 'Disgusted': 2.2780704966862686e-07, 'Fearful': 9.083584728841743e-08, 'Happy': 0.5364719033241272, 'Neutral': 0.4633583128452301, 'Other': 3.3063145110645564e-07, 'Sad': 0.00016773276729509234, 'Surprised': 2.2725579640336946e-08, 'Unknown': 6.567431114490319e-07}","Kima, who is still holding him against there, you can see her hand releases the scruff and he takes a deep breath for a second. But before he can finish exhaling, she goes in, immediately grabbing his throat and squeezing it extremely tight. As she does, you see his tongue, dangling out the side of his mouth (strangling noises) as she's cutting off his entire air supply. She pulls forward and takes the greatsword and begins to slowly push it into his abdomen. As she does, he starts screaming in terrible pain. You can see her just slowly pushing the blade through his body into the bookcase behind. As she does, she goes, ""You're gonna tell me, right now, who they have waiting for us upstairs."" As she begins to push all the way to the hilt now, he's pinned up against the bookcase and probably a portion of the stonework behind him. He's now got blood pouring out the sides of his face and outside the front of his nose. The duergar being held up against the wall says, ""Whatever you haven't killed. The army's probably up with the king himself. They're all waiting for you and I hope they piss on your body when they're done!"" At which point she takes the blade and twists it. As she does, he gives this guttural yelp and his eyes just go blank. Blanker than the duergar eyes normally are."
ORION,01:42:03,01:42:06,Happy,"{'Angry': 0.00135140644852072, 'Disgusted': 0.00045609555672854185, 'Fearful': 0.0012391891796141863, 'Happy': 0.9734470844268799, 'Neutral': 0.02162349410355091, 'Other': 8.02565919002518e-05, 'Sad': 0.0012788004241883755, 'Surprised': 0.00028227345319464803, 'Unknown': 0.00024141847097780555}","I make it to the doorway and go, what is going on in here?"
LAURA,01:42:06,01:42:13,Neutral,"{'Angry': 0.19322025775909424, 'Disgusted': 0.006435382645577192, 'Fearful': 0.006112272385507822, 'Happy': 0.17538771033287048, 'Neutral': 0.5008966326713562, 'Other': 0.0048706564120948315, 'Sad': 0.09188684076070786, 'Surprised': 0.004576470237225294, 'Unknown': 0.016613785177469254}",Are there any-- taking that in-- any healing potions or anything in here that we could use?
MATT,01:42:13,01:42:15,Happy,"{'Angry': 0.14194941520690918, 'Disgusted': 0.025504974648356438, 'Fearful': 0.018606293946504593, 'Happy': 0.7431814670562744, 'Neutral': 0.03655349835753441, 'Other': 0.0009023838792927563, 'Sad': 0.027633199468255043, 'Surprised': 0.005362689029425383, 'Unknown': 0.0003060794260818511}",Go ahead and make an investigation check.
SAM,01:42:15,01:42:21,Happy,"{'Angry': 6.702290389348775e-10, 'Disgusted': 7.495138731883344e-09, 'Fearful': 6.521708950657512e-09, 'Happy': 0.9999998807907104, 'Neutral': 2.715948532738821e-08, 'Other': 6.819639075672512e-09, 'Sad': 1.904199642410731e-08, 'Surprised': 5.374402700653036e-09, 'Unknown': 2.635733586942024e-08}",Can I look at the door and see if the trap will go off again if we step through it again?
MATT,01:42:21,01:42:23,Happy,"{'Angry': 0.022546924650669098, 'Disgusted': 0.010764031670987606, 'Fearful': 0.006395560689270496, 'Happy': 0.9470700025558472, 'Neutral': 0.007096765097230673, 'Other': 0.00010995373304467648, 'Sad': 0.0051291827112436295, 'Surprised': 0.00044824305223301053, 'Unknown': 0.00043939490569755435}",Perception check.
SAM,01:42:23,01:42:26,Neutral,"{'Angry': 0.16309930384159088, 'Disgusted': 0.055729933083057404, 'Fearful': 0.033608824014663696, 'Happy': 0.13758745789527893, 'Neutral': 0.4138149321079254, 'Other': 0.026234667748212814, 'Sad': 0.09469816088676453, 'Surprised': 0.014268791303038597, 'Unknown': 0.06095799431204796}",20.
MATT,01:42:26,01:42:37,Happy,"{'Angry': 0.019127395004034042, 'Disgusted': 0.009163424372673035, 'Fearful': 0.00884262751787901, 'Happy': 0.7389549612998962, 'Neutral': 0.10907556116580963, 'Other': 0.008256781846284866, 'Sad': 0.0831841230392456, 'Surprised': 0.0072745028883218765, 'Unknown': 0.016120631247758865}","Looks like, from glancing about the room and getting a feel for it, there were three traps that were all placed directly at the front of the door, basically to give him a point of defense, they've all been triggered, so you don't have to worry about any more in this room."
LAURA,01:42:37,01:42:39,Neutral,"{'Angry': 0.05273837596178055, 'Disgusted': 0.014942389912903309, 'Fearful': 0.007615554612129927, 'Happy': 0.4012228846549988, 'Neutral': 0.48776841163635254, 'Other': 0.00030115561094135046, 'Sad': 0.02604636177420616, 'Surprised': 0.008049874566495419, 'Unknown': 0.0013150261947885156}",Is this still considered the Underdark?
MATT,01:42:39,01:42:40,Happy,"{'Angry': 0.0044316938146948814, 'Disgusted': 0.005178623367100954, 'Fearful': 0.0014151277719065547, 'Happy': 0.558470606803894, 'Neutral': 0.42386743426322937, 'Other': 0.0005483745480887592, 'Sad': 0.0028665484860539436, 'Surprised': 0.0002678371383808553, 'Unknown': 0.00295387115329504}","This is, yes."
LAURA,01:42:40,01:42:41,Neutral,"{'Angry': 0.00010498487972654402, 'Disgusted': 0.0001234816445503384, 'Fearful': 2.4806456622172846e-06, 'Happy': 2.6313313355785795e-05, 'Neutral': 0.9996999502182007, 'Other': 2.0865793430857593e-06, 'Sad': 3.470158844720572e-05, 'Surprised': 4.404853825690225e-06, 'Unknown': 1.6952354826571536e-06}","Oh, cool!"
SAM,01:42:41,01:42:42,Happy,"{'Angry': 2.889407187467441e-05, 'Disgusted': 4.329001239966601e-05, 'Fearful': 1.5500789231737144e-05, 'Happy': 0.9974052309989929, 'Neutral': 0.0024103692267090082, 'Other': 3.0635374059784226e-06, 'Sad': 4.245222226018086e-05, 'Surprised': 5.0377788284095004e-05, 'Unknown': 7.879302188484871e-07}",I'm going to go in and look around some more.
MATT,01:42:42,01:42:44,Neutral,"{'Angry': 0.004716239403933287, 'Disgusted': 0.006509654689580202, 'Fearful': 0.0007099115173332393, 'Happy': 0.06497910618782043, 'Neutral': 0.9192665815353394, 'Other': 0.0001395373255945742, 'Sad': 0.0031188554130494595, 'Surprised': 0.00038385079824365675, 'Unknown': 0.00017631787341088057}",You're looking around as well?
SAM,01:42:44,01:42:46,Neutral,"{'Angry': 0.003072068328037858, 'Disgusted': 0.003139279317110777, 'Fearful': 0.002062371000647545, 'Happy': 0.003895767964422703, 'Neutral': 0.9809144735336304, 'Other': 7.13425615685992e-05, 'Sad': 0.005021893419325352, 'Surprised': 0.0006377921090461314, 'Unknown': 0.001185012049973011}",Look around for potions and stuff.
LAURA,01:42:46,01:42:51,Happy,"{'Angry': 0.060968298465013504, 'Disgusted': 0.02590782381594181, 'Fearful': 0.004777324385941029, 'Happy': 0.39971524477005005, 'Neutral': 0.38261425495147705, 'Other': 0.008949837647378445, 'Sad': 0.03679453209042549, 'Surprised': 0.001470564166083932, 'Unknown': 0.07880211621522903}","Oh, that's considered the-- aw, I could have been rolling twice for all these damn things!"
MATT,01:42:51,01:42:52,Angry,"{'Angry': 0.9730041027069092, 'Disgusted': 0.00030392591725103557, 'Fearful': 0.0005846007843501866, 'Happy': 0.015293472446501255, 'Neutral': 0.0031524489168077707, 'Other': 1.638148387428373e-05, 'Sad': 0.007235297933220863, 'Surprised': 0.0003980894398409873, 'Unknown': 1.1765733688662294e-05}",(sings) Remember your abilities.
LAURA,01:42:52,01:42:54,Neutral,"{'Angry': 0.004276515915989876, 'Disgusted': 0.0010136383352801204, 'Fearful': 0.00317747937515378, 'Happy': 0.009931370615959167, 'Neutral': 0.9680137634277344, 'Other': 7.45420838939026e-05, 'Sad': 0.012421692721545696, 'Surprised': 0.0007999406661838293, 'Unknown': 0.00029111382900737226}",(sings) 25.
MATT,01:42:54,01:42:55,Disgusted,"{'Angry': 0.2584323585033417, 'Disgusted': 0.7107706665992737, 'Fearful': 0.004727195482701063, 'Happy': 0.0024013309739530087, 'Neutral': 0.010762418620288372, 'Other': 0.0001746752968756482, 'Sad': 0.01207055151462555, 'Surprised': 0.00046529778046533465, 'Unknown': 0.00019542884547263384}",Okay.
SAM,01:42:55,01:42:57,Neutral,"{'Angry': 0.16201664507389069, 'Disgusted': 0.0396328866481781, 'Fearful': 0.01085328683257103, 'Happy': 0.02506394125521183, 'Neutral': 0.5445721745491028, 'Other': 5.2315132052171975e-05, 'Sad': 0.21639475226402283, 'Surprised': 0.0010912209982052445, 'Unknown': 0.0003228041750844568}","Who's the singer here, people?"
MATT,01:42:57,01:43:09,Neutral,"{'Angry': 0.007140692323446274, 'Disgusted': 0.0005149883218109608, 'Fearful': 0.0003574359288904816, 'Happy': 0.0034180236980319023, 'Neutral': 0.9855782389640808, 'Other': 7.230681512737647e-05, 'Sad': 0.002599416533485055, 'Surprised': 6.124918581917882e-05, 'Unknown': 0.0002576934057287872}","Sorry, Scanlan. So, as Kima pulls the blade from its body, kicking it off the greatsword and wiping it across the leather on the side-- the leather that you gave to her! And a little part of you is like, (sadly) hmm."
LIAM,01:43:09,01:43:11,Happy,"{'Angry': 0.00016418412269558758, 'Disgusted': 0.00010734063835116103, 'Fearful': 0.00019159277144353837, 'Happy': 0.9760335087776184, 'Neutral': 0.02073955535888672, 'Other': 2.7830934413941577e-05, 'Sad': 0.002540372544899583, 'Surprised': 0.00018349157471675426, 'Unknown': 1.2102962500648573e-05}",That's all right. Worth it. This halfling's hot.
MATT,01:43:11,01:43:20,Neutral,"{'Angry': 0.0015451102517545223, 'Disgusted': 0.0050042979419231415, 'Fearful': 0.009643935598433018, 'Happy': 0.019086133688688278, 'Neutral': 0.8291378617286682, 'Other': 0.004194037057459354, 'Sad': 0.05544940009713173, 'Surprised': 0.0002531858335714787, 'Unknown': 0.07568607479333878}","So you guys made your way back, Clarota's there, against the corner, and Grog rushes over, just feeling like he was ready for action. ""What's going on?"""
ASHLEY,01:43:20,01:43:22,Neutral,"{'Angry': 0.0021588983945548534, 'Disgusted': 0.006039815489202738, 'Fearful': 0.0009272086317650974, 'Happy': 0.016375090926885605, 'Neutral': 0.9663589000701904, 'Other': 0.0002462401462253183, 'Sad': 0.005850696470588446, 'Surprised': 0.001138667925260961, 'Unknown': 0.0009044446633197367}",You're too late.
MARISHA,01:43:22,01:43:26,Happy,"{'Angry': 0.0005770460702478886, 'Disgusted': 0.0002685890649445355, 'Fearful': 4.229895421303809e-05, 'Happy': 0.996496856212616, 'Neutral': 0.0022522921208292246, 'Other': 3.779145117732696e-05, 'Sad': 0.0001676097308518365, 'Surprised': 7.835471478756517e-05, 'Unknown': 7.915165042504668e-05}",This might be a good time to stop for a moment.
MATT,01:43:26,01:43:29,Sad,"{'Angry': 0.09028100222349167, 'Disgusted': 0.01805356703698635, 'Fearful': 0.008452781476080418, 'Happy': 0.18104207515716553, 'Neutral': 0.3121699392795563, 'Other': 0.006999746896326542, 'Sad': 0.36429160833358765, 'Surprised': 0.005217029247432947, 'Unknown': 0.013492223806679249}","That's up to you guys, as I say, do you guys want to take a short rest?"
LAURA,01:43:29,01:43:31,Neutral,"{'Angry': 0.06261923164129257, 'Disgusted': 0.011740866117179394, 'Fearful': 0.0172195415943861, 'Happy': 0.050040487200021744, 'Neutral': 0.8109909296035767, 'Other': 0.00047611648915335536, 'Sad': 0.030245628207921982, 'Surprised': 0.013697066344320774, 'Unknown': 0.0029701741877943277}",Did I find any potions? Did I find anything?
MATT,01:43:31,01:43:40,Happy,"{'Angry': 1.1257961887167767e-06, 'Disgusted': 3.59322143594909e-06, 'Fearful': 6.41759129393904e-07, 'Happy': 0.9996809959411621, 'Neutral': 0.00029321317560970783, 'Other': 1.5672582094339305e-06, 'Sad': 5.006843821320217e-06, 'Surprised': 2.980619910886162e-07, 'Unknown': 1.3595975360658485e-05}","Yes. Glancing around the room, you manage to find two potions of healing, one potion of superior healing."
ALL,01:43:40,01:43:41,Neutral,"{'Angry': 0.0009053288958966732, 'Disgusted': 0.016038699075579643, 'Fearful': 0.0021786645520478487, 'Happy': 0.17191562056541443, 'Neutral': 0.7865357398986816, 'Other': 0.00024820436374284327, 'Sad': 0.01744716241955757, 'Surprised': 0.004171314183622599, 'Unknown': 0.0005592368543148041}",Ooh.
LAURA,01:43:41,01:43:44,Happy,"{'Angry': 5.392122147895861e-06, 'Disgusted': 4.523336247075349e-05, 'Fearful': 1.934725878527388e-05, 'Happy': 0.9991170763969421, 'Neutral': 0.0007264513988047838, 'Other': 1.7900756574817933e-06, 'Sad': 6.846793985459954e-05, 'Surprised': 1.854045876825694e-06, 'Unknown': 1.4298067071649712e-05}",What is that? That's major.
MARISHA,01:43:44,01:43:45,Neutral,"{'Angry': 0.00010213498171651736, 'Disgusted': 2.4655715606058948e-05, 'Fearful': 4.009417170891538e-05, 'Happy': 0.0017574066296219826, 'Neutral': 0.9978721141815186, 'Other': 2.4347129965462955e-06, 'Sad': 0.00016228047024924308, 'Surprised': 3.830825153272599e-05, 'Unknown': 6.262516194510681e-07}",That's cool.
MATT,01:43:45,01:43:50,Neutral,"{'Angry': 2.6332061531242346e-12, 'Disgusted': 1.23851612559428e-13, 'Fearful': 3.3880721578977147e-14, 'Happy': 3.1467179122807165e-12, 'Neutral': 1.0, 'Other': 1.1611985685337518e-14, 'Sad': 7.89059529521241e-12, 'Surprised': 8.686026615849218e-13, 'Unknown': 7.131108041309037e-14}","You also find one vial of some sort of weird, viscous yellow liquid that you cannot identify."
MARISHA,01:43:50,01:43:58,Neutral,"{'Angry': 4.020605047116987e-06, 'Disgusted': 8.159109711414203e-06, 'Fearful': 4.16883494835929e-06, 'Happy': 0.0004464117519091815, 'Neutral': 0.9993934631347656, 'Other': 1.2107379006920382e-05, 'Sad': 3.7881789467064664e-05, 'Surprised': 8.304626248900604e-07, 'Unknown': 9.292637696489692e-05}","Oh, don't open that. Who knows how long those guards had to be staked out here? Don't open that."
SAM,01:43:58,01:44:01,Neutral,"{'Angry': 0.0029692049138247967, 'Disgusted': 0.0010101681109517813, 'Fearful': 0.000527269730810076, 'Happy': 0.0008412842871621251, 'Neutral': 0.9360668659210205, 'Other': 0.006420917809009552, 'Sad': 0.0055322302505373955, 'Surprised': 3.454034867900191e-06, 'Unknown': 0.04662875458598137}",Can I do a-- can I investigate it or arcana it?
MATT,01:44:01,01:44:05,Neutral,"{'Angry': 0.021526405587792397, 'Disgusted': 0.0036771208979189396, 'Fearful': 0.0034928417298942804, 'Happy': 0.005882454104721546, 'Neutral': 0.9062162041664124, 'Other': 0.03767469525337219, 'Sad': 0.011851303279399872, 'Surprised': 0.0008456603973172605, 'Unknown': 0.008833329193294048}","Sure, you can give it a go."
SAM,01:44:05,01:44:07,Neutral,"{'Angry': 0.002550525590777397, 'Disgusted': 0.006415668874979019, 'Fearful': 0.0019089241977781057, 'Happy': 0.00053275132086128, 'Neutral': 0.970373809337616, 'Other': 0.00032258761348202825, 'Sad': 0.010670335032045841, 'Surprised': 4.506493860390037e-05, 'Unknown': 0.007180334068834782}",Yeah. That's a one.
LAURA,01:44:07,01:44:08,Angry,"{'Angry': 0.8305791616439819, 'Disgusted': 0.03886884078383446, 'Fearful': 0.000598468235693872, 'Happy': 0.0038668711204081774, 'Neutral': 0.1172630786895752, 'Other': 0.0002851359313353896, 'Sad': 0.00758063979446888, 'Surprised': 0.0001805599022191018, 'Unknown': 0.0007771789678372443}",Oh good.
SAM,01:44:08,01:44:11,Neutral,"{'Angry': 0.009394174441695213, 'Disgusted': 0.004110924433916807, 'Fearful': 0.01593261957168579, 'Happy': 0.0027889779303222895, 'Neutral': 0.9205914735794067, 'Other': 0.00323933525942266, 'Sad': 0.003939645364880562, 'Surprised': 3.2178544643102214e-05, 'Unknown': 0.03997063264250755}","Oh wait, no, that's a seven. These dice are horrible. Anyway, it doesn't matter. It's bad."
MATT,01:44:11,01:44:28,Neutral,"{'Angry': 2.7171209726617462e-11, 'Disgusted': 7.673104339411818e-12, 'Fearful': 2.590266759763815e-12, 'Happy': 1.0916341441902233e-10, 'Neutral': 1.0, 'Other': 1.0792731725689508e-12, 'Sad': 2.2298875246296035e-10, 'Surprised': 1.7811398189682137e-11, 'Unknown': 2.50363401885223e-12}","It looks delicious. No, actually, you can't make out, it has some changing color as you kind of swirl the bottle and watch the texture inside shift and change with the centrifugal force. You can't make out anything about its intent, but it does feel like it's a potion created with some effect."
SAM,01:44:28,01:44:29,Neutral,"{'Angry': 0.011823071166872978, 'Disgusted': 0.0016365915071219206, 'Fearful': 0.0002437843504594639, 'Happy': 0.006353829987347126, 'Neutral': 0.673047661781311, 'Other': 2.0692579710157588e-05, 'Sad': 0.3068081736564636, 'Surprised': 5.098159090266563e-05, 'Unknown': 1.5254609024850652e-05}","Tiberius, do you want to drink this?"
ORION,01:44:29,01:44:37,Neutral,"{'Angry': 0.009563547559082508, 'Disgusted': 0.02337781712412834, 'Fearful': 0.010233589448034763, 'Happy': 0.022305715829133987, 'Neutral': 0.6154176592826843, 'Other': 0.009386599063873291, 'Sad': 0.11199656873941422, 'Surprised': 0.0005929262842983007, 'Unknown': 0.19712550938129425}",No! What is it? I check it for 18.
SAM,01:44:37,01:44:38,Neutral,"{'Angry': 0.0006118478486314416, 'Disgusted': 0.00021851724886801094, 'Fearful': 0.001206616056151688, 'Happy': 0.00017833088350016624, 'Neutral': 0.9835546612739563, 'Other': 1.8448570699547417e-05, 'Sad': 0.0027436644304543734, 'Surprised': 0.011465493589639664, 'Unknown': 2.370369884374668e-06}",For what?
ORION,01:44:38,01:44:40,Neutral,"{'Angry': 6.506339520970239e-13, 'Disgusted': 2.7451999007332972e-14, 'Fearful': 6.145332876063671e-15, 'Happy': 7.629450998920817e-13, 'Neutral': 1.0, 'Other': 2.867126693600528e-15, 'Sad': 2.867350020613335e-12, 'Surprised': 2.464258181192336e-13, 'Unknown': 1.7064232581760937e-14}",For whatever you're trying to hand to me.
MATT,01:44:40,01:44:58,Neutral,"{'Angry': 7.523996981007031e-10, 'Disgusted': 2.60768878712625e-10, 'Fearful': 2.426478462602688e-10, 'Happy': 4.894189586934772e-08, 'Neutral': 1.0, 'Other': 6.550925774062577e-11, 'Sad': 2.19916582722135e-08, 'Surprised': 4.2838485536655924e-10, 'Unknown': 3.684367255729626e-10}","18 arcana? Okay. You take a look at it. It definitely is magical, you don't have a lot of experience with alchemy but you gather that the effect that it would have upon imbibement would be to alter your physical form in some way, you just don't know the specific effects."
ORION,01:44:58,01:45:01,Neutral,"{'Angry': 0.00010443841165397316, 'Disgusted': 0.00012217051698826253, 'Fearful': 0.00010800157178891823, 'Happy': 0.0002321741048945114, 'Neutral': 0.9968339800834656, 'Other': 5.649891318171285e-05, 'Sad': 0.001246306928806007, 'Surprised': 1.8464621689417982e-06, 'Unknown': 0.0012945581693202257}","Absolutely, Scanlan, I'll take that for now. And I put it in my pouch."
TALIESIN,01:45:01,01:45:04,Angry,"{'Angry': 0.45097336173057556, 'Disgusted': 0.018289847299456596, 'Fearful': 0.0027832842897623777, 'Happy': 0.013274600729346275, 'Neutral': 0.19865114986896515, 'Other': 0.00045923623838461936, 'Sad': 0.310326486825943, 'Surprised': 0.004619438201189041, 'Unknown': 0.000622577965259552}",Let's take a short rest.
MATT,01:45:04,01:45:12,Neutral,"{'Angry': 7.710075806244276e-06, 'Disgusted': 1.8839051335817203e-05, 'Fearful': 2.5627891773183364e-06, 'Happy': 6.211468280525878e-05, 'Neutral': 0.9997816681861877, 'Other': 6.914272944413824e-06, 'Sad': 2.6436682674102485e-05, 'Surprised': 9.773412301683493e-08, 'Unknown': 9.368568862555549e-05}","So, as you guys all kind of enter this room, this brief safe zone to take a short rest, if you feel you want to heal yourself up and regain any short rest-based abilities, do so."
MARISHA,01:45:12,01:45:15,Neutral,"{'Angry': 2.228553341865336e-09, 'Disgusted': 1.749978356668791e-10, 'Fearful': 3.052576594275713e-11, 'Happy': 4.614801873970009e-10, 'Neutral': 1.0, 'Other': 4.007080691564857e-12, 'Sad': 2.3316939490314326e-09, 'Surprised': 1.110081818134212e-10, 'Unknown': 7.945447251522797e-12}",Can we talk about what this duergar just told us?
LAURA,01:45:15,01:45:16,Neutral,"{'Angry': 2.8518923500087112e-05, 'Disgusted': 3.470584033493651e-06, 'Fearful': 5.970518941467162e-06, 'Happy': 1.226962649525376e-05, 'Neutral': 0.9999372959136963, 'Other': 2.1319532095276372e-07, 'Sad': 9.87379826256074e-06, 'Surprised': 2.2318222363537643e-06, 'Unknown': 5.688232107559088e-08}",Can we go to the bathroom before we do that?
MATT,01:45:16,01:45:28,Neutral,"{'Angry': 2.7433125069364905e-06, 'Disgusted': 5.789233455288922e-06, 'Fearful': 1.4938019603505381e-06, 'Happy': 5.069280177849578e-06, 'Neutral': 0.9997182488441467, 'Other': 1.6755568140069954e-05, 'Sad': 0.00020940377726219594, 'Surprised': 1.205807933502001e-07, 'Unknown': 4.02300720452331e-05}","That's what I was going to say. We can return-- So we're going to take a quick bathroom break, we're going to play the videos again, we'll return here in just a second, as the next element of the attack on Emberhold continues."
MARISHA,01:45:28,01:45:45,Neutral,"{'Angry': 1.3661512513699764e-13, 'Disgusted': 4.46031837562943e-15, 'Fearful': 8.509939380134575e-16, 'Happy': 1.7437849666838978e-13, 'Neutral': 1.0, 'Other': 7.366874770562001e-16, 'Sad': 5.103446961904345e-13, 'Surprised': 5.2871728804977647e-14, 'Unknown': 3.0129410861297508e-15}","Oh, and this is your last chance because after the break we'll pick a winner for the Espionage giveaway. So, last chance if you want to tweet @EspionageMakeup and #CriticalRole and look at our sweet nails! They're awesome. They're cool."
MATT,01:45:45,01:45:47,Neutral,"{'Angry': 0.008223533630371094, 'Disgusted': 0.004676549695432186, 'Fearful': 0.0031975137535482645, 'Happy': 0.007969077676534653, 'Neutral': 0.7970503568649292, 'Other': 2.3937538571772166e-05, 'Sad': 0.17482267320156097, 'Surprised': 0.004012524615973234, 'Unknown': 2.382332786510233e-05}","(whispers) Galaxies! All right, see you guys in a second."
ORION,01:45:47,02:01:27,Neutral,"{'Angry': 5.842039769695176e-14, 'Disgusted': 1.904229168282496e-15, 'Fearful': 3.3133488382908953e-16, 'Happy': 7.071862491219924e-14, 'Neutral': 1.0, 'Other': 3.4719356406317657e-16, 'Sad': 2.017500885321058e-13, 'Surprised': 2.977653185327368e-14, 'Unknown': 1.0560533618241127e-15}",I have text and whatnot. [break]
MATT,02:01:27,02:01:32,Neutral,"{'Angry': 6.382121000569896e-07, 'Disgusted': 2.7464757295092568e-06, 'Fearful': 5.209591336097219e-07, 'Happy': 2.562720283094677e-06, 'Neutral': 0.9999788999557495, 'Other': 1.3949196500107064e-06, 'Sad': 6.595694685529452e-06, 'Surprised': 4.927092689399615e-08, 'Unknown': 6.463177214754978e-06}","Welcome back, guys! All right, so we've had ourselves sufficiently rested."
ZAC,02:01:32,02:01:42,Neutral,"{'Angry': 0.0043376050889492035, 'Disgusted': 0.0012006101896986365, 'Fearful': 0.00019103875092696398, 'Happy': 0.010915122926235199, 'Neutral': 0.9743636250495911, 'Other': 0.0014558453112840652, 'Sad': 0.002027880633249879, 'Surprised': 6.611579738091677e-05, 'Unknown': 0.005442309658974409}","Indeed we have. We have a Tabletop Promo Day kit to give away, because you guys got the 50 subs since we started today."
MATT,02:01:42,02:01:43,Neutral,"{'Angry': 0.008772018365561962, 'Disgusted': 0.004807934630662203, 'Fearful': 0.00017845815455075353, 'Happy': 0.01154258195310831, 'Neutral': 0.9531639218330383, 'Other': 3.240024307160638e-05, 'Sad': 0.001812320901080966, 'Surprised': 0.019676506519317627, 'Unknown': 1.3868986570741981e-05}",Which is awesome.
ZAC,02:01:43,02:02:10,Neutral,"{'Angry': 8.866810397023528e-09, 'Disgusted': 1.1430614232921243e-09, 'Fearful': 3.217106858688368e-10, 'Happy': 4.3383195702517696e-08, 'Neutral': 1.0, 'Other': 2.603891546826276e-10, 'Sad': 1.5208092563057107e-08, 'Surprised': 1.955306139223012e-09, 'Unknown': 5.351038501189009e-10}","And we'll give away another one with another signed poster at the end of the night if you get another 50. So we're about to give this away, but I just want to remind you guys to donate to 826LA. That's the group that Critical Role is supporting, and these guys are here out of the graces of their heart, and it would be very helpful for you guys to donate to them and show your love for Critical Role by donating to the charity. We'll post the link in the chat. Get those donations rolling!"
MATT,02:02:10,02:02:11,Surprised,"{'Angry': 0.0019240757683292031, 'Disgusted': 0.03084721229970455, 'Fearful': 0.0013803670881316066, 'Happy': 0.003236443968489766, 'Neutral': 0.18956878781318665, 'Other': 0.005631422623991966, 'Sad': 0.004509305115789175, 'Surprised': 0.761779248714447, 'Unknown': 0.001123171765357256}",Awesome.
ZAC,02:02:11,02:02:12,Neutral,"{'Angry': 0.2460164576768875, 'Disgusted': 0.046686142683029175, 'Fearful': 0.0011053989874199033, 'Happy': 0.019215919077396393, 'Neutral': 0.667389988899231, 'Other': 0.0014495871728286147, 'Sad': 0.0026635925751179457, 'Surprised': 0.00024506310001015663, 'Unknown': 0.0152278458699584}",Zac out!
MATT,02:02:12,02:02:15,Neutral,"{'Angry': 3.6114808921183794e-09, 'Disgusted': 1.6328844942847809e-09, 'Fearful': 2.4813781585031336e-10, 'Happy': 1.3296753031966091e-08, 'Neutral': 1.0, 'Other': 6.273347397112161e-10, 'Sad': 7.707791738198466e-09, 'Surprised': 4.1265632577669464e-10, 'Unknown': 1.845468333705469e-09}","All right, thank you, Zac! Couple of quick things. You wanted to announce the Espionage--"
MARISHA,02:02:15,02:02:35,Neutral,"{'Angry': 3.482582625058406e-11, 'Disgusted': 4.475938283204917e-12, 'Fearful': 1.894302640095824e-12, 'Happy': 9.054280936116044e-11, 'Neutral': 1.0, 'Other': 5.237812137140474e-13, 'Sad': 1.5576388789906304e-10, 'Surprised': 1.786927897318158e-11, 'Unknown': 1.6891038264257863e-12}","Yes! Our winner for the Espionage Bath Bombs Tabletop from @espionagemakeup goes to (drumroll) Danny Carr. Who is @Eleine35. So, Danny, I'm pretty sure you follow me on Twitter, just PM me your address and I'll get these out to you. And thank you!"
MATT,02:02:35,02:02:38,Angry,"{'Angry': 0.8503986597061157, 'Disgusted': 0.01782464049756527, 'Fearful': 0.004203895106911659, 'Happy': 0.004162874538451433, 'Neutral': 0.07358544319868088, 'Other': 0.0016935064923018217, 'Sad': 0.005256954114884138, 'Surprised': 0.0009221767541021109, 'Unknown': 0.0419517420232296}","Yeah, did you follow him? Because you have to follow him--"
MARISHA,02:02:38,02:02:41,Neutral,"{'Angry': 0.017110252752900124, 'Disgusted': 0.024426061660051346, 'Fearful': 0.02146156132221222, 'Happy': 0.02441784366965294, 'Neutral': 0.7270839810371399, 'Other': 0.04026252031326294, 'Sad': 0.12806007266044617, 'Surprised': 0.008878284133970737, 'Unknown': 0.008299402892589569}","Oh, I have to follow-- Oh, well then I'll follow Danny right now."
MATT,02:02:41,02:02:49,Neutral,"{'Angry': 8.958597752517505e-11, 'Disgusted': 2.4392472416923106e-11, 'Fearful': 6.765345662157474e-12, 'Happy': 9.418330115806839e-09, 'Neutral': 1.0, 'Other': 3.602751343784183e-12, 'Sad': 6.002456309772697e-09, 'Surprised': 1.57222901364662e-10, 'Unknown': 1.738359673222889e-12}","Awesome! Also, as a heads-up, guys, we've had some people perpetually asking us about the shirts that we made."
ORION,02:02:49,02:02:52,Happy,"{'Angry': 4.688279986453381e-08, 'Disgusted': 2.0304677050830833e-08, 'Fearful': 1.0470123656958208e-09, 'Happy': 0.9999991655349731, 'Neutral': 7.720903454355721e-07, 'Other': 1.731718879405264e-09, 'Sad': 2.0090793029226006e-08, 'Surprised': 2.1246025383447886e-08, 'Unknown': 1.3776610963134317e-09}",You mean these shirts?
MATT,02:02:52,02:03:06,Happy,"{'Angry': 2.271432094858028e-05, 'Disgusted': 0.0002746694372035563, 'Fearful': 4.748802530230023e-05, 'Happy': 0.9971900582313538, 'Neutral': 0.0017801831709221005, 'Other': 0.0001150079260696657, 'Sad': 0.0003437383275013417, 'Surprised': 0.0001225958694703877, 'Unknown': 0.00010357225983170792}","That shirt right there. So, we have a-- it's a temporary-- it's very basic, but we have up, if you guys ever want to go to critrole.com, we have a limited run of those shirts currently available for purchase."
MARISHA,02:03:06,02:03:09,Neutral,"{'Angry': 0.008332016877830029, 'Disgusted': 0.0037617478519678116, 'Fearful': 0.0009438431006856263, 'Happy': 0.0351848229765892, 'Neutral': 0.8944573402404785, 'Other': 0.0008779026102274656, 'Sad': 0.004106065724045038, 'Surprised': 0.04782087728381157, 'Unknown': 0.004515473265200853}","Very limited, like once they're gone, they're gone."
LAURA,02:03:09,02:03:15,Neutral,"{'Angry': 0.00019179168157279491, 'Disgusted': 0.0004525466065388173, 'Fearful': 0.00015251876902766526, 'Happy': 0.00027881795540452003, 'Neutral': 0.9693102836608887, 'Other': 0.0001411528792232275, 'Sad': 0.02816498838365078, 'Surprised': 7.868537068134174e-06, 'Unknown': 0.001300118863582611}","It's less than-- probably less than 15 of each size, less than that, probably. It was a small amount."
LIAM,02:03:15,02:03:18,Neutral,"{'Angry': 0.00011914336937479675, 'Disgusted': 0.00043771794298663735, 'Fearful': 3.696737257996574e-05, 'Happy': 0.0002582369779702276, 'Neutral': 0.9985647797584534, 'Other': 1.2099230843887199e-05, 'Sad': 5.456446160678752e-05, 'Surprised': 0.0005003524129278958, 'Unknown': 1.6163778127520345e-05}",I was wearing mine earlier today and I only rolled 20s. Only.
MARISHA,02:03:18,02:03:38,Neutral,"{'Angry': 0.018404683098196983, 'Disgusted': 0.022065259516239166, 'Fearful': 0.0033404517453163862, 'Happy': 0.22481821477413177, 'Neutral': 0.3616239130496979, 'Other': 0.12595073878765106, 'Sad': 0.21802906692028046, 'Surprised': 0.009903823025524616, 'Unknown': 0.015863792970776558}","It's true. So, it's www.critrole.com, and, yeah, and the site is still under construction, so. But we managed to rush it out, and I wanna give a huge shout-out to Michael Whitesman, who's a big friend of ours, for helping us make the website"
ORION,02:03:38,02:03:39,Neutral,"{'Angry': 0.004900470841675997, 'Disgusted': 0.012067402713000774, 'Fearful': 0.00035288167418912053, 'Happy': 0.0042448402382433414, 'Neutral': 0.9650925993919373, 'Other': 0.001209388254210353, 'Sad': 0.006200574338436127, 'Surprised': 0.005781941581517458, 'Unknown': 0.00014987241593189538}","Thanks, Whitey!"
MARISHA,02:03:39,02:03:43,Neutral,"{'Angry': 1.0411796580456212e-07, 'Disgusted': 1.4968070161103242e-07, 'Fearful': 1.33662311441185e-07, 'Happy': 6.374693384714192e-06, 'Neutral': 0.9999887943267822, 'Other': 2.2674447563986178e-07, 'Sad': 3.2467958135384833e-06, 'Surprised': 2.775090202078445e-08, 'Unknown': 9.567062306814478e-07}","@whitesly, if you want to bug him, and, yeah, so, if you buy--"
ORION,02:03:43,02:03:46,Neutral,"{'Angry': 0.007965296506881714, 'Disgusted': 0.004540454596281052, 'Fearful': 0.00450703501701355, 'Happy': 0.025536393746733665, 'Neutral': 0.9146696329116821, 'Other': 0.00021025033493060619, 'Sad': 0.03712785243988037, 'Surprised': 0.002751263091340661, 'Unknown': 0.0026918561197817326}",That's his nickname! It's not like a--
MARISHA,02:03:46,02:03:48,Neutral,"{'Angry': 0.022241290658712387, 'Disgusted': 0.015204866416752338, 'Fearful': 0.002212428953498602, 'Happy': 0.05250037461519241, 'Neutral': 0.8158088326454163, 'Other': 0.006944168359041214, 'Sad': 0.05653855577111244, 'Surprised': 0.027916690334677696, 'Unknown': 0.0006327710580080748}",Whitesly! His last name is Whitesly.
ORION,02:03:48,02:03:56,Neutral,"{'Angry': 1.8221359141534776e-06, 'Disgusted': 1.1781727380366647e-06, 'Fearful': 3.490652034088271e-07, 'Happy': 1.9818485270661768e-06, 'Neutral': 0.9999672174453735, 'Other': 8.651146004012844e-07, 'Sad': 2.5988934794440866e-05, 'Surprised': 2.770147773389908e-07, 'Unknown': 3.709226632508944e-07}","I know. But I said, ""What's up Whitey,"" like, to him personally, and then they look at me like, ""Oh my lord, that's so racist."" (laughter)"
ORION,02:03:56,02:03:57,Neutral,"{'Angry': 0.013930421322584152, 'Disgusted': 0.08404841274023056, 'Fearful': 0.0016619808739051223, 'Happy': 0.2502661943435669, 'Neutral': 0.5031781196594238, 'Other': 0.00499908160418272, 'Sad': 0.046807654201984406, 'Surprised': 0.09477365761995316, 'Unknown': 0.00033449719194322824}","And I'm like, no, no, it's his nickname. It's okay."
MATT,02:03:57,02:03:59,Neutral,"{'Angry': 0.006733524613082409, 'Disgusted': 0.0038523704279214144, 'Fearful': 0.00630210293456912, 'Happy': 0.06165359541773796, 'Neutral': 0.8868838548660278, 'Other': 7.470888522220775e-05, 'Sad': 0.02242284081876278, 'Surprised': 0.012003274634480476, 'Unknown': 7.380371971521527e-05}",That is actually his nickname.
LIAM,02:03:59,02:04:01,Neutral,"{'Angry': 0.0009525255300104618, 'Disgusted': 0.0016353573882952332, 'Fearful': 0.0005079074762761593, 'Happy': 0.05827965959906578, 'Neutral': 0.9221213459968567, 'Other': 0.0003246385313104838, 'Sad': 0.0006200300413183868, 'Surprised': 0.00012692002928815782, 'Unknown': 0.01543167233467102}",I'm just sad that you don't call me Whitey.
ORION,02:04:01,02:04:03,Neutral,"{'Angry': 6.370746378353553e-12, 'Disgusted': 2.882416798733606e-13, 'Fearful': 5.3727902931798716e-14, 'Happy': 7.525094262994525e-12, 'Neutral': 1.0, 'Other': 1.9436478793620482e-14, 'Sad': 1.1570175373343261e-11, 'Surprised': 1.3247615894898535e-12, 'Unknown': 1.161943534010862e-13}","I mean, I can."
LIAM,02:04:03,02:04:05,Neutral,"{'Angry': 6.150851561415038e-08, 'Disgusted': 2.371617924268321e-08, 'Fearful': 1.0317716681029765e-09, 'Happy': 1.420912241201222e-07, 'Neutral': 0.9999995231628418, 'Other': 1.1753736650632618e-08, 'Sad': 6.132226104682559e-08, 'Surprised': 8.841473331244742e-09, 'Unknown': 3.5785658880627125e-09}",Okay. Let's start. After this game.
MARISHA,02:04:05,02:04:16,Neutral,"{'Angry': 2.74011256351514e-07, 'Disgusted': 1.3278388166781951e-07, 'Fearful': 1.2523147852050442e-08, 'Happy': 8.555995378856096e-08, 'Neutral': 0.9999992847442627, 'Other': 4.36386109470277e-08, 'Sad': 2.60540389263042e-07, 'Surprised': 7.627787290687138e-09, 'Unknown': 1.2151053496722852e-08}","Anyways. Anyways, you can go buy t-shirts now, which was the whole point of that. At critrole.com. And there's a limited run. Once they're gone, they're gone."
MATT,02:04:16,02:04:26,Neutral,"{'Angry': 9.1765299786023e-13, 'Disgusted': 3.40519509833305e-14, 'Fearful': 9.201233355695792e-15, 'Happy': 1.1425365861739145e-12, 'Neutral': 1.0, 'Other': 3.5004633926579353e-15, 'Sad': 3.5679233005569966e-12, 'Surprised': 2.8062095832823153e-13, 'Unknown': 2.4576198484594323e-14}","The cost includes shipping. We'll get-- we're packaging them ourselves. We'll have, hopefully, more in the future, but this is the first attempt at trying to do something like this for you guys, so--"
MARISHA,02:04:26,02:04:29,Neutral,"{'Angry': 0.0010406601941213012, 'Disgusted': 0.00029363331850618124, 'Fearful': 7.843346793379169e-06, 'Happy': 7.817735604476184e-05, 'Neutral': 0.9979193806648254, 'Other': 0.0001359794696327299, 'Sad': 7.097345951478928e-05, 'Surprised': 4.2289426346542314e-05, 'Unknown': 0.00041104404954239726}","Yeah. We're doing this all ourselves just to, just 'cause-- See how this works. You guys--"
LAURA,02:04:29,02:04:32,Neutral,"{'Angry': 9.238375059794635e-05, 'Disgusted': 0.0004744721809402108, 'Fearful': 1.044116561388364e-05, 'Happy': 0.00014899796224199235, 'Neutral': 0.999194324016571, 'Other': 1.1425697266531643e-05, 'Sad': 2.8100528652430512e-05, 'Surprised': 2.381444937782362e-05, 'Unknown': 1.6026291632442735e-05}","And that includes the shipping, that's why the price is--"
ASHLEY,02:04:32,02:04:36,Neutral,"{'Angry': 4.227308991744394e-08, 'Disgusted': 4.215240068106141e-08, 'Fearful': 1.553737760673357e-08, 'Happy': 1.1567708924076214e-07, 'Neutral': 0.9999994039535522, 'Other': 1.9773583659343785e-08, 'Sad': 2.0514276855010394e-07, 'Surprised': 3.687340655034177e-09, 'Unknown': 1.1092806317947179e-07}","So future t-shirts-- Were you guys saying something, like it would be artwork from--"
MARISHA,02:04:36,02:04:43,Neutral,"{'Angry': 7.701071090505593e-14, 'Disgusted': 2.646706909626567e-15, 'Fearful': 3.8210677984134114e-16, 'Happy': 1.0347242675309495e-13, 'Neutral': 1.0, 'Other': 3.67516160868853e-16, 'Sad': 2.2742072981751793e-13, 'Surprised': 3.466361380333356e-14, 'Unknown': 1.3555028020845574e-15}","Yes, this was, we got this from @rusegafdi. He wore this at Tabletop Day, so--"
LAURA,02:04:43,02:04:45,Neutral,"{'Angry': 0.05319817736744881, 'Disgusted': 0.02607446350157261, 'Fearful': 0.007452243007719517, 'Happy': 0.012318301945924759, 'Neutral': 0.848264753818512, 'Other': 4.5775635953759775e-05, 'Sad': 0.04896247759461403, 'Surprised': 0.003570939414203167, 'Unknown': 0.00011283902131253853}","A very similar design, so yeah."
MARISHA,02:04:45,02:04:57,Neutral,"{'Angry': 5.024469338851811e-13, 'Disgusted': 1.6450125224672096e-14, 'Fearful': 3.989839007274712e-15, 'Happy': 5.761637369462724e-13, 'Neutral': 1.0, 'Other': 1.9527582269295365e-15, 'Sad': 1.7496862248986278e-12, 'Surprised': 1.5922042872519582e-13, 'Unknown': 1.1541415982369973e-14}","Yeah, so we're-- we decided we're going to do, like, fan-designed t-shirts. So, once every so often, we'll do a fan-designed t-shirt, and yes. And then-- but they'll all be limited, so yeah!"
MATT,02:04:57,02:05:06,Neutral,"{'Angry': 0.0005326803657226264, 'Disgusted': 7.294603710761294e-05, 'Fearful': 2.139169919246342e-05, 'Happy': 0.00011787244147853926, 'Neutral': 0.9984263181686401, 'Other': 3.668688077596016e-05, 'Sad': 0.0007593464688397944, 'Surprised': 4.283516318537295e-06, 'Unknown': 2.856531682482455e-05}","Yeah. Shipping, shipping is included with the price, guys, don't worry. But yeah. So, anyway, check that out! Thank you guys so much, and let's go ahead and get back to the game proper."
CREW,02:05:06,02:05:10,Neutral,"{'Angry': 0.0011402833042666316, 'Disgusted': 0.0007871222915127873, 'Fearful': 0.00019199664529878646, 'Happy': 0.00043326691957190633, 'Neutral': 0.9685284495353699, 'Other': 0.027560971677303314, 'Sad': 0.0008761794306337833, 'Surprised': 0.00018817967793438584, 'Unknown': 0.0002934383228421211}","Hey, the t-shirts are sold out already. They're now sold out. They bought all of them."
MARISHA,02:05:10,02:05:12,Happy,"{'Angry': 9.86032436256501e-11, 'Disgusted': 2.558490641568767e-10, 'Fearful': 9.614142815195237e-11, 'Happy': 1.0, 'Neutral': 4.5952674998517296e-10, 'Other': 1.4800405345738454e-10, 'Sad': 4.829025512798069e-10, 'Surprised': 2.4375879092985997e-10, 'Unknown': 3.21005028114385e-11}",T-shirts are sold out!
ORION,02:05:12,02:05:13,Happy,"{'Angry': 9.715901000406646e-11, 'Disgusted': 8.949346264053304e-10, 'Fearful': 4.665816621951535e-10, 'Happy': 1.0, 'Neutral': 1.3546591626223403e-09, 'Other': 4.231974415347395e-08, 'Sad': 1.5616110626837099e-09, 'Surprised': 1.5564212418883727e-10, 'Unknown': 6.466265300986151e-10}","Wait, what?"
TALIESIN,02:05:13,02:05:16,Neutral,"{'Angry': 5.72208700759802e-05, 'Disgusted': 5.3583597036777064e-05, 'Fearful': 1.2567239537020214e-05, 'Happy': 0.1519138067960739, 'Neutral': 0.8476455211639404, 'Other': 2.4513250536983833e-05, 'Sad': 0.0002171500091208145, 'Surprised': 4.046110188937746e-05, 'Unknown': 3.521901817293838e-05}",We didn't even finish telling you people!
LAURA,02:05:16,02:05:17,Angry,"{'Angry': 0.9375964403152466, 'Disgusted': 0.021739987656474113, 'Fearful': 0.003978302702307701, 'Happy': 0.013043942861258984, 'Neutral': 0.017962535843253136, 'Other': 0.0002043939894065261, 'Sad': 0.004428410436958075, 'Surprised': 0.0007441668421961367, 'Unknown': 0.0003017577400896698}",No they're not.
TALIESIN,02:05:17,02:05:19,Happy,"{'Angry': 0.007614531554281712, 'Disgusted': 0.010872009210288525, 'Fearful': 0.006962479092180729, 'Happy': 0.7058855295181274, 'Neutral': 0.06270723789930344, 'Other': 0.00138942152261734, 'Sad': 0.000597628706600517, 'Surprised': 0.023916296660900116, 'Unknown': 0.18005484342575073}",Let us finish our sentence first!
MATT,02:05:19,02:05:23,Happy,"{'Angry': 0.0005706309457309544, 'Disgusted': 0.13579198718070984, 'Fearful': 0.008375657722353935, 'Happy': 0.8447207808494568, 'Neutral': 0.0002558229607529938, 'Other': 0.00548373069614172, 'Sad': 0.0025994949974119663, 'Surprised': 0.0018664750969037414, 'Unknown': 0.000335355696734041}","Okay, so, so, so the limited run was very limited--"
MARISHA,02:05:23,02:05:27,Neutral,"{'Angry': 6.13879763022851e-07, 'Disgusted': 2.2514400370710064e-06, 'Fearful': 6.355651862577361e-07, 'Happy': 4.721998266177252e-05, 'Neutral': 0.9999351501464844, 'Other': 1.7646425476414151e-06, 'Sad': 3.528990418999456e-06, 'Surprised': 2.6718143431025965e-07, 'Unknown': 8.558433364669327e-06}",Holy shit!
MATT,02:05:27,02:05:29,Neutral,"{'Angry': 1.37462274896194e-09, 'Disgusted': 4.699935995944315e-10, 'Fearful': 8.568236398165396e-11, 'Happy': 1.5897260396968704e-08, 'Neutral': 1.0, 'Other': 6.172410499383219e-11, 'Sad': 3.941631021575631e-09, 'Surprised': 5.851553130931109e-10, 'Unknown': 1.546749950342985e-10}","I guess we'll have to order some more, then."
SAM,02:05:29,02:05:32,Neutral,"{'Angry': 2.69199790636776e-05, 'Disgusted': 3.631229992606677e-05, 'Fearful': 2.9087788789183833e-05, 'Happy': 0.001660032314248383, 'Neutral': 0.997761607170105, 'Other': 2.1506282791960984e-05, 'Sad': 0.00014841303345747292, 'Surprised': 3.3379080832673935e-06, 'Unknown': 0.0003127243835479021}","Uh, mental note: make more t-shirts."
MARISHA,02:05:32,02:05:34,Neutral,"{'Angry': 4.306128717490587e-11, 'Disgusted': 6.363751539617546e-12, 'Fearful': 1.338012166340885e-12, 'Happy': 1.1630229418413407e-10, 'Neutral': 1.0, 'Other': 4.517602112709407e-13, 'Sad': 1.8051911354621808e-10, 'Surprised': 8.335337628451178e-12, 'Unknown': 2.487483743290886e-12}",We didn't know! We didn't know!
MATT,02:05:34,02:05:38,Neutral,"{'Angry': 7.10309366880324e-09, 'Disgusted': 6.528566576236017e-09, 'Fearful': 1.468500987478194e-09, 'Happy': 8.688284935942647e-08, 'Neutral': 0.9999998807907104, 'Other': 3.7031724353653317e-09, 'Sad': 4.0856072303085966e-08, 'Surprised': 6.82616907443645e-10, 'Unknown': 1.1671416721981132e-08}",We were gauging interest. I guess there's interest.
MARISHA,02:05:38,02:05:46,Neutral,"{'Angry': 2.373209406769661e-10, 'Disgusted': 2.7722829587517595e-10, 'Fearful': 3.358212319337639e-11, 'Happy': 8.635573367499205e-10, 'Neutral': 1.0, 'Other': 1.2189073361756897e-10, 'Sad': 3.929785385992091e-09, 'Surprised': 2.1460574983755976e-10, 'Unknown': 6.427062354541491e-11}",I'm sorry! Now I almost feel guilty. Congratulations to the 100 people who got 'em.
ORION,02:05:46,02:05:56,Neutral,"{'Angry': 7.63776540679828e-07, 'Disgusted': 2.778038208361977e-07, 'Fearful': 2.2040117286792338e-08, 'Happy': 0.0015316582284867764, 'Neutral': 0.998460054397583, 'Other': 2.9684605351576465e-07, 'Sad': 6.352879154292168e-06, 'Surprised': 6.057572932149924e-08, 'Unknown': 4.027972408948699e-07}","Hold on. Tiberius is gonna work some magic, and then try to conjure up a few more. He was unaware there was a shortage of, of those-- okay."
MATT,02:05:56,02:06:02,Neutral,"{'Angry': 2.21599738559064e-09, 'Disgusted': 4.794195040958016e-10, 'Fearful': 3.360429157162059e-10, 'Happy': 3.9891151004667336e-07, 'Neutral': 0.9999995231628418, 'Other': 4.158408339893782e-11, 'Sad': 1.1523826337622722e-08, 'Surprised': 2.349282546276754e-08, 'Unknown': 7.01866967323106e-11}","Sorry, guys, all right, well, we'll-- thank you guys very much, we'll get more to you very soon."
MARISHA,02:06:02,02:06:07,Neutral,"{'Angry': 6.525154105929687e-08, 'Disgusted': 1.0083366674962235e-07, 'Fearful': 3.6702139993849414e-08, 'Happy': 1.466134563088417e-06, 'Neutral': 0.9999972581863403, 'Other': 7.418222480737313e-08, 'Sad': 5.188292675484263e-07, 'Surprised': 9.334696571272616e-09, 'Unknown': 4.525192309756676e-07}","I don't know what to say! Oh god, I'm like, going to cry."
LAURA,02:06:07,02:06:19,Neutral,"{'Angry': 2.4972694134817175e-08, 'Disgusted': 1.141951599947788e-08, 'Fearful': 2.55527532466715e-09, 'Happy': 2.1434998132008332e-07, 'Neutral': 0.999998927116394, 'Other': 7.370040577825421e-09, 'Sad': 8.78688126704219e-07, 'Surprised': 4.606796277784042e-09, 'Unknown': 5.994956087107539e-09}","Second run, yeah! Just hashtag them critical role and we'll-- oh, but if you're selling them already, there's somebody that's making really cool t-shirts on Redbubble, but if you're making them there, like, we can't print them too, so, like, just submit them to us, and then we can--"
MATT,02:06:19,02:06:25,Neutral,"{'Angry': 1.005546774318633e-11, 'Disgusted': 1.0750696123260073e-12, 'Fearful': 3.358189377619669e-13, 'Happy': 1.668165605650529e-11, 'Neutral': 1.0, 'Other': 1.0711432961310954e-13, 'Sad': 4.7710613237939015e-11, 'Surprised': 4.161558250781461e-12, 'Unknown': 5.345408902839022e-13}","Yeah, we'll figure it out! Anyway, guys, thank you so much! Let's get to the game!"
TALIESIN,02:06:25,02:06:27,Happy,"{'Angry': 0.003349477192386985, 'Disgusted': 0.1643112599849701, 'Fearful': 0.0035596766974776983, 'Happy': 0.6839505434036255, 'Neutral': 0.06266061216592789, 'Other': 0.04160187765955925, 'Sad': 0.0194899570196867, 'Surprised': 0.01800152286887169, 'Unknown': 0.0030751279555261135}",Thank you! Cool!
SAM,02:06:27,02:06:34,Neutral,"{'Angry': 6.035539364297737e-14, 'Disgusted': 2.2129930063474225e-15, 'Fearful': 3.4927387698163313e-16, 'Happy': 8.580455952960503e-14, 'Neutral': 1.0, 'Other': 4.811322370345389e-16, 'Sad': 2.1229541833246018e-13, 'Surprised': 3.170299987158634e-14, 'Unknown': 1.5507873068652204e-15}","Guys, guys, the chatroom just solved the Israeli-Palestinian conflict! (laughter)"
MATT,02:06:34,02:06:37,Happy,"{'Angry': 2.1590136384475045e-05, 'Disgusted': 5.88162693020422e-05, 'Fearful': 9.81829816737445e-06, 'Happy': 0.9783217310905457, 'Neutral': 0.02085140533745289, 'Other': 3.575329901650548e-05, 'Sad': 7.926695252535865e-05, 'Surprised': 2.715352820814587e-06, 'Unknown': 0.0006189708365127444}","Thank you so much, chat! Nice."
TALIESIN,02:06:37,02:06:41,Neutral,"{'Angry': 2.6731183879746823e-06, 'Disgusted': 4.428360171004897e-06, 'Fearful': 8.385893579543335e-07, 'Happy': 1.4427374480874278e-05, 'Neutral': 0.9999409914016724, 'Other': 3.484080707494286e-06, 'Sad': 3.4639108434930677e-06, 'Surprised': 3.492033684437956e-08, 'Unknown': 2.9644746973644942e-05}",We've got a box of stuff coming right for you right now. Thank you.
MARISHA,02:06:41,02:06:48,Neutral,"{'Angry': 0.00010438623576192185, 'Disgusted': 6.606964689126471e-06, 'Fearful': 1.196699258798617e-06, 'Happy': 0.0005323542864061892, 'Neutral': 0.9992783665657043, 'Other': 1.1140138667542487e-05, 'Sad': 2.223660339950584e-05, 'Surprised': 1.1913973594346317e-06, 'Unknown': 4.252463986631483e-05}","Oh my god, I'm like, shaking."
MATT,02:06:48,02:06:53,Happy,"{'Angry': 4.150125931801085e-08, 'Disgusted': 6.443480060625006e-08, 'Fearful': 3.478523424860214e-08, 'Happy': 0.9999994039535522, 'Neutral': 1.912290485961421e-07, 'Other': 1.3474104498811812e-08, 'Sad': 6.800000562634523e-08, 'Surprised': 6.997599655278464e-08, 'Unknown': 7.363608833799162e-09}","All right, so. For all who didn't get 'em, we'll have more soon, I promise."
LIAM,02:06:53,02:06:59,Happy,"{'Angry': 7.12395760160689e-08, 'Disgusted': 2.573448512066534e-07, 'Fearful': 5.8799592750347074e-08, 'Happy': 0.9999912977218628, 'Neutral': 3.3271076063101646e-06, 'Other': 1.1381816023003921e-07, 'Sad': 2.96273555022708e-07, 'Surprised': 6.273152219904432e-09, 'Unknown': 4.638460268324707e-06}",Do you guys like &? What is that?
MARISHA,02:06:59,02:07:02,Neutral,"{'Angry': 0.0007395877619273961, 'Disgusted': 0.00302551849745214, 'Fearful': 0.005422363523393869, 'Happy': 0.10453682392835617, 'Neutral': 0.7513961791992188, 'Other': 0.0017015605699270964, 'Sad': 0.00498932134360075, 'Surprised': 7.5477160862647e-05, 'Unknown': 0.12811316549777985}",(laughs) We didn't know if people liked our show or not!
MATT,02:07:02,02:07:13,Neutral,"{'Angry': 1.3098394902044674e-06, 'Disgusted': 4.295114194974303e-06, 'Fearful': 1.5685880043747602e-06, 'Happy': 7.872449714341201e-06, 'Neutral': 0.9999034404754639, 'Other': 3.08056223730091e-06, 'Sad': 6.113726703915745e-05, 'Surprised': 1.202746346962158e-07, 'Unknown': 1.716347469482571e-05}","So. So. So, you've housed yourselves into this enchanting room, this magical laboratory, and taken about a 15-minute rest. You're able to use any of your unused hit dice to heal yourself up if need be. Any--"
ASHLEY,02:07:13,02:07:17,Neutral,"{'Angry': 1.755728895602715e-10, 'Disgusted': 1.197458243673566e-10, 'Fearful': 5.3213364270554564e-11, 'Happy': 3.977504103858109e-09, 'Neutral': 1.0, 'Other': 6.512712678180543e-12, 'Sad': 5.791905621777005e-09, 'Surprised': 8.385688810008673e-10, 'Unknown': 7.110281113886785e-12}","Oh, well, where's everybody at? 'Cause maybe I can just do a-- some healing up."
TALIESIN,02:07:17,02:07:19,Neutral,"{'Angry': 4.7508709144494787e-07, 'Disgusted': 4.15583002677522e-07, 'Fearful': 1.1131291444144154e-07, 'Happy': 0.00012853079533670098, 'Neutral': 0.9998674392700195, 'Other': 8.765092474050107e-08, 'Sad': 2.0941604361723876e-06, 'Surprised': 2.093991753326918e-07, 'Unknown': 5.732994736717956e-07}","I just spent a healing surge, so."
LAURA,02:07:19,02:07:20,Neutral,"{'Angry': 0.010920782573521137, 'Disgusted': 0.0061343577690422535, 'Fearful': 0.0005760602070949972, 'Happy': 0.006692252587527037, 'Neutral': 0.9114883542060852, 'Other': 0.00028571789152920246, 'Sad': 0.06298786401748657, 'Surprised': 0.0004606099391821772, 'Unknown': 0.00045411285827867687}","Well, he's, well, as far as health goes--"
LIAM,02:07:20,02:07:22,Happy,"{'Angry': 0.00011955812078667805, 'Disgusted': 0.0002824522671289742, 'Fearful': 0.0001139698360930197, 'Happy': 0.9647475481033325, 'Neutral': 0.025302890688180923, 'Other': 0.0006637865444645286, 'Sad': 0.000276201986707747, 'Surprised': 0.008280723355710506, 'Unknown': 0.00021285060211084783}","I'm low, yeah, I'm pretty low."
ASHLEY,02:07:22,02:07:23,Neutral,"{'Angry': 0.0008357499027624726, 'Disgusted': 0.000642615370452404, 'Fearful': 0.0001540149823995307, 'Happy': 0.008139580488204956, 'Neutral': 0.984474778175354, 'Other': 1.3009294889343437e-05, 'Sad': 0.005002694204449654, 'Surprised': 0.0007299432181753218, 'Unknown': 7.594971975777298e-06}","Yeah, what are you at?"
MATT,02:07:23,02:07:25,Neutral,"{'Angry': 2.3419726602469382e-08, 'Disgusted': 1.5932863917100804e-08, 'Fearful': 4.126863295539351e-09, 'Happy': 9.602902650840406e-08, 'Neutral': 0.9999997615814209, 'Other': 4.323085001090021e-09, 'Sad': 8.344291302364581e-08, 'Surprised': 7.455002837275515e-09, 'Unknown': 2.501695739454135e-08}",How many hit dice do you have left?
LIAM,02:07:25,02:07:31,Neutral,"{'Angry': 0.0015458090929314494, 'Disgusted': 0.0020019705407321453, 'Fearful': 0.000549365533515811, 'Happy': 0.007516872137784958, 'Neutral': 0.9425554871559143, 'Other': 0.0026720052119344473, 'Sad': 0.01937946490943432, 'Surprised': 5.9964542742818594e-05, 'Unknown': 0.023719070479273796}","I know, I have, I don't have that many left. I'm at, like-- I accidentally erased it, but I believe I'm at 30?"
ASHLEY,02:07:31,02:07:36,Neutral,"{'Angry': 0.00020204074098728597, 'Disgusted': 0.0008255605935119092, 'Fearful': 0.00016577597125433385, 'Happy': 0.0023718643933534622, 'Neutral': 0.9923890233039856, 'Other': 0.0003050055238418281, 'Sad': 0.0026114981155842543, 'Surprised': 5.4344418458640575e-05, 'Unknown': 0.0010748821077868342}","Ooh, yeah, you-- I need to, I'll get on that. Anybody else? What's everybody at?"
SAM,02:07:36,02:07:39,Neutral,"{'Angry': 3.9320193693896666e-13, 'Disgusted': 1.6527332277814326e-14, 'Fearful': 4.20131729969922e-15, 'Happy': 5.378216860578433e-13, 'Neutral': 1.0, 'Other': 2.240753664160735e-15, 'Sad': 1.4430514075347567e-12, 'Surprised': 1.6886133062578995e-13, 'Unknown': 1.3084499948096389e-14}",I can sing to you and give you an extra little roll.
LIAM,02:07:39,02:07:43,Neutral,"{'Angry': 0.0004160247917752713, 'Disgusted': 0.0016636279178783298, 'Fearful': 0.000684519880451262, 'Happy': 0.3089679777622223, 'Neutral': 0.6358705759048462, 'Other': 0.0010367222130298615, 'Sad': 0.0010944133391603827, 'Surprised': 0.00010810673848027363, 'Unknown': 0.050158049911260605}","I'd like you to sing to me, either in the game or on another day."
SAM,02:07:43,02:07:45,Neutral,"{'Angry': 0.026473185047507286, 'Disgusted': 0.0016892410349100828, 'Fearful': 4.873897705692798e-05, 'Happy': 0.005271538160741329, 'Neutral': 0.9646665453910828, 'Other': 0.00029483484104275703, 'Sad': 0.0004820133908651769, 'Surprised': 7.994353654794395e-05, 'Unknown': 0.0009940300369635224}",Are you Vex or Vax? (laughs)
LIAM,02:07:45,02:07:46,Neutral,"{'Angry': 0.06446763873100281, 'Disgusted': 0.003182873362675309, 'Fearful': 0.00011485486902529374, 'Happy': 0.005912876687943935, 'Neutral': 0.9135441184043884, 'Other': 0.0024517925921827555, 'Sad': 0.0022137281484901905, 'Surprised': 1.3132013009453658e-05, 'Unknown': 0.008098968304693699}",I'm Vix.
SAM,02:07:46,02:07:50,Neutral,"{'Angry': 7.404111238429323e-05, 'Disgusted': 4.177697701379657e-05, 'Fearful': 1.928539177242783e-06, 'Happy': 0.010625043883919716, 'Neutral': 0.9890256524085999, 'Other': 7.829919195501134e-05, 'Sad': 6.355410005198792e-05, 'Surprised': 3.2006037145038135e-06, 'Unknown': 8.656678983243182e-05}","All right, I'll sing to you and-- are you gonna use a dice?"
LIAM,02:07:50,02:07:55,Neutral,"{'Angry': 5.729831621106504e-14, 'Disgusted': 1.985659739457972e-15, 'Fearful': 3.0213530232684924e-16, 'Happy': 7.762344776283611e-14, 'Neutral': 1.0, 'Other': 4.147271039010679e-16, 'Sad': 1.897212448991395e-13, 'Surprised': 2.911484665553757e-14, 'Unknown': 1.3064219014723806e-15}","Thank you. Ah, let me see how beautiful your song is"
SAM,02:07:55,02:08:01,Neutral,"{'Angry': 3.192078491722622e-13, 'Disgusted': 1.0933030332839835e-14, 'Fearful': 2.2130942267846194e-15, 'Happy': 3.833870883523244e-13, 'Neutral': 1.0, 'Other': 1.3494973384885244e-15, 'Sad': 1.1333771378005397e-12, 'Surprised': 9.991773440532967e-14, 'Unknown': 7.43613697229634e-15}","(sings) Heal the Vax, make him a better elf."
"SAM, ASHLEY",02:08:01,02:08:07,Neutral,"{'Angry': 1.9247062610361354e-08, 'Disgusted': 3.0948363871630136e-09, 'Fearful': 1.5461045776987703e-09, 'Happy': 1.4680320248317003e-07, 'Neutral': 0.9999998807907104, 'Other': 9.05051977806437e-10, 'Sad': 4.477517734358116e-08, 'Surprised': 2.339837656961663e-09, 'Unknown': 6.839348198894868e-09}",(sings) For you and for me and the entire adventuring band.
SAM,02:08:07,02:08:21,Neutral,"{'Angry': 5.676705850179986e-13, 'Disgusted': 1.8564395693984083e-14, 'Fearful': 4.171453882594349e-15, 'Happy': 6.93410498291136e-13, 'Neutral': 1.0, 'Other': 1.6658793908810561e-15, 'Sad': 1.9518228179526975e-12, 'Surprised': 1.6849649659474858e-13, 'Unknown': 1.0916402229052286e-14}","(sings) There are duergar dying, if you cared enough for the adventurers, you'd bring Vax back to help us with the stabby-stab. Thank you, thank you, thank you."
LIAM,02:08:21,02:08:27,Happy,"{'Angry': 0.028112951666116714, 'Disgusted': 0.017574384808540344, 'Fearful': 0.003638111287727952, 'Happy': 0.7661740183830261, 'Neutral': 0.06655465811491013, 'Other': 0.007102069444954395, 'Sad': 0.0038114285562187433, 'Surprised': 0.0017318042227998376, 'Unknown': 0.10530056804418564}","And please, vaccinate your kids. (laughter)"
LIAM,02:08:27,02:08:29,Happy,"{'Angry': 0.001081165624782443, 'Disgusted': 0.004255731124430895, 'Fearful': 0.0031331530772149563, 'Happy': 0.8301637768745422, 'Neutral': 0.05259222164750099, 'Other': 0.00021032114455010742, 'Sad': 0.0005239880410954356, 'Surprised': 0.00011743861978175119, 'Unknown': 0.10792222619056702}","I mean, don't Vax-inate them."
MATT,02:08:29,02:08:33,Angry,"{'Angry': 0.4881279766559601, 'Disgusted': 0.028741169720888138, 'Fearful': 0.0029711041133850813, 'Happy': 0.061543889343738556, 'Neutral': 0.20267418026924133, 'Other': 0.013048830442130566, 'Sad': 0.004398618824779987, 'Surprised': 0.003415671642869711, 'Unknown': 0.1950785219669342}","Yeah, there's the difference. All right, so."
SAM,02:08:33,02:08:35,Neutral,"{'Angry': 0.0022862369660288095, 'Disgusted': 0.007154412101954222, 'Fearful': 0.0002743080258369446, 'Happy': 0.00758986733853817, 'Neutral': 0.9710260033607483, 'Other': 0.002045385306701064, 'Sad': 0.0022105537354946136, 'Surprised': 0.0005118762492202222, 'Unknown': 0.006901264190673828}",You get a 1d6 for that.
MATT,02:08:35,02:08:37,Neutral,"{'Angry': 8.931414186008624e-08, 'Disgusted': 7.262306311872635e-09, 'Fearful': 3.985718421972706e-10, 'Happy': 4.803125008834286e-08, 'Neutral': 0.9999997615814209, 'Other': 1.82457896014121e-10, 'Sad': 1.3715405700054362e-08, 'Surprised': 1.1241586861387987e-07, 'Unknown': 6.363279347887385e-11}","So, an extra 1d6 healing to anyone."
LIAM,02:08:37,02:08:39,Happy,"{'Angry': 1.7876175206765765e-07, 'Disgusted': 4.0407672941000783e-07, 'Fearful': 9.155770896995818e-08, 'Happy': 0.9999985694885254, 'Neutral': 4.1406090645068616e-07, 'Other': 1.9945995077819134e-08, 'Sad': 1.699832665735812e-07, 'Surprised': 9.712695714370057e-08, 'Unknown': 9.269859546634507e-09}","Who needs more than one? Three, okay."
ASHLEY,02:08:39,02:08:46,Neutral,"{'Angry': 1.101060215225047e-11, 'Disgusted': 7.118663297722705e-13, 'Fearful': 2.1429539186993557e-13, 'Happy': 2.2347571709824265e-11, 'Neutral': 1.0, 'Other': 4.868580039986414e-14, 'Sad': 3.53116980100765e-11, 'Surprised': 4.415025636750336e-12, 'Unknown': 3.109213732831184e-13}","I healed you, 18, which was actually low, but I rolled really high for each roll. That's my--"
LIAM,02:08:46,02:08:51,Neutral,"{'Angry': 0.0005238942103460431, 'Disgusted': 0.0033008980099111795, 'Fearful': 0.005219199229031801, 'Happy': 0.10960127413272858, 'Neutral': 0.7479737997055054, 'Other': 0.0008827937999740243, 'Sad': 0.0010518477065488696, 'Surprised': 4.417272430146113e-05, 'Unknown': 0.1314021199941635}","Oh, thanks. That's very good. Okay, great, I am almost tip-top condition, thank you. I have a blister."
MATT,02:08:51,02:09:01,Neutral,"{'Angry': 3.134285293526773e-07, 'Disgusted': 3.608574061786385e-08, 'Fearful': 6.254539552941196e-09, 'Happy': 3.6026645489073417e-07, 'Neutral': 0.9999991655349731, 'Other': 4.9518456002317635e-09, 'Sad': 1.1771675190175301e-07, 'Surprised': 1.0107681802651314e-08, 'Unknown': 6.138961339274829e-09}","So, as you guys manage to pull yourself out of your rest mode, you now glance out, and the hallway's still quiet, you can hear the movement of footsteps up above you. What is your intent?"
SAM,02:09:01,02:09:04,Happy,"{'Angry': 6.112817914072366e-07, 'Disgusted': 8.638548024464399e-06, 'Fearful': 3.6136398193775676e-06, 'Happy': 0.9999666213989258, 'Neutral': 3.8867387956997845e-06, 'Other': 4.823056769964751e-06, 'Sad': 5.159631200513104e-06, 'Surprised': 9.98195218926412e-07, 'Unknown': 5.665536264132243e-06}",To win!
MARISHA,02:09:04,02:09:09,Neutral,"{'Angry': 2.4196720005420502e-06, 'Disgusted': 2.36060623137746e-06, 'Fearful': 3.188468440384895e-07, 'Happy': 3.063353869947605e-05, 'Neutral': 0.9999488592147827, 'Other': 1.3088500736557762e-06, 'Sad': 2.349537908230559e-06, 'Surprised': 7.695753367897851e-08, 'Unknown': 1.172503561974736e-05}","Okay. Wait, what are we gonna do, 'cause here's-- there's an army waiting upstairs for us?"
LIAM,02:09:09,02:09:15,Neutral,"{'Angry': 4.000751505373046e-05, 'Disgusted': 9.13342519197613e-05, 'Fearful': 0.0002879939565900713, 'Happy': 0.0003175362653564662, 'Neutral': 0.996752917766571, 'Other': 1.184773827844765e-05, 'Sad': 4.465741221792996e-05, 'Surprised': 1.0759904398582876e-06, 'Unknown': 0.0024525602348148823}","They know we're up there, but Kima needs her stuff, and we need to kind of put an end to this problem."
MARISHA,02:09:15,02:09:18,Sad,"{'Angry': 0.0037548954132944345, 'Disgusted': 0.002458315808326006, 'Fearful': 0.040218453854322433, 'Happy': 0.03243399038910866, 'Neutral': 0.37666916847229004, 'Other': 0.006631331983953714, 'Sad': 0.5102454423904419, 'Surprised': 0.02035542018711567, 'Unknown': 0.007232948672026396}","I'm gonna hop out of tiger form, by the way, since we rested and stuff."
SAM,02:09:18,02:09:19,Neutral,"{'Angry': 0.013746238313615322, 'Disgusted': 0.01134370919317007, 'Fearful': 0.0006986486841924489, 'Happy': 0.06762881577014923, 'Neutral': 0.8916721343994141, 'Other': 3.977772576035932e-05, 'Sad': 0.005208728834986687, 'Surprised': 0.00961881410330534, 'Unknown': 4.312111559556797e-05}","Wait, they're above us?"
LIAM,02:09:19,02:09:37,Happy,"{'Angry': 1.800319360256708e-08, 'Disgusted': 9.328793026952553e-08, 'Fearful': 7.09935434883846e-08, 'Happy': 0.9999992847442627, 'Neutral': 6.33428456353613e-08, 'Other': 4.596373415211019e-08, 'Sad': 5.8440704719942005e-08, 'Surprised': 3.5335460779606365e-07, 'Unknown': 7.337422402997618e-08}","Yeah, they're all upstairs, including the mind flayer who vanished from the room we're in, so I'm sure he told everyone what's going on. But they don't know we've found the secret entrance, so I think we should go-- Vex'ahlia's correct, we should use the stairwell near the secret entrance."
ORION,02:09:37,02:09:42,Other,"{'Angry': 0.012375202029943466, 'Disgusted': 0.014453093521296978, 'Fearful': 0.08568937331438065, 'Happy': 0.02576347067952156, 'Neutral': 0.11060869693756104, 'Other': 0.666238009929657, 'Sad': 0.023974642157554626, 'Surprised': 0.04610348120331764, 'Unknown': 0.01479403953999281}","Are we sure there's no other way out of here, through this particular floor? Is that the only exit?"
LAURA,02:09:42,02:09:50,Neutral,"{'Angry': 2.8040683901053853e-05, 'Disgusted': 1.3209175449446775e-05, 'Fearful': 6.5828025981318206e-06, 'Happy': 8.492493361700326e-05, 'Neutral': 0.9996875524520874, 'Other': 2.3124288418330252e-05, 'Sad': 6.426066829590127e-05, 'Surprised': 1.1585788115553441e-06, 'Unknown': 9.122905612457544e-05}","There's-- I mean, there's the front entrance, there's that door over there, there's like two other stairways, but we should use this back one, by the back entrance."
LIAM,02:09:50,02:10:01,Happy,"{'Angry': 1.9785131311067516e-09, 'Disgusted': 9.183657390110511e-09, 'Fearful': 3.1705682523863743e-09, 'Happy': 1.0, 'Neutral': 1.2116903924663802e-08, 'Other': 7.482285013793444e-09, 'Sad': 1.5243173834278423e-08, 'Surprised': 6.651037054439257e-09, 'Unknown': 6.953004838550214e-09}","Also, Lady Kima, our purpose here was to find you, but your purpose is somewhat greater than our own. What do you suggest we do in this moment?"
MATT,02:10:01,02:10:48,Happy,"{'Angry': 3.713908824920509e-07, 'Disgusted': 3.083005140069872e-07, 'Fearful': 4.556557797741334e-08, 'Happy': 0.9999985694885254, 'Neutral': 1.7999774115651235e-07, 'Other': 1.2293641304950143e-07, 'Sad': 1.502139781450751e-07, 'Surprised': 1.1690779899709014e-07, 'Unknown': 1.0862216726081897e-07}","As she stands up, and she holds the greatsword and swings it a bit. ""What I'm seeking lies deeper into this cavern. Whatever is at the heart of this illithid scourge."" And she glances over at Clarota-- who's in the back corner, hands folded-- and there's a slight mental hiss sound in her direction. ""There's something far darker at the heart of this temple. I've seen it. But I have my thoughts and my ideas, but I need confirmation before I speak of any doom-saying. However, the link between those foul creatures and the assault that's currently mounting against Kraghammer lie upstairs at the center of this duergar people."""
SAM,02:10:48,02:10:53,Neutral,"{'Angry': 2.4100889686740068e-11, 'Disgusted': 2.164306711280317e-12, 'Fearful': 9.679378609392386e-13, 'Happy': 5.840555816760684e-11, 'Neutral': 1.0, 'Other': 7.616971560864966e-14, 'Sad': 6.913444816625258e-11, 'Surprised': 7.4420938162012e-12, 'Unknown': 2.0775065695533e-12}","Oh, here? Here at-- where we are now? Yes, here?"
MATT,02:10:53,02:10:56,Neutral,"{'Angry': 5.097986716475801e-14, 'Disgusted': 2.2434050890438777e-15, 'Fearful': 3.3975425897589927e-16, 'Happy': 7.142201462412637e-14, 'Neutral': 1.0, 'Other': 6.318456034328846e-16, 'Sad': 1.7052821015082348e-13, 'Surprised': 3.034402359914333e-14, 'Unknown': 1.9234591455257735e-15}","""The link between this K'varn character--"""
LIAM,02:10:56,02:11:15,Neutral,"{'Angry': 6.4263070420622626e-09, 'Disgusted': 8.515467220249207e-10, 'Fearful': 8.507783366695776e-11, 'Happy': 3.7453767731676635e-07, 'Neutral': 0.9999996423721313, 'Other': 1.166690771770007e-10, 'Sad': 2.1422147611360742e-08, 'Surprised': 2.4599982051398683e-09, 'Unknown': 9.786255833477142e-11}","And let me ask you this. We can be on the same page, we can go up and fuck shit up. However, your weapons and armor-- would they be a great help? Should they be our short-term purpose, or should we just go up and try to end this problem?"
MATT,02:11:15,02:11:30,Neutral,"{'Angry': 1.0094832278038576e-13, 'Disgusted': 3.978440484903511e-15, 'Fearful': 6.734613379831133e-16, 'Happy': 1.4104857689808958e-13, 'Neutral': 1.0, 'Other': 7.177578259322834e-16, 'Sad': 3.207788581201937e-13, 'Surprised': 5.2384786504260095e-14, 'Unknown': 2.7808231418794977e-15}","""To be honest, we've entirely lost the element of surprise. I would not wish to sacrifice as foolishly for a few additional trinkets of my own when I feel that this should do well enough, as long as we manage to work together and be smart about this."""
LAURA,02:11:30,02:11:36,Neutral,"{'Angry': 5.918920301800634e-12, 'Disgusted': 3.913694997421946e-13, 'Fearful': 1.0571305929154423e-13, 'Happy': 1.1196160318305282e-11, 'Neutral': 1.0, 'Other': 3.1046908479433893e-14, 'Sad': 2.2198163446285335e-11, 'Surprised': 2.2972667605009045e-12, 'Unknown': 2.447007982527005e-13}","So we should potentially just leave this castle for now and go find K'varn, rest up--"
SAM,02:11:36,02:11:37,Angry,"{'Angry': 0.5404347777366638, 'Disgusted': 0.0025537791661918163, 'Fearful': 0.00014321782509796321, 'Happy': 0.4160587787628174, 'Neutral': 0.03812960907816887, 'Other': 8.395031181862578e-05, 'Sad': 0.0007613477064296603, 'Surprised': 0.0018224165542051196, 'Unknown': 1.214298481500009e-05}","No, no, no."
LIAM,02:11:37,02:11:39,Neutral,"{'Angry': 6.548001692863181e-05, 'Disgusted': 0.00034957562456838787, 'Fearful': 8.295712905237451e-05, 'Happy': 0.0049283611588180065, 'Neutral': 0.9923955202102661, 'Other': 0.00021188249229453504, 'Sad': 0.00013924657832831144, 'Surprised': 0.0001253438531421125, 'Unknown': 0.0017017218051478267}","No, Kima is saying this is the main event."
SAM,02:11:39,02:11:46,Neutral,"{'Angry': 6.962632553841885e-11, 'Disgusted': 3.7894617999079117e-11, 'Fearful': 1.0744141687446529e-11, 'Happy': 1.923655901236998e-09, 'Neutral': 1.0, 'Other': 1.1897762289270197e-11, 'Sad': 1.1210509187620232e-09, 'Surprised': 4.1075576967530836e-11, 'Unknown': 8.786005777083883e-12}",She just said there's a link upstairs. The link from-- to K'varn that we need to--
LAURA,02:11:46,02:11:48,Other,"{'Angry': 0.04036641865968704, 'Disgusted': 0.0325394906103611, 'Fearful': 0.0015759927919134498, 'Happy': 0.05331358686089516, 'Neutral': 0.38628754019737244, 'Other': 0.44809839129447937, 'Sad': 0.019962646067142487, 'Surprised': 0.01270705834031105, 'Unknown': 0.005148842465132475}",I get it! Okay. Yeah.
MATT,02:11:48,02:11:53,Neutral,"{'Angry': 2.087095253566762e-11, 'Disgusted': 3.0348334522506404e-12, 'Fearful': 1.0391708110332742e-12, 'Happy': 4.4229842011134224e-11, 'Neutral': 1.0, 'Other': 4.117217092432235e-13, 'Sad': 1.3707471269164273e-10, 'Surprised': 6.59519053952673e-12, 'Unknown': 1.9020722497042897e-12}","""How do you think K'varn is able to send these armies up again and again towards the back door of Kraghammer?"""
LAURA,02:11:53,02:11:54,Neutral,"{'Angry': 0.0035416907630860806, 'Disgusted': 0.00741016399115324, 'Fearful': 3.141827255603857e-05, 'Happy': 0.0005685792420990765, 'Neutral': 0.9854773879051208, 'Other': 2.851887074939441e-05, 'Sad': 0.002839102875441313, 'Surprised': 8.186139166355133e-05, 'Unknown': 2.1297792045515962e-05}",Right.
MATT,02:11:54,02:12:00,Neutral,"{'Angry': 0.00017300275794696063, 'Disgusted': 7.852449198253453e-05, 'Fearful': 0.0005173565004952252, 'Happy': 0.0008376329788006842, 'Neutral': 0.9904234409332275, 'Other': 0.0005411198362708092, 'Sad': 0.006814412772655487, 'Surprised': 3.4817592677427456e-05, 'Unknown': 0.0005796494660899043}","""Besides, if we go on and leave them as they are, who's to say they wouldn't come up behind us, and then we're fighting a two-sided front once we get there?"""
LAURA,02:12:00,02:12:03,Neutral,"{'Angry': 0.00024078827118501067, 'Disgusted': 0.0015011196956038475, 'Fearful': 8.456889918306842e-05, 'Happy': 0.0006889580981805921, 'Neutral': 0.9955353736877441, 'Other': 0.0011745479423552752, 'Sad': 0.0004834561259485781, 'Surprised': 0.000100408993603196, 'Unknown': 0.00019087453256361187}",Then let's-- We gotta go upstairs.
LIAM,02:12:03,02:12:07,Neutral,"{'Angry': 3.311836189823225e-05, 'Disgusted': 7.942977390484884e-05, 'Fearful': 2.9846820325474255e-05, 'Happy': 0.00022126156545709819, 'Neutral': 0.9974525570869446, 'Other': 0.00015456155233550817, 'Sad': 0.00043097735033370554, 'Surprised': 6.610088689740223e-07, 'Unknown': 0.0015975121641531587}","Vox Machina, our years are short. Let's make good use of them."
SAM,02:12:07,02:12:10,Neutral,"{'Angry': 3.722563923780342e-12, 'Disgusted': 1.7660437728102968e-13, 'Fearful': 4.945051190904069e-14, 'Happy': 6.554596709146265e-12, 'Neutral': 1.0, 'Other': 1.2914559727888759e-14, 'Sad': 1.1821398027134222e-11, 'Surprised': 1.1383123176694765e-12, 'Unknown': 9.000219731818138e-14}",Let's leave this decision up to Grog.
ORION,02:12:10,02:12:13,Neutral,"{'Angry': 4.049440121889347e-06, 'Disgusted': 1.5964593330863863e-05, 'Fearful': 7.898932381067425e-06, 'Happy': 6.68952488922514e-05, 'Neutral': 0.999454915523529, 'Other': 3.675925836432725e-05, 'Sad': 7.816421202733181e-06, 'Surprised': 1.212190596788787e-07, 'Unknown': 0.00040559511398896575}",Absolutely not! (laughter)
MATT,02:12:13,02:12:22,Neutral,"{'Angry': 5.258530291979771e-14, 'Disgusted': 2.181253199506146e-15, 'Fearful': 3.3442819521290303e-16, 'Happy': 7.04695294630707e-14, 'Neutral': 1.0, 'Other': 5.644845671486575e-16, 'Sad': 1.6602093777431243e-13, 'Surprised': 3.181476417491065e-14, 'Unknown': 1.7159102389435786e-15}","Grog's standing there clutching his greataxe. ""I say, I haven't been able to kill much since we got here. Let's kill something!"""
ORION,02:12:22,02:12:24,Neutral,"{'Angry': 0.0042979842983186245, 'Disgusted': 0.0006480157608166337, 'Fearful': 6.410968489944935e-05, 'Happy': 0.0032294532284140587, 'Neutral': 0.988849937915802, 'Other': 4.729987995233387e-05, 'Sad': 0.0023676592390984297, 'Surprised': 0.0004508238926064223, 'Unknown': 4.4702235754812136e-05}",That's a terrible idea.
LAURA,02:12:24,02:12:26,Neutral,"{'Angry': 1.029480426950613e-05, 'Disgusted': 1.542021209388622e-06, 'Fearful': 1.1484244311077418e-07, 'Happy': 1.1710767466865946e-06, 'Neutral': 0.999984860420227, 'Other': 2.7901856469725317e-07, 'Sad': 1.0748373142632772e-06, 'Surprised': 4.512139639700763e-07, 'Unknown': 1.4076493926040712e-07}","Have some ale before we go out, Grog."
MATT,02:12:26,02:12:37,Neutral,"{'Angry': 0.0005202418542467058, 'Disgusted': 0.00043804870801977813, 'Fearful': 0.0001764536864357069, 'Happy': 0.0012216797331348062, 'Neutral': 0.9819853901863098, 'Other': 0.0003078002482652664, 'Sad': 0.01359985675662756, 'Surprised': 7.570567049697274e-06, 'Unknown': 0.0017430291045457125}","""Oh, yeah, of course."" And he goes into his bag of holding, and pulls out his now half-empty cask, and you see him frown as he hears it clink around. He pours everyone a small drink, to what is now an empty cask."
LAURA,02:12:37,02:12:40,Neutral,"{'Angry': 7.909583473519888e-06, 'Disgusted': 8.360058018297423e-06, 'Fearful': 2.403819507890148e-06, 'Happy': 7.240325794555247e-05, 'Neutral': 0.9998656511306763, 'Other': 5.418082764663268e-06, 'Sad': 8.79653907759348e-06, 'Surprised': 1.3918636341259116e-06, 'Unknown': 2.7613794372882694e-05}",This could potentially kill us all.
TRAVIS,02:12:40,02:12:42,Neutral,"{'Angry': 1.4869078190926643e-10, 'Disgusted': 2.4499853534809546e-11, 'Fearful': 3.673977354984315e-12, 'Happy': 4.366465522487317e-10, 'Neutral': 1.0, 'Other': 2.286896583561515e-12, 'Sad': 2.590052061712811e-10, 'Surprised': 5.428236332649661e-11, 'Unknown': 3.994535605067462e-12}",Vox Machina.
ALL,02:12:42,02:12:44,Neutral,"{'Angry': 3.4061890801240224e-06, 'Disgusted': 1.4555945426764083e-06, 'Fearful': 3.4387284131298657e-07, 'Happy': 5.0932248996105045e-06, 'Neutral': 0.9999864101409912, 'Other': 2.473306039973977e-07, 'Sad': 1.6782157672423637e-06, 'Surprised': 9.082490350920125e-07, 'Unknown': 4.2671203459576645e-07}",Vox Machina!
LAURA,02:12:44,02:12:47,Neutral,"{'Angry': 0.004058665595948696, 'Disgusted': 0.002473514759913087, 'Fearful': 0.002246843883767724, 'Happy': 0.02193562313914299, 'Neutral': 0.9058409333229065, 'Other': 0.007599206641316414, 'Sad': 0.005750264041125774, 'Surprised': 0.0004282285808585584, 'Unknown': 0.04966667294502258}","Scanlan had a great idea, though. Should we talk about what Scanlan wants to do?"
SAM,02:12:47,02:12:50,Neutral,"{'Angry': 0.0004776173736900091, 'Disgusted': 0.0017132458742707968, 'Fearful': 0.001432112418115139, 'Happy': 0.11048436164855957, 'Neutral': 0.865165650844574, 'Other': 0.00023052783217281103, 'Sad': 0.0035847073886543512, 'Surprised': 0.000129203443066217, 'Unknown': 0.016782552003860474}","Ah, yes, I have an idea. But also, are there two stairs up to the top floor?"
LIAM,02:12:50,02:12:53,Neutral,"{'Angry': 8.006010830285959e-06, 'Disgusted': 3.412358637433499e-06, 'Fearful': 1.7397087503923103e-06, 'Happy': 3.0055585739319213e-05, 'Neutral': 0.9999392032623291, 'Other': 2.6040290777018527e-06, 'Sad': 5.894863079447532e-06, 'Surprised': 9.014006536745001e-07, 'Unknown': 8.263411473308224e-06}",There's multiple.
SAM,02:12:53,02:13:05,Neutral,"{'Angry': 2.869564585950002e-09, 'Disgusted': 2.112843455748248e-09, 'Fearful': 9.107979370703845e-10, 'Happy': 1.2935480242504127e-08, 'Neutral': 1.0, 'Other': 1.886347328339255e-10, 'Sad': 1.636071367272507e-08, 'Surprised': 4.339608672410122e-09, 'Unknown': 1.0187344717804692e-10}","Perhaps we should use more than one. One, half of our band go up, create a diversion. The other half sneak up and kill, kill, kill. That's one option. The other option--"
LIAM,02:13:05,02:13:07,Neutral,"{'Angry': 1.3492151840210909e-10, 'Disgusted': 1.3553298240653877e-11, 'Fearful': 4.537760358441778e-12, 'Happy': 2.2185095427396107e-10, 'Neutral': 1.0, 'Other': 2.748503247912426e-12, 'Sad': 4.255776286932189e-10, 'Surprised': 3.4259234338307465e-11, 'Unknown': 8.493999774372707e-12}",Pike leads the diversion group.
ASHLEY,02:13:07,02:13:11,Neutral,"{'Angry': 3.4615456456776883e-07, 'Disgusted': 4.04853359725621e-08, 'Fearful': 8.492713199359514e-09, 'Happy': 4.35326510341838e-05, 'Neutral': 0.999946117401123, 'Other': 2.861028214340422e-08, 'Sad': 9.938551556842867e-06, 'Surprised': 1.6390691470746788e-08, 'Unknown': 1.797831927774496e-08}",Definitely the stealthy ones with me. (laughter)
SAM,02:13:11,02:13:22,Happy,"{'Angry': 2.43897056861897e-06, 'Disgusted': 4.690365130954888e-06, 'Fearful': 6.599444191124348e-07, 'Happy': 0.9999631643295288, 'Neutral': 1.4145763998385519e-05, 'Other': 3.407890517337364e-06, 'Sad': 3.704861455844366e-06, 'Surprised': 4.2584676407386723e-07, 'Unknown': 7.3239589255535975e-06}","Ah, I do have an idea about gaining the upper hand on our first meeting with this army that's upstairs. An intimidation technique of some sort."
MARISHA,02:13:22,02:13:25,Neutral,"{'Angry': 1.731333132415358e-10, 'Disgusted': 6.334883312364425e-11, 'Fearful': 1.1540332925386032e-11, 'Happy': 1.990937192886122e-09, 'Neutral': 1.0, 'Other': 3.265113179828916e-11, 'Sad': 1.1039759106878932e-09, 'Surprised': 7.355730607949695e-11, 'Unknown': 1.9943100990071905e-11}","You're not going to kill another pony, are you?"
SAM,02:13:25,02:13:26,Neutral,"{'Angry': 1.1481060937512666e-05, 'Disgusted': 1.340610765510064e-06, 'Fearful': 1.1104201576017658e-06, 'Happy': 6.424137245630845e-05, 'Neutral': 0.9997686743736267, 'Other': 2.538592411838181e-07, 'Sad': 2.7663143555400893e-05, 'Surprised': 0.00012529482773970813, 'Unknown': 1.1049870352053404e-08}",I can't anymore.
MARISHA,02:13:26,02:13:27,Neutral,"{'Angry': 0.3255463242530823, 'Disgusted': 0.005990934558212757, 'Fearful': 0.0029411697760224342, 'Happy': 0.009742087684571743, 'Neutral': 0.6305712461471558, 'Other': 0.0003238705394323915, 'Sad': 0.012818139977753162, 'Surprised': 0.011982191354036331, 'Unknown': 8.405727567151189e-05}",Good.
SAM,02:13:27,02:13:52,Neutral,"{'Angry': 0.0004373659903649241, 'Disgusted': 0.0011458847438916564, 'Fearful': 0.0004116593627259135, 'Happy': 0.37919360399246216, 'Neutral': 0.4632776379585266, 'Other': 0.006700118537992239, 'Sad': 0.13996082544326782, 'Surprised': 0.0005790931754745543, 'Unknown': 0.008293814025819302}","Much as I would love to. No, but we've heard over our eavesdropping that some of these duergar bastards are scared of that strange chimera sort of hodgepodge, human centipede thing? We could be one of those with a little bit of deception, and all of us sort of piling on each other. We could act like a big scary monster and go up and freak the fuck out of them."
MARISHA,02:13:52,02:13:55,Neutral,"{'Angry': 5.966790467937244e-06, 'Disgusted': 6.188501629367238e-06, 'Fearful': 9.837438028625911e-07, 'Happy': 3.2894084142753854e-05, 'Neutral': 0.9999325275421143, 'Other': 3.5260547974758083e-06, 'Sad': 1.2759792298311368e-05, 'Surprised': 9.750648359840852e-07, 'Unknown': 4.206902758596698e-06}",Ah! That's actually a really good idea.
LAURA,02:13:55,02:14:00,Neutral,"{'Angry': 3.5279013044231533e-09, 'Disgusted': 8.542444973613783e-09, 'Fearful': 8.172176269027887e-10, 'Happy': 1.2183459574544031e-08, 'Neutral': 0.9999998807907104, 'Other': 1.567023288906455e-09, 'Sad': 1.4072934106934554e-07, 'Surprised': 5.857079821147693e-10, 'Unknown': 1.9542356621826684e-09}","-- all of us piled on Grog and Trinket and you as the bases, and we become this--"
SAM,02:14:00,02:14:11,Neutral,"{'Angry': 0.0029339909087866545, 'Disgusted': 0.00018225940584670752, 'Fearful': 3.733560151886195e-05, 'Happy': 0.0015955513808876276, 'Neutral': 0.7287724614143372, 'Other': 2.8500242478912696e-05, 'Sad': 0.26640015840530396, 'Surprised': 3.235437907278538e-05, 'Unknown': 1.7385798855684698e-05}","They would probably be, at least for the moment, intimidated a bit, and we could get a few licks in before they realized we're just a pile of idiots running at them. (laughter)"
LAURA,02:14:11,02:14:13,Neutral,"{'Angry': 4.122302925679833e-05, 'Disgusted': 2.5538663976476528e-05, 'Fearful': 3.779246617341414e-05, 'Happy': 0.0004174582427367568, 'Neutral': 0.9992319345474243, 'Other': 2.755884088401217e-05, 'Sad': 9.59327444434166e-05, 'Surprised': 4.564179107546806e-05, 'Unknown': 7.681399438297376e-05}",I like it.
MARISHA,02:14:13,02:14:21,Neutral,"{'Angry': 5.0547696446301416e-06, 'Disgusted': 1.8970903283843654e-06, 'Fearful': 7.774780215186183e-07, 'Happy': 5.331299234967446e-06, 'Neutral': 0.9999721050262451, 'Other': 2.605548161227489e-06, 'Sad': 7.765048394503538e-06, 'Surprised': 4.835507070310996e-07, 'Unknown': 3.888799255946651e-06}",So we're basically gonna be like three kids Little Rascals-style on each other's shoulders with a giant coat?
SAM,02:14:21,02:14:24,Neutral,"{'Angry': 8.686631969290204e-11, 'Disgusted': 4.990777582869477e-11, 'Fearful': 1.1042443869013763e-11, 'Happy': 6.895906068393742e-10, 'Neutral': 1.0, 'Other': 1.4458981754950084e-11, 'Sad': 1.362006729621612e-09, 'Surprised': 3.811193027836168e-11, 'Unknown': 1.9454757249626198e-11}","But that could be the diversion, at least."
MARISHA,02:14:24,02:14:32,Happy,"{'Angry': 3.5744524211622775e-06, 'Disgusted': 2.8516464226413518e-05, 'Fearful': 1.0232103022644878e-06, 'Happy': 0.9996432065963745, 'Neutral': 0.0002279389154864475, 'Other': 3.220144208171405e-05, 'Sad': 1.1925082617381122e-05, 'Surprised': 1.9723288460227195e-06, 'Unknown': 4.9532289267517626e-05}","Okay, well then, why don't-- I actually like this idea. Why don't we have a few of our stealthy members, why don't we have the twins be in the shadows, and picking people off while--"
LAURA,02:14:32,02:14:34,Neutral,"{'Angry': 3.2469416044733634e-11, 'Disgusted': 5.956940669904487e-12, 'Fearful': 1.219478185966738e-12, 'Happy': 6.111062350599994e-11, 'Neutral': 1.0, 'Other': 7.689333653311536e-13, 'Sad': 1.324990395179526e-10, 'Surprised': 1.2641885802078257e-11, 'Unknown': 2.395870177598902e-12}","That's true, 'cause I've got range, so that makes sense."
MARISHA,02:14:34,02:14:41,Neutral,"{'Angry': 1.7512458725832403e-05, 'Disgusted': 0.02475438080728054, 'Fearful': 0.00024912127992138267, 'Happy': 3.846787512884475e-05, 'Neutral': 0.9742900133132935, 'Other': 0.00014101230772212148, 'Sad': 0.00012510153464972973, 'Surprised': 3.6232381717127282e-06, 'Unknown': 0.00038077571662142873}","Right, why don't we have some of our ranged people-- I'll transform. I can transform into-- how about a giant scorpion? That sounds fun."
SAM,02:14:41,02:14:42,Neutral,"{'Angry': 0.021436279639601707, 'Disgusted': 0.00283601856790483, 'Fearful': 0.00018415594240650535, 'Happy': 0.12185951322317123, 'Neutral': 0.8319849371910095, 'Other': 0.00012438150588423014, 'Sad': 0.01883379928767681, 'Surprised': 0.002724731108173728, 'Unknown': 1.6242445781244896e-05}",Can you transform into anything?
MARISHA,02:14:42,02:14:45,Surprised,"{'Angry': 1.8772698240354657e-05, 'Disgusted': 0.0002828683063853532, 'Fearful': 1.1405311852286104e-05, 'Happy': 0.0016236093360930681, 'Neutral': 0.00014185595500748605, 'Other': 3.755948637262918e-05, 'Sad': 7.103248663042905e-06, 'Surprised': 0.9978729486465454, 'Unknown': 3.8453317756648175e-06}",I can transform into beasts. They have to be beasts.
SAM,02:14:45,02:14:52,Neutral,"{'Angry': 1.0802869883363986e-11, 'Disgusted': 1.2120531358086883e-12, 'Fearful': 5.049429299165686e-13, 'Happy': 2.9650421007332284e-11, 'Neutral': 1.0, 'Other': 1.0417581646502208e-13, 'Sad': 1.2876388844063058e-10, 'Surprised': 4.374021544267803e-12, 'Unknown': 4.941517572736032e-13}","How about the type of beast that we know would scare them, like that big triceratops thing that we saw with the big metal thing on it."
MARISHA,02:14:52,02:15:02,Neutral,"{'Angry': 4.315170798463441e-08, 'Disgusted': 9.311088788876987e-09, 'Fearful': 2.392676945461858e-09, 'Happy': 7.274163493775632e-08, 'Neutral': 0.9999998807907104, 'Other': 3.1869562544528662e-09, 'Sad': 5.5267193488361954e-08, 'Surprised': 4.120005669960847e-09, 'Unknown': 2.875037319327589e-09}","I can be a rhinoceros-- I can be, like-- Can I do dinosaurs? I can be a dinosaur, right? That's a new thing I can be, right?"
MATT,02:15:02,02:15:03,Happy,"{'Angry': 0.01019972749054432, 'Disgusted': 0.1690019965171814, 'Fearful': 0.00027480078279040754, 'Happy': 0.7900617122650146, 'Neutral': 0.018686853349208832, 'Other': 0.006678261328488588, 'Sad': 0.0013850749237462878, 'Surprised': 0.0029229451902210712, 'Unknown': 0.0007886986713856459}",Up to a certain point.
LIAM,02:15:03,02:15:12,Neutral,"{'Angry': 2.363474693733991e-10, 'Disgusted': 2.4136402945740265e-11, 'Fearful': 5.172715988183141e-12, 'Happy': 7.877519747623296e-10, 'Neutral': 1.0, 'Other': 3.1661097354973577e-12, 'Sad': 3.587354302503343e-10, 'Surprised': 4.616982490768251e-11, 'Unknown': 1.8628697542877326e-11}","What if you were a scorpion, with a dragonborn tail sliding around and a gnome on your front leg and a--"
MARISHA,02:15:12,02:15:29,Neutral,"{'Angry': 1.3718757033154283e-12, 'Disgusted': 6.52811477292771e-14, 'Fearful': 1.9872368724541123e-14, 'Happy': 1.8794607797162355e-12, 'Neutral': 1.0, 'Other': 7.877890912310823e-15, 'Sad': 6.002412976380267e-12, 'Surprised': 5.787001737186936e-13, 'Unknown': 5.2929343986049884e-14}","Well here's, oh wait wait, okay, okay, okay, okay, okay, okay, hang on, hang on, hang on, this might be crazy-- wonder what would happen if I drank that weird yellowish potion? While I'm a monster?"
LAURA,02:15:29,02:15:32,Neutral,"{'Angry': 0.004823382943868637, 'Disgusted': 0.003863030578941107, 'Fearful': 0.0011051725596189499, 'Happy': 0.042926546186208725, 'Neutral': 0.906304121017456, 'Other': 0.004366146866232157, 'Sad': 0.005894396919757128, 'Surprised': 0.0005721627385355532, 'Unknown': 0.030145011842250824}","No, It could be poison, though."
MARISHA,02:15:32,02:15:38,Neutral,"{'Angry': 8.190075284630893e-10, 'Disgusted': 2.750037420007345e-10, 'Fearful': 3.028624920298206e-11, 'Happy': 2.9299719983555406e-08, 'Neutral': 1.0, 'Other': 3.7321919860167085e-11, 'Sad': 2.865189419054559e-09, 'Surprised': 2.960065526025346e-10, 'Unknown': 7.749738351048308e-11}","But I'm wondering if you can, like, if I can transform into a monster and then you with Polymorph can maybe just transform."
ORION,02:15:38,02:15:42,Neutral,"{'Angry': 0.0002618420694489032, 'Disgusted': 0.0005604031612165272, 'Fearful': 0.00034952370333485305, 'Happy': 0.001961727626621723, 'Neutral': 0.9703036546707153, 'Other': 0.00031225598650053144, 'Sad': 0.0005741508211940527, 'Surprised': 7.397606509584875e-07, 'Unknown': 0.025675693526864052}","Stop talking, stop talking! Hold on. (laughter)"
MARISHA,02:15:42,02:15:43,Sad,"{'Angry': 0.030522873625159264, 'Disgusted': 0.006974047049880028, 'Fearful': 0.000754216976929456, 'Happy': 0.007353638298809528, 'Neutral': 0.14213897287845612, 'Other': 1.7929838577401824e-05, 'Sad': 0.8105172514915466, 'Surprised': 0.0017081283731386065, 'Unknown': 1.2965812857146375e-05}",You don't have to snap at me.
ORION,02:15:43,02:15:46,Neutral,"{'Angry': 3.3353340922470665e-11, 'Disgusted': 4.560354698035507e-12, 'Fearful': 9.169811177739406e-13, 'Happy': 1.0233947717042113e-10, 'Neutral': 1.0, 'Other': 6.442815573583227e-13, 'Sad': 1.2807656324387295e-10, 'Surprised': 7.246315526787672e-12, 'Unknown': 2.1455519652602284e-12}","No, no, no, you're brilliant, your highness."
MARISHA,02:15:46,02:15:49,Neutral,"{'Angry': 3.3561742794618876e-12, 'Disgusted': 1.7578472043863064e-13, 'Fearful': 5.024725481615061e-14, 'Happy': 6.119072696458838e-12, 'Neutral': 1.0, 'Other': 1.3176311543315177e-14, 'Sad': 1.1797700837090641e-11, 'Surprised': 1.1065461697976064e-12, 'Unknown': 1.02526690750563e-13}","Oh, thank you. I mean."
ORION,02:15:49,02:15:54,Neutral,"{'Angry': 1.884109587990679e-05, 'Disgusted': 2.953981311293319e-05, 'Fearful': 4.480106326809619e-06, 'Happy': 2.0750047042383812e-05, 'Neutral': 0.9997928738594055, 'Other': 1.8889637431129813e-05, 'Sad': 6.794276123400778e-05, 'Surprised': 8.688354000696563e-07, 'Unknown': 4.57530259154737e-05}","I have an idea, I have an idea."
LIAM,02:15:54,02:15:56,Neutral,"{'Angry': 6.505967758130282e-05, 'Disgusted': 2.627447793202009e-05, 'Fearful': 1.3969068959340802e-06, 'Happy': 3.57495118805673e-05, 'Neutral': 0.9998565912246704, 'Other': 2.265151579194935e-06, 'Sad': 6.556977496074978e-06, 'Surprised': 1.4520935565087711e-06, 'Unknown': 4.607737992046168e-06}","We're off the rails, here."
LAURA,02:15:56,02:15:59,Neutral,"{'Angry': 0.0017335115699097514, 'Disgusted': 0.0029256483539938927, 'Fearful': 0.0002086117019644007, 'Happy': 0.06867770850658417, 'Neutral': 0.8823595643043518, 'Other': 0.002010793425142765, 'Sad': 0.01535375602543354, 'Surprised': 2.9921015084255487e-05, 'Unknown': 0.026700466871261597}","Tell it to us, Tiberius, what's the idea?"
SAM,02:15:59,02:16:03,Neutral,"{'Angry': 1.463600347051397e-05, 'Disgusted': 5.948506441200152e-05, 'Fearful': 5.957382199994754e-06, 'Happy': 0.001439637620933354, 'Neutral': 0.9979104399681091, 'Other': 2.790296457533259e-05, 'Sad': 4.3020725570386276e-05, 'Surprised': 3.2348592071684834e-07, 'Unknown': 0.0004985399427823722}",Does it involve shitting on a bed? (laughter)
ORION,02:16:03,02:16:05,Neutral,"{'Angry': 2.7937056074733846e-05, 'Disgusted': 0.00014316428860183805, 'Fearful': 1.7400650449417299e-06, 'Happy': 0.0012192220892757177, 'Neutral': 0.9985343217849731, 'Other': 1.0440270671097096e-05, 'Sad': 1.162135595222935e-05, 'Surprised': 3.27589332300704e-05, 'Unknown': 1.8797900338540785e-05}","Eventually, actually, yes."
TALIESIN,02:16:05,02:16:06,Neutral,"{'Angry': 0.0009999244939535856, 'Disgusted': 0.00412827217951417, 'Fearful': 0.023545579984784126, 'Happy': 0.40450623631477356, 'Neutral': 0.4388136863708496, 'Other': 0.0006053026882000268, 'Sad': 0.011328885331749916, 'Surprised': 0.0005490063922479749, 'Unknown': 0.1155230849981308}",Aren't you empty yet?
ORION,02:16:06,02:16:15,Neutral,"{'Angry': 0.00124813721049577, 'Disgusted': 0.0009792044293135405, 'Fearful': 7.552641909569502e-05, 'Happy': 0.0008996737306006253, 'Neutral': 0.9938182234764099, 'Other': 0.0009548212983645499, 'Sad': 0.0010829938109964132, 'Surprised': 2.102429607475642e-05, 'Unknown': 0.0009204125963151455}","This is what's going to happen. As far as we know, they're all duergar up there, correct?"
LAURA,02:16:15,02:16:21,Neutral,"{'Angry': 4.4874363084090874e-05, 'Disgusted': 9.597787720849738e-05, 'Fearful': 9.235442121280357e-06, 'Happy': 0.003992358688265085, 'Neutral': 0.9955348968505859, 'Other': 2.474450047884602e-05, 'Sad': 7.594140333821997e-05, 'Surprised': 4.623720997187775e-06, 'Unknown': 0.00021724165708292276}","Mostly, except for the mind flayers. And another big monster probably, they might have--"
ASHLEY,02:16:21,02:16:25,Happy,"{'Angry': 0.010916761122643948, 'Disgusted': 0.0034952242858707905, 'Fearful': 0.0013778222491964698, 'Happy': 0.9155511260032654, 'Neutral': 0.016417721286416054, 'Other': 0.0252691563218832, 'Sad': 0.02547353133559227, 'Surprised': 0.0010156817734241486, 'Unknown': 0.00048292154679074883}",Which I saw in a vision. I think that's what's controlling them
LAURA,02:16:25,02:16:30,Neutral,"{'Angry': 5.123920345795341e-06, 'Disgusted': 0.00010558481881162152, 'Fearful': 2.2488311515189707e-06, 'Happy': 2.67885498033138e-05, 'Neutral': 0.9996322393417358, 'Other': 4.6627563278889284e-05, 'Sad': 0.00015881159924902022, 'Surprised': 1.6707800796211814e-06, 'Unknown': 2.086399581457954e-05}","Oh no, that's K'varn. No, no, no, he's at the other one."
ASHLEY,02:16:30,02:16:34,Neutral,"{'Angry': 1.914847416628618e-06, 'Disgusted': 3.2620398542348994e-06, 'Fearful': 7.743436185592145e-07, 'Happy': 7.262117378559196e-06, 'Neutral': 0.9999493360519409, 'Other': 4.9640175348031335e-06, 'Sad': 8.097198588075116e-06, 'Surprised': 6.126622054125619e-08, 'Unknown': 2.439619493088685e-05}","Sorry, read it wrong."
ORION,02:16:34,02:16:46,Neutral,"{'Angry': 2.918329189416369e-10, 'Disgusted': 1.6773542624304305e-11, 'Fearful': 4.449449055726751e-12, 'Happy': 1.4637619116797396e-08, 'Neutral': 1.0, 'Other': 4.213053246115289e-13, 'Sad': 1.05140585127117e-09, 'Surprised': 1.0803782868329392e-10, 'Unknown': 1.1654244192957353e-12}","This is what will happen. Those who can go stealth, we will creep up there. I will go invisible myself. I will be in front. You closely behind me."
SAM,02:16:46,02:16:48,Neutral,"{'Angry': 0.000504964089486748, 'Disgusted': 0.000953261274844408, 'Fearful': 0.00010004187788581476, 'Happy': 0.0064870803616940975, 'Neutral': 0.9892938137054443, 'Other': 3.7931586120976135e-05, 'Sad': 0.0017320100450888276, 'Surprised': 0.0008807956473901868, 'Unknown': 1.0009698598878458e-05}",He has a name.
ORION,02:16:48,02:17:04,Neutral,"{'Angry': 1.6497572752349754e-10, 'Disgusted': 1.0145344286893732e-10, 'Fearful': 5.4094149298800076e-11, 'Happy': 1.1120023790667233e-09, 'Neutral': 1.0, 'Other': 3.316139030040688e-11, 'Sad': 2.9903930442998217e-09, 'Surprised': 1.0510304432331807e-10, 'Unknown': 2.4086734343176097e-11}","Vax. There we go. You closely behind me, and whoever else can stealth follows suit. I will cast Alter Self and turn myself into their god."
SAM,02:17:04,02:17:06,Neutral,"{'Angry': 0.035946063697338104, 'Disgusted': 0.02916957437992096, 'Fearful': 0.0049543664790689945, 'Happy': 0.027795765548944473, 'Neutral': 0.7978248596191406, 'Other': 0.000257553270785138, 'Sad': 0.09508279711008072, 'Surprised': 0.008511113002896309, 'Unknown': 0.0004579695814754814}",Their god?
ALL,02:17:06,02:17:07,Neutral,"{'Angry': 0.0038045195396989584, 'Disgusted': 0.005623991601169109, 'Fearful': 6.250294973142445e-05, 'Happy': 0.002618488622829318, 'Neutral': 0.9798861145973206, 'Other': 7.339854346355423e-05, 'Sad': 0.004477700684219599, 'Surprised': 0.0034470597747713327, 'Unknown': 6.262403530854499e-06}",K'varn?
MARISHA,02:17:07,02:17:10,Neutral,"{'Angry': 4.615457321888172e-12, 'Disgusted': 2.1690705872060012e-13, 'Fearful': 6.033755174097641e-14, 'Happy': 8.462902253980609e-12, 'Neutral': 1.0, 'Other': 1.220123686058918e-14, 'Sad': 1.173658566167024e-11, 'Surprised': 1.6085172473492837e-12, 'Unknown': 1.1802145090215876e-13}",But you don't know what he looks like.
LAURA,02:17:10,02:17:11,Neutral,"{'Angry': 0.02119157835841179, 'Disgusted': 0.2379397451877594, 'Fearful': 0.00079849932808429, 'Happy': 0.020645057782530785, 'Neutral': 0.6466371417045593, 'Other': 0.02953629568219185, 'Sad': 0.031807154417037964, 'Surprised': 0.010198080912232399, 'Unknown': 0.0012465189211070538}","Oh, or into that other thingie."
ORION,02:17:11,02:17:13,Neutral,"{'Angry': 0.0037469996605068445, 'Disgusted': 0.0025556827895343304, 'Fearful': 0.0003961983893532306, 'Happy': 0.15283335745334625, 'Neutral': 0.5430209636688232, 'Other': 0.000247533229412511, 'Sad': 0.0022713744547218084, 'Surprised': 0.2947865128517151, 'Unknown': 0.00014138197002466768}",I absolutely know what he looks like.
MATT,02:17:13,02:17:15,Happy,"{'Angry': 9.039598580784514e-07, 'Disgusted': 2.7619103093456943e-06, 'Fearful': 1.1718565247065271e-06, 'Happy': 0.9999762773513794, 'Neutral': 4.703457307186909e-06, 'Other': 6.500747531390516e-07, 'Sad': 1.0724142157414462e-05, 'Surprised': 2.7687535748555092e-06, 'Unknown': 6.271817198921781e-08}",You mean Laduguer?
ORION,02:17:15,02:17:17,Neutral,"{'Angry': 2.4003996706989383e-11, 'Disgusted': 7.10921935469927e-13, 'Fearful': 1.325281437326506e-13, 'Happy': 4.338966685946133e-11, 'Neutral': 1.0, 'Other': 3.189216604563075e-14, 'Sad': 3.28856317177717e-11, 'Surprised': 4.216070201290556e-12, 'Unknown': 1.1734962502597812e-13}",We just saw his statue.
MARISHA,02:17:17,02:17:19,Happy,"{'Angry': 0.0014199709985405207, 'Disgusted': 0.0019644650164991617, 'Fearful': 0.0020706879440695047, 'Happy': 0.7797717452049255, 'Neutral': 0.18437790870666504, 'Other': 0.00014661028399132192, 'Sad': 0.006740514189004898, 'Surprised': 0.02311600372195244, 'Unknown': 0.00039214055868797004}",Well. that's not K'varn though.
ORION,02:17:19,02:17:29,Neutral,"{'Angry': 1.5343368936493462e-12, 'Disgusted': 6.820181897536359e-14, 'Fearful': 1.8272538633546352e-14, 'Happy': 2.1764814343155914e-12, 'Neutral': 1.0, 'Other': 6.860741985512337e-15, 'Sad': 5.500501963628945e-12, 'Surprised': 5.794479479570569e-13, 'Unknown': 3.87611797313895e-14}","But that's who they worship. As I give my, whatever the hell I come up with to say at that particular time--"
SAM,02:17:29,02:17:32,Neutral,"{'Angry': 0.0006038277642801404, 'Disgusted': 0.0008451797184534371, 'Fearful': 0.0008097198442555964, 'Happy': 0.004490049090236425, 'Neutral': 0.9855455756187439, 'Other': 0.00016299152048304677, 'Sad': 0.003038487397134304, 'Surprised': 9.576030424796045e-05, 'Unknown': 0.004408313427120447}","Maybe you should think it first, think it through first."
ORION,02:17:32,02:18:04,Neutral,"{'Angry': 6.231887709873263e-06, 'Disgusted': 2.105958856191137e-06, 'Fearful': 5.4005422356340205e-08, 'Happy': 9.013531894197513e-07, 'Neutral': 0.9999837875366211, 'Other': 1.259176656276395e-06, 'Sad': 4.920256742479978e-06, 'Surprised': 4.301979572574055e-07, 'Unknown': 3.201417086984293e-07}","As soon as the mind flayers catch on, and I turn to Clarota, and I turn to Kima, that's when all of you will strike at them first. The rest of you will wait 'til I shoot off a couple of Fireballs at the duergar once they figure out we're full of crap. 'Cause I'm sure that might happen unless I'm super convincing, which I hope that's the case-- But I think that's our best bet to keep a certain element of surprise."
MARISHA,02:18:04,02:18:12,Neutral,"{'Angry': 3.586233674468531e-07, 'Disgusted': 2.7951145398219523e-07, 'Fearful': 3.631436129580834e-07, 'Happy': 5.31305033746321e-07, 'Neutral': 0.9999960660934448, 'Other': 2.934005181032262e-07, 'Sad': 1.8268499388796045e-06, 'Surprised': 5.591226681644912e-08, 'Unknown': 1.8755386577140598e-07}","So wait, so wait, are you going to be their god, and I'm still going to also be a crazy monster, as like your pet crazy monster, with our stealthy team, or just--"
TALIESIN,02:18:12,02:18:16,Neutral,"{'Angry': 3.6385425783436176e-09, 'Disgusted': 2.4328792314065595e-09, 'Fearful': 4.916986817704583e-10, 'Happy': 2.988033998008177e-08, 'Neutral': 1.0, 'Other': 9.33425448046421e-10, 'Sad': 3.114991287134217e-08, 'Surprised': 7.368583521127903e-10, 'Unknown': 2.7037496685977658e-09}",I think the only thing better than their god would be their god on top of a giant scorpion.
"LAURA, MARISHA",02:18:16,02:18:19,Neutral,"{'Angry': 3.068520163651556e-05, 'Disgusted': 6.062844113330357e-05, 'Fearful': 1.56071091623744e-05, 'Happy': 0.00023009358847048134, 'Neutral': 0.999440610408783, 'Other': 2.8564518288476393e-05, 'Sad': 6.218611815711483e-05, 'Surprised': 5.160678847460076e-05, 'Unknown': 7.99672125140205e-05}",Ooh!
LIAM,02:18:19,02:18:20,Neutral,"{'Angry': 8.210815849452047e-07, 'Disgusted': 2.141196375760046e-07, 'Fearful': 2.3146103700355525e-08, 'Happy': 2.7087584385299124e-05, 'Neutral': 0.9999699592590332, 'Other': 4.3615195011170727e-08, 'Sad': 1.7930241256181034e-06, 'Surprised': 5.364883293168532e-08, 'Unknown': 5.2326658561696604e-08}","I have faith in you, Tiberius."
MARISHA,02:18:20,02:18:23,Neutral,"{'Angry': 0.003508879104629159, 'Disgusted': 0.004731625784188509, 'Fearful': 0.0005091623752377927, 'Happy': 0.0052293092012405396, 'Neutral': 0.9776943922042847, 'Other': 0.0011088146129623055, 'Sad': 0.0016278851544484496, 'Surprised': 0.00031485111685469747, 'Unknown': 0.0052750855684280396}",You'll be like Xerxes.
ASHLEY,02:18:23,02:18:35,Neutral,"{'Angry': 2.6941088249188283e-12, 'Disgusted': 1.4132216176378914e-13, 'Fearful': 4.367931052116393e-14, 'Happy': 4.021966353712214e-12, 'Neutral': 1.0, 'Other': 1.55971681289847e-14, 'Sad': 9.731845537763739e-12, 'Surprised': 1.1233030564744562e-12, 'Unknown': 1.1531475373107586e-13}","Can I cast, 'cause I've been wanting to use Thaumaturgy. Which can make your voice three times as louder."
MATT,02:18:35,02:18:38,Neutral,"{'Angry': 9.58415291574255e-11, 'Disgusted': 2.1657035539912606e-11, 'Fearful': 3.9453410156931046e-12, 'Happy': 1.4077007615131976e-10, 'Neutral': 1.0, 'Other': 3.680774001563192e-12, 'Sad': 3.86573772992449e-10, 'Surprised': 3.412736412911066e-11, 'Unknown': 1.2980541121143663e-11}","At the moment he would be speaking, yeah."
ASHLEY,02:18:38,02:18:40,Neutral,"{'Angry': 4.3492079271345574e-08, 'Disgusted': 1.0765256064360074e-07, 'Fearful': 1.0840810027445968e-08, 'Happy': 8.045479944485123e-07, 'Neutral': 0.9999985694885254, 'Other': 6.285753073598244e-08, 'Sad': 2.3504333057644544e-07, 'Surprised': 2.5658775104631104e-09, 'Unknown': 2.427307208563434e-07}","At the moment he'd be speaking, okay, so let's do that."
LAURA,02:18:40,02:18:42,Neutral,"{'Angry': 3.0433654956141254e-06, 'Disgusted': 6.656052846665261e-07, 'Fearful': 9.619119509807206e-07, 'Happy': 4.125298801227473e-06, 'Neutral': 0.9999890327453613, 'Other': 1.5082305537816865e-07, 'Sad': 8.397133228754683e-07, 'Surprised': 1.179973992293526e-06, 'Unknown': 8.962256714539762e-08}","Oh, that's going to be so cool."
MARISHA,02:18:42,02:18:43,Neutral,"{'Angry': 1.5752334547869395e-06, 'Disgusted': 1.7719939648941363e-07, 'Fearful': 6.498628124518291e-08, 'Happy': 1.2138431884523015e-05, 'Neutral': 0.9999825954437256, 'Other': 2.943476218320029e-08, 'Sad': 1.0933406429103343e-06, 'Surprised': 2.3504103410232347e-06, 'Unknown': 1.9214843050008312e-09}",Some theatrics.
LIAM,02:18:43,02:18:50,Happy,"{'Angry': 7.003996870480478e-05, 'Disgusted': 0.00028430711245164275, 'Fearful': 5.2046900236746296e-05, 'Happy': 0.7535268664360046, 'Neutral': 0.2422107756137848, 'Other': 0.0007266358006745577, 'Sad': 0.0004773405962623656, 'Surprised': 7.319385622395203e-05, 'Unknown': 0.0025787740014493465}",I love it when a good plan comes together.
SAM,02:18:50,02:18:56,Neutral,"{'Angry': 2.4391385977651225e-07, 'Disgusted': 2.1640245151388626e-08, 'Fearful': 1.1286127588050476e-09, 'Happy': 4.629978036518878e-07, 'Neutral': 0.9999991655349731, 'Other': 1.6109378275785957e-09, 'Sad': 6.86754262346767e-08, 'Surprised': 7.907957844111024e-09, 'Unknown': 2.1542425621134953e-09}","So some of us are stealthing, you're being a big god who talks loud and is riding a scorpion."
ASHLEY,02:18:56,02:19:06,Neutral,"{'Angry': 2.56886560634495e-11, 'Disgusted': 2.148160338846794e-12, 'Fearful': 7.530145127235266e-13, 'Happy': 6.674756580782315e-11, 'Neutral': 1.0, 'Other': 3.9550787232951745e-14, 'Sad': 4.4503171980903033e-11, 'Surprised': 1.3762793855953692e-11, 'Unknown': 9.48329522548752e-13}","So maybe I'll tuck behind him, on top of you the scorpion, and then when you're getting ready to talk I'll just (whoosh) and then you'll-- your voice will be, you know, you'll have--"
LIAM,02:19:06,02:19:08,Neutral,"{'Angry': 0.004331798292696476, 'Disgusted': 0.009420289658010006, 'Fearful': 0.05837200954556465, 'Happy': 0.039057087153196335, 'Neutral': 0.5725002288818359, 'Other': 0.012695110403001308, 'Sad': 0.021145638078451157, 'Surprised': 0.0013734422391280532, 'Unknown': 0.2811043858528137}","Yeah, that's good, that's good."
SAM,02:19:08,02:19:14,Angry,"{'Angry': 0.9629763960838318, 'Disgusted': 0.005496426485478878, 'Fearful': 0.0009045088081620634, 'Happy': 0.012002655304968357, 'Neutral': 0.011471712961792946, 'Other': 3.292097244411707e-05, 'Sad': 0.0013508475385606289, 'Surprised': 0.005701529793441296, 'Unknown': 6.287205178523436e-05}","How about this-- so, just to clarify, are we all going up the same staircase, or are we going up two separate staircases, Vex and Vax--"
LAURA,02:19:14,02:19:19,Neutral,"{'Angry': 6.580009870305048e-09, 'Disgusted': 2.9863007622310533e-09, 'Fearful': 6.084350800961147e-10, 'Happy': 3.086443811639583e-08, 'Neutral': 1.0, 'Other': 8.729021394593417e-10, 'Sad': 1.8594894513057625e-08, 'Surprised': 1.5431087518891218e-09, 'Unknown': 4.028083644413982e-09}",I think we should just go up the same staircase. There's too many of them. If we split up we could just all die.
SAM,02:19:19,02:19:22,Neutral,"{'Angry': 4.3467135544140306e-14, 'Disgusted': 1.6292893675046833e-15, 'Fearful': 2.4827197428513585e-16, 'Happy': 5.454444269295186e-14, 'Neutral': 1.0, 'Other': 4.348010700669456e-16, 'Sad': 1.3910304386220013e-13, 'Surprised': 2.5903482172282867e-14, 'Unknown': 1.1964918479953493e-15}",You don't know what-- there could be a million rooms up there.
LIAM,02:19:22,02:19:27,Neutral,"{'Angry': 3.782404944807638e-12, 'Disgusted': 3.4092910786154285e-13, 'Fearful': 8.900556479991481e-14, 'Happy': 9.644222052906937e-12, 'Neutral': 1.0, 'Other': 3.9566027049738745e-14, 'Sad': 2.2549325254250796e-11, 'Surprised': 1.2435348974507154e-12, 'Unknown': 1.8532105103968854e-13}","We have no idea what's up there, but Tiberius has got a plan, I like it."
LAURA,02:19:27,02:19:29,Neutral,"{'Angry': 0.017820673063397408, 'Disgusted': 0.0006013052188791335, 'Fearful': 0.00012107906513847411, 'Happy': 0.0004280385037418455, 'Neutral': 0.9774986505508423, 'Other': 0.000625866639893502, 'Sad': 0.001139067579060793, 'Surprised': 4.672160866903141e-05, 'Unknown': 0.0017186731565743685}","If he's the god, we just go in behind him as the god."
ASHLEY,02:19:29,02:19:35,Happy,"{'Angry': 1.4892607980154793e-10, 'Disgusted': 2.8907237714648204e-10, 'Fearful': 8.353852332110279e-11, 'Happy': 1.0, 'Neutral': 5.363125499258103e-10, 'Other': 5.849184331330193e-11, 'Sad': 2.734466264531221e-10, 'Surprised': 2.207728722058988e-10, 'Unknown': 6.662367879606279e-11}","What if we did like your Dimension Door? Is it too not very god-like if he's coming up the staircase like, hey?"
SAM,02:19:35,02:19:37,Neutral,"{'Angry': 3.522040298298279e-12, 'Disgusted': 1.6740798471862745e-13, 'Fearful': 5.1584052377902714e-14, 'Happy': 3.874725193475648e-12, 'Neutral': 1.0, 'Other': 1.2089764783631673e-14, 'Sad': 1.183263122900291e-11, 'Surprised': 9.955956415189093e-13, 'Unknown': 7.131488867322122e-14}",The Dimension Door's off the table.
LIAM,02:19:37,02:19:44,Happy,"{'Angry': 0.0001574311900185421, 'Disgusted': 0.0012566617224365473, 'Fearful': 2.2103993615019135e-05, 'Happy': 0.7936887741088867, 'Neutral': 0.20052963495254517, 'Other': 0.0018591254483908415, 'Sad': 0.0007794623961672187, 'Surprised': 0.0013801689492538571, 'Unknown': 0.00032672114321030676}","Tiberius, Tiberius. Tibs."
SAM,02:19:44,02:19:55,Happy,"{'Angry': 5.603612294180493e-07, 'Disgusted': 1.2683817658398766e-06, 'Fearful': 6.244473382821525e-08, 'Happy': 0.999982476234436, 'Neutral': 1.3432172636385076e-05, 'Other': 5.62696072847757e-07, 'Sad': 7.679958002881904e-07, 'Surprised': 1.255400974287113e-07, 'Unknown': 8.279217809104011e-07}","But don't use the god thing. But don't use the god thing until we get to the big group. The big thing, if you see a guard, don't turn into a god, you gotta see like more than five people before you turn into a god."
LIAM,02:19:55,02:19:56,Sad,"{'Angry': 2.3781265845457256e-09, 'Disgusted': 1.0579400466781408e-08, 'Fearful': 3.447053842364767e-08, 'Happy': 2.213912608794999e-08, 'Neutral': 1.2246883329680713e-07, 'Other': 1.4696581729367608e-09, 'Sad': 0.9999998807907104, 'Surprised': 7.326497186710412e-10, 'Unknown': 2.004781007869383e-09}",Tiberius.
ORION,02:19:56,02:19:57,Neutral,"{'Angry': 0.017323914915323257, 'Disgusted': 0.04442526772618294, 'Fearful': 6.613611913053319e-05, 'Happy': 0.006745385471731424, 'Neutral': 0.9025437235832214, 'Other': 6.487394421128556e-05, 'Sad': 0.028636464849114418, 'Surprised': 0.00015403967699967325, 'Unknown': 4.020189953735098e-05}","Yes, Vax?"
LIAM,02:19:57,02:20:08,Neutral,"{'Angry': 0.03075351193547249, 'Disgusted': 0.22732535004615784, 'Fearful': 0.060453373938798904, 'Happy': 0.1538429856300354, 'Neutral': 0.3479553163051605, 'Other': 0.016788175329566002, 'Sad': 0.08543708920478821, 'Surprised': 0.061354849487543106, 'Unknown': 0.01608934812247753}","Do you intend to go up one of the other stairways? I believe this one by the entrance, the secret entrance we came in, will afford us the element of surprise. Do you think you want to go up one of the others?"
ORION,02:20:08,02:20:09,Neutral,"{'Angry': 0.00012115504068788141, 'Disgusted': 1.4880573871778324e-05, 'Fearful': 4.2372521420475096e-06, 'Happy': 0.0029119448736310005, 'Neutral': 0.9968243837356567, 'Other': 9.252586892216641e-07, 'Sad': 7.688519690418616e-05, 'Surprised': 4.5344535465119407e-05, 'Unknown': 2.2981002700817044e-07}","No, let's go up that one."
LIAM,02:20:09,02:20:11,Neutral,"{'Angry': 0.0008426681743003428, 'Disgusted': 0.004854356404393911, 'Fearful': 0.00040123696089722216, 'Happy': 0.08014581352472305, 'Neutral': 0.7643434405326843, 'Other': 0.0010800603777170181, 'Sad': 0.003174459096044302, 'Surprised': 0.14491626620292664, 'Unknown': 0.0002416990464553237}","And make a distraction, right? Your plan is to make a distraction."
ORION,02:20:11,02:20:12,Surprised,"{'Angry': 0.015805643051862717, 'Disgusted': 0.11900617182254791, 'Fearful': 0.007777411490678787, 'Happy': 0.009741892106831074, 'Neutral': 0.38496842980384827, 'Other': 8.850255835568532e-05, 'Sad': 0.014654533006250858, 'Surprised': 0.4478817284107208, 'Unknown': 7.575679774163291e-05}","Yes, of course."
LIAM,02:20:12,02:20:14,Neutral,"{'Angry': 2.169271056118305e-06, 'Disgusted': 4.257884484104579e-06, 'Fearful': 9.251407391275279e-07, 'Happy': 4.070666363986675e-06, 'Neutral': 0.9999762773513794, 'Other': 9.804225555853918e-07, 'Sad': 6.346879217744572e-06, 'Surprised': 4.6760587792959996e-06, 'Unknown': 2.9385506650214666e-07}",You're a brave dragonborn.
MARISHA,02:20:14,02:20:19,Neutral,"{'Angry': 5.460464080897509e-09, 'Disgusted': 1.9905421755339603e-09, 'Fearful': 5.054881513366638e-10, 'Happy': 1.4910785495203527e-08, 'Neutral': 1.0, 'Other': 7.825495251800874e-10, 'Sad': 2.7602926166991892e-08, 'Surprised': 6.863822288316612e-10, 'Unknown': 2.0028356750856346e-09}",I'm going to cast Pass Without a Trace on the party. Everyone stay close.
LIAM,02:20:19,02:20:22,Fearful,"{'Angry': 0.08194706588983536, 'Disgusted': 0.03958804905414581, 'Fearful': 0.34855321049690247, 'Happy': 0.27936652302742004, 'Neutral': 0.002930737566202879, 'Other': 0.0009318417869508266, 'Sad': 0.10615397989749908, 'Surprised': 0.14015239477157593, 'Unknown': 0.0003761313564609736}","Who's the stealth party, not you, you and me, you."
MARISHA,02:20:22,02:20:25,Neutral,"{'Angry': 7.908772386144847e-05, 'Disgusted': 1.5213613551168237e-05, 'Fearful': 1.536322656647826e-06, 'Happy': 2.51181008934509e-05, 'Neutral': 0.9998559951782227, 'Other': 4.050891675433377e-06, 'Sad': 4.6160434976627585e-06, 'Surprised': 2.7090113690064754e-06, 'Unknown': 1.1643564903351944e-05}","Well, all of us, all of us I guess, until we get upstairs."
LAURA,02:20:25,02:20:30,Neutral,"{'Angry': 2.878848374965326e-11, 'Disgusted': 3.0631257079416496e-12, 'Fearful': 5.153529512857968e-13, 'Happy': 3.7269423658337075e-11, 'Neutral': 1.0, 'Other': 2.5950574154831596e-13, 'Sad': 5.4792274883919134e-11, 'Surprised': 6.78369383236288e-12, 'Unknown': 1.1284138770953356e-12}","Potentially all of us will be stealthed except for Tiberius, and you who is a scorpion, and you who's riding behind Tiberius."
ASHLEY,02:20:30,02:20:33,Neutral,"{'Angry': 0.0017549303593114018, 'Disgusted': 0.0013362289173528552, 'Fearful': 6.524533819174394e-05, 'Happy': 0.001639966620132327, 'Neutral': 0.9932885766029358, 'Other': 6.472512177424505e-05, 'Sad': 0.0007183818379417062, 'Surprised': 0.001010074745863676, 'Unknown': 0.00012184168735984713}","I'm riding on her, so I probably won't be rolling for stealth."
MATT,02:20:33,02:20:35,Neutral,"{'Angry': 8.430009756921208e-08, 'Disgusted': 5.563782679018914e-08, 'Fearful': 4.392173735823235e-08, 'Happy': 7.433964128722437e-07, 'Neutral': 0.9999984502792358, 'Other': 2.239783825075392e-08, 'Sad': 3.8042625760681403e-07, 'Surprised': 8.206035317925853e-08, 'Unknown': 1.1833149571316426e-08}",Uh.
ASHLEY,02:20:35,02:20:36,Neutral,"{'Angry': 0.0048133996315300465, 'Disgusted': 0.0015476758126169443, 'Fearful': 0.00019804335897788405, 'Happy': 0.03199246525764465, 'Neutral': 0.9588239789009094, 'Other': 6.194393790792674e-05, 'Sad': 0.0010986392153427005, 'Surprised': 0.0014189964858815074, 'Unknown': 4.4907123083248734e-05}",Just kidding.
MATT,02:20:36,02:20:37,Happy,"{'Angry': 3.660790559578686e-09, 'Disgusted': 2.017801259412977e-09, 'Fearful': 3.811951032606231e-10, 'Happy': 1.0, 'Neutral': 5.4177742292438325e-09, 'Other': 1.1389373888448517e-09, 'Sad': 5.148529602649887e-09, 'Surprised': 2.505548879483399e-09, 'Unknown': 6.388588269512496e-11}",You'll be rolling.
ASHLEY,02:20:37,02:20:39,Happy,"{'Angry': 3.573724871586137e-09, 'Disgusted': 3.6182448148736057e-09, 'Fearful': 9.630964470375147e-09, 'Happy': 1.0, 'Neutral': 1.6838439531596805e-09, 'Other': 3.177760721229106e-09, 'Sad': 7.688000458472288e-09, 'Surprised': 7.045290573159946e-09, 'Unknown': 5.687845194835006e-10}","I probably won't roll well, just putting it out there."
MATT,02:20:39,02:20:54,Happy,"{'Angry': 1.487756029483478e-10, 'Disgusted': 6.891974768663545e-10, 'Fearful': 8.139633966841586e-10, 'Happy': 1.0, 'Neutral': 1.4151747551593985e-09, 'Other': 1.8027627168848426e-09, 'Sad': 9.847403781293451e-09, 'Surprised': 4.3639014624119454e-10, 'Unknown': 5.455287332978287e-10}","You hear in the back of your mind this subtle, soft, echoing chuckle. ""You're all crazy. I like it."" (laughter)"
MATT,02:20:54,02:21:04,Happy,"{'Angry': 4.2158804717473686e-05, 'Disgusted': 1.9221799448132515e-05, 'Fearful': 4.85349210066488e-06, 'Happy': 0.9949080348014832, 'Neutral': 0.004786818288266659, 'Other': 1.7740236216923222e-05, 'Sad': 0.00018421796266920865, 'Surprised': 3.0837625672575086e-05, 'Unknown': 6.072311862226343e-06}","At which point, Kima, who's listening to all this with a look of kind of awe and curiosity says, ""You know, for once? I actually agree with the thing."" (laughter)"
MATT,02:21:04,02:21:08,Neutral,"{'Angry': 0.00011076597729697824, 'Disgusted': 0.00017273858247790486, 'Fearful': 0.00013562352978624403, 'Happy': 0.0004313229292165488, 'Neutral': 0.9984814524650574, 'Other': 1.9315175450174138e-05, 'Sad': 0.0004135199123993516, 'Surprised': 1.6585174307692796e-05, 'Unknown': 0.00021852640202268958}","""All right."" Takes her greatsword in her hands. ""Lead the way."""
ASHLEY,02:21:08,02:21:15,Neutral,"{'Angry': 6.25409893473261e-06, 'Disgusted': 1.4635402294516098e-05, 'Fearful': 1.0305996511306148e-05, 'Happy': 0.00044345116475597024, 'Neutral': 0.9993665814399719, 'Other': 2.3968332243384793e-05, 'Sad': 0.00012250988220330328, 'Surprised': 7.185296453826595e-06, 'Unknown': 5.0142321015300695e-06}",So you guys are stealthing up first?
MARISHA,02:21:15,02:21:20,Happy,"{'Angry': 7.395011834887555e-06, 'Disgusted': 2.8815875339205377e-05, 'Fearful': 4.487736532610143e-06, 'Happy': 0.9974455833435059, 'Neutral': 0.002208398887887597, 'Other': 1.7751286577549763e-05, 'Sad': 4.111838643439114e-05, 'Surprised': 1.4525235201290343e-06, 'Unknown': 0.00024497538106516004}",We all have Pass Without a Trace as long as you stand close enough.
LIAM,02:21:20,02:21:23,Neutral,"{'Angry': 3.1451730109210985e-10, 'Disgusted': 2.017895399386571e-11, 'Fearful': 6.399451281391411e-12, 'Happy': 4.62468813244854e-10, 'Neutral': 1.0, 'Other': 7.856531180835957e-13, 'Sad': 6.249009087966328e-10, 'Surprised': 4.0436442388935845e-11, 'Unknown': 2.8732953516463766e-12}","Wait, wait for the inspiration."
SAM,02:21:23,02:21:29,Happy,"{'Angry': 0.0016448164824396372, 'Disgusted': 0.0036348712164908648, 'Fearful': 0.00037988691474311054, 'Happy': 0.9347086548805237, 'Neutral': 0.029365330934524536, 'Other': 0.004126734100282192, 'Sad': 0.0006883999449200928, 'Surprised': 0.0002907297748606652, 'Unknown': 0.02516067400574684}","I have some inspiration dice to give out, that I can give out as bonus actions. Can I give it out before we go into battle?"
MATT,02:21:29,02:21:32,Neutral,"{'Angry': 0.01428264006972313, 'Disgusted': 0.0018125249771401286, 'Fearful': 0.01260802336037159, 'Happy': 0.11036214232444763, 'Neutral': 0.8465720415115356, 'Other': 0.0016635822830721736, 'Sad': 0.005945977289229631, 'Surprised': 0.006665259599685669, 'Unknown': 8.771999273449183e-05}","I would say like momentarily, right beforehand."
SAM,02:21:32,02:21:36,Happy,"{'Angry': 7.384613854810596e-05, 'Disgusted': 5.465482536237687e-05, 'Fearful': 9.123800555244088e-05, 'Happy': 0.960810661315918, 'Neutral': 0.00021316594211384654, 'Other': 0.00011082468699896708, 'Sad': 4.676993194152601e-05, 'Surprised': 0.038529399782419205, 'Unknown': 6.94608679623343e-05}","Okay, good to know. But I can't mass give it out, just have to give it to one person."
MATT,02:21:36,02:21:42,Happy,"{'Angry': 5.037743378011328e-08, 'Disgusted': 3.6764870259275995e-08, 'Fearful': 9.551532009766106e-09, 'Happy': 0.9999998807907104, 'Neutral': 3.3037192537221927e-08, 'Other': 1.9414454044408558e-08, 'Sad': 2.3278909466739606e-08, 'Surprised': 2.540883592416776e-08, 'Unknown': 8.566332532211618e-09}","It's one of those things where it has to be in the moment when the adrenaline's pumping, I think, for it to last into the combat."
SAM,02:21:42,02:21:49,Happy,"{'Angry': 0.00014766326057724655, 'Disgusted': 0.0003280798555351794, 'Fearful': 0.00018542648467700928, 'Happy': 0.9942161440849304, 'Neutral': 0.0023873408790677786, 'Other': 0.000276748527539894, 'Sad': 0.000454278924735263, 'Surprised': 0.00014708533126395196, 'Unknown': 0.0018572373082861304}","Okay, and do we want to send Clarota and Kima off through a different staircase so we have at least a backup plan?"
LAURA,02:21:49,02:21:53,Happy,"{'Angry': 1.5255514881573617e-05, 'Disgusted': 2.67953987531655e-06, 'Fearful': 9.610735105525237e-07, 'Happy': 0.9999475479125977, 'Neutral': 5.975968633720186e-06, 'Other': 1.0060462045657914e-06, 'Sad': 2.2492338302981807e-06, 'Surprised': 7.903904020167829e-08, 'Unknown': 2.4200344341807067e-05}","No, no, no stick together. Too big of a group of an army upstairs to split us up."
LIAM,02:21:53,02:21:54,Neutral,"{'Angry': 0.0029628328047692776, 'Disgusted': 0.004679741337895393, 'Fearful': 0.0006216141046024859, 'Happy': 0.012693040072917938, 'Neutral': 0.9605197310447693, 'Other': 2.661399958014954e-05, 'Sad': 0.00461666751652956, 'Surprised': 0.013862661086022854, 'Unknown': 1.7094209397328086e-05}",Don't split the party.
SAM,02:21:54,02:22:03,Happy,"{'Angry': 5.871318080608035e-07, 'Disgusted': 6.460963390964025e-07, 'Fearful': 6.091784598538652e-06, 'Happy': 0.9999544620513916, 'Neutral': 9.396846394338354e-07, 'Other': 5.5284026529989205e-06, 'Sad': 1.2045812582073268e-05, 'Surprised': 1.9359651560080238e-05, 'Unknown': 3.3574127655811026e-07}","In those action movies, when there's one guy who goes away for a while, he comes back at the end and saves the day. If we did that--"
LAURA,02:22:03,02:22:05,Happy,"{'Angry': 2.8614413167815655e-05, 'Disgusted': 0.00031619437504559755, 'Fearful': 2.1509627913474105e-05, 'Happy': 0.9978148937225342, 'Neutral': 0.0012952365214005113, 'Other': 0.00016359252913389355, 'Sad': 0.000220561443711631, 'Surprised': 0.00012143086496507749, 'Unknown': 1.7901182218338363e-05}",That's not going to be us!
LIAM,02:22:05,02:22:10,Happy,"{'Angry': 2.2348436989894083e-10, 'Disgusted': 4.2832273838833146e-10, 'Fearful': 8.712055521442608e-10, 'Happy': 1.0, 'Neutral': 5.95636706623992e-10, 'Other': 4.5266138060107153e-10, 'Sad': 3.840253004483429e-09, 'Surprised': 7.206709673468481e-10, 'Unknown': 1.369137581086477e-10}","We few, we happy few. (laughter)"
LIAM,02:22:10,02:22:13,Happy,"{'Angry': 1.5918727513053454e-05, 'Disgusted': 4.171724867774174e-06, 'Fearful': 2.0131151359237265e-06, 'Happy': 0.9999402761459351, 'Neutral': 2.5783507226151414e-05, 'Other': 5.490695684784441e-07, 'Sad': 7.2542984526080545e-06, 'Surprised': 3.399100933165755e-06, 'Unknown': 5.204851163398416e-07}",About to go and do something very stupid. Let's do it.
MATT,02:22:13,02:22:16,Happy,"{'Angry': 0.0002272891579195857, 'Disgusted': 3.93582959077321e-05, 'Fearful': 2.6878218704950996e-05, 'Happy': 0.9986804127693176, 'Neutral': 0.0007328536012209952, 'Other': 6.333077635645168e-06, 'Sad': 0.00018078797438647598, 'Surprised': 0.00010120774823008105, 'Unknown': 4.8451597649545874e-06}",So you are venturing up which stairway?
LAURA,02:22:16,02:22:18,Happy,"{'Angry': 0.0004818146990146488, 'Disgusted': 0.001412046025507152, 'Fearful': 0.0003254651091992855, 'Happy': 0.9332125186920166, 'Neutral': 0.0514354445040226, 'Other': 0.00015761579561512917, 'Sad': 0.003482264932245016, 'Surprised': 0.009425709024071693, 'Unknown': 6.710569869028404e-05}","The secret one, the one by-- in the storage room."
MATT,02:22:18,02:22:22,Happy,"{'Angry': 2.6070383629672733e-09, 'Disgusted': 4.845746470749646e-09, 'Fearful': 1.0057497057402998e-08, 'Happy': 0.9999998807907104, 'Neutral': 1.5769455075087535e-08, 'Other': 7.068453822256515e-09, 'Sad': 3.00051858914685e-08, 'Surprised': 5.6172442697288716e-08, 'Unknown': 1.684961725700873e-09}",All right. So. You guys--
MARISHA,02:22:22,02:22:26,Happy,"{'Angry': 0.0002734955050982535, 'Disgusted': 0.0004490787105169147, 'Fearful': 0.00020342570496723056, 'Happy': 0.990778923034668, 'Neutral': 0.0033170985989272594, 'Other': 0.00012932151730637997, 'Sad': 0.0003621273208409548, 'Surprised': 2.2708920369041152e-05, 'Unknown': 0.00446391012519598}",We got this. We got this.
LAURA,02:22:26,02:22:31,Neutral,"{'Angry': 0.007408251520246267, 'Disgusted': 0.03277136757969856, 'Fearful': 0.010718128643929958, 'Happy': 0.20631666481494904, 'Neutral': 0.576628565788269, 'Other': 0.0016752927331253886, 'Sad': 0.009114591404795647, 'Surprised': 0.0008278776076622307, 'Unknown': 0.1545392870903015}","Oh no, Grog fell over. Oh my gosh."
MARISHA,02:22:31,02:22:46,Happy,"{'Angry': 2.8299527343733644e-07, 'Disgusted': 2.5747164045242243e-07, 'Fearful': 1.5370764216982025e-08, 'Happy': 0.9999946355819702, 'Neutral': 4.2944120650645345e-06, 'Other': 5.000897118634384e-08, 'Sad': 2.123066877857127e-07, 'Surprised': 2.0018026347656814e-08, 'Unknown': 1.708934718180899e-07}",It's been a good day. What are you going to say? Are you thinking about this? Think about something.
ORION,02:22:46,02:22:47,Neutral,"{'Angry': 0.004249038174748421, 'Disgusted': 0.004938003607094288, 'Fearful': 0.0003247884742449969, 'Happy': 0.005503406282514334, 'Neutral': 0.9776614308357239, 'Other': 2.2812844690633938e-05, 'Sad': 0.0035157448146492243, 'Surprised': 0.003770115552470088, 'Unknown': 1.4536170056089759e-05}",Okay.
MARISHA,02:22:47,02:22:49,Happy,"{'Angry': 0.00011323102080496028, 'Disgusted': 5.4668751545250416e-05, 'Fearful': 0.00010627600568113849, 'Happy': 0.9991565942764282, 'Neutral': 0.000306572241242975, 'Other': 1.996160608541686e-05, 'Sad': 0.00017314394062850624, 'Surprised': 6.0131613281555474e-05, 'Unknown': 9.398750989930704e-06}",Start thinking about this now.
LIAM,02:22:49,02:22:52,Happy,"{'Angry': 0.0014568035257980227, 'Disgusted': 0.006979820784181356, 'Fearful': 0.000580923049710691, 'Happy': 0.9013800621032715, 'Neutral': 0.050067055970430374, 'Other': 0.0011220882879570127, 'Sad': 0.0017066918080672622, 'Surprised': 6.85658524162136e-05, 'Unknown': 0.03663792088627815}",There are rooms up there.
TALIESIN,02:22:52,02:22:57,Neutral,"{'Angry': 1.3945223145128693e-06, 'Disgusted': 5.717777753488917e-07, 'Fearful': 1.9669526807319926e-07, 'Happy': 1.6167865396710113e-05, 'Neutral': 0.9999762773513794, 'Other': 6.777478347430588e-07, 'Sad': 3.0001331197127e-06, 'Surprised': 1.8452767847065843e-07, 'Unknown': 1.5033109548312495e-06}",What's the name of the god again?
MARISHA,02:22:57,02:23:01,Neutral,"{'Angry': 2.2964868549024686e-05, 'Disgusted': 2.138315721822437e-06, 'Fearful': 3.2257423754344927e-07, 'Happy': 0.0004604831337928772, 'Neutral': 0.9994634985923767, 'Other': 2.0957972992619034e-06, 'Sad': 4.529843863565475e-05, 'Surprised': 8.159443609656591e-07, 'Unknown': 2.3957113626238424e-06}",Laduguer.
ASHLEY,02:23:01,02:23:07,Neutral,"{'Angry': 1.9435101421549916e-05, 'Disgusted': 7.740923138044309e-06, 'Fearful': 3.6391008961800253e-07, 'Happy': 0.00040572709986008704, 'Neutral': 0.9995317459106445, 'Other': 1.4387936971616e-05, 'Sad': 9.81581979431212e-06, 'Surprised': 3.506479515635874e-06, 'Unknown': 7.396124601655174e-06}",Can I take off my armor right now?
MATT,02:23:07,02:23:29,Happy,"{'Angry': 9.579869697518006e-08, 'Disgusted': 2.8963509635104856e-07, 'Fearful': 3.8375958411052125e-08, 'Happy': 0.9999939203262329, 'Neutral': 3.477854534139624e-06, 'Other': 3.659972662717337e-07, 'Sad': 1.314049654865812e-06, 'Surprised': 2.5227500088931265e-08, 'Unknown': 5.182148470339598e-07}","You'd become a soft target. All right, you guys all make your way up, and you're all squeezing into this tiny, tiny room. You're all shoulder-to-shoulder, essentially. You come up to the top area, there's a small box, and there is just a single stone door."
LAURA,02:23:29,02:23:32,Happy,"{'Angry': 0.0071999249048531055, 'Disgusted': 0.004580301232635975, 'Fearful': 0.0026102771516889334, 'Happy': 0.6349992156028748, 'Neutral': 0.3100006878376007, 'Other': 0.00021678284974768758, 'Sad': 0.012572494335472584, 'Surprised': 0.027136871591210365, 'Unknown': 0.0006833506049588323}",Check for traps.
LIAM,02:23:32,02:23:47,Happy,"{'Angry': 6.876453850779285e-10, 'Disgusted': 2.3423918360521157e-09, 'Fearful': 1.6697749849470256e-09, 'Happy': 1.0, 'Neutral': 3.97075039515471e-09, 'Other': 2.2618180661737597e-09, 'Sad': 1.0393890192972322e-08, 'Surprised': 1.6026306948191404e-09, 'Unknown': 1.762070267474769e-09}","Excuse me, sorry, sorry, sorry, sorry, sorry, sorry, sorry, sorry, excuse me Kima, sorry, sorry, All right, my hands are on the door. I'm going to check for traps on this door. I get a 21."
MATT,02:23:47,02:23:56,Happy,"{'Angry': 4.097247710888041e-06, 'Disgusted': 3.3704163797665387e-06, 'Fearful': 0.0003647581906989217, 'Happy': 0.9995386600494385, 'Neutral': 8.008426561900706e-07, 'Other': 1.9149949366692454e-05, 'Sad': 1.8783441191772e-05, 'Surprised': 4.890922355116345e-05, 'Unknown': 1.4965877426220686e-06}","Okay, you take a moment and you place your hand along this stone surface. You find that there's a low hum to it."
LIAM,02:23:56,02:23:57,Happy,"{'Angry': 0.0034715377259999514, 'Disgusted': 0.0012582744238898158, 'Fearful': 0.0003540581383276731, 'Happy': 0.9219303131103516, 'Neutral': 0.06968463957309723, 'Other': 0.00012753820919897407, 'Sad': 0.00099478242918849, 'Surprised': 0.002097406191751361, 'Unknown': 8.149501809384674e-05}","Careful, careful, careful."
MATT,02:23:57,02:24:07,Happy,"{'Angry': 3.582581453720479e-10, 'Disgusted': 1.529716464609976e-09, 'Fearful': 6.556266640700414e-10, 'Happy': 1.0, 'Neutral': 9.741629725112944e-09, 'Other': 3.95618843240797e-10, 'Sad': 6.496408300193934e-09, 'Surprised': 6.784257045033826e-10, 'Unknown': 8.755601244025968e-10}","And you can tell that there's a small, almost like a thin whisper of string laid across the very top of the stone, where the wall meets it."
LIAM,02:24:07,02:24:16,Neutral,"{'Angry': 3.2621042578284687e-07, 'Disgusted': 5.441843882181274e-07, 'Fearful': 4.064571612616419e-08, 'Happy': 3.441930402914295e-06, 'Neutral': 0.9999743700027466, 'Other': 3.099089326497051e-06, 'Sad': 1.6571082596783526e-05, 'Surprised': 4.30705995313474e-08, 'Unknown': 1.5457138715646579e-06}","Of course I can, of course I can. I'm going to take care of this, hold on. Yeah, this is thieves' tools, correct? 26."
MATT,02:24:16,02:24:57,Happy,"{'Angry': 5.61915410035585e-11, 'Disgusted': 2.945557686651057e-10, 'Fearful': 1.3038660429121052e-10, 'Happy': 1.0, 'Neutral': 1.742269106763672e-09, 'Other': 5.436673333747422e-10, 'Sad': 2.1932164973037516e-09, 'Surprised': 1.2085731027067226e-10, 'Unknown': 4.2368403230241825e-10}","26, okay. You come up and you find that this is a very, very fine hair trigger. This is actually a partial enchantment as part of a magical trap. You know that with the slightest hint of false vibration to it, the door shifting or hitting it in the wrong place will trigger whatever this trap is. And so you bring your tools up, you manage to place one at the base of each point at where this arcane silver thread lies across. Simultaneously, you take your daggers and place them underneath the thread at each ends and sever them both at the same time. The thin whisper of a string just slowly glides down and vanishes into a small sparkle of light."
SAM,02:24:57,02:25:01,Neutral,"{'Angry': 3.102455593761988e-05, 'Disgusted': 1.3989571925776545e-05, 'Fearful': 5.950349532213295e-06, 'Happy': 0.00042445375584065914, 'Neutral': 0.9994737505912781, 'Other': 4.06905837735394e-06, 'Sad': 2.5934450604836456e-05, 'Surprised': 1.4011681741976645e-05, 'Unknown': 6.801412382628769e-06}",Cut the red wire.
LIAM,02:25:01,02:25:10,Happy,"{'Angry': 1.222702758241212e-05, 'Disgusted': 1.8005445099333883e-06, 'Fearful': 2.755460855041747e-07, 'Happy': 0.9999821186065674, 'Neutral': 1.1110512332379585e-06, 'Other': 6.424510274882778e-07, 'Sad': 8.443770980193221e-07, 'Surprised': 3.4673863069656363e-07, 'Unknown': 7.223856073323986e-07}",I'm just going to lay my ear on the door and see what I can hear. That is 21.
MATT,02:25:10,02:25:20,Happy,"{'Angry': 2.8141900543232623e-07, 'Disgusted': 5.730948373638967e-07, 'Fearful': 1.2546601624308096e-07, 'Happy': 0.9999967813491821, 'Neutral': 7.328541187234805e-07, 'Other': 1.8678377955438918e-07, 'Sad': 2.0422636737293942e-07, 'Surprised': 2.1979257525117646e-08, 'Unknown': 1.1427259778429288e-06}","Hearing it, you hear what sounds like a low mutter of somewhere in the neighbourhood of ten to 15 low voices, and the slow, small shuffling of many, many, many, many footsteps."
LIAM,02:25:20,02:25:25,Happy,"{'Angry': 2.3393276933347806e-06, 'Disgusted': 1.0378450497228187e-05, 'Fearful': 5.4230790738074575e-06, 'Happy': 0.9997603297233582, 'Neutral': 6.462119199568406e-05, 'Other': 1.9891481315426063e-06, 'Sad': 6.406515694834525e-06, 'Surprised': 4.791268679582572e-07, 'Unknown': 0.00014797256153542548}","Shuffling, you said? And if I listen for a moment, do I-- does it continue?"
MATT,02:25:25,02:25:31,Happy,"{'Angry': 1.8363101317309116e-10, 'Disgusted': 4.959427868378441e-10, 'Fearful': 2.744943716770365e-10, 'Happy': 1.0, 'Neutral': 2.2147308431641477e-09, 'Other': 2.3963206419175265e-10, 'Sad': 3.2298788088525043e-09, 'Surprised': 4.487996363433666e-10, 'Unknown': 1.988772896366342e-10}","It, kind of, couple of footsteps, some talking, soft footprints. You can hear the scraping of metal--"
LIAM,02:25:31,02:25:37,Neutral,"{'Angry': 1.6408078806762205e-07, 'Disgusted': 5.207050080002773e-08, 'Fearful': 7.915725852569722e-09, 'Happy': 2.620499799377285e-06, 'Neutral': 0.9999969005584717, 'Other': 8.698120446126723e-09, 'Sad': 1.3946447552370955e-07, 'Surprised': 1.694481177594298e-08, 'Unknown': 2.9113124355717446e-08}","And it's the only way we can go is through this door, right? We're all smooshed into this hallway--"
MATT,02:25:37,02:25:39,Surprised,"{'Angry': 0.007596162613481283, 'Disgusted': 0.02631792612373829, 'Fearful': 0.011629950255155563, 'Happy': 0.16768139600753784, 'Neutral': 0.28057101368904114, 'Other': 0.004871252924203873, 'Sad': 0.1155870333313942, 'Surprised': 0.3855433762073517, 'Unknown': 0.0002019174280576408}",There is a hallway this way.
LAURA,02:25:39,02:25:44,Happy,"{'Angry': 4.16449381646089e-07, 'Disgusted': 1.8822175888999482e-06, 'Fearful': 2.0124659272369172e-07, 'Happy': 0.9981180429458618, 'Neutral': 0.0018511564703658223, 'Other': 4.621094376489054e-06, 'Sad': 2.444098527121241e-06, 'Surprised': 1.0755366020021029e-07, 'Unknown': 2.1102314349263906e-05}","Oh, so we stealth down the other hall, we try."
LIAM,02:25:44,02:25:51,Neutral,"{'Angry': 0.0005302504287101328, 'Disgusted': 4.954095402354142e-06, 'Fearful': 5.847148827342608e-07, 'Happy': 0.07166032493114471, 'Neutral': 0.9277842044830322, 'Other': 7.509863735322142e-07, 'Sad': 1.4873111467750277e-05, 'Surprised': 2.758316213657963e-06, 'Unknown': 1.2999153113923967e-06}",So I mooshed everyone away from this hall.
MATT,02:25:51,02:26:02,Neutral,"{'Angry': 3.3643043906295134e-10, 'Disgusted': 5.222703866603062e-11, 'Fearful': 8.30943126806094e-12, 'Happy': 5.568477901007896e-10, 'Neutral': 1.0, 'Other': 6.817808470560571e-12, 'Sad': 4.216967053327636e-10, 'Surprised': 4.4839638946303495e-11, 'Unknown': 3.2534381438908966e-11}","The whispers and voices aren't directly on the other side of this wall, they're just in that room echoing through, but you do hear a lot of people there. All right, so, what are you doing?"
LAURA,02:26:02,02:26:08,Neutral,"{'Angry': 0.013032675720751286, 'Disgusted': 0.0018004663288593292, 'Fearful': 5.628689905279316e-05, 'Happy': 0.4569554924964905, 'Neutral': 0.5237458348274231, 'Other': 0.001456411206163466, 'Sad': 0.00010362771718064323, 'Surprised': 8.23201917228289e-05, 'Unknown': 0.0027669144328683615}","Well, well, stealthing down that hallway. Can we check for traps, check for traps, I look, I'm perceiving."
MATT,02:26:08,02:26:13,Angry,"{'Angry': 0.9823611974716187, 'Disgusted': 0.004241408780217171, 'Fearful': 7.743167225271463e-05, 'Happy': 0.003312093438580632, 'Neutral': 0.00702405720949173, 'Other': 0.0006776394438929856, 'Sad': 0.00013914126611780375, 'Surprised': 2.949458939838223e-05, 'Unknown': 0.0021376837976276875}",(laughs) Roll for perceiving (laughter)
LIAM,02:26:13,02:26:16,Angry,"{'Angry': 0.49230897426605225, 'Disgusted': 0.019326023757457733, 'Fearful': 0.031913887709379196, 'Happy': 0.04081831872463226, 'Neutral': 0.16246464848518372, 'Other': 0.015032538212835789, 'Sad': 0.010702375322580338, 'Surprised': 0.0023757675662636757, 'Unknown': 0.2250574380159378}",23 for Vax.
LAURA,02:26:16,02:26:20,Angry,"{'Angry': 0.9993333220481873, 'Disgusted': 1.924971365951933e-05, 'Fearful': 2.807046030284255e-06, 'Happy': 0.0005684171337634325, 'Neutral': 4.177234222879633e-05, 'Other': 2.794401325445506e-06, 'Sad': 2.2900752810528502e-05, 'Surprised': 6.77283424010966e-06, 'Unknown': 1.8767058236335288e-06}","Oh, I get twice that, good. Oh, good, that was way better."
MATT,02:26:20,02:26:22,Happy,"{'Angry': 1.2092610468528164e-08, 'Disgusted': 1.0839752206948106e-07, 'Fearful': 8.679334584371645e-09, 'Happy': 0.9999996423721313, 'Neutral': 3.814281157588084e-08, 'Other': 8.125507378053953e-08, 'Sad': 5.7119047269793555e-09, 'Surprised': 1.5901381544836113e-08, 'Unknown': 9.119423793890746e-08}",(laughs)
LAURA,02:26:22,02:26:25,Neutral,"{'Angry': 2.2326789803628344e-06, 'Disgusted': 2.8676588499365607e-06, 'Fearful': 5.440082873064966e-07, 'Happy': 2.0652794773923233e-05, 'Neutral': 0.9999291896820068, 'Other': 7.01139015291119e-06, 'Sad': 3.6993158119003056e-06, 'Surprised': 2.1545121242638743e-08, 'Unknown': 3.371246566530317e-05}",Ten.
MATT,02:26:25,02:26:26,Happy,"{'Angry': 0.0026793668512254953, 'Disgusted': 0.0003368859470356256, 'Fearful': 5.1483543757058214e-06, 'Happy': 0.5481699705123901, 'Neutral': 0.44833141565322876, 'Other': 2.0916677385685034e-05, 'Sad': 0.00030878817779012024, 'Surprised': 0.00014460888633038849, 'Unknown': 2.967442242152174e-06}","Okay, no traps."
LAURA,02:26:26,02:26:27,Angry,"{'Angry': 0.9831807017326355, 'Disgusted': 0.00014876820205245167, 'Fearful': 2.3647877242183313e-05, 'Happy': 0.009107427671551704, 'Neutral': 0.0034581036306917667, 'Other': 5.171606062503997e-06, 'Sad': 0.004037925507873297, 'Surprised': 3.6062352592125535e-05, 'Unknown': 2.0808909084735205e-06}",Yay!
MATT,02:26:27,02:26:46,Neutral,"{'Angry': 0.006258188281208277, 'Disgusted': 0.004638927523046732, 'Fearful': 0.0009896340779960155, 'Happy': 0.3654957711696625, 'Neutral': 0.6079015731811523, 'Other': 0.00477925268933177, 'Sad': 0.004104435443878174, 'Surprised': 0.0011923157144337893, 'Unknown': 0.004639894235879183}","You both glide your way up and peek around the corner. What you see immediately are six duergar all stationed in this hallway guarding what looks like two large doors and entrance to this main chamber. And they're all just standing there, weapons ready, looking around."
SAM,02:26:46,02:26:49,Happy,"{'Angry': 2.8154781284150943e-10, 'Disgusted': 6.375092120869397e-10, 'Fearful': 2.0851227688911678e-10, 'Happy': 1.0, 'Neutral': 5.984154949345566e-09, 'Other': 1.684276745850255e-10, 'Sad': 2.038500923617903e-09, 'Surprised': 1.2076059041632448e-09, 'Unknown': 8.704494069977642e-11}","Wait, which is the main chamber that you just--"
MATT,02:26:49,02:26:51,Happy,"{'Angry': 2.1677600670955144e-05, 'Disgusted': 8.940172847360373e-05, 'Fearful': 0.0003929795348085463, 'Happy': 0.9981135129928589, 'Neutral': 4.08792111556977e-05, 'Other': 3.9269012631848454e-05, 'Sad': 4.981577512808144e-05, 'Surprised': 0.0012425336753949523, 'Unknown': 9.919457625073846e-06}",This big chamber here that you--
SAM,02:26:51,02:26:53,Neutral,"{'Angry': 4.3669901028664526e-10, 'Disgusted': 3.789982216950705e-11, 'Fearful': 7.348309460919467e-12, 'Happy': 1.8091052211843817e-08, 'Neutral': 1.0, 'Other': 1.5910091169871188e-12, 'Sad': 2.4590796066092935e-09, 'Surprised': 1.9831364328481982e-10, 'Unknown': 9.504862175102602e-13}","Oh, that we were listening to at the door."
LIAM,02:26:53,02:26:59,Happy,"{'Angry': 1.6457351037502121e-09, 'Disgusted': 7.957726921858921e-09, 'Fearful': 1.7092776083416084e-09, 'Happy': 0.9999998807907104, 'Neutral': 8.930869910273032e-08, 'Other': 2.03311900648373e-09, 'Sad': 1.0826235907757109e-08, 'Surprised': 1.2364037571543918e-09, 'Unknown': 4.3879932576373903e-08}","Vax sneaks back to the group and motions Tiberius over, and Keyleth over."
SAM,02:26:59,02:27:01,Happy,"{'Angry': 1.3392704723003135e-09, 'Disgusted': 2.902067031129718e-09, 'Fearful': 5.622791676707095e-10, 'Happy': 1.0, 'Neutral': 3.4374139090687095e-09, 'Other': 4.338414349991382e-10, 'Sad': 1.6825855153612679e-09, 'Surprised': 1.06075015438023e-09, 'Unknown': 2.867620585433883e-10}",We're doing this?
LIAM,02:27:01,02:27:07,Neutral,"{'Angry': 5.203975160839036e-05, 'Disgusted': 2.1614574507111683e-05, 'Fearful': 2.2097253804531647e-06, 'Happy': 0.003851124085485935, 'Neutral': 0.9958751797676086, 'Other': 1.6013887943699956e-05, 'Sad': 2.084942752844654e-05, 'Surprised': 5.819650255034503e-07, 'Unknown': 0.00016043640789575875}","One moment, one moment. Lightning, Lightning, who knows Lightning?"
MARISHA,02:27:07,02:27:12,Neutral,"{'Angry': 1.225195465914819e-11, 'Disgusted': 1.066514064562707e-12, 'Fearful': 2.133052713409675e-13, 'Happy': 1.769984159238902e-11, 'Neutral': 1.0, 'Other': 1.5108538877449396e-13, 'Sad': 3.399314510432738e-11, 'Surprised': 2.6380625114952316e-12, 'Unknown': 9.777535768876189e-13}",Are you gonna try to Lightning Bolt an entire line?
LIAM,02:27:12,02:27:15,Neutral,"{'Angry': 1.0655871562903485e-07, 'Disgusted': 1.0773415048959123e-08, 'Fearful': 8.696363074101043e-10, 'Happy': 3.021849579454283e-07, 'Neutral': 0.9999995231628418, 'Other': 8.497180736810606e-10, 'Sad': 1.8780983879196356e-08, 'Surprised': 3.4809382043476944e-09, 'Unknown': 2.5187965047024363e-09}","Do you know the magic of lightning? I've seen you do it before, I've seen you."
MARISHA,02:27:15,02:27:19,Neutral,"{'Angry': 0.1813892275094986, 'Disgusted': 0.09109378606081009, 'Fearful': 0.00214814068749547, 'Happy': 0.15716718137264252, 'Neutral': 0.5327942967414856, 'Other': 0.0028026888612657785, 'Sad': 0.0013450512196868658, 'Surprised': 0.00010224826110061258, 'Unknown': 0.031157346442341805}",I do know it right now.
LIAM,02:27:19,02:27:26,Neutral,"{'Angry': 0.0006181696080602705, 'Disgusted': 0.00024406754528172314, 'Fearful': 6.568637036252767e-05, 'Happy': 0.0007905646925792098, 'Neutral': 0.9961004257202148, 'Other': 0.001156515791080892, 'Sad': 0.00013299075362738222, 'Surprised': 0.00011483866546768695, 'Unknown': 0.0007766946218907833}","You know it? Anyone who knows Lightning, I've seen it done on the battlefield with us, person to person to person."
SAM,02:27:26,02:27:28,Neutral,"{'Angry': 2.7225636586081237e-05, 'Disgusted': 4.882253415416926e-05, 'Fearful': 6.058417511667358e-06, 'Happy': 0.0025741488207131624, 'Neutral': 0.9970840811729431, 'Other': 2.1198977265157737e-05, 'Sad': 1.6782203601906076e-05, 'Surprised': 2.5353094770252937e-06, 'Unknown': 0.0002191298408433795}",I can do it.
MATT,02:27:28,02:27:31,Neutral,"{'Angry': 0.0006096327560953796, 'Disgusted': 0.00026044875266961753, 'Fearful': 0.0001792901603039354, 'Happy': 0.0016645551659166813, 'Neutral': 0.9965781569480896, 'Other': 4.1703879105625674e-05, 'Sad': 0.00031712561030872166, 'Surprised': 0.00010173780174227431, 'Unknown': 0.0002472505730111152}","Who is up once again, clearing his throat in your presence."
SAM,02:27:31,02:27:35,Neutral,"{'Angry': 0.0007125187548808753, 'Disgusted': 9.905487968353555e-05, 'Fearful': 2.0362836949061602e-05, 'Happy': 0.00042753078741952777, 'Neutral': 0.9982569813728333, 'Other': 4.777963840751909e-05, 'Sad': 7.123477553250268e-05, 'Surprised': 2.9831985557393637e-06, 'Unknown': 0.0003615138411987573}",Hi! Scanlan here.
LIAM,02:27:35,02:27:38,Neutral,"{'Angry': 4.958385761710815e-05, 'Disgusted': 3.7617872294504195e-05, 'Fearful': 4.7557394282193854e-05, 'Happy': 6.195576133904979e-05, 'Neutral': 0.9994726777076721, 'Other': 4.205365257803351e-06, 'Sad': 0.0003098453162238002, 'Surprised': 1.3350519111554604e-05, 'Unknown': 3.141339220746886e-06}","Scanlan, you know how to harness the power of electricity."
SAM,02:27:38,02:27:46,Neutral,"{'Angry': 0.008177931420505047, 'Disgusted': 0.008334030397236347, 'Fearful': 0.0005003614351153374, 'Happy': 0.010765209794044495, 'Neutral': 0.9624202847480774, 'Other': 0.0008350347634404898, 'Sad': 0.00522961700335145, 'Surprised': 0.0023898889776319265, 'Unknown': 0.0013476861640810966}","I don't wanna brag, but I'm a regular Ben Franklin over here. He's a guy, he's a gnome I knew once."
MARISHA,02:27:46,02:27:51,Neutral,"{'Angry': 7.430151112430838e-12, 'Disgusted': 5.882081930905225e-13, 'Fearful': 1.2078361856689146e-13, 'Happy': 1.4145930954390096e-11, 'Neutral': 1.0, 'Other': 5.998607372544734e-14, 'Sad': 2.5127632613530793e-11, 'Surprised': 3.5440487350379968e-12, 'Unknown': 1.6874607993485474e-13}","Scanlan, can you and I focus our Call Lightning spells together? To Lightning these--"
SAM,02:27:51,02:27:54,Neutral,"{'Angry': 9.005532319861231e-08, 'Disgusted': 8.910789972560451e-08, 'Fearful': 6.393947415972434e-08, 'Happy': 2.712860123210703e-06, 'Neutral': 0.9999958276748657, 'Other': 6.412951591983074e-08, 'Sad': 4.968343318978441e-07, 'Surprised': 8.050990984997952e-09, 'Unknown': 6.002563850415754e-07}","I mean, mine's so fricking powerful."
LIAM,02:27:54,02:28:02,Neutral,"{'Angry': 4.9407703954784665e-06, 'Disgusted': 0.00011333835573168471, 'Fearful': 2.2315036858344683e-06, 'Happy': 5.181526285014115e-05, 'Neutral': 0.9997727274894714, 'Other': 1.7119707990786992e-05, 'Sad': 2.2120813810033724e-05, 'Surprised': 1.0166751962970011e-05, 'Unknown': 5.51622906641569e-06}","If Scanlan and one of the others does Lightning at the same time and it goes through that line, we could drop them all at once."
LAURA,02:28:02,02:28:04,Neutral,"{'Angry': 5.568110736930976e-07, 'Disgusted': 6.732591373292962e-07, 'Fearful': 1.2043233965641775e-08, 'Happy': 3.757170645712904e-07, 'Neutral': 0.9999974966049194, 'Other': 4.3541652416934085e-07, 'Sad': 1.831291029930071e-07, 'Surprised': 1.4234096568088717e-08, 'Unknown': 1.3411509769412078e-07}","But that's noisy, they'll come out."
LIAM,02:28:04,02:28:07,Neutral,"{'Angry': 1.501365587408543e-09, 'Disgusted': 2.0015680224361176e-09, 'Fearful': 3.977987661496485e-10, 'Happy': 6.1232734438476655e-09, 'Neutral': 1.0, 'Other': 6.073254676941531e-10, 'Sad': 1.2073256172584479e-08, 'Surprised': 4.2275491440868507e-10, 'Unknown': 8.990561073396464e-10}","It's not that noisy, it's not like armor banging around."
LAURA,02:28:07,02:28:09,Fearful,"{'Angry': 0.04748914763331413, 'Disgusted': 0.034167274832725525, 'Fearful': 0.4085056483745575, 'Happy': 0.24308960139751434, 'Neutral': 0.12845447659492493, 'Other': 0.0012917130952700973, 'Sad': 0.006137038115411997, 'Surprised': 0.13038600981235504, 'Unknown': 0.00047917268238961697}","I think it's gonna be noisy, it's not a stealthy attack."
TALIESIN,02:28:09,02:28:11,Happy,"{'Angry': 0.0029698133002966642, 'Disgusted': 0.000643881328869611, 'Fearful': 0.001608267892152071, 'Happy': 0.9877848625183105, 'Neutral': 0.0003808294713962823, 'Other': 1.2479928955144715e-05, 'Sad': 0.001242255326360464, 'Surprised': 0.005350825842469931, 'Unknown': 6.747624865965918e-06}","It's a quick way to get rid of six people, though."
ORION,02:28:11,02:28:14,Surprised,"{'Angry': 0.25391876697540283, 'Disgusted': 0.0005322327488102019, 'Fearful': 0.00015349790919572115, 'Happy': 0.115012027323246, 'Neutral': 0.000607670343015343, 'Other': 1.4266029211285058e-05, 'Sad': 0.00015047373017296195, 'Surprised': 0.6295512318611145, 'Unknown': 5.9752801462309435e-05}","Oh, is that what we need to do?"
LIAM,02:28:14,02:28:29,Happy,"{'Angry': 0.00011854596232296899, 'Disgusted': 0.0003317362570669502, 'Fearful': 4.9842437874758616e-05, 'Happy': 0.9949136972427368, 'Neutral': 0.0019431880209594965, 'Other': 0.0004966888809576631, 'Sad': 0.0004087063716724515, 'Surprised': 0.00033744494430720806, 'Unknown': 0.0014001077506691217}","There's a row of duergar around the corner, they're all in a line like Radio City, we just-- if I can get-- Scanlan, if you-- what about you, Keyleth? Do I remember light-- or do you bring it down from above? Tiberius."
ORION,02:28:29,02:28:30,Neutral,"{'Angry': 0.19972148537635803, 'Disgusted': 0.027602216228842735, 'Fearful': 0.002578953979536891, 'Happy': 0.15936867892742157, 'Neutral': 0.5884090065956116, 'Other': 0.0014595844550058246, 'Sad': 0.005512732081115246, 'Surprised': 0.006839392706751823, 'Unknown': 0.008507967926561832}","What, what?"
SAM,02:28:30,02:28:34,Neutral,"{'Angry': 0.4707920253276825, 'Disgusted': 0.0075582838617265224, 'Fearful': 0.0013307661283761263, 'Happy': 0.0020690637174993753, 'Neutral': 0.5127217769622803, 'Other': 0.00023172910732682794, 'Sad': 0.0025028055533766747, 'Surprised': 0.0002771721046883613, 'Unknown': 0.002516333945095539}",Do you want me to shock 'em?
ORION,02:28:34,02:28:39,Happy,"{'Angry': 5.219122272137611e-07, 'Disgusted': 1.0458417136760545e-06, 'Fearful': 1.3822705113852862e-07, 'Happy': 0.9999947547912598, 'Neutral': 2.21422442336916e-06, 'Other': 9.779262910569742e-08, 'Sad': 1.451940221386394e-07, 'Surprised': 3.0129260153444193e-07, 'Unknown': 7.000601272011409e-07}","Oh, I have an idea. Okay, I'll peek around."
MATT,02:28:39,02:28:41,Happy,"{'Angry': 0.0019233651692047715, 'Disgusted': 0.00504880677908659, 'Fearful': 0.0023807301186025143, 'Happy': 0.5635733008384705, 'Neutral': 0.32217445969581604, 'Other': 0.0015281147789210081, 'Sad': 0.003057939698919654, 'Surprised': 0.00026049462030641735, 'Unknown': 0.10005279630422592}","Okay, make a stealth check."
ORION,02:28:41,02:28:44,Neutral,"{'Angry': 0.009716016240417957, 'Disgusted': 0.007385372184216976, 'Fearful': 0.017991725355386734, 'Happy': 0.055187322199344635, 'Neutral': 0.7829261422157288, 'Other': 0.005680997855961323, 'Sad': 0.017117276787757874, 'Surprised': 0.003338705748319626, 'Unknown': 0.10065647959709167}",Sweet.
MARISHA,02:28:44,02:28:46,Neutral,"{'Angry': 0.004519226495176554, 'Disgusted': 0.004850118886679411, 'Fearful': 0.00020092545310035348, 'Happy': 0.06094497814774513, 'Neutral': 0.926035463809967, 'Other': 0.00012098412844352424, 'Sad': 0.0013402614276856184, 'Surprised': 0.0019504475640133023, 'Unknown': 3.7635800254065543e-05}",You have plus ten because of my Pass Without a Trace.
LIAM,02:28:46,02:28:49,Neutral,"{'Angry': 0.00031751403002999723, 'Disgusted': 0.0008227279176935554, 'Fearful': 8.965302549768239e-05, 'Happy': 0.0012127984082326293, 'Neutral': 0.9730882048606873, 'Other': 0.0023704846389591694, 'Sad': 0.00016740798309911042, 'Surprised': 1.5867578895267798e-06, 'Unknown': 0.021929612383246422}",You've got six duergar in a row. Is there anything you can do that's--
ORION,02:28:49,02:28:50,Angry,"{'Angry': 0.9026734828948975, 'Disgusted': 0.03408164903521538, 'Fearful': 0.015439880080521107, 'Happy': 0.007892904803156853, 'Neutral': 0.024315455928444862, 'Other': 0.0013118349015712738, 'Sad': 0.013675345107913017, 'Surprised': 0.00040045269997790456, 'Unknown': 0.0002089784829877317}",27.
MATT,02:28:50,02:28:57,Neutral,"{'Angry': 3.887043646955135e-07, 'Disgusted': 3.189612016285537e-06, 'Fearful': 2.3195725873392803e-07, 'Happy': 1.7684977137832902e-05, 'Neutral': 0.9999520778656006, 'Other': 7.493726570828585e-06, 'Sad': 1.3798395229969174e-05, 'Surprised': 8.414057219852111e-07, 'Unknown': 4.223833002470201e-06}","That's when you see this long row of duergar that are all kind of armored and ready, guarding the front of this chamber."
ORION,02:28:57,02:29:03,Neutral,"{'Angry': 3.243976615108224e-11, 'Disgusted': 2.3788310730965545e-12, 'Fearful': 6.345736111058875e-13, 'Happy': 5.949687270634385e-11, 'Neutral': 1.0, 'Other': 3.731135138265035e-13, 'Sad': 6.532185209406904e-11, 'Surprised': 5.5546396475480986e-12, 'Unknown': 2.2053275004763062e-12}",I cast Watery Sphere at the end of the last guy and create a giant ball.
LIAM,02:29:03,02:29:06,Neutral,"{'Angry': 2.4776007911953e-09, 'Disgusted': 8.16219147825592e-10, 'Fearful': 8.807738566263268e-11, 'Happy': 1.9252415217607677e-09, 'Neutral': 1.0, 'Other': 1.2523192205460276e-10, 'Sad': 3.8790641809782755e-09, 'Surprised': 1.9263755868248467e-10, 'Unknown': 5.545869319334429e-10}","Wait, you're doing it now?"
ORION,02:29:06,02:29:08,Neutral,"{'Angry': 4.818697524333615e-12, 'Disgusted': 2.2305135440481988e-13, 'Fearful': 6.174544247205746e-14, 'Happy': 5.9478463820816785e-12, 'Neutral': 1.0, 'Other': 1.7583191033818807e-14, 'Sad': 1.3458808720279158e-11, 'Surprised': 1.047049491380292e-12, 'Unknown': 1.4092327023200457e-13}","What does it look like, Vax?"
MATT,02:29:08,02:29:12,Neutral,"{'Angry': 0.13035400211811066, 'Disgusted': 0.003679519984871149, 'Fearful': 0.005055713001638651, 'Happy': 0.0036214517895132303, 'Neutral': 0.7043215036392212, 'Other': 3.7115660234121606e-05, 'Sad': 0.15169939398765564, 'Surprised': 0.001189168426208198, 'Unknown': 4.217656533000991e-05}","Okay, so this giant water sphere appears. At which side of the wall?"
ORION,02:29:12,02:29:18,Neutral,"{'Angry': 1.3902456075243208e-08, 'Disgusted': 2.846728897054618e-08, 'Fearful': 2.065435822373729e-08, 'Happy': 3.4953771432810754e-08, 'Neutral': 0.9999996423721313, 'Other': 4.998917280119031e-09, 'Sad': 1.5938918807023583e-07, 'Surprised': 1.0765281999169929e-08, 'Unknown': 2.209342264691827e-09}","On the last guy. Yeah, and I draw it towards us."
LIAM,02:29:18,02:29:23,Neutral,"{'Angry': 0.0012443873565644026, 'Disgusted': 0.0003986703814007342, 'Fearful': 2.393055910943076e-05, 'Happy': 0.00024256313918158412, 'Neutral': 0.9974063038825989, 'Other': 0.00013632835180032998, 'Sad': 3.9869257307145745e-05, 'Surprised': 2.4970397134893574e-05, 'Unknown': 0.00048282751231454313}","Vax is grabbing the gnome and tossing him out to the right, out here at the front of the group."
ORION,02:29:23,02:29:25,Neutral,"{'Angry': 0.00903649814426899, 'Disgusted': 0.008504818193614483, 'Fearful': 0.016851525753736496, 'Happy': 0.10865851491689682, 'Neutral': 0.5703120231628418, 'Other': 0.0004049000854138285, 'Sad': 0.02130967006087303, 'Surprised': 0.26469165086746216, 'Unknown': 0.00023038059589453042}",And I stop at the last guy.
MATT,02:29:25,02:29:31,Neutral,"{'Angry': 0.000344663392752409, 'Disgusted': 0.0008479277603328228, 'Fearful': 0.00033808729494921863, 'Happy': 0.07469494640827179, 'Neutral': 0.9072760343551636, 'Other': 0.0005338098271749914, 'Sad': 0.0035697880666702986, 'Surprised': 2.5308432668680325e-05, 'Unknown': 0.012369432486593723}","Okay, as the water sphere begins to pull in. Saving throws, what's your DC?"
ORION,02:29:31,02:29:33,Happy,"{'Angry': 0.00012382223212625831, 'Disgusted': 6.04259275860386e-06, 'Fearful': 1.121073523790983e-06, 'Happy': 0.9996801614761353, 'Neutral': 0.00017224560724571347, 'Other': 5.7675324569572695e-06, 'Sad': 3.0453543331532273e-06, 'Surprised': 1.4733465150129632e-06, 'Unknown': 6.344183020701166e-06}","My spell DC, 17."
MATT,02:29:33,02:29:37,Neutral,"{'Angry': 0.0003892366657964885, 'Disgusted': 0.0006700131925754249, 'Fearful': 0.00014633729006163776, 'Happy': 0.006831130478531122, 'Neutral': 0.9855016469955444, 'Other': 0.002370191505178809, 'Sad': 0.0006833668448962271, 'Surprised': 0.0004033264413010329, 'Unknown': 0.0030047630425542593}",This is a dexterity save? All right.
SAM,02:29:37,02:29:43,Neutral,"{'Angry': 3.6176295292733585e-09, 'Disgusted': 5.952620618643323e-09, 'Fearful': 4.979976986341228e-10, 'Happy': 1.6003861347257953e-08, 'Neutral': 0.9999997615814209, 'Other': 5.073647613151877e-10, 'Sad': 5.869753127996091e-09, 'Surprised': 1.5950477916248929e-07, 'Unknown': 8.232951820286161e-11}",One at a time.
MATT,02:29:43,02:29:48,Neutral,"{'Angry': 5.4045577041472725e-11, 'Disgusted': 4.967630907320997e-12, 'Fearful': 1.6914154538777426e-12, 'Happy': 8.307850934974326e-11, 'Neutral': 1.0, 'Other': 4.609515893982952e-13, 'Sad': 1.0881957140940202e-10, 'Surprised': 7.700271843769091e-12, 'Unknown': 8.423624645037542e-12}",All of them fail! (cheering)
MARISHA,02:29:48,02:29:52,Neutral,"{'Angry': 1.0330155646443018e-06, 'Disgusted': 1.541157672590998e-07, 'Fearful': 1.6120669243946395e-08, 'Happy': 6.450484875131224e-07, 'Neutral': 0.9999973773956299, 'Other': 2.0763278030244692e-07, 'Sad': 1.4493500088974542e-07, 'Surprised': 1.931534221455422e-08, 'Unknown': 3.828351964330068e-07}","This is gonna be cool, this is gonna be cool. It's gonna put them all in one spot."
SAM,02:29:52,02:29:54,Unknown,"{'Angry': 0.0005016273935325444, 'Disgusted': 0.004972634371370077, 'Fearful': 0.016277708113193512, 'Happy': 0.0490119606256485, 'Neutral': 0.018371546640992165, 'Other': 0.00042775680776685476, 'Sad': 0.0013045715168118477, 'Surprised': 1.9258299289504066e-05, 'Unknown': 0.9091128706932068}",They were already in a line.
MARISHA,02:29:54,02:29:59,Neutral,"{'Angry': 2.997329606735377e-10, 'Disgusted': 2.4415372501529475e-11, 'Fearful': 2.7165134291323723e-12, 'Happy': 3.27092436469556e-10, 'Neutral': 1.0, 'Other': 1.4505131037262364e-12, 'Sad': 1.422676143558732e-10, 'Surprised': 4.1024055680294325e-11, 'Unknown': 3.1816918891203194e-12}","No, now we can electrocute them and they're wet!"
MATT,02:29:59,02:30:06,Neutral,"{'Angry': 7.947685844555963e-06, 'Disgusted': 3.094258090641233e-06, 'Fearful': 4.31036170311927e-07, 'Happy': 0.03521113842725754, 'Neutral': 0.9647516012191772, 'Other': 1.211248218169203e-06, 'Sad': 1.970777884707786e-05, 'Surprised': 1.1233066743443487e-06, 'Unknown': 3.788764161072322e-06}",There is now an entire clustered sphere of water that is containing a mishmash of duergar.
MARISHA,02:30:06,02:30:10,Neutral,"{'Angry': 0.0001867628889158368, 'Disgusted': 4.251217978890054e-05, 'Fearful': 4.344452463556081e-05, 'Happy': 9.465648327022791e-05, 'Neutral': 0.9989797472953796, 'Other': 0.0001170032555819489, 'Sad': 6.949078670004383e-05, 'Surprised': 8.361773211618129e-07, 'Unknown': 0.0004655566590372473}",Lightning Bolt!
MATT,02:30:10,02:30:43,Happy,"{'Angry': 5.659210877695386e-10, 'Disgusted': 6.2420544288954716e-09, 'Fearful': 6.271256403067582e-09, 'Happy': 0.9999998807907104, 'Neutral': 1.0429177521587008e-08, 'Other': 2.606810944882909e-08, 'Sad': 7.293308357247952e-08, 'Surprised': 2.4908060058947967e-09, 'Unknown': 1.2766109946937831e-08}","Call Lightning. All right, so, as Keyleth, you step forward, out in the hallway, you bring your arm up and there's this small cluster of dark clouds beginning to form and swirl up on the top of the 20-foot hallway. As it swirls, you bring your arm downward, and there's a sudden crack of thunder, a loud blasting sound that echoes through the hallway. As the lightning strikes the center of the sphere, the water itself bursts as the actual cacophonous blast of the lightning loosely shakes the aquatic sphere. However, go ahead and roll damage."
MARISHA,02:30:43,02:30:45,Neutral,"{'Angry': 3.559204196790233e-05, 'Disgusted': 0.00014746836677659303, 'Fearful': 7.556466152891517e-05, 'Happy': 0.0005067263264209032, 'Neutral': 0.9957524538040161, 'Other': 6.777798989787698e-05, 'Sad': 0.00020880854572169483, 'Surprised': 5.149137791704561e-07, 'Unknown': 0.0032049843575805426}",Do I get any more damage because of the--
MATT,02:30:45,02:30:49,Unknown,"{'Angry': 0.00016478702309541404, 'Disgusted': 0.002018195576965809, 'Fearful': 0.005502105224877596, 'Happy': 0.004362213890999556, 'Neutral': 0.23264148831367493, 'Other': 0.0007801404572091997, 'Sad': 0.0028178647626191378, 'Surprised': 1.7714600630824862e-07, 'Unknown': 0.7517130374908447}",You get an additional two dice of damage to each one of the duergar because they are contained in the water.
ORION,02:30:49,02:30:50,Neutral,"{'Angry': 5.761019201599993e-05, 'Disgusted': 4.714673923444934e-05, 'Fearful': 2.159937321266625e-05, 'Happy': 0.026178574189543724, 'Neutral': 0.9729776978492737, 'Other': 8.147534572344739e-06, 'Sad': 0.0005298401811160147, 'Surprised': 0.0001742052991176024, 'Unknown': 5.3105172810319345e-06}",Yeah!
MARISHA,02:30:50,02:30:52,Sad,"{'Angry': 2.321682040928863e-05, 'Disgusted': 1.3381709322857205e-05, 'Fearful': 0.00015194246952887625, 'Happy': 1.7270016542170197e-05, 'Neutral': 0.00031713134376332164, 'Other': 2.069129578785578e-07, 'Sad': 0.9994706511497498, 'Surprised': 5.994438197376439e-06, 'Unknown': 2.941218895102793e-07}",So 5d10?
MATT,02:30:52,02:30:53,Sad,"{'Angry': 0.002845128532499075, 'Disgusted': 0.0035617039538919926, 'Fearful': 0.0010635246289893985, 'Happy': 0.0036538741551339626, 'Neutral': 0.351495623588562, 'Other': 2.4114453481161036e-05, 'Sad': 0.5591118335723877, 'Surprised': 0.07824058085680008, 'Unknown': 3.638742100520176e-06}",Correct.
MARISHA,02:30:53,02:30:55,Neutral,"{'Angry': 7.826089131413028e-06, 'Disgusted': 4.271872967365198e-06, 'Fearful': 2.2054098735679872e-05, 'Happy': 2.288291034346912e-05, 'Neutral': 0.9998925924301147, 'Other': 1.2940494116264745e-06, 'Sad': 4.290954893804155e-05, 'Surprised': 5.386764314607717e-06, 'Unknown': 7.025889203760016e-07}",Do I roll for each one?
MATT,02:30:55,02:31:02,Neutral,"{'Angry': 0.00019416221766732633, 'Disgusted': 7.469212141586468e-05, 'Fearful': 2.3254193365573883e-05, 'Happy': 0.0005218879668973386, 'Neutral': 0.998363196849823, 'Other': 0.00010359180305385962, 'Sad': 0.00015539467858616263, 'Surprised': 3.0182243335730163e-06, 'Unknown': 0.0005608131177723408}","You just roll once, and that's across the board for all of them, and they are at a disadvantage because they are in the sphere."
MARISHA,02:31:02,02:31:03,Neutral,"{'Angry': 1.925984349782084e-07, 'Disgusted': 1.6600692731572053e-07, 'Fearful': 2.5161838834719674e-07, 'Happy': 1.1141560207761358e-06, 'Neutral': 0.9999879598617554, 'Other': 4.93304277426887e-08, 'Sad': 9.351116204925347e-06, 'Surprised': 7.906738233032229e-07, 'Unknown': 6.172331090681382e-09}","Oh, and they're at a disadvantage?"
ORION,02:31:03,02:31:06,Neutral,"{'Angry': 3.6988200236010016e-07, 'Disgusted': 2.010994251122611e-07, 'Fearful': 2.421012084141694e-07, 'Happy': 1.0811488664330682e-06, 'Neutral': 0.9999929666519165, 'Other': 4.053786710755958e-07, 'Sad': 4.255048679624451e-06, 'Surprised': 3.4756013178594003e-07, 'Unknown': 1.2007417637960316e-07}","Yeah, yeah, because I'm like holding them up."
MARISHA,02:31:06,02:31:07,Neutral,"{'Angry': 0.014138920232653618, 'Disgusted': 0.0205695740878582, 'Fearful': 0.000577029655687511, 'Happy': 0.00922353658825159, 'Neutral': 0.8978112936019897, 'Other': 0.00021434466179925948, 'Sad': 0.05541319027543068, 'Surprised': 0.001980791799724102, 'Unknown': 7.128055585781112e-05}",All right.
MATT,02:31:07,02:31:11,Neutral,"{'Angry': 4.278338572305529e-09, 'Disgusted': 3.608436882629462e-09, 'Fearful': 1.1673616517882124e-09, 'Happy': 3.232795009466827e-08, 'Neutral': 0.9999998807907104, 'Other': 3.038353568740604e-09, 'Sad': 9.830704783553301e-08, 'Surprised': 9.575751303003699e-10, 'Unknown': 7.402393809030627e-09}","It's really funny, because two of them rolled 20s in a row, but they're at a disadvantage."
MARISHA,02:31:11,02:31:25,Neutral,"{'Angry': 2.3306382956889138e-07, 'Disgusted': 3.139469697543973e-07, 'Fearful': 2.8385773021000205e-07, 'Happy': 3.385615400475217e-06, 'Neutral': 0.9999934434890747, 'Other': 5.3761752383252315e-08, 'Sad': 2.1060011476947693e-06, 'Surprised': 4.8069257019278666e-08, 'Unknown': 9.867518002693032e-08}","Nice. Not too shabby. So we have ten, 19 plus 18, bringing it to 28 plus three, 31 plus one. 32."
MATT,02:31:25,02:31:48,Happy,"{'Angry': 4.3022166209993884e-05, 'Disgusted': 1.7958875559997978e-06, 'Fearful': 1.505562181591813e-07, 'Happy': 0.9394576549530029, 'Neutral': 0.060468584299087524, 'Other': 3.7029002442068304e-07, 'Sad': 2.78937877737917e-05, 'Surprised': 4.648359208658803e-07, 'Unknown': 1.1742248773316533e-07}","Okay. So the sphere explodes, the actual stone on the ground you can feel shake and shudder with the impact of the lightning storm. All but one of the duergar are blown apart and scattered across the wall Akira-style, just (splat) against the walls. One of them is still in the center of the sphere, now looking charred and burnt, and eyes wide open with anger and frustration."
MARISHA,02:31:48,02:31:52,Happy,"{'Angry': 0.0005532061331905425, 'Disgusted': 0.0018587172962725163, 'Fearful': 0.0018828075844794512, 'Happy': 0.9160897135734558, 'Neutral': 0.007305581588298082, 'Other': 0.0006400196580216289, 'Sad': 0.0010421320330351591, 'Surprised': 9.086714271688834e-06, 'Unknown': 0.07061877101659775}","Scanlan, go!"
SAM,02:31:52,02:32:05,Neutral,"{'Angry': 8.820165599407112e-14, 'Disgusted': 2.749075923499933e-15, 'Fearful': 4.670895424998059e-16, 'Happy': 1.0769818603552014e-13, 'Neutral': 1.0, 'Other': 4.688425830632671e-16, 'Sad': 3.036794990821101e-13, 'Surprised': 3.78103073210654e-14, 'Unknown': 1.6687987958128865e-15}","I say, (chants) you ugly, you ugly, yo mama says you ugly! And I cast Vicious Mockery. (laughter)"
MATT,02:32:05,02:32:09,Neutral,"{'Angry': 2.1659616322722286e-06, 'Disgusted': 6.789304620724579e-07, 'Fearful': 1.1670248767359226e-07, 'Happy': 4.427991734701209e-05, 'Neutral': 0.9999496936798096, 'Other': 2.426762364393653e-07, 'Sad': 1.5492986449316959e-06, 'Surprised': 1.6809164549158595e-07, 'Unknown': 1.0326550636818865e-06}",He rolled a 14 vs the DC which I think is--
SAM,02:32:09,02:32:10,Neutral,"{'Angry': 0.00038712978130206466, 'Disgusted': 7.301987352548167e-05, 'Fearful': 8.748135769565124e-06, 'Happy': 0.01733287051320076, 'Neutral': 0.9810581207275391, 'Other': 0.0001640450063860044, 'Sad': 0.000906044093426317, 'Surprised': 3.223266276108916e-06, 'Unknown': 6.674639735138044e-05}",19.
MATT,02:32:10,02:32:12,Neutral,"{'Angry': 0.0008778395713306963, 'Disgusted': 0.002894727513194084, 'Fearful': 0.002982106525450945, 'Happy': 0.0006315982900559902, 'Neutral': 0.9765575528144836, 'Other': 0.00026224309112876654, 'Sad': 0.002048337599262595, 'Surprised': 6.553905222972389e-06, 'Unknown': 0.01373905036598444}","All right, how much total did you do?"
SAM,02:32:12,02:32:14,Neutral,"{'Angry': 3.485415217075252e-14, 'Disgusted': 1.1264295177632099e-15, 'Fearful': 1.7500664190251347e-16, 'Happy': 4.1689267597962154e-14, 'Neutral': 1.0, 'Other': 2.5733022403241215e-16, 'Sad': 1.1114148338632612e-13, 'Surprised': 1.99478647711299e-14, 'Unknown': 6.598285544552921e-16}",Just a five.
MATT,02:32:14,02:32:16,Neutral,"{'Angry': 0.00027857773238793015, 'Disgusted': 0.00020706602663267404, 'Fearful': 5.569217319134623e-05, 'Happy': 0.002508815610781312, 'Neutral': 0.9953004121780396, 'Other': 8.192936365958303e-05, 'Sad': 0.00020606606267392635, 'Surprised': 2.468765615049051e-06, 'Unknown': 0.0013590091839432716}","How much did you do, total?"
MARISHA,02:32:16,02:32:18,Neutral,"{'Angry': 5.845853934260958e-07, 'Disgusted': 1.0776309267157558e-07, 'Fearful': 3.889136124257675e-08, 'Happy': 5.629341558233136e-06, 'Neutral': 0.9999929666519165, 'Other': 8.738431489518916e-08, 'Sad': 4.968935627402971e-07, 'Surprised': 2.2163307633604745e-08, 'Unknown': 1.8193775019881286e-07}","32, total."
MATT,02:32:18,02:32:45,Neutral,"{'Angry': 4.991146397514967e-06, 'Disgusted': 1.3644676982949022e-05, 'Fearful': 3.937242354368209e-07, 'Happy': 8.459529453830328e-06, 'Neutral': 0.9999454021453857, 'Other': 1.327598965872312e-05, 'Sad': 4.3748309508373495e-06, 'Surprised': 3.0204487302398775e-06, 'Unknown': 6.447465693781851e-06}","Hold on. So as the duergar is currently held aloft in this aquatic sphere, half-charred and burnt with pieces of his friends floating in the water around him, he hears through this kind of warbling sound, ""You ugly, you ugly,"" and he sees everyone kind of step in the hallway clapping with you, and he kind of looks around at himself, looks at his situation... and eventually just gives up and takes a big old gulp of water and drowns inside the aquatic sphere. (laughter)"
SAM,02:32:45,02:32:47,Neutral,"{'Angry': 0.016513366252183914, 'Disgusted': 0.006349784322082996, 'Fearful': 0.0014534516958519816, 'Happy': 0.0269594918936491, 'Neutral': 0.803132176399231, 'Other': 0.00034002197207883, 'Sad': 0.14115087687969208, 'Surprised': 0.004083231557160616, 'Unknown': 1.7614647731534205e-05}",Yes! I shamed him to death
ASHLEY,02:32:47,02:32:49,Neutral,"{'Angry': 2.9408033697109204e-07, 'Disgusted': 1.6847172901179874e-07, 'Fearful': 1.3645546914631268e-07, 'Happy': 1.423936964783934e-06, 'Neutral': 0.999977707862854, 'Other': 4.554177479576538e-08, 'Sad': 1.9804285329882987e-05, 'Surprised': 3.650331166227261e-07, 'Unknown': 5.039907158277401e-09}",Amazing.
MARISHA,02:32:49,02:32:51,Neutral,"{'Angry': 0.0008713804418221116, 'Disgusted': 0.00042883463902398944, 'Fearful': 0.00014553952496498823, 'Happy': 0.0012824865989387035, 'Neutral': 0.918989896774292, 'Other': 4.64339200334507e-06, 'Sad': 0.07811219990253448, 'Surprised': 0.00016205308202188462, 'Unknown': 2.9360510325204814e-06}",(laughs) What a terrible way to die.
MATT,02:32:51,02:33:00,Happy,"{'Angry': 0.00014047484728507698, 'Disgusted': 0.00011648772488115355, 'Fearful': 3.489484697638545e-06, 'Happy': 0.9901527762413025, 'Neutral': 0.009114940650761127, 'Other': 4.062032530782744e-05, 'Sad': 0.0004058373160660267, 'Surprised': 1.210704976983834e-05, 'Unknown': 1.3230533113528509e-05}","Good news is, you guys royally screwed over six duergar, one of which you shamed him to death. (laughter)"
MATT,02:33:00,02:33:03,Neutral,"{'Angry': 1.9121171135338955e-06, 'Disgusted': 1.5944420965752215e-06, 'Fearful': 1.8836328763427446e-06, 'Happy': 2.1279834982124157e-05, 'Neutral': 0.9998329877853394, 'Other': 4.218159403990285e-07, 'Sad': 0.0001359893212793395, 'Surprised': 3.7582065033348044e-06, 'Unknown': 8.840545717703208e-08}","You have definitely, however, announced your presence at the chamber."
LIAM,02:33:03,02:33:13,Neutral,"{'Angry': 9.08888589390422e-11, 'Disgusted': 8.982958474290648e-12, 'Fearful': 2.6901755562774854e-12, 'Happy': 2.1378050718556807e-10, 'Neutral': 1.0, 'Other': 6.563100757306373e-13, 'Sad': 2.356452533103237e-10, 'Surprised': 3.325640110518613e-11, 'Unknown': 2.5527702781497075e-12}","Vax spanks Tiberius on the tail and says, get ready to deity! Going stealth."
MARISHA,02:33:13,02:33:16,Surprised,"{'Angry': 0.001043466036207974, 'Disgusted': 0.010156390257179737, 'Fearful': 0.001451140153221786, 'Happy': 0.004985417239367962, 'Neutral': 0.010042709298431873, 'Other': 0.011836486868560314, 'Sad': 0.0026702722534537315, 'Surprised': 0.953004777431488, 'Unknown': 0.004809369798749685}","I say-- I go, get on my back, get on my back, and I piggyback him."
MATT,02:33:16,02:33:18,Happy,"{'Angry': 0.004708313848823309, 'Disgusted': 0.003094865707680583, 'Fearful': 0.0003122068883385509, 'Happy': 0.5725805759429932, 'Neutral': 0.40644142031669617, 'Other': 8.783274097368121e-05, 'Sad': 0.006171267945319414, 'Surprised': 0.006542842835187912, 'Unknown': 6.062553802621551e-05}",You transform?
ORION,02:33:18,02:33:20,Neutral,"{'Angry': 0.004029860254377127, 'Disgusted': 0.004245653748512268, 'Fearful': 0.0006682890234515071, 'Happy': 0.007903416641056538, 'Neutral': 0.7635253071784973, 'Other': 0.0006750094471499324, 'Sad': 0.1765635460615158, 'Surprised': 0.042340390384197235, 'Unknown': 4.864702350459993e-05}",I do.
MATT,02:33:20,02:33:22,Happy,"{'Angry': 0.0009353501372970641, 'Disgusted': 0.003296409733593464, 'Fearful': 0.0021343680564314127, 'Happy': 0.49678322672843933, 'Neutral': 0.32644781470298767, 'Other': 0.0012545442441478372, 'Sad': 0.0010955547913908958, 'Surprised': 8.176396659109741e-05, 'Unknown': 0.1679709404706955}","No, Marisha, did you transform?"
MARISHA,02:33:22,02:33:26,Neutral,"{'Angry': 1.301940955045211e-07, 'Disgusted': 3.619036803570452e-08, 'Fearful': 5.568486116658278e-09, 'Happy': 6.397087304321758e-07, 'Neutral': 0.9999990463256836, 'Other': 1.1429061252954398e-08, 'Sad': 7.894938391928008e-08, 'Surprised': 1.622384537824928e-08, 'Unknown': 2.3932877013521647e-08}","Well I'm piggybacking him, just now. I'm literally just piggybacking Tiberius waiting."
MATT,02:33:26,02:33:27,Neutral,"{'Angry': 0.2529316842556, 'Disgusted': 0.007461580913513899, 'Fearful': 8.535601227777079e-05, 'Happy': 0.0025037990417331457, 'Neutral': 0.734734296798706, 'Other': 0.000258014042628929, 'Sad': 0.000840989057905972, 'Surprised': 5.494064316735603e-05, 'Unknown': 0.0011292973067611456}","Okay, so Tiberius, you leap onto her back."
ORION,02:33:27,02:33:31,Neutral,"{'Angry': 4.384117346489802e-06, 'Disgusted': 1.7830210481406539e-06, 'Fearful': 2.2424094936468464e-07, 'Happy': 7.317998824873939e-05, 'Neutral': 0.9999048709869385, 'Other': 2.3455615973944077e-06, 'Sad': 2.545301185818971e-06, 'Surprised': 8.488060387890073e-08, 'Unknown': 1.068860092345858e-05}","Mm-hm, and I cast Alter Self, and I turn to--"
LIAM,02:33:31,02:33:33,Neutral,"{'Angry': 0.0005369623540900648, 'Disgusted': 0.00024462363217025995, 'Fearful': 0.00011469193123048171, 'Happy': 0.027276067063212395, 'Neutral': 0.9711442589759827, 'Other': 3.556156298145652e-05, 'Sad': 0.0004031131393276155, 'Surprised': 3.985290095442906e-05, 'Unknown': 0.00020490748283918947}","Scanlan, Vex."
ASHLEY,02:33:33,02:33:39,Neutral,"{'Angry': 2.0606618896055334e-13, 'Disgusted': 6.410155185923886e-15, 'Fearful': 1.4378647918646581e-15, 'Happy': 2.2386884284287395e-13, 'Neutral': 1.0, 'Other': 9.523084488070508e-16, 'Sad': 7.561577774518879e-13, 'Surprised': 7.825269837495596e-14, 'Unknown': 4.137033851749723e-15}",I'm going to cast the thing on him.
MATT,02:33:39,02:33:50,Neutral,"{'Angry': 1.123186987861402e-09, 'Disgusted': 1.326553755731652e-09, 'Fearful': 3.158217853904688e-10, 'Happy': 3.4272928939316216e-09, 'Neutral': 1.0, 'Other': 2.9526620037856333e-10, 'Sad': 3.9783918381886e-09, 'Surprised': 8.054830136217106e-10, 'Unknown': 1.3597166448331421e-10}","Okay, so you cast Thaumaturgy on him to give him a vocal emphasis, a roaring, booming voice. Do you stay with him or do you move back with the rest of the group?"
MARISHA,02:33:50,02:34:01,Happy,"{'Angry': 4.2271378219993494e-07, 'Disgusted': 5.365499760046077e-07, 'Fearful': 4.229805483646487e-08, 'Happy': 0.9997314810752869, 'Neutral': 0.00026309938402846456, 'Other': 1.4010818460974406e-07, 'Sad': 3.791721383095137e-06, 'Surprised': 2.052357359616508e-07, 'Unknown': 2.1824698137606902e-07}","Oh, oh, Pike Pike Pike Pike Pike. What kind of animal would this god use? Would you know what kind of animal the duergar would worship? Do you know?"
ORION,02:34:01,02:34:02,Happy,"{'Angry': 0.004655984230339527, 'Disgusted': 0.006425061263144016, 'Fearful': 0.0034680678509175777, 'Happy': 0.7325380444526672, 'Neutral': 0.17903433740139008, 'Other': 0.00011116882524220273, 'Sad': 0.011203241534531116, 'Surprised': 0.0623956061899662, 'Unknown': 0.0001685313618509099}",It's a religion check.
MATT,02:34:02,02:34:04,Neutral,"{'Angry': 0.005372415762394667, 'Disgusted': 0.006318021100014448, 'Fearful': 0.05619039013981819, 'Happy': 0.0014920174144208431, 'Neutral': 0.8853486776351929, 'Other': 0.00030949924257583916, 'Sad': 0.04288344085216522, 'Surprised': 0.0006492689717561007, 'Unknown': 0.0014361850917339325}",Religion check.
MARISHA,02:34:04,02:34:10,Neutral,"{'Angry': 0.0002563752932474017, 'Disgusted': 4.113603790756315e-05, 'Fearful': 4.496565907174954e-06, 'Happy': 0.00011303627252345905, 'Neutral': 0.9993823766708374, 'Other': 2.6742649424704723e-05, 'Sad': 3.355722583364695e-05, 'Surprised': 2.329479912077659e-06, 'Unknown': 0.00014000564988236874}","What kind of animals he might like? You know, check out-- you know, animals."
ASHLEY,02:34:10,02:34:14,Neutral,"{'Angry': 0.00015006843023002148, 'Disgusted': 0.0003270767047069967, 'Fearful': 9.47512817219831e-05, 'Happy': 0.0005699500325135887, 'Neutral': 0.995089590549469, 'Other': 0.0004099898796994239, 'Sad': 0.0008439051453024149, 'Surprised': 5.446216891868971e-05, 'Unknown': 0.002460214076563716}",14.
MATT,02:34:14,02:34:24,Happy,"{'Angry': 7.927131264295895e-06, 'Disgusted': 7.393789928755723e-06, 'Fearful': 8.075962227849232e-07, 'Happy': 0.9929977655410767, 'Neutral': 0.006945469882339239, 'Other': 6.334324098133948e-06, 'Sad': 1.9813471226370893e-05, 'Surprised': 1.6278753491860698e-06, 'Unknown': 1.2822317330574151e-05}","You have no idea. You know the deity exists, you don't know of any sort of animal, beast or creature symbolism that would befit a duergar god."
ASHLEY,02:34:24,02:34:26,Neutral,"{'Angry': 3.5462871788433104e-12, 'Disgusted': 1.7120055102303605e-13, 'Fearful': 3.916821972012666e-14, 'Happy': 4.666461227847973e-12, 'Neutral': 1.0, 'Other': 1.3280743082415107e-14, 'Sad': 9.047059976174943e-12, 'Surprised': 8.530185021879411e-13, 'Unknown': 9.486491860067822e-14}",I have no idea.
MARISHA,02:34:26,02:34:33,Angry,"{'Angry': 0.9907878041267395, 'Disgusted': 0.00746585289016366, 'Fearful': 0.0002536573738325387, 'Happy': 0.00040551749407313764, 'Neutral': 0.00019659042300190777, 'Other': 3.0127999707474373e-05, 'Sad': 4.2304174712626263e-05, 'Surprised': 3.177353573846631e-05, 'Unknown': 0.0007863463833928108}","I guess a scorpion, a scorpion sounds good? Scorpion. Giant Scorpion."
MATT,02:34:33,02:34:51,Neutral,"{'Angry': 1.6254491242567726e-12, 'Disgusted': 7.172795614841104e-14, 'Fearful': 1.8418380766404598e-14, 'Happy': 2.0206366961594835e-12, 'Neutral': 1.0, 'Other': 5.2857181014108554e-15, 'Sad': 4.374772245852032e-12, 'Surprised': 5.370641539999277e-13, 'Unknown': 4.2708844544703944e-14}","Keyleth's form shifts. As you see a bunch of arachnid-like legs sprawl out the side of her torso, her form condenses into a dark, chitinous shell as two giant claws form out the side of her body, and a giant poison stinger curls up from behind. Tiberius kind of holds on during the transformation--"
ASHLEY,02:34:51,02:34:54,Neutral,"{'Angry': 0.0002930226910393685, 'Disgusted': 0.00014213136455509812, 'Fearful': 1.1086674476246117e-06, 'Happy': 3.87852851417847e-05, 'Neutral': 0.999468982219696, 'Other': 9.215668796969112e-06, 'Sad': 6.588503310922533e-06, 'Surprised': 8.153490966833488e-07, 'Unknown': 3.922001997125335e-05}","I'm going to go back, because if they see me, then they'll know something's fishy."
MATT,02:34:54,02:35:13,Neutral,"{'Angry': 5.972459985059686e-05, 'Disgusted': 9.187149407807738e-05, 'Fearful': 4.637044185074046e-06, 'Happy': 0.4376464784145355, 'Neutral': 0.561863362789154, 'Other': 5.275142757454887e-05, 'Sad': 0.00020754219440277666, 'Surprised': 6.640769697696669e-06, 'Unknown': 6.698470679111779e-05}","All right, the rest of you are here. So. You feel this kind of divine energy cascade around your throat. You can feel your vocal cords themselves are temporarily infused with some sort of divine presence. You've transformed yourself now into the visage of this duergar deity. Standing at probably a good-- what height are you going at?"
ORION,02:35:13,02:35:17,Happy,"{'Angry': 1.2407283975335304e-05, 'Disgusted': 0.00011115556117147207, 'Fearful': 1.0737720913311932e-05, 'Happy': 0.9897909760475159, 'Neutral': 0.008237456902861595, 'Other': 5.498187601915561e-05, 'Sad': 4.03452395403292e-05, 'Surprised': 1.141470534093969e-06, 'Unknown': 0.001740788109600544}",How tall are the--
MATT,02:35:17,02:35:22,Neutral,"{'Angry': 0.0004418104363139719, 'Disgusted': 0.0007548353751190007, 'Fearful': 0.0001409441465511918, 'Happy': 0.00044577609514817595, 'Neutral': 0.9952474236488342, 'Other': 0.00019286472524981946, 'Sad': 0.00019290225463919342, 'Surprised': 5.400942882261006e-06, 'Unknown': 0.002578059211373329}",The duergar are about four-and-a-half feet tall.
ORION,02:35:22,02:35:23,Neutral,"{'Angry': 4.878494655713439e-05, 'Disgusted': 3.0263337976066396e-05, 'Fearful': 4.8258461902150884e-06, 'Happy': 0.0012733525363728404, 'Neutral': 0.9985613226890564, 'Other': 2.7228693397773895e-06, 'Sad': 4.708204141934402e-05, 'Surprised': 5.572900590777863e-06, 'Unknown': 2.610361116239801e-05}",So let's make him six feet tall.
MATT,02:35:23,02:35:25,Neutral,"{'Angry': 5.9772640170763225e-09, 'Disgusted': 1.497602397648734e-08, 'Fearful': 1.2170818797230254e-09, 'Happy': 1.477850872788622e-07, 'Neutral': 0.9999998807907104, 'Other': 8.47850589735799e-09, 'Sad': 3.911965862357647e-08, 'Surprised': 1.9668375816905836e-09, 'Unknown': 2.1234130898051262e-08}","All right, six-foot-tall duergar standing there."
LAURA,02:35:25,02:35:32,Neutral,"{'Angry': 2.6489462356948934e-07, 'Disgusted': 2.7984745543108147e-07, 'Fearful': 4.108294504590049e-08, 'Happy': 1.8547234503785148e-07, 'Neutral': 0.9999985694885254, 'Other': 6.278120423530709e-08, 'Sad': 4.0252132293971954e-07, 'Surprised': 3.365430822910298e-09, 'Unknown': 2.369681482150554e-07}","The two of us get back by the other twin door, and get ready to bust into that entrance."
SAM,02:35:32,02:35:34,Neutral,"{'Angry': 0.033795781433582306, 'Disgusted': 0.00900955405086279, 'Fearful': 0.0067703574895858765, 'Happy': 0.04688068479299545, 'Neutral': 0.8489618897438049, 'Other': 0.00017154685338027775, 'Sad': 0.03298773989081383, 'Surprised': 0.021054202690720558, 'Unknown': 0.0003682703245431185}",I'm with them. We're the stealth party.
LIAM,02:35:34,02:35:47,Happy,"{'Angry': 8.158483610909428e-11, 'Disgusted': 3.486658739504378e-10, 'Fearful': 2.9863445050182236e-10, 'Happy': 1.0, 'Neutral': 1.2205643162843671e-09, 'Other': 4.2768602548370893e-10, 'Sad': 3.6694589589103543e-09, 'Surprised': 4.2323011761880025e-10, 'Unknown': 1.853450309896587e-10}","I'm in fact nudging Grog away from this door towards the front towards Tiberius. I don't know, they're not that strong."
MATT,02:35:47,02:35:48,Neutral,"{'Angry': 0.0014571972424164414, 'Disgusted': 0.00016063028306234628, 'Fearful': 3.5751593259192305e-06, 'Happy': 0.0004059013444930315, 'Neutral': 0.9974418878555298, 'Other': 2.9669965897483053e-06, 'Sad': 0.00013036129530519247, 'Surprised': 0.00039719993947073817, 'Unknown': 2.760781683264213e-07}","What are you doing? Grog says, ""Which way, which way do I go?"""
LIAM,02:35:48,02:35:52,Neutral,"{'Angry': 0.008955342695116997, 'Disgusted': 0.00404141191393137, 'Fearful': 0.005827664397656918, 'Happy': 0.1978246569633484, 'Neutral': 0.6690520644187927, 'Other': 0.017800727859139442, 'Sad': 0.014181973412632942, 'Surprised': 0.0020769003313034773, 'Unknown': 0.08023934066295624}",Vax kicks Grog in the butt and sends him forward. Go help Tiberius!
MATT,02:35:52,02:35:54,Happy,"{'Angry': 3.0382744853341137e-07, 'Disgusted': 1.7456446244068502e-07, 'Fearful': 3.3877256555570057e-08, 'Happy': 0.9999957084655762, 'Neutral': 2.8216973078087904e-06, 'Other': 3.400102599471211e-08, 'Sad': 3.1908356845633534e-07, 'Surprised': 5.377358434088819e-07, 'Unknown': 8.443933552371163e-09}","""I'm walking back for you."""
LAURA,02:35:54,02:35:59,Happy,"{'Angry': 2.226249740111541e-10, 'Disgusted': 9.462675087945627e-10, 'Fearful': 1.2869765253498144e-09, 'Happy': 1.0, 'Neutral': 1.0874534606131192e-09, 'Other': 6.985355072153254e-10, 'Sad': 2.2858710480022637e-09, 'Surprised': 1.7111894123900129e-09, 'Unknown': 3.992665920105054e-10}","Grog, don't do that. Not that far. Grog, come back, because if they see him--"
ORION,02:35:59,02:36:04,Neutral,"{'Angry': 2.747216898413285e-10, 'Disgusted': 2.1184312637423375e-10, 'Fearful': 8.144521168595986e-11, 'Happy': 2.5898261313272997e-09, 'Neutral': 1.0, 'Other': 4.202022757526791e-11, 'Sad': 1.1728838344993164e-08, 'Surprised': 2.041114360862295e-10, 'Unknown': 2.888110063603566e-11}","No, stay in the corner, Grog. Wait 'til I say help me, and then come kill everything."
MATT,02:36:04,02:36:09,Happy,"{'Angry': 5.3878859034739435e-05, 'Disgusted': 0.0001076938642654568, 'Fearful': 2.9783974241581745e-05, 'Happy': 0.9849520325660706, 'Neutral': 0.013887472450733185, 'Other': 0.00011798925697803497, 'Sad': 0.00014463075785897672, 'Surprised': 1.0542235941102263e-05, 'Unknown': 0.0006959206657484174}",He looks like he's listening. Mostly. (laughter)
MARISHA,02:36:09,02:36:11,Neutral,"{'Angry': 0.00920291617512703, 'Disgusted': 0.006967821158468723, 'Fearful': 0.008681022562086582, 'Happy': 0.05217841640114784, 'Neutral': 0.839125394821167, 'Other': 0.001168805523775518, 'Sad': 0.012708189897239208, 'Surprised': 0.007445051334798336, 'Unknown': 0.06252240389585495}",Back him up. Back him up.
MATT,02:36:11,02:36:21,Neutral,"{'Angry': 7.884738868757513e-13, 'Disgusted': 2.680988704694201e-14, 'Fearful': 6.8047031327549395e-15, 'Happy': 9.398553983686053e-13, 'Neutral': 1.0, 'Other': 2.6343675454092033e-15, 'Sad': 2.538994188505672e-12, 'Surprised': 2.486315732290467e-13, 'Unknown': 1.7061369610399217e-14}",You hear shifting in the doorway from the front where you guys are. What's the plan? What's doing what?
SAM,02:36:21,02:36:23,Neutral,"{'Angry': 0.007829396985471249, 'Disgusted': 0.0007513309828937054, 'Fearful': 0.001739051309414208, 'Happy': 0.00223777093924582, 'Neutral': 0.822230339050293, 'Other': 0.00012427246838342398, 'Sad': 0.16467909514904022, 'Surprised': 0.00033463083673268557, 'Unknown': 7.410867692669854e-05}",Who's going in first?
ORION,02:36:23,02:36:27,Neutral,"{'Angry': 2.0060031760693597e-11, 'Disgusted': 1.636227178053451e-12, 'Fearful': 6.680685193417857e-13, 'Happy': 3.0429037761736666e-11, 'Neutral': 1.0, 'Other': 1.2430979639752038e-13, 'Sad': 1.6382306622375609e-10, 'Surprised': 8.256002652362593e-12, 'Unknown': 4.498298977230475e-13}",Is this going to be the entrance where we're going in?
LAURA,02:36:27,02:36:29,Neutral,"{'Angry': 4.483072333499871e-12, 'Disgusted': 1.45006985477307e-13, 'Fearful': 3.15795227966674e-14, 'Happy': 7.32542932563307e-12, 'Neutral': 1.0, 'Other': 6.4448246679714785e-15, 'Sad': 1.0520908796940454e-11, 'Surprised': 1.4023877545343844e-12, 'Unknown': 2.980085186325525e-14}",Yeah you bust in and be a god.
MARISHA,02:36:29,02:36:31,Neutral,"{'Angry': 1.8095480527335894e-06, 'Disgusted': 6.297964461055017e-08, 'Fearful': 1.5734569203118554e-08, 'Happy': 0.0006943889311514795, 'Neutral': 0.9992979764938354, 'Other': 6.336663638251139e-09, 'Sad': 5.496132871485315e-06, 'Surprised': 2.885081187287142e-07, 'Unknown': 3.0526428052013443e-09}","Oh, are we busting in?"
LAURA,02:36:31,02:36:36,Neutral,"{'Angry': 8.404595075450771e-11, 'Disgusted': 9.858062283152336e-12, 'Fearful': 4.778025631396732e-12, 'Happy': 1.8878446028658402e-10, 'Neutral': 1.0, 'Other': 1.750266923582211e-12, 'Sad': 4.4340092708594625e-10, 'Surprised': 2.4054000111184415e-11, 'Unknown': 1.5573410616642747e-11}","When you give it, we'll go in the other way."
MARISHA,02:36:36,02:36:37,Neutral,"{'Angry': 0.0015599139733240008, 'Disgusted': 0.021639743819832802, 'Fearful': 0.008565089665353298, 'Happy': 0.13598504662513733, 'Neutral': 0.825558602809906, 'Other': 0.00019960604549851269, 'Sad': 0.0012164035579189658, 'Surprised': 0.0031808377243578434, 'Unknown': 0.0020948362071067095}",Fuck if I know.
ORION,02:36:37,02:36:39,Neutral,"{'Angry': 0.0004028920375276357, 'Disgusted': 0.0005858158110640943, 'Fearful': 0.0006212710868567228, 'Happy': 0.003170076757669449, 'Neutral': 0.9879493713378906, 'Other': 3.1902145565254614e-05, 'Sad': 0.006890140473842621, 'Surprised': 0.00018530411762185395, 'Unknown': 0.00016324265743605793}",That's your job. Bust the door open.
MATT,02:36:39,02:36:42,Neutral,"{'Angry': 0.0038132828194648027, 'Disgusted': 0.007646739482879639, 'Fearful': 0.011343827471137047, 'Happy': 0.010173656977713108, 'Neutral': 0.8915738463401794, 'Other': 0.0024278585333377123, 'Sad': 0.019803842529654503, 'Surprised': 0.0004821946786250919, 'Unknown': 0.05273478105664253}","All right, go ahead and make an athletics check."
LIAM,02:36:42,02:36:50,Neutral,"{'Angry': 2.4118685360008385e-06, 'Disgusted': 1.1521428859850857e-06, 'Fearful': 6.828949494774861e-07, 'Happy': 1.064896241587121e-05, 'Neutral': 0.9999698400497437, 'Other': 2.5874610400933307e-06, 'Sad': 6.030157692293869e-06, 'Surprised': 6.734723569934431e-07, 'Unknown': 6.074462817196036e-06}","I'm simultaneously checking our door for-- no, I already did. It's unlocked, and untrapped. Never mind."
MARISHA,02:36:50,02:36:56,Sad,"{'Angry': 2.5761924916878343e-05, 'Disgusted': 6.24938402324915e-05, 'Fearful': 0.00031840731389820576, 'Happy': 3.903766628354788e-05, 'Neutral': 0.0023555585648864508, 'Other': 1.6531685105292127e-05, 'Sad': 0.9970786571502686, 'Surprised': 1.0786911843752023e-06, 'Unknown': 0.0001025385208777152}","Giant scorpion. Athletics. Plus my dex, I'm assuming?"
MATT,02:36:56,02:36:58,Neutral,"{'Angry': 2.042001945312677e-08, 'Disgusted': 1.1838641178485432e-08, 'Fearful': 8.65856009113486e-09, 'Happy': 7.53619104898462e-08, 'Neutral': 0.999998927116394, 'Other': 1.1833510837888639e-09, 'Sad': 9.875579962681513e-07, 'Surprised': 9.649874677108983e-09, 'Unknown': 1.1871943428332088e-09}","No, plus your strength."
MARISHA,02:36:58,02:37:01,Neutral,"{'Angry': 1.3368529394597317e-08, 'Disgusted': 6.915831907150505e-09, 'Fearful': 3.200818721182941e-09, 'Happy': 7.038635772005364e-07, 'Neutral': 0.9999990463256836, 'Other': 1.105108338173011e-09, 'Sad': 1.8787252997753967e-07, 'Surprised': 7.0041101807305495e-09, 'Unknown': 7.67009011859443e-10}","Strength, that's pretty cool, though. 22."
MATT,02:37:01,02:37:02,Neutral,"{'Angry': 0.0007064411765895784, 'Disgusted': 0.00012901546142529696, 'Fearful': 4.669357622333337e-06, 'Happy': 0.0015697405906394124, 'Neutral': 0.9963525533676147, 'Other': 5.9463295656314585e-06, 'Sad': 0.0007906976388767362, 'Surprised': 0.0004407901724334806, 'Unknown': 1.2561959294998815e-07}",A 22.
MARISHA,02:37:02,02:37:03,Other,"{'Angry': 0.01527860201895237, 'Disgusted': 0.2966289222240448, 'Fearful': 0.0001251465146197006, 'Happy': 0.0010468971449881792, 'Neutral': 0.008827928453683853, 'Other': 0.6728453636169434, 'Sad': 0.0011822724482044578, 'Surprised': 0.003142598317936063, 'Unknown': 0.0009222662774845958}",I rolled a 19.
MATT,02:37:03,02:37:07,Neutral,"{'Angry': 0.009379325434565544, 'Disgusted': 0.049737509340047836, 'Fearful': 0.003368996549397707, 'Happy': 0.08071564882993698, 'Neutral': 0.6129451394081116, 'Other': 0.16447323560714722, 'Sad': 0.01480148546397686, 'Surprised': 0.022824818268418312, 'Unknown': 0.041753798723220825}","All right, the doors splinter open. The doors are actually broken off the hinges."
ORION,02:37:07,02:37:13,Neutral,"{'Angry': 0.00043953018030151725, 'Disgusted': 0.0012234103633090854, 'Fearful': 0.0006998625467531383, 'Happy': 0.0029207237530499697, 'Neutral': 0.962125301361084, 'Other': 0.001060768379829824, 'Sad': 0.003544379258528352, 'Surprised': 7.565333362435922e-06, 'Unknown': 0.02797842212021351}","As that happens, I cast Light and I cast Prestidigitation."
SAM,02:37:13,02:37:20,Happy,"{'Angry': 1.2680531624731373e-10, 'Disgusted': 1.57094004471503e-10, 'Fearful': 5.222614354871702e-11, 'Happy': 1.0, 'Neutral': 1.2357624923353683e-09, 'Other': 3.1043341508496525e-11, 'Sad': 5.706818351214338e-10, 'Surprised': 1.4907612644332602e-10, 'Unknown': 3.6980165457611847e-11}",Concentrate. Don't cast too much shit.
ORION,02:37:20,02:37:29,Happy,"{'Angry': 0.00018301958334632218, 'Disgusted': 0.00019338115816935897, 'Fearful': 3.6220655601937324e-05, 'Happy': 0.9882418513298035, 'Neutral': 0.010660768486559391, 'Other': 8.268384408438578e-05, 'Sad': 8.621520828455687e-05, 'Surprised': 3.314484638394788e-05, 'Unknown': 0.0004827712837141007}",I can't hear what's going on. I hear some annoyances in the background as I cast Prestidigitation to make my voice louder.
LAURA,02:37:29,02:37:34,Happy,"{'Angry': 7.784912714470238e-10, 'Disgusted': 2.2366783980487526e-09, 'Fearful': 1.537526661543609e-09, 'Happy': 1.0, 'Neutral': 1.2696655948829516e-09, 'Other': 2.843499657956272e-09, 'Sad': 4.608682324658275e-09, 'Surprised': 2.1308612652148895e-09, 'Unknown': 4.907692030542421e-10}","No, she already did it. It's three times louder than it normally would be."
ORION,02:37:34,02:37:36,Happy,"{'Angry': 6.007640877214726e-06, 'Disgusted': 9.938979928847402e-06, 'Fearful': 2.98652344099537e-06, 'Happy': 0.9998651742935181, 'Neutral': 7.854635623516515e-05, 'Other': 1.0369709571023122e-06, 'Sad': 2.5114438813034212e-06, 'Surprised': 3.377989742148202e-06, 'Unknown': 3.048241705982946e-05}","Oh, shit."
MARISHA,02:37:36,02:37:38,Neutral,"{'Angry': 0.0006260931259021163, 'Disgusted': 0.00040613068267703056, 'Fearful': 0.00018730686861090362, 'Happy': 0.019909262657165527, 'Neutral': 0.976675271987915, 'Other': 2.3832435545045882e-05, 'Sad': 0.0004767341888509691, 'Surprised': 0.0016846962971612811, 'Unknown': 1.0792085959110409e-05}",So just keep focusing on your Light.
MATT,02:37:38,02:37:41,Happy,"{'Angry': 1.6955578757915646e-05, 'Disgusted': 7.467580144293606e-05, 'Fearful': 1.4557026588590816e-05, 'Happy': 0.9991412162780762, 'Neutral': 0.0004955750773660839, 'Other': 1.8955004634335637e-05, 'Sad': 3.785814988077618e-05, 'Surprised': 6.379418209689902e-06, 'Unknown': 0.00019371644884813577}",As you guys come bursting in--
LIAM,02:37:41,02:37:42,Neutral,"{'Angry': 1.0993987664686955e-10, 'Disgusted': 6.314553047115368e-12, 'Fearful': 8.445805361502468e-13, 'Happy': 6.743772762440869e-10, 'Neutral': 1.0, 'Other': 2.3908200180895733e-13, 'Sad': 1.8416979052915394e-10, 'Surprised': 4.5234958140349946e-11, 'Unknown': 3.8637563743067205e-13}",Holy shit.
LAURA,02:37:42,02:37:44,Angry,"{'Angry': 0.5454005002975464, 'Disgusted': 0.0014812520239502192, 'Fearful': 0.00017348947585560381, 'Happy': 0.3657507002353668, 'Neutral': 0.0799236074090004, 'Other': 0.00016587051504757255, 'Sad': 0.0063672964461147785, 'Surprised': 0.0007141060777939856, 'Unknown': 2.3141747078625485e-05}","Yeah, there's a lot of them."
MARISHA,02:37:44,02:37:46,Unknown,"{'Angry': 0.0064368825405836105, 'Disgusted': 0.012511528097093105, 'Fearful': 0.003122829832136631, 'Happy': 0.012791775166988373, 'Neutral': 0.0817038044333458, 'Other': 0.006331240758299828, 'Sad': 0.0005179804284125566, 'Surprised': 2.4378699890803546e-05, 'Unknown': 0.8765596747398376}",Maybe do some Prestidigitation where you move shit around.
ASHLEY,02:37:46,02:37:48,Neutral,"{'Angry': 1.0125223525392357e-05, 'Disgusted': 7.620172982569784e-05, 'Fearful': 2.3407730623148382e-05, 'Happy': 0.0004006957169622183, 'Neutral': 0.9984293580055237, 'Other': 6.105959619162604e-05, 'Sad': 1.496736422268441e-05, 'Surprised': 2.591284555819584e-06, 'Unknown': 0.0009815266821533442}",Oh ho ho. What!
MARISHA,02:37:48,02:37:52,Neutral,"{'Angry': 3.5316329416446024e-08, 'Disgusted': 7.86191289847693e-09, 'Fearful': 2.0276968992760658e-09, 'Happy': 1.2391507198117324e-07, 'Neutral': 0.9999998807907104, 'Other': 1.3847857305293587e-09, 'Sad': 3.878961862824326e-08, 'Surprised': 4.702485068008855e-09, 'Unknown': 3.6748939447051043e-09}","Oh! Hello, everybody."
"LIAM, LAURA",02:37:52,02:37:55,Neutral,"{'Angry': 0.0014648017240688205, 'Disgusted': 0.00308115198276937, 'Fearful': 0.002117557218298316, 'Happy': 0.08019638061523438, 'Neutral': 0.8740898370742798, 'Other': 0.0004929680726490915, 'Sad': 0.0034113426227122545, 'Surprised': 0.00019054040603805333, 'Unknown': 0.03495537489652634}",(Grog voice) I would like to rage.
LAURA,02:37:55,02:37:59,Neutral,"{'Angry': 9.111463319944058e-12, 'Disgusted': 6.135477867950934e-13, 'Fearful': 2.2558163832991224e-13, 'Happy': 2.189640309346874e-11, 'Neutral': 1.0, 'Other': 5.461814811189014e-14, 'Sad': 5.092513216675698e-11, 'Surprised': 4.233669838316079e-12, 'Unknown': 2.1968501507946964e-13}","Oh, no. Basilisks!"
LIAM,02:37:59,02:38:00,Neutral,"{'Angry': 7.070169658618397e-07, 'Disgusted': 4.2003176758953487e-07, 'Fearful': 7.910330168670043e-08, 'Happy': 7.0081318881420884e-06, 'Neutral': 0.9999878406524658, 'Other': 4.767990446907788e-08, 'Sad': 7.905085794845945e-07, 'Surprised': 3.1425927318196045e-06, 'Unknown': 2.324454406732457e-09}",What?
LAURA,02:38:00,02:38:01,Neutral,"{'Angry': 0.006299194414168596, 'Disgusted': 0.0016182167455554008, 'Fearful': 0.0006758725503459573, 'Happy': 0.007241272833198309, 'Neutral': 0.9273731708526611, 'Other': 2.0383424271130934e-05, 'Sad': 0.05592084303498268, 'Surprised': 0.0008322172216139734, 'Unknown': 1.882790274976287e-05}",Those thingies!
MARISHA,02:38:01,02:38:05,Neutral,"{'Angry': 0.00025280192494392395, 'Disgusted': 0.0001922419760376215, 'Fearful': 0.0001610326289664954, 'Happy': 0.0001496783661423251, 'Neutral': 0.9987356066703796, 'Other': 6.682584626105381e-06, 'Sad': 0.00044686984620057046, 'Surprised': 3.9398404624080285e-05, 'Unknown': 1.570886161061935e-05}","Oh, that's right, they have those pet basilisks. Remember?"
MATT,02:38:05,02:38:32,Other,"{'Angry': 0.00028095487505197525, 'Disgusted': 0.0029316877480596304, 'Fearful': 0.0002240347967017442, 'Happy': 0.24760635197162628, 'Neutral': 0.0077033997513353825, 'Other': 0.7267223000526428, 'Sad': 0.000388887885492295, 'Surprised': 0.001456540310755372, 'Unknown': 0.012685748748481274}","So the doors burst open and you guys come through. All of the duergar stand there with their weapons at the ready. You can see in the back, on this raised platform, where the cloth stops, there is two thrones, at the top two duergar sitting on the thrones at the ready. You can see two kind of lizard-like creatures in the back on chained leashes. However, all of the duergar that are ready to strike as you burst through, take a step back, looking extremely confused about what's going on."
ORION,02:38:32,02:38:35,Happy,"{'Angry': 1.880122724173816e-08, 'Disgusted': 7.133205315312807e-08, 'Fearful': 1.2705687169045632e-08, 'Happy': 0.9999991655349731, 'Neutral': 5.185393661122362e-07, 'Other': 1.495905621595739e-08, 'Sad': 4.006879805729113e-08, 'Surprised': 2.846885038820801e-08, 'Unknown': 1.4943123005650705e-07}","(shouts) Silence! All of you, silence!"
SAM,02:38:35,02:38:37,Neutral,"{'Angry': 0.0010965656256303191, 'Disgusted': 0.000689332140609622, 'Fearful': 0.00041587805026210845, 'Happy': 0.003596415976062417, 'Neutral': 0.9878706336021423, 'Other': 0.0001649985060794279, 'Sad': 0.0005053352797403932, 'Surprised': 2.204945485573262e-05, 'Unknown': 0.005638734437525272}",We weren't talking.
ORION,02:38:37,02:38:41,Neutral,"{'Angry': 3.606836799008306e-06, 'Disgusted': 1.095187030841771e-06, 'Fearful': 3.8873525909366435e-07, 'Happy': 0.0004692601505666971, 'Neutral': 0.9995071887969971, 'Other': 3.942353714592173e-07, 'Sad': 1.5980143871274777e-05, 'Surprised': 1.8534348100729403e-06, 'Unknown': 2.703533539261116e-07}",Who knows who I am?
MATT,02:38:41,02:38:43,Happy,"{'Angry': 1.9008737639492068e-10, 'Disgusted': 2.699311885123734e-10, 'Fearful': 7.674499230558851e-11, 'Happy': 1.0, 'Neutral': 8.108457238975575e-10, 'Other': 7.004671148669317e-11, 'Sad': 5.565600202928067e-10, 'Surprised': 3.760239342120997e-10, 'Unknown': 2.6188823679107465e-11}",Make a persuasion check.
MARISHA,02:38:43,02:38:46,Happy,"{'Angry': 6.834924848320156e-10, 'Disgusted': 1.264672144785095e-09, 'Fearful': 4.2730033400495415e-10, 'Happy': 1.0, 'Neutral': 2.5930486646785766e-09, 'Other': 3.8230477117373596e-10, 'Sad': 1.7358573467518568e-09, 'Surprised': 9.26051901828373e-10, 'Unknown': 3.0992300392718164e-10}",Get it. Get it. Get it.
LIAM,02:38:46,02:38:50,Neutral,"{'Angry': 3.5173058042514693e-13, 'Disgusted': 1.0588251500890603e-14, 'Fearful': 2.525505388720423e-15, 'Happy': 3.980433062149291e-13, 'Neutral': 1.0, 'Other': 1.43141241250983e-15, 'Sad': 1.2346768572812916e-12, 'Surprised': 1.1951882897005134e-13, 'Unknown': 7.405761523774854e-15}",Yep. Yep yep yep yep. Vax is quietly moving along the back wall.
SAM,02:38:50,02:38:51,Neutral,"{'Angry': 2.7175291097275567e-12, 'Disgusted': 1.2464146739461085e-13, 'Fearful': 2.950713471846535e-14, 'Happy': 3.36120302597831e-12, 'Neutral': 1.0, 'Other': 1.22170721415381e-14, 'Sad': 9.177584907316128e-12, 'Surprised': 1.0131893154324834e-12, 'Unknown': 4.844708618653715e-14}",Our door is open?
LIAM,02:38:51,02:38:53,Neutral,"{'Angry': 8.607336212662631e-07, 'Disgusted': 1.2606053587660426e-06, 'Fearful': 2.6619147774908924e-06, 'Happy': 3.568468628145638e-06, 'Neutral': 0.9999799728393555, 'Other': 7.954329817039252e-07, 'Sad': 6.199877589097014e-06, 'Surprised': 3.2344806299988704e-07, 'Unknown': 4.388420620671241e-06}",It is now.
LAURA,02:38:53,02:38:55,Neutral,"{'Angry': 5.262330848854191e-11, 'Disgusted': 8.148261579354887e-12, 'Fearful': 2.9844909096160555e-12, 'Happy': 1.0465195376951897e-10, 'Neutral': 1.0, 'Other': 9.179978825712976e-13, 'Sad': 2.413425015390658e-10, 'Surprised': 2.1755154969160806e-11, 'Unknown': 3.975821841889493e-12}",Yeah we're going to try to stealth in and sneak attack them.
ORION,02:38:55,02:38:56,Neutral,"{'Angry': 2.733207838900853e-05, 'Disgusted': 1.668357799644582e-05, 'Fearful': 3.859237040160224e-05, 'Happy': 2.2615546185988933e-05, 'Neutral': 0.9998546838760376, 'Other': 9.935155276252772e-07, 'Sad': 3.122353518847376e-05, 'Surprised': 2.8355686936265556e-06, 'Unknown': 4.934333446726669e-06}",16.
LAURA,02:38:56,02:39:01,Neutral,"{'Angry': 0.0003301052493043244, 'Disgusted': 0.00010284836025675759, 'Fearful': 1.1932376764889341e-05, 'Happy': 0.0004864177026320249, 'Neutral': 0.9985771179199219, 'Other': 0.0001129732045228593, 'Sad': 0.0001020252238959074, 'Surprised': 1.954141043825075e-05, 'Unknown': 0.00025714459479786456}",Oh god. Oh god.
MATT,02:39:01,02:39:16,Happy,"{'Angry': 2.678342214679219e-09, 'Disgusted': 1.906223090486492e-08, 'Fearful': 3.632099732087113e-09, 'Happy': 0.9999996423721313, 'Neutral': 9.310060278266974e-08, 'Other': 1.850134800918113e-08, 'Sad': 3.239781776187556e-08, 'Surprised': 6.870683466608796e-10, 'Unknown': 2.047046905317984e-07}","Okay. The duergar in the front take another step back, looking both frightened and awed. The one nearest to you takes his hammer and throws it to the ground, and takes a knee."
ORION,02:39:16,02:39:25,Neutral,"{'Angry': 1.7253141777473502e-05, 'Disgusted': 1.4517714589601383e-05, 'Fearful': 6.688678126920422e-07, 'Happy': 0.004525104537606239, 'Neutral': 0.9953678846359253, 'Other': 1.2596860869962256e-05, 'Sad': 4.876909588347189e-05, 'Surprised': 1.3383881878326065e-06, 'Unknown': 1.181901552627096e-05}","Well, it looks like there's one saved soul at this point in time."
MATT,02:39:25,02:40:02,Neutral,"{'Angry': 3.1309269843404763e-07, 'Disgusted': 3.396015202383751e-08, 'Fearful': 1.1440414837693424e-08, 'Happy': 3.501670289551839e-05, 'Neutral': 0.9999638795852661, 'Other': 4.175128687222696e-09, 'Sad': 5.897591677239689e-07, 'Surprised': 9.260018174472862e-08, 'Unknown': 7.75973063582569e-09}","At which point two of the other ones nearby kind of look at each other and look back at the one who's on on the ground. They put their hammers down, and they kneel as well. At which point, in the back, you see the two throned figures stand up. One of which you can barely see in the dim light outside of your Light spell that's currently gleaming above you. This long, almost-touching-the-floor black, braided beard that drags right over this heavy-set plate of jagged black iron metal. A giant sword in his hand. ""You're kneeling below this false idol."""
ORION,02:40:02,02:40:05,Happy,"{'Angry': 0.0008453525369986892, 'Disgusted': 0.00035930940066464245, 'Fearful': 0.0032985717989504337, 'Happy': 0.9791164994239807, 'Neutral': 0.003922416362911463, 'Other': 0.0003307527513243258, 'Sad': 0.005308167543262243, 'Surprised': 0.006716417148709297, 'Unknown': 0.0001025063538691029}",Silence!
MATT,02:40:05,02:40:06,Angry,"{'Angry': 0.44910091161727905, 'Disgusted': 0.26465922594070435, 'Fearful': 0.025828657671809196, 'Happy': 0.06851369887590408, 'Neutral': 0.04773327708244324, 'Other': 0.00012249754217918962, 'Sad': 0.11674807220697403, 'Surprised': 0.027229249477386475, 'Unknown': 6.442319136112928e-05}","""This imposter!"""
ORION,02:40:06,02:40:12,Neutral,"{'Angry': 5.045856232754886e-05, 'Disgusted': 1.2334146049397532e-05, 'Fearful': 3.424473788982141e-06, 'Happy': 0.00031589099671691656, 'Neutral': 0.9995800852775574, 'Other': 4.6276427383418195e-06, 'Sad': 1.027253529173322e-05, 'Surprised': 1.1505188012961298e-05, 'Unknown': 1.136120772571303e-05}","As I cast-- As I say silence, I blow a big plume of fire out of my mouth, and I cast Control Flames."
MATT,02:40:12,02:40:16,Neutral,"{'Angry': 0.22137154638767242, 'Disgusted': 0.09113755077123642, 'Fearful': 0.1080598384141922, 'Happy': 0.03954268619418144, 'Neutral': 0.24455009400844574, 'Other': 0.03687668219208717, 'Sad': 0.04833349958062172, 'Surprised': 0.02391577698290348, 'Unknown': 0.18621231615543365}",So the light (pff).
ORION,02:40:16,02:40:22,Neutral,"{'Angry': 0.0020583600271493196, 'Disgusted': 0.0017406812403351068, 'Fearful': 0.0003709709853865206, 'Happy': 0.0026386950630694628, 'Neutral': 0.9787640571594238, 'Other': 0.0022913392167538404, 'Sad': 0.0021110938396304846, 'Surprised': 0.0006911057862453163, 'Unknown': 0.00933374185115099}","I don't cast Control Flames. I just do the Fireball for effect. I don't do Control Flames, because that's a concentration spell."
MATT,02:40:22,02:40:25,Neutral,"{'Angry': 4.4510027663591245e-08, 'Disgusted': 4.984287471643256e-08, 'Fearful': 1.2587405784358907e-08, 'Happy': 1.555798007757403e-06, 'Neutral': 0.9999979734420776, 'Other': 2.220556183374356e-08, 'Sad': 1.539557246132972e-07, 'Surprised': 4.627028094006391e-09, 'Unknown': 1.592051006582551e-07}","All right, so you do Fireball. Where are you casting Fireball? Or just doing it to do it?"
ORION,02:40:25,02:40:26,Neutral,"{'Angry': 0.000204464013222605, 'Disgusted': 7.219291728688404e-05, 'Fearful': 9.049940672412049e-06, 'Happy': 0.0001370404352201149, 'Neutral': 0.9994532465934753, 'Other': 2.662446604517754e-06, 'Sad': 7.367376383626834e-05, 'Surprised': 4.607428490999155e-05, 'Unknown': 1.6387378991566948e-06}",Just (fwoosh).
MATT,02:40:26,02:40:29,Happy,"{'Angry': 1.0521320481515772e-09, 'Disgusted': 2.6059798763355957e-09, 'Fearful': 7.176094163341418e-10, 'Happy': 1.0, 'Neutral': 3.061257203285095e-08, 'Other': 2.11426959273453e-10, 'Sad': 1.3893608930004575e-08, 'Surprised': 2.854574576716118e-09, 'Unknown': 2.936050014223923e-10}",Plume of flame. Roll an intimidation check.
TALIESIN,02:40:29,02:40:32,Neutral,"{'Angry': 1.5313484027501545e-06, 'Disgusted': 1.4041074791748542e-07, 'Fearful': 1.9092456682301417e-07, 'Happy': 0.0001530485606053844, 'Neutral': 0.9998382329940796, 'Other': 4.0237409848487005e-08, 'Sad': 5.364560820453335e-06, 'Surprised': 1.3046853837295203e-06, 'Unknown': 9.541266443591212e-09}","You guys, what are you doing right now?"
LIAM,02:40:32,02:40:36,Neutral,"{'Angry': 0.014641579240560532, 'Disgusted': 0.002919621067121625, 'Fearful': 0.0026999686378985643, 'Happy': 0.009810663759708405, 'Neutral': 0.9615121483802795, 'Other': 5.724883885704912e-05, 'Sad': 0.006462882272899151, 'Surprised': 0.0017558563267812133, 'Unknown': 0.0001401017070747912}",I'm moving along the back wall. I want that illithid.
ORION,02:40:36,02:40:38,Neutral,"{'Angry': 1.0847519307495904e-13, 'Disgusted': 3.122880456969202e-15, 'Fearful': 6.123449991629593e-16, 'Happy': 1.2179294302683968e-13, 'Neutral': 1.0, 'Other': 4.654264991869905e-16, 'Sad': 3.7048611249181074e-13, 'Surprised': 4.448307363734069e-14, 'Unknown': 1.7093052877791264e-15}",18.
MATT,02:40:38,02:40:41,Neutral,"{'Angry': 6.996194666349445e-14, 'Disgusted': 2.7398837101980924e-15, 'Fearful': 4.593045156211508e-16, 'Happy': 1.0026461133788925e-13, 'Neutral': 1.0, 'Other': 5.832214123979555e-16, 'Sad': 2.2828294159518703e-13, 'Surprised': 3.939463840319131e-14, 'Unknown': 1.997877342689168e-15}",Okay. Make a stealth check. Who else is going in there with him?
LAURA,02:40:41,02:40:45,Neutral,"{'Angry': 4.591296965372749e-05, 'Disgusted': 5.934746695857029e-06, 'Fearful': 1.671710151640582e-06, 'Happy': 7.445086521329358e-05, 'Neutral': 0.9998492002487183, 'Other': 4.562173216982046e-06, 'Sad': 1.0311239748261869e-05, 'Surprised': 2.1092607767059235e-06, 'Unknown': 5.847269221703755e-06}",I go in and stand at the walls next to the door.
LIAM,02:40:45,02:40:47,Neutral,"{'Angry': 8.271746310128947e-07, 'Disgusted': 9.764170499693137e-06, 'Fearful': 8.243222282544593e-07, 'Happy': 4.0623288555252657e-07, 'Neutral': 0.9999741315841675, 'Other': 1.2264807764950092e-06, 'Sad': 1.2566531040647533e-05, 'Surprised': 1.8652464461865748e-07, 'Unknown': 1.4705541673265543e-07}",32.
MATT,02:40:47,02:40:49,Neutral,"{'Angry': 0.09569844603538513, 'Disgusted': 0.024990972131490707, 'Fearful': 0.015394921414554119, 'Happy': 0.009954344481229782, 'Neutral': 0.5354295969009399, 'Other': 0.009302543476223946, 'Sad': 0.1381797194480896, 'Surprised': 0.00030050502391532063, 'Unknown': 0.17074893414974213}","Okay, your stealth roll?"
ASHLEY,02:40:49,02:40:55,Neutral,"{'Angry': 0.000603505119215697, 'Disgusted': 0.00022201765386853367, 'Fearful': 5.387794954003766e-05, 'Happy': 0.0005031739710830152, 'Neutral': 0.9963088631629944, 'Other': 0.0002928102039732039, 'Sad': 0.0003936171415261924, 'Surprised': 1.3477285392582417e-05, 'Unknown': 0.0016085912939161062}",I'm so stressed.
MARISHA,02:40:55,02:40:58,Angry,"{'Angry': 0.5722059011459351, 'Disgusted': 0.10445060580968857, 'Fearful': 0.0008607005584053695, 'Happy': 0.005986729171127081, 'Neutral': 0.16918469965457916, 'Other': 0.016731053590774536, 'Sad': 0.007233201060444117, 'Surprised': 0.0004931628936901689, 'Unknown': 0.12285397201776505}",I know! I feel like I'm going to have a heart attack.
MATT,02:40:58,02:41:00,Neutral,"{'Angry': 2.54086330642167e-07, 'Disgusted': 2.3467700316359696e-07, 'Fearful': 1.2310757746547552e-08, 'Happy': 1.5747687598377524e-07, 'Neutral': 0.9999990463256836, 'Other': 2.569602131075044e-08, 'Sad': 1.5897890648375324e-07, 'Surprised': 9.683008173055896e-09, 'Unknown': 1.168066674495094e-07}",So you rolled a--
ORION,02:41:00,02:41:01,Angry,"{'Angry': 0.9892055988311768, 'Disgusted': 8.327562682097778e-05, 'Fearful': 5.810618404211709e-06, 'Happy': 4.365372296888381e-05, 'Neutral': 0.010598072782158852, 'Other': 3.189739800291136e-06, 'Sad': 4.8285393859259784e-05, 'Surprised': 3.1856629902904388e-06, 'Unknown': 8.954364602686837e-06}",18.
MATT,02:41:01,02:41:14,Neutral,"{'Angry': 1.0972683178733789e-10, 'Disgusted': 2.7916596118116033e-11, 'Fearful': 9.468641148924206e-12, 'Happy': 2.1911497616322606e-10, 'Neutral': 1.0, 'Other': 7.5906702798334e-12, 'Sad': 6.799427132442304e-10, 'Surprised': 2.387810262016732e-11, 'Unknown': 2.2674570554492846e-11}","Okay, you can see this figure-- which you are gathering at this point is probably King Murghol-- still holding his sword aloft, looks back towards his wife who's sitting in the throne next to him, who is just standing up kind of confused."
ORION,02:41:14,02:41:27,Neutral,"{'Angry': 2.1555883904511575e-06, 'Disgusted': 8.004549840734398e-07, 'Fearful': 1.0501225489178978e-07, 'Happy': 1.9306985450384673e-06, 'Neutral': 0.9999908208847046, 'Other': 1.754979507495591e-06, 'Sad': 1.243546307705401e-06, 'Surprised': 3.430297823570072e-08, 'Unknown': 1.2162187204012298e-06}","That's right, boy. I am Laduguer! You know, and you know your deeds as of late might upset my rest."
MATT,02:41:27,02:41:33,Neutral,"{'Angry': 2.0302145381512204e-11, 'Disgusted': 7.625450292904346e-13, 'Fearful': 3.1772208562014237e-13, 'Happy': 4.940090350680215e-11, 'Neutral': 1.0, 'Other': 3.415335776777578e-14, 'Sad': 3.911512433396602e-11, 'Surprised': 5.500921333029263e-12, 'Unknown': 2.2546634698139556e-13}",All of the duergar are now looking over their shoulders back towards the king and watching this transpire between the two of you.
ORION,02:41:33,02:41:36,Angry,"{'Angry': 0.9998238682746887, 'Disgusted': 5.126858013682067e-06, 'Fearful': 5.89524290717236e-07, 'Happy': 3.8789392419857904e-05, 'Neutral': 0.00010018386092269793, 'Other': 1.6517116137038101e-06, 'Sad': 2.5136847398243845e-05, 'Surprised': 1.3996580605635245e-07, 'Unknown': 4.5859310375817586e-06}","(shouts) All of you, lay down your arms!"
LAURA,02:41:36,02:41:37,Angry,"{'Angry': 0.9999799728393555, 'Disgusted': 1.081637674360536e-05, 'Fearful': 4.03574347274116e-07, 'Happy': 3.933034804504132e-06, 'Neutral': 3.4793420127243735e-06, 'Other': 3.521864471167646e-07, 'Sad': 4.1490147850709036e-07, 'Surprised': 5.979625825602852e-07, 'Unknown': 3.730272979396432e-08}",32.
MATT,02:41:37,02:41:40,Angry,"{'Angry': 0.8493633270263672, 'Disgusted': 0.0008847804274410009, 'Fearful': 0.0002669243549462408, 'Happy': 0.1456211656332016, 'Neutral': 0.0029811249114573, 'Other': 0.00012410315684974194, 'Sad': 0.0004382847109809518, 'Surprised': 0.00022729509510099888, 'Unknown': 9.296849020756781e-05}","32. You're moving in, everyone else staying in the hallway?"
ASHLEY,02:41:40,02:41:46,Neutral,"{'Angry': 1.2241539479873609e-06, 'Disgusted': 1.910371111080167e-06, 'Fearful': 4.756640805680945e-07, 'Happy': 8.294451617985032e-06, 'Neutral': 0.9999749660491943, 'Other': 1.5689007568653324e-06, 'Sad': 2.2947021989239147e-06, 'Surprised': 7.077671426714005e-08, 'Unknown': 9.242855412594508e-06}",I'm not moving. I'm like this!
MATT,02:41:46,02:42:11,Sad,"{'Angry': 0.019498832523822784, 'Disgusted': 0.0005179914296604693, 'Fearful': 0.00010074277088278905, 'Happy': 0.0001479443599237129, 'Neutral': 0.3179350197315216, 'Other': 0.00047280319267883897, 'Sad': 0.6611530780792236, 'Surprised': 8.660674939164892e-05, 'Unknown': 8.701049955561757e-05}","As you guys push in further and further, the group that are kneeling move back in sheer fear and horror. At which point the king takes a step down off of the throne area onto the next platform, weapons still at his side and says, ""Men, I've trained you. I've raised you. I've fed you and I've kept you alive."""
ORION,02:42:11,02:42:18,Happy,"{'Angry': 0.0026292286347597837, 'Disgusted': 0.01322608906775713, 'Fearful': 0.2270548790693283, 'Happy': 0.5631231665611267, 'Neutral': 0.009387561120092869, 'Other': 0.021952474489808083, 'Sad': 0.006196348462253809, 'Surprised': 0.0036576816346496344, 'Unknown': 0.15277260541915894}",And I don't care for you to finish that sentence! I cast Fireball. Right fucking-- Right on him.
SAM,02:42:18,02:42:21,Neutral,"{'Angry': 1.0638933645168436e-07, 'Disgusted': 2.632252176226757e-07, 'Fearful': 3.770611556319636e-08, 'Happy': 1.4216556110113743e-06, 'Neutral': 0.9999974966049194, 'Other': 7.997990536523503e-08, 'Sad': 3.9066122781150625e-07, 'Surprised': 1.5327091773542634e-07, 'Unknown': 2.6851095569213612e-08}",That's an attack right there.
ORION,02:42:21,02:42:23,Sad,"{'Angry': 2.7423937353887595e-05, 'Disgusted': 0.0001273959642276168, 'Fearful': 0.0036692386493086815, 'Happy': 0.0008287193486467004, 'Neutral': 0.0014781004283577204, 'Other': 1.269692165806191e-05, 'Sad': 0.9936400055885315, 'Surprised': 0.0002111909561790526, 'Unknown': 5.256584699964151e-06}",Of course it is!
MATT,02:42:23,02:42:40,Neutral,"{'Angry': 1.4492320375442819e-13, 'Disgusted': 4.232137017001541e-15, 'Fearful': 8.906407444777935e-16, 'Happy': 1.5433645030385468e-13, 'Neutral': 1.0, 'Other': 7.005240935874474e-16, 'Sad': 5.20727124614373e-13, 'Surprised': 5.605304564146145e-14, 'Unknown': 2.722848183562914e-15}",So the blast hits him and a 20-foot radius that will grab everything in that radius. Including you. So go ahead and roll damage. 8d6.
LIAM,02:42:40,02:42:42,Neutral,"{'Angry': 0.32267099618911743, 'Disgusted': 0.007619084324687719, 'Fearful': 0.04988618195056915, 'Happy': 0.06505756080150604, 'Neutral': 0.34206831455230713, 'Other': 0.0002240818866994232, 'Sad': 0.20906569063663483, 'Surprised': 0.0028730169869959354, 'Unknown': 0.0005350751453079283}",It's all right.
MARISHA,02:42:42,02:42:43,Surprised,"{'Angry': 0.017168834805488586, 'Disgusted': 0.1534656286239624, 'Fearful': 0.0020892885513603687, 'Happy': 0.08620625734329224, 'Neutral': 0.2518250644207001, 'Other': 0.019046148285269737, 'Sad': 0.03213600069284439, 'Surprised': 0.4369204044342041, 'Unknown': 0.0011424013646319509}",8d6.
LIAM,02:42:43,02:42:50,Neutral,"{'Angry': 0.306719571352005, 'Disgusted': 0.004293954465538263, 'Fearful': 0.006475317291915417, 'Happy': 0.017264125868678093, 'Neutral': 0.640106201171875, 'Other': 0.0004526468401309103, 'Sad': 0.02219158224761486, 'Surprised': 0.0016590720042586327, 'Unknown': 0.000837586063425988}","Heal me, Pike, heal me. Heal me in three minutes, heal me. This is gonna hurt. This is gonna sting."
MARISHA,02:42:50,02:42:57,Neutral,"{'Angry': 0.0027894459199160337, 'Disgusted': 0.0002447176375426352, 'Fearful': 0.0002658503653947264, 'Happy': 0.021783290430903435, 'Neutral': 0.9313768744468689, 'Other': 0.0004924824461340904, 'Sad': 0.0383557453751564, 'Surprised': 6.371697509166552e-06, 'Unknown': 0.004685280378907919}","Oh, god damn. Come on, you got this. You got this, Vax."
SAM,02:42:57,02:43:01,Neutral,"{'Angry': 0.002156459027901292, 'Disgusted': 0.0022720012348145247, 'Fearful': 0.004851588513702154, 'Happy': 0.17653247714042664, 'Neutral': 0.3838980495929718, 'Other': 0.006398334167897701, 'Sad': 0.19920890033245087, 'Surprised': 1.6039079127949663e-05, 'Unknown': 0.22466619312763214}","You want it to be a lot, but not too much. (laughter)"
LIAM,02:43:01,02:43:03,Angry,"{'Angry': 0.5180480480194092, 'Disgusted': 0.05540931224822998, 'Fearful': 0.0035821308847516775, 'Happy': 0.019930394366383553, 'Neutral': 0.3309462368488312, 'Other': 0.00010612810001475736, 'Sad': 0.06975755095481873, 'Surprised': 0.001324115670286119, 'Unknown': 0.0008960961713455617}",A little less than 55.
ORION,02:43:03,02:43:05,Angry,"{'Angry': 0.9981423616409302, 'Disgusted': 8.259570313384756e-05, 'Fearful': 2.1781075702165253e-05, 'Happy': 0.001075957901775837, 'Neutral': 0.0004444659280125052, 'Other': 1.8446702597429976e-05, 'Sad': 9.888410568237305e-05, 'Surprised': 3.1211241093842546e-06, 'Unknown': 0.00011243475455557927}","Uh, 25."
MATT,02:43:05,02:43:06,Angry,"{'Angry': 0.8240740299224854, 'Disgusted': 0.01138147059828043, 'Fearful': 0.008033378049731255, 'Happy': 0.100592702627182, 'Neutral': 0.02835383079946041, 'Other': 0.00014050386380404234, 'Sad': 0.006178515963256359, 'Surprised': 0.021204516291618347, 'Unknown': 4.110014924663119e-05}","25, okay."
ORION,02:43:06,02:43:08,Happy,"{'Angry': 0.0012468297500163317, 'Disgusted': 0.00016305866301991045, 'Fearful': 5.912322012591176e-05, 'Happy': 0.997221827507019, 'Neutral': 0.0010904339142143726, 'Other': 9.208489245793317e-06, 'Sad': 0.00015356529911514372, 'Surprised': 5.474578574649058e-05, 'Unknown': 1.1700393542923848e-06}","Oh, I'm sorry, 30."
MATT,02:43:08,02:43:15,Happy,"{'Angry': 1.315091502362975e-08, 'Disgusted': 1.5404477693437002e-08, 'Fearful': 7.021718761990314e-09, 'Happy': 0.9999998807907104, 'Neutral': 1.9212732738083105e-08, 'Other': 1.0995464982954672e-08, 'Sad': 2.2290729262408604e-08, 'Surprised': 2.5562247429888885e-08, 'Unknown': 4.738553549543667e-09}","Okay, good. So it explodes around them. You see all of them kind of shield themselves from the blast of flame. As it spreads out--"
LIAM,02:43:15,02:43:18,Neutral,"{'Angry': 0.12218257784843445, 'Disgusted': 0.00021851781639270484, 'Fearful': 2.8370279778755503e-06, 'Happy': 0.0007249488262459636, 'Neutral': 0.8766320943832397, 'Other': 3.565606675692834e-05, 'Sad': 0.00018677845946513116, 'Surprised': 1.0855203072424047e-05, 'Unknown': 5.86131227464648e-06}","Wait, I'm doing the rogue thing that I can't remember the name for."
"LAURA, MARISHA",02:43:18,02:43:20,Neutral,"{'Angry': 0.0005137076368555427, 'Disgusted': 0.0013123739045113325, 'Fearful': 9.319611126556993e-05, 'Happy': 0.03156392276287079, 'Neutral': 0.9608032703399658, 'Other': 0.00037304707802832127, 'Sad': 0.00029513196204788983, 'Surprised': 3.5404704249231145e-05, 'Unknown': 0.0050100283697247505}",Uncanny Dodge?
LIAM,02:43:20,02:43:21,Neutral,"{'Angry': 0.0014310997212305665, 'Disgusted': 0.0010048438562080264, 'Fearful': 2.5493163775536232e-05, 'Happy': 0.07893103361129761, 'Neutral': 0.907782256603241, 'Other': 1.800224526959937e-05, 'Sad': 0.01040529366582632, 'Surprised': 0.0004009752592537552, 'Unknown': 9.340114957012702e-07}","No, it's something else."
ORION,02:43:21,02:43:22,Neutral,"{'Angry': 0.10005204379558563, 'Disgusted': 0.09009186923503876, 'Fearful': 0.0010023214854300022, 'Happy': 0.030475476756691933, 'Neutral': 0.6586166620254517, 'Other': 5.338504342944361e-05, 'Sad': 0.1163618192076683, 'Surprised': 0.0033003930002450943, 'Unknown': 4.603795241564512e-05}",Quickly. Quickly.
MATT,02:43:22,02:43:31,Neutral,"{'Angry': 7.136861240875092e-11, 'Disgusted': 4.550590113061581e-11, 'Fearful': 1.0199548670930536e-11, 'Happy': 2.0292631464080557e-10, 'Neutral': 1.0, 'Other': 1.8575193466707773e-11, 'Sad': 6.763946625021333e-10, 'Surprised': 4.225628180698493e-11, 'Unknown': 9.05911283488603e-12}",So while you're looking that up-- The duergar brace themselves and they have an innate natural resistance against things magical in nature.
LIAM,02:43:31,02:43:32,Neutral,"{'Angry': 0.0008969221962615848, 'Disgusted': 0.0007536829798482358, 'Fearful': 0.00046335963997989893, 'Happy': 0.0002690579276531935, 'Neutral': 0.9078113436698914, 'Other': 4.016917591798119e-05, 'Sad': 0.08946925401687622, 'Surprised': 0.00027672279975377023, 'Unknown': 1.9457358575891703e-05}",Evasion!
MATT,02:43:32,02:43:59,Neutral,"{'Angry': 0.03599046915769577, 'Disgusted': 0.007522677071392536, 'Fearful': 8.84954642970115e-05, 'Happy': 0.0011547384783625603, 'Neutral': 0.9527648091316223, 'Other': 0.0011936973314732313, 'Sad': 0.0004998187068849802, 'Surprised': 5.244002750259824e-05, 'Unknown': 0.0007328756037168205}","So they all take the brunt of the damage, however, it does not do as much as you hoped to the group. All of them look hurt, but definitely not taken out of the fight. The two lizard creatures you now have a better look at, you do see it's familiar. They have numerous sets of legs, and though the chains hold them at bay, both of them glance up instinctually. I want you, Tiberius, to make two constitution saving throws."
SAM,02:43:59,02:44:00,Neutral,"{'Angry': 0.020110812038183212, 'Disgusted': 0.0005393628962337971, 'Fearful': 0.0005696346051990986, 'Happy': 0.0002715128939598799, 'Neutral': 0.9761098623275757, 'Other': 1.4039173038327135e-05, 'Sad': 0.00233460427261889, 'Surprised': 4.4383159547578543e-05, 'Unknown': 5.7141892284562346e-06}",Traps.
ORION,02:44:00,02:44:01,Angry,"{'Angry': 0.9985083937644958, 'Disgusted': 0.00018399459077045321, 'Fearful': 1.6864923964021727e-05, 'Happy': 0.000851225049700588, 'Neutral': 0.0002476196095813066, 'Other': 7.154343620641157e-06, 'Sad': 0.00016018201131373644, 'Surprised': 2.276722625538241e-05, 'Unknown': 1.9538417745934566e-06}",Yes.
LIAM,02:44:01,02:44:15,Neutral,"{'Angry': 0.006048246286809444, 'Disgusted': 0.00182511773891747, 'Fearful': 2.902855158026796e-05, 'Happy': 0.00010476098395884037, 'Neutral': 0.990359902381897, 'Other': 0.00038307422073557973, 'Sad': 0.0005118459230288863, 'Surprised': 6.188119641592493e-06, 'Unknown': 0.0007318343850784004}","DM. Evasion, if I make a success I get half-damage, if I fail I get-- If I fail, I get half-damage, if I succeed I get no damage. I think I failed. I got a nine."
MATT,02:44:15,02:44:48,Neutral,"{'Angry': 0.33363160490989685, 'Disgusted': 0.007082153111696243, 'Fearful': 5.743547444581054e-05, 'Happy': 0.09831756353378296, 'Neutral': 0.5594427585601807, 'Other': 0.0006740850512869656, 'Sad': 0.00046488939551636577, 'Surprised': 0.00011429664300521836, 'Unknown': 0.0002152467059204355}","Yeah you take half-damage. So you take the-- What was the total damage on your Fireball? So you take 15 points of fire damage. So as you glance about the room now, you look over and both of these lizard creatures kind of look towards you. You kind of look back and forth-- there's a slight gleam in their eye. Suddenly you feel your form begin to tighten up, instant. You are considered restrained, which means you are at disadvantage to all your attack rolls and ability checks for right now."
ORION,02:44:48,02:44:52,Neutral,"{'Angry': 0.030377136543393135, 'Disgusted': 0.0014634400140494108, 'Fearful': 0.00040945157525129616, 'Happy': 0.0006724547711201012, 'Neutral': 0.9651458859443665, 'Other': 6.198300252435729e-05, 'Sad': 0.0013946634717285633, 'Surprised': 0.00012901179434265941, 'Unknown': 0.00034594646422192454}","Hold on, I still have a bonus attack I can do before that happens, correct?"
MATT,02:44:52,02:44:55,Neutral,"{'Angry': 0.27762913703918457, 'Disgusted': 0.00964030995965004, 'Fearful': 0.002905461937189102, 'Happy': 0.01004834659397602, 'Neutral': 0.6585606932640076, 'Other': 0.005461558233946562, 'Sad': 0.013979064300656319, 'Surprised': 0.005940766539424658, 'Unknown': 0.01583467610180378}","No, this is as it's happening. Your turn is still happening."
ORION,02:44:55,02:44:56,Sad,"{'Angry': 7.886135426815599e-05, 'Disgusted': 2.967652108054608e-05, 'Fearful': 9.870486792351585e-06, 'Happy': 3.6591871321434155e-05, 'Neutral': 0.0013265582965686917, 'Other': 6.085656991672295e-07, 'Sad': 0.9985089898109436, 'Surprised': 8.666079338581767e-06, 'Unknown': 5.38093658519756e-08}",I got it.
MATT,02:44:56,02:45:03,Neutral,"{'Angry': 1.950424717567234e-11, 'Disgusted': 6.820484389942483e-13, 'Fearful': 1.4077363677967442e-13, 'Happy': 1.7842475760754262e-11, 'Neutral': 1.0, 'Other': 3.268572749699078e-14, 'Sad': 1.9865463440904563e-11, 'Surprised': 2.934496179038404e-12, 'Unknown': 1.8934167927107948e-13}","This is all kind of a fluid moment. Things happen as they happen until initiative is being rolled, which is now. So everyone roll initiative."
MARISHA,02:45:03,02:45:05,Neutral,"{'Angry': 3.5454667113299365e-07, 'Disgusted': 6.409015185226963e-08, 'Fearful': 1.3917341945557382e-08, 'Happy': 1.5118274632186512e-06, 'Neutral': 0.9999978542327881, 'Other': 5.242329681465208e-09, 'Sad': 1.1780037567632462e-07, 'Surprised': 3.366663037240869e-08, 'Unknown': 1.3272956067567065e-08}",Sneaky sneaky.
LAURA,02:45:05,02:45:10,Neutral,"{'Angry': 0.07406322658061981, 'Disgusted': 0.014822535216808319, 'Fearful': 0.044622473418712616, 'Happy': 0.0007033742731437087, 'Neutral': 0.51151442527771, 'Other': 0.004838853608816862, 'Sad': 0.32137516140937805, 'Surprised': 5.585129474638961e-05, 'Unknown': 0.028004037216305733}","Oh, great."
MATT,02:45:10,02:45:23,Neutral,"{'Angry': 1.6610391989808904e-13, 'Disgusted': 5.012021427362257e-15, 'Fearful': 1.049627346369768e-15, 'Happy': 1.8513805126550015e-13, 'Neutral': 1.0, 'Other': 8.226215106539906e-16, 'Sad': 6.220269525153421e-13, 'Surprised': 6.149979614109014e-14, 'Unknown': 3.3801828083236934e-15}","All right, so, 25 to 20?"
SAM,02:45:23,02:45:25,Neutral,"{'Angry': 6.746305007254705e-05, 'Disgusted': 2.409900480415672e-05, 'Fearful': 3.29341719407239e-06, 'Happy': 3.426034891162999e-05, 'Neutral': 0.9996919631958008, 'Other': 4.051465293741785e-05, 'Sad': 2.292147109983489e-05, 'Surprised': 5.5463829085056204e-06, 'Unknown': 0.00010994418698828667}",Natural 20.
MATT,02:45:25,02:45:26,Neutral,"{'Angry': 2.7869662517332472e-05, 'Disgusted': 4.62879215774592e-05, 'Fearful': 2.653366664162604e-06, 'Happy': 2.095055242534727e-05, 'Neutral': 0.9997324347496033, 'Other': 1.196213702314708e-06, 'Sad': 0.00014370055578183383, 'Surprised': 2.491351551725529e-05, 'Unknown': 6.712900102456842e-08}",Plus your--
SAM,02:45:26,02:45:27,Neutral,"{'Angry': 1.6620169844827615e-05, 'Disgusted': 9.438317647436634e-05, 'Fearful': 1.0823943057403085e-06, 'Happy': 3.0143612093525007e-05, 'Neutral': 0.9997413754463196, 'Other': 5.095753294881433e-07, 'Sad': 0.00011187253403477371, 'Surprised': 3.961635684390785e-06, 'Unknown': 1.0800077632211469e-07}",Nothing.
MATT,02:45:27,02:45:28,Neutral,"{'Angry': 0.007340879645198584, 'Disgusted': 0.006857179570943117, 'Fearful': 0.0003448576608207077, 'Happy': 0.0012172545539215207, 'Neutral': 0.8132175207138062, 'Other': 8.629604963061865e-06, 'Sad': 0.17092464864253998, 'Surprised': 7.374471897492185e-05, 'Unknown': 1.5303367035812698e-05}",Plus nothing for dex. Okay.
SAM,02:45:28,02:45:31,Happy,"{'Angry': 0.00013356305134948343, 'Disgusted': 5.768212577095255e-05, 'Fearful': 9.334631613455713e-05, 'Happy': 0.8862895369529724, 'Neutral': 0.0015287611167877913, 'Other': 0.00011660302698146552, 'Sad': 0.00035094033228233457, 'Surprised': 0.1114145964384079, 'Unknown': 1.4882984942232724e-05}","Oh, for dex. Plus nothing."
MATT,02:45:31,02:45:33,Neutral,"{'Angry': 0.00047883778461255133, 'Disgusted': 0.0005367428530007601, 'Fearful': 1.911525396280922e-05, 'Happy': 0.0006228959537111223, 'Neutral': 0.9976478219032288, 'Other': 7.691177415836137e-06, 'Sad': 0.0004061495419591665, 'Surprised': 0.00027761529781855643, 'Unknown': 3.08169342133624e-06}","Okay, so 25 to 20?"
TALIESIN,02:45:33,02:45:34,Happy,"{'Angry': 0.00016002867778297514, 'Disgusted': 4.1429084376432e-05, 'Fearful': 4.589673608279554e-06, 'Happy': 0.9987310767173767, 'Neutral': 0.0005677160224877298, 'Other': 1.1295635431451956e-06, 'Sad': 6.766831938875839e-05, 'Surprised': 0.0004262930597178638, 'Unknown': 1.0555628904285186e-07}",23.
LIAM,02:45:34,02:45:35,Sad,"{'Angry': 0.0007347402279265225, 'Disgusted': 3.710975215653889e-05, 'Fearful': 5.973333099973388e-05, 'Happy': 0.06405925750732422, 'Neutral': 0.004105124156922102, 'Other': 0.009127162396907806, 'Sad': 0.9216622114181519, 'Surprised': 0.00020958985260222107, 'Unknown': 5.12224232807057e-06}",21.
MATT,02:45:35,02:45:37,Neutral,"{'Angry': 4.707201696874108e-06, 'Disgusted': 5.342065492186521e-07, 'Fearful': 1.823252659960417e-07, 'Happy': 5.513998985406943e-06, 'Neutral': 0.9999710321426392, 'Other': 1.6987779360988498e-07, 'Sad': 1.17858462544973e-05, 'Surprised': 6.0311022025416605e-06, 'Unknown': 6.769948601714759e-09}","21, all right, all right."
TALIESIN,02:45:37,02:45:40,Neutral,"{'Angry': 4.787743890233287e-08, 'Disgusted': 5.89031721176525e-08, 'Fearful': 2.98934068609924e-08, 'Happy': 2.1200682454036723e-07, 'Neutral': 0.9999984502792358, 'Other': 3.429198969229219e-08, 'Sad': 1.155752443082747e-06, 'Surprised': 2.663337461683568e-08, 'Unknown': 7.522152678518523e-09}",Yeah. Sneak attack.
MATT,02:45:40,02:45:49,Neutral,"{'Angry': 1.091265099117944e-11, 'Disgusted': 6.774355382210828e-13, 'Fearful': 2.4403287550434083e-13, 'Happy': 1.8562654885423413e-11, 'Neutral': 1.0, 'Other': 5.6818594019189886e-14, 'Sad': 3.473600573844493e-11, 'Surprised': 3.5120918760039865e-12, 'Unknown': 4.764390921715989e-13}","All righty, 20 to 15?"
LAURA,02:45:49,02:45:51,Unknown,"{'Angry': 0.0025120608042925596, 'Disgusted': 0.013603132218122482, 'Fearful': 0.03668700531125069, 'Happy': 0.18579648435115814, 'Neutral': 0.12316939234733582, 'Other': 0.0007713757222518325, 'Sad': 0.010610459372401237, 'Surprised': 2.2018448362359777e-05, 'Unknown': 0.626828134059906}",19.
ORION,02:45:51,02:46:00,Fearful,"{'Angry': 0.19601289927959442, 'Disgusted': 0.002449991414323449, 'Fearful': 0.6909764409065247, 'Happy': 0.053979769349098206, 'Neutral': 0.04310468211770058, 'Other': 0.00012425766908563673, 'Sad': 0.012887793593108654, 'Surprised': 1.0237500646326225e-05, 'Unknown': 0.00045392478932626545}",17.
MATT,02:46:00,02:46:05,Other,"{'Angry': 0.002658441197127104, 'Disgusted': 0.0017849929863587022, 'Fearful': 0.0010850008111447096, 'Happy': 0.0019623448606580496, 'Neutral': 0.16945824027061462, 'Other': 0.7513116598129272, 'Sad': 0.022366754710674286, 'Surprised': 0.0003871424705721438, 'Unknown': 0.048985425382852554}","All right, 15 to ten?"
MARISHA,02:46:05,02:46:08,Neutral,"{'Angry': 0.0014360010391101241, 'Disgusted': 0.0014951955527067184, 'Fearful': 0.008896942250430584, 'Happy': 0.0023464038968086243, 'Neutral': 0.9693017601966858, 'Other': 0.000501153408549726, 'Sad': 0.00970748532563448, 'Surprised': 2.2513384465128183e-05, 'Unknown': 0.006292571313679218}",I'm nine.
ASHLEY,02:46:08,02:46:13,Disgusted,"{'Angry': 0.17611531913280487, 'Disgusted': 0.4969934821128845, 'Fearful': 0.0004334382538218051, 'Happy': 0.00247702794149518, 'Neutral': 0.3195768892765045, 'Other': 0.00036432823981158435, 'Sad': 0.001838404219597578, 'Surprised': 0.00013687909813597798, 'Unknown': 0.002064278582111001}",Five. Not to brag.
MARISHA,02:46:13,02:46:18,Unknown,"{'Angry': 0.023784901946783066, 'Disgusted': 0.013536542654037476, 'Fearful': 0.0012015262618660927, 'Happy': 0.004791851155459881, 'Neutral': 0.3622525930404663, 'Other': 0.016695475205779076, 'Sad': 0.004070492926985025, 'Surprised': 6.326383754640119e-06, 'Unknown': 0.5736602544784546}",(laughs) Big number five.
MATT,02:46:18,02:46:27,Neutral,"{'Angry': 4.048922619404038e-06, 'Disgusted': 9.250124094251078e-06, 'Fearful': 1.6973267520370428e-06, 'Happy': 0.00029483347316272557, 'Neutral': 0.999560534954071, 'Other': 8.73869430506602e-06, 'Sad': 8.510745828971267e-06, 'Surprised': 2.684424202925584e-07, 'Unknown': 0.00011197129788342863}",All right.
MARISHA,02:46:27,02:46:36,Neutral,"{'Angry': 9.648937204786989e-11, 'Disgusted': 5.4170348762205833e-11, 'Fearful': 6.544877920872105e-12, 'Happy': 2.052533421004199e-10, 'Neutral': 1.0, 'Other': 4.6523934878195394e-12, 'Sad': 5.353447685152446e-10, 'Surprised': 1.0966217517394128e-10, 'Unknown': 4.450391444255075e-12}",I just noticed your shirt. It's really great.
SAM,02:46:36,02:46:40,Neutral,"{'Angry': 0.003416755935177207, 'Disgusted': 0.012793243862688541, 'Fearful': 0.0037135868333280087, 'Happy': 0.027292564511299133, 'Neutral': 0.5382105708122253, 'Other': 0.003006415208801627, 'Sad': 0.33134669065475464, 'Surprised': 7.070272840792313e-05, 'Unknown': 0.08014948666095734}","Guys, tune in every week for this kind of intense action."
LAURA,02:46:40,02:46:43,Neutral,"{'Angry': 0.0002317788457730785, 'Disgusted': 0.00016272817447315902, 'Fearful': 4.3279876990709454e-05, 'Happy': 6.657061021542177e-05, 'Neutral': 0.9991441965103149, 'Other': 7.687874131079298e-06, 'Sad': 0.0002609938965179026, 'Surprised': 6.570941422978649e-06, 'Unknown': 7.606149301864207e-05}",Unless we're all dead next week. In which case--
LIAM,02:46:43,02:46:47,Neutral,"{'Angry': 4.399352064865525e-07, 'Disgusted': 1.2439873131597778e-08, 'Fearful': 7.415075220507106e-10, 'Happy': 2.1375966241521382e-07, 'Neutral': 0.9999992847442627, 'Other': 6.30015484226476e-10, 'Sad': 4.4409596000605234e-08, 'Surprised': 6.009336583900904e-09, 'Unknown': 6.253403905809307e-10}",-- Mama put the coins on my eyes.
MATT,02:46:47,02:46:52,Sad,"{'Angry': 0.0355740450322628, 'Disgusted': 0.05364217981696129, 'Fearful': 0.005647438112646341, 'Happy': 0.03819392994046211, 'Neutral': 0.17946015298366547, 'Other': 0.003414073260501027, 'Sad': 0.6794171333312988, 'Surprised': 0.0016180272214114666, 'Unknown': 0.0030329450964927673}","All right, that brings us to top of the round. Percy, you're up."
TALIESIN,02:46:52,02:46:58,Angry,"{'Angry': 0.6279208064079285, 'Disgusted': 0.01012263260781765, 'Fearful': 0.08929083496332169, 'Happy': 0.0033684028312563896, 'Neutral': 0.01430952176451683, 'Other': 0.003876602742820978, 'Sad': 0.22841832041740417, 'Surprised': 0.000342159386491403, 'Unknown': 0.022350728511810303}",I'm going to hold off until-- I'm actually going to delay my turn until post-Pike.
ORION,02:46:58,02:47:03,Neutral,"{'Angry': 9.81002813205123e-06, 'Disgusted': 8.447731829619443e-07, 'Fearful': 8.786572038843588e-07, 'Happy': 2.2431640900322236e-05, 'Neutral': 0.9999523162841797, 'Other': 9.834663217134221e-08, 'Sad': 1.1319067198201083e-05, 'Surprised': 2.319335635547759e-06, 'Unknown': 1.791537762585449e-08}",Can I still yell out shit while this is happening? Even though it isn't my turn?
MATT,02:47:03,02:47:06,Neutral,"{'Angry': 0.11855132132768631, 'Disgusted': 0.026304444298148155, 'Fearful': 0.019426418468356133, 'Happy': 0.009569767862558365, 'Neutral': 0.44511622190475464, 'Other': 0.020473051816225052, 'Sad': 0.3452920615673065, 'Surprised': 0.007068262435495853, 'Unknown': 0.008198433555662632}","I mean, you can yell like one thing."
TALIESIN,02:47:06,02:47:14,Neutral,"{'Angry': 1.1759172628689196e-11, 'Disgusted': 1.0639642378934555e-12, 'Fearful': 2.764252856560928e-13, 'Happy': 1.4041041766776896e-11, 'Neutral': 1.0, 'Other': 9.113870546922573e-14, 'Sad': 4.905480882611002e-11, 'Surprised': 3.729073473623945e-12, 'Unknown': 4.598083524175178e-13}","I'm loud and I've got range, so I'm going to let the room fill, and then I'm going to come in and get some."
ORION,02:47:14,02:47:22,Happy,"{'Angry': 8.618113497504964e-05, 'Disgusted': 9.082046744879335e-06, 'Fearful': 6.769044830434723e-06, 'Happy': 0.999789297580719, 'Neutral': 5.936471643508412e-05, 'Other': 3.615790546973585e-06, 'Sad': 3.70711313735228e-05, 'Surprised': 2.0236918771843193e-06, 'Unknown': 6.508044862130191e-06}","As this is all going down, I'm going to yell, those who want to live, throw down your arms. That's what I do."
MATT,02:47:22,02:47:27,Neutral,"{'Angry': 0.0001391305704601109, 'Disgusted': 3.6866633308818564e-05, 'Fearful': 1.1662919860100374e-05, 'Happy': 0.00022166778217069805, 'Neutral': 0.999432384967804, 'Other': 2.684451283130329e-05, 'Sad': 6.488030339824036e-05, 'Surprised': 5.611945016426034e-05, 'Unknown': 1.0524097888264805e-05}","Okay. That brings us back to the top. Vax, you're up."
LIAM,02:47:27,02:47:37,Neutral,"{'Angry': 0.0006019648863002658, 'Disgusted': 0.011313660070300102, 'Fearful': 0.000154076173203066, 'Happy': 0.019349679350852966, 'Neutral': 0.9595984220504761, 'Other': 0.0017397546907886863, 'Sad': 0.001195822493173182, 'Surprised': 0.00018678116612136364, 'Unknown': 0.005859706550836563}","Okay, I use my bonus action to click my boots of haste together. And I tap-dance over to the illithid, and I'm going to use two daggers to stab him in his eyeballs."
MATT,02:47:37,02:47:39,Happy,"{'Angry': 1.0158491409173465e-10, 'Disgusted': 1.2106957103519278e-10, 'Fearful': 3.803597020679561e-11, 'Happy': 1.0, 'Neutral': 9.217099306013665e-10, 'Other': 1.6551027215427894e-10, 'Sad': 6.468856006414114e-10, 'Surprised': 1.9554542707300726e-10, 'Unknown': 2.001458894451691e-11}",Okay.
LIAM,02:47:39,02:47:41,Happy,"{'Angry': 0.00048573961248621345, 'Disgusted': 0.00031811892404221, 'Fearful': 2.26226093218429e-05, 'Happy': 0.9940137267112732, 'Neutral': 0.003640711074694991, 'Other': 4.859784530708566e-05, 'Sad': 0.0008896304643712938, 'Surprised': 0.0005738328909501433, 'Unknown': 6.967220542719588e-06}","First one hits, it's 18."
MATT,02:47:41,02:47:44,Happy,"{'Angry': 0.010431223548948765, 'Disgusted': 0.0912887454032898, 'Fearful': 0.1316331923007965, 'Happy': 0.25676825642585754, 'Neutral': 0.1946912556886673, 'Other': 0.001404893002472818, 'Sad': 0.07969467341899872, 'Surprised': 0.00456391554325819, 'Unknown': 0.22952386736869812}",It is a critical because it does not see you and has not acted yet this combat.
LIAM,02:47:44,02:47:55,Happy,"{'Angry': 4.0264530598577153e-10, 'Disgusted': 5.701661365264954e-10, 'Fearful': 1.8197032769506905e-10, 'Happy': 1.0, 'Neutral': 1.15156739699529e-09, 'Other': 2.305169527483386e-10, 'Sad': 1.2163741125448269e-09, 'Surprised': 3.986920515952619e-10, 'Unknown': 1.6259404933549604e-10}","Yeah it is. So I just take my keen dagger and I shove it in his eyeball. 1d4 is two, plus--"
MARISHA,02:47:55,02:47:58,Neutral,"{'Angry': 9.498582221567631e-05, 'Disgusted': 0.0005872096517123282, 'Fearful': 0.0010981311788782477, 'Happy': 0.01817244477570057, 'Neutral': 0.9586337208747864, 'Other': 0.0001750230003381148, 'Sad': 0.0005149184144102037, 'Surprised': 5.728306405217154e-06, 'Unknown': 0.020717810839414597}",Feel like I'm going to have a heart attack.
TALIESIN,02:47:58,02:48:01,Neutral,"{'Angry': 1.1223001559123799e-13, 'Disgusted': 3.4236169637929994e-15, 'Fearful': 6.135865906449565e-16, 'Happy': 1.2650073859515193e-13, 'Neutral': 1.0, 'Other': 4.511377945206393e-16, 'Sad': 3.0744913451057065e-13, 'Surprised': 4.995322596323612e-14, 'Unknown': 1.7037719391720693e-15}",We're going to be fine. It's nothing we can't handle.
MARISHA,02:48:01,02:48:05,Neutral,"{'Angry': 6.455522338910669e-09, 'Disgusted': 7.809721758178512e-09, 'Fearful': 1.825056772375433e-09, 'Happy': 2.9744716911750402e-08, 'Neutral': 0.9999997615814209, 'Other': 5.287891458038985e-09, 'Sad': 2.861025052425248e-07, 'Surprised': 1.9560505992721744e-10, 'Unknown': 3.784792923511304e-08}",Nothing we can't handle.
LIAM,02:48:05,02:48:13,Neutral,"{'Angry': 2.3627288101124577e-05, 'Disgusted': 2.0623698219424114e-05, 'Fearful': 4.404808350955136e-06, 'Happy': 0.06426165997982025, 'Neutral': 0.9351514577865601, 'Other': 9.855403186520562e-05, 'Sad': 0.0003314881178084761, 'Surprised': 1.6831896573421545e-05, 'Unknown': 9.12757168407552e-05}","19, 28, plus 36 is the first dagger into his eyeball."
MATT,02:48:13,02:48:14,Sad,"{'Angry': 0.001118289539590478, 'Disgusted': 0.012960781343281269, 'Fearful': 0.0004410207038745284, 'Happy': 0.0004307843337301165, 'Neutral': 0.002195629058405757, 'Other': 0.002627122448757291, 'Sad': 0.9753714203834534, 'Surprised': 0.004835733212530613, 'Unknown': 1.9172199245076627e-05}",Okay.
LIAM,02:48:14,02:48:23,Sad,"{'Angry': 0.002955032279714942, 'Disgusted': 0.002477859379723668, 'Fearful': 0.0006662780651822686, 'Happy': 0.006013563834130764, 'Neutral': 0.2049708366394043, 'Other': 0.04594260826706886, 'Sad': 0.49975746870040894, 'Surprised': 1.5810421245987527e-05, 'Unknown': 0.2372005432844162}","Second dagger also hits for a little less, for seven points of fire damage in his other eyeball."
MATT,02:48:23,02:48:39,Neutral,"{'Angry': 2.05989374862936e-11, 'Disgusted': 1.4773314949839689e-12, 'Fearful': 6.480170675234043e-13, 'Happy': 4.617546622842639e-11, 'Neutral': 1.0, 'Other': 1.1853921164962922e-13, 'Sad': 9.790068061787949e-11, 'Surprised': 7.015109847186007e-12, 'Unknown': 1.2856349014891966e-12}","All right. Gotcha. So the first one actually jams into one of its eyes. It didn't even see you, it recoils back, slapping your hand back out of the way. The other dagger strikes and just gleans off its shoulder. However, it turns around with its other eye and it definitely knows you're there."
LIAM,02:48:39,02:48:44,Neutral,"{'Angry': 3.6658886415352754e-07, 'Disgusted': 1.3212701333031873e-07, 'Fearful': 3.6676315318118213e-08, 'Happy': 1.9342616042195004e-07, 'Neutral': 0.9999743700027466, 'Other': 5.982701001272517e-09, 'Sad': 2.489077996870037e-05, 'Surprised': 1.0283767615248962e-08, 'Unknown': 1.1173234781836072e-08}",I'd like to circulate my hands to kind of carve out the eyeball area. (laughter)
MATT,02:48:44,02:48:46,Sad,"{'Angry': 0.0003726071154233068, 'Disgusted': 6.346552981995046e-05, 'Fearful': 0.0003827734908554703, 'Happy': 0.009165366180241108, 'Neutral': 0.0029559186659753323, 'Other': 0.00015617186727467924, 'Sad': 0.9868065714836121, 'Surprised': 7.056019967421889e-05, 'Unknown': 2.657334516698029e-05}","No, it pushed you off."
LIAM,02:48:46,02:48:48,Neutral,"{'Angry': 4.092355274099013e-11, 'Disgusted': 4.510673518726138e-12, 'Fearful': 1.417339119333394e-12, 'Happy': 9.987102117525737e-11, 'Neutral': 1.0, 'Other': 2.372241671762948e-13, 'Sad': 1.8113518462925526e-09, 'Surprised': 2.5554704186081523e-11, 'Unknown': 2.2751660039461996e-13}","Yeah, okay, okay, it's all right."
MATT,02:48:48,02:48:52,Neutral,"{'Angry': 7.659972482698674e-12, 'Disgusted': 7.633948811633373e-13, 'Fearful': 1.7673479324985253e-13, 'Happy': 1.713045851003958e-11, 'Neutral': 1.0, 'Other': 9.156838156644531e-14, 'Sad': 3.947819154914711e-11, 'Surprised': 2.941298897149447e-12, 'Unknown': 3.576806819477474e-13}",All right. That brings us to Grog.
SAM,02:48:52,02:48:55,Neutral,"{'Angry': 7.283361469490046e-07, 'Disgusted': 7.181878913797846e-07, 'Fearful': 8.30842566301726e-07, 'Happy': 4.4543808144226205e-06, 'Neutral': 0.9999698400497437, 'Other': 1.01401349184016e-06, 'Sad': 1.4611844562750775e-05, 'Surprised': 2.7765201693341623e-08, 'Unknown': 7.696854481764603e-06}",(Grog voice) I would like to rage.
LIAM,02:48:55,02:48:59,Neutral,"{'Angry': 6.718652002746239e-05, 'Disgusted': 5.839828008902259e-05, 'Fearful': 0.00010020391346188262, 'Happy': 2.0362649593153037e-05, 'Neutral': 0.9952620267868042, 'Other': 2.0404004317242652e-06, 'Sad': 0.004479892551898956, 'Surprised': 3.9329524952336214e-06, 'Unknown': 5.874484486412257e-06}",(Grog voice) I would like to go to a whore house.
MATT,02:48:59,02:49:26,Sad,"{'Angry': 0.0012651715660467744, 'Disgusted': 0.0020822619553655386, 'Fearful': 0.00402888422831893, 'Happy': 0.0008728309767320752, 'Neutral': 0.008604639209806919, 'Other': 6.565482181031257e-05, 'Sad': 0.981461226940155, 'Surprised': 0.0015541823813691735, 'Unknown': 6.512960680993274e-05}","He goes into a rage. And Grog is going to go ahead and take his axe with the chain on it and throw it toward the first duergar he sees, which is right here. Throws it. All right, that is a-- That's going to miss. He rolled a four. Swings past. He's going to make an athletics check to see if he can bring it back. That he succeeds. So he throws the axe. It swings past the duergar, clangs to the ground, uses his chain, he yanks it back, catches it in his hand. His turn is spent, however. Next up is Scanlan."
SAM,02:49:26,02:49:37,Neutral,"{'Angry': 0.0002031105395872146, 'Disgusted': 0.0009380363626405597, 'Fearful': 0.0005026207072660327, 'Happy': 0.0003106262010987848, 'Neutral': 0.7794697284698486, 'Other': 9.969872917281464e-05, 'Sad': 0.21667243540287018, 'Surprised': 5.312477696861606e-06, 'Unknown': 0.0017985227750614285}","I step into the room, lining myself up with those two pig, creature, beast things. In a line. Yeah. Can I also catch the king or no?"
MATT,02:49:37,02:49:39,Neutral,"{'Angry': 3.7604490188414275e-08, 'Disgusted': 1.5030150457562286e-09, 'Fearful': 7.92123922011001e-10, 'Happy': 1.7451867506679264e-07, 'Neutral': 0.9999994039535522, 'Other': 3.1989563775702834e-10, 'Sad': 3.6010854387313884e-07, 'Surprised': 1.3688143063461666e-08, 'Unknown': 2.440069327147576e-11}","No, it has to be a line. It has to go straight."
SAM,02:49:39,02:49:48,Neutral,"{'Angry': 4.654909571399912e-05, 'Disgusted': 2.9715885830228217e-05, 'Fearful': 1.5717010683147237e-05, 'Happy': 1.2256400623300578e-05, 'Neutral': 0.9998047947883606, 'Other': 1.7040335933415918e-06, 'Sad': 8.214355329982936e-05, 'Surprised': 6.863628186692949e-06, 'Unknown': 2.429585492791375e-07}",Going for the guys. I don't want to scald you. You're already hurting. I'm going to go straight across the piggies and make them squeal with Lightning.
MATT,02:49:48,02:49:52,Neutral,"{'Angry': 4.381849691981188e-07, 'Disgusted': 3.761763309739763e-07, 'Fearful': 1.9252570382377598e-07, 'Happy': 3.3562594126124168e-06, 'Neutral': 0.999991774559021, 'Other': 8.711178622888838e-08, 'Sad': 3.3936787531274604e-06, 'Surprised': 2.487030883457919e-07, 'Unknown': 1.5798988783899404e-07}",All right. At the start of your turn--
SAM,02:49:52,02:49:54,Neutral,"{'Angry': 0.0015100311720743775, 'Disgusted': 0.0005519078113138676, 'Fearful': 0.0010246674064546824, 'Happy': 0.0017467114375904202, 'Neutral': 0.9785435795783997, 'Other': 2.3568238248117268e-05, 'Sad': 0.016276903450489044, 'Surprised': 0.00025279785040766, 'Unknown': 6.98894145898521e-05}","Oh shit, there's a trap."
MATT,02:49:54,02:50:01,Neutral,"{'Angry': 0.20799557864665985, 'Disgusted': 0.0057067349553108215, 'Fearful': 0.0006637689657509327, 'Happy': 0.003944581840187311, 'Neutral': 0.7424567937850952, 'Other': 0.0007717042462900281, 'Sad': 0.03535085916519165, 'Surprised': 0.0022906374651938677, 'Unknown': 0.0008193697431124747}","No, at the start of your turn you come up and the creature looks over and you guys make eye contact. You weren't averting your gaze. Go ahead and make a constitution save."
LIAM,02:50:01,02:50:09,Happy,"{'Angry': 1.3832688239290292e-07, 'Disgusted': 5.017721491640259e-07, 'Fearful': 2.408906709661096e-07, 'Happy': 0.9999899864196777, 'Neutral': 5.445139777293662e-06, 'Other': 1.296635900871479e-07, 'Sad': 1.4287724070527474e-06, 'Surprised': 8.499685577589844e-08, 'Unknown': 2.1003218080295483e-06}","Saving throw, saving throw. Come on, Scanlan, you lucky motherfucker! Roll high."
SAM,02:50:09,02:50:11,Neutral,"{'Angry': 0.04638725519180298, 'Disgusted': 0.014788705855607986, 'Fearful': 0.0010072332806885242, 'Happy': 0.05079447105526924, 'Neutral': 0.7304913997650146, 'Other': 0.12025632709264755, 'Sad': 0.02707807905972004, 'Surprised': 0.002637048251926899, 'Unknown': 0.006559548433870077}","17, plus what?"
MATT,02:50:11,02:50:12,Neutral,"{'Angry': 0.036154743283987045, 'Disgusted': 0.016695069149136543, 'Fearful': 0.0011526808375492692, 'Happy': 0.04466027766466141, 'Neutral': 0.7585170865058899, 'Other': 0.00020500243408605456, 'Sad': 0.021045874804258347, 'Surprised': 0.12149873375892639, 'Unknown': 7.051719148876145e-05}",Plus your constitution modifier.
SAM,02:50:12,02:50:13,Neutral,"{'Angry': 0.09366299211978912, 'Disgusted': 0.04467787966132164, 'Fearful': 0.0005383940879255533, 'Happy': 0.0415022149682045, 'Neutral': 0.6552355885505676, 'Other': 0.00020108363241888583, 'Sad': 0.15739427506923676, 'Surprised': 0.00671822065487504, 'Unknown': 6.932054384378716e-05}",19.
MATT,02:50:13,02:50:22,Neutral,"{'Angry': 9.172276622848585e-05, 'Disgusted': 6.492157990578562e-05, 'Fearful': 7.721706424490549e-06, 'Happy': 0.3264254331588745, 'Neutral': 0.6724997162818909, 'Other': 0.00017231970559805632, 'Sad': 0.00025505435769446194, 'Surprised': 1.1831559277197812e-05, 'Unknown': 0.00047126668505370617}","All right, so, as it glances over at you, there's a shine in its eye, and you feel all of a sudden your form, for a second, tense, and you shrug off the effect, untouched by it. Now, go ahead and take your turn."
SAM,02:50:22,02:50:28,Neutral,"{'Angry': 2.9988027563376818e-06, 'Disgusted': 8.199596777558327e-06, 'Fearful': 6.907096576469485e-06, 'Happy': 6.145279712654883e-06, 'Neutral': 0.9946045279502869, 'Other': 1.368551068026136e-07, 'Sad': 0.005368467420339584, 'Surprised': 2.47481580117892e-06, 'Unknown': 8.163127063198772e-08}",I cast Lightning on the two beasts. In a straight line.
MATT,02:50:28,02:50:32,Neutral,"{'Angry': 0.0006416970863938332, 'Disgusted': 0.002457354450598359, 'Fearful': 0.00037193269236013293, 'Happy': 0.0005874792695976794, 'Neutral': 0.9687900543212891, 'Other': 1.4968872164899949e-05, 'Sad': 0.02698163315653801, 'Surprised': 8.425128180533648e-05, 'Unknown': 7.06234059180133e-05}","Okay, so you pull back and you unleash a lightning bolt. It goes streaking across the room."
SAM,02:50:32,02:50:34,Neutral,"{'Angry': 0.006439443212002516, 'Disgusted': 0.17184382677078247, 'Fearful': 0.030125398188829422, 'Happy': 0.0015321100363507867, 'Neutral': 0.7384591102600098, 'Other': 0.00016025044897105545, 'Sad': 0.040255509316921234, 'Surprised': 0.011059760116040707, 'Unknown': 0.00012458127457648516}","If I can get the king, I'll try."
MATT,02:50:34,02:50:44,Neutral,"{'Angry': 2.304280315001961e-05, 'Disgusted': 1.0252738320559729e-05, 'Fearful': 2.154524281650083e-06, 'Happy': 1.4673320947622415e-05, 'Neutral': 0.9998633861541748, 'Other': 4.17783803641214e-06, 'Sad': 7.14891793904826e-05, 'Surprised': 6.98128815201926e-07, 'Unknown': 1.0043238034995738e-05}","Unfortunately, he's just out of the line array, but it does streak across and blast both of these now visibly basilisks in front of you. You hit automatically. Just go ahead and roll damage. (laughter)"
MARISHA,02:50:44,02:50:47,Neutral,"{'Angry': 7.097643901943229e-06, 'Disgusted': 5.519538262888091e-06, 'Fearful': 6.788902283005882e-06, 'Happy': 6.989557732595131e-06, 'Neutral': 0.9998145699501038, 'Other': 3.498689238767838e-06, 'Sad': 0.00014738917525392026, 'Surprised': 6.298087669165398e-07, 'Unknown': 7.474532594642369e-06}","Oh sweet, sweet dice rolls."
LIAM,02:50:47,02:50:49,Neutral,"{'Angry': 1.7990201740758494e-05, 'Disgusted': 4.393394647195237e-06, 'Fearful': 1.2005255484837107e-05, 'Happy': 2.2876962248119526e-05, 'Neutral': 0.999133288860321, 'Other': 1.030271164381702e-06, 'Sad': 0.0007823850028216839, 'Surprised': 2.5403105610166676e-05, 'Unknown': 6.277784336816694e-07}",Let it rain!
MARISHA,02:50:49,02:50:51,Neutral,"{'Angry': 0.012019133195281029, 'Disgusted': 0.00862699095159769, 'Fearful': 0.0070571512915194035, 'Happy': 0.15456190705299377, 'Neutral': 0.48877307772636414, 'Other': 0.0003405396419111639, 'Sad': 0.256497323513031, 'Surprised': 0.07198163866996765, 'Unknown': 0.00014221265155356377}",Let it rain d6s from the sky!
SAM,02:50:51,02:50:55,Happy,"{'Angry': 3.2449377613374963e-05, 'Disgusted': 2.6540845283307135e-05, 'Fearful': 1.3668220162799116e-05, 'Happy': 0.999397873878479, 'Neutral': 0.0003887934435624629, 'Other': 5.0784733502950985e-06, 'Sad': 0.00010180240496993065, 'Surprised': 2.832129212038126e-05, 'Unknown': 5.465538833959727e-06}",29.
MATT,02:50:55,02:51:03,Neutral,"{'Angry': 3.682696370077565e-09, 'Disgusted': 1.7119531348086525e-09, 'Fearful': 2.780506658250914e-10, 'Happy': 1.0497636537820654e-07, 'Neutral': 0.9999998807907104, 'Other': 2.9329713657766376e-10, 'Sad': 8.607785595415862e-09, 'Surprised': 2.287344980089756e-09, 'Unknown': 1.6893375587301307e-10}","29. One fails its saving throw, one makes it. So 29 damage to one, and 14 to the other."
SAM,02:51:03,02:51:09,Neutral,"{'Angry': 1.931566989687994e-10, 'Disgusted': 2.0056243124622064e-11, 'Fearful': 3.3691042577305153e-12, 'Happy': 3.3396787557649077e-09, 'Neutral': 1.0, 'Other': 1.237709153917299e-12, 'Sad': 5.063980901276466e-10, 'Surprised': 4.1248924415038246e-11, 'Unknown': 4.2926942382670585e-12}","And then, for bonus action, I inspire Vax with a little ditty."
MATT,02:51:09,02:51:11,Neutral,"{'Angry': 0.0011554795783013105, 'Disgusted': 0.0016799146542325616, 'Fearful': 0.00040969581459648907, 'Happy': 0.03129129111766815, 'Neutral': 0.9489391446113586, 'Other': 0.0005577189731411636, 'Sad': 0.0002745154779404402, 'Surprised': 2.3972879716893658e-05, 'Unknown': 0.015668295323848724}",All right.
SAM,02:51:11,02:51:20,Neutral,"{'Angry': 1.3411658983386587e-07, 'Disgusted': 1.2593951659312097e-08, 'Fearful': 5.017886106628566e-09, 'Happy': 4.063776486873394e-06, 'Neutral': 0.999995231628418, 'Other': 3.14216186403371e-09, 'Sad': 5.209959681451437e-07, 'Surprised': 4.0646174426228754e-08, 'Unknown': 3.3464089277401854e-09}","(sings) I want to sing a song of inspiration, of inspiration! (laughter)"
MATT,02:51:20,02:52:04,Neutral,"{'Angry': 1.1262106909271097e-06, 'Disgusted': 1.367840468446957e-05, 'Fearful': 3.425976501603145e-06, 'Happy': 3.611762076616287e-05, 'Neutral': 0.9999194145202637, 'Other': 2.4936848603829276e-06, 'Sad': 1.5256715414579958e-05, 'Surprised': 8.303369213535916e-06, 'Unknown': 2.128660696598672e-07}","All righty, that's it. That ends Scanlan's turn. King Murghol's turn, now. King Murghol is going to-- It sees this blast of lightning streak past now, as it blasts, just barely passing in front of it, hitting both of his pet basilisks. Now seeing that there's, like, a full army between himself and the current intruders, one of which is visibly stiffening, he glances over at this tiny gnome individual, who now gave loose to this bolt of energy. Grabs his blade with both hands and goes running towards you with an angry-- but he uses a bonus action, quickly, to pull out a vial, pop a cork, chug it, shatter the glass on the ground. As he does, you can see his arms actually billow and grow extremely strong and thick with muscle."
"MARISHA, LAURA",02:52:04,02:52:06,Neutral,"{'Angry': 0.00023188632621895522, 'Disgusted': 1.1295693184365518e-05, 'Fearful': 1.602218981133774e-05, 'Happy': 0.00016545401012990624, 'Neutral': 0.9994569420814514, 'Other': 9.969906386686489e-06, 'Sad': 6.502510223072022e-05, 'Surprised': 3.6468056350713596e-05, 'Unknown': 7.0503920142073184e-06}",What color was the vial?
MATT,02:52:06,02:52:18,Happy,"{'Angry': 0.00023390710703097284, 'Disgusted': 0.00013005810615140945, 'Fearful': 3.3441527193645015e-05, 'Happy': 0.9934077262878418, 'Neutral': 0.001558712450787425, 'Other': 2.767610567389056e-05, 'Sad': 5.2278457587817684e-05, 'Surprised': 0.00444805109873414, 'Unknown': 0.00010806686623254791}","This was purplish in color. He then runs forward. And is going to take his turn, swinging at Scanlan."
SAM,02:52:18,02:52:28,Happy,"{'Angry': 2.620387817842129e-07, 'Disgusted': 3.6672571468443493e-07, 'Fearful': 1.772951918610488e-07, 'Happy': 0.9999957084655762, 'Neutral': 1.8720043044595513e-06, 'Other': 9.80777770109853e-08, 'Sad': 1.136134187618154e-06, 'Surprised': 2.7831652005261276e-07, 'Unknown': 1.316773392545656e-07}","As he does, I sing (sings) Dodge that sexy attack-oh white boy. (laughter)"
SAM,02:52:28,02:52:40,Happy,"{'Angry': 1.3912084817491177e-09, 'Disgusted': 1.5692577237658156e-09, 'Fearful': 1.9937720363572e-09, 'Happy': 1.0, 'Neutral': 3.1036134773287927e-10, 'Other': 7.917468347606871e-10, 'Sad': 9.999877592647977e-10, 'Surprised': 1.051185249956177e-09, 'Unknown': 7.5785122621852e-10}","I sing my-- what is it called? Counter-- Cutting Word-- no, yes, what? Cutting Words! And I try to distract him as he's attacking me. What is that, a d8?"
MATT,02:52:40,02:52:41,Angry,"{'Angry': 0.5960632562637329, 'Disgusted': 0.2525708079338074, 'Fearful': 0.018209349364042282, 'Happy': 0.10146863758563995, 'Neutral': 0.01697462983429432, 'Other': 0.0009616849711164832, 'Sad': 0.004683873150497675, 'Surprised': 0.0026628237683326006, 'Unknown': 0.0064049167558550835}",A d8 off of his first attack.
SAM,02:52:41,02:52:44,Happy,"{'Angry': 0.11063577234745026, 'Disgusted': 0.011708967387676239, 'Fearful': 0.030142707750201225, 'Happy': 0.5202913284301758, 'Neutral': 0.03196573257446289, 'Other': 0.00021839063265360892, 'Sad': 0.008848528377711773, 'Surprised': 0.28351449966430664, 'Unknown': 0.00267400243319571}",Five.
MATT,02:52:44,02:52:50,Happy,"{'Angry': 0.0012266213307157159, 'Disgusted': 0.0006004363531246781, 'Fearful': 8.208897634176537e-05, 'Happy': 0.911359429359436, 'Neutral': 0.08051866292953491, 'Other': 0.0006702344981022179, 'Sad': 0.00020829771528951824, 'Surprised': 3.680233930936083e-05, 'Unknown': 0.005297329276800156}","Five. Okay, well, he rolled a 20, which brings it down, oh, a total of 20, which brings it down to 15. What's your armor class?"
SAM,02:52:50,02:52:51,Angry,"{'Angry': 0.9463777542114258, 'Disgusted': 6.572881829924881e-05, 'Fearful': 3.6647150409407914e-05, 'Happy': 0.05313195288181305, 'Neutral': 6.019605280016549e-05, 'Other': 3.6909226764691994e-05, 'Sad': 0.00013664666039403528, 'Surprised': 1.0982251296809409e-05, 'Unknown': 0.00014321896014735103}",14.
MATT,02:52:51,02:53:13,Neutral,"{'Angry': 9.153805101067003e-13, 'Disgusted': 3.0890319192540885e-14, 'Fearful': 6.9259287941000804e-15, 'Happy': 1.1701464450175614e-12, 'Neutral': 1.0, 'Other': 1.7760746715496964e-15, 'Sad': 2.0927465489706254e-12, 'Surprised': 2.732997205281973e-13, 'Unknown': 1.5657915637895883e-14}","Oh. Second strike is a 13. Third strike is a 12. Wow, he just can't hit at all this turn. But, however, the one strike he does get on you, the sword comes down, streaks across the front of you, and as you're finishing your last, final note of that song, you take 18 points of slashing damage."
SAM,02:53:13,02:53:15,Neutral,"{'Angry': 1.2225780283980914e-12, 'Disgusted': 4.196545793700747e-14, 'Fearful': 1.1600429614838127e-14, 'Happy': 1.435630694185397e-12, 'Neutral': 1.0, 'Other': 3.646215528265535e-15, 'Sad': 3.8446741450204325e-12, 'Surprised': 3.4022299409165735e-13, 'Unknown': 2.9859225985848226e-14}","Okay, okay, okay."
ASHLEY,02:53:15,02:53:16,Neutral,"{'Angry': 0.004341228865087032, 'Disgusted': 0.009065253660082817, 'Fearful': 0.0006393476505763829, 'Happy': 0.016936132684350014, 'Neutral': 0.9502941966056824, 'Other': 0.0007192383054643869, 'Sad': 0.0002653772826306522, 'Surprised': 0.00021984691557008773, 'Unknown': 0.01751934550702572}",Where you at?
SAM,02:53:16,02:53:17,Happy,"{'Angry': 0.00013632883201353252, 'Disgusted': 4.124463157495484e-05, 'Fearful': 2.948845349237672e-06, 'Happy': 0.9995514750480652, 'Neutral': 0.00025172947789542377, 'Other': 2.9080044896545587e-06, 'Sad': 4.1961457100114785e-06, 'Surprised': 6.729261485816096e-07, 'Unknown': 8.368765520572197e-06}",I'm fine.
ASHLEY,02:53:17,02:53:18,Neutral,"{'Angry': 0.008926291018724442, 'Disgusted': 0.016415724530816078, 'Fearful': 0.017774077132344246, 'Happy': 0.00297953630797565, 'Neutral': 0.9392477869987488, 'Other': 0.00010762685997178778, 'Sad': 0.011246266774833202, 'Surprised': 0.0016223653219640255, 'Unknown': 0.0016803006874397397}",Where are you at?
SAM,02:53:18,02:53:20,Neutral,"{'Angry': 1.9008734852832276e-06, 'Disgusted': 8.918965477278107e-07, 'Fearful': 1.0522753512987038e-07, 'Happy': 2.6147258722630795e-06, 'Neutral': 0.9999902248382568, 'Other': 3.807795678767434e-07, 'Sad': 1.234001160810294e-06, 'Surprised': 5.012411108396009e-08, 'Unknown': 2.615501671243692e-06}",I'm fine. I've got more than him.
MATT,02:53:20,02:53:24,Neutral,"{'Angry': 4.3415765427212705e-10, 'Disgusted': 2.197209775234299e-10, 'Fearful': 1.5874944414573378e-10, 'Happy': 2.7985824768705925e-09, 'Neutral': 1.0, 'Other': 3.634973572141931e-11, 'Sad': 6.35357277900539e-09, 'Surprised': 1.1706745295381182e-10, 'Unknown': 2.5909413503555356e-10}",That ends his turn. This brings us back to Vex!
LAURA,02:53:24,02:53:49,Neutral,"{'Angry': 3.375983581577202e-08, 'Disgusted': 5.9526716889024556e-09, 'Fearful': 8.545706919882434e-10, 'Happy': 1.422284640284488e-05, 'Neutral': 0.9999854564666748, 'Other': 5.617200038443571e-10, 'Sad': 2.882422052152833e-07, 'Surprised': 3.514654878244983e-08, 'Unknown': 3.0640776027546224e-10}","That's me! I cast Hunter's Mark! Actually, I just transfer it, because the other one died. I transfer it to the king. And then I cast-- First I want to move Trinket over and-- oh no, I can only move Trinket. Okay, first I'm gonna cast Conjure Barrage. It's a 60-foot cone. So I want to see how many of them I can get."
MATT,02:53:49,02:53:55,Neutral,"{'Angry': 2.5585674204298137e-11, 'Disgusted': 9.696748612397776e-13, 'Fearful': 3.180664824402324e-13, 'Happy': 1.877302202579756e-10, 'Neutral': 1.0, 'Other': 2.96520180100273e-14, 'Sad': 7.311487526528992e-11, 'Surprised': 1.0728701781148597e-11, 'Unknown': 1.7927261238004366e-13}","You can, you can get-- let's see. That'll get everybody."
LAURA,02:53:55,02:53:59,Neutral,"{'Angry': 1.1110907394140668e-07, 'Disgusted': 4.761071537018324e-09, 'Fearful': 4.501280181923306e-10, 'Happy': 0.00014933796774130315, 'Neutral': 0.9998502731323242, 'Other': 1.0046395659824015e-10, 'Sad': 2.13190816111819e-07, 'Surprised': 8.780164151289682e-09, 'Unknown': 8.887075797492372e-11}",Can I angle it so I don't hit my buddies?
MATT,02:53:59,02:54:06,Neutral,"{'Angry': 5.489972896861178e-14, 'Disgusted': 2.0710148260363144e-15, 'Fearful': 3.1412785949187165e-16, 'Happy': 7.248879502295275e-14, 'Neutral': 1.0, 'Other': 4.586812052510901e-16, 'Sad': 1.78215054475947e-13, 'Surprised': 2.9835031336742854e-14, 'Unknown': 1.4200238427757592e-15}","You can angle it in a way that will-- well, if you wanna get the king in it, you're going to hit these two here. And Grog."
LAURA,02:54:06,02:54:07,Neutral,"{'Angry': 0.04804312810301781, 'Disgusted': 0.006766492035239935, 'Fearful': 0.000835152983199805, 'Happy': 0.015991507098078728, 'Neutral': 0.8266498446464539, 'Other': 0.00015651997819077224, 'Sad': 0.10043936967849731, 'Surprised': 0.00083918560994789, 'Unknown': 0.0002788200799841434}","All right, I'll hit them."
MATT,02:54:07,02:54:13,Happy,"{'Angry': 8.312971431223559e-07, 'Disgusted': 7.850012480048463e-06, 'Fearful': 4.317994807934156e-06, 'Happy': 0.9998501539230347, 'Neutral': 6.740368553437293e-05, 'Other': 3.070636921620462e-06, 'Sad': 5.141505880601471e-06, 'Surprised': 1.0365485650254413e-05, 'Unknown': 5.083182986709289e-05}","Okay, so, you will be able to hit everything in that row. So go for it. How does the effect on that work?"
LAURA,02:54:13,02:54:17,Happy,"{'Angry': 0.004841146990656853, 'Disgusted': 0.0014345917152240872, 'Fearful': 0.0002643402258399874, 'Happy': 0.6099044680595398, 'Neutral': 0.37383273243904114, 'Other': 8.273716230178252e-05, 'Sad': 0.000580950640141964, 'Surprised': 0.008860024623572826, 'Unknown': 0.0001989601441891864}",I roll 3d8.
MATT,02:54:17,02:54:19,Neutral,"{'Angry': 0.0014642809983342886, 'Disgusted': 0.06069471314549446, 'Fearful': 0.003998291213065386, 'Happy': 0.15434017777442932, 'Neutral': 0.7578453421592712, 'Other': 0.0007911043358035386, 'Sad': 0.007939813658595085, 'Surprised': 0.009221358224749565, 'Unknown': 0.00370499468408525}","All right, so go ahead and roll 3d8."
LAURA,02:54:19,02:54:30,Neutral,"{'Angry': 0.0002073021896649152, 'Disgusted': 7.234304212033749e-05, 'Fearful': 1.5743016774649732e-05, 'Happy': 0.05862564221024513, 'Neutral': 0.9401092529296875, 'Other': 0.0001941060327226296, 'Sad': 0.0005669824313372374, 'Surprised': 4.1664687159936875e-05, 'Unknown': 0.00016685276932548732}",That was on a corner. Oh good! 17.
MATT,02:54:30,02:54:33,Neutral,"{'Angry': 4.774780393290712e-08, 'Disgusted': 5.0627928516178144e-09, 'Fearful': 4.347028514928297e-09, 'Happy': 3.7488296129595255e-06, 'Neutral': 0.9999955892562866, 'Other': 2.119089792529394e-09, 'Sad': 5.427933729151846e-07, 'Surprised': 4.850394752509146e-09, 'Unknown': 1.1893956930464356e-09}","17, okay. And what's the effect on the spell, like what do they roll against?"
LAURA,02:54:33,02:54:35,Neutral,"{'Angry': 0.0017544953152537346, 'Disgusted': 0.003102657850831747, 'Fearful': 0.004363647196441889, 'Happy': 0.15617302060127258, 'Neutral': 0.7553492784500122, 'Other': 0.001179082435555756, 'Sad': 0.00324083655141294, 'Surprised': 0.0021797262597829103, 'Unknown': 0.07265724986791611}",They roll a dexterity saving throw.
MATT,02:54:35,02:54:42,Happy,"{'Angry': 9.648316279253777e-08, 'Disgusted': 3.3480591810075566e-07, 'Fearful': 1.003377079200618e-07, 'Happy': 0.9999970197677612, 'Neutral': 4.0876318507798715e-07, 'Other': 1.0465399213899218e-07, 'Sad': 7.971441817744562e-08, 'Surprised': 9.915252121572848e-07, 'Unknown': 8.188407036868739e-07}","Dexterity saving throw. King makes his, with a 20. So he takes half-damage for it, or no damage?"
LAURA,02:54:42,02:54:45,Neutral,"{'Angry': 0.07442589104175568, 'Disgusted': 0.01628984697163105, 'Fearful': 0.010410724207758904, 'Happy': 0.2699849009513855, 'Neutral': 0.4954187273979187, 'Other': 0.009505785070359707, 'Sad': 0.01005382090806961, 'Surprised': 0.020670073106884956, 'Unknown': 0.09324026107788086}","Half as much, yeah."
MATT,02:54:45,02:54:51,Happy,"{'Angry': 9.166478776023723e-06, 'Disgusted': 2.644213236635551e-05, 'Fearful': 2.6904281185125e-06, 'Happy': 0.99958735704422, 'Neutral': 0.00028445679345168173, 'Other': 5.642125415761257e-06, 'Sad': 5.767041329818312e-06, 'Surprised': 2.367107299505733e-06, 'Unknown': 7.60965995141305e-05}","Okay, so what was the total again? It was-- What was the total originally? It was-- what was the total?"
LAURA,02:54:51,02:54:53,Neutral,"{'Angry': 0.0005258336314000189, 'Disgusted': 0.002644335152581334, 'Fearful': 0.0001445337984478101, 'Happy': 0.00453784829005599, 'Neutral': 0.9904612898826599, 'Other': 0.0001453515433240682, 'Sad': 0.00045079176197759807, 'Surprised': 0.0009958652080968022, 'Unknown': 9.411435894435272e-05}",The total? Was 17.
MATT,02:54:53,02:54:56,Neutral,"{'Angry': 2.1835303414263763e-05, 'Disgusted': 2.531434984121006e-05, 'Fearful': 1.0726981599873397e-05, 'Happy': 0.0002897513040807098, 'Neutral': 0.9993676543235779, 'Other': 4.5358636270975694e-05, 'Sad': 8.278365567093715e-05, 'Surprised': 1.612251617189031e-05, 'Unknown': 0.00014043030387256294}","17. Okay, so that is eight damage to the king."
LAURA,02:54:56,02:54:57,Neutral,"{'Angry': 0.17825859785079956, 'Disgusted': 0.0445161871612072, 'Fearful': 0.003672574181109667, 'Happy': 0.13090302050113678, 'Neutral': 0.6072330474853516, 'Other': 8.589194476371631e-05, 'Sad': 0.011143246665596962, 'Surprised': 0.02400348335504532, 'Unknown': 0.00018393156642559916}",Plus a Hunter's Mark.
MATT,02:54:57,02:55:00,Neutral,"{'Angry': 0.009059636853635311, 'Disgusted': 0.03179128095507622, 'Fearful': 0.002422456396743655, 'Happy': 0.29948005080223083, 'Neutral': 0.5089268684387207, 'Other': 0.004552932921797037, 'Sad': 0.0010803850600495934, 'Surprised': 0.004939346574246883, 'Unknown': 0.13774704933166504}","Right, so roll the additional one on that."
LAURA,02:55:00,02:55:02,Happy,"{'Angry': 0.05070437118411064, 'Disgusted': 0.002578220795840025, 'Fearful': 0.0012209959095343947, 'Happy': 0.8507788777351379, 'Neutral': 0.0774809941649437, 'Other': 0.00012712267925962806, 'Sad': 0.015944980084896088, 'Surprised': 0.0009780845139175653, 'Unknown': 0.00018641716451384127}",Four.
MATT,02:55:02,02:55:09,Happy,"{'Angry': 6.917541759321466e-05, 'Disgusted': 8.625374175608158e-05, 'Fearful': 1.2171565686003305e-05, 'Happy': 0.9971526861190796, 'Neutral': 0.0023472385946661234, 'Other': 1.5647345207980834e-05, 'Sad': 5.6381850299658254e-05, 'Surprised': 4.1942194002331235e-06, 'Unknown': 0.0002562845766078681}","Four, gotcha. All right. The basilisk also does not make its save. What's the DC on this?"
LAURA,02:55:09,02:55:12,Neutral,"{'Angry': 5.052434914887272e-09, 'Disgusted': 3.354335698091404e-09, 'Fearful': 1.4779648616070062e-09, 'Happy': 1.1704651825539258e-07, 'Neutral': 0.9999998807907104, 'Other': 9.209261131459812e-10, 'Sad': 3.979501528306173e-08, 'Surprised': 1.4480631138624744e-09, 'Unknown': 4.044327095442668e-09}",DC. What do you mean?
MATT,02:55:12,02:55:13,Neutral,"{'Angry': 2.1625983492867817e-07, 'Disgusted': 5.5553684319420427e-08, 'Fearful': 2.0467476602448187e-09, 'Happy': 1.8111971655798698e-07, 'Neutral': 0.9999994039535522, 'Other': 7.929401579787054e-10, 'Sad': 9.218193497417815e-08, 'Surprised': 5.6501331613389993e-08, 'Unknown': 1.0771066261128226e-09}",Your spell DC. At the top of your spell page.
LAURA,02:55:13,02:55:15,Neutral,"{'Angry': 3.863384265279102e-11, 'Disgusted': 6.714745946767575e-12, 'Fearful': 1.8308037377789965e-12, 'Happy': 1.2921756720185584e-10, 'Neutral': 1.0, 'Other': 7.210534795111523e-13, 'Sad': 2.0129990729866876e-10, 'Surprised': 1.566899388016907e-11, 'Unknown': 3.0642593497332005e-12}",Yes. It's 14.
MATT,02:55:15,02:55:16,Angry,"{'Angry': 0.8449451923370361, 'Disgusted': 0.021706951782107353, 'Fearful': 0.005702001042664051, 'Happy': 0.006265890318900347, 'Neutral': 0.10234654694795609, 'Other': 0.0005394446779973805, 'Sad': 0.004118585493415594, 'Surprised': 0.0009374090004712343, 'Unknown': 0.013437985442578793}",14.
LAURA,02:55:16,02:55:18,Neutral,"{'Angry': 0.00013081764336675406, 'Disgusted': 2.1790052414871752e-05, 'Fearful': 3.1745043997943867e-06, 'Happy': 8.770394197199494e-05, 'Neutral': 0.9997133612632751, 'Other': 1.1317813459754689e-06, 'Sad': 3.780195038416423e-05, 'Surprised': 3.343531716382131e-06, 'Unknown': 8.260335562226828e-07}","Oh, I did get a-- I didn't add my spell attack bonus! Should I have done that?"
MATT,02:55:18,02:55:20,Neutral,"{'Angry': 5.042424811030344e-12, 'Disgusted': 3.307311564372528e-13, 'Fearful': 8.164635281878926e-14, 'Happy': 6.713465720842304e-12, 'Neutral': 1.0, 'Other': 2.8140174313461518e-14, 'Sad': 1.625295037444019e-11, 'Surprised': 1.2820011979081114e-12, 'Unknown': 2.2100130427950282e-13}","No, that's just to hit something with a spell."
LAURA,02:55:20,02:55:21,Neutral,"{'Angry': 3.9068173696144015e-10, 'Disgusted': 9.721262683726195e-10, 'Fearful': 1.832087537234628e-10, 'Happy': 2.28363106202778e-09, 'Neutral': 1.0, 'Other': 1.7970012977652772e-10, 'Sad': 1.9922678617945166e-08, 'Surprised': 2.786883501748605e-10, 'Unknown': 7.17395587379599e-11}","Okay, cool."
MATT,02:55:21,02:56:02,Happy,"{'Angry': 3.84988334189984e-06, 'Disgusted': 1.2164445251983125e-05, 'Fearful': 2.621526846269262e-06, 'Happy': 0.9997535347938538, 'Neutral': 0.00015563584747724235, 'Other': 2.0391067664604634e-05, 'Sad': 1.6872962078195997e-05, 'Surprised': 8.05362196842907e-06, 'Unknown': 2.6835217795451172e-05}","All right, so basilisk in front makes it, so it takes the eight damage. Okay, the rest of the duergar, they do make their saves, they take half damage. However, with the spray of arrows that comes flying out of the front of your bow, you manage to take out five duergar in one swipe. The others ones remain, damaged but still standing. Also, now dexterity saving throw for you, Tiberius, and Grog."
MARISHA,02:56:02,02:56:03,Neutral,"{'Angry': 0.027995659038424492, 'Disgusted': 0.03313785791397095, 'Fearful': 0.002397778909653425, 'Happy': 0.04943373054265976, 'Neutral': 0.8633770942687988, 'Other': 0.00021349676535464823, 'Sad': 0.02229725942015648, 'Surprised': 0.0004321914748288691, 'Unknown': 0.0007149067823775113}",Natural 20.
ORION,02:56:03,02:56:05,Happy,"{'Angry': 0.0001608981838217005, 'Disgusted': 0.00048405377310700715, 'Fearful': 0.00016101376968435943, 'Happy': 0.8740620613098145, 'Neutral': 0.11940108984708786, 'Other': 0.00014193340030033141, 'Sad': 0.0005806491244584322, 'Surprised': 6.792778731323779e-05, 'Unknown': 0.00494034867733717}",19.
MATT,02:56:05,02:56:08,Neutral,"{'Angry': 1.7514183436873054e-09, 'Disgusted': 8.524440042734227e-10, 'Fearful': 1.8537613111213602e-10, 'Happy': 2.3953312222602108e-08, 'Neutral': 1.0, 'Other': 2.7533911262089816e-10, 'Sad': 1.1396832810817159e-08, 'Surprised': 3.3525054954353095e-10, 'Unknown': 7.043781669047178e-10}","Nice. So both you guys take eight damage. Grog fails, Grog takes 17."
LAURA,02:56:08,02:56:10,Neutral,"{'Angry': 2.680503712326754e-07, 'Disgusted': 3.803867798524152e-07, 'Fearful': 6.991061809458188e-07, 'Happy': 1.3340224995772587e-06, 'Neutral': 0.9999948740005493, 'Other': 1.8815110536252178e-07, 'Sad': 1.678556600381853e-06, 'Surprised': 4.1024551933332987e-07, 'Unknown': 1.8682618474485935e-07}","I'm sorry, Grog."
MATT,02:56:10,02:56:15,Neutral,"{'Angry': 9.602597189628526e-11, 'Disgusted': 1.5790049823216634e-11, 'Fearful': 3.1341749941876662e-12, 'Happy': 5.313184892052902e-10, 'Neutral': 1.0, 'Other': 1.3631794261101393e-12, 'Sad': 2.6277702236399136e-10, 'Surprised': 3.6769236960720875e-11, 'Unknown': 3.2408145177881265e-12}","""It's all right."" All right, Vex, is that the end of your turn?"
LAURA,02:56:15,02:56:31,Neutral,"{'Angry': 1.0885448087621236e-13, 'Disgusted': 3.22657444213031e-15, 'Fearful': 6.414726093344626e-16, 'Happy': 1.1604242957166666e-13, 'Neutral': 1.0, 'Other': 6.238985815030672e-16, 'Sad': 4.0776719023929986e-13, 'Surprised': 4.3692392098001326e-14, 'Unknown': 2.1833428297870225e-15}","Oh, I move Trinket in, and I want to-- If I can get him to illithid, I want to get Trinket close, like kind of behind the queen. No, no, I want to get him near. That way he can flank."
MATT,02:56:31,02:56:38,Happy,"{'Angry': 2.0716719006941275e-07, 'Disgusted': 1.7039839406152169e-07, 'Fearful': 1.3172397395067037e-08, 'Happy': 0.9999897480010986, 'Neutral': 9.212226359522901e-06, 'Other': 2.057148265066644e-07, 'Sad': 3.5745915738516487e-07, 'Surprised': 4.482727788968077e-08, 'Unknown': 1.31712596385114e-07}","Okay, all right. That ends your turn. It is now Lady Kima's turn."
SAM,02:56:38,02:56:39,Surprised,"{'Angry': 0.020421186462044716, 'Disgusted': 0.04770771786570549, 'Fearful': 0.002034175442531705, 'Happy': 0.06546991318464279, 'Neutral': 0.38607943058013916, 'Other': 0.0005957685643807054, 'Sad': 0.00813615508377552, 'Surprised': 0.4694461226463318, 'Unknown': 0.0001096080377465114}","Ooh, I forgot about her."
MATT,02:56:39,02:57:44,Happy,"{'Angry': 0.0001669572084210813, 'Disgusted': 0.00030057947151362896, 'Fearful': 0.0001016269889078103, 'Happy': 0.9595139026641846, 'Neutral': 0.035826798528432846, 'Other': 0.0008686654036864638, 'Sad': 0.002698631724342704, 'Surprised': 0.00012382655404508114, 'Unknown': 0.0003989252436440438}","Kima rushes in angrily. She has to make a saving throw. Succeeds against the basilisk, as it glances past. Rushes forward, in combat with both King Murghol and the basilisk. However, as she goes in for King Murghol, screaming, the blade of the greatsword arcing across the air with a divine glowing energy, you see it aiming for the king, but then looks to her side and sees this dangerous lizard creature, recognizing it in a moment, she changes her trajectory and swings next to the lizard with her first strike. That is a-- that hits. And that strike does just enough damage. She cleaves that basilisk in two with her first strike. With her first strike, using the inertia, she turns around and strikes at King Murghol. However, King Murghol, seeing her come forward, takes his sword up and manages to parry hers to the side. Both of them lock for a second as he steps into her and kind of glares into her face. ""Oh, you're supposed to be downstairs for playtime."" Pushes her off with his blade.."
