speaker,start_time,end_time,emotion,scores,text
MATT,00:00:00,00:01:59,Neutral,"{'Angry': 4.3630518035270294e-14, 'Disgusted': 1.4938315409424203e-15, 'Fearful': 2.4050682621096166e-16, 'Happy': 5.071355661800947e-14, 'Neutral': 1.0, 'Other': 4.0652253101572595e-16, 'Sad': 1.6570395771665913e-13, 'Surprised': 2.256038881913707e-14, 'Unknown': 1.075576624225377e-15}","Welcome, everyone, to this Thursday's episode of Critical Role, where a bunch of us nerdy-ass voice actors get together and play Dungeons & Dragons. This will be our 10th episode, I think, which is awesome. For all the classic folks that have been coming every week, good to see you again; for a bunch of newcomers out there as well, welcome and thank you. I hope you enjoy. We're going to cut to some videos here. Probably the last time that we run the character backstories at the start of the show. We usually use it as partially a stall method when some of our players haven't gotten here on time. (clears throat) i.e., Scanlan. But he's on his way, I'm sure. But also since we have a lot of new people watching, and we figured it would be cool for them to actually get an idea of the character backgrounds, as well, but going forward, we'll just be playing them for the intermission break. So we'll be back here in about 10 minutes or so. In the meantime, enjoy the character backstories. We'll see you guys in just a moment. [dramatic music]"
ASHLEY,00:01:59,00:04:03,Neutral,"{'Angry': 0.0033416873775422573, 'Disgusted': 0.0007461740751750767, 'Fearful': 0.00020592792134266347, 'Happy': 0.009031647816300392, 'Neutral': 0.9194362163543701, 'Other': 3.443311288719997e-05, 'Sad': 0.06700161844491959, 'Surprised': 0.00019008383969776332, 'Unknown': 1.2104082088626456e-05}","Pike grew up on the outskirts of town, near the Bramblewood. Her ancestors were a family of deep gnomes with quite an unfavorable reputation. Thievery, destruction, and trickery left them with the curse of the last name Trickfoot. Sarenrae, the goddess of healing and redemption, had other plans for Pike's great-great-grandfather Wilhand, who left his family at a young age after a dream, a dream that changed the course of the Trickfoot family. Wilhand devoted his life to Sarenrae and pledged from then on that him and his family would live a life of service and devotion. As a child, Pike seemed to have an affinity to heal. Whether it was animals, people, or even flowers, she felt she had a purpose in making things whole that had once been broken. She studied and learned the ways to heal though divine magic. She lived a peaceful life, quiet and simple, until one day, Wilhand was captured and almost killed by a group of goliath barbarians. One of the goliaths took a stand against the murder of the innocent gnome and he himself was beaten, bloodied, and left for dead, abandoned by his herd. Wilhand went to Pike for help. She prayed and healed this barbarian as best she could, bringing him back to life. When he awoke, she discovered his name was Grog Strongjaw. After that, they were best of friends, a rather unlikely pair. Little did she know that in a few years' time, Grog would soon return the favor and bring her back from the clutches of death. (roar, crunch) After being killed in battle, Pike felt angry. She wanted to be stronger so that it would never happen again. She spent four months at sea training with the men and women aboard a ship called the Broken Howl. Gripping her holy symbol in one hand, and her morningstar in the other, this time, Pike is ready."
TRAVIS,00:04:03,00:05:49,Neutral,"{'Angry': 9.815554449232877e-07, 'Disgusted': 6.505132432721439e-07, 'Fearful': 7.499033216618045e-08, 'Happy': 1.4611018741561566e-05, 'Neutral': 0.9999734163284302, 'Other': 3.5556635680222826e-07, 'Sad': 8.808804523141589e-06, 'Surprised': 4.8533348007140376e-08, 'Unknown': 1.0510676702324417e-06}","Right, Listen up! If you have ale, then you have a friend in Grog Strongjaw. A goliath of towering height and size, this barbarian has an appetite for the two great loves in his life: combat, women, and ale! (chuckle) (record scratch) Wait. Easily the brains of the group, Grog is often consulted for his vast knowledge of shapes, colors, and (chuckle) shiny things! Also ale. In his early years, armed with his two-handed great axe, Grog often enjoyed proving his might amongst the ranks of his family's wandering herd. But after coming upon an unsuspecting elderly gnome in the woods, he objected to the killing of such an innocent life. A creature of impulse, Grog felt only pity for this-- well, this terrified little thing. And his disobedience cost him dearly. Beaten bloody and banished by the herd leader, his uncle Kevdak, Grog was abandoned and left to die. Exiled from his herd, it was then that the relative of the very gnome he fought to save, saved him. It was the kindness of a gnome cleric named Pike that healed Grog, bringing him back from death's edge. And they have remained close friends ever since. Most nights, Grog can be found challenging entire taverns to wrestling matches! Ha! or accompanying Scanlan to the nearest house where you pay for… lady favors. Also ale!"
MARISHA,00:05:49,00:07:54,Happy,"{'Angry': 0.0005198456929065287, 'Disgusted': 0.0007899834890849888, 'Fearful': 0.0004363778862170875, 'Happy': 0.9657689332962036, 'Neutral': 0.019876230508089066, 'Other': 0.0012513791443780065, 'Sad': 0.01036731619387865, 'Surprised': 0.00022355908004101366, 'Unknown': 0.0007663858123123646}","A first impression of Keyleth would leave you with little information on the half-elven druid. You might even think that her social awkwardness due to her sheltered upbringing is kind of sweet. (chuckle) Of course, it would be unwise to underestimate her based on first impressions. (thunder) Under that unintimidating petite frame is a vicious beast waiting to be unleashed, whose natural powers have made even the fiercest of champions pee their pants, literally! (soft chuckle) Born to the Air Tribe of the Ashari people, Keyleth was raised with a deep love of nature and the elemental magics. It is her people's inherent duty to protect the delicate areas in Tal'Dorei where the four elemental planes begin to bleed with this realm. Since she was a little girl, she had quite a knack for air manipulation and beast shaping abilities. Well, if you consider kittens and flying squirrels to be little beasts. Which, I do. (clears throat) Anyways, it wasn't long before the headmaster of the tribe, her father, Korren, realized her true prodigious abilities and she was inveterated to succeed him as the next headmaster. Just like that, her jovial childhood was stripped and replaced with endless spell memorization, teachings from ancient traditions, and exceedingly high expectations. Every druid leader to be must embark on journey to seek out the sister tribes in order to introduce and establish respect amongst the fellow headmasters. They call this the AraMente, or Noble Odyssey. When her father felt she was ready, he set her on the path to truly discovering herself, not knowing when, or if, she will ever return. As she hiked down the mountain towards Stillben, she meditated on the task ahead. Part of the AraMente is proving yourself a strong warrior, a valiant protector, and a wise and compassionate leader. With this knowledge, one thought plays on repeat in her mind: Is she even worthy?"
TALIESIN,00:07:54,00:09:08,Neutral,"{'Angry': 2.7924194000661373e-05, 'Disgusted': 0.0006134520517662168, 'Fearful': 1.2165368389105424e-05, 'Happy': 1.613605854799971e-05, 'Neutral': 0.9986144304275513, 'Other': 0.0001761567546054721, 'Sad': 0.000302325701341033, 'Surprised': 2.7968208087258972e-06, 'Unknown': 0.00023456127382814884}","Percy was the third of seven children, born to a noble family who lived far to the north in the ancient castle of Whitestone. With so many siblings to share the burdens of lordship, Percy turned his attentions to the sciences, engineering, and naturalism. One day, a mysterious couple named Lord and Lady Briarwood came to court. During a feast held in their honor, the Briarwoods violently took control of the castle, killing or imprisoning everyone who would stand in their way. Percy awoke chained in the dungeon, only to be freed by his younger sister. Together they fled, chased by the Briarwoods' men. As they ran, Percy's sister took several arrows to the chest and fell. Percy kept running, eventually jumping into a freezing river and floating unconscious to freedom. He did not remember waking up on a fishing boat. He barely remembered the next two years, as he slowly made his way as far south as possible. Then one night, Percy had a dream. A roaring cloud of smoke offered him vengeance against those who destroyed his family. When he awoke, Percy began to design his first gun. (gunshot)"
SAM,00:09:08,00:10:30,Neutral,"{'Angry': 0.00027295705513097346, 'Disgusted': 0.0006190357380546629, 'Fearful': 0.00012660761422012, 'Happy': 0.000732104352209717, 'Neutral': 0.9955654740333557, 'Other': 0.00029879368958063424, 'Sad': 0.0015920306323096156, 'Surprised': 3.028971332241781e-05, 'Unknown': 0.0007626839797012508}","Oh, you haven't heard of Scanlan Shorthalt? Well, gird your loins, ladies, because he has his eye on you. A talented musician, master of disguise, and dashingly handsome in his own mind, Scanlan sings songs almost as much as he sings his own praises. Born a poor gnome, Scanlan used his endless charm and soaring tenor voice to croon for coin and support his single mother. One day he was discovered by a half-orc promoter, and joined Dr. Dranzel's Spectacular Traveling Troupe, where he learned the ways of the world, and honed his skills as a bard extraordinaire. A loner much of his life, Scanlan has never quite come to terms with the violent death of his mother at the hands of a goblin invasion. While his years on the road provided many, shall we say, educational experiences with the opposite sex, deep down, Scanlan yearns for the one thing he's never known: the true love of a fellow gnome. Still, Scanlan considers himself a lover first, performer second, and fighter distant third. On the battlefield, he'll support his allies, but rarely draws blood, unless it's to protect fellow gnome, Pike. Count on Scanlan for a hearty laugh, a rollicking song, and a twinkle in his eye that melts hearts and makes the females swoon."
ORION,00:10:30,00:12:29,Neutral,"{'Angry': 7.069305411278037e-06, 'Disgusted': 1.750554656609893e-05, 'Fearful': 2.3917925773275783e-06, 'Happy': 0.002209228929132223, 'Neutral': 0.9976744055747986, 'Other': 5.08231141793658e-06, 'Sad': 7.791362440912053e-05, 'Surprised': 3.0594173949793912e-06, 'Unknown': 3.3644287213974167e-06}","Greetings and salutations. I am Tiberius Stormwind. I hail from a town called Ty'rex, located in the heart of Draconia. From a politically respected family, at the age of 15, I succeeded in passing the Sorcerer's Rite, showing prodigy-like control of my magic. The judges and the Draconian high council were amazed at how powerful my spells were for how long I had been training. At 20 years old, I was the youngest appointed member of the magic guild in Draconian history. For the next few years, I almost went mad from the malaise of being a guild member, as it's rather boring. However, one day I happened upon a chamber, unused for quite some time. In the room were stacks of books and maps of the surrounding cities and areas around the known world. For months, I would frequent the chamber, and learned of artifacts from legend. After a long period of research, I made a list of artifacts that caught my eye. I brought these findings to the high council and was told that all of the information in the chamber I had stumbled upon was either believed to be fiction, or unsolvable mysteries, and hence were lost forever. I found those answers to be unacceptable. A year later, I devised a ruse and managed to convince the city council to lend support in me leaving Draconia on a mission of peace and diplomacy for the surrounding kingdoms. Going from town to town and making friends and allies, in and for the name of Draconia. Being a red dragonborn, I had quite the task on my hands in that respect, but it was exactly what I needed so I could explore the world and find these artifacts, as I felt the truth was out there. Some may describe me as buffoonish, but I say poppycock to all that. I am much sharper than most give me credit for. I just don't pay attention to things sometimes. I've also been known to be rather cunning, loyal, happy-go-lucky, and well, dangerous. I can't help but show my true scales every now and then. But overall, I think I'm quite friendly for a dragonborn!"
LIAM,00:12:29,00:13:58,Neutral,"{'Angry': 1.1635270311671775e-05, 'Disgusted': 0.0010677044047042727, 'Fearful': 9.76047886069864e-07, 'Happy': 4.68776033812901e-06, 'Neutral': 0.9988712668418884, 'Other': 1.0664805358828744e-06, 'Sad': 4.1477003833279014e-05, 'Surprised': 3.9941946283761354e-07, 'Unknown': 7.148883014451712e-07}","Never entirely welcome in the company of elves or men, Vax'ildan learned at a young age to skip past formality, preferring instead to invite himself in your door. Along with twin sister Vex'ahlia, Vax was born by a chance encounter between elven royalty and human peasantry. Raised by their mother in their early years, the twins were eventually sent off to their father in the elven capital of Syngorn. But their cool reception among the elves there never warmed, and their time in the capital didn't last. The siblings stole away one autumn night and set out on the open road. After a few years of wandering, they eventually decided to return to their mother, and journeyed back to the lands of their youth. But instead of finding their childhood home, they returned to a pile of rubble. Their mother was gone, their home burned to ash. Pressing the townspeople for answers, they learned of the day the dragon came. (roar) With their ties all severed, Vax'ildan and his sister set out to find their fortune together in Tal'Dorei. An outsider since birth, Vax quickly learned to solve life's challenges in his own particular way, often by side-stepping them entirely. And when his knack for circumventing adversity isn't enough, (knife scraping) the way of blades the elves schooled him in more than makes up the difference."
LAURA,00:13:58,00:16:30,Neutral,"{'Angry': 2.722604949667584e-05, 'Disgusted': 0.002485126256942749, 'Fearful': 3.190389907103963e-05, 'Happy': 0.0003393960651010275, 'Neutral': 0.9947229623794556, 'Other': 0.00024054059758782387, 'Sad': 0.0006422159494832158, 'Surprised': 2.551351826696191e-06, 'Unknown': 0.0015080401208251715}","Like so many half-elves, Vex'ahlia has spent most of her life suffering the cool reception of a people who don't fully accept her. Born of a human mother and an elven father who only later in life took an interest in their existence, Vex'ahlia and her twin brother Vax'ildan quickly realized the only people they could truly rely on in this world were each other. It was at the age of ten when the two were taken from their mother and brought to live in Syngorn, the isolated elven city for which their father was an ambassador. He quietly took them in, but always kept an icy distance, and after too many years of disdainful looks, the pair decided to leave his indifference behind, and set out on their own. Vax took to the cities, stealing small trinkets and learning the ways of the thief, while Vex kept to the woods; she preferred the isolation. Always the keen observer, she learned to hunt and to track, to spy and to shoot. And through a series of fateful events, earned herself a companion in the form of a bear-- her own stolen Trinket-- to fight alongside her and protect her fiercely. Also, he is adorable, and gives expert massages. [dramatic music]"
MATT,00:16:30,00:16:44,Neutral,"{'Angry': 0.00306986877694726, 'Disgusted': 0.00014874814951326698, 'Fearful': 4.265849565854296e-05, 'Happy': 0.0013938725460320711, 'Neutral': 0.9422037601470947, 'Other': 0.00020893756300210953, 'Sad': 0.052763503044843674, 'Surprised': 6.034239413565956e-05, 'Unknown': 0.00010821669275173917}","Hello, everyone! Welcome back to Critical Role. First off, I want to thank the chat for buying this amazing cloak. This most delightful Dungeon Master Cloak."
TALIESIN,00:16:44,00:16:46,Other,"{'Angry': 0.00016418086306657642, 'Disgusted': 0.0038109810557216406, 'Fearful': 0.00010916046448983252, 'Happy': 8.518110553268343e-05, 'Neutral': 0.0020847851410508156, 'Other': 0.989303469657898, 'Sad': 0.0041649662889540195, 'Surprised': 9.325802966486663e-05, 'Unknown': 0.00018404857837595046}",It makes your eyes pop.
MATT,00:16:46,00:17:29,Happy,"{'Angry': 1.2547559657960505e-09, 'Disgusted': 1.0217723334093876e-09, 'Fearful': 7.383237077274174e-11, 'Happy': 0.9999978542327881, 'Neutral': 2.137554020009702e-06, 'Other': 7.403024304686312e-10, 'Sad': 1.9323682209915205e-08, 'Surprised': 8.435190324007635e-10, 'Unknown': 3.2301719632421566e-10}","Does it? It makes more than my eyes pop. (laughs) So thank you, chat, that's amazing. We did some videos with that. It's a little warm in here for it at the moment, but I'll be wearing it probably when we come back from the break for a bit, too. Thank you. A couple other quick things. First off, our shirts are up still. We have one more week on that, but our goal by the end of this show tonight is to get to 1,000 t-shirts sold. If we get to 1,000 before the end of the game tonight, we are going to stay after and do a Q&A with you guys. So, go ahead and get some shirts. Wonderfully modeled by a few of our team members here. You can find a link in the chat room, or you can go to teespring.com/critical-role and they've got hoodies, girl tees, guy tees. Rock it out."
LIAM,00:17:29,00:17:33,Neutral,"{'Angry': 5.9105268422621204e-12, 'Disgusted': 1.7927193475368586e-13, 'Fearful': 3.6156482267814954e-14, 'Happy': 9.142083791380262e-12, 'Neutral': 1.0, 'Other': 1.0283804142724885e-14, 'Sad': 9.654362378985759e-12, 'Surprised': 1.269397130812533e-12, 'Unknown': 4.93101754903396e-14}",999 gets nothing!
MATT,00:17:33,00:18:00,Neutral,"{'Angry': 2.280183819536319e-09, 'Disgusted': 3.7657724161199724e-10, 'Fearful': 6.964119558805493e-11, 'Happy': 8.253216776665795e-08, 'Neutral': 0.9999998807907104, 'Other': 5.512855449918419e-11, 'Sad': 9.963822655834065e-09, 'Surprised': 2.3539694637975117e-09, 'Unknown': 9.73119987368598e-11}","Well, we'll see. So yes, that's awesome. Also, we have the subscriber giveaway. As soon as we hit 2,850 tonight, we are going to be giving away one of the Tabletop Day promo kits that are only available exclusively now by subscribing to this channel. So, once we hit 2,850, we are going to give away one of these to one of the random folks in the chat room, so look forward to that. Also, we have our charity, which we do throughout the show. Marisha do you want to take it away on that?"
MARISHA,00:18:00,00:18:24,Neutral,"{'Angry': 2.1557701370550353e-12, 'Disgusted': 1.1301234877384922e-13, 'Fearful': 2.543858644511645e-14, 'Happy': 3.1305665525172e-12, 'Neutral': 1.0, 'Other': 7.611665915889954e-15, 'Sad': 4.502292635932825e-12, 'Surprised': 7.821216005572673e-13, 'Unknown': 7.476217046701109e-14}","Yes. 826LA, which is a non-profit, after-school tutoring program for kids K-12th grade. They excel in creative writing and reading. They're awesome. Donate to them. Go check them out. And there might be an 826 in your area, so google 826. They're always looking for tutors. It's a good program."
MATT,00:18:24,00:18:53,Neutral,"{'Angry': 3.765660228083334e-09, 'Disgusted': 4.270485909341204e-10, 'Fearful': 4.249001497869109e-11, 'Happy': 3.626142941470789e-08, 'Neutral': 1.0, 'Other': 3.9755965880461375e-11, 'Sad': 7.052106898441934e-09, 'Surprised': 1.083428680104248e-09, 'Unknown': 7.989003208974665e-11}","Go check it out. A couple of other quick things. If you guys haven't checked it out, recently I had the opportunity to Dungeon Master for PewDiePie and cinnamontoastken, his co-partner on the podcast there. Episode went up a couple of days ago. Had a lot of fun. Hopefully, we'll be doing that again in the future, but I know probably a bunch of you folks came through that this week, so welcome! Welcome to our chaotic little show, Critical Role. Everyone in the chat room: be nice, be welcoming. They've been really awesome. Any other announcements we want to make before we jump into the game?"
ORION,00:18:53,00:18:57,Happy,"{'Angry': 0.00018013660155702382, 'Disgusted': 0.00045411454630084336, 'Fearful': 5.232404146227054e-05, 'Happy': 0.92330002784729, 'Neutral': 0.07309872657060623, 'Other': 0.0001926804834511131, 'Sad': 0.0002504603180568665, 'Surprised': 2.9912420359323733e-05, 'Unknown': 0.002441699616611004}","Yeah. Have we talked about something important here, guys? There are these shirts that we need to sell."
LAURA,00:18:57,00:18:59,Neutral,"{'Angry': 1.2497235246655691e-08, 'Disgusted': 1.069946709009173e-08, 'Fearful': 5.555841564586217e-09, 'Happy': 2.0173170867110457e-07, 'Neutral': 0.9999992847442627, 'Other': 2.1895418811368472e-08, 'Sad': 3.4125847037103085e-07, 'Surprised': 5.238975364640908e-10, 'Unknown': 7.000416246683017e-08}",We just talked about them.
SAM,00:18:59,00:19:02,Neutral,"{'Angry': 2.4203277604328832e-08, 'Disgusted': 1.2894485479364448e-08, 'Fearful': 6.359511584008715e-09, 'Happy': 1.391379100823542e-07, 'Neutral': 0.9999996423721313, 'Other': 3.990854757773832e-09, 'Sad': 2.606491023016133e-07, 'Surprised': 4.42139258538532e-09, 'Unknown': 2.060261650171924e-08}",For five minutes. We literally just talked about that.
ORION,00:19:02,00:19:09,Neutral,"{'Angry': 5.451600108841159e-12, 'Disgusted': 3.1644175127465424e-13, 'Fearful': 8.093329337873628e-14, 'Happy': 7.761079973134244e-12, 'Neutral': 1.0, 'Other': 2.4843283219456655e-14, 'Sad': 1.5254202415104778e-11, 'Surprised': 1.7781517360968002e-12, 'Unknown': 1.8352498882580337e-13}","Listen, guys, this is something that we need to really discuss, first."
TRAVIS,00:19:09,00:19:17,Neutral,"{'Angry': 1.0087835988770166e-07, 'Disgusted': 1.5187312385478435e-07, 'Fearful': 3.7350007531244955e-09, 'Happy': 1.4580201650460367e-06, 'Neutral': 0.9999978542327881, 'Other': 5.3477162254012e-08, 'Sad': 2.1894312851600262e-07, 'Surprised': 1.0925681692697253e-08, 'Unknown': 8.387694805378487e-08}",That was amazing. He comes in character! (all laugh)
ORION,00:19:17,00:19:19,Neutral,"{'Angry': 1.2616725155942254e-13, 'Disgusted': 4.272886501544525e-15, 'Fearful': 8.456608068193076e-16, 'Happy': 1.7823851390045414e-13, 'Neutral': 1.0, 'Other': 5.430852855879025e-16, 'Sad': 3.7289011396886285e-13, 'Surprised': 6.281212800319375e-14, 'Unknown': 2.3282292977225283e-15}","I love you, Travis"
TRAVIS,00:19:19,00:19:20,Neutral,"{'Angry': 0.0032952202018350363, 'Disgusted': 0.00015478130080737174, 'Fearful': 2.240759386040736e-05, 'Happy': 0.08099387586116791, 'Neutral': 0.9147534966468811, 'Other': 4.5473731006495655e-05, 'Sad': 0.000693929847329855, 'Surprised': 3.593010114855133e-05, 'Unknown': 4.873218131251633e-06}",I love you. I love you!
ORION,00:19:20,00:19:31,Happy,"{'Angry': 0.00017067449516616762, 'Disgusted': 0.00021590158576145768, 'Fearful': 3.4321023122174665e-05, 'Happy': 0.8858480453491211, 'Neutral': 0.11294497549533844, 'Other': 6.291591125773266e-05, 'Sad': 0.0003956624132115394, 'Surprised': 0.00022696182713843882, 'Unknown': 0.00010063593072118238}","I think you guys out there need to really look in your hearts-- and moreover, your wallets-- and get one of our shirts. Just get them, because they're dope."
MATT,00:19:31,00:19:34,Neutral,"{'Angry': 1.1492324119899422e-05, 'Disgusted': 4.084527517989045e-06, 'Fearful': 1.0673614951883792e-06, 'Happy': 0.0023604771122336388, 'Neutral': 0.9975631237030029, 'Other': 6.680371598122292e-07, 'Sad': 4.007204552181065e-05, 'Surprised': 1.8607299352879636e-05, 'Unknown': 4.0182791849474597e-07}",Glowing recommendation from Tiberius Stormwind.
TALIESIN,00:19:34,00:19:36,Neutral,"{'Angry': 0.0025076563470065594, 'Disgusted': 0.000975336239207536, 'Fearful': 9.318361844634637e-05, 'Happy': 0.00041719924774952233, 'Neutral': 0.9948543906211853, 'Other': 1.0527890481171198e-05, 'Sad': 0.0010323731694370508, 'Surprised': 0.00010180590470554307, 'Unknown': 7.544975687778788e-06}","I like that you two match, actually."
LAURA,00:19:36,00:19:49,Happy,"{'Angry': 0.0564463846385479, 'Disgusted': 0.02842201665043831, 'Fearful': 0.0018172543495893478, 'Happy': 0.38363194465637207, 'Neutral': 0.35749170184135437, 'Other': 0.02773873321712017, 'Sad': 0.02507760562002659, 'Surprised': 0.005305927712470293, 'Unknown': 0.1140684261918068}","The episode of Dread part 2 came out today-- of TableTop. It's so intense! You can watch it on Geek & Sundry. I'm not telling you anything, but it's very intense!"
TALIESIN,00:19:49,00:19:51,Neutral,"{'Angry': 0.030602864921092987, 'Disgusted': 0.03443380072712898, 'Fearful': 0.009295102208852768, 'Happy': 0.014797316864132881, 'Neutral': 0.8165275454521179, 'Other': 0.00090864731464535, 'Sad': 0.02777053974568844, 'Surprised': 0.05247154459357262, 'Unknown': 0.0131926778703928}",We can't talk about anything.
SAM,00:19:51,00:19:53,Neutral,"{'Angry': 5.080708547211543e-07, 'Disgusted': 6.510067009912746e-07, 'Fearful': 1.4666983361166785e-06, 'Happy': 3.351084387759329e-06, 'Neutral': 0.9999841451644897, 'Other': 9.639956033424824e-07, 'Sad': 2.97285737360653e-06, 'Surprised': 5.6892963584687095e-06, 'Unknown': 3.4935953863168834e-07}",Did we talk about the shirts?
ORION,00:19:53,00:19:55,Surprised,"{'Angry': 0.0005557326367124915, 'Disgusted': 0.0154192466288805, 'Fearful': 0.00035265847691334784, 'Happy': 0.00020031729945912957, 'Neutral': 0.005253005772829056, 'Other': 1.3813038094667718e-05, 'Sad': 7.381873729173094e-05, 'Surprised': 0.9781036376953125, 'Unknown': 2.7795089408755302e-05}",I don't think we did.
MATT,00:19:55,00:19:58,Fearful,"{'Angry': 0.010130340233445168, 'Disgusted': 0.021864188835024834, 'Fearful': 0.2563058137893677, 'Happy': 0.22043578326702118, 'Neutral': 0.16023489832878113, 'Other': 0.04211835563182831, 'Sad': 0.015559912659227848, 'Surprised': 0.050003137439489365, 'Unknown': 0.22334760427474976}","Let's get this on the road, then, so we can get into the story."
TRAVIS,00:19:58,00:20:01,Happy,"{'Angry': 3.442925162744359e-07, 'Disgusted': 1.798024527488451e-06, 'Fearful': 2.089064423671516e-07, 'Happy': 0.9999797344207764, 'Neutral': 6.534717613249086e-06, 'Other': 4.448301069714944e-07, 'Sad': 3.977070832661411e-07, 'Surprised': 8.161894271552228e-08, 'Unknown': 1.0360660780861508e-05}",(laughing) I don't want to live.
MATT,00:20:01,00:20:35,Happy,"{'Angry': 3.5710792656296064e-10, 'Disgusted': 1.7770965810015582e-09, 'Fearful': 4.3818418338226195e-10, 'Happy': 1.0, 'Neutral': 9.722102234377417e-09, 'Other': 1.5326719893238305e-09, 'Sad': 4.93698681935939e-09, 'Surprised': 3.932865144662401e-10, 'Unknown': 1.908329050337443e-09}","So. To get everyone caught up to where we are... The party was initially sent on a quest into the mountainous region beneath the dwarven city of Kraghammer to find a folk hero of the region named Lady Kima of Vord, who's a halfling paladin who had gone missing while on a vision quest that had apparently led her to some evil that was brewing beneath the city. As the party went in search of her, they ended up finding themselves climbing deeper and deeper into the Underdark, a very scary portion of the subterranean world, encountering numerous beasts and talking cellphones."
ORION,00:20:35,00:20:41,Neutral,"{'Angry': 1.2749347888529883e-07, 'Disgusted': 3.8239033273157474e-08, 'Fearful': 1.9171912057913687e-08, 'Happy': 1.399019993186812e-06, 'Neutral': 0.9999977350234985, 'Other': 3.783241098176404e-08, 'Sad': 4.04702291234571e-07, 'Surprised': 1.790293602255133e-08, 'Unknown': 5.7317159019021346e-08}",Sorry. (all laugh)
SAM,00:20:41,00:20:43,Neutral,"{'Angry': 0.0006567365489900112, 'Disgusted': 0.002490624552592635, 'Fearful': 0.0036647235974669456, 'Happy': 0.05598191171884537, 'Neutral': 0.9071957468986511, 'Other': 0.0012510563246905804, 'Sad': 0.020715951919555664, 'Surprised': 0.006334974430501461, 'Unknown': 0.0017082244157791138}",Disadvantage.
MATT,00:20:43,00:22:11,Happy,"{'Angry': 6.555844265676569e-06, 'Disgusted': 5.037161827203818e-05, 'Fearful': 1.1262603948125616e-05, 'Happy': 0.9996885061264038, 'Neutral': 0.00011049638851545751, 'Other': 2.843601214408409e-05, 'Sad': 6.815345113864169e-05, 'Surprised': 1.3359810509427916e-05, 'Unknown': 2.2945450837141834e-05}","Discovering that there was apparently an alliance that had been forged between the illithids, the mind flayers that lived down there, and the duergar, who normally are at odds. They've forged some sort of pact. Upon battling their way deeper into the cavernous regions below the lava-encrusted obsidian walls, they began to uncover a plot that apparently some monstrosity, some new dark leader by the name of K'Varn had been the one responsible for uniting them and currently resides in a temple in the center of the subterranean illithid city of Yug'Voril. You guys made your way down to what seems to be the cavern that contains the island that Yug'Voril resides upon. You manage to scavenge a few broken boats from the lake that surrounds the island. Percy repaired them, and you rode around the outskirts to what seemed to be some sort of a beach-side cavern. Upon entering the cavern, you found a partially-buried chest or container of some kind in what looks like a camp that had been destroyed and scattered, and a few rotting corpses against the walls. As you continued to inspect the area, the corpses began to rise from their sitting positions. With previous experience in the realm of undead, you, however, know that these eyes of these creatures carry far more intelligence than your run-of-the-mill zombie. And that was where we left off at this point in time, which requires a music change."
LAURA,00:22:11,00:22:13,Neutral,"{'Angry': 8.582486943353729e-10, 'Disgusted': 3.6722438978564753e-10, 'Fearful': 1.1271630850906433e-10, 'Happy': 4.9050932204863784e-09, 'Neutral': 1.0, 'Other': 1.1221542445261079e-10, 'Sad': 2.9129305634256752e-09, 'Surprised': 7.846176486303591e-11, 'Unknown': 6.881938352520933e-10}",Just right into it.
MATT,00:22:13,00:22:20,Neutral,"{'Angry': 3.8035330093832975e-14, 'Disgusted': 1.5943847279351097e-15, 'Fearful': 2.3697689581261817e-16, 'Happy': 5.0174182977856877e-14, 'Neutral': 1.0, 'Other': 4.702343111351651e-16, 'Sad': 1.1706414104143553e-13, 'Surprised': 2.5641132351595687e-14, 'Unknown': 1.267024810908807e-15}","Right in. We have a good number of the party that is still out in the boat that is being towed by Keyleth, currently in shark form."
TALIESIN,00:22:20,00:22:21,Neutral,"{'Angry': 0.0005093860672786832, 'Disgusted': 0.0011240739841014147, 'Fearful': 4.559016815619543e-05, 'Happy': 0.001655589323490858, 'Neutral': 0.9953213334083557, 'Other': 2.5096289846260333e-06, 'Sad': 0.0012061946326866746, 'Surprised': 0.00013402928016148508, 'Unknown': 1.338522338301118e-06}",We're in a boat.
ASHLEY,00:22:21,00:22:23,Neutral,"{'Angry': 7.096981562426663e-07, 'Disgusted': 4.91457328166689e-08, 'Fearful': 2.135227994415345e-08, 'Happy': 0.00046383996959775686, 'Neutral': 0.99953293800354, 'Other': 9.037520065646731e-09, 'Sad': 2.3819713987904834e-06, 'Surprised': 1.0801430505580356e-07, 'Unknown': 2.6695861077286054e-09}",I'm in a boat. I'm in a motherfucking boat.
MATT,00:22:23,00:22:27,Neutral,"{'Angry': 1.2288591368439516e-13, 'Disgusted': 4.136213500340307e-15, 'Fearful': 7.134338815552278e-16, 'Happy': 1.644514467094224e-13, 'Neutral': 1.0, 'Other': 5.279347778372793e-16, 'Sad': 3.4702332695792093e-13, 'Surprised': 5.4477174724412714e-14, 'Unknown': 2.278142545485487e-15}",There's Keyleth's shark form.
LAURA,00:22:27,00:22:29,Neutral,"{'Angry': 0.006720626726746559, 'Disgusted': 0.00017072264745365828, 'Fearful': 7.76354681875091e-06, 'Happy': 8.641800377517939e-05, 'Neutral': 0.9929128289222717, 'Other': 1.535870978841558e-05, 'Sad': 2.7387983209337108e-05, 'Surprised': 5.663343017658917e-06, 'Unknown': 5.324499943526462e-05}",Where? Awesome.
MATT,00:22:29,00:22:54,Neutral,"{'Angry': 1.4573627677913481e-12, 'Disgusted': 6.092617865294594e-14, 'Fearful': 1.4723902571353933e-14, 'Happy': 1.7527023669222652e-12, 'Neutral': 1.0, 'Other': 5.238586223610311e-15, 'Sad': 4.4916483726842316e-12, 'Surprised': 5.056406682246717e-13, 'Unknown': 3.5315819008324006e-14}","Right there. So in the cavern, I believe we had Vax, we had Scanlan. Tiberius and Vex on the flying carpet and are making their way down. You scouted ahead and began to check the interior before this happened. So, these creatures are now rising up off the ground, looking insidious in their expression, all glaring at you, as you're the most apparently-nearby individual. What are you doing?"
MATT,00:22:54,00:22:56,Neutral,"{'Angry': 5.0675650199553945e-14, 'Disgusted': 2.410580381953433e-15, 'Fearful': 3.6380300665610655e-16, 'Happy': 7.895961174394367e-14, 'Neutral': 1.0, 'Other': 7.364177500020588e-16, 'Sad': 1.8214021870605057e-13, 'Surprised': 3.468867920230871e-14, 'Unknown': 2.2092309095121925e-15}",And it's going to stay!
MATT,00:22:56,00:22:59,Neutral,"{'Angry': 4.975073863988655e-08, 'Disgusted': 7.118244838011378e-08, 'Fearful': 5.52135581699531e-08, 'Happy': 1.112483732867986e-05, 'Neutral': 0.9999864101409912, 'Other': 1.210572548870914e-07, 'Sad': 8.357962997251889e-07, 'Surprised': 3.896570621719775e-09, 'Unknown': 1.4178893934513326e-06}","Aw, damn it."
MATT,00:22:59,00:23:11,Neutral,"{'Angry': 5.1434963059537875e-12, 'Disgusted': 4.3211229950115837e-13, 'Fearful': 8.823294877927448e-14, 'Happy': 1.1068443904471703e-11, 'Neutral': 1.0, 'Other': 4.6755710468669026e-14, 'Sad': 2.1476043166046566e-11, 'Surprised': 1.7783687933717318e-12, 'Unknown': 1.8459681754099538e-13}","I was hoping it would bother you for the rest of the game. So, that being the case, we're jumping right into battle at the top of this game in the center of this beach-side cavern. Roll initiative, everybody."
LAURA,00:23:11,00:23:12,Happy,"{'Angry': 1.4241431017580908e-05, 'Disgusted': 2.9579609872598667e-06, 'Fearful': 1.0043188467534492e-06, 'Happy': 0.9828435182571411, 'Neutral': 0.017093420028686523, 'Other': 1.0491838793313946e-06, 'Sad': 1.884891935333144e-05, 'Surprised': 2.4726254196139053e-05, 'Unknown': 2.5922008717316203e-07}",God.
TRAVIS,00:23:12,00:23:19,Neutral,"{'Angry': 1.3412769430277277e-13, 'Disgusted': 5.4488680819968216e-15, 'Fearful': 9.504249651697124e-16, 'Happy': 1.8469329798181944e-13, 'Neutral': 1.0, 'Other': 9.841134771852657e-16, 'Sad': 4.567490049373069e-13, 'Surprised': 6.058352333259548e-14, 'Unknown': 4.224442993225157e-15}",Fuck yes.
TALIESIN,00:23:19,00:23:20,Neutral,"{'Angry': 0.053793296217918396, 'Disgusted': 0.009362272918224335, 'Fearful': 0.000912137737032026, 'Happy': 0.010520665906369686, 'Neutral': 0.8859010934829712, 'Other': 0.001566571183502674, 'Sad': 0.0016384066548198462, 'Surprised': 5.3835450671613216e-05, 'Unknown': 0.036251816898584366}",Bam.
SAM,00:23:20,00:23:26,Neutral,"{'Angry': 1.211924866018066e-10, 'Disgusted': 1.6494102958453105e-11, 'Fearful': 4.6307740628193095e-12, 'Happy': 2.754079186928493e-10, 'Neutral': 1.0, 'Other': 2.026240503508192e-12, 'Sad': 2.822823086390258e-10, 'Surprised': 2.7118659748359697e-11, 'Unknown': 1.2087660733461902e-11}",(wordless squeal)
MATT,00:23:26,00:23:29,Neutral,"{'Angry': 1.3677626157004852e-05, 'Disgusted': 1.1278194506303407e-05, 'Fearful': 3.6404669572220882e-06, 'Happy': 0.00038711572415195405, 'Neutral': 0.9994449019432068, 'Other': 1.0640378604875877e-05, 'Sad': 1.0921281500486657e-05, 'Surprised': 3.195709155079385e-07, 'Unknown': 0.00011746568634407595}","All right, so top of the round. Who's got 25 to 20? Anybody?"
MATT,00:23:29,00:23:33,Neutral,"{'Angry': 0.00017501506954431534, 'Disgusted': 3.2688560168026015e-05, 'Fearful': 1.8237743688587216e-06, 'Happy': 0.00014604257012251765, 'Neutral': 0.9995357990264893, 'Other': 1.063868694473058e-05, 'Sad': 1.2968775990884751e-05, 'Surprised': 1.616770930468192e-07, 'Unknown': 8.485594298690557e-05}",Ooh! Percy with the rolls.
"TRAVIS, LAURA",00:23:33,00:23:36,Neutral,"{'Angry': 2.301962093165244e-10, 'Disgusted': 7.275873653567189e-11, 'Fearful': 1.5818114179610987e-11, 'Happy': 5.037914529992804e-09, 'Neutral': 1.0, 'Other': 1.46052753224879e-11, 'Sad': 4.308868817304301e-09, 'Surprised': 1.386960685190175e-10, 'Unknown': 6.03444308411305e-11}",20.
MATT,00:23:36,00:23:44,Neutral,"{'Angry': 1.8870703399898048e-07, 'Disgusted': 5.991666398585949e-07, 'Fearful': 1.5013588949841505e-07, 'Happy': 2.2168003852129914e-05, 'Neutral': 0.9999659061431885, 'Other': 6.363270586007275e-07, 'Sad': 3.3951187106140424e-06, 'Surprised': 5.942969227845651e-09, 'Unknown': 6.9524335231108125e-06}",20 and 20 for Grog and Vex. All right. 20 to 15?
MATT,00:23:44,00:23:49,Happy,"{'Angry': 5.7473494052828755e-06, 'Disgusted': 1.7706728613120504e-05, 'Fearful': 2.265484454255784e-06, 'Happy': 0.9903619289398193, 'Neutral': 0.009512297809123993, 'Other': 8.192753739422187e-06, 'Sad': 4.974232069798745e-05, 'Surprised': 4.520094989857171e-06, 'Unknown': 3.766761801671237e-05}",16 for Tiberius.
MATT,00:23:49,00:23:52,Neutral,"{'Angry': 2.0910671082674526e-05, 'Disgusted': 1.1973374057561159e-05, 'Fearful': 5.185373083804734e-06, 'Happy': 0.0020602999720722437, 'Neutral': 0.997531533241272, 'Other': 7.149181328713894e-05, 'Sad': 3.723047484527342e-05, 'Surprised': 3.883066881371633e-07, 'Unknown': 0.00026096083456650376}",15 to ten?
MATT,00:23:52,00:23:55,Neutral,"{'Angry': 2.158289172382588e-11, 'Disgusted': 2.1790735448695697e-12, 'Fearful': 3.931082076611553e-13, 'Happy': 7.918671968143443e-11, 'Neutral': 1.0, 'Other': 1.5416080955191203e-13, 'Sad': 5.965834770638168e-11, 'Surprised': 7.378631559917803e-12, 'Unknown': 1.1867341961555034e-12}",A really strong 13 for Vax.
MATT,00:23:55,00:24:01,Neutral,"{'Angry': 0.0005321825738064945, 'Disgusted': 0.0006493682158179581, 'Fearful': 0.00032898978679440916, 'Happy': 0.06531578302383423, 'Neutral': 0.9279713034629822, 'Other': 0.0003696124767884612, 'Sad': 0.0013664113357663155, 'Surprised': 0.00016035983571782708, 'Unknown': 0.0033060202840715647}",All right.
SAM,00:24:01,00:24:02,Happy,"{'Angry': 1.660161452754494e-10, 'Disgusted': 1.5181586543455694e-10, 'Fearful': 3.535422302136659e-11, 'Happy': 1.0, 'Neutral': 1.5661240082565087e-09, 'Other': 4.826180011185954e-10, 'Sad': 9.60333479405051e-10, 'Surprised': 9.56682094654937e-11, 'Unknown': 2.643311958205885e-11}",Me and Pike. Worst rollers in the game.
MATT,00:24:02,00:24:05,Happy,"{'Angry': 1.6256450408036471e-06, 'Disgusted': 4.738098198231455e-07, 'Fearful': 4.3559376194934885e-07, 'Happy': 0.9999924898147583, 'Neutral': 5.078474600850313e-07, 'Other': 1.2279573979867564e-07, 'Sad': 1.8555693941380014e-06, 'Surprised': 2.4993739771161927e-06, 'Unknown': 1.9387963234862582e-08}",(laughs) Don't say that. You got this. You'll be fine.
SAM,00:24:05,00:24:07,Neutral,"{'Angry': 0.01274728775024414, 'Disgusted': 0.00328130554407835, 'Fearful': 0.0023735028225928545, 'Happy': 0.03967510536313057, 'Neutral': 0.9320771098136902, 'Other': 0.00010342390305595472, 'Sad': 0.0048623220063745975, 'Surprised': 0.004439891781657934, 'Unknown': 0.00044006999814882874}","Well, we roll well when it counts."
ASHLEY,00:24:07,00:24:10,Neutral,"{'Angry': 7.092493433447089e-06, 'Disgusted': 5.54681355424691e-06, 'Fearful': 8.648528933008492e-07, 'Happy': 0.0007685756427235901, 'Neutral': 0.9991785883903503, 'Other': 1.766107857292809e-06, 'Sad': 3.2000050850911066e-05, 'Surprised': 4.907647507934598e-06, 'Unknown': 5.909281526328414e-07}","Yeah, but for initiative, we always roll less."
MATT,00:24:10,00:24:16,Happy,"{'Angry': 8.834730579110328e-06, 'Disgusted': 1.3020165170019027e-05, 'Fearful': 3.0258288461482152e-06, 'Happy': 0.9996145963668823, 'Neutral': 0.0002514236548449844, 'Other': 5.795222932647448e-06, 'Sad': 1.5516365237999707e-05, 'Surprised': 1.3206857829572982e-06, 'Unknown': 8.64220128278248e-05}","Well, that's the plate armor and-- I don't know why. And what have you guys got, initiative-wise?"
ASHLEY,00:24:16,00:24:19,Neutral,"{'Angry': 0.000527374679222703, 'Disgusted': 0.011205221526324749, 'Fearful': 6.193731678649783e-05, 'Happy': 0.00789268221706152, 'Neutral': 0.9795669913291931, 'Other': 1.8797874872689135e-05, 'Sad': 0.00036048266338184476, 'Surprised': 0.00029855407774448395, 'Unknown': 6.81012897985056e-05}","Oh, wow. I got seven."
MATT,00:24:19,00:24:27,Neutral,"{'Angry': 1.5502918772943713e-13, 'Disgusted': 5.8313940902074944e-15, 'Fearful': 1.0443871770415792e-15, 'Happy': 2.0128117109250582e-13, 'Neutral': 1.0, 'Other': 9.491097347608633e-16, 'Sad': 5.012064439695318e-13, 'Surprised': 6.501188611974032e-14, 'Unknown': 4.227474100626906e-15}","Pike, then Scanlan. All right, so top of the round. Percy, you're out in the ship. Are you going to stay on the ship?"
MATT,00:24:27,00:24:29,Neutral,"{'Angry': 1.7375631369918182e-13, 'Disgusted': 6.240012524841862e-15, 'Fearful': 1.0738752526716984e-15, 'Happy': 2.4963229183425084e-13, 'Neutral': 1.0, 'Other': 5.935436205909924e-16, 'Sad': 4.4057612376066646e-13, 'Surprised': 7.132577135252754e-14, 'Unknown': 3.1343736352722586e-15}",(laughs)
TALIESIN,00:24:29,00:24:31,Neutral,"{'Angry': 3.239442847302598e-08, 'Disgusted': 5.0788697691928064e-09, 'Fearful': 1.0369647363006607e-09, 'Happy': 1.199329773271529e-07, 'Neutral': 0.9999998807907104, 'Other': 2.77253636715713e-10, 'Sad': 2.529341536217089e-08, 'Surprised': 5.298230298933504e-09, 'Unknown': 4.741561032695074e-10}",(garbled) These cookies are really good!
MATT,00:24:31,00:24:33,Neutral,"{'Angry': 1.9912041793190838e-08, 'Disgusted': 3.5449961188760426e-08, 'Fearful': 1.469537935783194e-09, 'Happy': 1.68042468828844e-08, 'Neutral': 1.0, 'Other': 5.458225871279865e-09, 'Sad': 7.190620987529428e-09, 'Surprised': 7.173740490529212e-10, 'Unknown': 1.0024211682946316e-08}",I know. Timing is everything. What are you doing? Quick!
TALIESIN,00:24:33,00:24:45,Neutral,"{'Angry': 1.7716923848137833e-12, 'Disgusted': 7.73109468154079e-14, 'Fearful': 1.7763974969817187e-14, 'Happy': 1.913724387292426e-12, 'Neutral': 1.0, 'Other': 5.875336888961627e-15, 'Sad': 4.921466446178302e-12, 'Surprised': 5.504308489036325e-13, 'Unknown': 4.313964550167748e-14}",I'm going to tug on the rope three times in succession to let our shark friend know that it's time to boogie. I'm going to take the rope. I'm going to jump out of the boat. Is there anything to tie the rope to?
MATT,00:24:45,00:24:56,Neutral,"{'Angry': 1.168621536346004e-11, 'Disgusted': 6.396409552196503e-13, 'Fearful': 1.5268713485401542e-13, 'Happy': 3.768774528567498e-11, 'Neutral': 1.0, 'Other': 4.6377872787821406e-14, 'Sad': 3.200250481283362e-11, 'Surprised': 4.3963365933819e-12, 'Unknown': 2.470917893036828e-13}","This beach is just gravel. There's no particular physical element. Maybe on the far end, there might be a part of the wall, but it's going to be an awkward hinge, and there's really nowhere to latch--"
TALIESIN,00:24:56,00:25:00,Neutral,"{'Angry': 8.305308440981207e-09, 'Disgusted': 6.518203310434956e-09, 'Fearful': 1.1584274650644488e-09, 'Happy': 1.7815366959439416e-08, 'Neutral': 1.0, 'Other': 3.3541445176865636e-09, 'Sad': 5.0143817986736394e-08, 'Surprised': 6.727893242519656e-10, 'Unknown': 1.0925892190982722e-08}",Is there something that if I had an adhesive that I could--
MATT,00:25:00,00:25:09,Neutral,"{'Angry': 4.62780725199452e-12, 'Disgusted': 4.2124108563280915e-13, 'Fearful': 1.470729462695053e-13, 'Happy': 1.0798420317648105e-11, 'Neutral': 1.0, 'Other': 3.557081997116081e-14, 'Sad': 2.3936196774654306e-11, 'Surprised': 3.768959536826211e-12, 'Unknown': 1.24172821005554e-13}","Well, if you have an adhesive, you might be able to stick it to the wall at the far end of the beach-- the cavern wall that you're up against-- but there's nothing actually on the beach floor at all."
TALIESIN,00:25:09,00:25:25,Neutral,"{'Angry': 4.833935335346595e-11, 'Disgusted': 9.835300109062306e-12, 'Fearful': 4.3855912824908305e-12, 'Happy': 9.314189003406526e-11, 'Neutral': 1.0, 'Other': 1.0041337336272327e-12, 'Sad': 3.970445361378694e-10, 'Surprised': 4.78772542444883e-11, 'Unknown': 8.497078908542566e-12}","I'm going to attempt to take the piece of rope, place it against the wall, and take an ice shot slightly above the rope and freeze it to the wall."
MATT,00:25:25,00:25:49,Happy,"{'Angry': 1.728182178339921e-05, 'Disgusted': 6.443796155508608e-05, 'Fearful': 4.071877810929436e-06, 'Happy': 0.9991280436515808, 'Neutral': 0.000636518350802362, 'Other': 3.838262637145817e-05, 'Sad': 2.64531063294271e-05, 'Surprised': 3.4946931464219233e-06, 'Unknown': 8.137949043884873e-05}","Okay. So as you hold it up, you line up your enchanted ice chamber of your Pepperbox, fire, and with an extremely loud echoing (gun noise) gun shot sound throughout the cavern, you see a blast. The bullet itself ricochets and spins off into the distance, into the darkness, but you do see left behind, where part of the rock has chiseled from the impact, ice has coalesced and cracked and has, for the time being, held the rope to the edge of the cavern."
TALIESIN,00:25:49,00:25:51,Neutral,"{'Angry': 2.8919712846686707e-08, 'Disgusted': 1.67922227234385e-08, 'Fearful': 1.618889022836356e-08, 'Happy': 1.2195636145406752e-06, 'Neutral': 0.9999898672103882, 'Other': 1.9494668990205355e-08, 'Sad': 8.111099305097014e-06, 'Surprised': 7.859428023948567e-07, 'Unknown': 2.008047950141645e-09}","I'm running in, for the rest of my movement."
MATT,00:25:51,00:26:07,Happy,"{'Angry': 3.747746557536402e-09, 'Disgusted': 7.277685121209743e-09, 'Fearful': 3.94797350367071e-09, 'Happy': 0.9999998807907104, 'Neutral': 1.9492446767799265e-08, 'Other': 6.162417243160689e-09, 'Sad': 4.197246994408488e-08, 'Surprised': 5.388382184889906e-09, 'Unknown': 2.9352953401229342e-09}","All right, so Percy is there. Percy, it's going to take you a few rounds to get there. It's long, winding pathway, but you're in the process of making your way there. All right, great, so that brings us to Grog and Vex. Grog and Vex, what have you got?"
LAURA,00:26:07,00:26:10,Neutral,"{'Angry': 0.0073593067936599255, 'Disgusted': 0.0012227180413901806, 'Fearful': 0.00032427458791062236, 'Happy': 0.022740904241800308, 'Neutral': 0.959267258644104, 'Other': 0.0012923519825562835, 'Sad': 0.0007585685816593468, 'Surprised': 0.00011564473243197426, 'Unknown': 0.0069189490750432014}","Well, you're outside. You can go."
TRAVIS,00:26:10,00:26:12,Neutral,"{'Angry': 0.011160346679389477, 'Disgusted': 0.024717489257454872, 'Fearful': 0.011685177683830261, 'Happy': 0.3288586139678955, 'Neutral': 0.4764458239078522, 'Other': 0.0018124873749911785, 'Sad': 0.019396677613258362, 'Surprised': 0.03447800129652023, 'Unknown': 0.09144534915685654}",Is the boat beached on the shore yet?
MATT,00:26:12,00:26:20,Happy,"{'Angry': 0.0004882971406914294, 'Disgusted': 0.0017635023687034845, 'Fearful': 0.0006772950291633606, 'Happy': 0.964866042137146, 'Neutral': 0.010050121694803238, 'Other': 0.00043995658052153885, 'Sad': 0.0006749833701178432, 'Surprised': 0.00012482720194384456, 'Unknown': 0.020915044471621513}","No, the boat is not beached. The rope that the boat is attached to is currently attached to the wall, so it's anchored."
ASHLEY,00:26:20,00:26:22,Neutral,"{'Angry': 1.4886782082612626e-05, 'Disgusted': 1.0706361535994802e-05, 'Fearful': 4.969909423380159e-05, 'Happy': 0.0021712672896683216, 'Neutral': 0.9976045489311218, 'Other': 7.276220003404887e-06, 'Sad': 5.341737414710224e-05, 'Surprised': 7.320428267121315e-05, 'Unknown': 1.5027340850792825e-05}",And I'm in the boat?
MATT,00:26:22,00:26:28,Neutral,"{'Angry': 0.0006421838188543916, 'Disgusted': 0.0004442541394382715, 'Fearful': 5.681609036400914e-05, 'Happy': 0.35134172439575195, 'Neutral': 0.6434111595153809, 'Other': 0.0004655699012801051, 'Sad': 0.0005117614637129009, 'Surprised': 2.0791236238437705e-05, 'Unknown': 0.0031058082822710276}","You're in the boat. Grog's in the boat. Clarota, Kima..."
TRAVIS,00:26:28,00:26:36,Happy,"{'Angry': 1.6041384887088839e-09, 'Disgusted': 3.811705617806638e-09, 'Fearful': 3.27898375118707e-09, 'Happy': 1.0, 'Neutral': 2.7262396784522025e-09, 'Other': 1.7570831456481528e-09, 'Sad': 7.024251846843299e-09, 'Surprised': 1.6578016737156531e-09, 'Unknown': 2.3640753799014647e-09}","I would like to bust out at a full dead sprint after Percy. ""There's no blood being had without me!"""
MATT,00:26:36,00:26:46,Neutral,"{'Angry': 1.145807573266211e-06, 'Disgusted': 1.0386156645836309e-06, 'Fearful': 1.4208295340267796e-07, 'Happy': 0.00044510100269690156, 'Neutral': 0.9995409250259399, 'Other': 1.6042716879383079e-06, 'Sad': 3.949533038394293e-06, 'Surprised': 1.1259813703645705e-07, 'Unknown': 5.972319286229322e-06}","As Grog leaps out, (sploosh) splashing. It's shallow at this point. You're about waist deep in the water. You trudge up to the shore, run across the gravel beach, and start heading straight into the cavern after Percy."
TRAVIS,00:26:46,00:26:47,Neutral,"{'Angry': 0.0028531451243907213, 'Disgusted': 0.0028320448473095894, 'Fearful': 0.0002465906145516783, 'Happy': 0.009407606907188892, 'Neutral': 0.9813947677612305, 'Other': 2.431400389468763e-05, 'Sad': 0.0007732373778708279, 'Surprised': 0.002441361313685775, 'Unknown': 2.697412492125295e-05}",Screaming.
MATT,00:26:47,00:26:57,Neutral,"{'Angry': 2.649323468939535e-11, 'Disgusted': 2.5899703388898576e-12, 'Fearful': 9.424259332993512e-13, 'Happy': 6.055103640711934e-11, 'Neutral': 1.0, 'Other': 2.412731201894419e-13, 'Sad': 9.588559807260921e-11, 'Surprised': 1.8034729959426343e-11, 'Unknown': 2.249046652039177e-12}","Yelling into the cavern, a big old goliath scream. Laser pointer if anyone needs it, by the way. There you go. All right, that brings us to Vex."
LAURA,00:26:57,00:26:59,Neutral,"{'Angry': 0.00038995512295514345, 'Disgusted': 0.00053010432748124, 'Fearful': 9.897996642393991e-05, 'Happy': 0.0005965291638858616, 'Neutral': 0.9967051148414612, 'Other': 7.323369209188968e-05, 'Sad': 0.0006137805175967515, 'Surprised': 3.7089743273099884e-05, 'Unknown': 0.000955181079916656}",Which one looks biggest?
MATT,00:26:59,00:27:02,Neutral,"{'Angry': 9.116242694062748e-08, 'Disgusted': 2.4702544010324345e-08, 'Fearful': 2.835257717492823e-08, 'Happy': 1.1648987765511265e-06, 'Neutral': 0.9999978542327881, 'Other': 5.655531043480266e-10, 'Sad': 6.221544595064188e-07, 'Surprised': 2.6816698550646834e-07, 'Unknown': 4.3866740795373005e-10}","You're still on top of the flying carpet, the three of you."
LAURA,00:27:02,00:27:06,Neutral,"{'Angry': 4.976749568008643e-10, 'Disgusted': 2.07777808847176e-10, 'Fearful': 4.766749842066709e-11, 'Happy': 2.3281432337540764e-09, 'Neutral': 1.0, 'Other': 2.314093361377445e-11, 'Sad': 1.560479523377012e-09, 'Surprised': 2.198047993617891e-10, 'Unknown': 5.0818016461562365e-11}",Does one of the ghouls look scarier than the others?
MATT,00:27:06,00:27:18,Neutral,"{'Angry': 1.2823259121219621e-09, 'Disgusted': 1.162537732746216e-09, 'Fearful': 2.4234764195441016e-10, 'Happy': 7.429213244591892e-09, 'Neutral': 1.0, 'Other': 4.794243335659587e-10, 'Sad': 1.0812493123069089e-08, 'Surprised': 1.6027560389986206e-09, 'Unknown': 2.3260247894452135e-10}","Best you can tell, there are three that all look similar in stature. There's one over here that is generally larger, taller, more lanky, and appears to have a semblance of armor on him still. And he almost seems to be giving looks and silent commands to the others."
LAURA,00:27:18,00:27:21,Neutral,"{'Angry': 0.0002158666611649096, 'Disgusted': 0.0002974440576508641, 'Fearful': 0.00011270575487287715, 'Happy': 0.004624606110155582, 'Neutral': 0.9924863576889038, 'Other': 0.00012008648627670482, 'Sad': 0.0002362264203839004, 'Surprised': 6.617900362471119e-05, 'Unknown': 0.0018405669834464788}",He's a master zombie. Hunter's Mark him.
MATT,00:27:21,00:27:23,Neutral,"{'Angry': 1.0669695127418777e-09, 'Disgusted': 1.4346630827777318e-10, 'Fearful': 1.835997499866071e-11, 'Happy': 6.554465858954472e-10, 'Neutral': 1.0, 'Other': 2.905363449823284e-12, 'Sad': 8.637352499896167e-10, 'Surprised': 6.745789343787223e-11, 'Unknown': 1.5259411789703137e-11}",What's the range on Hunter's Mark? You're back here.
LAURA,00:27:23,00:27:31,Happy,"{'Angry': 0.0009844368323683739, 'Disgusted': 0.0030814490746706724, 'Fearful': 0.007079634815454483, 'Happy': 0.9275737404823303, 'Neutral': 0.03845011442899704, 'Other': 0.0004384149797260761, 'Sad': 0.0021835663355886936, 'Surprised': 0.0007064368692226708, 'Unknown': 0.019502200186252594}",I did it!
MATT,00:27:31,00:27:33,Neutral,"{'Angry': 7.63003722703548e-12, 'Disgusted': 5.398679550280838e-13, 'Fearful': 1.8159699276005387e-13, 'Happy': 1.0754884829933253e-11, 'Neutral': 1.0, 'Other': 4.571723791093989e-14, 'Sad': 3.1659119770210964e-11, 'Surprised': 4.247718930067146e-12, 'Unknown': 1.53279759761496e-13}","Yeah, you can get there."
LAURA,00:27:33,00:27:42,Happy,"{'Angry': 1.902692048361132e-08, 'Disgusted': 6.545674580138439e-08, 'Fearful': 2.9298922399334515e-08, 'Happy': 0.9999995231628418, 'Neutral': 5.662745294898741e-08, 'Other': 5.2870657185621894e-08, 'Sad': 3.318426777809691e-08, 'Surprised': 1.0155769558650718e-07, 'Unknown': 7.611414076791334e-08}","Okay, good. Well, I don't need it because I'm going to Conjure Barrage a cone at them all once he's Hunter's Marked."
SAM,00:27:42,00:27:45,Happy,"{'Angry': 0.23765726387500763, 'Disgusted': 0.006469364743679762, 'Fearful': 0.0013252784265205264, 'Happy': 0.3733117878437042, 'Neutral': 0.3071584403514862, 'Other': 0.014557994902133942, 'Sad': 0.0024643370416015387, 'Surprised': 0.0006715482450090349, 'Unknown': 0.05638396739959717}",Barrage a cone? Sounds like an Italian porn guy.
MATT,00:27:45,00:27:48,Neutral,"{'Angry': 0.014564991928637028, 'Disgusted': 0.017919996753335, 'Fearful': 0.00639435974881053, 'Happy': 0.17799586057662964, 'Neutral': 0.634589672088623, 'Other': 0.0043314602226018906, 'Sad': 0.004184342920780182, 'Surprised': 0.00258613470941782, 'Unknown': 0.13743320107460022}",Hunter's Mark on that one.
LAURA,00:27:48,00:27:51,Happy,"{'Angry': 0.0029539167881011963, 'Disgusted': 0.006328416056931019, 'Fearful': 0.005905988160520792, 'Happy': 0.5973330140113831, 'Neutral': 0.34263017773628235, 'Other': 0.00047053085290826857, 'Sad': 0.0033694079611450434, 'Surprised': 0.004011101089417934, 'Unknown': 0.03699738159775734}",While I whistle for Trinket to get his butt in.
MATT,00:27:51,00:28:02,Happy,"{'Angry': 0.01427367702126503, 'Disgusted': 0.033516570925712585, 'Fearful': 0.0034914936404675245, 'Happy': 0.6292104125022888, 'Neutral': 0.10693465173244476, 'Other': 0.0863553136587143, 'Sad': 0.002083112020045519, 'Surprised': 0.013061030767858028, 'Unknown': 0.11107372492551804}","Trinket's ears perk up from the distance. He can hear your whistle echoing through the cavern on the beach side. He stumbles out of the boat, (sploosh) big splash, and chases after Grog."
LAURA,00:28:02,00:28:04,Neutral,"{'Angry': 0.09570096433162689, 'Disgusted': 0.000989327672868967, 'Fearful': 2.9690670999116264e-05, 'Happy': 0.014885932207107544, 'Neutral': 0.8879023790359497, 'Other': 3.160350752295926e-05, 'Sad': 0.00010738189303083345, 'Surprised': 0.0003356612578500062, 'Unknown': 1.70411731232889e-05}","Okay, and then I Conjure Barrage."
MATT,00:28:04,00:28:10,Neutral,"{'Angry': 6.967831041038153e-07, 'Disgusted': 6.939349077583756e-07, 'Fearful': 4.254900147770968e-07, 'Happy': 2.3733443867968163e-06, 'Neutral': 0.9999823570251465, 'Other': 1.7056964907169458e-07, 'Sad': 1.256202085642144e-05, 'Surprised': 9.811800794068404e-08, 'Unknown': 5.760256840403599e-07}","All wet and soaked, the fur pushed against the body. Conjure Barrage. What's the range of that?"
LAURA,00:28:10,00:28:12,Neutral,"{'Angry': 7.356113940204523e-08, 'Disgusted': 5.222578280950074e-08, 'Fearful': 7.661527412494706e-09, 'Happy': 5.102008913127065e-07, 'Neutral': 0.9999991655349731, 'Other': 2.3817349870114413e-08, 'Sad': 1.4942139614504413e-07, 'Surprised': 2.772419627206091e-09, 'Unknown': 9.129617950520696e-08}",It's a 60-foot cone.
MATT,00:28:12,00:28:17,Neutral,"{'Angry': 0.00017572814249433577, 'Disgusted': 0.0002971010108012706, 'Fearful': 9.054702968569472e-05, 'Happy': 0.08043775707483292, 'Neutral': 0.9167687296867371, 'Other': 9.637945186113939e-05, 'Sad': 0.0005021935794502497, 'Surprised': 2.8232065233169124e-05, 'Unknown': 0.001603216165676713}",You are quite a distance from most of them. You might have to hop off the flying carpet.
LAURA,00:28:17,00:28:18,Neutral,"{'Angry': 0.00010681145795388147, 'Disgusted': 0.0002331404248252511, 'Fearful': 1.9803634131676517e-05, 'Happy': 0.45862725377082825, 'Neutral': 0.5399758219718933, 'Other': 0.00028935031150467694, 'Sad': 0.00019594430341385305, 'Surprised': 4.501231524045579e-05, 'Unknown': 0.0005068497266620398}",I will?!
ORION,00:28:18,00:28:22,Happy,"{'Angry': 0.009281893260776997, 'Disgusted': 0.01295634638518095, 'Fearful': 0.002187162870541215, 'Happy': 0.5796902775764465, 'Neutral': 0.2958603799343109, 'Other': 0.0031611116137355566, 'Sad': 0.0025103006046265364, 'Surprised': 0.0021043007727712393, 'Unknown': 0.09224814176559448}","She can move it just fine. Just think, ""forward."""
LAURA,00:28:22,00:28:25,Neutral,"{'Angry': 0.0014811692526564002, 'Disgusted': 0.0006984338397160172, 'Fearful': 0.00014856104098726064, 'Happy': 0.00020373273582663387, 'Neutral': 0.9967471361160278, 'Other': 4.852765778196044e-05, 'Sad': 5.748858893639408e-05, 'Surprised': 1.8271604858455248e-05, 'Unknown': 0.0005966616445221007}",Can we fly the carpet forward?
MATT,00:28:25,00:28:28,Neutral,"{'Angry': 9.825727200190454e-14, 'Disgusted': 3.221310767637835e-15, 'Fearful': 5.903123487158949e-16, 'Happy': 1.2961874141289437e-13, 'Neutral': 1.0, 'Other': 6.027479570518905e-16, 'Sad': 3.0225103561480615e-13, 'Surprised': 4.986032000144948e-14, 'Unknown': 2.1996109445719886e-15}",You're currently not in control of the carpet. Tiberius is.
LAURA,00:28:28,00:28:34,Happy,"{'Angry': 0.007320945151150227, 'Disgusted': 0.010848076082766056, 'Fearful': 0.0007664134027436376, 'Happy': 0.5861223340034485, 'Neutral': 0.3283635675907135, 'Other': 0.004287092946469784, 'Sad': 0.000797457352746278, 'Surprised': 0.0005085315788164735, 'Unknown': 0.060985635966062546}",Can I delay until-- what's your initiative?
ORION,00:28:34,00:28:37,Happy,"{'Angry': 0.0043524205684661865, 'Disgusted': 0.013360749930143356, 'Fearful': 0.03776032477617264, 'Happy': 0.4356120824813843, 'Neutral': 0.1662454754114151, 'Other': 0.00113883544690907, 'Sad': 0.01328390371054411, 'Surprised': 0.000927208864595741, 'Unknown': 0.32731905579566956}","Well, 16, but that's fine."
LAURA,00:28:37,00:28:40,Neutral,"{'Angry': 2.9373288246148377e-09, 'Disgusted': 8.97574015112923e-10, 'Fearful': 1.6877048369945413e-10, 'Happy': 5.740744768445438e-08, 'Neutral': 1.0, 'Other': 1.8952045488518365e-10, 'Sad': 6.263642049475493e-09, 'Surprised': 5.38032840502467e-10, 'Unknown': 9.346315943403738e-10}",I'll delay until his. Can I do that?
MATT,00:28:40,00:28:57,Neutral,"{'Angry': 1.4931664845535542e-13, 'Disgusted': 4.487334491482106e-15, 'Fearful': 9.27608332790405e-16, 'Happy': 1.6720183722805648e-13, 'Neutral': 1.0, 'Other': 7.525912088551692e-16, 'Sad': 5.523818165029115e-13, 'Surprised': 5.663551970610213e-14, 'Unknown': 2.9543499113440395e-15}","You can do that. Vex delays on that. Grog's turn's ended. All right, so the undead take their turn. So as all the entities rise up, they all swarm in, rushing around with an unnatural speed."
LIAM,00:28:57,00:29:03,Neutral,"{'Angry': 3.10586489860043e-09, 'Disgusted': 9.256968525050979e-10, 'Fearful': 1.9542234497293975e-10, 'Happy': 7.518481481838535e-08, 'Neutral': 0.9999998807907104, 'Other': 2.5652238666573624e-10, 'Sad': 7.393095025065577e-09, 'Surprised': 5.212724141223646e-10, 'Unknown': 1.2430767526439013e-09}","Age ain't slowing them down nothing! Wow. Hi, fellas!"
MATT,00:29:03,00:29:11,Happy,"{'Angry': 9.991875771220293e-09, 'Disgusted': 8.40076097574638e-08, 'Fearful': 2.246178887332917e-08, 'Happy': 0.9999980926513672, 'Neutral': 9.84433199846535e-07, 'Other': 3.4328557774188084e-08, 'Sad': 9.579178339436112e-08, 'Surprised': 1.0672937200695287e-08, 'Unknown': 7.18015769507474e-07}","They all leap up. You see portions of their jaw dangling, with these sharp, awful blackened teeth that are broken and gnarled."
LIAM,00:29:11,00:29:14,Neutral,"{'Angry': 0.002730847103521228, 'Disgusted': 0.0004709361237473786, 'Fearful': 7.85246811574325e-05, 'Happy': 0.024535248056054115, 'Neutral': 0.9486278295516968, 'Other': 0.00010729470523074269, 'Sad': 0.00191040791105479, 'Surprised': 0.0215079914778471, 'Unknown': 3.092118276981637e-05}",I feel so popular!
MATT,00:29:14,00:29:24,Neutral,"{'Angry': 4.22864174232096e-12, 'Disgusted': 3.8042458723117067e-13, 'Fearful': 1.0192070305130654e-13, 'Happy': 6.0436547259790085e-12, 'Neutral': 1.0, 'Other': 3.74444331335648e-14, 'Sad': 2.4165882836491015e-11, 'Surprised': 2.2958473230166865e-12, 'Unknown': 1.407228961180021e-13}","You glance around suddenly as this darkened room, which you're able to make a little bit of light from Tiberius's light on the end of his staff. They move (whoosh) with a blur of speed, and they're right up in your face."
TALIESIN,00:29:24,00:29:27,Neutral,"{'Angry': 0.0023111137561500072, 'Disgusted': 0.0027265825774520636, 'Fearful': 0.0003315764188300818, 'Happy': 0.015043129213154316, 'Neutral': 0.8699739575386047, 'Other': 7.205735892057419e-05, 'Sad': 0.0010829390957951546, 'Surprised': 0.10841625928878784, 'Unknown': 4.243643707013689e-05}",28 Days Later zombies.
LAURA,00:29:27,00:29:31,Neutral,"{'Angry': 6.015585252150402e-11, 'Disgusted': 2.5634704862304014e-12, 'Fearful': 6.922370120697463e-13, 'Happy': 5.629087473923988e-11, 'Neutral': 1.0, 'Other': 9.682659947267414e-14, 'Sad': 5.4723548609247885e-11, 'Surprised': 8.061246982438153e-12, 'Unknown': 1.336588825728846e-12}","Oh, god. Get out of the middle of them."
MATT,00:29:31,00:29:41,Neutral,"{'Angry': 1.2756444789374655e-07, 'Disgusted': 7.621169473281952e-09, 'Fearful': 4.710875245450552e-09, 'Happy': 2.892239899665583e-05, 'Neutral': 0.999970555305481, 'Other': 9.480788376592386e-10, 'Sad': 2.600662298846146e-07, 'Surprised': 1.052877109941619e-07, 'Unknown': 4.64224464424845e-10}",First thing you notice: one of them is giving off an awful stench. The smell you smelled when you first entered the cavern is now so strong that it's nearly overpowering.
LIAM,00:29:41,00:29:42,Neutral,"{'Angry': 1.537171374366153e-05, 'Disgusted': 5.920552439420135e-07, 'Fearful': 5.113296310810256e-07, 'Happy': 1.8811448171618395e-05, 'Neutral': 0.9998698234558105, 'Other': 5.643362328555668e-07, 'Sad': 3.4778672670654487e-06, 'Surprised': 9.07211797311902e-05, 'Unknown': 7.842384519562984e-08}",Is there one specifically?
MATT,00:29:42,00:29:47,Neutral,"{'Angry': 5.3084160754224285e-05, 'Disgusted': 8.49359857966192e-05, 'Fearful': 1.4347335309139453e-05, 'Happy': 0.001974857645109296, 'Neutral': 0.9967396855354309, 'Other': 0.00016469761612825096, 'Sad': 2.1950721929897554e-05, 'Surprised': 0.00025983297382481396, 'Unknown': 0.0006866820040158927}","It's hard to find a source to it. However, you are taking a claw strike from each of them."
LIAM,00:29:47,00:29:48,Neutral,"{'Angry': 0.04859808459877968, 'Disgusted': 0.028894737362861633, 'Fearful': 0.0018142180051654577, 'Happy': 0.12315235286951065, 'Neutral': 0.40033990144729614, 'Other': 9.258460340788588e-05, 'Sad': 0.3851523995399475, 'Surprised': 0.011922575533390045, 'Unknown': 3.31179762724787e-05}","Oh, good."
MATT,00:29:48,00:29:54,Neutral,"{'Angry': 0.31807416677474976, 'Disgusted': 0.001300605945289135, 'Fearful': 0.0014410214498639107, 'Happy': 0.223160058259964, 'Neutral': 0.44492581486701965, 'Other': 8.561565482523292e-05, 'Sad': 0.0018668246921151876, 'Surprised': 0.009089299477636814, 'Unknown': 5.66473972867243e-05}",That is going to be a six. That misses.
LIAM,00:29:54,00:29:57,Happy,"{'Angry': 8.038346654970496e-10, 'Disgusted': 4.616054205541786e-09, 'Fearful': 1.1688590095815243e-09, 'Happy': 1.0, 'Neutral': 2.0140381806754704e-08, 'Other': 6.958254528122154e-10, 'Sad': 2.3684216809982672e-09, 'Surprised': 6.44867714783004e-10, 'Unknown': 2.0402911360406506e-08}",Yeah.
LIAM,00:29:57,00:29:59,Angry,"{'Angry': 0.9968193769454956, 'Disgusted': 6.763470446458086e-05, 'Fearful': 2.487138226570096e-05, 'Happy': 0.0028246890287846327, 'Neutral': 2.392051464994438e-05, 'Other': 2.892769316531485e-06, 'Sad': 0.00022256738157011569, 'Surprised': 1.1418190297263209e-05, 'Unknown': 2.688674612727482e-06}",Yeah.
LIAM,00:29:59,00:30:02,Angry,"{'Angry': 0.9999886751174927, 'Disgusted': 1.4498317568722996e-06, 'Fearful': 1.0000347572258761e-07, 'Happy': 4.543525847111596e-06, 'Neutral': 3.895407644449733e-06, 'Other': 2.7189868134769313e-08, 'Sad': 1.674933258755118e-07, 'Surprised': 1.1582835668377811e-06, 'Unknown': 6.288230380846471e-09}",Hell yeah.
MATT,00:30:02,00:30:13,Angry,"{'Angry': 0.9979835748672485, 'Disgusted': 0.00011043762060580775, 'Fearful': 2.326356934645446e-06, 'Happy': 0.000401578115997836, 'Neutral': 0.001466616173274815, 'Other': 1.5420664567500353e-05, 'Sad': 1.0956852747767698e-05, 'Surprised': 4.403506864036899e-06, 'Unknown': 4.59297007182613e-06}","All right. So, three claw strikes. You take seven points of slashing damage, another seven points of slashing damage, and then a ten, so that's a total of 24 points of slashing damage."
LIAM,00:30:13,00:30:14,Neutral,"{'Angry': 8.465626706311014e-06, 'Disgusted': 1.0388646842329763e-05, 'Fearful': 2.888911694753915e-06, 'Happy': 0.0008907903684303164, 'Neutral': 0.9989832043647766, 'Other': 8.202518415600935e-07, 'Sad': 1.1047705811506603e-05, 'Surprised': 9.210780990542844e-05, 'Unknown': 2.5103162215600605e-07}",Okay. (grunts)
MATT,00:30:14,00:30:32,Happy,"{'Angry': 2.85546059020092e-10, 'Disgusted': 1.5510847051203314e-09, 'Fearful': 1.8112448207929788e-09, 'Happy': 1.0, 'Neutral': 2.2634321084069597e-09, 'Other': 2.312035451979e-09, 'Sad': 9.477346907260653e-09, 'Surprised': 9.664966604816527e-10, 'Unknown': 1.925252401946409e-09}","As all these horribly-muddied and half-rotted claws start sinking past the armor into your flesh, the back of your neck. One catches you in the side. And it all happens so fast, you feel like you're almost spun around by the sheer force of the impact. I need you to make three constitution saving throws."
SAM,00:30:32,00:30:38,Happy,"{'Angry': 1.8117617628377047e-07, 'Disgusted': 5.003722662877408e-07, 'Fearful': 6.929931828381086e-08, 'Happy': 0.9999943971633911, 'Neutral': 1.892604018394195e-06, 'Other': 4.170640011125215e-07, 'Sad': 1.592142666595464e-07, 'Surprised': 5.429352967212253e-08, 'Unknown': 2.392571559539647e-06}",They've got poison or something. They've got poison magic.
LAURA,00:30:38,00:30:41,Neutral,"{'Angry': 0.0001270599168492481, 'Disgusted': 5.78695980948396e-05, 'Fearful': 8.253817213699222e-06, 'Happy': 0.0007338573923334479, 'Neutral': 0.9985973238945007, 'Other': 5.454225538414903e-05, 'Sad': 1.1603560778894462e-05, 'Surprised': 7.536053203693882e-07, 'Unknown': 0.0004087145789526403}",Okay. Plus your constitution.
LAURA,00:30:41,00:30:44,Neutral,"{'Angry': 0.14161129295825958, 'Disgusted': 0.0038919246289879084, 'Fearful': 0.0007092126761563122, 'Happy': 0.0028765189927071333, 'Neutral': 0.8331406116485596, 'Other': 0.0017561494605615735, 'Sad': 0.0002753137960098684, 'Surprised': 1.0743595339590684e-05, 'Unknown': 0.015728238970041275}",Oh really?!
MATT,00:30:44,00:30:47,Neutral,"{'Angry': 3.536899245704106e-11, 'Disgusted': 1.3180421381056573e-12, 'Fearful': 3.0474077037864755e-13, 'Happy': 4.539502801437223e-11, 'Neutral': 1.0, 'Other': 4.446933137480444e-14, 'Sad': 3.660088551682428e-11, 'Surprised': 6.624250193515424e-12, 'Unknown': 3.501662122155219e-13}",15.
MATT,00:30:47,00:30:49,Neutral,"{'Angry': 9.620137007004814e-07, 'Disgusted': 2.3799749726549635e-07, 'Fearful': 5.6017338323499644e-08, 'Happy': 5.161582976143109e-06, 'Neutral': 0.999992847442627, 'Other': 2.3752415145850136e-08, 'Sad': 5.898381800761854e-07, 'Surprised': 1.7024916587615735e-07, 'Unknown': 1.4638827039448188e-08}",All right.
MATT,00:30:49,00:30:50,Neutral,"{'Angry': 0.02081969939172268, 'Disgusted': 0.018200939521193504, 'Fearful': 0.00014805195678491145, 'Happy': 0.011871499940752983, 'Neutral': 0.9422726631164551, 'Other': 5.768891787738539e-05, 'Sad': 0.0022569510620087385, 'Surprised': 0.00434915954247117, 'Unknown': 2.3282880647457205e-05}",Okay.
MATT,00:30:50,00:31:09,Neutral,"{'Angry': 1.3487192473959908e-09, 'Disgusted': 1.7180507017044988e-09, 'Fearful': 1.0928882798744155e-10, 'Happy': 1.979705954724409e-09, 'Neutral': 1.0, 'Other': 3.2856245502088655e-10, 'Sad': 2.5759925303958653e-09, 'Surprised': 2.841860635705018e-10, 'Unknown': 3.0808122719605535e-10}","Okay. So, two of the impacts, you feel this sense of strange rot impeding upon your system, and you shrug it off, but one of them still manages to sift through, and your system seizes. You feel all the muscles in your body begin to tighten up, and suddenly you are unable to move. Your entire body is one tense, giant, flexing muscle, and you're unable to shift anywhere from your position."
LIAM,00:31:09,00:31:10,Angry,"{'Angry': 0.8554171323776245, 'Disgusted': 0.002957940101623535, 'Fearful': 0.006095381453633308, 'Happy': 0.0024938643909990788, 'Neutral': 0.00027203382342122495, 'Other': 0.0009063303004950285, 'Sad': 1.4173292584018782e-05, 'Surprised': 5.172515102458419e-06, 'Unknown': 0.13183802366256714}",(strained) Feels like rigor mortis.
MATT,00:31:10,00:31:12,Neutral,"{'Angry': 3.631269951398508e-09, 'Disgusted': 2.446653546428479e-09, 'Fearful': 7.066604523764397e-10, 'Happy': 1.798758830773295e-08, 'Neutral': 1.0, 'Other': 7.468051177461632e-10, 'Sad': 8.210725432888921e-09, 'Surprised': 9.179991766750106e-10, 'Unknown': 1.515729097789631e-09}","You're currently paralyzed, my friend."
LAURA,00:31:12,00:31:16,Unknown,"{'Angry': 0.0076658278703689575, 'Disgusted': 0.008148228749632835, 'Fearful': 0.008821947500109673, 'Happy': 0.020065048709511757, 'Neutral': 0.11193288862705231, 'Other': 0.0009094550041481853, 'Sad': 0.0003695066552609205, 'Surprised': 1.035987679642858e-06, 'Unknown': 0.8420860171318054}","Oh no, I can't do anything. You won't be able to dodge it."
MATT,00:31:16,00:31:19,Happy,"{'Angry': 1.0704909982450772e-05, 'Disgusted': 3.2970139727694914e-05, 'Fearful': 5.721014076698339e-06, 'Happy': 0.9974083304405212, 'Neutral': 0.002048203721642494, 'Other': 1.3670077350980137e-05, 'Sad': 6.606576062040403e-05, 'Surprised': 6.817480766585504e-07, 'Unknown': 0.00041369322570972145}","Yeah, all right. That brings us to Tiberius and Vex."
LIAM,00:31:19,00:31:21,Surprised,"{'Angry': 0.10245783627033234, 'Disgusted': 0.004217944107949734, 'Fearful': 0.00814273115247488, 'Happy': 0.004473194479942322, 'Neutral': 0.0006982763297855854, 'Other': 0.09960085898637772, 'Sad': 8.292612619698048e-05, 'Surprised': 0.7760343551635742, 'Unknown': 0.00429189158603549}",Send a fireball right here.
TRAVIS,00:31:21,00:31:25,Neutral,"{'Angry': 0.00010845826182048768, 'Disgusted': 0.00013722953735850751, 'Fearful': 0.00011665372585412115, 'Happy': 1.9186645658919588e-05, 'Neutral': 0.9993093013763428, 'Other': 3.822244707407663e-06, 'Sad': 0.00025882094632834196, 'Surprised': 3.0744497053092346e-05, 'Unknown': 1.574551970406901e-05}",That would be bad.
ORION,00:31:25,00:31:27,Neutral,"{'Angry': 0.0013846851652488112, 'Disgusted': 0.004254953470081091, 'Fearful': 0.00035674445098266006, 'Happy': 0.0005125695606693625, 'Neutral': 0.9906649589538574, 'Other': 0.0015798835083842278, 'Sad': 0.0005979902925901115, 'Surprised': 4.010419434052892e-05, 'Unknown': 0.000608241418376565}",How far away am I right now?
MATT,00:31:27,00:31:29,Neutral,"{'Angry': 3.486150308162905e-05, 'Disgusted': 2.5048177576536546e-06, 'Fearful': 6.188032557474799e-07, 'Happy': 0.00011221034947084263, 'Neutral': 0.9998325109481812, 'Other': 4.1088330249294813e-07, 'Sad': 1.5713490938651375e-05, 'Surprised': 3.853366479233955e-07, 'Unknown': 7.335573286582076e-07}",Right here? I'd say you're approximately--
ORION,00:31:29,00:31:34,Neutral,"{'Angry': 0.00013312447117641568, 'Disgusted': 1.3466874406731222e-06, 'Fearful': 2.1010239947827358e-07, 'Happy': 2.4488170311087742e-05, 'Neutral': 0.9998308420181274, 'Other': 3.7266659091983456e-08, 'Sad': 8.854795851220842e-06, 'Surprised': 1.0822435569934896e-06, 'Unknown': 2.282827971100687e-08}","Well, I'll move the carpet the minimum distance I have to for her to get in range."
MATT,00:31:34,00:31:36,Neutral,"{'Angry': 0.019992820918560028, 'Disgusted': 0.01506178081035614, 'Fearful': 0.0008506506565026939, 'Happy': 0.0040441351011395454, 'Neutral': 0.9501037001609802, 'Other': 0.0013200900284573436, 'Sad': 0.0026539103128015995, 'Surprised': 0.0009255810873582959, 'Unknown': 0.005047389306128025}",You can probably push it 20 feet. It's about there.
ORION,00:31:36,00:31:52,Angry,"{'Angry': 0.9723712801933289, 'Disgusted': 0.0016806123312562704, 'Fearful': 9.737909567775205e-05, 'Happy': 0.00474141351878643, 'Neutral': 0.02025752142071724, 'Other': 0.0003002830490004271, 'Sad': 0.00018706676200963557, 'Surprised': 0.00020355112792458385, 'Unknown': 0.00016090460121631622}","Okay, so that's where I'll stay. ""This doesn't look good."" I cast Obelisk of Stone on my dear friend. (fshh) I'm going to raise him up out of harm's way."
MATT,00:31:52,00:32:17,Neutral,"{'Angry': 3.161080286417928e-08, 'Disgusted': 3.273152060501161e-08, 'Fearful': 3.442311768964146e-09, 'Happy': 1.3078101801511366e-06, 'Neutral': 0.9999970197677612, 'Other': 1.062136334439856e-08, 'Sad': 1.5317170891648857e-06, 'Surprised': 3.9169790966298024e-08, 'Unknown': 2.202856341781967e-09}","All right. So, as you finish casting, you can see some of the actual sand that fills the bottom of this cave begins to swirl up in a wind around Tiberius's hands, and as he lifts his arms up, a single column of stone shakes and shifts out of the ground, lifting your paralyzed body 15 feet into the air. Thankfully, the actual cavern itself is about 25 feet tall, so it doesn't crush you against the ceiling."
ORION,00:32:17,00:32:21,Happy,"{'Angry': 4.582732344715623e-07, 'Disgusted': 1.451514094696904e-06, 'Fearful': 1.7559862897087442e-07, 'Happy': 0.999984860420227, 'Neutral': 6.660873623332009e-06, 'Other': 4.564543587548542e-07, 'Sad': 5.311501922733441e-07, 'Surprised': 2.588870984254754e-07, 'Unknown': 5.147831416252302e-06}","No, I only raise it about 20 feet."
MATT,00:32:21,00:32:33,Neutral,"{'Angry': 2.4069926439551637e-05, 'Disgusted': 1.0088601811730769e-06, 'Fearful': 4.6012832655151215e-08, 'Happy': 0.003899672534316778, 'Neutral': 0.9960660338401794, 'Other': 1.960196449601881e-08, 'Sad': 8.09346056485083e-06, 'Surprised': 1.0083465440402506e-06, 'Unknown': 4.298938982572054e-09}","It can only go 15 feet for level 3. Or 20. I'm sorry. 20 feet. So, you're barely brought up to the ceiling. It crests the top of your head, but not enough to actually crush you or do any damage. But you are seemingly out of harm's way from the current undead onslaught."
ORION,00:32:33,00:32:42,Neutral,"{'Angry': 2.0754089291585842e-06, 'Disgusted': 1.5948916853858464e-08, 'Fearful': 1.5825276644676478e-09, 'Happy': 1.763745984817433e-07, 'Neutral': 0.9999977350234985, 'Other': 3.2300975782995067e-10, 'Sad': 5.069792763379155e-08, 'Surprised': 9.085321828194992e-09, 'Unknown': 3.128008130293125e-10}","And then I go, ""That was a good idea!"" And then I spend three sorcerer points and I hock a fireball (fwoosh) at all those fuckers, too."
MATT,00:32:42,00:33:06,Neutral,"{'Angry': 2.298705112480093e-06, 'Disgusted': 2.92127629109018e-06, 'Fearful': 4.837003189095412e-07, 'Happy': 3.3568881917744875e-05, 'Neutral': 0.9999449253082275, 'Other': 2.923163037849008e-06, 'Sad': 7.898805051809177e-06, 'Surprised': 1.3188034699851414e-06, 'Unknown': 3.661547680167132e-06}","All right, so Tiberius, as you lift up the pillar with one hand, the dust settles and falls from your hand, and as it does this hand back here begins to coalesce this small bead of red burning energy. You fling it out with your off hand. It streaks across, hits the base of the pillar, and explodes with a blast of red fiery magical energy. Go ahead and roll damage. Your DC on that is 17, right?"
ORION,00:33:06,00:33:11,Neutral,"{'Angry': 9.280785207010922e-08, 'Disgusted': 1.3998179326790705e-07, 'Fearful': 3.923276281625476e-08, 'Happy': 3.4374231745459838e-06, 'Neutral': 0.9999953508377075, 'Other': 5.4833609652860105e-08, 'Sad': 7.689306471547752e-07, 'Surprised': 1.0370381886559699e-07, 'Unknown': 2.4904206696874098e-08}","Yes. Two, four, six. Is it six or eight?"
MATT,00:33:11,00:33:15,Neutral,"{'Angry': 5.5318313485486215e-08, 'Disgusted': 5.805051994656196e-09, 'Fearful': 2.5667054592837246e-10, 'Happy': 0.008417762815952301, 'Neutral': 0.9915816187858582, 'Other': 1.5738091385664177e-10, 'Sad': 5.43776195627288e-07, 'Surprised': 2.7607121921846556e-08, 'Unknown': 3.0161137476447664e-11}",They all failed their saving throw. It's 8d6.
SAM,00:33:15,00:33:23,Neutral,"{'Angry': 0.0001007835307973437, 'Disgusted': 2.0147752366028726e-05, 'Fearful': 7.437883482452889e-07, 'Happy': 9.485360351391137e-05, 'Neutral': 0.999723494052887, 'Other': 1.823307502490934e-05, 'Sad': 4.388173692859709e-06, 'Surprised': 5.035133767705702e-07, 'Unknown': 3.6853321944363415e-05}",8d6?! Jeez. Seems unfair.
MATT,00:33:23,00:33:26,Neutral,"{'Angry': 4.020520149986863e-14, 'Disgusted': 1.509953542543985e-15, 'Fearful': 2.260688584574365e-16, 'Happy': 5.412431096298194e-14, 'Neutral': 1.0, 'Other': 4.0395792700967674e-16, 'Sad': 1.2664751246425215e-13, 'Surprised': 2.510244480813037e-14, 'Unknown': 1.1023397948641792e-15}",Same damage your Lightning Bolt does.
SAM,00:33:26,00:33:31,Neutral,"{'Angry': 0.0010622440604493022, 'Disgusted': 0.0007113002939149737, 'Fearful': 7.53929780330509e-05, 'Happy': 0.0017188803758472204, 'Neutral': 0.9915449619293213, 'Other': 0.0006308716256171465, 'Sad': 8.998068369692191e-05, 'Surprised': 2.3571072233607993e-05, 'Unknown': 0.0041428254917263985}","Oh, you're right. Man, I'm a bad mama jama."
MATT,00:33:31,00:33:35,Happy,"{'Angry': 9.10946942878077e-11, 'Disgusted': 1.5870585401422943e-10, 'Fearful': 3.616136556860994e-11, 'Happy': 1.0, 'Neutral': 1.1892103968236256e-09, 'Other': 3.563742356771371e-11, 'Sad': 3.5574690415707266e-10, 'Surprised': 1.1695741597428366e-10, 'Unknown': 5.329705773937654e-11}",32 damage.
MATT,00:33:35,00:34:05,Neutral,"{'Angry': 8.439290866135707e-08, 'Disgusted': 1.1867707705448538e-08, 'Fearful': 2.0706858450125765e-09, 'Happy': 1.3434378161036875e-06, 'Neutral': 0.9999983310699463, 'Other': 2.491438610974228e-09, 'Sad': 6.53976357511965e-08, 'Surprised': 7.533268586712438e-08, 'Unknown': 5.28080523753971e-10}","So. As you guys are running into the cavern, you hear this loud, familiar explosion sound that has this weird dull thud. And then flaming heat. You see flickers of light from around the bend, and this wave of heat hits you. The explosion, as it finishes, you can see these three undead are completely incinerated and are left as burning cinders on the ground. This one's still standing. However, the force of the explosion also destroys the pillar from underneath."
ORION,00:34:05,00:34:07,Neutral,"{'Angry': 2.829994683040127e-09, 'Disgusted': 1.1601809513095418e-09, 'Fearful': 3.437471418621385e-10, 'Happy': 1.1847779646245726e-08, 'Neutral': 1.0, 'Other': 1.258017023886282e-10, 'Sad': 6.358907178594109e-09, 'Surprised': 4.5433340423173263e-10, 'Unknown': 8.045326072014802e-10}","Oh, shit. (all laugh)"
MATT,00:34:07,00:34:10,Happy,"{'Angry': 0.006255056243389845, 'Disgusted': 0.00010461480997037143, 'Fearful': 0.00015383203572127968, 'Happy': 0.9924389123916626, 'Neutral': 0.0003650496364571154, 'Other': 6.365284662024351e-06, 'Sad': 6.098049198044464e-05, 'Surprised': 0.0005917513626627624, 'Unknown': 2.3352780772256665e-05}",Causing him to fall.
ORION,00:34:10,00:34:14,Surprised,"{'Angry': 0.04999538138508797, 'Disgusted': 0.010899165645241737, 'Fearful': 0.14604252576828003, 'Happy': 0.10991868376731873, 'Neutral': 0.023519162088632584, 'Other': 0.0030316493939608335, 'Sad': 0.03489925339818001, 'Surprised': 0.5671685934066772, 'Unknown': 0.05452561378479004}","Hold on, as he falls-- do I still have a movement after this?"
MATT,00:34:14,00:34:20,Neutral,"{'Angry': 1.0898836990236305e-05, 'Disgusted': 2.469662285875529e-05, 'Fearful': 5.2782081183977425e-05, 'Happy': 2.0543220671243034e-05, 'Neutral': 0.9997908473014832, 'Other': 4.280837856640574e-06, 'Sad': 6.870026118122041e-05, 'Surprised': 1.4640163499279879e-05, 'Unknown': 1.2759006494889036e-05}","You used your movement to move the carpet, sorry."
MARISHA,00:34:20,00:34:22,Neutral,"{'Angry': 7.792685225403717e-13, 'Disgusted': 2.605634959640564e-14, 'Fearful': 6.6323306574392685e-15, 'Happy': 8.807510927175133e-13, 'Neutral': 1.0, 'Other': 2.621225829232553e-15, 'Sad': 2.506620345316124e-12, 'Surprised': 2.25427220835496e-13, 'Unknown': 1.8248923354976902e-14}",It's like the Tower of Terror.
LIAM,00:34:22,00:34:24,Neutral,"{'Angry': 0.0015334868803620338, 'Disgusted': 0.005246107932180166, 'Fearful': 0.002455443376675248, 'Happy': 0.13837848603725433, 'Neutral': 0.7686748504638672, 'Other': 0.0012000772403553128, 'Sad': 0.0017750407569110394, 'Surprised': 0.00037150783464312553, 'Unknown': 0.08036494255065918}",How much bludgeoning damage am I taking?
LIAM,00:34:24,00:34:26,Neutral,"{'Angry': 0.001488502835854888, 'Disgusted': 0.000496727938298136, 'Fearful': 9.92248606053181e-05, 'Happy': 0.000946065119933337, 'Neutral': 0.9865533709526062, 'Other': 0.00042424004641361535, 'Sad': 0.004505279008299112, 'Surprised': 2.7482351470098365e-06, 'Unknown': 0.005483745597302914}",Okay.
MATT,00:34:26,00:34:28,Neutral,"{'Angry': 0.0005747798131778836, 'Disgusted': 0.09000317007303238, 'Fearful': 9.459798457100987e-05, 'Happy': 0.0006909827352501452, 'Neutral': 0.7917213439941406, 'Other': 0.09830909222364426, 'Sad': 0.00013537475024349988, 'Surprised': 0.016106782481074333, 'Unknown': 0.0023638808634132147}","No, 1d6, because it's only a 20-foot fall."
LIAM,00:34:28,00:34:30,Neutral,"{'Angry': 1.7890257595354342e-06, 'Disgusted': 1.1375557278370252e-06, 'Fearful': 4.412318048707675e-06, 'Happy': 6.66159248794429e-05, 'Neutral': 0.9998546838760376, 'Other': 5.117253749631345e-07, 'Sad': 6.778335227863863e-05, 'Surprised': 2.2711064957547933e-06, 'Unknown': 7.09163316514605e-07}","Right, okay."
MATT,00:34:30,00:34:35,Neutral,"{'Angry': 1.659518772401114e-10, 'Disgusted': 2.308168933762289e-11, 'Fearful': 1.2130388707398687e-11, 'Happy': 2.795209619321781e-10, 'Neutral': 1.0, 'Other': 1.1378650842733262e-12, 'Sad': 6.119452167219208e-10, 'Surprised': 5.555829060699402e-11, 'Unknown': 2.9477309482217606e-11}","You're able to catch yourself, and it's also sand, so it's not too hard. All right, that finishes your turn?"
ORION,00:34:35,00:34:40,Neutral,"{'Angry': 2.1788636173081244e-10, 'Disgusted': 8.599208151105486e-12, 'Fearful': 2.211953927314103e-12, 'Happy': 1.4896726907576152e-10, 'Neutral': 1.0, 'Other': 2.7160248334233417e-13, 'Sad': 1.404648619640625e-10, 'Surprised': 1.5834021593885694e-11, 'Unknown': 1.7889695801132088e-12}","It certainly does. ""Vex, would you finish that bastard off?"""
MATT,00:34:40,00:34:48,Neutral,"{'Angry': 4.676752908550075e-12, 'Disgusted': 2.5780121310284287e-13, 'Fearful': 6.865366023074693e-14, 'Happy': 6.24743009061679e-12, 'Neutral': 1.0, 'Other': 2.1064122058471295e-14, 'Sad': 1.3719888940222358e-11, 'Surprised': 1.4272542566209911e-12, 'Unknown': 2.0735466837486227e-13}","Wait, you did land in a bunch of rocks of the broken pillar. Roll another d6 points of damage."
LIAM,00:34:48,00:34:51,Neutral,"{'Angry': 2.1096338109587165e-13, 'Disgusted': 8.6906418950909e-15, 'Fearful': 2.026399694880299e-15, 'Happy': 2.6958860491199665e-13, 'Neutral': 1.0, 'Other': 1.5580390735640197e-15, 'Sad': 7.088314310510491e-13, 'Surprised': 1.213838464421066e-13, 'Unknown': 6.9675862979625205e-15}",That was more substantial.
MATT,00:34:51,00:35:03,Neutral,"{'Angry': 2.5536762374850364e-12, 'Disgusted': 1.3612639390269549e-13, 'Fearful': 3.115665345621195e-14, 'Happy': 3.6603732198048355e-12, 'Neutral': 1.0, 'Other': 8.680138686544946e-15, 'Sad': 7.240637343169931e-12, 'Surprised': 9.629751423351207e-13, 'Unknown': 7.493705905369658e-14}","If it was the sand, it wasn't so hard, but it was the fact that I realized there was a whole crapton of pillar rubble that your paralyzed body fell upon, unable to brace your fall. So. That's going to hurt in the morning. Vex, you're up."
LAURA,00:35:03,00:35:08,Neutral,"{'Angry': 0.0005459169042296708, 'Disgusted': 9.9940225481987e-06, 'Fearful': 4.420158177254052e-07, 'Happy': 1.991461067518685e-05, 'Neutral': 0.999409556388855, 'Other': 5.26045880633319e-07, 'Sad': 1.197695019072853e-05, 'Surprised': 7.419609460157517e-07, 'Unknown': 9.564347465129686e-07}","Okay. Well, there's ""no"" really anybody else, so I'm going to..."
TRAVIS,00:35:08,00:35:10,Neutral,"{'Angry': 0.0009841474238783121, 'Disgusted': 0.0008348257397301495, 'Fearful': 0.0003356982779223472, 'Happy': 0.0036383778788149357, 'Neutral': 0.6487035155296326, 'Other': 2.0092655176995322e-05, 'Sad': 0.001930717146024108, 'Surprised': 0.343549907207489, 'Unknown': 2.741895286817453e-06}","(teasing) There's ""no"" really?"
LAURA,00:35:10,00:35:15,Neutral,"{'Angry': 5.363959942883412e-08, 'Disgusted': 1.0939293915157577e-09, 'Fearful': 3.8972980398455093e-10, 'Happy': 3.87360010734028e-09, 'Neutral': 1.0, 'Other': 2.4906895990106648e-11, 'Sad': 1.9277594631716966e-08, 'Surprised': 1.3668942644429194e-09, 'Unknown': 2.6648721423994104e-11}","There's ""no"" really anybody else-- I can shoot through my fire thing, right?"
MATT,00:35:15,00:35:20,Neutral,"{'Angry': 7.485053465927649e-09, 'Disgusted': 7.944454538666434e-10, 'Fearful': 9.326917710383853e-11, 'Happy': 3.0977129750198173e-09, 'Neutral': 1.0, 'Other': 1.196636262301709e-10, 'Sad': 4.703992306787086e-09, 'Surprised': 3.888840638399671e-10, 'Unknown': 4.87414608674186e-10}","If you want to, yeah. You still haven't used it for the day."
LAURA,00:35:20,00:35:22,Neutral,"{'Angry': 4.109848106281788e-08, 'Disgusted': 9.220946672883201e-09, 'Fearful': 5.363256505575009e-09, 'Happy': 4.0495220332559256e-07, 'Neutral': 0.9999990463256836, 'Other': 3.547006244275508e-09, 'Sad': 4.617516253802023e-07, 'Surprised': 3.2222839507767276e-08, 'Unknown': 4.2132489164181663e-10}",Should I save it?
MATT,00:35:22,00:35:24,Angry,"{'Angry': 0.6605960726737976, 'Disgusted': 0.10177638381719589, 'Fearful': 0.0067693679593503475, 'Happy': 0.138581320643425, 'Neutral': 0.051233455538749695, 'Other': 0.0037678556982427835, 'Sad': 0.02778005413711071, 'Surprised': 0.006403009407222271, 'Unknown': 0.003092583268880844}","Okay, you're attacking him twice."
MATT,00:35:24,00:35:30,Sad,"{'Angry': 0.0030214895959943533, 'Disgusted': 0.07529781013727188, 'Fearful': 0.005754801910370588, 'Happy': 0.00979374349117279, 'Neutral': 0.0016420489409938455, 'Other': 0.0010460048215463758, 'Sad': 0.8963295817375183, 'Surprised': 2.1085912521812133e-05, 'Unknown': 0.007093451451510191}","As you're sitting on the carpet, you pull out (schwoop, schwoop) and rapidly release two arrows in succession."
LAURA,00:35:30,00:35:33,Neutral,"{'Angry': 9.159652836387977e-05, 'Disgusted': 4.1337400034535676e-05, 'Fearful': 5.494413017004263e-06, 'Happy': 5.453285848489031e-05, 'Neutral': 0.9995790123939514, 'Other': 4.037721737404354e-06, 'Sad': 0.00021121790632605553, 'Surprised': 2.5518531288071244e-07, 'Unknown': 1.2407406757120043e-05}","Oh, natural 20! (all cheer)"
MATT,00:35:33,00:35:35,Neutral,"{'Angry': 0.0015223786467686296, 'Disgusted': 0.014071358367800713, 'Fearful': 0.000502399867400527, 'Happy': 0.010803604498505592, 'Neutral': 0.9682672023773193, 'Other': 5.345636964193545e-05, 'Sad': 0.0025545083917677402, 'Surprised': 0.002171493601053953, 'Unknown': 5.349818820832297e-05}",Yeah! All right. And what's the other attack?
MATT,00:35:35,00:35:37,Neutral,"{'Angry': 7.163388886510802e-07, 'Disgusted': 2.8766746709152358e-06, 'Fearful': 6.24420067651954e-07, 'Happy': 1.3036646123509854e-05, 'Neutral': 0.9999687671661377, 'Other': 1.5006769444880774e-06, 'Sad': 1.1189952601853292e-05, 'Surprised': 1.6920402856612782e-08, 'Unknown': 1.2604289167938987e-06}",Both hit. Go ahead and roll damage.
LAURA,00:35:37,00:35:42,Neutral,"{'Angry': 2.4231585162882985e-13, 'Disgusted': 8.767125582096174e-15, 'Fearful': 2.0083534461808094e-15, 'Happy': 2.8782306941456393e-13, 'Neutral': 1.0, 'Other': 1.4267514019593265e-15, 'Sad': 8.740721362844595e-13, 'Surprised': 1.0378630328202951e-13, 'Unknown': 6.446865170341414e-15}","Hit him. Oh, actually, 23. I forgot I had bracers on."
MATT,00:35:42,00:35:45,Neutral,"{'Angry': 1.7082079750707635e-07, 'Disgusted': 2.1185130663070595e-06, 'Fearful': 1.5402437725242635e-07, 'Happy': 3.5281775581097463e-06, 'Neutral': 0.999987006187439, 'Other': 2.663173575001565e-07, 'Sad': 6.53827464702772e-06, 'Surprised': 7.037264992959535e-08, 'Unknown': 1.9658746452932974e-07}","That hits. Well, the bracers only affect your damage, not to hit."
LAURA,00:35:45,00:35:48,Neutral,"{'Angry': 6.901869710418396e-06, 'Disgusted': 9.760044576978544e-07, 'Fearful': 1.8093842868438514e-07, 'Happy': 2.637726538523566e-06, 'Neutral': 0.999985933303833, 'Other': 4.799759381057811e-07, 'Sad': 7.01706255767931e-07, 'Surprised': 5.186257823197593e-08, 'Unknown': 2.1610362637147773e-06}",Good to know! 21!
MATT,00:35:48,00:35:51,Neutral,"{'Angry': 1.563667528792223e-09, 'Disgusted': 1.9710015564111671e-10, 'Fearful': 2.3574989183039463e-11, 'Happy': 1.6304849692616585e-09, 'Neutral': 1.0, 'Other': 1.3666686705937625e-11, 'Sad': 7.990348382946877e-10, 'Surprised': 1.6674443770181568e-10, 'Unknown': 6.473864500033955e-11}",You get +2 to all damage rolls with ranged attacks.
LAURA,00:35:51,00:35:53,Neutral,"{'Angry': 0.002175734844058752, 'Disgusted': 2.277705425512977e-05, 'Fearful': 8.127850605887943e-07, 'Happy': 0.0002399484656052664, 'Neutral': 0.997536301612854, 'Other': 1.0628959898895118e-06, 'Sad': 2.1712514353566803e-05, 'Surprised': 1.2425150544004282e-06, 'Unknown': 3.9856243461144913e-07}","What do I do for a critical, then?"
MATT,00:35:53,00:35:57,Neutral,"{'Angry': 0.0008198351715691388, 'Disgusted': 0.0008485006983391941, 'Fearful': 0.0011069690808653831, 'Happy': 0.00018029478087555617, 'Neutral': 0.9799831509590149, 'Other': 0.001554526505060494, 'Sad': 0.002371371490880847, 'Surprised': 2.7419457637734013e-06, 'Unknown': 0.013132572174072266}","You roll the regular damage, multiply it by two, and then add your modifier at the end."
LAURA,00:35:57,00:36:08,Neutral,"{'Angry': 2.9387585527729243e-05, 'Disgusted': 4.156326031079516e-05, 'Fearful': 6.702797236357583e-06, 'Happy': 3.505623317323625e-05, 'Neutral': 0.999764621257782, 'Other': 5.226094071986154e-05, 'Sad': 3.074894266319461e-05, 'Surprised': 3.2686518807167886e-06, 'Unknown': 3.6419285606825724e-05}","Okay. Oh, that's not that good. 15 for the first one. And 12 for the second one."
MATT,00:36:08,00:36:09,Neutral,"{'Angry': 0.0007534500909969211, 'Disgusted': 0.007906164042651653, 'Fearful': 0.0003014149551745504, 'Happy': 0.000673285685479641, 'Neutral': 0.9891158938407898, 'Other': 0.00012009657075395808, 'Sad': 0.0006928518996573985, 'Surprised': 0.00016722374130040407, 'Unknown': 0.0002697206218726933}",And Hunter's Mark on both of those?
MATT,00:36:09,00:36:14,Surprised,"{'Angry': 0.0157881248742342, 'Disgusted': 0.01030409149825573, 'Fearful': 0.004096072167158127, 'Happy': 0.022344987839460373, 'Neutral': 0.17302650213241577, 'Other': 0.0030767684802412987, 'Sad': 0.002600019099190831, 'Surprised': 0.7371984720230103, 'Unknown': 0.03156503289937973}",Because it's on the board? (laughs)
LAURA,00:36:14,00:36:18,Neutral,"{'Angry': 7.035816906864056e-07, 'Disgusted': 3.0580258680856787e-07, 'Fearful': 7.754577779905958e-08, 'Happy': 6.037248022039421e-05, 'Neutral': 0.9999361038208008, 'Other': 1.460310414813648e-07, 'Sad': 1.4205899105945718e-06, 'Surprised': 2.504639873279757e-08, 'Unknown': 8.826036150821892e-07}",That was definitely a six. That was a six!
LAURA,00:36:18,00:36:21,Neutral,"{'Angry': 4.98061979214981e-07, 'Disgusted': 4.5527508518716786e-07, 'Fearful': 1.216442058193934e-07, 'Happy': 2.3374017473543063e-05, 'Neutral': 0.9999728202819824, 'Other': 1.7226915360879502e-07, 'Sad': 1.6654064438625937e-06, 'Surprised': 7.749483756924747e-07, 'Unknown': 1.1271428235204439e-07}","Seven, then, for Hunter's Mark."
MATT,00:36:21,00:36:59,Neutral,"{'Angry': 2.5833091399363184e-07, 'Disgusted': 2.943784238595981e-07, 'Fearful': 2.3907031021508374e-08, 'Happy': 5.303311627358198e-05, 'Neutral': 0.9998836517333984, 'Other': 1.909830416479963e-06, 'Sad': 6.0220725572435185e-05, 'Surprised': 4.5320675212678907e-07, 'Unknown': 1.939407354711875e-07}","The smoke filters out of the way, and you make the visual. You see your brother on the ground, currently seizing, and in the rubble, you see the shadow of one of the undead, still standing angrily. It rears back with its claws forward and gives this horrible gnashing sound as its jaw opens and actually widens. This long tongue (wet sucking noise) whips out on it. As you bear down and release one arrow, (shoomf) piercing the side of its shoulder. As it reaches out to break it off, its tongue still out, the second one goes into the tongue, out the back of the throat. (choking noise) It reaches up and breaks off the arrow in the throat, looks towards you, goes to lunge, and as it does, you can see it just collapses on top of his body, no longer moving."
LIAM,00:36:59,00:37:03,Neutral,"{'Angry': 0.00010281596769345924, 'Disgusted': 8.438195209237165e-07, 'Fearful': 1.8896083986419399e-07, 'Happy': 0.001391123398207128, 'Neutral': 0.9984815716743469, 'Other': 1.0868326398849604e-06, 'Sad': 2.1490133804036304e-05, 'Surprised': 1.9433574038885126e-07, 'Unknown': 7.169781497395888e-07}",Give me some sugar.
MATT,00:37:03,00:37:16,Happy,"{'Angry': 0.0005568430642597377, 'Disgusted': 0.0120023088529706, 'Fearful': 0.000567547744140029, 'Happy': 0.9426072835922241, 'Neutral': 0.015444012358784676, 'Other': 0.005199215840548277, 'Sad': 0.01652282103896141, 'Surprised': 0.006012479774653912, 'Unknown': 0.0010874986182898283}","All right, so. The rest of you finally make your way into the cavern. You manage to shrug off the rest of this paralyzation, stiffly get up, and find your way out of the rubble."
ORION,00:37:16,00:37:19,Neutral,"{'Angry': 0.005282717756927013, 'Disgusted': 0.0005085371667519212, 'Fearful': 0.00030796555802226067, 'Happy': 0.06763201951980591, 'Neutral': 0.9013194441795349, 'Other': 0.00017188901256304234, 'Sad': 0.004701612051576376, 'Surprised': 0.020011086016893387, 'Unknown': 6.475993723142892e-05}",I'm sorry. Yes.
TRAVIS,00:37:19,00:37:20,Neutral,"{'Angry': 0.0001306754711549729, 'Disgusted': 1.2121743566240184e-05, 'Fearful': 3.133508289465681e-05, 'Happy': 0.0007511844160035253, 'Neutral': 0.9983373880386353, 'Other': 2.640106913531781e-06, 'Sad': 5.861991667188704e-05, 'Surprised': 0.000675846473313868, 'Unknown': 1.2536347071545606e-07}",Tell me it's not over.
ORION,00:37:20,00:37:23,Happy,"{'Angry': 0.011755712330341339, 'Disgusted': 0.008243839256465435, 'Fearful': 0.01733751967549324, 'Happy': 0.8339471817016602, 'Neutral': 0.056991495192050934, 'Other': 0.0018290802836418152, 'Sad': 0.010368326678872108, 'Surprised': 0.00045102793956175447, 'Unknown': 0.05907576158642769}","Sorry, Grog."
TRAVIS,00:37:23,00:37:26,Angry,"{'Angry': 0.4844421446323395, 'Disgusted': 0.2906554937362671, 'Fearful': 0.00038917388883419335, 'Happy': 0.007300905417650938, 'Neutral': 0.2115175575017929, 'Other': 0.0008457716321572661, 'Sad': 0.002095692791044712, 'Surprised': 0.0009221861837431788, 'Unknown': 0.0018310555024072528}",I live for one thing.
ASHLEY,00:37:26,00:37:28,Neutral,"{'Angry': 0.011300892569124699, 'Disgusted': 0.004520281683653593, 'Fearful': 0.00011648584040813148, 'Happy': 0.0006926799542270601, 'Neutral': 0.9819772243499756, 'Other': 0.0001486570981796831, 'Sad': 0.0002898963284678757, 'Surprised': 0.00037157864426262677, 'Unknown': 0.0005822978564538062}",Am I close enough to get out of the boat?
MATT,00:37:28,00:37:30,Neutral,"{'Angry': 4.434697054023218e-09, 'Disgusted': 2.6024729038454097e-09, 'Fearful': 1.7443837485586755e-09, 'Happy': 1.5998217861579178e-08, 'Neutral': 1.0, 'Other': 5.369737987592771e-10, 'Sad': 2.607104576668462e-08, 'Surprised': 9.866988337492444e-10, 'Unknown': 7.053421735569998e-10}","Yeah, you can get out of the boat."
LIAM,00:37:30,00:37:31,Neutral,"{'Angry': 0.002188073005527258, 'Disgusted': 0.001754026859998703, 'Fearful': 5.7590783399064094e-05, 'Happy': 0.10737217217683792, 'Neutral': 0.8783414363861084, 'Other': 7.675336746615358e-06, 'Sad': 0.009941376745700836, 'Surprised': 0.0003354070649947971, 'Unknown': 2.261064537378843e-06}",I'm alive.
MATT,00:37:31,00:37:34,Neutral,"{'Angry': 1.6841529256253485e-12, 'Disgusted': 6.846914257351705e-14, 'Fearful': 1.473297598828492e-14, 'Happy': 1.738100982584534e-12, 'Neutral': 1.0, 'Other': 6.047473465601487e-15, 'Sad': 4.54678829309163e-12, 'Surprised': 4.91661344883404e-13, 'Unknown': 3.3645544575237885e-14}","Keyleth, you're left out there as a shark as everyone goes inside."
SAM,00:37:34,00:37:36,Neutral,"{'Angry': 0.00016000466712284833, 'Disgusted': 0.00016904470976442099, 'Fearful': 0.00018202248611487448, 'Happy': 0.00026094636996276677, 'Neutral': 0.9986022114753723, 'Other': 6.403531642718008e-06, 'Sad': 0.0001929533464135602, 'Surprised': 0.0004137985233683139, 'Unknown': 1.2582089766510762e-05}","I'm going, too!"
LIAM,00:37:36,00:37:39,Angry,"{'Angry': 0.9016340970993042, 'Disgusted': 0.0013689525658264756, 'Fearful': 0.0004038162005599588, 'Happy': 0.015331110917031765, 'Neutral': 0.05480814352631569, 'Other': 4.329859439167194e-05, 'Sad': 0.026164501905441284, 'Surprised': 9.684760152595118e-05, 'Unknown': 0.00014918945089448243}","Good job, badasses."
MARISHA,00:37:39,00:37:42,Neutral,"{'Angry': 1.1384185683027681e-07, 'Disgusted': 3.101647827463694e-09, 'Fearful': 2.9364917164542703e-09, 'Happy': 4.0716286093811505e-06, 'Neutral': 0.9999953508377075, 'Other': 2.5737004194503754e-10, 'Sad': 5.033506909057905e-07, 'Surprised': 8.361808134793591e-09, 'Unknown': 1.5281163834313105e-10}",I'll stay with the boat.
TALIESIN,00:37:42,00:37:45,Sad,"{'Angry': 4.362338950159028e-05, 'Disgusted': 3.760090476134792e-05, 'Fearful': 6.0648646467598155e-05, 'Happy': 1.9966373656643555e-05, 'Neutral': 0.00031630523153580725, 'Other': 2.6909000894193014e-07, 'Sad': 0.9994982481002808, 'Surprised': 2.2679978428641334e-05, 'Unknown': 5.613293865280866e-07}","All right, that was... fine."
ASHLEY,00:37:45,00:37:49,Neutral,"{'Angry': 4.607600487815944e-07, 'Disgusted': 4.393945403080579e-07, 'Fearful': 7.639032446604688e-07, 'Happy': 6.525109256472206e-06, 'Neutral': 0.999933123588562, 'Other': 5.995799767788412e-08, 'Sad': 5.7941484556067735e-05, 'Surprised': 5.806832632515579e-07, 'Unknown': 1.2772217417023057e-07}",I didn't even need to get out of the boat. You guys just handled it like that.
TALIESIN,00:37:49,00:37:53,Happy,"{'Angry': 0.001336976420134306, 'Disgusted': 0.0016726366011425853, 'Fearful': 0.0010467771207913756, 'Happy': 0.8220970630645752, 'Neutral': 0.10168349742889404, 'Other': 0.0001272297085961327, 'Sad': 0.06744538992643356, 'Surprised': 0.004325426183640957, 'Unknown': 0.0002649811503943056}","I'll go back to the boat, then. It's fine. I don't care."
ORION,00:37:53,00:38:03,Neutral,"{'Angry': 5.002884218008319e-10, 'Disgusted': 9.15793049033331e-12, 'Fearful': 1.9832516705287073e-12, 'Happy': 1.258617099431092e-10, 'Neutral': 1.0, 'Other': 3.145348022835781e-13, 'Sad': 1.68584840531949e-10, 'Surprised': 3.0556349117638604e-11, 'Unknown': 8.382221782995969e-13}","I'm sorry, Percy. Listen, I'm sorry, everybody. I didn't mean to kill everybody so quickly. I'll let you kill everybody next time, Percy."
MATT,00:38:03,00:38:20,Neutral,"{'Angry': 2.5191445374161958e-08, 'Disgusted': 2.0549424661897575e-10, 'Fearful': 2.502389094549695e-11, 'Happy': 7.876562513331464e-09, 'Neutral': 1.0, 'Other': 5.323729304618219e-12, 'Sad': 9.05414687668582e-10, 'Surprised': 7.092977316602855e-10, 'Unknown': 9.078624137182079e-12}","Vex, you go over and lift the top of the chest, which was unlocked previously by your brother. As you lift it up, for a split second you see what looks like a flash of orange energy-- a very familiar one, as suddenly, a secondary fire blast (explosion sound) emanates from the treasure chest itself."
LIAM,00:38:20,00:38:25,Neutral,"{'Angry': 1.574348686972371e-07, 'Disgusted': 1.1026651236534235e-07, 'Fearful': 1.4071829923523183e-08, 'Happy': 6.940732788507376e-08, 'Neutral': 0.9999991655349731, 'Other': 6.2101999098729266e-09, 'Sad': 2.9745845608886157e-07, 'Surprised': 1.1827793144902898e-07, 'Unknown': 4.4198961157704275e-10}",I didn't do nothing! (others laugh)
MATT,00:38:25,00:38:34,Neutral,"{'Angry': 3.509798625600524e-05, 'Disgusted': 0.00048461652477271855, 'Fearful': 2.696903538890183e-05, 'Happy': 0.0006319421227090061, 'Neutral': 0.998364269733429, 'Other': 5.1340732170501724e-05, 'Sad': 0.00018079693836625665, 'Surprised': 9.521243191557005e-05, 'Unknown': 0.0001297751150559634}","The blast radius sends the top half of the chest careening off and scraping off the roof of the cavern. You guys, who just turned the corner, see this giant explosion, sending you about 20 feet backwards."
LAURA,00:38:34,00:38:38,Neutral,"{'Angry': 7.346861093537882e-05, 'Disgusted': 2.1212359570199624e-05, 'Fearful': 1.9481563867884688e-05, 'Happy': 0.00020273710833862424, 'Neutral': 0.9994819760322571, 'Other': 4.3736479710787535e-05, 'Sad': 2.2631900719716214e-05, 'Surprised': 1.35096081521624e-06, 'Unknown': 0.00013354432303458452}","Awesome. Good thing you didn't get there in time, Scanlan."
LIAM,00:38:38,00:38:40,Neutral,"{'Angry': 3.0011455237399787e-05, 'Disgusted': 0.00011701360926963389, 'Fearful': 3.1176946322375443e-06, 'Happy': 0.00044533173786476254, 'Neutral': 0.999230146408081, 'Other': 9.480113476456609e-06, 'Sad': 0.00011688668018905446, 'Surprised': 4.542446185951121e-05, 'Unknown': 2.6459629225428216e-06}","Is that chest ten feet away from me, as well?"
MATT,00:38:40,00:38:43,Neutral,"{'Angry': 1.9448337038041608e-11, 'Disgusted': 1.2640359679100266e-12, 'Fearful': 2.650382354991293e-13, 'Happy': 1.0081648710302815e-10, 'Neutral': 1.0, 'Other': 5.470582957445812e-14, 'Sad': 5.3330818927666e-11, 'Surprised': 6.5118058514834765e-12, 'Unknown': 1.0325910319939485e-13}",Yeah. So a reflex saving throw for both of you.
LIAM,00:38:43,00:38:48,Neutral,"{'Angry': 3.503447748923194e-12, 'Disgusted': 2.1755673976740775e-13, 'Fearful': 4.548232179334838e-14, 'Happy': 6.295131950440069e-12, 'Neutral': 1.0, 'Other': 2.0837786384635473e-14, 'Sad': 1.0961401925024816e-11, 'Surprised': 1.2962447955289225e-12, 'Unknown': 8.72457623724357e-14}","I have a thing I can do, too."
LAURA,00:38:48,00:38:50,Neutral,"{'Angry': 1.0152801905860542e-06, 'Disgusted': 1.6661734889567015e-06, 'Fearful': 4.8505182093094845e-08, 'Happy': 3.884286797983805e-06, 'Neutral': 0.9999898672103882, 'Other': 2.3768492951603548e-07, 'Sad': 2.167590082535753e-06, 'Surprised': 1.0562711167949601e-06, 'Unknown': 4.031472755627874e-08}",What's reflex? Is that dexterity?
MATT,00:38:50,00:38:55,Disgusted,"{'Angry': 0.0035022005904465914, 'Disgusted': 0.7232030034065247, 'Fearful': 0.0005463099805638194, 'Happy': 0.0019122068770229816, 'Neutral': 0.26044517755508423, 'Other': 0.0018451755167916417, 'Sad': 0.0038449240382760763, 'Surprised': 0.00015676685143262148, 'Unknown': 0.004544174764305353}","Or dexterity, sorry. (sing-song) Carry over from Pathfinder. I meant dexterity."
MATT,00:38:55,00:38:59,Neutral,"{'Angry': 3.3289129675040385e-08, 'Disgusted': 8.141655349902521e-09, 'Fearful': 1.6086975085372046e-09, 'Happy': 5.182611317877672e-08, 'Neutral': 0.9999998807907104, 'Other': 1.2816044892005607e-09, 'Sad': 4.022373190082362e-08, 'Surprised': 1.1657640408557768e-09, 'Unknown': 9.167433034917849e-09}",30? Jesus Christ.
LIAM,00:38:59,00:39:01,Neutral,"{'Angry': 0.0005960562848486006, 'Disgusted': 0.0007775084814056754, 'Fearful': 0.0004303509194869548, 'Happy': 0.001502638217061758, 'Neutral': 0.975081205368042, 'Other': 0.0005403232644312084, 'Sad': 0.0002540316781960428, 'Surprised': 1.7059090851034853e-06, 'Unknown': 0.020816126838326454}",This is a dexterity check?
LIAM,00:39:01,00:39:03,Neutral,"{'Angry': 9.924103505909443e-05, 'Disgusted': 3.1980925996322185e-05, 'Fearful': 6.95197059030761e-06, 'Happy': 5.518767284229398e-05, 'Neutral': 0.999599039554596, 'Other': 1.701848850643728e-05, 'Sad': 4.431826255313354e-06, 'Surprised': 5.435734919956303e-07, 'Unknown': 0.00018561100296210498}",20.
MATT,00:39:03,00:39:10,Neutral,"{'Angry': 0.05028070509433746, 'Disgusted': 0.011422215960919857, 'Fearful': 0.021954819560050964, 'Happy': 0.010406709276139736, 'Neutral': 0.8749744892120361, 'Other': 6.882216257508844e-05, 'Sad': 0.030041873455047607, 'Surprised': 0.00038191446219570935, 'Unknown': 0.0004683893930632621}","You both manage to find a way to dodge most of the impact, but you still both take 14 points of fire damage."
LIAM,00:39:10,00:39:13,Neutral,"{'Angry': 1.393284208006662e-07, 'Disgusted': 5.176774919846139e-08, 'Fearful': 7.221910180987834e-08, 'Happy': 4.4598706949727784e-07, 'Neutral': 0.9999984502792358, 'Other': 1.7114430761466792e-07, 'Sad': 4.0481066321262915e-07, 'Surprised': 2.350809609197313e-07, 'Unknown': 2.6835351718546008e-08}","As a rogue with evasion, if I succeed, it's nothing."
MATT,00:39:13,00:39:15,Neutral,"{'Angry': 0.1288677155971527, 'Disgusted': 0.03754645586013794, 'Fearful': 0.007215945981442928, 'Happy': 0.03989404812455177, 'Neutral': 0.5442693829536438, 'Other': 0.0040319147519767284, 'Sad': 0.004277178086340427, 'Surprised': 0.0002631741517689079, 'Unknown': 0.23363417387008667}",Then you take nothing.
LAURA,00:39:15,00:39:17,Neutral,"{'Angry': 0.010118325240910053, 'Disgusted': 0.06898248195648193, 'Fearful': 0.02674035169184208, 'Happy': 0.010859147645533085, 'Neutral': 0.45201703906059265, 'Other': 0.0008407154236920178, 'Sad': 0.0025606369599699974, 'Surprised': 6.257937639020383e-05, 'Unknown': 0.42781880497932434}",As a twin of a rogue...
MATT,00:39:17,00:39:19,Neutral,"{'Angry': 2.33859182019458e-10, 'Disgusted': 5.055881407978191e-11, 'Fearful': 2.1853428788798368e-11, 'Happy': 1.405179861357908e-09, 'Neutral': 1.0, 'Other': 6.8717930651329695e-12, 'Sad': 1.0537346550876237e-09, 'Surprised': 8.741730256334179e-11, 'Unknown': 4.037117168342874e-11}",You take 14 points of fire damage.
LIAM,00:39:19,00:39:22,Neutral,"{'Angry': 9.963063263285221e-09, 'Disgusted': 4.641073303446319e-09, 'Fearful': 2.909808505258127e-10, 'Happy': 5.019422211205438e-09, 'Neutral': 1.0, 'Other': 2.1347815182259922e-10, 'Sad': 6.630378024397032e-09, 'Surprised': 1.6438215233449682e-09, 'Unknown': 1.6401377478381107e-10}",My thingy?
LIAM,00:39:22,00:39:24,Disgusted,"{'Angry': 0.11433732509613037, 'Disgusted': 0.2791126072406769, 'Fearful': 0.024352610111236572, 'Happy': 0.07034588605165482, 'Neutral': 0.23670019209384918, 'Other': 0.05971342325210571, 'Sad': 0.10128244757652283, 'Surprised': 0.05692628398537636, 'Unknown': 0.05722919479012489}",I don't know where it is.
ASHLEY,00:39:24,00:39:25,Sad,"{'Angry': 0.014184723608195782, 'Disgusted': 0.01625840924680233, 'Fearful': 0.004945488180965185, 'Happy': 0.07202266901731491, 'Neutral': 0.06491628289222717, 'Other': 4.457941759028472e-05, 'Sad': 0.8260102868080139, 'Surprised': 0.0015191342681646347, 'Unknown': 9.849308844422922e-05}",You're welcome.
MATT,00:39:25,00:39:34,Neutral,"{'Angry': 1.6181866610565088e-11, 'Disgusted': 3.740071620461638e-12, 'Fearful': 8.977387518267765e-13, 'Happy': 3.354281782885771e-11, 'Neutral': 1.0, 'Other': 5.658167077232656e-13, 'Sad': 1.2149010963913298e-10, 'Surprised': 1.180402650624579e-11, 'Unknown': 9.283407376159403e-13}","The familiar whine of the trap catches your ear. You dodge out of the way instinctively. Your sister's not so lucky. You take the brunt of the damage, but not the full damage."
LAURA,00:39:34,00:39:36,Neutral,"{'Angry': 3.9914713852340356e-05, 'Disgusted': 0.002297122497111559, 'Fearful': 6.889409178256756e-06, 'Happy': 3.231452137697488e-05, 'Neutral': 0.9971844553947449, 'Other': 4.6307883167173713e-05, 'Sad': 0.0003703078255057335, 'Surprised': 5.00682972415234e-06, 'Unknown': 1.7658247088547796e-05}",Oh no. Did I destroy the loot?
MATT,00:39:36,00:40:14,Neutral,"{'Angry': 0.0004035150050185621, 'Disgusted': 0.008190329186618328, 'Fearful': 6.211389700183645e-05, 'Happy': 0.0017323661595582962, 'Neutral': 0.6585183143615723, 'Other': 0.010952145792543888, 'Sad': 0.0005751363933086395, 'Surprised': 0.3188211917877197, 'Unknown': 0.0007447838434018195}","If you want to inspect what the chest once was. As you go back to where the chest was, most of the chest is destroyed. It's knocked off its hinge. What you do find inside, though, is what looks like a very, very... There we go. What looks like a slightly-charred two-handed blade: a giant sword that is currently laid inside. Looks like it's been there a while in storage. There was a set of natural armor that's been completely destroyed by the blast."
LAURA,00:40:14,00:40:16,Neutral,"{'Angry': 9.063816105481237e-05, 'Disgusted': 0.00019721817807294428, 'Fearful': 2.9316604923224077e-05, 'Happy': 0.11325731128454208, 'Neutral': 0.8858008980751038, 'Other': 2.3901537133497186e-05, 'Sad': 0.0003711007593665272, 'Surprised': 0.00019323437300045043, 'Unknown': 3.641029979917221e-05}","Aw, come on!"
MATT,00:40:16,00:40:32,Neutral,"{'Angry': 9.42996921367012e-05, 'Disgusted': 0.00031014817068353295, 'Fearful': 1.6148967915796675e-05, 'Happy': 0.18935835361480713, 'Neutral': 0.8072521686553955, 'Other': 0.0015775766223669052, 'Sad': 0.0003038227732758969, 'Surprised': 0.00021545184426940978, 'Unknown': 0.0008719412726350129}","There are a number of coins in there. There's probably a good, hefty pile of gold, slightly molded by the moisture that's been kept inside this chest until it was detonated. Gathering it up, you find approximately 420 gold pieces."
SAM,00:40:32,00:40:35,Neutral,"{'Angry': 1.9036631783819757e-05, 'Disgusted': 2.7622483685263433e-05, 'Fearful': 5.931451596552506e-05, 'Happy': 2.6017683921963908e-05, 'Neutral': 0.9994956254959106, 'Other': 8.310653356602415e-06, 'Sad': 0.00023622042499482632, 'Surprised': 5.091557113701128e-07, 'Unknown': 0.00012735264317598194}","Yeah, 420."
LIAM,00:40:35,00:40:38,Sad,"{'Angry': 0.003462366759777069, 'Disgusted': 0.0016456242883577943, 'Fearful': 0.00040798421832732856, 'Happy': 0.0025310292840003967, 'Neutral': 0.06723898649215698, 'Other': 0.006187969818711281, 'Sad': 0.9144777655601501, 'Surprised': 0.003513012547045946, 'Unknown': 0.0005353359738364816}",What's that mean? Is that a reference? What is that?
MATT,00:40:38,00:40:47,Neutral,"{'Angry': 5.167211566003971e-05, 'Disgusted': 2.8619738259294536e-06, 'Fearful': 3.898667841895076e-07, 'Happy': 6.868936452519847e-06, 'Neutral': 0.9998825788497925, 'Other': 2.7458403906166495e-07, 'Sad': 1.2822654298361158e-06, 'Surprised': 5.400019290391356e-05, 'Unknown': 2.7932800961139037e-08}","But for everything that was damaged inside the chest, the sword, which would be considered a greatsword, seems to be largely unaffected by the blast, other than a little bit of soot that you had to rub off the blade."
LAURA,00:40:47,00:40:51,Neutral,"{'Angry': 9.50848511038771e-10, 'Disgusted': 1.752250455844262e-09, 'Fearful': 4.594776503719089e-10, 'Happy': 5.270412550828496e-09, 'Neutral': 1.0, 'Other': 8.444094867776641e-10, 'Sad': 2.285654332467857e-08, 'Surprised': 2.8145868968820764e-10, 'Unknown': 3.2686042761298495e-10}","I'll take it to Grog, because I figure he'll probably be able to use it."
MATT,00:40:51,00:40:54,Neutral,"{'Angry': 7.580133143392231e-08, 'Disgusted': 2.7316991335624152e-08, 'Fearful': 3.0666548411772965e-08, 'Happy': 3.7300478084034694e-07, 'Neutral': 0.9999992847442627, 'Other': 2.4561153111335443e-09, 'Sad': 9.309951565228403e-08, 'Surprised': 9.059782257736515e-08, 'Unknown': 1.4048278096367994e-09}",There you go. She hands you this fantastic sword.
LAURA,00:40:54,00:40:57,Neutral,"{'Angry': 2.0912732168199e-07, 'Disgusted': 5.691448023981138e-08, 'Fearful': 4.965643896071015e-09, 'Happy': 2.1073679818073288e-05, 'Neutral': 0.9999779462814331, 'Other': 4.697979782974926e-09, 'Sad': 4.7603310804333887e-07, 'Surprised': 1.4594151309665904e-07, 'Unknown': 1.7814012487349373e-09}","I don't know if it's magic or anything, Grog, so you might want to have Tiberius have a look at it."
TRAVIS,00:40:57,00:41:00,Neutral,"{'Angry': 0.023202618584036827, 'Disgusted': 0.019779080525040627, 'Fearful': 0.00025514018489047885, 'Happy': 0.017957281321287155, 'Neutral': 0.9272045493125916, 'Other': 0.0004686674801632762, 'Sad': 0.009311727248132229, 'Surprised': 0.0010498345363885164, 'Unknown': 0.0007711340440437198}","""Hold on, let me check."" I take it and I shake it really hard."
ORION,00:41:00,00:41:01,Neutral,"{'Angry': 0.00032131667830981314, 'Disgusted': 0.00011919983808184043, 'Fearful': 8.089517905318644e-06, 'Happy': 0.0006420272402465343, 'Neutral': 0.9984179735183716, 'Other': 6.708959517709445e-06, 'Sad': 0.00016959995264187455, 'Surprised': 0.00031190551817417145, 'Unknown': 3.0974040328146657e-06}",That's not how you really--
TRAVIS,00:41:01,00:41:06,Neutral,"{'Angry': 0.0026995462831109762, 'Disgusted': 0.006885956972837448, 'Fearful': 0.0027726227417588234, 'Happy': 0.004065422341227531, 'Neutral': 0.9287394881248474, 'Other': 8.932706259656698e-05, 'Sad': 0.011292501352727413, 'Surprised': 0.043384190648794174, 'Unknown': 7.101705705281347e-05}","I think I know what I'm doing. All right, here. You can check it."
ORION,00:41:06,00:41:09,Neutral,"{'Angry': 0.00012887826596852392, 'Disgusted': 0.00010890012345043942, 'Fearful': 9.554702410241589e-05, 'Happy': 0.003138132393360138, 'Neutral': 0.9948726296424866, 'Other': 1.3380803466134239e-05, 'Sad': 0.001381904468871653, 'Surprised': 0.0002526931057218462, 'Unknown': 7.826583896530792e-06}","As he's doing that, I get 18 trying to see what's up."
MATT,00:41:09,00:41:17,Neutral,"{'Angry': 8.762413017393555e-11, 'Disgusted': 1.3886830921294724e-11, 'Fearful': 4.506107292856498e-12, 'Happy': 1.53430629312723e-10, 'Neutral': 1.0, 'Other': 9.258473978798754e-13, 'Sad': 5.186888696329106e-10, 'Surprised': 6.096963905966035e-11, 'Unknown': 2.2828872039276638e-12}","Okay, there's definitely a magical aura emanating from the blade. You take a moment to inspect it, and you ascertain the magical nature."
ORION,00:41:17,00:41:36,Neutral,"{'Angry': 2.5091048883041367e-07, 'Disgusted': 2.004715724979178e-06, 'Fearful': 1.0446794362906076e-07, 'Happy': 5.356347173801623e-05, 'Neutral': 0.9999381303787231, 'Other': 1.5076871022756677e-06, 'Sad': 2.707913836275111e-06, 'Surprised': 2.1361618962600915e-07, 'Unknown': 1.415275619365275e-06}","What you have there is a Greatsword of Frenzy, Grog. You have a +1 bonus to attack and damage rolls made with this magic weapon. Ooh! When you attack a creature with this magic weapon and roll a 20 on the attack roll, after dealing damage, you can immediately make an additional attack for free."
TRAVIS,00:41:36,00:41:38,Neutral,"{'Angry': 0.008623253554105759, 'Disgusted': 0.009457000531256199, 'Fearful': 0.0006910926313139498, 'Happy': 0.02725951559841633, 'Neutral': 0.9424445033073425, 'Other': 6.275866326177493e-05, 'Sad': 0.006819558329880238, 'Surprised': 0.004573835525661707, 'Unknown': 6.849664350738749e-05}",Glad I shook it.
LAURA,00:41:38,00:41:42,Neutral,"{'Angry': 0.00166793679818511, 'Disgusted': 0.0021301195956766605, 'Fearful': 0.0012189127737656236, 'Happy': 0.02756625972688198, 'Neutral': 0.9570459127426147, 'Other': 7.80155387474224e-05, 'Sad': 0.004000732209533453, 'Surprised': 0.006109921261668205, 'Unknown': 0.00018215396266896278}",Pass that piece of paper over here.
SAM,00:41:42,00:41:44,Neutral,"{'Angry': 0.004130327608436346, 'Disgusted': 0.0025443355552852154, 'Fearful': 0.00035099024535156786, 'Happy': 0.14719311892986298, 'Neutral': 0.8412607312202454, 'Other': 0.00012840790441259742, 'Sad': 0.0008442592807114124, 'Surprised': 0.0034436106216162443, 'Unknown': 0.00010424027277622372}",Maybe Scanlan could use it.
MATT,00:41:44,00:41:48,Neutral,"{'Angry': 0.000787211349233985, 'Disgusted': 0.0022824816405773163, 'Fearful': 0.0029502399265766144, 'Happy': 0.09862474352121353, 'Neutral': 0.8500030636787415, 'Other': 0.002330278977751732, 'Sad': 0.008882509544491768, 'Surprised': 0.00013476172171067446, 'Unknown': 0.034004803746938705}",Scanlan could. It's a little big for you. You'd be at quite a disadvantage using this weapon.
TRAVIS,00:41:48,00:41:55,Neutral,"{'Angry': 2.4919868252260002e-11, 'Disgusted': 1.0835427607241988e-12, 'Fearful': 3.007386548993518e-13, 'Happy': 3.0408207202237136e-11, 'Neutral': 1.0, 'Other': 6.243503571133971e-14, 'Sad': 3.839136300531898e-11, 'Surprised': 7.004426986340073e-12, 'Unknown': 2.531294943618201e-13}",Give it over here. A Greatsword of Frenzy?
SAM,00:41:55,00:42:04,Neutral,"{'Angry': 4.4577182385912434e-14, 'Disgusted': 2.103299698579149e-15, 'Fearful': 3.00312884471052e-16, 'Happy': 6.067719162403465e-14, 'Neutral': 1.0, 'Other': 6.934808558123502e-16, 'Sad': 1.5178727415590676e-13, 'Surprised': 2.8026082363598152e-14, 'Unknown': 1.968592025570798e-15}",I'd like to rage frenzy. Are there any bodies that we can look at?
MATT,00:42:04,00:42:46,Neutral,"{'Angry': 3.7863909924107375e-11, 'Disgusted': 3.920802484763675e-12, 'Fearful': 6.079005571493767e-13, 'Happy': 5.2666489225305924e-11, 'Neutral': 1.0, 'Other': 4.660961829168475e-13, 'Sad': 6.888685455397336e-11, 'Surprised': 7.394146406269897e-11, 'Unknown': 6.042072766589135e-13}","You guys were inspecting what remains of three of the undead creatures. They have been turned to ash, pretty much, from the force of the explosion, the arcane nature of the detonation. You find pieces of them. Most of them have been charred and burned away from the bodies, who are already in partially-decomposed form. The larger one that you had Hunter's Marked, though. Upon inspecting it, while most of its armor is destroyed, it does manage to carry a partially-mildewed coin purse. Looking inside, you only find about five or six pieces of gold, but you do find one really, really nice... looks like it's taken a little bit of damage, but it was once a really pretty diamond."
LAURA,00:42:46,00:42:50,Happy,"{'Angry': 8.895398195818416e-07, 'Disgusted': 1.0439958941788063e-06, 'Fearful': 2.3251064703799784e-05, 'Happy': 0.9998514652252197, 'Neutral': 4.439212943907478e-07, 'Other': 8.701741194272472e-07, 'Sad': 1.3076920595267438e-06, 'Surprised': 0.00011968731269007549, 'Unknown': 1.089240640794742e-06}",I'm just going to keep this with the party gold.
LAURA,00:42:50,00:42:55,Neutral,"{'Angry': 3.2947496038104873e-06, 'Disgusted': 1.4308770914794877e-06, 'Fearful': 3.53153751575519e-07, 'Happy': 0.0004834948340430856, 'Neutral': 0.9994994401931763, 'Other': 1.698024561846978e-06, 'Sad': 4.311119482736103e-06, 'Surprised': 2.3469110033147444e-07, 'Unknown': 5.722361947846366e-06}",Plus one diamond to the treasury.
ORION,00:42:55,00:43:08,Neutral,"{'Angry': 6.590082212570847e-13, 'Disgusted': 2.4406348049879102e-14, 'Fearful': 6.157675840171061e-15, 'Happy': 7.662409660762204e-13, 'Neutral': 1.0, 'Other': 3.1127829772049833e-15, 'Sad': 2.3394862436187935e-12, 'Surprised': 2.3862005036831557e-13, 'Unknown': 1.75275409691842e-14}","""Vex, let me see the diamond for just one second."" As he's shaking his sword, I go into the Bag of Holding and take out the Mending Wheel."
ORION,00:43:08,00:43:13,Neutral,"{'Angry': 2.2454889510303833e-12, 'Disgusted': 1.0545770257486958e-13, 'Fearful': 3.135822358073595e-14, 'Happy': 3.2445751814436097e-12, 'Neutral': 1.0, 'Other': 9.134888653069152e-15, 'Sad': 8.677867452400179e-12, 'Surprised': 7.757272471944909e-13, 'Unknown': 5.918191419785127e-14}","That's not how it works, Vex."
MATT,00:43:13,00:43:50,Neutral,"{'Angry': 2.8478534634668318e-12, 'Disgusted': 1.4937218671164099e-13, 'Fearful': 3.927033123598406e-14, 'Happy': 4.488231401117426e-12, 'Neutral': 1.0, 'Other': 1.2745368284806501e-14, 'Sad': 8.827916696263483e-12, 'Surprised': 1.0873065685659822e-12, 'Unknown': 1.0147631568585905e-13}","Tiberius, you reach into the Bag of Holding. You pull out the Mending Wheel, which is a magical artifact that you found earlier in the campaign as part of your personal quest. It looks like a large, spoked, roulette wheel when it's laying down, with these strange points that fold out of it. Once you spin the wheel, you place an object in the center of the wheel. It's lifted without gravity and mends itself back to its undamaged form. You place the diamond in the center and spin the wheel. You can see the actual cracks on the surface of it slowly begin to mend. Eventually, the diamond is brought to a solid, undamaged, finely-cut example of a diamond."
ORION,00:43:50,00:43:53,Neutral,"{'Angry': 8.981560313259251e-06, 'Disgusted': 2.7322954338160343e-05, 'Fearful': 2.778960379146156e-06, 'Happy': 3.3697365324769635e-06, 'Neutral': 0.9881588816642761, 'Other': 5.717379281122703e-06, 'Sad': 0.00017788638069760054, 'Surprised': 0.01161500345915556, 'Unknown': 9.029164260709877e-08}",There you go.
ASHLEY,00:43:53,00:43:55,Neutral,"{'Angry': 0.0011685102945193648, 'Disgusted': 0.0003846468753181398, 'Fearful': 7.108475983841345e-05, 'Happy': 0.0007114088512025774, 'Neutral': 0.9960871934890747, 'Other': 0.00012283447722438723, 'Sad': 8.30352000775747e-05, 'Surprised': 6.860809662612155e-05, 'Unknown': 0.0013026553206145763}",It's so pretty!
MATT,00:43:55,00:44:01,Neutral,"{'Angry': 0.0001307202473981306, 'Disgusted': 1.5885942048043944e-05, 'Fearful': 2.0747297639900353e-06, 'Happy': 0.0003399619599804282, 'Neutral': 0.999451220035553, 'Other': 8.960520972323138e-06, 'Sad': 2.6398243790026754e-05, 'Surprised': 8.624886504549067e-06, 'Unknown': 1.618301757844165e-05}",You have no idea.
SAM,00:44:01,00:44:03,Neutral,"{'Angry': 0.00012774785864166915, 'Disgusted': 7.739134161965922e-05, 'Fearful': 3.800037666223943e-05, 'Happy': 0.0019994392059743404, 'Neutral': 0.9973837733268738, 'Other': 1.572870314703323e-05, 'Sad': 4.495105895330198e-05, 'Surprised': 0.0002736840979196131, 'Unknown': 3.9235812437254936e-05}",How long has it been since we rested?
MATT,00:44:03,00:44:12,Neutral,"{'Angry': 1.1260375964994296e-09, 'Disgusted': 6.714266365115407e-10, 'Fearful': 1.6131952718101417e-10, 'Happy': 9.077305129778779e-09, 'Neutral': 1.0, 'Other': 2.1397222882413303e-10, 'Sad': 6.4203304894761e-09, 'Surprised': 5.064184072089972e-10, 'Unknown': 3.4775068935566367e-10}","It hasn't been too terribly long. You rested at the camp after taking out Queen Ulara, so I'd say it's probably been about-- with the travel to get to this point, probably about six hours since you rested."
LAURA,00:44:12,00:44:15,Neutral,"{'Angry': 2.0838206182816066e-06, 'Disgusted': 2.5366032332385657e-06, 'Fearful': 7.723288035776932e-07, 'Happy': 3.962273331126198e-05, 'Neutral': 0.9999407529830933, 'Other': 4.4077114580431953e-07, 'Sad': 8.666536814416759e-06, 'Surprised': 4.784003522217972e-06, 'Unknown': 2.569928767570673e-07}","Well, he's hurt."
TRAVIS,00:44:15,00:44:17,Neutral,"{'Angry': 0.0016116545302793384, 'Disgusted': 0.0034965386148542166, 'Fearful': 0.0044411891140043736, 'Happy': 0.17039310932159424, 'Neutral': 0.7864418625831604, 'Other': 0.001029989798553288, 'Sad': 0.004564529750496149, 'Surprised': 0.0010615612845867872, 'Unknown': 0.026959620416164398}","Well, I'm not hurt."
LAURA,00:44:17,00:44:21,Happy,"{'Angry': 1.2175578767426032e-08, 'Disgusted': 9.968195513465616e-08, 'Fearful': 1.817477368604159e-08, 'Happy': 0.9999995231628418, 'Neutral': 1.345591584822614e-07, 'Other': 2.908456053773989e-08, 'Sad': 3.367406620213842e-08, 'Surprised': 2.647578334347145e-08, 'Unknown': 1.8993662820321333e-07}",Can I perception check around the cave?
MATT,00:44:21,00:44:23,Neutral,"{'Angry': 3.1757795113662723e-06, 'Disgusted': 2.3011555185803445e-06, 'Fearful': 1.3097916280457866e-06, 'Happy': 0.00016742701700422913, 'Neutral': 0.999811589717865, 'Other': 4.79626010019274e-07, 'Sad': 5.426741154224146e-06, 'Surprised': 7.935448593343608e-06, 'Unknown': 2.6436057964929205e-07}",Go ahead and roll perception.
SAM,00:44:23,00:44:38,Neutral,"{'Angry': 5.068532260565917e-10, 'Disgusted': 3.459187450371992e-11, 'Fearful': 1.2464277873713847e-11, 'Happy': 2.0816586232541567e-09, 'Neutral': 1.0, 'Other': 1.1174478226419482e-12, 'Sad': 5.199239927478061e-10, 'Surprised': 8.19443055077862e-11, 'Unknown': 8.985374076730945e-12}","Can I remind our party of a couple things? Pike, might be a good time to try to heal Vax's foot again. And also, while we have a moment, did we ever discern what is in that yellow vial?"
SAM,00:44:38,00:44:42,Neutral,"{'Angry': 1.4278940696499376e-08, 'Disgusted': 1.8791261879869126e-09, 'Fearful': 1.3526597897328685e-10, 'Happy': 3.993895461462671e-06, 'Neutral': 0.9999959468841553, 'Other': 2.799023512967125e-10, 'Sad': 4.599883496325674e-08, 'Surprised': 2.3883814925795832e-09, 'Unknown': 2.993991998767598e-10}","Yeah, do we know what this is?"
ORION,00:44:42,00:44:54,Neutral,"{'Angry': 2.6095020075445063e-05, 'Disgusted': 4.908220216748305e-05, 'Fearful': 0.0001249774795724079, 'Happy': 7.41539042792283e-05, 'Neutral': 0.9990392923355103, 'Other': 3.456391641520895e-05, 'Sad': 0.00046930043026804924, 'Surprised': 0.00016869360115379095, 'Unknown': 1.389083445246797e-05}","I'll do an arcana check on the vial, which is not great. ""I don't know, it looks icky."""
SAM,00:44:54,00:44:59,Neutral,"{'Angry': 0.0001443548098905012, 'Disgusted': 0.0003383695147931576, 'Fearful': 0.0007297651609405875, 'Happy': 0.001731707016006112, 'Neutral': 0.9921541810035706, 'Other': 0.0003043543256353587, 'Sad': 0.0019112537847831845, 'Surprised': 5.8733141486300156e-05, 'Unknown': 0.002627262379974127}","Let me take a look, as well. Ooh, yes. 24."
MATT,00:44:59,00:45:19,Neutral,"{'Angry': 6.200076910212182e-12, 'Disgusted': 3.426534229966638e-13, 'Fearful': 1.05349539855637e-13, 'Happy': 1.3223437102249935e-11, 'Neutral': 1.0, 'Other': 3.0245445904741874e-14, 'Sad': 1.8382682528961247e-11, 'Surprised': 2.8612856441817547e-12, 'Unknown': 1.7700635878900584e-13}","You take a look at the liquid and it looks enchanted, but the way its mixture is, the colors seem to swirl and shift in a very caustic way. You can see from glancing at the glass vial it's contained in, the interior of the glass looks slightly pock-marked, almost like the viscous fluid within has actually damaged the glass slightly."
SAM,00:45:19,00:45:21,Neutral,"{'Angry': 0.0018529375083744526, 'Disgusted': 0.004633329343050718, 'Fearful': 0.00018159679893869907, 'Happy': 0.0030574577394872904, 'Neutral': 0.984529435634613, 'Other': 0.00018249472486786544, 'Sad': 0.002823285758495331, 'Surprised': 0.0026945609133690596, 'Unknown': 4.481464566197246e-05}",It sounds bad. Bad news.
MATT,00:45:21,00:45:25,Unknown,"{'Angry': 1.1352259207342286e-05, 'Disgusted': 0.0001608599559403956, 'Fearful': 0.0003968074161093682, 'Happy': 0.000955372815951705, 'Neutral': 0.0010839584283530712, 'Other': 0.0002156884002033621, 'Sad': 0.00024359184317290783, 'Surprised': 4.125291663825692e-09, 'Unknown': 0.9969322681427002}","You're unable to really ascertain what the nature of the liquid is, but those are the details you can make out, currently."
ASHLEY,00:45:25,00:45:28,Neutral,"{'Angry': 1.1566129998197283e-12, 'Disgusted': 5.5318071764997104e-14, 'Fearful': 1.5365406362088767e-14, 'Happy': 1.6024785665091912e-12, 'Neutral': 1.0, 'Other': 5.891945510991389e-15, 'Sad': 5.7844115781968686e-12, 'Surprised': 3.812606968415372e-13, 'Unknown': 3.598832928712603e-14}",I went over to Vax's foot again.
LAURA,00:45:28,00:45:33,Neutral,"{'Angry': 4.337532936993238e-12, 'Disgusted': 2.561611946866327e-13, 'Fearful': 6.622676853532822e-14, 'Happy': 6.228963525534148e-12, 'Neutral': 1.0, 'Other': 1.7328096897357807e-14, 'Sad': 1.3553504672747518e-11, 'Surprised': 1.7692778665756581e-12, 'Unknown': 1.4395566173570212e-13}","Oh no, come on! Don't! (all laugh)"
SAM,00:45:33,00:45:35,Neutral,"{'Angry': 8.624174291371745e-12, 'Disgusted': 4.769836869228383e-13, 'Fearful': 1.1362272071564067e-13, 'Happy': 1.632225778147589e-11, 'Neutral': 1.0, 'Other': 3.166052286334743e-14, 'Sad': 2.1154059406947034e-11, 'Surprised': 2.2313231991255567e-12, 'Unknown': 1.8621466402277825e-13}",There's a little zombie poo on it.
LAURA,00:45:35,00:45:39,Neutral,"{'Angry': 0.018212730064988136, 'Disgusted': 0.2576461434364319, 'Fearful': 0.00494129816070199, 'Happy': 0.13582442700862885, 'Neutral': 0.42276814579963684, 'Other': 0.013813264667987823, 'Sad': 0.07505439966917038, 'Surprised': 0.06262566149234772, 'Unknown': 0.009113902226090431}",I'm getting real tired of your shit.
LIAM,00:45:39,00:45:42,Neutral,"{'Angry': 7.369619497987756e-11, 'Disgusted': 1.6213627662686747e-11, 'Fearful': 4.041066960225326e-12, 'Happy': 1.807009958332273e-10, 'Neutral': 1.0, 'Other': 2.3896178005106128e-12, 'Sad': 3.018643390806375e-10, 'Surprised': 2.220294781363208e-11, 'Unknown': 5.719300900930424e-12}",Ever since we were five.
LAURA,00:45:42,00:45:45,Neutral,"{'Angry': 8.162966136371352e-11, 'Disgusted': 7.964108539315617e-12, 'Fearful': 1.849041536203244e-12, 'Happy': 3.0208435752854257e-10, 'Neutral': 1.0, 'Other': 6.791821337108483e-13, 'Sad': 1.5209411508010362e-10, 'Surprised': 1.2198882529124155e-11, 'Unknown': 3.880686137019973e-12}","I rolled 22 on perception, by the way."
MATT,00:45:45,00:45:47,Happy,"{'Angry': 0.00015021928993519396, 'Disgusted': 0.0035067093558609486, 'Fearful': 0.000566294533200562, 'Happy': 0.9883071780204773, 'Neutral': 0.00188188417814672, 'Other': 0.003243186743929982, 'Sad': 0.000832724676001817, 'Surprised': 0.0011499449610710144, 'Unknown': 0.0003618686750996858}",All right. Make a medicine check.
ORION,00:45:47,00:45:50,Neutral,"{'Angry': 2.3178503560927766e-09, 'Disgusted': 7.390089651337917e-10, 'Fearful': 3.073042098566958e-10, 'Happy': 2.5913987400372207e-08, 'Neutral': 1.0, 'Other': 5.837336863878662e-11, 'Sad': 2.4977962809202836e-08, 'Surprised': 1.892766832156667e-09, 'Unknown': 5.175511755273199e-11}",Does this cave bottleneck?
MATT,00:45:50,00:46:01,Neutral,"{'Angry': 3.3915673611772945e-06, 'Disgusted': 3.0081025670369854e-06, 'Fearful': 2.3996835807338357e-07, 'Happy': 5.007815161661711e-06, 'Neutral': 0.9999741315841675, 'Other': 6.778882834623801e-06, 'Sad': 3.5532373203750467e-06, 'Surprised': 2.866770500986604e-06, 'Unknown': 1.0700167649702053e-06}",It ends here. This is the end of the cave. It curved around and ended in this little portion here. So you had a perception check? What did you roll?
MATT,00:46:01,00:46:04,Neutral,"{'Angry': 1.18536501144198e-13, 'Disgusted': 3.40977538664368e-15, 'Fearful': 6.842677843241836e-16, 'Happy': 1.3304075451980174e-13, 'Neutral': 1.0, 'Other': 6.0325172989727e-16, 'Sad': 3.965346117868612e-13, 'Surprised': 4.8678932656727805e-14, 'Unknown': 2.190918480709028e-15}",22.
SAM,00:46:04,00:46:08,Neutral,"{'Angry': 6.02101835056601e-08, 'Disgusted': 5.362308641565505e-08, 'Fearful': 1.3017293909456384e-08, 'Happy': 4.945903810948948e-07, 'Neutral': 0.9999991655349731, 'Other': 1.1540692845812828e-08, 'Sad': 1.0635643832301866e-07, 'Surprised': 1.462845222732767e-08, 'Unknown': 1.6485307341440603e-08}","Oh, snap."
TRAVIS,00:46:08,00:46:10,Neutral,"{'Angry': 0.0006630565039813519, 'Disgusted': 0.0009010949288494885, 'Fearful': 5.56393715669401e-05, 'Happy': 0.07255452126264572, 'Neutral': 0.9245638847351074, 'Other': 7.672852370887995e-05, 'Sad': 0.0005240538739599288, 'Surprised': 0.0005513075739145279, 'Unknown': 0.00010969911090796813}",The second whisper.
SAM,00:46:10,00:46:14,Happy,"{'Angry': 0.00011563653970370069, 'Disgusted': 0.0008600573055446148, 'Fearful': 0.00017985672457143664, 'Happy': 0.9711385369300842, 'Neutral': 0.026109833270311356, 'Other': 4.252927828929387e-05, 'Sad': 0.0007104190881364048, 'Surprised': 0.000820010609459132, 'Unknown': 2.3196977053885348e-05}",Get down into frame! Lower into frame. Pull them down.
ORION,00:46:14,00:46:16,Happy,"{'Angry': 9.113787946546381e-09, 'Disgusted': 1.3736666026886724e-08, 'Fearful': 1.0347918077968643e-08, 'Happy': 0.9999998807907104, 'Neutral': 5.213495057887485e-08, 'Other': 5.769488886642193e-09, 'Sad': 4.2580133197134273e-08, 'Surprised': 1.1937331123590411e-08, 'Unknown': 1.2044819586165545e-09}",Pull them down.
SAM,00:46:16,00:46:25,Neutral,"{'Angry': 0.005053587723523378, 'Disgusted': 0.018457967787981033, 'Fearful': 0.0005848577711731195, 'Happy': 0.11118151992559433, 'Neutral': 0.8091498613357544, 'Other': 0.00952915195375681, 'Sad': 0.001317779766395688, 'Surprised': 0.0009524081833660603, 'Unknown': 0.04377287998795509}","Ladies and gentlemen, we have a bunch of shirts to sell tonight."
LIAM,00:46:25,00:46:29,Neutral,"{'Angry': 1.8296553605523513e-08, 'Disgusted': 2.3435449136854913e-09, 'Fearful': 3.6959241223044614e-10, 'Happy': 3.422774241812476e-08, 'Neutral': 1.0, 'Other': 2.9669007250987534e-09, 'Sad': 1.4146842808315796e-08, 'Surprised': 5.07690423035001e-09, 'Unknown': 1.7198014123920302e-09}",You look weird. What's up?
LAURA,00:46:29,00:46:38,Neutral,"{'Angry': 5.239293807829393e-12, 'Disgusted': 3.3698868348586153e-13, 'Fearful': 1.0646781985765644e-13, 'Happy': 8.189957392823466e-12, 'Neutral': 1.0, 'Other': 2.4025764288216483e-14, 'Sad': 1.8050559311144632e-11, 'Surprised': 2.6067115046352063e-12, 'Unknown': 2.3046121217992765e-13}",We should not be hanging out in this room right now. Can I try to get a better look at what I saw?
MATT,00:46:38,00:47:21,Neutral,"{'Angry': 6.416669202735648e-05, 'Disgusted': 1.4096491213422269e-05, 'Fearful': 2.9567697765742196e-06, 'Happy': 0.0015722805401310325, 'Neutral': 0.9982826709747314, 'Other': 8.452326255792286e-06, 'Sad': 1.838090793171432e-05, 'Surprised': 3.33279931510333e-05, 'Unknown': 3.750611540453974e-06}","You see, best you can, and you guys follow her eyeline. You look up, and you see what first looks like it's part of the cavern ceiling. It has this weird texture. It looks almost like the smooth rock that the interior of the cavern comes off as. However, as you see it shift and move, it looks almost like a portion of it is moving and slowly crawling, and it looks like there's a red gleaming eye, and then two, and something drops down from the side, almost like a tail that seems to dangle for a second. At which point, it detaches. (fwoosh) Opens up almost like a giant ray, with a screeching mouth that (screeches) screams at you. It lands down in the center of the room."
ASHLEY,00:47:21,00:47:28,Neutral,"{'Angry': 2.1696561214312737e-11, 'Disgusted': 8.060784678631805e-12, 'Fearful': 1.2227202757231215e-12, 'Happy': 1.2006555472066083e-10, 'Neutral': 1.0, 'Other': 1.8208472923886276e-12, 'Sad': 1.8430226789156734e-10, 'Surprised': 2.209109110917762e-11, 'Unknown': 2.120074081568557e-12}","I rolled a nine for medicine, just B-T-W. (all laugh)"
LIAM,00:47:28,00:47:30,Neutral,"{'Angry': 6.468667947956419e-07, 'Disgusted': 1.6947176391113317e-06, 'Fearful': 7.032475082269229e-07, 'Happy': 5.456068265630165e-06, 'Neutral': 0.9999531507492065, 'Other': 4.960739943271619e-07, 'Sad': 3.6922410799888894e-05, 'Surprised': 5.77794764922146e-07, 'Unknown': 2.592183534488868e-07}",How's my foot doing these days?
MATT,00:47:30,00:47:40,Neutral,"{'Angry': 5.1172933945853316e-11, 'Disgusted': 1.1418247423955474e-11, 'Fearful': 4.571362385852318e-12, 'Happy': 1.975416219490711e-10, 'Neutral': 1.0, 'Other': 1.013904563605672e-12, 'Sad': 2.3535959292608766e-10, 'Surprised': 3.759341102305136e-11, 'Unknown': 4.413931026236995e-12}","Your foot is still healing, but unfortunately, based on the medicine roll, it is getting better but not enough to complete the process of you getting all your toes back."
ASHLEY,00:47:40,00:47:45,Neutral,"{'Angry': 7.3592536864452995e-06, 'Disgusted': 7.583309070469113e-06, 'Fearful': 2.3439874894393142e-06, 'Happy': 2.132613417415996e-06, 'Neutral': 0.9998630285263062, 'Other': 9.186202805722132e-05, 'Sad': 4.865621576755075e-06, 'Surprised': 5.603443042900835e-08, 'Unknown': 2.075878728646785e-05}",I saw that thing out of the corner of my eye and was just distracted.
SAM,00:47:45,00:47:50,Neutral,"{'Angry': 1.6603267649628606e-09, 'Disgusted': 3.758023892075357e-10, 'Fearful': 6.162270693721439e-11, 'Happy': 2.1991226617501525e-09, 'Neutral': 1.0, 'Other': 9.118161087284804e-11, 'Sad': 2.2565698198917516e-09, 'Surprised': 1.3320905489777601e-10, 'Unknown': 5.149155546391171e-10}","Oh, what is that thing?"
LAURA,00:47:50,00:47:56,Sad,"{'Angry': 0.00012958579463884234, 'Disgusted': 0.0007429842371493578, 'Fearful': 0.000538991647772491, 'Happy': 0.018475497141480446, 'Neutral': 0.1685938984155655, 'Other': 0.0048698196187615395, 'Sad': 0.7980642318725586, 'Surprised': 0.0001842161436798051, 'Unknown': 0.008400804363191128}",It's a big ray of death. I don't know.
LIAM,00:47:56,00:47:58,Neutral,"{'Angry': 1.719126707655505e-08, 'Disgusted': 2.1668057570423116e-08, 'Fearful': 9.929786770612736e-09, 'Happy': 7.461864726110434e-08, 'Neutral': 0.9999998807907104, 'Other': 2.4884934113345025e-09, 'Sad': 3.2268811622770954e-08, 'Surprised': 3.3665667587001735e-08, 'Unknown': 1.083079403940701e-09}",It does look like a flying manta ray.
MATT,00:47:58,00:47:59,Surprised,"{'Angry': 0.001124245231039822, 'Disgusted': 0.016887467354536057, 'Fearful': 0.00035064449184574187, 'Happy': 0.006461119279265404, 'Neutral': 0.0660441443324089, 'Other': 0.0003101814945694059, 'Sad': 0.005440605338662863, 'Surprised': 0.903359591960907, 'Unknown': 2.2006930521456525e-05}","Let's roll some initiative, folks."
ASHLEY,00:47:59,00:48:01,Neutral,"{'Angry': 4.186166734143626e-06, 'Disgusted': 1.967809112102259e-06, 'Fearful': 5.351215577320545e-07, 'Happy': 8.158629498211667e-06, 'Neutral': 0.9999743700027466, 'Other': 1.7988955391956551e-07, 'Sad': 8.918905223254114e-06, 'Surprised': 1.66217523656087e-06, 'Unknown': 6.926330797796254e-08}","Ugh, come on!"
LIAM,00:48:01,00:48:04,Happy,"{'Angry': 0.00010418798046885058, 'Disgusted': 0.0003405945317354053, 'Fearful': 0.0002381538797635585, 'Happy': 0.6648423075675964, 'Neutral': 0.32371193170547485, 'Other': 0.0004071487346664071, 'Sad': 0.001038495684042573, 'Surprised': 1.5192614227999002e-05, 'Unknown': 0.009301959536969662}",Cheeky bastard.
ASHLEY,00:48:04,00:48:10,Neutral,"{'Angry': 0.04082024097442627, 'Disgusted': 0.001313133747316897, 'Fearful': 0.0005816142074763775, 'Happy': 0.017868878319859505, 'Neutral': 0.9257444143295288, 'Other': 0.0028896562289446592, 'Sad': 0.0002556300605647266, 'Surprised': 1.4185529835231137e-05, 'Unknown': 0.010512201115489006}","Oh, really? Really? I just rolled a natural 20. Why couldn't I get that for medicine?"
MATT,00:48:10,00:48:13,Other,"{'Angry': 0.006630855146795511, 'Disgusted': 0.3114669919013977, 'Fearful': 0.007670133840292692, 'Happy': 0.000706251070369035, 'Neutral': 0.000520174449775368, 'Other': 0.6640568971633911, 'Sad': 0.0001877560862340033, 'Surprised': 0.006055201403796673, 'Unknown': 0.002705714898183942}",That's how it works.
MARISHA,00:48:13,00:48:18,Neutral,"{'Angry': 6.41625604203e-07, 'Disgusted': 1.1702975477589916e-08, 'Fearful': 9.518875687675177e-10, 'Happy': 4.214733451135544e-08, 'Neutral': 0.9999992847442627, 'Other': 3.4486855038373676e-10, 'Sad': 1.8532846368657374e-08, 'Surprised': 1.680788841440517e-08, 'Unknown': 3.958774696943834e-10}",Just throwing it out there: still the shark with the boat.
LAURA,00:48:18,00:48:22,Neutral,"{'Angry': 1.2857667404733708e-13, 'Disgusted': 4.260028964921678e-15, 'Fearful': 8.8868251018286e-16, 'Happy': 1.4734529785523365e-13, 'Neutral': 1.0, 'Other': 7.440701632849094e-16, 'Sad': 4.665400010761545e-13, 'Surprised': 5.808928235347469e-14, 'Unknown': 2.8271588087096233e-15}","Ugh, double 20s on the table."
LIAM,00:48:22,00:48:23,Disgusted,"{'Angry': 0.00033915744279511273, 'Disgusted': 0.9940624833106995, 'Fearful': 0.00020441935339476913, 'Happy': 0.00019254896324127913, 'Neutral': 0.004722741898149252, 'Other': 1.136833816417493e-05, 'Sad': 0.00032935451599769294, 'Surprised': 8.350825737579726e-06, 'Unknown': 0.00012962397886440158}",Natural 20.
MARISHA,00:48:23,00:48:42,Happy,"{'Angry': 7.30761621525744e-06, 'Disgusted': 4.267097028787248e-05, 'Fearful': 6.539448077091947e-05, 'Happy': 0.9994756579399109, 'Neutral': 3.50364061887376e-05, 'Other': 2.054387550742831e-05, 'Sad': 0.00013756465341430157, 'Surprised': 0.00020604729070328176, 'Unknown': 9.766835319169331e-06}","If you guys want to run, the keys are in the car. The engine's warmed up, ready to go. I've got the key turned on. It's nice and cozy. That's such a good roll, though. That's a good initiative roll."
MATT,00:48:42,00:49:05,Neutral,"{'Angry': 8.781923679634929e-05, 'Disgusted': 8.978391269920394e-05, 'Fearful': 4.938581241731299e-06, 'Happy': 0.008556153625249863, 'Neutral': 0.9909611344337463, 'Other': 0.00014613254461437464, 'Sad': 7.321424345718697e-05, 'Surprised': 3.992428901256062e-05, 'Unknown': 4.0841179725248367e-05}","So at this, this thing leaps out from almost nowhere. The only reason you picked it up is your acute vision, and as it lands, it's right around the corner from the two of you, and it has this long, almost spined tail and this jaw that opens up, this nasty, toothy gaping maw. All right. Initiative rolls of 25 to 20?"
MATT,00:49:05,00:49:07,Neutral,"{'Angry': 5.435551793198101e-05, 'Disgusted': 0.0001750085357343778, 'Fearful': 3.0297836929094046e-05, 'Happy': 0.0031221280805766582, 'Neutral': 0.99594646692276, 'Other': 2.570098513388075e-05, 'Sad': 0.0003887754282914102, 'Surprised': 0.0002293504076078534, 'Unknown': 2.7976191631751135e-05}",22.
LIAM,00:49:07,00:49:09,Disgusted,"{'Angry': 0.03569381311535835, 'Disgusted': 0.697327196598053, 'Fearful': 0.006067370995879173, 'Happy': 0.09126252681016922, 'Neutral': 0.12053211778402328, 'Other': 0.0028483960777521133, 'Sad': 0.030559781938791275, 'Surprised': 0.013898422010242939, 'Unknown': 0.0018103804904967546}",25.
TRAVIS,00:49:09,00:49:12,Neutral,"{'Angry': 4.669078407459892e-05, 'Disgusted': 1.632190469535999e-05, 'Fearful': 6.548313649545889e-06, 'Happy': 0.00010609088349156082, 'Neutral': 0.9997484087944031, 'Other': 8.341916327481158e-06, 'Sad': 8.00488760432927e-06, 'Surprised': 1.5209720913844649e-06, 'Unknown': 5.811537994304672e-05}",And the shark.
MARISHA,00:49:12,00:49:14,Neutral,"{'Angry': 0.0234714113175869, 'Disgusted': 0.00021054100943729281, 'Fearful': 1.498524761700537e-05, 'Happy': 0.05152516812086105, 'Neutral': 0.9239617586135864, 'Other': 2.447843689878937e-05, 'Sad': 0.00032155131339095533, 'Surprised': 0.0004638440441340208, 'Unknown': 6.335477792163147e-06}",20.
MATT,00:49:14,00:49:18,Neutral,"{'Angry': 5.7016446675106636e-08, 'Disgusted': 2.998727310909999e-08, 'Fearful': 3.852989038932719e-09, 'Happy': 1.8684714859773521e-06, 'Neutral': 0.9999978542327881, 'Other': 2.674906518507214e-09, 'Sad': 7.645696342706287e-08, 'Surprised': 4.660127927991198e-08, 'Unknown': 5.8419526993702675e-09}",Nice. All right.
MATT,00:49:18,00:49:21,Neutral,"{'Angry': 5.431970429015109e-09, 'Disgusted': 1.6705234973102279e-09, 'Fearful': 2.514840558021092e-10, 'Happy': 7.397102042006054e-09, 'Neutral': 1.0, 'Other': 3.531138159651448e-10, 'Sad': 8.976497767321234e-09, 'Surprised': 3.793470260138321e-10, 'Unknown': 2.10352268936731e-09}",What were you?
TRAVIS,00:49:21,00:49:25,Neutral,"{'Angry': 2.8793806450266857e-07, 'Disgusted': 1.097919152925897e-06, 'Fearful': 4.747528947746105e-08, 'Happy': 3.657396518974565e-06, 'Neutral': 0.9999749660491943, 'Other': 1.6019246686482802e-05, 'Sad': 3.071412493227399e-06, 'Surprised': 4.957729515808751e-08, 'Unknown': 7.859812853894255e-07}",Plus Ash's was natural 20.
MATT,00:49:25,00:49:27,Neutral,"{'Angry': 6.84277745577333e-10, 'Disgusted': 1.0449059673067751e-10, 'Fearful': 1.2442284182123675e-11, 'Happy': 9.408953616230065e-10, 'Neutral': 1.0, 'Other': 6.522371184813913e-12, 'Sad': 8.114366956135655e-10, 'Surprised': 7.834377591109387e-11, 'Unknown': 2.92630399079119e-11}","And Grog, what was yours again?"
MATT,00:49:27,00:49:32,Neutral,"{'Angry': 4.08930600315216e-06, 'Disgusted': 4.7002313294797204e-06, 'Fearful': 4.960517685503874e-07, 'Happy': 3.166186434100382e-05, 'Neutral': 0.9999024868011475, 'Other': 2.6145027732127346e-05, 'Sad': 1.709777393443801e-06, 'Surprised': 1.8341406757826917e-05, 'Unknown': 1.0348880095989443e-05}",All right.
MATT,00:49:32,00:49:34,Neutral,"{'Angry': 0.05095280706882477, 'Disgusted': 0.0023712594993412495, 'Fearful': 0.00042014243081212044, 'Happy': 0.11700274795293808, 'Neutral': 0.8191689848899841, 'Other': 0.0002473013009876013, 'Sad': 0.008413542062044144, 'Surprised': 0.0013375350972637534, 'Unknown': 8.570884529035538e-05}",20 to 15?
MATT,00:49:34,00:49:38,Neutral,"{'Angry': 2.3878388155651464e-10, 'Disgusted': 7.080187131025539e-11, 'Fearful': 3.171635523657734e-11, 'Happy': 6.731205037802113e-10, 'Neutral': 1.0, 'Other': 1.08214305571952e-11, 'Sad': 1.1187061943473964e-08, 'Surprised': 7.717081140778959e-11, 'Unknown': 5.912285851866761e-12}",18 for Tiberius. 15 to ten?
MATT,00:49:38,00:49:40,Neutral,"{'Angry': 5.2303999837022275e-05, 'Disgusted': 7.276109681697562e-05, 'Fearful': 5.714440703741275e-05, 'Happy': 7.141272362787277e-05, 'Neutral': 0.9989446997642517, 'Other': 1.7545664377394132e-05, 'Sad': 0.0007462705252692103, 'Surprised': 2.468781895004213e-05, 'Unknown': 1.3154899534129072e-05}",11 for Scanlan.
MATT,00:49:40,00:49:42,Neutral,"{'Angry': 4.916151443183289e-14, 'Disgusted': 1.836281032286703e-15, 'Fearful': 2.852670117591943e-16, 'Happy': 6.835640587636929e-14, 'Neutral': 1.0, 'Other': 4.405074251534794e-16, 'Sad': 1.6262298040310708e-13, 'Surprised': 2.905980984275677e-14, 'Unknown': 1.309755187878063e-15}",Ten.
ASHLEY,00:49:42,00:49:43,Neutral,"{'Angry': 0.0026115146465599537, 'Disgusted': 0.002990332432091236, 'Fearful': 0.0002162148302886635, 'Happy': 7.082251249812543e-05, 'Neutral': 0.9733919501304626, 'Other': 0.00037065832293592393, 'Sad': 0.020169494673609734, 'Surprised': 0.0001724387111607939, 'Unknown': 6.624577054026304e-06}","Sorry, Scanlan."
SAM,00:49:43,00:49:45,Neutral,"{'Angry': 3.92982053962123e-14, 'Disgusted': 1.6065463211126685e-15, 'Fearful': 2.4379617278250533e-16, 'Happy': 5.540762008818083e-14, 'Neutral': 1.0, 'Other': 4.606697209738879e-16, 'Sad': 1.3129856360136194e-13, 'Surprised': 2.5241583522244045e-14, 'Unknown': 1.2693904680513698e-15}",It's all right. I'll see you next match.
MARISHA,00:49:45,00:49:52,Neutral,"{'Angry': 5.222509165576927e-13, 'Disgusted': 2.0393395631056188e-14, 'Fearful': 4.4182534489193605e-15, 'Happy': 7.355260606307923e-13, 'Neutral': 1.0, 'Other': 2.3286288855153955e-15, 'Sad': 1.8976333091696995e-12, 'Surprised': 1.6699371106852073e-13, 'Unknown': 1.4793516821156975e-14}","We're all over ten, though. That's pretty good, guys. We should be proud of that."
MATT,00:49:52,00:50:07,Neutral,"{'Angry': 1.7267014484900756e-08, 'Disgusted': 9.880322116018192e-10, 'Fearful': 1.8987791894353734e-10, 'Happy': 3.5749607718571497e-08, 'Neutral': 1.0, 'Other': 1.0620108958914187e-10, 'Sad': 9.379661491948355e-09, 'Surprised': 3.799670356130491e-09, 'Unknown': 1.3295521628098328e-10}","All right, so top of the round. As this creature sits there, it's giving off this weird, horrible moaning sound (screeches) that's starting to just fill your ears. At the top of the round is Vax."
LAURA,00:50:07,00:50:11,Neutral,"{'Angry': 0.0005883332341909409, 'Disgusted': 0.0002706628292798996, 'Fearful': 7.775236008455977e-05, 'Happy': 0.0026609140913933516, 'Neutral': 0.9930918216705322, 'Other': 0.0005509454640559852, 'Sad': 9.770176257006824e-05, 'Surprised': 1.0704330634325743e-05, 'Unknown': 0.0026511542964726686}",What should we do? Command us.
LIAM,00:50:11,00:50:12,Neutral,"{'Angry': 0.0020070376340299845, 'Disgusted': 3.673913306556642e-05, 'Fearful': 0.0001008938197628595, 'Happy': 0.0017117346869781613, 'Neutral': 0.996013879776001, 'Other': 3.851823294098722e-06, 'Sad': 5.485036308527924e-05, 'Surprised': 6.941569154150784e-05, 'Unknown': 1.5476870203201543e-06}",Command us?
LAURA,00:50:12,00:50:14,Neutral,"{'Angry': 1.3181132400841289e-11, 'Disgusted': 8.743222075155432e-13, 'Fearful': 2.6157450771363555e-13, 'Happy': 1.6837843619388337e-11, 'Neutral': 1.0, 'Other': 7.211397277939735e-14, 'Sad': 3.3979014046892075e-11, 'Surprised': 3.919262483997876e-12, 'Unknown': 4.379078208990167e-13}",Do you want us to stay?
LIAM,00:50:14,00:50:17,Neutral,"{'Angry': 5.361216359744958e-09, 'Disgusted': 3.900944456347588e-09, 'Fearful': 8.697030318138843e-10, 'Happy': 1.4294857741958822e-08, 'Neutral': 1.0, 'Other': 7.22506998673822e-10, 'Sad': 2.2878088756783654e-08, 'Surprised': 3.4411712368509484e-10, 'Unknown': 8.525241845802611e-09}",Run! (all laugh)
LIAM,00:50:17,00:50:20,Neutral,"{'Angry': 4.587075963513598e-08, 'Disgusted': 1.0781344567112328e-10, 'Fearful': 1.8142510063712258e-11, 'Happy': 1.0624820134808033e-08, 'Neutral': 1.0, 'Other': 9.86136736505494e-13, 'Sad': 1.6771640742874183e-09, 'Surprised': 3.487889421727175e-10, 'Unknown': 1.5885801788600995e-12}",We've never done it before!
TRAVIS,00:50:20,00:50:23,Neutral,"{'Angry': 1.6160361937522794e-08, 'Disgusted': 3.4481564270549825e-09, 'Fearful': 3.943367854475355e-09, 'Happy': 6.46560565087384e-08, 'Neutral': 0.9999998807907104, 'Other': 3.023546968350388e-10, 'Sad': 3.777192958409614e-08, 'Surprised': 1.2843531571604672e-08, 'Unknown': 5.988010087776274e-10}",Let's see what happens!
LIAM,00:50:23,00:50:26,Neutral,"{'Angry': 1.6244061651349284e-10, 'Disgusted': 4.079465584783115e-11, 'Fearful': 7.61454302389275e-11, 'Happy': 3.526608172155221e-10, 'Neutral': 1.0, 'Other': 1.2827153618791276e-12, 'Sad': 2.072301441558011e-09, 'Surprised': 2.3101695556526636e-10, 'Unknown': 7.466761584029591e-12}",What the hell is it called? My quick action to dash.
LIAM,00:50:26,00:50:29,Neutral,"{'Angry': 0.0012590977130457759, 'Disgusted': 0.01477384939789772, 'Fearful': 0.0009012355585582554, 'Happy': 0.0022988091222941875, 'Neutral': 0.9339934587478638, 'Other': 0.04039629548788071, 'Sad': 0.004904633853584528, 'Surprised': 0.0002023381384788081, 'Unknown': 0.001270394423045218}",Yeah!
LAURA,00:50:29,00:50:30,Neutral,"{'Angry': 9.712075410561738e-08, 'Disgusted': 4.8571560995469554e-08, 'Fearful': 1.8023251779908378e-09, 'Happy': 9.430546015209984e-06, 'Neutral': 0.9999899864196777, 'Other': 2.2390889142798187e-09, 'Sad': 3.274542166309402e-07, 'Surprised': 1.279430961176331e-08, 'Unknown': 9.631780928387457e-10}",You're leaving me behind?
LIAM,00:50:30,00:50:32,Neutral,"{'Angry': 0.002505610464140773, 'Disgusted': 0.0002735918969847262, 'Fearful': 3.7747417081845924e-05, 'Happy': 0.009367578662931919, 'Neutral': 0.9854204058647156, 'Other': 4.75626002298668e-05, 'Sad': 0.0014737079618498683, 'Surprised': 0.000856691156513989, 'Unknown': 1.7096621377277188e-05}",Can I grab her by the scruff and run?
MATT,00:50:32,00:50:38,Neutral,"{'Angry': 7.979070529295917e-12, 'Disgusted': 6.735613043880317e-13, 'Fearful': 2.177672105141415e-13, 'Happy': 1.0746949337392397e-11, 'Neutral': 1.0, 'Other': 5.584154829079563e-14, 'Sad': 2.9215747876509823e-11, 'Surprised': 3.939280325548911e-12, 'Unknown': 6.301808033737366e-13}","If you want to try and move her, you'll basically move both of you. You can do that, but you'll have no other action."
MATT,00:50:38,00:50:40,Unknown,"{'Angry': 0.023676641285419464, 'Disgusted': 0.006107796914875507, 'Fearful': 0.002689739689230919, 'Happy': 0.002015545964241028, 'Neutral': 0.30327966809272766, 'Other': 0.010573767125606537, 'Sad': 0.000752088672015816, 'Surprised': 1.0534993180044694e-06, 'Unknown': 0.6509037017822266}",Okay.
LIAM,00:50:40,00:50:42,Neutral,"{'Angry': 0.00012100615276722237, 'Disgusted': 0.0003701667010318488, 'Fearful': 2.088165274471976e-05, 'Happy': 5.148404306964949e-05, 'Neutral': 0.9991490840911865, 'Other': 1.9869823972840095e-06, 'Sad': 5.670762766385451e-05, 'Surprised': 0.00022709414770361036, 'Unknown': 1.680555214988999e-06}",Grabbing my sister.
MATT,00:50:42,00:50:43,Neutral,"{'Angry': 2.7444543775345664e-06, 'Disgusted': 5.49274454897386e-06, 'Fearful': 4.3937197347077017e-07, 'Happy': 0.00813071709126234, 'Neutral': 0.9918214678764343, 'Other': 5.59843056180398e-06, 'Sad': 2.7437048629508354e-05, 'Surprised': 4.4483804231276736e-06, 'Unknown': 1.6821853705550893e-06}",Grab your sister.
ORION,00:50:43,00:50:45,Neutral,"{'Angry': 2.47639807965383e-11, 'Disgusted': 9.525861002779301e-13, 'Fearful': 2.071254138254902e-13, 'Happy': 6.039221206455281e-11, 'Neutral': 1.0, 'Other': 6.83019247172019e-14, 'Sad': 5.642642603165271e-11, 'Surprised': 4.627312855803867e-12, 'Unknown': 4.164843654414635e-13}","Get on the damn carpet, you fools!"
LAURA,00:50:45,00:50:47,Neutral,"{'Angry': 0.0006811532657593489, 'Disgusted': 0.00022056025045458227, 'Fearful': 3.760397885343991e-05, 'Happy': 0.0009490685188211501, 'Neutral': 0.9980283379554749, 'Other': 3.3129820167232538e-06, 'Sad': 3.197486148565076e-05, 'Surprised': 4.65387201984413e-05, 'Unknown': 1.4306745015346678e-06}",(groaning) Can it fit us?
MATT,00:50:47,00:50:49,Neutral,"{'Angry': 0.0004737311974167824, 'Disgusted': 0.0014083001296967268, 'Fearful': 0.0021901014260947704, 'Happy': 0.03587513417005539, 'Neutral': 0.9269331693649292, 'Other': 0.0013193682534620166, 'Sad': 0.003923512529581785, 'Surprised': 0.0005155320977792144, 'Unknown': 0.027361229062080383}","Currently, you guys would be able to get onto the carpet."
LAURA,00:50:49,00:50:51,Neutral,"{'Angry': 6.126175955412094e-11, 'Disgusted': 8.181729599376908e-12, 'Fearful': 2.3133066642810896e-12, 'Happy': 9.994687022452098e-11, 'Neutral': 1.0, 'Other': 7.682061909340676e-13, 'Sad': 2.390942444030486e-10, 'Surprised': 1.3010136371005565e-11, 'Unknown': 4.333927747929289e-12}",We jump onto the carpet!
LAURA,00:50:51,00:50:53,Neutral,"{'Angry': 0.00019064857042394578, 'Disgusted': 0.000259363412624225, 'Fearful': 0.00013962987577542663, 'Happy': 0.0016642633127048612, 'Neutral': 0.9955723285675049, 'Other': 7.002634811215103e-05, 'Sad': 0.0001980798551812768, 'Surprised': 0.001621308154426515, 'Unknown': 0.0002842560352291912}",He probably does.
MATT,00:50:53,00:50:56,Neutral,"{'Angry': 1.8702735360420775e-08, 'Disgusted': 2.423450418120865e-08, 'Fearful': 1.9365408832072717e-08, 'Happy': 1.1829401103113923e-07, 'Neutral': 0.9999996423721313, 'Other': 8.063685719150726e-09, 'Sad': 2.0893669727684028e-07, 'Surprised': 1.5928913299489977e-08, 'Unknown': 2.768959506127544e-09}",What?! Why would a giant winged-thing fly?
ASHLEY,00:50:56,00:51:00,Neutral,"{'Angry': 1.0964657803924638e-07, 'Disgusted': 8.838049403436798e-09, 'Fearful': 6.2886322815813855e-09, 'Happy': 2.0886939182673814e-06, 'Neutral': 0.9999973773956299, 'Other': 3.274712501166732e-09, 'Sad': 3.186012520473014e-07, 'Surprised': 1.1862175242072226e-08, 'Unknown': 2.208734750652752e-09}","laughs) He looks like he flies, guys."
SAM,00:51:00,00:51:05,Happy,"{'Angry': 0.005580822937190533, 'Disgusted': 0.00658709229901433, 'Fearful': 0.000847507908474654, 'Happy': 0.9843389987945557, 'Neutral': 7.831729453755543e-05, 'Other': 0.0015379864489659667, 'Sad': 0.0005752877914346755, 'Surprised': 0.0003751909243874252, 'Unknown': 7.873396680224687e-05}",Wait! Can we have an aerial battle over water? Let's do it!
TALIESIN,00:51:05,00:51:08,Neutral,"{'Angry': 6.712070135805881e-12, 'Disgusted': 3.668940693792033e-13, 'Fearful': 6.785149292464279e-14, 'Happy': 2.0214394394479918e-11, 'Neutral': 1.0, 'Other': 2.2189578123619873e-14, 'Sad': 1.8266119519716462e-11, 'Surprised': 2.0391316673390447e-12, 'Unknown': 9.198289238577725e-14}",I'm on the boat.
MATT,00:51:08,00:51:13,Happy,"{'Angry': 6.12433270763546e-10, 'Disgusted': 1.0482420487178956e-09, 'Fearful': 1.6028417482161217e-09, 'Happy': 1.0, 'Neutral': 1.8089867381831937e-09, 'Other': 4.786184781835345e-10, 'Sad': 5.5990145853002105e-09, 'Surprised': 3.2527966986606316e-09, 'Unknown': 4.6951698084996e-10}","No, you're not on the boat. You guys have come into the cavern after this point, when you gave chase. You guys are in the cavern."
TALIESIN,00:51:13,00:51:14,Angry,"{'Angry': 0.9774237275123596, 'Disgusted': 0.007104977034032345, 'Fearful': 0.0011916692601516843, 'Happy': 0.004367263056337833, 'Neutral': 0.006803140044212341, 'Other': 2.4420354748144746e-05, 'Sad': 0.0023637779522687197, 'Surprised': 0.0006720813107676804, 'Unknown': 4.8942940338747576e-05}",I started heading back to the boat.
MATT,00:51:14,00:51:18,Happy,"{'Angry': 1.096414621315489e-07, 'Disgusted': 2.8858949008281343e-07, 'Fearful': 7.061441209543773e-08, 'Happy': 0.9999984502792358, 'Neutral': 3.674864217373397e-07, 'Other': 1.2750754763146688e-07, 'Sad': 1.6163227201104746e-07, 'Surprised': 4.301205649426265e-07, 'Unknown': 6.236598437681096e-08}","Oh, you did? Then yeah, you're still out by the boat."
TALIESIN,00:51:18,00:51:26,Neutral,"{'Angry': 8.307905227411538e-05, 'Disgusted': 5.2307837904663756e-05, 'Fearful': 8.582836926507298e-06, 'Happy': 0.0020822896622121334, 'Neutral': 0.9974090456962585, 'Other': 9.85561273409985e-05, 'Sad': 4.3716088839573786e-05, 'Surprised': 1.9358772988198325e-05, 'Unknown': 0.0002029363386100158}","So I just heard someone yell, ""run."" So I'm going to start unhooking the boat. I'm getting the boat ready to go."
MATT,00:51:26,00:51:32,Neutral,"{'Angry': 0.002439285861328244, 'Disgusted': 6.046379348845221e-05, 'Fearful': 5.754715857619885e-06, 'Happy': 0.00023249337391462177, 'Neutral': 0.9971534013748169, 'Other': 1.2581316696014255e-05, 'Sad': 2.88644168904284e-05, 'Surprised': 3.8708617466909345e-06, 'Unknown': 6.329774623736739e-05}","You take the butt of your gun and you start bashing against the ice that you set against the wall. It cracks, and eventually you get the rope free from the side of the wall."
TALIESIN,00:51:32,00:51:36,Happy,"{'Angry': 2.760373263299698e-08, 'Disgusted': 1.901309332197343e-07, 'Fearful': 3.6299204566603294e-06, 'Happy': 0.9999891519546509, 'Neutral': 9.009664125869676e-08, 'Other': 4.120313860767055e-06, 'Sad': 2.407936790405074e-06, 'Surprised': 8.238421855821798e-08, 'Unknown': 3.011248850270931e-07}",And I'm bringing the boat around so that people can get on really quick.
MATT,00:51:36,00:51:38,Neutral,"{'Angry': 2.124736965924967e-05, 'Disgusted': 1.1166197509737685e-05, 'Fearful': 7.578599252155982e-06, 'Happy': 0.0006531622493639588, 'Neutral': 0.999243974685669, 'Other': 2.7492744720802875e-06, 'Sad': 2.760454844974447e-05, 'Surprised': 2.238902379758656e-05, 'Unknown': 1.0175212992180604e-05}",Okay. That brings us to Grog.
TRAVIS,00:51:38,00:51:43,Happy,"{'Angry': 0.002773875603452325, 'Disgusted': 0.01025272998958826, 'Fearful': 0.002204919932410121, 'Happy': 0.5980367660522461, 'Neutral': 0.2392813116312027, 'Other': 0.0872199758887291, 'Sad': 0.004745665472000837, 'Surprised': 0.016975654289126396, 'Unknown': 0.03850909695029259}",I would like to rage... and run! (all laugh)
TRAVIS,00:51:43,00:51:47,Happy,"{'Angry': 2.3480621891280862e-08, 'Disgusted': 7.060014439730367e-08, 'Fearful': 1.6370524491549077e-08, 'Happy': 0.9999986886978149, 'Neutral': 6.28723171303136e-07, 'Other': 5.4236739543966905e-08, 'Sad': 3.3071719940380717e-07, 'Surprised': 9.443849080525979e-08, 'Unknown': 1.944800942510483e-08}",Passing as many people as I can!
MATT,00:51:47,00:51:48,Surprised,"{'Angry': 0.0012907410273328424, 'Disgusted': 0.049635499715805054, 'Fearful': 0.0005458517116494477, 'Happy': 0.003514072857797146, 'Neutral': 0.0029383390210568905, 'Other': 0.0010048549156636, 'Sad': 0.0003303378471173346, 'Surprised': 0.9405896067619324, 'Unknown': 0.0001506526314187795}",All right!
TRAVIS,00:51:48,00:51:52,Happy,"{'Angry': 2.2074718442066654e-10, 'Disgusted': 4.948439435992213e-10, 'Fearful': 5.581695106116058e-10, 'Happy': 1.0, 'Neutral': 3.8509528899055567e-10, 'Other': 3.2109767622579e-10, 'Sad': 1.0890973678456817e-09, 'Surprised': 9.089463071099146e-10, 'Unknown': 1.1476594674597607e-10}",Rage running! (frantic noises)
MATT,00:51:52,00:51:58,Happy,"{'Angry': 3.346526136738248e-05, 'Disgusted': 6.885432230774313e-05, 'Fearful': 5.9249137848382816e-05, 'Happy': 0.9992712140083313, 'Neutral': 0.00021342110994737595, 'Other': 3.668289355118759e-05, 'Sad': 0.0002424416597932577, 'Surprised': 5.1945127779617906e-05, 'Unknown': 2.2709429686074145e-05}","Okay. So you just bolt out. I say rage run and barbarian speed, you're going to get nearly completely out of the cavern."
LIAM,00:51:58,00:52:01,Happy,"{'Angry': 1.3435175194587146e-09, 'Disgusted': 5.9978901845170185e-09, 'Fearful': 3.3671052612760377e-09, 'Happy': 1.0, 'Neutral': 1.837037189034163e-08, 'Other': 6.951264008847602e-10, 'Sad': 1.6948289882634526e-08, 'Surprised': 3.7547445153052195e-09, 'Unknown': 1.6784377221412683e-09}",His knees are really high in the air!
MATT,00:52:01,00:52:06,Neutral,"{'Angry': 0.007284051273018122, 'Disgusted': 0.04167964309453964, 'Fearful': 0.004727994091808796, 'Happy': 0.003157923463732004, 'Neutral': 0.9340245723724365, 'Other': 0.0006565149524249136, 'Sad': 0.005347047466784716, 'Surprised': 0.001758785918354988, 'Unknown': 0.0013635542709380388}",Keyleth! Are you staying out in shark form at the boat?
MARISHA,00:52:06,00:52:21,Neutral,"{'Angry': 0.00017740967450663447, 'Disgusted': 0.0001290232321480289, 'Fearful': 5.09675192006398e-06, 'Happy': 0.20521925389766693, 'Neutral': 0.7931748032569885, 'Other': 0.0005466473521664739, 'Sad': 0.0002188273792853579, 'Surprised': 2.229107849416323e-05, 'Unknown': 0.0005067203310318291}","Yeah, I guess. I feel Percy unhook, and I start the forward momentum. Pointing that direction?"
MATT,00:52:21,00:52:25,Neutral,"{'Angry': 2.716833250815398e-06, 'Disgusted': 4.483189513848629e-06, 'Fearful': 3.7230447560432367e-06, 'Happy': 3.136791565339081e-05, 'Neutral': 0.9999048709869385, 'Other': 3.6957776501367334e-06, 'Sad': 2.882185754060629e-06, 'Surprised': 2.5591296548554965e-07, 'Unknown': 4.6047294745221734e-05}",Okay! All right. Pike.
ASHLEY,00:52:25,00:52:28,Neutral,"{'Angry': 2.1130538725017134e-12, 'Disgusted': 1.1286608312451735e-13, 'Fearful': 2.6395645584087295e-14, 'Happy': 2.9856978434744663e-12, 'Neutral': 1.0, 'Other': 1.1083869960086881e-14, 'Sad': 7.069617460886413e-12, 'Surprised': 7.733620601552138e-13, 'Unknown': 5.935577956873647e-14}","Oh wow, I'm up so soon! Okay, I'm going to start running!"
MATT,00:52:28,00:52:42,Neutral,"{'Angry': 1.8806467884727174e-13, 'Disgusted': 5.805092870162301e-15, 'Fearful': 1.0903079036066687e-15, 'Happy': 2.1325890814556658e-13, 'Neutral': 1.0, 'Other': 7.747058097398805e-16, 'Sad': 6.368009418389331e-13, 'Surprised': 6.633523618642181e-14, 'Unknown': 3.469580994917517e-15}","All right! So you turn and run. You catch up to Grog, because he traveled twice the distance that you could have with your tiny little gnome legs in your full-plate armor. You're like (grunt). Plus, it's sand, so your feet are sinking with each step. It's rough for you to get around because of your size and the terrain."
ASHLEY,00:52:42,00:52:44,Neutral,"{'Angry': 1.2695487716651854e-10, 'Disgusted': 5.377717368637569e-12, 'Fearful': 4.9961467254999725e-12, 'Happy': 8.79598685554761e-11, 'Neutral': 1.0, 'Other': 1.0335525160330358e-13, 'Sad': 3.8514744171713744e-10, 'Surprised': 1.8293420597781385e-11, 'Unknown': 5.28465509200271e-13}",Can I jump on his leg or back?
MATT,00:52:44,00:52:46,Neutral,"{'Angry': 0.011598015204071999, 'Disgusted': 0.01866522990167141, 'Fearful': 0.003716477192938328, 'Happy': 0.0021007994655519724, 'Neutral': 0.9356063008308411, 'Other': 0.003437579842284322, 'Sad': 0.013742951676249504, 'Surprised': 0.00013371325621847063, 'Unknown': 0.010998912155628204}",You can try to.
ASHLEY,00:52:46,00:52:47,Neutral,"{'Angry': 0.0010385885834693909, 'Disgusted': 0.004682444501668215, 'Fearful': 0.00013774496619589627, 'Happy': 0.0005613440880551934, 'Neutral': 0.9919147491455078, 'Other': 6.049301737220958e-05, 'Sad': 0.0013408599188551307, 'Surprised': 2.0518644305411726e-05, 'Unknown': 0.00024317084171343595}",All right.
MATT,00:52:47,00:52:54,Happy,"{'Angry': 0.00014463298430200666, 'Disgusted': 7.668041507713497e-05, 'Fearful': 0.00025836462737061083, 'Happy': 0.9443076848983765, 'Neutral': 0.05246805399656296, 'Other': 0.00041982755647040904, 'Sad': 0.001361958566121757, 'Surprised': 0.0009254369069822133, 'Unknown': 3.73788207070902e-05}","All right! Make an athletics check. With disadvantage, because you're in full-plate armor."
LIAM,00:52:54,00:52:58,Neutral,"{'Angry': 3.3809274668783473e-07, 'Disgusted': 1.1478418855404016e-06, 'Fearful': 1.0595346822128704e-07, 'Happy': 9.671135785538354e-07, 'Neutral': 0.9999948740005493, 'Other': 2.9781966759401257e-07, 'Sad': 8.728599141250015e-07, 'Surprised': 1.7804744345539802e-08, 'Unknown': 1.482591528656485e-06}",Nothing's free! (laughing) You've got to roll for everything.
ASHLEY,00:52:58,00:53:03,Neutral,"{'Angry': 2.6343154324592888e-09, 'Disgusted': 2.777491014960276e-10, 'Fearful': 5.5799892484387215e-11, 'Happy': 3.966057704474224e-09, 'Neutral': 1.0, 'Other': 1.0487875845566208e-10, 'Sad': 2.1143189421479747e-09, 'Surprised': 1.948915889782299e-10, 'Unknown': 4.0708475479434014e-10}",All right. We got a 19. And we got a nine.
MATT,00:53:03,00:53:07,Neutral,"{'Angry': 1.0567017625362496e-06, 'Disgusted': 4.688365251581672e-09, 'Fearful': 4.2664749511089894e-10, 'Happy': 8.327493361548477e-08, 'Neutral': 0.9999988079071045, 'Other': 3.667766368398162e-10, 'Sad': 3.280770499713981e-08, 'Surprised': 1.3473916204986836e-08, 'Unknown': 2.5298091399506006e-10}",All right. What's your strength? What was your athletics? Total.
ASHLEY,00:53:07,00:53:09,Happy,"{'Angry': 0.021069737151265144, 'Disgusted': 0.005032765679061413, 'Fearful': 0.027952253818511963, 'Happy': 0.7596232295036316, 'Neutral': 0.000838234496768564, 'Other': 0.0010718840640038252, 'Sad': 0.07878024876117706, 'Surprised': 2.208658952440601e-05, 'Unknown': 0.10560957342386246}","My athletics is a one, total."
MATT,00:53:09,00:53:17,Happy,"{'Angry': 2.5807427306290265e-09, 'Disgusted': 1.0652029480695546e-08, 'Fearful': 1.6224314114410276e-09, 'Happy': 0.9999998807907104, 'Neutral': 3.789980596025089e-08, 'Other': 5.641862088623384e-09, 'Sad': 9.4664880379014e-09, 'Surprised': 1.941207417033297e-09, 'Unknown': 1.7846993216608098e-08}","So that brings you to a ten. Ten is what you needed. So, as you run up, you leap and grab onto Grog's back. Grog, I want you to make a--"
ASHLEY,00:53:17,00:53:24,Surprised,"{'Angry': 1.7016289348248392e-05, 'Disgusted': 0.00018005233141593635, 'Fearful': 9.070300620805938e-06, 'Happy': 8.111198985716328e-05, 'Neutral': 1.2937152860104106e-05, 'Other': 1.580951902724337e-05, 'Sad': 2.790950475173304e-06, 'Surprised': 0.9996719360351562, 'Unknown': 9.232812772097532e-06}","Wait, no! Hold on. I need to be honest. I rolled an eight. My athletics is a one, so doesn't that make me nine?"
MATT,00:53:24,00:53:26,Neutral,"{'Angry': 2.1431425921036862e-05, 'Disgusted': 2.2592446839553304e-05, 'Fearful': 1.0640701475495007e-06, 'Happy': 9.11176684894599e-05, 'Neutral': 0.9998113512992859, 'Other': 5.562068054132396e-06, 'Sad': 2.426175569780753e-06, 'Surprised': 1.0092974207509542e-06, 'Unknown': 4.354459451860748e-05}",That makes you a nine.
ASHLEY,00:53:26,00:53:27,Neutral,"{'Angry': 1.4566673423033194e-09, 'Disgusted': 5.180037510044144e-10, 'Fearful': 1.7774008653770323e-10, 'Happy': 4.822474863885873e-09, 'Neutral': 1.0, 'Other': 1.1082201822887328e-10, 'Sad': 7.378178068506713e-09, 'Surprised': 3.620873045839801e-10, 'Unknown': 2.475847027394451e-10}",Sorry.
TRAVIS,00:53:27,00:53:28,Neutral,"{'Angry': 1.2236770999152213e-05, 'Disgusted': 6.719639713992365e-06, 'Fearful': 5.596875780611299e-06, 'Happy': 4.200496186967939e-05, 'Neutral': 0.9998871088027954, 'Other': 5.269907887850422e-07, 'Sad': 3.5177814424969256e-05, 'Surprised': 1.0394468517915811e-05, 'Unknown': 3.1169651037998847e-07}",Look at that honor code!
LAURA,00:53:28,00:53:31,Neutral,"{'Angry': 8.75115730991638e-08, 'Disgusted': 4.267129938284597e-08, 'Fearful': 3.803936277080311e-09, 'Happy': 2.926876959463698e-06, 'Neutral': 0.9999967813491821, 'Other': 2.3325270603891113e-09, 'Sad': 1.0411302753254859e-07, 'Surprised': 1.3877857973909613e-08, 'Unknown': 6.982336375749298e-10}","That was good, because I was going to let it go."
MATT,00:53:31,00:53:52,Neutral,"{'Angry': 1.7687270315036585e-08, 'Disgusted': 2.0606805151146546e-09, 'Fearful': 2.7010249592507307e-10, 'Happy': 8.338743100466672e-06, 'Neutral': 0.9999916553497314, 'Other': 3.121760627777803e-10, 'Sad': 4.488648741585166e-08, 'Surprised': 9.895785524349776e-09, 'Unknown': 7.286927172778235e-10}","So! As you jump to grab onto the back of Grog's back, you manage to find purchase. Grog instinctually reaches back with an elbow and hits you right in the side of the armor, which knocks you flat on your back. You're currently prone in the sand right there. And Grog just keeps running. You glance over your shoulder for a second, but because you're raging, you don't see her. You just see shadows in the cavern."
TRAVIS,00:53:52,00:53:53,Neutral,"{'Angry': 0.0005416914937086403, 'Disgusted': 0.0007463713409379125, 'Fearful': 3.616347612478421e-06, 'Happy': 4.6788689360255376e-05, 'Neutral': 0.9985290765762329, 'Other': 1.7977952666115016e-05, 'Sad': 9.016209514811635e-05, 'Surprised': 1.5473500525331474e-06, 'Unknown': 2.2779207938583568e-05}",(screaming in panic)
MATT,00:53:53,00:54:01,Neutral,"{'Angry': 8.345973157020126e-08, 'Disgusted': 7.461697926203215e-09, 'Fearful': 6.181915535030669e-10, 'Happy': 2.6787122351379367e-06, 'Neutral': 0.9999971389770508, 'Other': 3.1026575753045904e-10, 'Sad': 2.580175895161574e-08, 'Surprised': 5.318569407108953e-08, 'Unknown': 4.732278457986183e-10}","So you start moving your hand in the air, freaking out. Holding your axe in one hand and your greatsword in the other, just (panicked screaming)."
ASHLEY,00:54:01,00:54:05,Happy,"{'Angry': 1.4338805158331525e-05, 'Disgusted': 2.05873202503426e-05, 'Fearful': 1.4018553883943241e-05, 'Happy': 0.9998685121536255, 'Neutral': 2.2358111891662702e-05, 'Other': 3.528331717461697e-06, 'Sad': 2.6319254175177775e-05, 'Surprised': 2.814487015712075e-05, 'Unknown': 2.2503757008962566e-06}","(laughing) Oh my god, that's hilarious."
TRAVIS,00:54:05,00:54:08,Angry,"{'Angry': 0.5343732833862305, 'Disgusted': 0.025556905195116997, 'Fearful': 0.0008962618303485215, 'Happy': 0.01906881481409073, 'Neutral': 0.4073464274406433, 'Other': 0.0010267272591590881, 'Sad': 0.0010556284105405211, 'Surprised': 0.0005505067529156804, 'Unknown': 0.010125391185283661}",Whack! Boom! Oh my god.
ASHLEY,00:54:08,00:54:10,Neutral,"{'Angry': 5.441842176878708e-07, 'Disgusted': 1.835008589523568e-07, 'Fearful': 1.1694966417508112e-07, 'Happy': 1.0999231108144158e-06, 'Neutral': 0.9999970197677612, 'Other': 1.7471066371399502e-08, 'Sad': 3.0608262591158564e-07, 'Surprised': 6.125317213445669e-07, 'Unknown': 2.6955969900654964e-08}",That's all right. I'm tough!
MATT,00:54:10,00:54:16,Fearful,"{'Angry': 9.125539509113878e-05, 'Disgusted': 0.0001415791193721816, 'Fearful': 0.9875054359436035, 'Happy': 0.006125923711806536, 'Neutral': 1.7843585737864487e-05, 'Other': 0.003918651957064867, 'Sad': 0.0020807150285691023, 'Surprised': 5.044554563937709e-05, 'Unknown': 6.817507528467104e-05}","The large, ray-like, cloaked creature swoops down towards the top of the--"
ASHLEY,00:54:16,00:54:18,Neutral,"{'Angry': 2.1996327632223256e-05, 'Disgusted': 4.4422085920814425e-06, 'Fearful': 1.1004636917277821e-06, 'Happy': 8.799831994110718e-05, 'Neutral': 0.9987039566040039, 'Other': 1.3270853571611951e-07, 'Sad': 1.3172239960113075e-05, 'Surprised': 0.001167040434665978, 'Unknown': 9.444132587077547e-08}","Oh, shoot. We've got to get out of here!"
TRAVIS,00:54:18,00:54:22,Neutral,"{'Angry': 0.06933411955833435, 'Disgusted': 0.007833515293896198, 'Fearful': 0.0018547518411651254, 'Happy': 0.28165772557258606, 'Neutral': 0.6043612360954285, 'Other': 0.001175045152194798, 'Sad': 0.0011935061775147915, 'Surprised': 0.018214285373687744, 'Unknown': 0.014375822618603706}",(laughing) Sorry.
LAURA,00:54:22,00:54:27,Neutral,"{'Angry': 6.923093764932275e-10, 'Disgusted': 7.524954964699404e-11, 'Fearful': 9.367615190492007e-12, 'Happy': 1.4806180281823345e-08, 'Neutral': 1.0, 'Other': 5.36095256728486e-12, 'Sad': 1.2983797370580419e-09, 'Surprised': 2.1950356809963267e-10, 'Unknown': 8.885589312945807e-12}",Oh yeah. Does it even matter?
LIAM,00:54:27,00:54:30,Neutral,"{'Angry': 0.0003044877084903419, 'Disgusted': 0.00035858777118846774, 'Fearful': 1.9077817341894843e-05, 'Happy': 0.0004424198414199054, 'Neutral': 0.9974427223205566, 'Other': 0.00011819804058177397, 'Sad': 8.902372792363167e-05, 'Surprised': 1.9016665646631736e-06, 'Unknown': 0.0012235867325216532}",We just gave up a turn.
MATT,00:54:30,00:54:42,Happy,"{'Angry': 8.69516225066036e-05, 'Disgusted': 0.00017920095706358552, 'Fearful': 1.4858229405945167e-05, 'Happy': 0.8053315281867981, 'Neutral': 0.19315698742866516, 'Other': 0.00018789019668474793, 'Sad': 0.00021825722069479525, 'Surprised': 1.0135949196410365e-05, 'Unknown': 0.0008141113794408739}","All right. It's going to make a bite attack against Tiberius and a tail attack against Scanlan. So it's the two that are immediately visible to it. So the bite attack against you, Tiberius. That's going to be a 21."
ORION,00:54:42,00:54:44,Neutral,"{'Angry': 0.0002762021031230688, 'Disgusted': 0.00028193698381073773, 'Fearful': 0.0006222420488484204, 'Happy': 0.0005681222537532449, 'Neutral': 0.9936830997467041, 'Other': 0.00015021102444734424, 'Sad': 0.0004950612201355398, 'Surprised': 8.344104571733624e-06, 'Unknown': 0.003914735279977322}","Yeah, that hits."
MATT,00:54:44,00:54:49,Neutral,"{'Angry': 2.2211335201638427e-11, 'Disgusted': 3.2498645701622975e-12, 'Fearful': 5.868174869638754e-13, 'Happy': 3.3184292119736725e-11, 'Neutral': 1.0, 'Other': 4.817040863414057e-13, 'Sad': 4.974583245331843e-11, 'Surprised': 7.807656431102483e-12, 'Unknown': 1.0950948264518146e-12}",The bite attack against you is going to be a 23. (all laugh)
MATT,00:54:49,00:55:05,Neutral,"{'Angry': 0.04891406372189522, 'Disgusted': 0.0341753214597702, 'Fearful': 0.0005773115553893149, 'Happy': 0.161200612783432, 'Neutral': 0.7249830365180969, 'Other': 0.008055838756263256, 'Sad': 0.0024677771143615246, 'Surprised': 0.0006401980645023286, 'Unknown': 0.01898585632443428}","The tail (whapsh) whips around as you're on top of the carpet, about to try to get everyone out of there. You turn around and see this thing go piercing by. It strikes across your chest. Your armor takes most of the damage, but you can feel the bruise underneath. It doesn't actually pierce the skin, but you take seven points of damage from the impact of the tail."
ORION,00:55:05,00:55:07,Neutral,"{'Angry': 6.114972705972832e-08, 'Disgusted': 4.354249227844775e-08, 'Fearful': 1.1687492751377704e-08, 'Happy': 4.254440284512384e-07, 'Neutral': 0.9999991655349731, 'Other': 4.9054631467981835e-09, 'Sad': 7.49719575310337e-08, 'Surprised': 1.219270870933542e-07, 'Unknown': 2.616416638900887e-09}",Yes?
MATT,00:55:07,00:55:13,Neutral,"{'Angry': 0.00020406617841217667, 'Disgusted': 0.00014194758841767907, 'Fearful': 4.277398329577409e-05, 'Happy': 0.0022004935890436172, 'Neutral': 0.9969351291656494, 'Other': 5.9410493122413754e-05, 'Sad': 0.00016415108984801918, 'Surprised': 0.00015433500811923295, 'Unknown': 9.769647294888273e-05}","All right, it comes out and sinks its teeth into your form, across your shoulder area, and it bites down. You end up taking--"
ORION,00:55:13,00:55:15,Neutral,"{'Angry': 0.0002695071161724627, 'Disgusted': 1.796682226995472e-05, 'Fearful': 1.0795427442644723e-05, 'Happy': 0.0037618279457092285, 'Neutral': 0.9951539039611816, 'Other': 2.026905167440418e-05, 'Sad': 0.0007071009022183716, 'Surprised': 5.6700264394748956e-05, 'Unknown': 2.005656597248162e-06}",You're ruining my robe! (grunts)
MATT,00:55:15,00:55:17,Other,"{'Angry': 0.07908571511507034, 'Disgusted': 0.14602237939834595, 'Fearful': 0.001871561980806291, 'Happy': 0.016969900578260422, 'Neutral': 0.07915329933166504, 'Other': 0.6390461325645447, 'Sad': 0.023880302906036377, 'Surprised': 0.005405559670180082, 'Unknown': 0.008565175347030163}",(laughing) Ten points of piercing damage.
LIAM,00:55:17,00:55:21,Surprised,"{'Angry': 0.005424092058092356, 'Disgusted': 0.0008922527777031064, 'Fearful': 0.19241496920585632, 'Happy': 0.0032746652141213417, 'Neutral': 0.00241673830896616, 'Other': 0.007203937973827124, 'Sad': 0.004720849916338921, 'Surprised': 0.7835237979888916, 'Unknown': 0.00012868040357716382}",(squishing noise)
MATT,00:55:21,00:55:24,Neutral,"{'Angry': 1.309948288508167e-06, 'Disgusted': 9.091814945350052e-07, 'Fearful': 4.185424700153817e-07, 'Happy': 3.69421650248114e-05, 'Neutral': 0.9999539852142334, 'Other': 4.214455771034409e-07, 'Sad': 5.0578460104588885e-06, 'Surprised': 2.1023811314080376e-07, 'Unknown': 7.535812756032101e-07}","And the creature wraps around you, (squelch) completely envelops you."
MATT,00:55:24,00:55:26,Neutral,"{'Angry': 6.785798589703518e-09, 'Disgusted': 2.8261731843670646e-10, 'Fearful': 1.5643343564963885e-10, 'Happy': 2.2807552113590646e-07, 'Neutral': 0.9999996423721313, 'Other': 9.008400796151061e-12, 'Sad': 1.3375347052146935e-08, 'Surprised': 1.1881159878157632e-07, 'Unknown': 1.193363984020035e-12}",Him.
MATT,00:55:26,00:55:39,Happy,"{'Angry': 4.044419983983971e-05, 'Disgusted': 1.8220867787022144e-05, 'Fearful': 1.4883833046042128e-06, 'Happy': 0.9425861835479736, 'Neutral': 0.05717024952173233, 'Other': 1.0105342880706303e-05, 'Sad': 0.00013913671136833727, 'Surprised': 1.7856920067060855e-06, 'Unknown': 3.242383900214918e-05}","It completely surrounds you and wraps you like a blanket. All of a sudden, your vision goes dark. You feel yourself like (muffled yelling). You're unable to really move. You are blind and unable to breathe. The air is not able to get to you at this time."
LIAM,00:55:39,00:55:43,Neutral,"{'Angry': 3.537113527421476e-12, 'Disgusted': 1.528333937270837e-13, 'Fearful': 3.5501410703331e-14, 'Happy': 4.6921750339323776e-12, 'Neutral': 1.0, 'Other': 1.098285704596207e-14, 'Sad': 8.805331463968002e-12, 'Surprised': 9.66410436918641e-13, 'Unknown': 6.239527937292738e-14}",It is poppycock.
MATT,00:55:43,00:55:49,Sad,"{'Angry': 4.329234434408136e-05, 'Disgusted': 6.800658593419939e-05, 'Fearful': 2.6767298550112173e-05, 'Happy': 0.0006804477307014167, 'Neutral': 0.04895888641476631, 'Other': 0.000690712477080524, 'Sad': 0.9466204643249512, 'Surprised': 7.59586157528247e-07, 'Unknown': 0.0029106992296874523}","So! That's going to end its turn. Tiberius, your turn."
ORION,00:55:49,00:55:55,Neutral,"{'Angry': 7.021234704751578e-10, 'Disgusted': 3.979247209517922e-10, 'Fearful': 6.213315278946752e-11, 'Happy': 2.9387128286373354e-09, 'Neutral': 1.0, 'Other': 6.36790620234251e-11, 'Sad': 3.855003871677809e-09, 'Surprised': 2.150449956994649e-10, 'Unknown': 2.3162451123770467e-10}",Well. (grunts) Fire breath!
LAURA,00:55:55,00:55:58,Neutral,"{'Angry': 2.3010917823973465e-11, 'Disgusted': 2.7590815916689326e-12, 'Fearful': 7.432741488261341e-13, 'Happy': 4.822156909889408e-11, 'Neutral': 1.0, 'Other': 2.862222991169977e-13, 'Sad': 8.918651928091492e-11, 'Surprised': 5.2942828072943815e-12, 'Unknown': 1.6519028983238981e-12}","Oh, that's good!"
ORION,00:55:58,00:56:01,Surprised,"{'Angry': 0.00995501410216093, 'Disgusted': 0.0030008049216121435, 'Fearful': 0.007877415046095848, 'Happy': 0.013154870830476284, 'Neutral': 0.1566300243139267, 'Other': 0.000490043603349477, 'Sad': 0.005236966069787741, 'Surprised': 0.8028020858764648, 'Unknown': 0.0008528372272849083}",(roaring) Get off of me!
MATT,00:56:01,00:56:19,Happy,"{'Angry': 2.8062790079275146e-05, 'Disgusted': 0.0006748043233528733, 'Fearful': 9.173414582619444e-05, 'Happy': 0.9967149496078491, 'Neutral': 0.0006081879255361855, 'Other': 0.00038708612555637956, 'Sad': 0.00020473936456255615, 'Surprised': 0.0011863862164318562, 'Unknown': 0.0001041317664203234}","Because it's attached to your head, it's going to have disadvantage. So I think it's-- is it a dexterity saving throw? Its head is right by your mouth. Go ahead and roll damage. I rolled a natural 20 and a six. So because of the disadvantage, it does not make its save."
LIAM,00:56:19,00:56:24,Happy,"{'Angry': 0.000318891485221684, 'Disgusted': 0.0012776264920830727, 'Fearful': 0.0004848252283409238, 'Happy': 0.6033575534820557, 'Neutral': 0.3733832836151123, 'Other': 0.001841351157054305, 'Sad': 0.0007360043236985803, 'Surprised': 0.00015159886970650405, 'Unknown': 0.018448861315846443}","d6 times something, I think."
MATT,00:56:24,00:56:26,Neutral,"{'Angry': 5.037075243308209e-05, 'Disgusted': 0.00011063239799113944, 'Fearful': 1.6375211998820305e-05, 'Happy': 0.0005541023565456271, 'Neutral': 0.9985982775688171, 'Other': 9.316857176600024e-05, 'Sad': 9.317292278865352e-05, 'Surprised': 4.318927040003473e-06, 'Unknown': 0.0004796591238118708}",Yeah. Roll the damage for your fire breath.
LIAM,00:56:26,00:56:27,Happy,"{'Angry': 0.00541260652244091, 'Disgusted': 0.005274615250527859, 'Fearful': 0.004695249255746603, 'Happy': 0.5686806440353394, 'Neutral': 0.369289755821228, 'Other': 0.00021066179033368826, 'Sad': 0.015051940456032753, 'Surprised': 0.031254060566425323, 'Unknown': 0.00013049408153165132}",Depends on your level.
MATT,00:56:27,00:56:29,Angry,"{'Angry': 0.8290918469429016, 'Disgusted': 0.013676376082003117, 'Fearful': 0.0035723738837987185, 'Happy': 0.021378440782427788, 'Neutral': 0.11085189133882523, 'Other': 0.0007172690820880234, 'Sad': 0.009999526664614677, 'Surprised': 0.00036444031866267323, 'Unknown': 0.01034784596413374}","Depends on your level, as a dragonborn."
MATT,00:56:29,00:56:31,Happy,"{'Angry': 3.633545375691938e-08, 'Disgusted': 3.606494942687277e-07, 'Fearful': 1.5865256841607334e-07, 'Happy': 0.9999984502792358, 'Neutral': 1.77050182514904e-07, 'Other': 1.0698749264292928e-07, 'Sad': 9.652028865048123e-08, 'Surprised': 4.455259983160431e-08, 'Unknown': 6.042059226274432e-07}",Should be on your sheet.
MATT,00:56:31,00:56:34,Neutral,"{'Angry': 0.00028208550065755844, 'Disgusted': 0.0003108835080638528, 'Fearful': 0.00010457570169819519, 'Happy': 0.012436769902706146, 'Neutral': 0.9843766689300537, 'Other': 1.6787107597338036e-05, 'Sad': 0.0006070646923035383, 'Surprised': 0.0018547396175563335, 'Unknown': 1.0478158401383553e-05}","No, no, it's... Here, I'll..."
MATT,00:56:34,00:56:37,Happy,"{'Angry': 2.1804339667141903e-08, 'Disgusted': 4.5325208475333056e-08, 'Fearful': 2.2652274367374048e-07, 'Happy': 0.9999984502792358, 'Neutral': 1.0574342290681216e-08, 'Other': 8.471725010394948e-08, 'Sad': 6.37393355873428e-08, 'Surprised': 1.0421726983622648e-06, 'Unknown': 7.641105526090541e-09}",No! It's part of the dragonborn ability. Let me pull it up real fast.
ORION,00:56:37,00:56:41,Happy,"{'Angry': 0.00013762208982370794, 'Disgusted': 0.00018783158157020807, 'Fearful': 0.0003325368743389845, 'Happy': 0.9875805377960205, 'Neutral': 0.005364048760384321, 'Other': 0.0001053956220857799, 'Sad': 0.005706369411200285, 'Surprised': 0.00014580090646632016, 'Unknown': 0.00043986516539007425}",I don't want to roll wrong. I think it's 2d6.
LIAM,00:56:41,00:56:43,Surprised,"{'Angry': 0.00010302648297511041, 'Disgusted': 6.293295882642269e-05, 'Fearful': 0.004999138414859772, 'Happy': 0.10322023928165436, 'Neutral': 0.00020096145453862846, 'Other': 0.00010261200804961845, 'Sad': 0.00027719937497749925, 'Surprised': 0.8909960985183716, 'Unknown': 3.7677378713851795e-05}",That's for a low level.
TRAVIS,00:56:43,00:56:46,Happy,"{'Angry': 0.010189038701355457, 'Disgusted': 0.00925170537084341, 'Fearful': 0.00801793858408928, 'Happy': 0.9418671727180481, 'Neutral': 0.005702574737370014, 'Other': 0.0007739290595054626, 'Sad': 0.003630016464740038, 'Surprised': 0.012935379520058632, 'Unknown': 0.007632224354892969}",Your powers are worthless.
SAM,00:56:46,00:56:47,Unknown,"{'Angry': 0.008563689887523651, 'Disgusted': 0.016805730760097504, 'Fearful': 0.017350587993860245, 'Happy': 0.2959604561328888, 'Neutral': 0.25091373920440674, 'Other': 0.0021361627150326967, 'Sad': 0.00338989426381886, 'Surprised': 0.00100392522290349, 'Unknown': 0.40387585759162903}",If only there was a way.
TALIESIN,00:56:47,00:56:51,Neutral,"{'Angry': 0.009458904154598713, 'Disgusted': 0.004241281189024448, 'Fearful': 0.002986910054460168, 'Happy': 0.19943848252296448, 'Neutral': 0.7675685882568359, 'Other': 0.0002614739933051169, 'Sad': 0.0031243646517395973, 'Surprised': 0.011331936344504356, 'Unknown': 0.001588073093444109}",If there was some book that had all this information available.
MATT,00:56:51,00:56:52,Angry,"{'Angry': 0.9998548030853271, 'Disgusted': 3.5926780128647806e-06, 'Fearful': 1.3542896340368316e-05, 'Happy': 6.721239333273843e-05, 'Neutral': 4.370510851003928e-06, 'Other': 1.6184852711376152e-06, 'Sad': 4.9903632316272706e-05, 'Surprised': 4.806172455573687e-06, 'Unknown': 1.0582351706034387e-07}",It is 3d6 at 6th level.
ORION,00:56:52,00:56:54,Angry,"{'Angry': 0.6958257555961609, 'Disgusted': 0.021967044100165367, 'Fearful': 0.001848318730480969, 'Happy': 0.008866613730788231, 'Neutral': 0.000725529040209949, 'Other': 0.26045045256614685, 'Sad': 0.0031319998670369387, 'Surprised': 0.004393789917230606, 'Unknown': 0.0027904680464416742}",Oh! Awesome. Cool.
TALIESIN,00:56:54,00:56:57,Happy,"{'Angry': 3.873250534525141e-06, 'Disgusted': 5.259163117443677e-06, 'Fearful': 1.7571232092450373e-05, 'Happy': 0.9999159574508667, 'Neutral': 1.5775789279359742e-06, 'Other': 2.2048882328817854e-06, 'Sad': 1.3483655493473634e-05, 'Surprised': 3.952351471525617e-05, 'Unknown': 3.93389115060927e-07}",Some ancient tome which suddenly answers everything.
ORION,00:56:57,00:57:02,Neutral,"{'Angry': 1.446600634835704e-07, 'Disgusted': 1.801521776201298e-08, 'Fearful': 6.767528759610286e-10, 'Happy': 0.00022322034055832773, 'Neutral': 0.9997761845588684, 'Other': 3.6215217491530893e-09, 'Sad': 3.950762277327158e-07, 'Surprised': 5.8557308335593916e-08, 'Unknown': 3.824861261048085e-10}",(panting in relief) 21!
MATT,00:57:02,00:57:20,Neutral,"{'Angry': 1.1629831533355173e-06, 'Disgusted': 3.3182715242219274e-07, 'Fearful': 6.38137578334863e-08, 'Happy': 4.7966062993509695e-05, 'Neutral': 0.9999332427978516, 'Other': 6.707070383527025e-07, 'Sad': 1.5762938346597366e-05, 'Surprised': 1.212651454807201e-07, 'Unknown': 5.714560984415584e-07}","21 points of damage. You all hear a muffled (explosion sound) as bits of flame begin to shoot out from the corners of where it's wrapping around the torso of Tiberius, surrounding his head. The creature's tail flicks around in pain. You hear this muffled (screeching) sound as it keeps, still tight around his head, fighting through the damage and maintaining its hold on him."
ORION,00:57:20,00:57:35,Neutral,"{'Angry': 2.5600146460157125e-13, 'Disgusted': 1.0681233695642497e-14, 'Fearful': 1.837338976437824e-15, 'Happy': 3.601416853540179e-13, 'Neutral': 1.0, 'Other': 1.170961851448631e-15, 'Sad': 6.199955371148647e-13, 'Surprised': 1.090365116447091e-13, 'Unknown': 6.53957673806666e-15}","If I do something, I'll probably have disadvantage. Right? Correct? Well, I'll just try it again. I'll spend... fuck. Jeez. No!"
LAURA,00:57:35,00:57:38,Unknown,"{'Angry': 0.005775676108896732, 'Disgusted': 0.0865640789270401, 'Fearful': 0.33197328448295593, 'Happy': 0.012279431335628033, 'Neutral': 0.009214790537953377, 'Other': 0.0008737881435081363, 'Sad': 0.020961368456482887, 'Surprised': 9.918275463860482e-05, 'Unknown': 0.5322583913803101}",Don't spend all your sorcerer's points!
ORION,00:57:38,00:57:55,Happy,"{'Angry': 0.0005546955508179963, 'Disgusted': 0.0023644110187888145, 'Fearful': 0.00043651138548739254, 'Happy': 0.9558074474334717, 'Neutral': 0.021266154944896698, 'Other': 0.0032862508669495583, 'Sad': 0.011466430500149727, 'Surprised': 0.0015236107865348458, 'Unknown': 0.003294422058388591}","No, I fly around and (ping) hit one of my stones, and I'll spend... five sorcerer points to cast Telekinesis and (blast sound) fling it off me."
MATT,00:57:55,00:58:01,Neutral,"{'Angry': 2.785881551489733e-12, 'Disgusted': 1.347831758312032e-13, 'Fearful': 3.426016184616097e-14, 'Happy': 3.2311551437930186e-12, 'Neutral': 1.0, 'Other': 9.518803795313321e-15, 'Sad': 7.825144178463805e-12, 'Surprised': 8.925024348044319e-13, 'Unknown': 9.000133673270697e-14}",Okay! All right. We're going to do a contested roll on this.
LIAM,00:58:01,00:58:05,Neutral,"{'Angry': 1.0481016055052805e-10, 'Disgusted': 5.035168896411202e-12, 'Fearful': 1.5778962338119928e-12, 'Happy': 1.0207767270342671e-10, 'Neutral': 1.0, 'Other': 1.2079398625016585e-13, 'Sad': 8.865498613008782e-11, 'Surprised': 2.0680427856301087e-11, 'Unknown': 2.918520893707699e-12}",It's a contest. It's like an arm wrestle. It's like arm wrestling with dice.
ORION,00:58:05,00:58:07,Happy,"{'Angry': 4.499829083215445e-05, 'Disgusted': 8.214730769395828e-05, 'Fearful': 8.817457273835316e-05, 'Happy': 0.9845821261405945, 'Neutral': 0.0137772923335433, 'Other': 1.817157317418605e-05, 'Sad': 0.0012102096807211637, 'Surprised': 9.996978769777343e-05, 'Unknown': 9.682715608505532e-05}","Oh, yeah! Arcana?"
MATT,00:58:07,00:58:15,Neutral,"{'Angry': 4.470788634593735e-14, 'Disgusted': 1.6440549517203387e-15, 'Fearful': 2.374782334382743e-16, 'Happy': 5.815413797218005e-14, 'Neutral': 1.0, 'Other': 4.0371453738623914e-16, 'Sad': 1.50173778035341e-13, 'Surprised': 2.4101956595887902e-14, 'Unknown': 1.1480417751706402e-15}","Well, no. For this, I believe it's the roll plus your spell modifier. Should be five. So roll a d20, add five to it."
ORION,00:58:15,00:58:16,Neutral,"{'Angry': 0.005482003092765808, 'Disgusted': 0.029390497133135796, 'Fearful': 0.00017016148194670677, 'Happy': 0.02982417494058609, 'Neutral': 0.9117978811264038, 'Other': 0.0016296663088724017, 'Sad': 0.01937665417790413, 'Surprised': 0.0021280318032950163, 'Unknown': 0.00020099469111301005}",20.
MATT,00:58:16,00:58:37,Happy,"{'Angry': 5.327759708961821e-07, 'Disgusted': 1.2622123222172377e-06, 'Fearful': 1.239480411641125e-07, 'Happy': 0.9999226331710815, 'Neutral': 7.065509998938069e-05, 'Other': 9.192419270220853e-07, 'Sad': 2.161542852263665e-06, 'Surprised': 2.250182831176062e-07, 'Unknown': 1.4584029486286454e-06}","20! All right. So, your Ioun stone is floating around your head, which is currently surrounded by the creature. It's clinging to your head; you can feel it grinding into the top of your skull. You instill the Ioun stone to trigger. As you do, the force begins to pull it (grunt) off of, and flings it off of your head. The creature is detached and thrown back at that point of the wall, off of you."
ORION,00:58:37,00:58:42,Happy,"{'Angry': 5.836393590641364e-10, 'Disgusted': 5.020723836679508e-09, 'Fearful': 1.819093209398659e-09, 'Happy': 0.9999998807907104, 'Neutral': 2.485800010276762e-08, 'Other': 6.67827704248225e-09, 'Sad': 1.0762411406517458e-08, 'Surprised': 1.0600481603617595e-09, 'Unknown': 3.5291684241656185e-08}",(grunts) Good! I use my movement to get the hell out of there! (grunts)
MATT,00:58:42,00:58:45,Neutral,"{'Angry': 1.9122305128238537e-10, 'Disgusted': 2.1316405585114495e-10, 'Fearful': 6.266383939523834e-11, 'Happy': 2.88580048746212e-09, 'Neutral': 1.0, 'Other': 1.233729507443826e-10, 'Sad': 1.0886347823202414e-08, 'Surprised': 4.2105995773367155e-11, 'Unknown': 2.114418778953464e-10}",All right. They move out that way.
MARISHA,00:58:45,00:58:47,Neutral,"{'Angry': 4.802502644452034e-07, 'Disgusted': 3.1815583497518674e-05, 'Fearful': 2.3480602351355628e-07, 'Happy': 3.943136164252792e-07, 'Neutral': 0.9999620914459229, 'Other': 3.147787992929807e-06, 'Sad': 1.1023313390978728e-06, 'Surprised': 2.8244195959814533e-07, 'Unknown': 4.815196916752029e-07}","Trinket, run!"
LAURA,00:58:47,00:58:50,Neutral,"{'Angry': 6.030430061559899e-14, 'Disgusted': 2.161242469643737e-15, 'Fearful': 3.593863121713266e-16, 'Happy': 7.57381489338918e-14, 'Neutral': 1.0, 'Other': 4.936856358897621e-16, 'Sad': 2.014217243516414e-13, 'Surprised': 3.251603630446964e-14, 'Unknown': 1.5001130314001398e-15}",It's not my turn yet! Tell him to go!
MATT,00:58:50,00:58:53,Sad,"{'Angry': 9.212650911649689e-05, 'Disgusted': 0.0002664241474121809, 'Fearful': 0.00015700045332778245, 'Happy': 0.0004159885284025222, 'Neutral': 0.002880238927900791, 'Other': 5.596280516328989e-06, 'Sad': 0.9961252808570862, 'Surprised': 5.251694528851658e-05, 'Unknown': 4.836083007830894e-06}","Scanlan, are you staying on the carpet? Anything else you want to do?"
SAM,00:58:53,00:58:57,Happy,"{'Angry': 0.00023441638040822, 'Disgusted': 0.0006078822771087289, 'Fearful': 6.677031342405826e-05, 'Happy': 0.6132731437683105, 'Neutral': 0.3845827877521515, 'Other': 0.00012557735317386687, 'Sad': 0.00047083679237402976, 'Surprised': 0.0005796198383904994, 'Unknown': 5.889758176635951e-05}",I am staying on the carpet. Wait! Is Pike off the carpet?
MATT,00:58:57,00:58:59,Neutral,"{'Angry': 2.6582586132306574e-10, 'Disgusted': 2.3738462584521614e-11, 'Fearful': 2.436242180214876e-12, 'Happy': 7.45075467989409e-09, 'Neutral': 1.0, 'Other': 2.6270245744378085e-13, 'Sad': 6.447619660399084e-10, 'Surprised': 2.763008155604041e-10, 'Unknown': 3.5857070351114073e-13}",Pike's laying in the dirt right now.
SAM,00:58:59,00:59:11,Neutral,"{'Angry': 7.213637326364264e-11, 'Disgusted': 5.176792588351686e-12, 'Fearful': 1.1636341846685272e-12, 'Happy': 2.5391528879481484e-09, 'Neutral': 1.0, 'Other': 1.3361139722823517e-13, 'Sad': 2.431310153205857e-10, 'Surprised': 4.7656500273829394e-11, 'Unknown': 7.176439347292285e-13}","Okay! I will jump off the carpet, grab her, and say, ""Pike. Come with me if you want to live."" (all laugh)"
SAM,00:59:11,00:59:18,Neutral,"{'Angry': 2.40490908437474e-11, 'Disgusted': 1.8304509383920697e-12, 'Fearful': 4.2274780139191226e-13, 'Happy': 5.2532554695172706e-11, 'Neutral': 1.0, 'Other': 2.6786437109203864e-13, 'Sad': 6.048824635618288e-11, 'Surprised': 6.7955697492794176e-12, 'Unknown': 1.3731034538555509e-12}","And I just hold her really tight, and I sniff her hair, and it smells like strawberries."
ASHLEY,00:59:18,00:59:19,Fearful,"{'Angry': 0.004371142014861107, 'Disgusted': 0.2320210188627243, 'Fearful': 0.6749682426452637, 'Happy': 0.01154590118676424, 'Neutral': 0.0026067199651151896, 'Other': 0.0003242298262193799, 'Sad': 0.04429543763399124, 'Surprised': 7.155539788072929e-05, 'Unknown': 0.02979586459696293}",(laughs)
SAM,00:59:19,00:59:22,Neutral,"{'Angry': 4.70802433497064e-12, 'Disgusted': 2.2490584156327487e-13, 'Fearful': 4.831162190134866e-14, 'Happy': 1.2172757593575945e-11, 'Neutral': 1.0, 'Other': 1.5639319876571862e-14, 'Sad': 1.3790384632839103e-11, 'Surprised': 1.2190549134385997e-12, 'Unknown': 1.002736034396573e-13}",And then I Dimension Door us to the boat.
MARISHA,00:59:22,00:59:24,Neutral,"{'Angry': 4.814430520916346e-10, 'Disgusted': 1.297049967430297e-10, 'Fearful': 2.4771776643839338e-11, 'Happy': 2.6197444213948984e-09, 'Neutral': 1.0, 'Other': 1.3894991927887457e-11, 'Sad': 1.383191450265997e-09, 'Surprised': 9.569941367137957e-11, 'Unknown': 6.493106052829489e-11}",Aw! That's cute!
MATT,00:59:24,00:59:43,Neutral,"{'Angry': 9.309798042522743e-05, 'Disgusted': 3.0678038456244394e-05, 'Fearful': 1.926565801113611e-06, 'Happy': 0.005657761357724667, 'Neutral': 0.9939979314804077, 'Other': 7.045885286061093e-05, 'Sad': 8.065823203651235e-05, 'Surprised': 1.2015570973744616e-05, 'Unknown': 5.553189112106338e-05}","As Scanlan grabs you and holds you for a second, for a moment you're confused, and you hear that strange shrieking moan in the distance, and suddenly the darkness gives way to this flash of purple arcane energy, and the two of you (boof) fall a few inches into hard wood, and you feel the boat rock for a second as you're now on the outside in the boat, being tugged by Keyleth the shark."
ASHLEY,00:59:43,00:59:45,Neutral,"{'Angry': 2.4953203592303907e-06, 'Disgusted': 1.8039814904113882e-06, 'Fearful': 6.345217116177082e-07, 'Happy': 5.829738802276552e-05, 'Neutral': 0.9999303817749023, 'Other': 5.296719791658688e-07, 'Sad': 3.384588808330591e-06, 'Surprised': 1.6268948002107209e-06, 'Unknown': 7.840649800527899e-07}",Scanlan! Thanks!
SAM,00:59:45,00:59:53,Neutral,"{'Angry': 0.003857148578390479, 'Disgusted': 0.00580165209248662, 'Fearful': 0.004286016803234816, 'Happy': 0.1587015837430954, 'Neutral': 0.7267889976501465, 'Other': 0.003526463871821761, 'Sad': 0.005034917965531349, 'Surprised': 0.00043370973435230553, 'Unknown': 0.09156952053308487}",Don't worry! That hard wood is the boat. (all laugh)
TRAVIS,00:59:53,00:59:57,Neutral,"{'Angry': 4.109643668925855e-06, 'Disgusted': 4.2184551602986176e-06, 'Fearful': 2.7085107490165683e-07, 'Happy': 3.858203490381129e-05, 'Neutral': 0.9999387264251709, 'Other': 1.4521226603392279e-06, 'Sad': 4.689074557973072e-06, 'Surprised': 8.626608405393199e-08, 'Unknown': 7.846597327443305e-06}",I have to applaud.
MATT,00:59:57,01:00:00,Neutral,"{'Angry': 0.00012355537910480052, 'Disgusted': 0.00017844719695858657, 'Fearful': 3.769058139369008e-06, 'Happy': 3.7957928725518286e-05, 'Neutral': 0.9996235370635986, 'Other': 2.8339425170997856e-06, 'Sad': 1.9687638996401802e-05, 'Surprised': 3.825693056569435e-06, 'Unknown': 6.3169350141834e-06}",Okay! Vex!
LAURA,01:00:00,01:00:03,Neutral,"{'Angry': 1.0135860900595262e-11, 'Disgusted': 7.352062752000177e-13, 'Fearful': 2.238884804547231e-13, 'Happy': 4.3995265763818736e-11, 'Neutral': 1.0, 'Other': 4.89554685852156e-14, 'Sad': 4.6033885037211064e-11, 'Surprised': 4.573656123968428e-12, 'Unknown': 1.572946281688456e-13}",Trinket! Run!
MATT,01:00:03,01:00:07,Neutral,"{'Angry': 1.8999621431703417e-08, 'Disgusted': 4.938927045117225e-09, 'Fearful': 8.376415672195492e-10, 'Happy': 6.922122963715083e-08, 'Neutral': 0.9999998807907104, 'Other': 4.610032910967732e-10, 'Sad': 2.2130429044864286e-08, 'Surprised': 1.8288456971049527e-08, 'Unknown': 2.5926763513872686e-10}",(bear moan) Trinket runs up. Are you staying on the carpet?
LAURA,01:00:07,01:00:12,Neutral,"{'Angry': 0.00030674945446662605, 'Disgusted': 0.0006196698523126543, 'Fearful': 0.00014594664389733225, 'Happy': 0.006870351266115904, 'Neutral': 0.9886477589607239, 'Other': 0.00027571417740546167, 'Sad': 0.0003895155678037554, 'Surprised': 0.00027430057525634766, 'Unknown': 0.0024700618814677}","I jump off the carpet, climb on Trinket, and we take off!"
MATT,01:00:12,01:00:32,Neutral,"{'Angry': 0.00018728998838923872, 'Disgusted': 0.001160208834335208, 'Fearful': 7.962937525007874e-05, 'Happy': 0.1233782097697258, 'Neutral': 0.8391974568367004, 'Other': 0.005540211219340563, 'Sad': 0.0004629783798009157, 'Surprised': 0.028208686038851738, 'Unknown': 0.0017852606251835823}","All right. You jump on top of your bear, and you start bolting down the hallway. All right, that ends your turn. Clarota just (whoosh) vanishes. Kima (laughing) goes running on her halfling legs towards the flying carpet. She takes her full turn and she just manages to get on top of the carpet, and that's her turn. And she goes, ""Go, go, go, go!"""
ORION,01:00:32,01:00:33,Neutral,"{'Angry': 5.009665073885117e-07, 'Disgusted': 2.0220196006448532e-07, 'Fearful': 6.451284662034595e-08, 'Happy': 8.98791549843736e-05, 'Neutral': 0.9998996257781982, 'Other': 1.539145983997514e-07, 'Sad': 8.555534805054776e-06, 'Surprised': 1.128116878135188e-06, 'Unknown': 4.49069936792057e-09}",I am going!
MATT,01:00:33,01:00:46,Neutral,"{'Angry': 1.043926900479164e-08, 'Disgusted': 1.7372178695573837e-10, 'Fearful': 2.6957346077605138e-11, 'Happy': 3.4416587357810613e-09, 'Neutral': 1.0, 'Other': 1.464835024111988e-11, 'Sad': 2.1462058796828387e-09, 'Surprised': 1.7597787116407915e-10, 'Unknown': 3.2091624496688453e-11}","(laughing) All right. So, for the time being, we'll say you guys manage to (whoosh) make your way outside of the cavern to the ship."
TALIESIN,01:00:46,01:00:49,Neutral,"{'Angry': 1.4531036096609995e-10, 'Disgusted': 7.606163095197349e-12, 'Fearful': 1.4213320190942236e-12, 'Happy': 4.112733487104947e-10, 'Neutral': 1.0, 'Other': 4.301297545136057e-13, 'Sad': 2.089278888783852e-10, 'Surprised': 2.194653660192447e-11, 'Unknown': 1.8764696827627825e-12}","Up, up, up."
LAURA,01:00:49,01:00:52,Neutral,"{'Angry': 1.6524600576772741e-09, 'Disgusted': 5.14498332826463e-10, 'Fearful': 1.4085119182105643e-10, 'Happy': 4.092827854407233e-09, 'Neutral': 1.0, 'Other': 5.863448615528455e-11, 'Sad': 2.8086142300765005e-09, 'Surprised': 2.11172634934087e-10, 'Unknown': 4.80823603155045e-10}","Can you go? Oh, you're a shark."
MATT,01:00:52,01:00:53,Neutral,"{'Angry': 0.00011793517478508875, 'Disgusted': 1.3166303688194603e-05, 'Fearful': 1.6142064851010218e-05, 'Happy': 0.0031153957825154066, 'Neutral': 0.9963772892951965, 'Other': 5.409410732681863e-06, 'Sad': 0.0003490701492410153, 'Surprised': 2.3864058675826527e-06, 'Unknown': 3.175967094648513e-06}",Being towed.
TALIESIN,01:00:53,01:00:55,Neutral,"{'Angry': 8.923444511310663e-06, 'Disgusted': 6.846751603006851e-06, 'Fearful': 3.957719854952302e-06, 'Happy': 2.1479134375113063e-05, 'Neutral': 0.9999110698699951, 'Other': 3.925789769709809e-06, 'Sad': 1.6173289623111486e-05, 'Surprised': 8.085201557150867e-07, 'Unknown': 2.6810435883817263e-05}",We're fine.
LAURA,01:00:55,01:00:58,Happy,"{'Angry': 4.2579158616717905e-06, 'Disgusted': 6.210766059666639e-06, 'Fearful': 0.00019800261361524463, 'Happy': 0.9996252059936523, 'Neutral': 9.376411071571056e-06, 'Other': 3.053920636375551e-06, 'Sad': 8.102424180833623e-05, 'Surprised': 7.032409484963864e-05, 'Unknown': 2.5494277906545904e-06}",Wonder how far this thing can fly.
TRAVIS,01:00:58,01:01:00,Happy,"{'Angry': 2.817841793234521e-10, 'Disgusted': 4.41617492574764e-10, 'Fearful': 5.280814119323907e-10, 'Happy': 1.0, 'Neutral': 9.585656712829405e-10, 'Other': 4.510901652210464e-10, 'Sad': 2.1458130827767263e-09, 'Surprised': 2.9390379019389457e-09, 'Unknown': 2.610125657276363e-11}","Well, we'll find out real quick."
TALIESIN,01:01:00,01:01:07,Neutral,"{'Angry': 0.0010009132092818618, 'Disgusted': 0.0003271741443313658, 'Fearful': 6.565467629116029e-05, 'Happy': 0.02020120620727539, 'Neutral': 0.9770016074180603, 'Other': 0.0002214839478256181, 'Sad': 0.00026420378708280623, 'Surprised': 4.903086301055737e-05, 'Unknown': 0.0008687385707162321}",We have lots of ways to hurt it before it gets there. We have arrows and guns. We're fine.
MATT,01:01:07,01:01:09,Happy,"{'Angry': 0.0002756564936134964, 'Disgusted': 0.0007712706574238837, 'Fearful': 3.204556560376659e-05, 'Happy': 0.9894235730171204, 'Neutral': 0.008722392842173576, 'Other': 0.00010377744911238551, 'Sad': 0.0004103896499145776, 'Surprised': 0.00020765536464750767, 'Unknown': 5.319529373082332e-05}",As you guys all get into the boat--
MARISHA,01:01:09,01:01:13,Neutral,"{'Angry': 6.173776767592898e-11, 'Disgusted': 3.2913350864194335e-12, 'Fearful': 1.0511696764761713e-12, 'Happy': 7.104374033506389e-11, 'Neutral': 1.0, 'Other': 1.5987532749495853e-13, 'Sad': 6.682297770677081e-11, 'Surprised': 1.5696242916529712e-11, 'Unknown': 1.7119736617915438e-12}",(laughing) Follow the Macy's Day balloon shark.
SAM,01:01:13,01:01:16,Neutral,"{'Angry': 0.0006263029645197093, 'Disgusted': 0.001963534625247121, 'Fearful': 0.006422012113034725, 'Happy': 0.17586098611354828, 'Neutral': 0.7418438196182251, 'Other': 0.0015866175526753068, 'Sad': 0.011653613299131393, 'Surprised': 0.0036241745110601187, 'Unknown': 0.05641898140311241}",(shushing) This is the craziest thing ever.
MATT,01:01:16,01:01:27,Neutral,"{'Angry': 0.0014286147197708488, 'Disgusted': 0.0004739691794384271, 'Fearful': 6.473292160080746e-05, 'Happy': 0.14680024981498718, 'Neutral': 0.8492947220802307, 'Other': 0.000441627373220399, 'Sad': 0.0006055692792870104, 'Surprised': 6.42248778603971e-05, 'Unknown': 0.000826237432193011}","As Keyleth begins to pull away, the boat picks up speed into the water, and you hear that moan sound begin to get louder as the creature (swoosh) out of the cavern, giving chase."
TALIESIN,01:01:27,01:01:28,Happy,"{'Angry': 0.0037882542237639427, 'Disgusted': 0.0015803362475708127, 'Fearful': 0.003142715198919177, 'Happy': 0.8255163431167603, 'Neutral': 0.15775157511234283, 'Other': 6.062833563191816e-05, 'Sad': 0.001125131268054247, 'Surprised': 0.006600591354072094, 'Unknown': 0.00043444664333947003}",I take a shot.
MATT,01:01:28,01:01:31,Happy,"{'Angry': 2.1611711417790502e-05, 'Disgusted': 0.00012865712051279843, 'Fearful': 4.3867825297638774e-05, 'Happy': 0.9145841598510742, 'Neutral': 0.08399421721696854, 'Other': 5.200196028454229e-05, 'Sad': 0.0006032896926626563, 'Surprised': 2.234608655271586e-05, 'Unknown': 0.0005498193204402924}","All right, so! For the purposes of this--"
SAM,01:01:31,01:01:40,Neutral,"{'Angry': 2.0642282549943047e-08, 'Disgusted': 2.022006562185652e-08, 'Fearful': 2.3345698707544216e-09, 'Happy': 3.1419012884725817e-06, 'Neutral': 0.9999966621398926, 'Other': 2.928669973201181e-09, 'Sad': 1.449018753874043e-07, 'Surprised': 7.484086239628596e-09, 'Unknown': 7.357972897636955e-09}",This is a James Bond water chase! (all laugh)
MATT,01:01:40,01:01:44,Neutral,"{'Angry': 1.1930355314770935e-10, 'Disgusted': 1.441701272253404e-11, 'Fearful': 5.439323037120802e-12, 'Happy': 5.586776041788255e-10, 'Neutral': 1.0, 'Other': 5.817302477402475e-13, 'Sad': 4.4519493647143804e-10, 'Surprised': 5.995653279411428e-11, 'Unknown': 6.987344188490174e-13}","All right, so going off, same top of the round. Vax, you're up first."
LIAM,01:01:44,01:01:50,Neutral,"{'Angry': 5.197137511459005e-07, 'Disgusted': 2.6859395347855752e-06, 'Fearful': 2.1210601062193746e-06, 'Happy': 5.932222484261729e-05, 'Neutral': 0.9998810291290283, 'Other': 9.216118087351788e-06, 'Sad': 2.3460930606233887e-05, 'Surprised': 1.9548779164324515e-05, 'Unknown': 1.962829628610052e-06}","Okay, so I throw a dagger at the McRay there."
MATT,01:01:50,01:01:57,Neutral,"{'Angry': 4.5425679218169535e-07, 'Disgusted': 1.8956224323574133e-07, 'Fearful': 1.9329041478499676e-08, 'Happy': 4.056565558130387e-06, 'Neutral': 0.9999948740005493, 'Other': 5.2347626677828885e-08, 'Sad': 1.88416152013815e-07, 'Surprised': 1.0912200565371677e-07, 'Unknown': 4.522953744867664e-08}","Due to its distance, the darkness behind it, and the fact that you are in a boat, you are at a disadvantage on both your attack rolls."
LIAM,01:01:57,01:01:59,Disgusted,"{'Angry': 0.012061534449458122, 'Disgusted': 0.577150821685791, 'Fearful': 0.0007740322034806013, 'Happy': 0.017187364399433136, 'Neutral': 0.23353224992752075, 'Other': 0.10357900708913803, 'Sad': 0.04399428144097328, 'Surprised': 0.004089482594281435, 'Unknown': 0.007631151936948299}",Plus I had a one on the first one.
MATT,01:01:59,01:02:01,Neutral,"{'Angry': 1.8596694184580542e-09, 'Disgusted': 3.172617446534076e-10, 'Fearful': 1.9344907620233442e-10, 'Happy': 2.1490651480604583e-09, 'Neutral': 1.0, 'Other': 8.754244551489876e-11, 'Sad': 5.6376783241773865e-09, 'Surprised': 7.271965252186874e-10, 'Unknown': 2.1663769736446348e-11}",So you super miss on that one.
LIAM,01:02:01,01:02:06,Neutral,"{'Angry': 2.236848928305335e-09, 'Disgusted': 8.354812397470823e-10, 'Fearful': 1.2601014676150157e-10, 'Happy': 2.7612090391926358e-08, 'Neutral': 1.0, 'Other': 1.3467495174612765e-10, 'Sad': 3.933624981300454e-09, 'Surprised': 3.6082634102818645e-10, 'Unknown': 2.840890578337252e-10}","No, it was a seven plus... 13 on the second."
MATT,01:02:06,01:02:20,Neutral,"{'Angry': 4.892978267889703e-06, 'Disgusted': 1.9690544377226615e-06, 'Fearful': 1.4998049380210432e-07, 'Happy': 7.314525282708928e-05, 'Neutral': 0.9999145269393921, 'Other': 1.0079336334456457e-06, 'Sad': 1.5671071196265984e-06, 'Surprised': 7.496486773561628e-07, 'Unknown': 1.9891378997272113e-06}","Okay, so you throw both daggers. (whoosh whoosh) Unfortunately, it's hard to make the form of the creature. It seems to almost-- I can't say change its color, but it embraces the shadows around it, and it gets harder and harder to see. And for a moment, you swear you see two more appear at its sides."
SAM,01:02:20,01:02:23,Neutral,"{'Angry': 1.0583561333987745e-06, 'Disgusted': 1.5513032849412411e-06, 'Fearful': 6.441263167289435e-07, 'Happy': 1.107000935007818e-05, 'Neutral': 0.9999552965164185, 'Other': 3.0565495308110258e-06, 'Sad': 2.41482921410352e-05, 'Surprised': 2.3642924418254552e-07, 'Unknown': 2.93098446491058e-06}",Oh no.
MATT,01:02:23,01:02:29,Neutral,"{'Angry': 1.5173191869610747e-10, 'Disgusted': 4.0746128693314176e-11, 'Fearful': 1.3408945828685681e-11, 'Happy': 3.783096058640467e-09, 'Neutral': 1.0, 'Other': 4.2821124250636e-12, 'Sad': 2.5084321286783506e-09, 'Surprised': 1.1718094550250413e-10, 'Unknown': 4.277769111160623e-12}","You fling both daggers, and they vanish into the darkness and return to your side. That ends your turn. Percy, you're up."
TALIESIN,01:02:29,01:02:37,Neutral,"{'Angry': 9.144179102804628e-07, 'Disgusted': 4.5553616700999555e-07, 'Fearful': 1.0105495107382012e-07, 'Happy': 0.00011881903628818691, 'Neutral': 0.9998737573623657, 'Other': 6.978937676649366e-07, 'Sad': 4.5008500819676556e-06, 'Surprised': 3.243789876705705e-07, 'Unknown': 3.9535299833914905e-07}","All right! I'm going to take a dead-eye sharpshooter shot. I'm going hardcore with this. So, with Bad News, I'm sitting down."
MATT,01:02:37,01:02:50,Neutral,"{'Angry': 4.746599294169762e-11, 'Disgusted': 1.5095871601367161e-12, 'Fearful': 2.219648889602993e-13, 'Happy': 4.142206369572854e-11, 'Neutral': 1.0, 'Other': 9.242907546107293e-14, 'Sad': 2.2445267866544327e-11, 'Surprised': 2.4214144578316166e-11, 'Unknown': 1.8129139682521167e-13}","So you've leaned your giant sniper cannon that you've constructed up against the side of the boat, aim it up, best you can, and take a shot. You are at disadvantage for this shot."
TALIESIN,01:02:50,01:02:52,Neutral,"{'Angry': 2.3147424144553952e-05, 'Disgusted': 6.287785367931065e-07, 'Fearful': 3.3816857580859505e-07, 'Happy': 1.1982133401033934e-06, 'Neutral': 0.9999741315841675, 'Other': 9.428601011052251e-09, 'Sad': 3.637449594862119e-07, 'Surprised': 2.328549300045779e-07, 'Unknown': 4.7977355421835455e-09}",I'm at advantage for this shot!
MATT,01:02:52,01:02:54,Neutral,"{'Angry': 6.705326398293021e-12, 'Disgusted': 5.453343939615385e-13, 'Fearful': 5.962970324761493e-14, 'Happy': 2.6729304533623655e-11, 'Neutral': 1.0, 'Other': 2.887620698110993e-14, 'Sad': 2.5096832598214824e-11, 'Surprised': 5.037445720973421e-12, 'Unknown': 6.092374597432143e-14}",So it cancels out. It's just a regular shot.
LIAM,01:02:54,01:02:57,Neutral,"{'Angry': 4.949886260874337e-07, 'Disgusted': 1.1189032278480227e-07, 'Fearful': 7.71481296624188e-08, 'Happy': 2.1916757475537452e-07, 'Neutral': 0.9999982118606567, 'Other': 5.579008899303517e-08, 'Sad': 7.196542810561368e-07, 'Surprised': 1.13640957977168e-07, 'Unknown': 3.4520748926070155e-08}",Come on!
LIAM,01:02:57,01:02:59,Neutral,"{'Angry': 5.191645300328673e-07, 'Disgusted': 8.330257514899131e-06, 'Fearful': 2.001867642320576e-06, 'Happy': 1.0933110843325267e-06, 'Neutral': 0.999967098236084, 'Other': 3.0982066618889803e-06, 'Sad': 4.317239927331684e-06, 'Surprised': 3.786486679757672e-09, 'Unknown': 1.3599970770883374e-05}",Beautiful human.
TALIESIN,01:02:59,01:03:00,Neutral,"{'Angry': 1.747721034917049e-05, 'Disgusted': 6.910923730174545e-06, 'Fearful': 9.485363079875242e-06, 'Happy': 8.942560089053586e-05, 'Neutral': 0.999659538269043, 'Other': 1.061586658579472e-06, 'Sad': 0.0002105689636664465, 'Surprised': 4.583275313052582e-06, 'Unknown': 8.173233823072223e-07}",Yeah.
TALIESIN,01:03:00,01:03:02,Happy,"{'Angry': 0.09040141105651855, 'Disgusted': 0.018209585919976234, 'Fearful': 0.010533147491514683, 'Happy': 0.4966227114200592, 'Neutral': 0.0009403704316355288, 'Other': 0.010142412967979908, 'Sad': 0.0007370835519395769, 'Surprised': 0.3417876660823822, 'Unknown': 0.030625609681010246}",Damn it!
MATT,01:03:02,01:03:08,Happy,"{'Angry': 3.964121333410731e-06, 'Disgusted': 2.9547193207690725e-06, 'Fearful': 4.55474321370275e-07, 'Happy': 0.9999163150787354, 'Neutral': 7.197635568445548e-05, 'Other': 1.745444393463913e-07, 'Sad': 3.3493938644824084e-06, 'Surprised': 5.480494564835681e-07, 'Unknown': 2.745990457242442e-07}","(gun blast sound) The ship actually rocks from the impact of the explosion. For a second there, you all feel like it's going to list and take on water."
LAURA,01:03:08,01:03:10,Neutral,"{'Angry': 2.4180008040275425e-07, 'Disgusted': 2.6914824502455303e-07, 'Fearful': 4.867903840022336e-07, 'Happy': 2.3943817723193206e-05, 'Neutral': 0.9999662637710571, 'Other': 2.350068371015368e-07, 'Sad': 7.257455763465259e-06, 'Surprised': 5.651378742754787e-08, 'Unknown': 1.1384120170987444e-06}","Are we all on the boat, or are some people still on the carpet?"
ORION,01:03:10,01:03:12,Neutral,"{'Angry': 0.0017855220939964056, 'Disgusted': 0.0007550119771622121, 'Fearful': 0.00031482288613915443, 'Happy': 0.07309123128652573, 'Neutral': 0.9187260270118713, 'Other': 1.8245718820253387e-05, 'Sad': 0.0014054107014089823, 'Surprised': 0.0038888936396688223, 'Unknown': 1.4789678061788436e-05}","No, a bunch of people are on the carpet."
TRAVIS,01:03:12,01:03:14,Angry,"{'Angry': 0.9928082227706909, 'Disgusted': 0.0007399690221063793, 'Fearful': 8.233918197220191e-05, 'Happy': 0.0021486119367182255, 'Neutral': 0.003917890600860119, 'Other': 1.4642942005593795e-05, 'Sad': 0.00012830480409320444, 'Surprised': 0.00013144809054210782, 'Unknown': 2.8509171897894703e-05}",We're in the boat.
LAURA,01:03:14,01:03:18,Happy,"{'Angry': 0.001150820986367762, 'Disgusted': 0.003865589387714863, 'Fearful': 0.0007426016381941736, 'Happy': 0.8301391005516052, 'Neutral': 0.1260976791381836, 'Other': 0.0033897587563842535, 'Sad': 0.000667541055008769, 'Surprised': 0.003634974593296647, 'Unknown': 0.03031187132000923}",We didn't all fit in the boat! That's why we didn't all take the boat originally.
ORION,01:03:18,01:03:19,Happy,"{'Angry': 0.02218208648264408, 'Disgusted': 0.04132964089512825, 'Fearful': 0.006068191025406122, 'Happy': 0.5087966918945312, 'Neutral': 0.38710030913352966, 'Other': 0.00028807332273572683, 'Sad': 0.020725131034851074, 'Surprised': 0.012937178835272789, 'Unknown': 0.0005727502866648138}",I'm still on the carpet!
MATT,01:03:19,01:03:22,Neutral,"{'Angry': 8.207092783152348e-09, 'Disgusted': 3.0417517393743765e-09, 'Fearful': 8.103895887678902e-10, 'Happy': 1.897926793503757e-08, 'Neutral': 1.0, 'Other': 7.38624272855759e-10, 'Sad': 3.508564105914047e-08, 'Surprised': 3.3293121592947728e-09, 'Unknown': 2.5469804043609656e-10}",Okay. Tiberius is still on the carpet.
LAURA,01:03:22,01:03:26,Neutral,"{'Angry': 0.00014680202002637088, 'Disgusted': 9.316401701653376e-05, 'Fearful': 5.000082455808297e-05, 'Happy': 0.0005775014869868755, 'Neutral': 0.9976451992988586, 'Other': 0.0001223697909153998, 'Sad': 0.00023475884518120438, 'Surprised': 6.118553756095935e-06, 'Unknown': 0.0011240614112466574}","You're the only one still on the carpet, then."
TRAVIS,01:03:26,01:03:27,Neutral,"{'Angry': 3.7552436160659397e-10, 'Disgusted': 8.209996571473255e-11, 'Fearful': 1.2479074197602191e-11, 'Happy': 3.8434461169245537e-10, 'Neutral': 1.0, 'Other': 5.1417013008370205e-12, 'Sad': 6.377585126671192e-10, 'Surprised': 5.15401679668237e-11, 'Unknown': 9.069313876286511e-12}",Like I said.
TALIESIN,01:03:27,01:03:32,Disgusted,"{'Angry': 0.0015398834366351366, 'Disgusted': 0.40675538778305054, 'Fearful': 0.0016451430274173617, 'Happy': 0.3151058852672577, 'Neutral': 0.04507870599627495, 'Other': 0.17882296442985535, 'Sad': 0.006153968162834644, 'Surprised': 0.023053424432873726, 'Unknown': 0.021844642236828804}","By the way, if anyone wants to make us a little six-square carpet, that would be awesome!"
MARISHA,01:03:32,01:03:38,Other,"{'Angry': 0.0019331354415044188, 'Disgusted': 0.007861558347940445, 'Fearful': 0.0003036520502064377, 'Happy': 0.001725310692563653, 'Neutral': 0.008700628764927387, 'Other': 0.9748903512954712, 'Sad': 0.002199837239459157, 'Surprised': 0.0011769962729886174, 'Unknown': 0.0012085364433005452}",If someone crocheted us a little single-square magic carpet?
ORION,01:03:38,01:03:39,Neutral,"{'Angry': 1.484787844674429e-06, 'Disgusted': 1.7457409740018193e-06, 'Fearful': 1.612794306993237e-07, 'Happy': 1.99328997041448e-06, 'Neutral': 0.999993085861206, 'Other': 1.1938257671317842e-07, 'Sad': 9.292973004448868e-07, 'Surprised': 2.374058993837025e-07, 'Unknown': 2.468687227974442e-07}",That'd be so fun.
MARISHA,01:03:39,01:03:42,Neutral,"{'Angry': 0.0017630712827667594, 'Disgusted': 0.024284906685352325, 'Fearful': 0.004024076741188765, 'Happy': 0.03520788997411728, 'Neutral': 0.9076530933380127, 'Other': 0.008156620897352695, 'Sad': 0.01152966357767582, 'Surprised': 0.001669538440182805, 'Unknown': 0.005711081903427839}",So we could put it on our little floaty deal.
TALIESIN,01:03:42,01:03:44,Neutral,"{'Angry': 0.00029064470436424017, 'Disgusted': 0.00035420319181866944, 'Fearful': 1.740825791785028e-05, 'Happy': 0.0005935686058364809, 'Neutral': 0.9941622614860535, 'Other': 0.0005257382290437818, 'Sad': 0.0001435806043446064, 'Surprised': 7.973330298227665e-07, 'Unknown': 0.003911818843334913}",And I reload.
MATT,01:03:44,01:03:48,Neutral,"{'Angry': 1.2320234418439213e-05, 'Disgusted': 1.0578230103419628e-05, 'Fearful': 6.613111963815754e-06, 'Happy': 6.817620305810124e-05, 'Neutral': 0.9997313618659973, 'Other': 3.443347668508068e-05, 'Sad': 0.00011235886631766334, 'Surprised': 3.269871513111866e-06, 'Unknown': 2.0963600036338903e-05}","So you go ahead and reload. Yeah, that'll be your turn. That comes up to Grog!"
TRAVIS,01:03:48,01:03:49,Happy,"{'Angry': 0.00183505576569587, 'Disgusted': 0.0003343601420056075, 'Fearful': 3.2384941732743755e-05, 'Happy': 0.8948799967765808, 'Neutral': 0.10026054829359055, 'Other': 4.6333379941643216e-06, 'Sad': 0.0008322382345795631, 'Surprised': 0.0018199837068095803, 'Unknown': 7.212311743387545e-07}",How close is Manta Ray?
MATT,01:03:49,01:04:00,Neutral,"{'Angry': 7.053515582811087e-05, 'Disgusted': 4.55530107501545e-06, 'Fearful': 3.3442918834225566e-07, 'Happy': 3.253962631788454e-06, 'Neutral': 0.9999048709869385, 'Other': 6.450533760471444e-07, 'Sad': 1.5309633454307914e-05, 'Surprised': 3.76076599195585e-07, 'Unknown': 1.815175920683032e-07}","The creature is approximately... 40ish feet away, at an angle, so it's about 50 feet away from you, up in the air."
LAURA,01:04:00,01:04:02,Neutral,"{'Angry': 5.725376013288042e-06, 'Disgusted': 1.1392194210202433e-06, 'Fearful': 2.0038305592606775e-06, 'Happy': 1.1392993656045292e-05, 'Neutral': 0.9999696016311646, 'Other': 2.6041067258120165e-07, 'Sad': 8.643015462439507e-06, 'Surprised': 1.1667792705338798e-06, 'Unknown': 1.6085385823316756e-07}",How long is that chain on the axe?
TRAVIS,01:04:02,01:04:05,Neutral,"{'Angry': 4.680521248356939e-11, 'Disgusted': 1.3056522876753185e-11, 'Fearful': 4.622725379571646e-12, 'Happy': 1.552019207595734e-10, 'Neutral': 1.0, 'Other': 2.0796313889709372e-12, 'Sad': 4.2707873348923897e-10, 'Surprised': 1.4157214463239587e-11, 'Unknown': 8.106175453104214e-12}",I was going to do something else.
MATT,01:04:05,01:04:09,Neutral,"{'Angry': 9.706164760814318e-09, 'Disgusted': 5.543576264699368e-09, 'Fearful': 1.1683727318967385e-09, 'Happy': 2.831049812357378e-07, 'Neutral': 0.9999997615814209, 'Other': 1.6621228837720992e-09, 'Sad': 2.2343977335026466e-08, 'Surprised': 4.048486434982124e-09, 'Unknown': 2.955519384784111e-09}","You can try and shift your weight to the back of the boat and get closer with your movement, if you want."
TRAVIS,01:04:09,01:04:16,Neutral,"{'Angry': 4.5984588359360146e-10, 'Disgusted': 1.5350615223397313e-10, 'Fearful': 3.092791994729893e-11, 'Happy': 2.540519128402252e-09, 'Neutral': 1.0, 'Other': 4.065375119877146e-11, 'Sad': 3.329261311080245e-09, 'Surprised': 1.7753341852166926e-10, 'Unknown': 8.525151418137256e-11}",I don't think the chain's long enough. 50 feet long? Is the Chain of Returning long enough to get to him?
MATT,01:04:16,01:04:17,Neutral,"{'Angry': 0.00018601870397105813, 'Disgusted': 0.0003845564788207412, 'Fearful': 6.79685253999196e-05, 'Happy': 0.001392355770803988, 'Neutral': 0.996791422367096, 'Other': 1.1315280971757602e-05, 'Sad': 0.00027507386403158307, 'Surprised': 0.0008830770966596901, 'Unknown': 8.148093002091628e-06}",You can certainly try.
TRAVIS,01:04:17,01:04:25,Neutral,"{'Angry': 2.931011336415601e-12, 'Disgusted': 1.940144957668019e-13, 'Fearful': 5.968136548113387e-14, 'Happy': 4.746099346863986e-12, 'Neutral': 1.0, 'Other': 2.2040259767546096e-14, 'Sad': 1.3306474845597993e-11, 'Surprised': 1.4758500411354847e-12, 'Unknown': 9.640901222967777e-14}","(laughing) I'm going to hold off. I would like to hold off, and maybe he'll come closer, since I seem to be an intimate sort of fellow."
MATT,01:04:25,01:04:30,Happy,"{'Angry': 0.00048228533705696464, 'Disgusted': 7.864605140639469e-05, 'Fearful': 6.964026397326961e-05, 'Happy': 0.9858255982398987, 'Neutral': 0.00022851547691971064, 'Other': 6.681704689981416e-05, 'Sad': 0.00013966739061288536, 'Surprised': 0.01309079211205244, 'Unknown': 1.8014719898928888e-05}","All right, cool. Keyleth. You're pulling the boat?"
MARISHA,01:04:30,01:04:39,Happy,"{'Angry': 1.0835893987648504e-10, 'Disgusted': 2.5113461310510843e-10, 'Fearful': 3.2968912322406396e-11, 'Happy': 1.0, 'Neutral': 6.944866903779712e-09, 'Other': 3.4883398253304776e-11, 'Sad': 9.500418229890784e-10, 'Surprised': 9.433261116686964e-11, 'Unknown': 6.934654239731941e-11}","I'm going to use a run action, just double speed. I feel action above, and I'm just shark instincts."
MATT,01:04:39,01:04:44,Neutral,"{'Angry': 0.0011624767212197185, 'Disgusted': 0.0019113407470285892, 'Fearful': 0.00017974596994463354, 'Happy': 0.007450693286955357, 'Neutral': 0.9738773107528687, 'Other': 0.002669975161552429, 'Sad': 0.000800899404566735, 'Surprised': 0.0002046477166004479, 'Unknown': 0.011742934584617615}","Okay. So you manage to get some distance for the ship, pulling it further behind."
MARISHA,01:04:44,01:04:46,Neutral,"{'Angry': 0.020535562187433243, 'Disgusted': 0.015620185993611813, 'Fearful': 0.017530152574181557, 'Happy': 0.25074875354766846, 'Neutral': 0.48510414361953735, 'Other': 0.0022720028646290302, 'Sad': 0.004790356382727623, 'Surprised': 0.017611907795071602, 'Unknown': 0.1857869029045105}","Yeah, I have a swim speed of 40."
MATT,01:04:46,01:04:59,Neutral,"{'Angry': 0.00854802317917347, 'Disgusted': 0.0012529660016298294, 'Fearful': 5.033968045609072e-05, 'Happy': 0.00028677177033387125, 'Neutral': 0.9882678389549255, 'Other': 0.00016913532454054803, 'Sad': 0.0009549505193717778, 'Surprised': 2.1396856027422473e-05, 'Unknown': 0.0004485978279262781}","You're moving slower than that because you're pulling it, towing the entire boat behind you, so you're going 20, but you're putting distance between you and the creature, for the rest of the party, which makes it harder for it to catch up. All right, that brings us to Pike!"
ASHLEY,01:04:59,01:05:08,Neutral,"{'Angry': 5.473312921822071e-05, 'Disgusted': 6.328854215098545e-05, 'Fearful': 8.167163286998402e-06, 'Happy': 0.06078692898154259, 'Neutral': 0.938720166683197, 'Other': 3.782094790949486e-05, 'Sad': 0.00011731819540727884, 'Surprised': 2.2616162823396735e-05, 'Unknown': 0.0001890167623059824}","Okay! I'm going to send a Guiding Bolt to the flying manta ray. So, I have to roll and see if it hits?"
MATT,01:05:08,01:05:11,Neutral,"{'Angry': 5.629135557683185e-07, 'Disgusted': 6.316525400507089e-07, 'Fearful': 2.469747073519102e-07, 'Happy': 6.0433662838477176e-06, 'Neutral': 0.9999892711639404, 'Other': 3.4487155176066153e-07, 'Sad': 1.0279812840963132e-06, 'Surprised': 7.935139478831843e-08, 'Unknown': 1.6496862826897996e-06}","Yes. Add your spell modifier to it. Oh, you found your sheet?"
MATT,01:05:11,01:05:14,Neutral,"{'Angry': 0.00023999399854801595, 'Disgusted': 0.0005189143121242523, 'Fearful': 0.00023020974185783416, 'Happy': 0.00182259117718786, 'Neutral': 0.9925249814987183, 'Other': 0.00015366064326371998, 'Sad': 0.0005981930298730731, 'Surprised': 2.1366047803894617e-05, 'Unknown': 0.003890091320499778}",Awesome.
ASHLEY,01:05:14,01:05:16,Neutral,"{'Angry': 2.4064153447689307e-10, 'Disgusted': 8.322648820113798e-11, 'Fearful': 5.6881350324333724e-11, 'Happy': 7.865119111549745e-10, 'Neutral': 1.0, 'Other': 8.358709557843014e-12, 'Sad': 3.8730312290624624e-09, 'Surprised': 9.881580970150239e-11, 'Unknown': 6.103965423387425e-12}",It doesn't hit. It's 12.
MATT,01:05:16,01:05:29,Neutral,"{'Angry': 3.5817226962109316e-09, 'Disgusted': 2.3682894534360344e-10, 'Fearful': 5.502750338726159e-11, 'Happy': 2.473126237134693e-08, 'Neutral': 1.0, 'Other': 9.929961367061146e-12, 'Sad': 5.3304032299195114e-09, 'Surprised': 2.8737383583887777e-09, 'Unknown': 7.276620278551249e-12}","12 does not hit, unfortunately. Once again, you fire and you think you hit one of them, but it seems to hit one of the group of three that's now flying overhead, and one shimmers and vanishes, seemingly unaffected by the bolt, but that one image of it disappears."
ASHLEY,01:05:29,01:05:34,Neutral,"{'Angry': 9.421039976587053e-06, 'Disgusted': 9.567474080540705e-06, 'Fearful': 1.5468800711460062e-06, 'Happy': 7.889359403634444e-05, 'Neutral': 0.9998340606689453, 'Other': 1.1293544048385229e-05, 'Sad': 1.3916411262471229e-05, 'Surprised': 7.510602699767333e-07, 'Unknown': 4.051469295518473e-05}",Can I do anything else? Since I'm just sitting.
MATT,01:05:34,01:05:36,Neutral,"{'Angry': 6.017188297846587e-06, 'Disgusted': 6.330030373646878e-06, 'Fearful': 3.4597164813021664e-06, 'Happy': 3.529180321493186e-05, 'Neutral': 0.9999053478240967, 'Other': 2.0151117041677935e-06, 'Sad': 3.729302989086136e-05, 'Surprised': 3.7275799513736274e-06, 'Unknown': 5.955914161859255e-07}","No, not unless you want to move somewhere in the boat."
ASHLEY,01:05:36,01:05:37,Neutral,"{'Angry': 0.03258594498038292, 'Disgusted': 0.00099910085555166, 'Fearful': 0.000326795328874141, 'Happy': 0.06517144292593002, 'Neutral': 0.8960620760917664, 'Other': 3.774172000703402e-05, 'Sad': 0.0031286452431231737, 'Surprised': 0.0016773506067693233, 'Unknown': 1.085913936549332e-05}",No. Dang it!
MATT,01:05:37,01:06:04,Other,"{'Angry': 0.0015171023551374674, 'Disgusted': 0.019889522343873978, 'Fearful': 0.0009180885972455144, 'Happy': 0.003845743602141738, 'Neutral': 0.35127952694892883, 'Other': 0.5758730173110962, 'Sad': 0.0018886415055021644, 'Surprised': 0.03484291210770607, 'Unknown': 0.00994542520493269}","All right. It's now its turn. It is going to move. It gains up on the boat to about there. It actually gets a little lower. It's starting to gain on you guys, make its way (shh) gliding down towards the front, and you see now there's now two of them side by side that are coming down towards you guys."
LAURA,01:06:04,01:06:07,Neutral,"{'Angry': 7.41201891529819e-12, 'Disgusted': 2.8863776603202385e-13, 'Fearful': 7.018822643315575e-14, 'Happy': 1.6825965967748324e-11, 'Neutral': 1.0, 'Other': 1.6624234541046112e-14, 'Sad': 2.0388876351140617e-11, 'Surprised': 2.0604113033784177e-12, 'Unknown': 9.191870761716611e-14}",I don't know.
MATT,01:06:07,01:06:18,Neutral,"{'Angry': 0.012677006423473358, 'Disgusted': 0.04353156313300133, 'Fearful': 0.0016783723840489984, 'Happy': 0.006199226714670658, 'Neutral': 0.5717194676399231, 'Other': 0.040357764810323715, 'Sad': 0.020776396617293358, 'Surprised': 0.27897369861602783, 'Unknown': 0.0240864809602499}","It's then that that strange moaning sound it's making (moans) begins to grow louder and louder, and all of you close your ears for a second. Everybody, make a wisdom saving throw."
MARISHA,01:06:18,01:06:19,Neutral,"{'Angry': 0.007043871097266674, 'Disgusted': 0.0023717877920717, 'Fearful': 0.002262693364173174, 'Happy': 0.012693934142589569, 'Neutral': 0.9662471413612366, 'Other': 3.679413202917203e-05, 'Sad': 0.005969584453850985, 'Surprised': 0.0032335512805730104, 'Unknown': 0.0001405771035933867}",Including me?
MATT,01:06:19,01:06:22,Disgusted,"{'Angry': 0.03462495654821396, 'Disgusted': 0.6664296984672546, 'Fearful': 0.007415886968374252, 'Happy': 0.02233506552875042, 'Neutral': 0.22943717241287231, 'Other': 0.0014166702749207616, 'Sad': 0.010607477277517319, 'Surprised': 0.02612273208796978, 'Unknown': 0.001610331586562097}",You don't actually hear in the water. You're muffled.
MARISHA,01:06:22,01:06:23,Neutral,"{'Angry': 2.7281978987048205e-07, 'Disgusted': 1.3869954784695437e-07, 'Fearful': 9.990687743766102e-08, 'Happy': 2.9192337933636736e-06, 'Neutral': 0.9999951124191284, 'Other': 2.1645728764951855e-08, 'Sad': 1.1291469945717836e-06, 'Surprised': 3.302432673990552e-07, 'Unknown': 5.397912783422498e-09}","I'm in the water, yeah."
MATT,01:06:23,01:06:26,Neutral,"{'Angry': 1.6186392031158903e-06, 'Disgusted': 1.2045649100400624e-06, 'Fearful': 1.9499346137763496e-07, 'Happy': 1.3349191249290016e-05, 'Neutral': 0.9999747276306152, 'Other': 8.576539016758034e-07, 'Sad': 4.533948413154576e-06, 'Surprised': 1.4069841824948526e-07, 'Unknown': 3.3945595987461274e-06}","It's to the point where it doesn't actually affect you. Plus, you're in shark form."
MATT,01:06:26,01:06:28,Neutral,"{'Angry': 0.0010851622791960835, 'Disgusted': 0.01452217809855938, 'Fearful': 0.00013996794587001204, 'Happy': 0.002143553690984845, 'Neutral': 0.953538715839386, 'Other': 0.024412985891103745, 'Sad': 0.0006542106857523322, 'Surprised': 0.00132070726249367, 'Unknown': 0.002182577969506383}",Yes.
SAM,01:06:28,01:06:31,Angry,"{'Angry': 0.7109884023666382, 'Disgusted': 0.022992586717009544, 'Fearful': 0.0016306642210111022, 'Happy': 0.1216178834438324, 'Neutral': 0.07413135468959808, 'Other': 0.007122727110981941, 'Sad': 0.0011369994608685374, 'Surprised': 0.019233860075473785, 'Unknown': 0.04114557430148125}",(laughs)
MATT,01:06:31,01:06:33,Neutral,"{'Angry': 1.0138113681890104e-09, 'Disgusted': 2.8902608084635517e-10, 'Fearful': 3.342428417374421e-11, 'Happy': 2.1416191486878233e-08, 'Neutral': 1.0, 'Other': 2.4976925042108356e-11, 'Sad': 2.8606570445788293e-09, 'Surprised': 3.2554017814767633e-10, 'Unknown': 3.313919624825523e-11}",All right. Scanlan?
SAM,01:06:33,01:06:36,Neutral,"{'Angry': 0.02732771448791027, 'Disgusted': 0.05642660707235336, 'Fearful': 0.011191782541573048, 'Happy': 0.12882506847381592, 'Neutral': 0.4839650094509125, 'Other': 0.010728096589446068, 'Sad': 0.023217782378196716, 'Surprised': 0.024773582816123962, 'Unknown': 0.23354433476924896}","I rolled a two, but my wisdom is negative two. (all laugh)"
MATT,01:06:36,01:06:41,Neutral,"{'Angry': 3.887104668091196e-14, 'Disgusted': 1.2974227058033957e-15, 'Fearful': 2.0659243433117732e-16, 'Happy': 4.713257914382499e-14, 'Neutral': 1.0, 'Other': 3.4231711597649476e-16, 'Sad': 1.2906808868201614e-13, 'Surprised': 2.2183908085070952e-14, 'Unknown': 8.891843772041081e-16}",All right. Tiberius?
MATT,01:06:41,01:06:43,Neutral,"{'Angry': 4.167579475966576e-12, 'Disgusted': 2.8282514134489456e-13, 'Fearful': 7.851313728931414e-14, 'Happy': 5.0538926342491575e-12, 'Neutral': 1.0, 'Other': 2.2741452276008045e-14, 'Sad': 1.7489329429132283e-11, 'Surprised': 1.960359175337545e-12, 'Unknown': 7.169759171131787e-14}",Four. Percy?
TALIESIN,01:06:43,01:06:44,Neutral,"{'Angry': 5.690704711014405e-05, 'Disgusted': 1.1559691301954444e-05, 'Fearful': 2.973466735056718e-06, 'Happy': 0.0002821492380462587, 'Neutral': 0.999576985836029, 'Other': 7.668473926969455e-07, 'Sad': 5.6628239690326154e-05, 'Surprised': 1.1918652489839587e-05, 'Unknown': 2.09351114222045e-07}",One.
LAURA,01:06:44,01:06:49,Angry,"{'Angry': 0.9828850030899048, 'Disgusted': 0.0006478565046563745, 'Fearful': 0.00060198490973562, 'Happy': 0.0024234892334789038, 'Neutral': 0.0015744256088510156, 'Other': 0.0017657853895798326, 'Sad': 0.00048303083167411387, 'Surprised': 1.9671762856887653e-05, 'Unknown': 0.009598839096724987}",Oh no! Our whole party!
TRAVIS,01:06:49,01:06:50,Surprised,"{'Angry': 0.19525495171546936, 'Disgusted': 0.06341476738452911, 'Fearful': 0.01239361334592104, 'Happy': 0.012709281407296658, 'Neutral': 0.02265196293592453, 'Other': 0.27053213119506836, 'Sad': 0.0026138850953429937, 'Surprised': 0.41423675417900085, 'Unknown': 0.00619272468611598}",13.
ASHLEY,01:06:50,01:06:51,Neutral,"{'Angry': 0.0020230780355632305, 'Disgusted': 0.008851881138980389, 'Fearful': 0.0002626789500936866, 'Happy': 0.0021259381901472807, 'Neutral': 0.9834073185920715, 'Other': 4.026591341244057e-05, 'Sad': 0.0014786686515435576, 'Surprised': 0.0017726679798215628, 'Unknown': 3.744665445992723e-05}",12.
LAURA,01:06:51,01:06:52,Angry,"{'Angry': 0.9444059133529663, 'Disgusted': 0.001568345702253282, 'Fearful': 0.0008657181751914322, 'Happy': 0.026032235473394394, 'Neutral': 0.022610874846577644, 'Other': 5.211884490563534e-05, 'Sad': 0.0022519163321703672, 'Surprised': 0.002191446488723159, 'Unknown': 2.1510693841264583e-05}",11.
LIAM,01:06:52,01:06:53,Neutral,"{'Angry': 0.006503158248960972, 'Disgusted': 9.844060696195811e-05, 'Fearful': 2.055490404018201e-05, 'Happy': 0.01028862688690424, 'Neutral': 0.9829792380332947, 'Other': 4.0397299017058685e-06, 'Sad': 9.157881868304685e-05, 'Surprised': 1.3897576536692213e-05, 'Unknown': 4.0529945977141324e-07}",14.
TALIESIN,01:06:53,01:06:56,Angry,"{'Angry': 0.7377030253410339, 'Disgusted': 0.004995372146368027, 'Fearful': 0.0003854313981719315, 'Happy': 0.0005921688280068338, 'Neutral': 0.00013619863602798432, 'Other': 0.25502294301986694, 'Sad': 0.00075194810051471, 'Surprised': 0.0001497176563134417, 'Unknown': 0.0002631758397910744}",We are killing it!
MATT,01:06:56,01:07:02,Neutral,"{'Angry': 8.973426702141296e-06, 'Disgusted': 4.1238141079702473e-07, 'Fearful': 2.8241512950444303e-07, 'Happy': 1.4783819096919615e-05, 'Neutral': 0.9999710321426392, 'Other': 1.8976346609633765e-06, 'Sad': 1.8165576420869911e-06, 'Surprised': 4.001995250746404e-07, 'Unknown': 2.9491192776731623e-07}",Grog and Vex. Now let's see. You rolled a what?
LAURA,01:07:02,01:07:04,Neutral,"{'Angry': 2.1552419571246872e-10, 'Disgusted': 2.383037517317277e-11, 'Fearful': 7.184948382782386e-12, 'Happy': 9.134842327007675e-10, 'Neutral': 1.0, 'Other': 1.2334105091438285e-12, 'Sad': 5.370701106066633e-10, 'Surprised': 9.448567622749593e-11, 'Unknown': 3.824364002563696e-12}",I rolled an 11.
MATT,01:07:04,01:07:17,Happy,"{'Angry': 0.02258436568081379, 'Disgusted': 0.17682789266109467, 'Fearful': 0.003589985892176628, 'Happy': 0.3209898769855499, 'Neutral': 0.17014683783054352, 'Other': 0.018383175134658813, 'Sad': 0.0009761212859302759, 'Surprised': 0.1677892953157425, 'Unknown': 0.11871245503425598}","11? Okay, yeah, so, no. Vax however, is okay. So, Kima, Vax, and Grog, and Clarota all hear this horrible moaning sound and plug their ears and shake it off, not a problem. Everyone else--"
SAM,01:07:17,01:07:18,Neutral,"{'Angry': 1.9005441345143481e-06, 'Disgusted': 9.051890401678975e-07, 'Fearful': 9.292226366142131e-08, 'Happy': 0.0002028727758442983, 'Neutral': 0.9997854828834534, 'Other': 6.111973220868094e-07, 'Sad': 4.903926310362294e-06, 'Surprised': 3.095550255238777e-06, 'Unknown': 1.073031015152992e-07}",Instant peril.
MATT,01:07:18,01:07:25,Neutral,"{'Angry': 2.0078346808522635e-13, 'Disgusted': 6.221852985485677e-15, 'Fearful': 1.3447797884887916e-15, 'Happy': 2.3081178895240084e-13, 'Neutral': 1.0, 'Other': 9.485993974101426e-16, 'Sad': 7.616568508707344e-13, 'Surprised': 7.283222283735111e-14, 'Unknown': 4.162806099719356e-15}","This creature-- all of a sudden, its form becomes far more frightening than you ever saw before. It almost seems to swell with the cavern."
ORION,01:07:25,01:07:27,Neutral,"{'Angry': 9.241932161785371e-07, 'Disgusted': 4.21507394321452e-07, 'Fearful': 1.4745140219929453e-07, 'Happy': 1.1645082850009203e-05, 'Neutral': 0.9999843835830688, 'Other': 1.1012699729917586e-07, 'Sad': 1.5484882851524162e-06, 'Surprised': 7.553997960485503e-08, 'Unknown': 7.655914942006348e-07}",Is it casting a spell?
MATT,01:07:27,01:07:31,Neutral,"{'Angry': 0.0749996080994606, 'Disgusted': 0.0008535313536413014, 'Fearful': 0.0002529814082663506, 'Happy': 0.0015011376235634089, 'Neutral': 0.9178769588470459, 'Other': 0.00025917511084116995, 'Sad': 0.0026449202559888363, 'Surprised': 0.0005433022743090987, 'Unknown': 0.0010683377040550113}",It's a natural ability. All of you are considered frightened.
ORION,01:07:31,01:07:34,Neutral,"{'Angry': 0.003581381868571043, 'Disgusted': 0.003719214117154479, 'Fearful': 0.0003647067060228437, 'Happy': 0.01010827999562025, 'Neutral': 0.934826672077179, 'Other': 0.005961178801953793, 'Sad': 0.0027609369717538357, 'Surprised': 1.8080043446389027e-05, 'Unknown': 0.038659535348415375}",Oh my lord!
SAM,01:07:34,01:07:37,Neutral,"{'Angry': 1.3276609251988702e-06, 'Disgusted': 1.4138080359771266e-06, 'Fearful': 1.1370086667739088e-06, 'Happy': 6.545976066263393e-05, 'Neutral': 0.9999115467071533, 'Other': 1.031485680869082e-06, 'Sad': 4.584759153658524e-06, 'Surprised': 2.110198238369776e-07, 'Unknown': 1.3333894457900897e-05}",Is it charming us?
MATT,01:07:37,01:07:43,Neutral,"{'Angry': 0.00011321752390358597, 'Disgusted': 0.005037764552980661, 'Fearful': 7.558329525636509e-05, 'Happy': 0.0008558924891985953, 'Neutral': 0.9858729839324951, 'Other': 0.0050972383469343185, 'Sad': 0.0007477385806851089, 'Surprised': 0.0018238346092402935, 'Unknown': 0.00037581808282993734}","Nope. It is not a charm effect. It is a fear effect. You are scared of it, currently."
LAURA,01:07:43,01:07:50,Neutral,"{'Angry': 6.51006530461018e-06, 'Disgusted': 3.1786143495082797e-07, 'Fearful': 1.845132402422678e-08, 'Happy': 1.4294347465693136e-06, 'Neutral': 0.9999909400939941, 'Other': 2.461537746967224e-07, 'Sad': 2.895602335684089e-07, 'Surprised': 2.586042668895061e-08, 'Unknown': 1.9888393865130638e-07}","Trinket is immune to being scared. It doesn't matter, because I'm scared."
MATT,01:07:50,01:07:59,Neutral,"{'Angry': 0.0018875406822189689, 'Disgusted': 0.0031362627632915974, 'Fearful': 9.33136252569966e-05, 'Happy': 0.0017515580402687192, 'Neutral': 0.9855931401252747, 'Other': 0.0014336294261738658, 'Sad': 0.00021236573229543865, 'Surprised': 5.5637912737438455e-05, 'Unknown': 0.00583652826026082}","You're scared. Trinket's not affected, but you are. Essentially, until the end of its next turn, it's disadvantage on all attack rolls, and you cannot move closer to it."
TRAVIS,01:07:59,01:08:01,Happy,"{'Angry': 9.471994388832172e-08, 'Disgusted': 1.5035706155686057e-06, 'Fearful': 1.3132991227848834e-07, 'Happy': 0.9999877214431763, 'Neutral': 8.485238254252181e-07, 'Other': 1.2246520100234193e-06, 'Sad': 9.09752984057377e-08, 'Surprised': 1.8784999156196136e-07, 'Unknown': 8.148886081471574e-06}",Can I take that turn now?
MATT,01:08:01,01:08:03,Happy,"{'Angry': 0.00018772041948977858, 'Disgusted': 0.0008443291299045086, 'Fearful': 0.0002931906492449343, 'Happy': 0.8278495669364929, 'Neutral': 0.15193849802017212, 'Other': 0.00028947729151695967, 'Sad': 0.0003250984591431916, 'Surprised': 0.00015966608771122992, 'Unknown': 0.01811247132718563}","You can take that turn now, yeah. As it's moaning."
TRAVIS,01:08:03,01:08:11,Happy,"{'Angry': 2.2570981172975735e-07, 'Disgusted': 1.0590345311811689e-07, 'Fearful': 7.271604651748476e-09, 'Happy': 0.9999499320983887, 'Neutral': 4.9209844291908666e-05, 'Other': 9.953333268697406e-09, 'Sad': 4.940583266943577e-07, 'Surprised': 1.845345209972038e-08, 'Unknown': 5.9010734076991866e-08}","Now, since I shook it off, I'm like, ""That's lovely,"" and I would like to try, for the first time, Intimidating Presence."
SAM,01:08:11,01:08:12,Happy,"{'Angry': 1.5831528799026273e-06, 'Disgusted': 1.1878374834850547e-06, 'Fearful': 2.8281610298108717e-07, 'Happy': 0.9999744892120361, 'Neutral': 1.0563279829511885e-05, 'Other': 9.738603239384247e-07, 'Sad': 7.5143116191611625e-06, 'Surprised': 3.3266171612922335e-06, 'Unknown': 2.9575888405020123e-08}",Is that a spell?
TRAVIS,01:08:12,01:08:14,Other,"{'Angry': 0.008784379810094833, 'Disgusted': 0.027406077831983566, 'Fearful': 0.010241341777145863, 'Happy': 0.061396412551403046, 'Neutral': 0.3937534689903259, 'Other': 0.4262568950653076, 'Sad': 0.02088228613138199, 'Surprised': 0.04877037554979324, 'Unknown': 0.002508852630853653}",On a creature within 30 feet.
MATT,01:08:14,01:08:18,Surprised,"{'Angry': 0.0001271803048439324, 'Disgusted': 4.256096144672483e-05, 'Fearful': 2.236731461380259e-06, 'Happy': 9.20163220143877e-05, 'Neutral': 0.3105333745479584, 'Other': 2.2002499463269487e-05, 'Sad': 2.8776965336874127e-05, 'Surprised': 0.6891514658927917, 'Unknown': 4.027312456855725e-07}",It would be within 30 feet. Turn around.
LAURA,01:08:18,01:08:20,Neutral,"{'Angry': 0.10618922859430313, 'Disgusted': 0.18360312283039093, 'Fearful': 0.007590782828629017, 'Happy': 0.028701944276690483, 'Neutral': 0.5714799761772156, 'Other': 0.0025356728583574295, 'Sad': 0.08665785938501358, 'Surprised': 0.0029836951289325953, 'Unknown': 0.010257710702717304}","Get it Grog, get it!"
TRAVIS,01:08:20,01:08:25,Neutral,"{'Angry': 1.0800579097747232e-08, 'Disgusted': 5.793541202336883e-09, 'Fearful': 8.144804830578778e-10, 'Happy': 2.433029067105963e-08, 'Neutral': 1.0, 'Other': 1.8446025817908662e-09, 'Sad': 1.672666982699411e-08, 'Surprised': 1.0187212184931127e-09, 'Unknown': 1.8509358490348404e-09}",(yells) (all laugh)
TRAVIS,01:08:25,01:08:27,Sad,"{'Angry': 0.0004466496757231653, 'Disgusted': 0.0006748751038685441, 'Fearful': 0.0006679737707599998, 'Happy': 0.002776093315333128, 'Neutral': 0.003868795931339264, 'Other': 0.006435783114284277, 'Sad': 0.9797333478927612, 'Surprised': 0.0006348341121338308, 'Unknown': 0.004761751275509596}",13.
TRAVIS,01:08:27,01:08:30,Surprised,"{'Angry': 0.05528118833899498, 'Disgusted': 0.027682757005095482, 'Fearful': 0.03037227690219879, 'Happy': 0.03461934253573418, 'Neutral': 0.19008855521678925, 'Other': 0.001045860000886023, 'Sad': 0.04057428240776062, 'Surprised': 0.5937520861625671, 'Unknown': 0.026583584025502205}",Wisdom saving throw.
MATT,01:08:30,01:08:35,Happy,"{'Angry': 1.1749157202700644e-10, 'Disgusted': 3.138294069060521e-10, 'Fearful': 4.4550221151018476e-11, 'Happy': 1.0, 'Neutral': 6.786991857410385e-09, 'Other': 7.202445584386652e-11, 'Sad': 9.981622195454065e-10, 'Surprised': 1.933859877789601e-10, 'Unknown': 9.766065039995553e-11}","Okay, for the creature. Wisdom saving throw. It rolls a 12. (all cheer)"
MATT,01:08:35,01:09:07,Neutral,"{'Angry': 1.7485312753251492e-08, 'Disgusted': 3.3297682389132888e-09, 'Fearful': 7.037024296607797e-10, 'Happy': 2.1596723343009216e-07, 'Neutral': 0.9999996423721313, 'Other': 3.0542033346847575e-09, 'Sad': 6.068777480550125e-08, 'Surprised': 7.809362934096953e-09, 'Unknown': 9.78273351215364e-10}","So after it does this moaning sound that sends the entire boat shaking with fear, everyone grasping the side of the boat, looking at each other like, ""We're going to die!"" Grog turns around, steps forward, pushing Pike and Scanlan to the side a little bit, and just glares at this creature, gives a giant bestial goliath shout (roars) out into the cavern that counteracts the moan that it's doing. You can see the creature, teeth bared, its wings out, looking extremely frightening, looks visibly shaken. It begins to flap backwards and actually get about 30 feet of distance between you guys instinctually with its movement."
TRAVIS,01:09:07,01:09:11,Angry,"{'Angry': 0.4140583574771881, 'Disgusted': 0.06120063364505768, 'Fearful': 0.1824980527162552, 'Happy': 0.008039056323468685, 'Neutral': 0.1673562228679657, 'Other': 0.014214476570487022, 'Sad': 0.01228609774261713, 'Surprised': 0.0003659253125078976, 'Unknown': 0.13998112082481384}","That's right, bitch! He's frightened until the end of the next turn."
LAURA,01:09:11,01:09:14,Neutral,"{'Angry': 5.213040276430547e-05, 'Disgusted': 9.51096517383121e-05, 'Fearful': 0.0005027137231081724, 'Happy': 0.09709757566452026, 'Neutral': 0.9018062353134155, 'Other': 1.304377929045586e-05, 'Sad': 0.0002799718058668077, 'Surprised': 0.00010426552762510255, 'Unknown': 4.8953399527817965e-05}",Does that cancel out our fear?
MATT,01:09:14,01:09:18,Neutral,"{'Angry': 0.007207661867141724, 'Disgusted': 0.0011444826377555728, 'Fearful': 0.004443184472620487, 'Happy': 0.06511927396059036, 'Neutral': 0.8344767689704895, 'Other': 0.00021515105618163943, 'Sad': 0.08681787550449371, 'Surprised': 0.0005072889616712928, 'Unknown': 6.829949415987357e-05}",It doesn't cancel out yours. It just means it's further away and can't get closer to Grog.
SAM,01:09:18,01:09:20,Neutral,"{'Angry': 0.0006880949949845672, 'Disgusted': 0.17362701892852783, 'Fearful': 0.000651505368296057, 'Happy': 0.0013369348598644137, 'Neutral': 0.780023992061615, 'Other': 0.00990053080022335, 'Sad': 0.0007019000477157533, 'Surprised': 0.03242180123925209, 'Unknown': 0.0006482129683718085}",But we're still scared of it.
MATT,01:09:20,01:09:33,Neutral,"{'Angry': 1.4814648174876766e-08, 'Disgusted': 3.5274625442838214e-09, 'Fearful': 6.351059123055336e-10, 'Happy': 2.2630547391599976e-06, 'Neutral': 0.999997615814209, 'Other': 7.959785053301971e-10, 'Sad': 1.2061758525305777e-07, 'Surprised': 8.108225202363428e-09, 'Unknown': 8.98832785978243e-10}","You're still scared of it until the end of its next turn, but now it's keeping its distance from the boat. It was starting to catch up to you guys, and now it's actually pulled back. Not wanting to get near Grog. All right. Tiberius."
ORION,01:09:33,01:09:38,Neutral,"{'Angry': 4.789366721524857e-05, 'Disgusted': 4.7508809075225145e-05, 'Fearful': 3.376225140527822e-05, 'Happy': 0.006883789319545031, 'Neutral': 0.9924528002738953, 'Other': 4.8463396524311975e-05, 'Sad': 0.000305902271065861, 'Surprised': 2.75638321909355e-05, 'Unknown': 0.00015230971621349454}",What's the creature made out of? What's his skin like when I look at him?
MATT,01:09:38,01:09:59,Neutral,"{'Angry': 1.0765858426964314e-08, 'Disgusted': 4.673102793617545e-09, 'Fearful': 1.138307115233772e-09, 'Happy': 2.821959697030252e-07, 'Neutral': 0.9999996423721313, 'Other': 1.149947137513152e-09, 'Sad': 1.8807261525921604e-08, 'Surprised': 5.3744450667636556e-08, 'Unknown': 6.021061427219365e-10}","It looks leathery. It has almost the texture of a very, very thick bat or lizard skin. But it's very dark, from what you can see. You've had just little glimpses of it here and there. Most of it's been shrouded in shadow. It's almost like a thick leather cloak that's come to life."
ORION,01:09:59,01:10:09,Neutral,"{'Angry': 2.775235041774238e-10, 'Disgusted': 3.165199352617165e-11, 'Fearful': 6.7412074186701254e-12, 'Happy': 4.705984490982473e-09, 'Neutral': 1.0, 'Other': 6.731185487468538e-12, 'Sad': 1.0680017981101741e-09, 'Surprised': 2.0007882850503478e-10, 'Unknown': 8.105093853016943e-12}","Well, I don't really-- Hey! What do you think I should do, guys? (all laugh)"
TRAVIS,01:10:09,01:10:12,Neutral,"{'Angry': 4.484331270759867e-07, 'Disgusted': 9.069472639566811e-07, 'Fearful': 1.245805094640673e-07, 'Happy': 8.557912951800972e-05, 'Neutral': 0.9999072551727295, 'Other': 1.4634671288149548e-06, 'Sad': 1.479794946135371e-06, 'Surprised': 5.197844075155444e-07, 'Unknown': 2.2930441900825826e-06}",Knock it into the water. Let the shark have at it.
SAM,01:10:12,01:10:14,Neutral,"{'Angry': 1.9902285202988423e-05, 'Disgusted': 8.190757216652855e-05, 'Fearful': 1.5454512322321534e-05, 'Happy': 0.0036653014831244946, 'Neutral': 0.9955169558525085, 'Other': 4.947161505697295e-05, 'Sad': 3.283642581664026e-05, 'Surprised': 7.65033473726362e-06, 'Unknown': 0.0006105565698817372}","Can you make us faster? Can you haste her, or anything?"
ORION,01:10:14,01:10:16,Neutral,"{'Angry': 0.01853676326572895, 'Disgusted': 0.1360665112733841, 'Fearful': 0.01057987380772829, 'Happy': 0.09103687852621078, 'Neutral': 0.6226590275764465, 'Other': 0.0023412927985191345, 'Sad': 0.10125791281461716, 'Surprised': 0.0165904201567173, 'Unknown': 0.0009313836344517767}",Haste doesn't work that way now.
LAURA,01:10:16,01:10:20,Neutral,"{'Angry': 1.7139733472504304e-06, 'Disgusted': 1.4712745723954868e-06, 'Fearful': 6.012768949403835e-07, 'Happy': 8.927204908104613e-05, 'Neutral': 0.9998911619186401, 'Other': 1.7275017398787895e-06, 'Sad': 1.0728324014053214e-05, 'Surprised': 4.3042524566772045e-07, 'Unknown': 2.9586292384919943e-06}",How high are the ceilings? Can you pillars it down into the water?
SAM,01:10:20,01:10:21,Neutral,"{'Angry': 0.020259063690900803, 'Disgusted': 0.18050649762153625, 'Fearful': 0.0018269717693328857, 'Happy': 0.02587807923555374, 'Neutral': 0.6914035081863403, 'Other': 0.007664490025490522, 'Sad': 0.045351460576057434, 'Surprised': 0.026210689917206764, 'Unknown': 0.0008992592920549214}",Just defer.
ORION,01:10:21,01:10:22,Neutral,"{'Angry': 0.0020733049605041742, 'Disgusted': 0.00010284595191478729, 'Fearful': 7.099920912878588e-05, 'Happy': 0.009444680996239185, 'Neutral': 0.9867216348648071, 'Other': 0.00032516801729798317, 'Sad': 0.0006762788980267942, 'Surprised': 1.2759939636453055e-05, 'Unknown': 0.0005723616923205554}",I'll defer for now.
MATT,01:10:22,01:10:24,Neutral,"{'Angry': 7.2723541961750016e-06, 'Disgusted': 3.02323292089568e-06, 'Fearful': 5.085410975880222e-06, 'Happy': 9.517162834526971e-05, 'Neutral': 0.9998577833175659, 'Other': 6.37406174064381e-07, 'Sad': 2.4439603294013068e-05, 'Surprised': 5.733171747124288e-06, 'Unknown': 8.255912575805269e-07}","Okay, so Tiberius, you move your movement to later."
LIAM,01:10:24,01:10:27,Neutral,"{'Angry': 0.00047047698171809316, 'Disgusted': 0.000309851166093722, 'Fearful': 0.00019649673777166754, 'Happy': 0.0027922294102609158, 'Neutral': 0.9931226372718811, 'Other': 0.00020161917200312018, 'Sad': 0.000892013544216752, 'Surprised': 6.107362423790619e-05, 'Unknown': 0.0019537187181413174}",We can't sail away--
SAM,01:10:27,01:10:30,Neutral,"{'Angry': 0.0007486843387596309, 'Disgusted': 0.0009149112738668919, 'Fearful': 0.00039531587390229106, 'Happy': 0.011975123547017574, 'Neutral': 0.9752182364463806, 'Other': 0.0004453872097656131, 'Sad': 0.00033325859112665057, 'Surprised': 0.0001835331931943074, 'Unknown': 0.00978549662977457}",Can you shake us? Can you shake our magic fear?
MATT,01:10:30,01:10:33,Neutral,"{'Angry': 8.282220278488239e-07, 'Disgusted': 3.1641974373997073e-07, 'Fearful': 7.708268867645529e-07, 'Happy': 8.41241762827849e-06, 'Neutral': 0.9999865293502808, 'Other': 1.7468660473696218e-07, 'Sad': 1.6825814554977114e-06, 'Surprised': 1.1442975846875925e-06, 'Unknown': 1.6422904991486575e-07}","Not unless you have an anti-fear spell. Scanlan, you're up."
SAM,01:10:33,01:10:45,Neutral,"{'Angry': 3.241039436829851e-08, 'Disgusted': 6.374323646696212e-08, 'Fearful': 1.6378177036813213e-08, 'Happy': 4.1916996451618616e-07, 'Neutral': 0.9999986886978149, 'Other': 3.409243021224029e-08, 'Sad': 6.959384108995437e-07, 'Surprised': 1.2805681137706415e-07, 'Unknown': 2.135465315689089e-08}","I'm going to attack at disadvantage, I guess, with... I'm going to create a big hand right in front of him, to stall him with the Bigby's Hand."
MATT,01:10:45,01:10:46,Neutral,"{'Angry': 0.000298600789392367, 'Disgusted': 0.00011857871140819043, 'Fearful': 0.0004286963667254895, 'Happy': 0.005627186968922615, 'Neutral': 0.9922979474067688, 'Other': 3.768169699469581e-05, 'Sad': 0.0009617418982088566, 'Surprised': 4.404819628689438e-05, 'Unknown': 0.0001855476584751159}",All right!
ORION,01:10:46,01:10:48,Neutral,"{'Angry': 0.00022263199207372963, 'Disgusted': 8.674728451296687e-05, 'Fearful': 6.313744961516932e-05, 'Happy': 0.005617194343358278, 'Neutral': 0.9928511381149292, 'Other': 2.7995489290333353e-05, 'Sad': 0.0005288662505336106, 'Surprised': 0.0005668332451023161, 'Unknown': 3.555635703378357e-05}",Bigby Hand? Nice!
SAM,01:10:48,01:10:53,Surprised,"{'Angry': 0.22119975090026855, 'Disgusted': 0.009217196144163609, 'Fearful': 0.0075298333540558815, 'Happy': 0.03280353546142578, 'Neutral': 0.030067389830946922, 'Other': 0.00019743134907912463, 'Sad': 0.11295375227928162, 'Surprised': 0.5859429836273193, 'Unknown': 8.809653809294105e-05}","It's this guy I know. His name's Bigby, he has a big hand."
MATT,01:10:53,01:11:01,Neutral,"{'Angry': 1.344972310607373e-11, 'Disgusted': 1.997156563390834e-12, 'Fearful': 8.564077723892394e-13, 'Happy': 5.0213035118762406e-11, 'Neutral': 1.0, 'Other': 1.928835915857366e-13, 'Sad': 1.1997947080288895e-10, 'Surprised': 8.608561780087953e-12, 'Unknown': 4.826688636445919e-13}","All right, so. You take your turn. Are you just using the... which one?"
SAM,01:11:01,01:11:04,Neutral,"{'Angry': 4.112242280029932e-08, 'Disgusted': 2.6357231064366715e-08, 'Fearful': 8.409091201144747e-09, 'Happy': 1.3453595215651148e-07, 'Neutral': 0.9999996423721313, 'Other': 1.4767929990000539e-08, 'Sad': 7.170461913119652e-08, 'Surprised': 3.283459193426097e-08, 'Unknown': 3.457454766930823e-09}",I'm going to grapple and try to get it into the water
ASHLEY,01:11:04,01:11:06,Neutral,"{'Angry': 7.116233058553079e-13, 'Disgusted': 2.3789965562293937e-14, 'Fearful': 5.9791619524713225e-15, 'Happy': 8.566299254143817e-13, 'Neutral': 1.0, 'Other': 2.3867808737179554e-15, 'Sad': 2.3261067551294534e-12, 'Surprised': 2.1503401815246848e-13, 'Unknown': 1.6306861460105293e-14}",Ooh.
MATT,01:11:06,01:11:11,Neutral,"{'Angry': 1.2791959158597876e-10, 'Disgusted': 3.587372759961127e-11, 'Fearful': 1.2187811523900471e-11, 'Happy': 6.282615538921732e-10, 'Neutral': 1.0, 'Other': 6.5568353697920134e-12, 'Sad': 4.737514380792618e-09, 'Surprised': 7.644462146627617e-11, 'Unknown': 8.348607395680663e-12}","Okay, all right. Attempt to grapple. Use the hand's strength score to resolve the grapple."
SAM,01:11:11,01:11:12,Neutral,"{'Angry': 0.0006717703654430807, 'Disgusted': 0.0048652165569365025, 'Fearful': 0.0006652562879025936, 'Happy': 0.004512191284447908, 'Neutral': 0.9684625864028931, 'Other': 0.0001261661236640066, 'Sad': 0.008653514087200165, 'Surprised': 0.011972569860517979, 'Unknown': 7.074356835801154e-05}",What do I do? What do I roll?
MATT,01:11:12,01:11:15,Neutral,"{'Angry': 5.900677933823317e-05, 'Disgusted': 0.00018115752027370036, 'Fearful': 3.76119751308579e-05, 'Happy': 0.00016796437557786703, 'Neutral': 0.9921314120292664, 'Other': 0.00038206158205866814, 'Sad': 0.0010111418087035418, 'Surprised': 2.1243613446131349e-07, 'Unknown': 0.006029489450156689}","Strength of 26, so roll d20 + 8."
MARISHA,01:11:15,01:11:17,Neutral,"{'Angry': 4.410059557119483e-12, 'Disgusted': 1.8288833175759273e-13, 'Fearful': 4.7326614063250214e-14, 'Happy': 5.107568881723701e-12, 'Neutral': 1.0, 'Other': 1.3167393133413537e-14, 'Sad': 1.0922833817983424e-11, 'Surprised': 1.1415454085478283e-12, 'Unknown': 9.684414321907767e-14}",Come on!
SAM,01:11:17,01:11:23,Neutral,"{'Angry': 7.98393841705547e-07, 'Disgusted': 3.295473334219423e-07, 'Fearful': 2.1790444861835567e-06, 'Happy': 4.237397661199793e-06, 'Neutral': 0.9999874830245972, 'Other': 6.337835145586723e-08, 'Sad': 4.3999443732900545e-06, 'Surprised': 5.051683729107026e-07, 'Unknown': 9.272750389754947e-08}",I don't know what that is. Is that a six or a nine?
LAURA,01:11:23,01:11:26,Neutral,"{'Angry': 4.5431799662765115e-05, 'Disgusted': 1.9770021026488394e-05, 'Fearful': 5.3629955800715834e-05, 'Happy': 1.4039595043868758e-05, 'Neutral': 0.9977355003356934, 'Other': 1.5665100363548845e-06, 'Sad': 3.2924606784945354e-05, 'Surprised': 0.0020969430916011333, 'Unknown': 9.446841175986265e-08}",There should be a dot on one side.
SAM,01:11:26,01:11:28,Happy,"{'Angry': 5.065627647127258e-06, 'Disgusted': 1.313975758421293e-06, 'Fearful': 7.315567813748203e-07, 'Happy': 0.999737560749054, 'Neutral': 0.0002446057624183595, 'Other': 6.808419783510544e-08, 'Sad': 7.152685611799825e-06, 'Surprised': 3.465393092483282e-06, 'Unknown': 2.9210072582941393e-08}",It's a nine!
MATT,01:11:28,01:11:39,Neutral,"{'Angry': 1.971059873540071e-06, 'Disgusted': 1.2530564390544896e-06, 'Fearful': 7.394704084617842e-07, 'Happy': 1.6215004507103004e-05, 'Neutral': 0.99986732006073, 'Other': 1.3357727368656924e-07, 'Sad': 0.00011173723032698035, 'Surprised': 2.6850585754800704e-07, 'Unknown': 2.8701444421130873e-07}","Okay, so nine plus eight. You're at 17. Its contest was at 15. Oh, but you are at disadvantage. So roll again."
LAURA,01:11:39,01:11:41,Neutral,"{'Angry': 7.047425697237486e-06, 'Disgusted': 1.9904393866454484e-06, 'Fearful': 1.4556560472556157e-06, 'Happy': 1.0765550541691482e-05, 'Neutral': 0.9999181032180786, 'Other': 4.792514687324001e-07, 'Sad': 5.783109008916654e-05, 'Surprised': 2.2641011128143873e-06, 'Unknown': 1.5578434897633997e-07}",Don't be lower.
SAM,01:11:41,01:11:43,Neutral,"{'Angry': 0.0033798832446336746, 'Disgusted': 0.009665877558290958, 'Fearful': 0.02766505815088749, 'Happy': 0.01007984671741724, 'Neutral': 0.5405439138412476, 'Other': 5.442672045319341e-05, 'Sad': 0.4078754484653473, 'Surprised': 0.0003032783861272037, 'Unknown': 0.0004322384193073958}","14. Yeah, I'm good."
MATT,01:11:43,01:11:53,Neutral,"{'Angry': 0.44064244627952576, 'Disgusted': 0.003417481202632189, 'Fearful': 0.001051723607815802, 'Happy': 0.0001858933101175353, 'Neutral': 0.5514580607414246, 'Other': 4.478360642679036e-05, 'Sad': 0.0005844084662385285, 'Surprised': 0.0025823083706200123, 'Unknown': 3.289632513769902e-05}","Okay, so as you rear back, your eyes squinting, just scared to even do anything with this creature, you try out this new spell that you've only just recently managed to conjure to your attention."
SAM,01:11:53,01:11:54,Neutral,"{'Angry': 0.0009078533621504903, 'Disgusted': 0.0019929383415728807, 'Fearful': 0.04175630584359169, 'Happy': 0.33726197481155396, 'Neutral': 0.3429354429244995, 'Other': 0.00032721360912546515, 'Sad': 0.27017495036125183, 'Surprised': 0.0038821629714220762, 'Unknown': 0.0007611050386913121}",(singing) Talk to the hand!
MATT,01:11:54,01:12:26,Neutral,"{'Angry': 6.353427561833769e-09, 'Disgusted': 1.7413820385669965e-09, 'Fearful': 5.5053772651803e-10, 'Happy': 1.1642581121407147e-08, 'Neutral': 1.0, 'Other': 3.510600143918907e-11, 'Sad': 4.4212513650165874e-09, 'Surprised': 1.864208876156681e-08, 'Unknown': 2.9180785565685596e-10}","As Scanlan finishes singing, the rippling sonic energy from his singing shoots out from in front of him and forms this giant, slightly ethereal-looking arcane fist the size of the creature that reaches out, grabs onto it as he's moving his hand, controlling it silently from a distance. It grapples the creature, holds it in place as its wings are also folded on itself and you pull down. Let's see here. Grasping Hand. All right, so you are trying to...?"
SAM,01:12:26,01:12:31,Neutral,"{'Angry': 1.0816879076475105e-13, 'Disgusted': 3.868678143950036e-15, 'Fearful': 6.429670401512152e-16, 'Happy': 1.5475591457186216e-13, 'Neutral': 1.0, 'Other': 5.931022105463545e-16, 'Sad': 3.5378002068674197e-13, 'Surprised': 4.8334945800584256e-14, 'Unknown': 2.4284212251632136e-15}","Well, I don't know. Does it fall from gravity, or does it just it stay there, locked in?"
MATT,01:12:31,01:12:33,Neutral,"{'Angry': 0.013329390436410904, 'Disgusted': 0.0048689525574445724, 'Fearful': 0.00031769578345119953, 'Happy': 0.009276794269680977, 'Neutral': 0.9571582078933716, 'Other': 0.0002531635982450098, 'Sad': 0.013757140375673771, 'Surprised': 0.0007703489973209798, 'Unknown': 0.0002682675840333104}",It's locked in where you're holding it.
SAM,01:12:33,01:12:35,Neutral,"{'Angry': 7.980372473959108e-10, 'Disgusted': 1.0205392086959364e-10, 'Fearful': 3.144157850742957e-11, 'Happy': 1.337080446361938e-09, 'Neutral': 1.0, 'Other': 5.6396163780614295e-12, 'Sad': 4.554719712501765e-09, 'Surprised': 1.004155786299421e-10, 'Unknown': 2.4032125248152347e-11}",Okay. Then I'll just lock it there.
MATT,01:12:35,01:12:41,Happy,"{'Angry': 9.680209132056916e-07, 'Disgusted': 3.640848944996833e-06, 'Fearful': 4.547915978037054e-06, 'Happy': 0.9980210065841675, 'Neutral': 0.0018124456983059645, 'Other': 1.9433014131209347e-06, 'Sad': 0.00014357185864355415, 'Surprised': 8.68154256750131e-06, 'Unknown': 3.2009509141062154e-06}","Okay, so you lock it there. Great. You can use a bonus action to crush it."
SAM,01:12:41,01:12:45,Happy,"{'Angry': 3.7121513742022216e-05, 'Disgusted': 7.785572233842686e-05, 'Fearful': 0.0020710069220513105, 'Happy': 0.9742255210876465, 'Neutral': 0.003167765913531184, 'Other': 0.005868401378393173, 'Sad': 0.010834735818207264, 'Surprised': 8.600769433542155e-06, 'Unknown': 0.003709000302478671}","Oh yeah, I can crush it. Yeah, I also give it a little squeeze. A little tickle."
MATT,01:12:45,01:12:51,Happy,"{'Angry': 2.0636837234633276e-06, 'Disgusted': 3.927752004528884e-06, 'Fearful': 4.210189388231811e-07, 'Happy': 0.9995668530464172, 'Neutral': 0.0004206667945254594, 'Other': 5.158264571036852e-07, 'Sad': 2.6748591608338756e-06, 'Surprised': 1.2079403859388549e-06, 'Unknown': 1.7361129494020133e-06}","So as you're holding it in place, you use your bonus action to squeeze it. It takes 2d6 + 5 bludgeoning damage."
SAM,01:12:51,01:12:54,Happy,"{'Angry': 1.2708263056993019e-05, 'Disgusted': 0.00013061502249911427, 'Fearful': 0.0005501873092725873, 'Happy': 0.9976320266723633, 'Neutral': 8.634064579382539e-05, 'Other': 0.0002063239662675187, 'Sad': 0.001126136165112257, 'Surprised': 0.0001650694030104205, 'Unknown': 9.062015305971727e-05}",11 plus five. 16.
MATT,01:12:54,01:13:04,Happy,"{'Angry': 3.5620121963120255e-08, 'Disgusted': 1.4394458958122414e-07, 'Fearful': 1.308738006855492e-07, 'Happy': 0.9999991655349731, 'Neutral': 4.1776200276899544e-08, 'Other': 2.2764820073462033e-07, 'Sad': 1.0049497234376759e-07, 'Surprised': 1.694418187980773e-07, 'Unknown': 6.888611636668429e-08}","16, nice. As it is currently held in place, screeching (screech, crunch) you hear this strange crushing sound of bones breaking on the inside of its strange form."
SAM,01:13:04,01:13:07,Happy,"{'Angry': 8.058888852247037e-06, 'Disgusted': 2.0307825252530165e-05, 'Fearful': 9.91063643596135e-06, 'Happy': 0.998747706413269, 'Neutral': 0.0008227787911891937, 'Other': 8.510741622558271e-07, 'Sad': 0.0003822529106400907, 'Surprised': 1.698034338915022e-06, 'Unknown': 6.427202606573701e-06}",This is the strongest I've ever been! (all laugh)
MATT,01:13:07,01:13:14,Neutral,"{'Angry': 9.591479965820326e-08, 'Disgusted': 5.5338485793754444e-08, 'Fearful': 4.711798453627125e-07, 'Happy': 3.7892064028710593e-06, 'Neutral': 0.9999881982803345, 'Other': 4.704636680230578e-09, 'Sad': 7.266514330694918e-06, 'Surprised': 1.1593433413281673e-07, 'Unknown': 3.4042999530470297e-09}","All right, and it is considered grappled, which is bad for a creature like that. That ends Scanlan's turn. Vex."
LAURA,01:13:14,01:13:15,Neutral,"{'Angry': 0.09253151714801788, 'Disgusted': 0.010388758033514023, 'Fearful': 0.0051593901589512825, 'Happy': 0.054748840630054474, 'Neutral': 0.6411734819412231, 'Other': 0.001567274797707796, 'Sad': 0.1377820521593094, 'Surprised': 0.05657687038183212, 'Unknown': 7.183424895629287e-05}",Hunter's Mark!
MATT,01:13:15,01:13:18,Sad,"{'Angry': 0.017200525850057602, 'Disgusted': 0.00915868952870369, 'Fearful': 0.008250425569713116, 'Happy': 0.26402291655540466, 'Neutral': 0.1489093154668808, 'Other': 0.00014164773165248334, 'Sad': 0.5233181118965149, 'Surprised': 0.028824858367443085, 'Unknown': 0.00017358353943563998}","All right, you Hunter's Mark the creature."
LAURA,01:13:18,01:13:24,Neutral,"{'Angry': 9.294226038036868e-05, 'Disgusted': 0.00030623641214333475, 'Fearful': 0.0015662879450246692, 'Happy': 0.012290523387491703, 'Neutral': 0.9602288007736206, 'Other': 0.0003429853531997651, 'Sad': 0.007522262167185545, 'Surprised': 1.4931810255802702e-05, 'Unknown': 0.01763492077589035}",And I'm going to attack him twice! Because I'm original.
TRAVIS,01:13:24,01:13:27,Sad,"{'Angry': 0.0035745941568166018, 'Disgusted': 0.0009633954614400864, 'Fearful': 0.0017868020804598927, 'Happy': 0.0008484286372549832, 'Neutral': 0.01104805525392294, 'Other': 3.7185764085734263e-06, 'Sad': 0.9815648198127747, 'Surprised': 0.0002055562217719853, 'Unknown': 4.624745542969322e-06}",I have one thing I do.
LAURA,01:13:27,01:13:29,Happy,"{'Angry': 3.025580213034118e-07, 'Disgusted': 5.213375402490783e-07, 'Fearful': 6.20470189005573e-07, 'Happy': 0.999985933303833, 'Neutral': 6.029184987710323e-06, 'Other': 1.0158886709632498e-07, 'Sad': 4.674940100812819e-06, 'Surprised': 1.7476556877227267e-06, 'Unknown': 6.076072622818174e-08}",16.
MATT,01:13:29,01:13:31,Neutral,"{'Angry': 0.01226505171507597, 'Disgusted': 0.007642317563295364, 'Fearful': 0.0016938017215579748, 'Happy': 0.2765345871448517, 'Neutral': 0.6862760186195374, 'Other': 0.00032333770650438964, 'Sad': 0.004362354055047035, 'Surprised': 0.010691903531551361, 'Unknown': 0.00021053101227153093}",16 does hit.
LAURA,01:13:31,01:13:34,Neutral,"{'Angry': 1.27806879390846e-05, 'Disgusted': 1.1203051144548226e-05, 'Fearful': 1.5297004210879095e-05, 'Happy': 0.000221361086005345, 'Neutral': 0.9996404647827148, 'Other': 7.011993602645816e-06, 'Sad': 3.6591471143765375e-05, 'Surprised': 8.467424777336419e-06, 'Unknown': 4.6878842113073915e-05}",And 28.
MATT,01:13:34,01:13:37,Neutral,"{'Angry': 0.004109702073037624, 'Disgusted': 0.0027110883966088295, 'Fearful': 0.003800022881478071, 'Happy': 0.043971672654151917, 'Neutral': 0.8814879655838013, 'Other': 0.00010764821490738541, 'Sad': 0.06233212724328041, 'Surprised': 0.0010413205018267035, 'Unknown': 0.0004384354979265481}","All right. Technically, because it's grappled--"
LIAM,01:13:37,01:13:39,Fearful,"{'Angry': 0.0012960266321897507, 'Disgusted': 0.0007664342410862446, 'Fearful': 0.9565324783325195, 'Happy': 0.01358796376734972, 'Neutral': 0.02250242419540882, 'Other': 3.498660953482613e-05, 'Sad': 0.0049544330686330795, 'Surprised': 0.0002535863022785634, 'Unknown': 7.178088708315045e-05}",Does it cancel out the disadvantage?
MATT,01:13:39,01:13:45,Neutral,"{'Angry': 9.58447708399035e-05, 'Disgusted': 0.00079449696931988, 'Fearful': 0.001415091915987432, 'Happy': 8.010468445718288e-05, 'Neutral': 0.9841343760490417, 'Other': 0.000186369419679977, 'Sad': 0.013167590834200382, 'Surprised': 6.957862933631986e-05, 'Unknown': 5.640864765155129e-05}","It does not, technically. It just means he can move it, so yeah, it does not cancel out the disadvantage."
LAURA,01:13:45,01:13:46,Sad,"{'Angry': 0.0005259721074253321, 'Disgusted': 0.0017216209089383483, 'Fearful': 0.0019675050862133503, 'Happy': 0.156412735581398, 'Neutral': 0.007300415076315403, 'Other': 0.0003607175312936306, 'Sad': 0.8292465806007385, 'Surprised': 0.002435007132589817, 'Unknown': 2.944579318864271e-05}","Oh, so I've got to roll a couple more times?"
MATT,01:13:46,01:13:49,Neutral,"{'Angry': 8.262614767731713e-13, 'Disgusted': 2.469512699258651e-14, 'Fearful': 6.847146259675958e-15, 'Happy': 1.1857996138828208e-12, 'Neutral': 1.0, 'Other': 1.8816853863913227e-15, 'Sad': 2.767504107825669e-12, 'Surprised': 2.4813790887485976e-13, 'Unknown': 1.3393538224836226e-14}",Yeah.
LAURA,01:13:49,01:13:50,Neutral,"{'Angry': 0.00015806112787686288, 'Disgusted': 0.00013696019595954567, 'Fearful': 4.036545578856021e-05, 'Happy': 7.93904036981985e-05, 'Neutral': 0.9988414645195007, 'Other': 0.00010414057032903656, 'Sad': 0.00046440892037935555, 'Surprised': 1.1188112694071606e-06, 'Unknown': 0.00017414754256606102}",They both hit. They're both high.
MATT,01:13:50,01:14:06,Neutral,"{'Angry': 1.711598918152646e-11, 'Disgusted': 1.0068493348086571e-12, 'Fearful': 2.0710013836234414e-13, 'Happy': 2.4506162724091674e-11, 'Neutral': 1.0, 'Other': 4.527692307990279e-14, 'Sad': 2.35869084680429e-11, 'Surprised': 6.801365894093525e-12, 'Unknown': 3.627863526083075e-13}","Okay, great. There you go. So, as you're on the boat, you can see the hand grasping. It gives you a moment of bravery. You pull out (swoosh, swoosh) let loose two more arrows into the slightly dark, shrouded exterior of the boat. Both arrows strike true into the currently-grappled cloak-like creature."
LAURA,01:14:06,01:14:18,Happy,"{'Angry': 3.145765367662534e-05, 'Disgusted': 3.6307192203821614e-05, 'Fearful': 2.5035948056029156e-05, 'Happy': 0.9996727705001831, 'Neutral': 5.215685814619064e-05, 'Other': 3.136299710604362e-05, 'Sad': 3.1200590456137434e-05, 'Surprised': 1.0874949111894239e-05, 'Unknown': 0.00010889224358834326}","26 for those two. Plus Hunter's Mark. Oh, wait! No, 30 for those two. And 9 for Hunter's Mark."
MATT,01:14:18,01:14:44,Neutral,"{'Angry': 5.712641817923192e-11, 'Disgusted': 1.6480990183698196e-11, 'Fearful': 8.030921413992864e-12, 'Happy': 2.779112495687741e-10, 'Neutral': 1.0, 'Other': 2.6835133507679965e-12, 'Sad': 3.3797017962022835e-10, 'Surprised': 1.322427584105057e-10, 'Unknown': 8.960216249520592e-12}","Nice. Portions of it are trying to squeeze free of this arcane hand. One strikes through its wing, leaving a gaping wound in the middle, where you can see it's going to have a hard time maintaining height at this point. The second one strikes it and actually pierces one of its red, glowing eyes. It gives out this horrible, painful screeching sound (screech) into the cavern as you can now see what was once two gleaming red, piercing eyes, left with only one, and darkness on the other side of its face."
ASHLEY,01:14:44,01:14:45,Angry,"{'Angry': 0.5958763360977173, 'Disgusted': 0.016490962356328964, 'Fearful': 0.00946966465562582, 'Happy': 0.18303583562374115, 'Neutral': 0.158124178647995, 'Other': 0.00012259736831765622, 'Sad': 0.024689996615052223, 'Surprised': 0.01214719656854868, 'Unknown': 4.3195013859076425e-05}",Ooh!
MATT,01:14:45,01:14:56,Neutral,"{'Angry': 1.1675197213092264e-13, 'Disgusted': 4.126914349128876e-15, 'Fearful': 7.089493185555491e-16, 'Happy': 1.5761627029584058e-13, 'Neutral': 1.0, 'Other': 7.025499846390428e-16, 'Sad': 3.7601402568844533e-13, 'Surprised': 5.191995853972946e-14, 'Unknown': 2.815943457213266e-15}","That brings us to Kima and Clarota. Kima, at this point in time is, unfortunately, at a disadvantage of finding out what to do at this distance, being a paladin. She is going to attempt--"
TRAVIS,01:14:56,01:14:57,Neutral,"{'Angry': 1.42808218583923e-07, 'Disgusted': 2.916528956120601e-07, 'Fearful': 1.5072560088924547e-08, 'Happy': 7.471927528968081e-05, 'Neutral': 0.9999231100082397, 'Other': 8.519263587913883e-07, 'Sad': 7.565362238892703e-07, 'Surprised': 1.2816002481486066e-07, 'Unknown': 1.2747805477886232e-08}",The middle finger.
MATT,01:14:57,01:15:00,Neutral,"{'Angry': 4.954281776492486e-11, 'Disgusted': 8.549197808016551e-12, 'Fearful': 1.4658376509130155e-12, 'Happy': 2.412297583909151e-10, 'Neutral': 1.0, 'Other': 5.395786898884647e-13, 'Sad': 1.5785057982942163e-10, 'Surprised': 1.6904035463061184e-11, 'Unknown': 2.394262305777106e-12}",Nothing. She's going to wait it out.
ORION,01:15:00,01:15:04,Neutral,"{'Angry': 4.3514654635146144e-07, 'Disgusted': 3.856353885112185e-07, 'Fearful': 1.602128065769648e-07, 'Happy': 2.639061904119444e-06, 'Neutral': 0.9999923706054688, 'Other': 7.052473449675745e-08, 'Sad': 5.599714540949208e-07, 'Surprised': 8.749595714618863e-09, 'Unknown': 3.3902904306160053e-06}",I see what happens.
MATT,01:15:04,01:15:06,Neutral,"{'Angry': 0.00497216684743762, 'Disgusted': 0.0031040722969919443, 'Fearful': 0.0006345984875224531, 'Happy': 0.036391038447618484, 'Neutral': 0.8759355545043945, 'Other': 8.962058200268075e-05, 'Sad': 0.004312724806368351, 'Surprised': 0.0745050385594368, 'Unknown': 5.5169639381347224e-05}",So you're taking your turn after Laura?
ORION,01:15:06,01:15:20,Neutral,"{'Angry': 3.712243525273197e-14, 'Disgusted': 1.6269229692082916e-15, 'Fearful': 2.3052327237814885e-16, 'Happy': 5.077288619376695e-14, 'Neutral': 1.0, 'Other': 4.981976745206673e-16, 'Sad': 1.2065744453906846e-13, 'Surprised': 2.50180311986729e-14, 'Unknown': 1.3261551221654456e-15}",Yes. I'll follow suit. I'm going to... I'm going to straight-up cast this because I have to. I cast Telekinesis and I pull the eye out. (sucking noise)
TRAVIS,01:15:20,01:15:23,Neutral,"{'Angry': 3.0231508407752017e-09, 'Disgusted': 2.4861688263655424e-09, 'Fearful': 8.254735783808087e-10, 'Happy': 4.531456099243769e-08, 'Neutral': 1.0, 'Other': 6.333206736819363e-10, 'Sad': 2.3475278609907946e-08, 'Surprised': 1.5791721263980207e-09, 'Unknown': 7.359902687298359e-10}","Kill Bill-style, right?"
MATT,01:15:23,01:15:50,Neutral,"{'Angry': 5.737254768489741e-11, 'Disgusted': 7.891588424402407e-12, 'Fearful': 2.3590044848087466e-12, 'Happy': 2.1206872369283758e-10, 'Neutral': 1.0, 'Other': 6.629909295174929e-13, 'Sad': 1.915227143545195e-10, 'Surprised': 9.766978198433307e-11, 'Unknown': 2.444317751676417e-12}","Interesting! Okay. So Clarota, at this time, is also going to attempt a Mind Blast on the creature. It moves to the back of the boat and while it's currently grappled, he's going to attempt that. The saving throw does succeed, so it only takes half damage. Okay. Marking that. And then as you do Telekinesis. Roll a d20 plus five."
ORION,01:15:50,01:15:53,Neutral,"{'Angry': 1.729487053125922e-06, 'Disgusted': 1.2824052646465134e-06, 'Fearful': 4.340975863215135e-07, 'Happy': 4.793627795152133e-06, 'Neutral': 0.9999716281890869, 'Other': 1.4209912251317292e-06, 'Sad': 7.783089131407905e-06, 'Surprised': 4.2160877455899026e-08, 'Unknown': 1.0923660738626495e-05}",Okay. And do I have advantage because of the grapple?
MATT,01:15:53,01:15:58,Neutral,"{'Angry': 8.450922600600208e-11, 'Disgusted': 1.3562323139537646e-11, 'Fearful': 2.436390932752941e-12, 'Happy': 7.535702617467166e-10, 'Neutral': 1.0, 'Other': 1.6366797240402464e-12, 'Sad': 3.1101912711939406e-10, 'Surprised': 9.169943276932102e-11, 'Unknown': 1.1724498325330068e-12}","The grapple does not give you advantage, no. So you have disadvantage on the roll, technically, because you are scared of it."
MATT,01:15:58,01:16:00,Happy,"{'Angry': 3.3238425345416545e-08, 'Disgusted': 9.131501599313196e-08, 'Fearful': 1.3949176036476274e-08, 'Happy': 0.9999955892562866, 'Neutral': 3.925391411030432e-06, 'Other': 5.416148418646571e-09, 'Sad': 1.0346222012458384e-07, 'Surprised': 7.677225077884486e-09, 'Unknown': 1.7940919860848226e-07}",Plus five.
ORION,01:16:00,01:16:01,Neutral,"{'Angry': 0.0002667340449988842, 'Disgusted': 0.0001620275725144893, 'Fearful': 3.1155817850958556e-05, 'Happy': 0.0007779193110764027, 'Neutral': 0.9962106943130493, 'Other': 8.612953388364986e-05, 'Sad': 0.0022816690616309643, 'Surprised': 6.141644553281367e-05, 'Unknown': 0.00012226541002746671}",17.
MATT,01:16:01,01:16:41,Happy,"{'Angry': 1.837125829240449e-08, 'Disgusted': 1.3210980398525862e-07, 'Fearful': 5.153152926595794e-08, 'Happy': 0.9999986886978149, 'Neutral': 1.943214726907172e-07, 'Other': 6.188500378812023e-07, 'Sad': 1.8939672941087338e-07, 'Surprised': 1.141744387922472e-08, 'Unknown': 1.8989570094163355e-07}","17? All right. So! As you focus your energy once again-- even just facing this creature is a terrifying thing-- you see that one gleaming bit of red that's piercing through the darkness. The secondary form around it dissipates. Where there was once two gliding, one of them vanishes entirely as that gleaming red is suddenly much brighter, yanked from its socket. It now gives out another painful screech (screeches) as it is blinded, being crushed by a Bigby Hand, and you now have drifting amongst you at your control one of the eyes of this creature. (all laugh)"
LAURA,01:16:41,01:16:43,Neutral,"{'Angry': 0.0024711538571864367, 'Disgusted': 0.005531447008252144, 'Fearful': 0.002068806439638138, 'Happy': 0.35446083545684814, 'Neutral': 0.5675727128982544, 'Other': 0.007867587730288506, 'Sad': 0.002960984827950597, 'Surprised': 0.03316281735897064, 'Unknown': 0.02390372008085251}",Put it in a little vial. Keep it for later.
ORION,01:16:43,01:16:47,Sad,"{'Angry': 0.018090689554810524, 'Disgusted': 0.07126801460981369, 'Fearful': 0.006354400422424078, 'Happy': 0.0015025380998849869, 'Neutral': 0.012580567970871925, 'Other': 0.0021868410985916853, 'Sad': 0.8361625075340271, 'Surprised': 9.424961899640039e-05, 'Unknown': 0.051760219037532806}",I'm going to float it over and put it in one of my vials.
MATT,01:16:47,01:16:51,Happy,"{'Angry': 0.00035855057649314404, 'Disgusted': 0.0009480655426159501, 'Fearful': 0.0006681661470793188, 'Happy': 0.9111396074295044, 'Neutral': 0.0289794709533453, 'Other': 0.00034374077222310007, 'Sad': 0.00043519341852515936, 'Surprised': 8.859007721184753e-06, 'Unknown': 0.057118311524391174}","Okay. Write down in your inventory, ""cloaker eye."""
ORION,01:16:51,01:16:53,Neutral,"{'Angry': 2.9904609618824907e-05, 'Disgusted': 1.4845079931546934e-05, 'Fearful': 1.0652072887751274e-05, 'Happy': 7.426420779665932e-05, 'Neutral': 0.9997097849845886, 'Other': 1.3629187378683127e-05, 'Sad': 2.3728254745947197e-05, 'Surprised': 9.203575359606475e-07, 'Unknown': 0.00012224751117173582}","I'm going to smell it, first of all."
LAURA,01:16:53,01:16:56,Neutral,"{'Angry': 8.412914462296861e-12, 'Disgusted': 3.991068814410831e-13, 'Fearful': 1.1332641503816396e-13, 'Happy': 1.1011904062219191e-11, 'Neutral': 1.0, 'Other': 3.882429385035531e-14, 'Sad': 1.921277720251524e-11, 'Surprised': 1.787775765101085e-12, 'Unknown': 3.3475801883113554e-13}",Not good.
TALIESIN,01:16:56,01:16:59,Neutral,"{'Angry': 1.2149701383856737e-11, 'Disgusted': 1.3242334746116358e-12, 'Fearful': 2.750568056739816e-13, 'Happy': 4.034322875767771e-11, 'Neutral': 1.0, 'Other': 1.4347649858557215e-13, 'Sad': 6.600517354904412e-11, 'Surprised': 4.459951071650314e-12, 'Unknown': 6.345203225691098e-13}",You know exactly where that's been.
MATT,01:16:59,01:17:04,Neutral,"{'Angry': 5.237797348622841e-11, 'Disgusted': 4.763302599575248e-12, 'Fearful': 1.7261151275677067e-12, 'Happy': 1.635557939083654e-10, 'Neutral': 1.0, 'Other': 2.219471215971977e-13, 'Sad': 1.611540761947694e-10, 'Surprised': 1.6115705991914808e-11, 'Unknown': 2.2121607930886134e-12}","This guy's not having a good day. Vax, you're up."
LIAM,01:17:04,01:17:12,Neutral,"{'Angry': 0.0077356318943202496, 'Disgusted': 0.03301120549440384, 'Fearful': 0.005036641843616962, 'Happy': 0.11990827322006226, 'Neutral': 0.6395090222358704, 'Other': 0.007984315976500511, 'Sad': 0.004967588931322098, 'Surprised': 0.05222908779978752, 'Unknown': 0.12961825728416443}","All right. Dagger, dagger, thunk, thunk. But at disadvantage because of the dark. I'm not afraid."
MATT,01:17:12,01:17:16,Neutral,"{'Angry': 0.02438114769756794, 'Disgusted': 0.0400785356760025, 'Fearful': 0.013548653572797775, 'Happy': 0.09110911190509796, 'Neutral': 0.3910353183746338, 'Other': 0.015156686305999756, 'Sad': 0.03007219173014164, 'Surprised': 0.00664892140775919, 'Unknown': 0.38796937465667725}","Well, no. You resisted the fear. You have low light, so you're fine."
MATT,01:17:16,01:17:19,Neutral,"{'Angry': 0.0004452634893823415, 'Disgusted': 0.0015843030996620655, 'Fearful': 0.0005169549840502441, 'Happy': 0.0024416293017566204, 'Neutral': 0.970325231552124, 'Other': 0.0016822884790599346, 'Sad': 0.0028376600239425898, 'Surprised': 2.0717914594570175e-05, 'Unknown': 0.020145919173955917}",Hits.
LIAM,01:17:19,01:17:21,Neutral,"{'Angry': 0.05440724641084671, 'Disgusted': 0.029613405466079712, 'Fearful': 0.005529114045202732, 'Happy': 0.12376204133033752, 'Neutral': 0.6867690682411194, 'Other': 0.01807723194360733, 'Sad': 0.01397387869656086, 'Surprised': 0.05302124097943306, 'Unknown': 0.01484675519168377}",Second one is 26.
MATT,01:17:21,01:17:27,Neutral,"{'Angry': 0.0014375353930518031, 'Disgusted': 0.0068643041886389256, 'Fearful': 0.004324663430452347, 'Happy': 0.018488364294171333, 'Neutral': 0.5275489687919617, 'Other': 0.03811363875865936, 'Sad': 0.33047163486480713, 'Surprised': 0.039662282913923264, 'Unknown': 0.033088572323322296}","Hits. Because it is blinded, you do have advantage on it-- not advantage; you are able to sneak attack."
LIAM,01:17:27,01:17:30,Neutral,"{'Angry': 3.8585032058335855e-08, 'Disgusted': 4.206748016599704e-08, 'Fearful': 7.527954259956005e-09, 'Happy': 5.358352836992708e-07, 'Neutral': 0.9999988079071045, 'Other': 3.529622105702401e-08, 'Sad': 2.976905193463608e-07, 'Surprised': 4.068345216268199e-09, 'Unknown': 1.5427286825797637e-07}","Sneak attack. All right, okay."
MATT,01:17:30,01:17:37,Neutral,"{'Angry': 1.5070291681240633e-09, 'Disgusted': 5.578938977457426e-10, 'Fearful': 1.308884528539167e-10, 'Happy': 3.46673401097064e-09, 'Neutral': 1.0, 'Other': 3.1100966246810913e-10, 'Sad': 2.9465383022397873e-08, 'Surprised': 2.544144894756073e-10, 'Unknown': 5.177350770324551e-10}","It's currently held aloft, grappled by the hand. It has no visual sight, currently."
SAM,01:17:37,01:17:46,Happy,"{'Angry': 3.9496138924732804e-05, 'Disgusted': 1.495541710028192e-05, 'Fearful': 3.283460330294474e-07, 'Happy': 0.9490440487861633, 'Neutral': 0.050852470099925995, 'Other': 3.7554282243945636e-06, 'Sad': 3.810359339695424e-05, 'Surprised': 5.124180006532697e-06, 'Unknown': 1.829961547628045e-06}",I've no idea what we're even fighting.
LIAM,01:17:46,01:17:49,Neutral,"{'Angry': 6.122058402979746e-05, 'Disgusted': 0.0002785953402053565, 'Fearful': 0.00016900866467040032, 'Happy': 0.00016584650438744575, 'Neutral': 0.9949581027030945, 'Other': 0.00011548871407285333, 'Sad': 0.0013155087362974882, 'Surprised': 8.544277534383582e-07, 'Unknown': 0.0029353685677051544}",23.
MATT,01:17:49,01:17:51,Neutral,"{'Angry': 8.569812052883208e-05, 'Disgusted': 0.00016824046906549484, 'Fearful': 8.851499296724796e-05, 'Happy': 0.00023308054369408637, 'Neutral': 0.9921135902404785, 'Other': 1.659729787206743e-05, 'Sad': 0.0002130171051248908, 'Surprised': 0.0070648896507918835, 'Unknown': 1.6353964383597486e-05}",All right. How do you want to do this?
MARISHA,01:17:51,01:17:53,Neutral,"{'Angry': 4.895401798421517e-05, 'Disgusted': 0.00012326020805630833, 'Fearful': 1.3614136150863487e-05, 'Happy': 0.00020244390179868788, 'Neutral': 0.9989487528800964, 'Other': 4.7878638724796474e-05, 'Sad': 3.823206861852668e-05, 'Surprised': 5.55137921764981e-06, 'Unknown': 0.0005713548162020743}",(cheers)
LIAM,01:17:53,01:18:05,Neutral,"{'Angry': 5.833033355884254e-06, 'Disgusted': 5.344164492271375e-06, 'Fearful': 1.4528696965498966e-06, 'Happy': 0.001411137287504971, 'Neutral': 0.9984752535820007, 'Other': 8.080058250925504e-06, 'Sad': 7.293569797184318e-05, 'Surprised': 1.0006829143094365e-06, 'Unknown': 1.891505962703377e-05}","I saw where Tiberius pulled the eye out, and that's what I'm aiming at, its eye socket. So I flip it in the air, and when I catch it, I immediately let go and fill in the blank."
SAM,01:18:05,01:18:06,Neutral,"{'Angry': 0.2670918107032776, 'Disgusted': 0.05914357677102089, 'Fearful': 0.007903075776994228, 'Happy': 0.049603190273046494, 'Neutral': 0.5549319386482239, 'Other': 0.0001410418626619503, 'Sad': 0.05446949601173401, 'Surprised': 0.006106770131736994, 'Unknown': 0.0006090829847380519}","""Socket"" to me."
MATT,01:18:06,01:18:29,Neutral,"{'Angry': 4.7032815928105265e-05, 'Disgusted': 3.51763992512133e-05, 'Fearful': 6.912423486937769e-06, 'Happy': 0.0033223202917724848, 'Neutral': 0.996025800704956, 'Other': 8.341191278304905e-05, 'Sad': 0.00042374932672828436, 'Surprised': 9.721166861709207e-06, 'Unknown': 4.596582948579453e-05}","So as the creature is flailing about in torturous pain, suddenly the dagger (fwoosh, thunk) sinks into the empty socket in the front of its face. As it does, its body tenses up and reaches out against the force of your arcane hand. You actually have to focus to keep it in place in its final death throes. All of its tension and then it falls limp within your grasp. You now have this limp creature at your disposal."
SAM,01:18:29,01:18:31,Neutral,"{'Angry': 4.012201679870486e-05, 'Disgusted': 5.814250107505359e-05, 'Fearful': 1.1022553735529073e-05, 'Happy': 0.001555396243929863, 'Neutral': 0.9980939030647278, 'Other': 2.677529482753016e-05, 'Sad': 2.6408315534354188e-05, 'Surprised': 9.233671335096005e-06, 'Unknown': 0.0001789511734386906}","Oh, I'm going to bring him to the boat."
MATT,01:18:31,01:18:37,Neutral,"{'Angry': 0.00013258829130791128, 'Disgusted': 0.00019683741265907884, 'Fearful': 3.155967715429142e-05, 'Happy': 0.01440898422151804, 'Neutral': 0.983953058719635, 'Other': 0.00014374806778505445, 'Sad': 0.0002560522116255015, 'Surprised': 1.598122798895929e-05, 'Unknown': 0.0008612843230366707}",As Scanlan slowly drifts over the limp body of this creature to the edge of the boat--
LAURA,01:18:37,01:18:40,Happy,"{'Angry': 0.00040545850060880184, 'Disgusted': 0.0008433629991486669, 'Fearful': 0.0005124986637383699, 'Happy': 0.9901671409606934, 'Neutral': 0.00268380343914032, 'Other': 0.00034026658977381885, 'Sad': 0.0003784399013966322, 'Surprised': 4.203524804324843e-05, 'Unknown': 0.004626987501978874}",What was it? Can we loot him? (all laugh)
LAURA,01:18:40,01:18:44,Happy,"{'Angry': 0.0007744698086753488, 'Disgusted': 0.004788512829691172, 'Fearful': 0.002476495923474431, 'Happy': 0.837584912776947, 'Neutral': 0.03719896823167801, 'Other': 0.04238256439566612, 'Sad': 0.010139510035514832, 'Surprised': 0.00028175607440061867, 'Unknown': 0.06437284499406815}",Does he have teeth and scales and neat things?
LIAM,01:18:44,01:18:46,Fearful,"{'Angry': 0.006099885795265436, 'Disgusted': 0.005675553344190121, 'Fearful': 0.8826161623001099, 'Happy': 0.05623435974121094, 'Neutral': 0.021512160077691078, 'Other': 0.00040732353227213025, 'Sad': 0.018144182860851288, 'Surprised': 0.009262174367904663, 'Unknown': 4.824258212465793e-05}","It's a cloaker, because that was a cloaker's eye."
TALIESIN,01:18:46,01:18:50,Neutral,"{'Angry': 4.828325828043489e-08, 'Disgusted': 6.771148264306248e-08, 'Fearful': 7.385270350823703e-08, 'Happy': 3.4858695130424167e-07, 'Neutral': 0.999998927116394, 'Other': 4.843683498734208e-08, 'Sad': 4.446329455731757e-07, 'Surprised': 3.313131102800071e-08, 'Unknown': 5.644615441724454e-08}",Can we fashion it into a sail?
SAM,01:18:50,01:18:51,Neutral,"{'Angry': 0.3778247833251953, 'Disgusted': 0.00029312309925444424, 'Fearful': 0.0002445244463160634, 'Happy': 0.010735446587204933, 'Neutral': 0.5962766408920288, 'Other': 2.1138883312232792e-05, 'Sad': 0.014196179807186127, 'Surprised': 0.0004004891961812973, 'Unknown': 7.689523954468314e-06}",That's a good idea.
MATT,01:18:51,01:18:55,Neutral,"{'Angry': 5.462070466061286e-12, 'Disgusted': 3.3430116314070446e-13, 'Fearful': 8.028370719961875e-14, 'Happy': 8.364100211044612e-12, 'Neutral': 1.0, 'Other': 2.970749527994067e-14, 'Sad': 1.622841618031945e-11, 'Surprised': 1.6162827369894939e-12, 'Unknown': 2.1749324617768157e-13}",There is no wind in this tunnel.
MARISHA,01:18:55,01:18:59,Neutral,"{'Angry': 3.766563949625379e-09, 'Disgusted': 3.1241702558304496e-09, 'Fearful': 1.5063935654424654e-09, 'Happy': 1.0440844988579556e-07, 'Neutral': 0.9999997615814209, 'Other': 2.740727866878956e-09, 'Sad': 5.952760062655216e-08, 'Surprised': 2.8416327624292137e-10, 'Unknown': 1.9054308353361193e-08}","I can make one. SAM, TALIESIN, AND LAURA: We can make wind."
LAURA,01:18:59,01:19:02,Neutral,"{'Angry': 0.0017789396224543452, 'Disgusted': 0.0012307333527132869, 'Fearful': 0.00043859993456862867, 'Happy': 0.1291811168193817, 'Neutral': 0.680274486541748, 'Other': 0.004726748447865248, 'Sad': 0.17923788726329803, 'Surprised': 0.002593608805909753, 'Unknown': 0.0005378663772717118}",We have a Grog.
TALIESIN,01:19:02,01:19:04,Neutral,"{'Angry': 3.121671170447371e-06, 'Disgusted': 5.168343250261387e-06, 'Fearful': 5.392709226725856e-06, 'Happy': 1.5267937669705134e-06, 'Neutral': 0.9999656677246094, 'Other': 9.030111414176645e-07, 'Sad': 1.5292265743482858e-05, 'Surprised': 1.8337203755436349e-06, 'Unknown': 1.0506737453397363e-06}",Grog will make wind.
ORION,01:19:04,01:19:07,Neutral,"{'Angry': 0.0072558121755719185, 'Disgusted': 0.37884485721588135, 'Fearful': 0.0014995335368439555, 'Happy': 0.03779659792780876, 'Neutral': 0.4030003547668457, 'Other': 0.11194690316915512, 'Sad': 0.03862469643354416, 'Surprised': 0.015009363181889057, 'Unknown': 0.00602191174402833}",I rolled a 16 for a history check on the creature.
MATT,01:19:07,01:19:14,Neutral,"{'Angry': 1.6146431747188217e-08, 'Disgusted': 3.8971077032101675e-08, 'Fearful': 2.0893868857285725e-09, 'Happy': 1.861721266038785e-08, 'Neutral': 0.9999978542327881, 'Other': 6.546671649232394e-09, 'Sad': 1.9822889498755103e-06, 'Surprised': 4.990362789669689e-09, 'Unknown': 2.414765720715195e-09}","History's not going to do much for you. Nature is what you're going to want to do. Nature or arcana, those are the two."
MATT,01:19:14,01:19:17,Neutral,"{'Angry': 1.771591011910656e-12, 'Disgusted': 7.708183456757098e-14, 'Fearful': 2.1110737669690488e-14, 'Happy': 2.390096367349548e-12, 'Neutral': 1.0, 'Other': 6.579663419328417e-15, 'Sad': 5.759047318892874e-12, 'Surprised': 5.068292248562589e-13, 'Unknown': 5.2048555081781606e-14}",Roll for arcana.
ORION,01:19:17,01:19:21,Neutral,"{'Angry': 3.891967911145988e-12, 'Disgusted': 2.2044012123502432e-13, 'Fearful': 6.366002153592246e-14, 'Happy': 6.846033722557321e-12, 'Neutral': 1.0, 'Other': 1.8998042681660395e-14, 'Sad': 1.4403655351769018e-11, 'Surprised': 1.1828021201365502e-12, 'Unknown': 1.5460633532964063e-13}",Yeah. 25.
MATT,01:19:21,01:19:44,Sad,"{'Angry': 1.156437247118447e-05, 'Disgusted': 3.668765930342488e-05, 'Fearful': 1.7406613551429473e-05, 'Happy': 8.249195161624812e-06, 'Neutral': 0.00010845383803825825, 'Other': 1.806462933018338e-05, 'Sad': 0.9997861981391907, 'Surprised': 1.0640733307809569e-05, 'Unknown': 2.7180060442333343e-06}","Yep. This creature is a cloaker. It's an aberration. It's one of those creatures that drifts over from the Far Realm, or at some point in time drifted over from the Far Realm and is an unnatural entity to this plane. They normally live subterranean. When not moving, they are nearly invisible and blend in, almost like a straight leather cloak left and discarded to the side, hence the name ""cloaker."""
TALIESIN,01:19:44,01:19:48,Neutral,"{'Angry': 0.06995507329702377, 'Disgusted': 0.004783764015883207, 'Fearful': 0.009202314540743828, 'Happy': 0.03170328959822655, 'Neutral': 0.784907341003418, 'Other': 0.006059971638023853, 'Sad': 0.0247802697122097, 'Surprised': 0.0005305992090143263, 'Unknown': 0.06807740777730942}","I've got a great idea. I want to sit, and I want to skin this thing."
ORION,01:19:48,01:19:51,Neutral,"{'Angry': 3.228481000405736e-05, 'Disgusted': 1.4444000953517389e-05, 'Fearful': 4.511082806857303e-06, 'Happy': 0.0001385669020237401, 'Neutral': 0.9995957016944885, 'Other': 1.6905247321119532e-05, 'Sad': 4.661322964238934e-05, 'Surprised': 2.9551452485065965e-07, 'Unknown': 0.00015070989320520312}","Well, yes. I want the teeth, also."
TALIESIN,01:19:51,01:19:53,Neutral,"{'Angry': 4.4817082445365586e-14, 'Disgusted': 1.4330131989010223e-15, 'Fearful': 2.4169232822998286e-16, 'Happy': 5.366051976677874e-14, 'Neutral': 1.0, 'Other': 3.642515635412369e-16, 'Sad': 1.5154601206747442e-13, 'Surprised': 2.4515147737888023e-14, 'Unknown': 9.677332364139068e-16}",You can have the teeth. I'm going to skin it.
MATT,01:19:53,01:19:58,Neutral,"{'Angry': 8.574015275542024e-09, 'Disgusted': 3.456313291128055e-10, 'Fearful': 8.207741430954485e-11, 'Happy': 5.26406251921685e-09, 'Neutral': 0.9999998807907104, 'Other': 1.8541279622752427e-11, 'Sad': 2.2836743607257404e-09, 'Surprised': 1.7318211575911846e-07, 'Unknown': 3.356589745734384e-12}","Okay. So you guys are now currently in this boat, drifting along in the open area over on that side."
LAURA,01:19:58,01:20:00,Neutral,"{'Angry': 3.214713217847276e-11, 'Disgusted': 5.770846474295599e-12, 'Fearful': 1.4856759485842863e-12, 'Happy': 2.5689550486873713e-10, 'Neutral': 1.0, 'Other': 3.2178811481750613e-13, 'Sad': 2.2739936322846432e-10, 'Surprised': 2.146351152365611e-11, 'Unknown': 7.136976014517071e-13}",Should we make our way to the little island?
TALIESIN,01:20:00,01:20:05,Neutral,"{'Angry': 1.1992044857134232e-10, 'Disgusted': 1.3632893425263859e-11, 'Fearful': 4.35797448475328e-12, 'Happy': 4.5353767963440816e-10, 'Neutral': 1.0, 'Other': 5.066214375099021e-13, 'Sad': 3.134560944140219e-10, 'Surprised': 3.98446310667655e-11, 'Unknown': 2.1561650034862545e-12}",Or we could go to those strange buildings that are off in the northwest corner.
LAURA,01:20:05,01:20:07,Neutral,"{'Angry': 0.007679386530071497, 'Disgusted': 0.008440778590738773, 'Fearful': 0.06085149198770523, 'Happy': 0.003063573269173503, 'Neutral': 0.573300838470459, 'Other': 0.0050003305077552795, 'Sad': 0.33858218789100647, 'Surprised': 0.0008907674928195775, 'Unknown': 0.002190622268244624}",All the way up and over?
MARISHA,01:20:07,01:20:10,Happy,"{'Angry': 0.05882996693253517, 'Disgusted': 0.0613442100584507, 'Fearful': 0.003214730881154537, 'Happy': 0.5356630682945251, 'Neutral': 0.29126062989234924, 'Other': 0.005293875467032194, 'Sad': 0.005680498201400042, 'Surprised': 0.024530798196792603, 'Unknown': 0.014182249084115028}","Oh, well, I was going to say we could go into this cave here."
SAM,01:20:10,01:20:13,Happy,"{'Angry': 9.451166960161572e-09, 'Disgusted': 5.6298556927458776e-08, 'Fearful': 5.261844293613649e-08, 'Happy': 0.9999994039535522, 'Neutral': 1.4553405947026476e-07, 'Other': 1.5324351565482175e-08, 'Sad': 2.236037488501097e-07, 'Surprised': 3.016331007188455e-08, 'Unknown': 3.73442432533011e-08}",Maybe move it this way so the people can see.
LAURA,01:20:13,01:20:15,Neutral,"{'Angry': 0.0012601338094100356, 'Disgusted': 0.0002806961419992149, 'Fearful': 0.00010473923612153158, 'Happy': 0.0015831602504476905, 'Neutral': 0.9960311055183411, 'Other': 1.6754347598180175e-05, 'Sad': 0.00047426531091332436, 'Surprised': 0.00023233670799527317, 'Unknown': 1.685915412963368e-05}","Oh yeah, it's right on the edge."
TALIESIN,01:20:15,01:20:17,Neutral,"{'Angry': 0.0006158901960588992, 'Disgusted': 0.0006122420891188085, 'Fearful': 0.0011822062078863382, 'Happy': 0.008395169861614704, 'Neutral': 0.9804415702819824, 'Other': 0.00024882113211788237, 'Sad': 0.0026126860175281763, 'Surprised': 0.0005761409993283451, 'Unknown': 0.0053153312765061855}",Keep going. There you go.
MARISHA,01:20:17,01:20:19,Neutral,"{'Angry': 0.06445713341236115, 'Disgusted': 0.04874248057603836, 'Fearful': 0.12612830102443695, 'Happy': 0.02158820629119873, 'Neutral': 0.5644872188568115, 'Other': 0.14002051949501038, 'Sad': 0.013778815045952797, 'Surprised': 0.01601121760904789, 'Unknown': 0.004786101169884205}","Well, what about this cave?"
LAURA,01:20:19,01:20:31,Neutral,"{'Angry': 1.4514632312057074e-05, 'Disgusted': 2.324059278180357e-05, 'Fearful': 2.476366489645443e-06, 'Happy': 0.00012562381743919104, 'Neutral': 0.999638557434082, 'Other': 3.3618944144109264e-05, 'Sad': 7.336479757213965e-05, 'Surprised': 5.92168987623154e-07, 'Unknown': 8.805807738099247e-05}","The only thing is, I'm afraid that if we keep using up all our spells, then we won't be able to take down the big baddie if we come to him."
"LAURA, ASHLEY",01:20:31,01:20:34,Neutral,"{'Angry': 0.008659010753035545, 'Disgusted': 0.009064956568181515, 'Fearful': 0.024393586441874504, 'Happy': 0.01464266050606966, 'Neutral': 0.8334901928901672, 'Other': 7.552494207629934e-05, 'Sad': 0.10479573905467987, 'Surprised': 0.00475504994392395, 'Unknown': 0.00012318043445702642}",We need rest.
MARISHA,01:20:34,01:20:38,Neutral,"{'Angry': 0.0017859721556305885, 'Disgusted': 0.0016958952182903886, 'Fearful': 0.00042256063898094, 'Happy': 0.05808734893798828, 'Neutral': 0.9159542918205261, 'Other': 0.0013222000561654568, 'Sad': 0.004094674251973629, 'Surprised': 6.101895996835083e-05, 'Unknown': 0.016576142981648445}",I want to be able to use my scrying spell before we try anything.
LAURA,01:20:38,01:20:42,Sad,"{'Angry': 1.1834596080007032e-05, 'Disgusted': 1.7542253772262484e-05, 'Fearful': 5.558450993703445e-06, 'Happy': 0.00010087228292832151, 'Neutral': 0.30454206466674805, 'Other': 4.262198672222439e-06, 'Sad': 0.6953126192092896, 'Surprised': 2.368425612075953e-06, 'Unknown': 2.8342203677311772e-06}","Oh, okay. So should we make our way to this cave?"
TRAVIS,01:20:42,01:20:43,Surprised,"{'Angry': 0.012672118842601776, 'Disgusted': 0.13810224831104279, 'Fearful': 0.0037260944955050945, 'Happy': 0.20162919163703918, 'Neutral': 0.11367179453372955, 'Other': 0.005034342873841524, 'Sad': 0.1631179302930832, 'Surprised': 0.3617347180843353, 'Unknown': 0.0003114995197393}","Good, we'll do that."
ORION,01:20:43,01:20:46,Neutral,"{'Angry': 0.00023664726177230477, 'Disgusted': 0.0006570790428668261, 'Fearful': 0.00010480549099156633, 'Happy': 0.0023184125311672688, 'Neutral': 0.9830600619316101, 'Other': 0.0004895772435702384, 'Sad': 0.00010601208487059921, 'Surprised': 1.0678915032258374e-06, 'Unknown': 0.013026349246501923}",How close are we? How long will that take?
MATT,01:20:46,01:20:48,Neutral,"{'Angry': 1.3848688688866684e-11, 'Disgusted': 1.327943939706533e-12, 'Fearful': 3.356415622865483e-13, 'Happy': 2.1919261544711688e-11, 'Neutral': 1.0, 'Other': 8.217660899629761e-14, 'Sad': 1.3044755553526244e-10, 'Surprised': 3.5042762962234075e-12, 'Unknown': 3.1550939161642533e-13}","If you guys start heading that direction, you'll find out."
TALIESIN,01:20:48,01:20:52,Neutral,"{'Angry': 7.997461943887174e-05, 'Disgusted': 9.923307516146451e-05, 'Fearful': 4.786007048096508e-05, 'Happy': 0.0006688431603834033, 'Neutral': 0.998681366443634, 'Other': 4.651124982046895e-05, 'Sad': 0.00019110865832772106, 'Surprised': 4.569017619360238e-05, 'Unknown': 0.00013943671365268528}","Let's start heading that direction, and I want to skin this creature."
MATT,01:20:52,01:20:59,Happy,"{'Angry': 2.299987283960192e-10, 'Disgusted': 1.7650302330807222e-09, 'Fearful': 3.197055120640613e-10, 'Happy': 1.0, 'Neutral': 7.733562235046065e-09, 'Other': 5.800094293739733e-10, 'Sad': 3.384670765882447e-09, 'Surprised': 3.10228787103739e-10, 'Unknown': 8.911429927316306e-10}","Okay, as you guys are moving along, you leave a little space for Percy. It's a little unwieldy in the ship. It's hard for you to do this, so it's not going to be the best job."
TALIESIN,01:20:59,01:21:01,Happy,"{'Angry': 0.0001149712988990359, 'Disgusted': 6.128539826022461e-05, 'Fearful': 6.658112397417426e-06, 'Happy': 0.9843851327896118, 'Neutral': 0.015300777740776539, 'Other': 1.3331550690054428e-06, 'Sad': 8.42847948661074e-05, 'Surprised': 4.287821866455488e-05, 'Unknown': 2.7526020858203992e-06}",Not going for craftsmanship.
MATT,01:21:01,01:21:14,Unknown,"{'Angry': 0.0010036318562924862, 'Disgusted': 0.14472359418869019, 'Fearful': 0.0015511293895542622, 'Happy': 0.006245194468647242, 'Neutral': 0.13617278635501862, 'Other': 0.1543525606393814, 'Sad': 0.0005470229662023485, 'Surprised': 0.001709875650703907, 'Unknown': 0.5536941885948181}","Fair enough. As you're plucking what you think might be interesting from this creature's body, as in the process of skinning it, you probably take a moment to realize that a normal blade is going to have a hard time cutting through its hide, so you might have to borrow one."
SAM,01:21:14,01:21:38,Happy,"{'Angry': 9.955279892892577e-06, 'Disgusted': 6.2428316596196964e-06, 'Fearful': 6.662520490863244e-07, 'Happy': 0.9965344667434692, 'Neutral': 0.0034231068566441536, 'Other': 8.952623829827644e-06, 'Sad': 8.676336619828362e-06, 'Surprised': 2.7627154395304387e-06, 'Unknown': 5.163982223166386e-06}","I sing a little song to inspire him. I sing, ""When you're trying to skin a cloaker, here's some inspiration. When we're on a creepy boat, here's some inspiration. I want you to be near me--"" (speaking) All right, that's it. (all laugh)"
MATT,01:21:38,01:21:41,Happy,"{'Angry': 1.0359751286159735e-05, 'Disgusted': 2.072156530630309e-05, 'Fearful': 7.521735369664384e-06, 'Happy': 0.9988396763801575, 'Neutral': 0.0010480619966983795, 'Other': 2.2463516415882623e-06, 'Sad': 5.367670746636577e-05, 'Surprised': 6.95287326379912e-06, 'Unknown': 1.0825433491845615e-05}","Right, so you gain a d10 inspiration dice."
TALIESIN,01:21:41,01:21:44,Neutral,"{'Angry': 0.014057961292564869, 'Disgusted': 0.12233476340770721, 'Fearful': 0.0009505543857812881, 'Happy': 0.07546564936637878, 'Neutral': 0.7019253969192505, 'Other': 0.026853159070014954, 'Sad': 0.051161542534828186, 'Surprised': 0.005242896266281605, 'Unknown': 0.0020080965477973223}",I'm making a camo canopy for the boat.
MATT,01:21:44,01:21:51,Neutral,"{'Angry': 9.254172255168669e-06, 'Disgusted': 1.351517130387947e-05, 'Fearful': 8.868094596437004e-07, 'Happy': 3.622308577178046e-05, 'Neutral': 0.9999130964279175, 'Other': 3.6378712593432283e-06, 'Sad': 5.253683866612846e-06, 'Surprised': 1.596084257471375e-05, 'Unknown': 2.0106374449824216e-06}","Yeah, this is going to be a survival check on this. Roll survival."
ORION,01:21:51,01:21:59,Neutral,"{'Angry': 0.04919513687491417, 'Disgusted': 0.02929110638797283, 'Fearful': 0.0011414593318477273, 'Happy': 0.03364119306206703, 'Neutral': 0.8469716310501099, 'Other': 0.006184435915201902, 'Sad': 0.006477382965385914, 'Surprised': 0.0002356385812163353, 'Unknown': 0.026862042024731636}",I rolled a natural 20 to help him with any arcana enchantment if he succceeds.
TALIESIN,01:21:59,01:22:00,Happy,"{'Angry': 0.0023768898099660873, 'Disgusted': 0.26691174507141113, 'Fearful': 0.0022376019041985273, 'Happy': 0.46557489037513733, 'Neutral': 0.1439829170703888, 'Other': 0.0026190534699708223, 'Sad': 0.01314227469265461, 'Surprised': 0.10279024392366409, 'Unknown': 0.00036441872362047434}",17.
MATT,01:22:00,01:22:02,Neutral,"{'Angry': 8.525703378836624e-06, 'Disgusted': 5.287405292619951e-05, 'Fearful': 2.39899327425519e-05, 'Happy': 2.8085136364097707e-05, 'Neutral': 0.9998400211334229, 'Other': 3.2885882319533266e-06, 'Sad': 1.0551590094109997e-05, 'Surprised': 1.3739385167355067e-06, 'Unknown': 3.127117088297382e-05}",17? Did you add the inspiration dice to that?
TALIESIN,01:22:02,01:22:03,Neutral,"{'Angry': 8.976450089903665e-07, 'Disgusted': 6.226492246241833e-07, 'Fearful': 6.103682181901604e-08, 'Happy': 5.938222216173017e-07, 'Neutral': 0.9999973773956299, 'Other': 8.656635230863685e-08, 'Sad': 3.510223223202047e-07, 'Surprised': 3.7179283651767037e-08, 'Unknown': 3.360271705332707e-08}",I didn't.
MATT,01:22:03,01:22:04,Neutral,"{'Angry': 2.3652079107705504e-05, 'Disgusted': 1.8201209968538024e-05, 'Fearful': 9.60130273597315e-06, 'Happy': 0.0006585642695426941, 'Neutral': 0.9986124038696289, 'Other': 1.0291361149938894e-06, 'Sad': 0.0006691752932965755, 'Surprised': 7.103782081685495e-06, 'Unknown': 2.4153030153684085e-07}",You don't have to if you don't want to.
MATT,01:22:04,01:22:05,Neutral,"{'Angry': 1.6083356868534793e-09, 'Disgusted': 1.5640762018875876e-09, 'Fearful': 1.5205060821532612e-10, 'Happy': 2.4942208298739388e-08, 'Neutral': 1.0, 'Other': 1.6679248260320634e-10, 'Sad': 2.327833392712364e-08, 'Surprised': 1.85552051501503e-09, 'Unknown': 1.951313763348672e-11}",Okay.
SAM,01:22:05,01:22:06,Neutral,"{'Angry': 1.736406261443335e-06, 'Disgusted': 5.035583967583079e-07, 'Fearful': 1.0723147170210723e-07, 'Happy': 4.746862396132201e-05, 'Neutral': 0.9999455213546753, 'Other': 3.8659290879650143e-08, 'Sad': 3.8300836422422435e-06, 'Surprised': 7.114313120837323e-07, 'Unknown': 4.527615615756986e-08}","No, it only lasts ten minutes."
TALIESIN,01:22:06,01:22:08,Neutral,"{'Angry': 8.763750520301983e-05, 'Disgusted': 0.0018536775605753064, 'Fearful': 0.0026328761596232653, 'Happy': 0.00034229567972943187, 'Neutral': 0.9838036298751831, 'Other': 0.0014899021480232477, 'Sad': 0.0008866230491548777, 'Surprised': 8.074114884948358e-05, 'Unknown': 0.008822573348879814}","Oh, does it only last ten minutes?"
ORION,01:22:08,01:22:10,Neutral,"{'Angry': 4.29443025495857e-05, 'Disgusted': 6.517304427688941e-05, 'Fearful': 2.659217170730699e-05, 'Happy': 0.00017566657334100455, 'Neutral': 0.9995177984237671, 'Other': 9.065875929081813e-06, 'Sad': 0.00012081241584382951, 'Surprised': 3.2136536901816726e-05, 'Unknown': 9.819109436648432e-06}",A lot can happen in ten minutes.
TALIESIN,01:22:10,01:22:12,Neutral,"{'Angry': 0.011217707768082619, 'Disgusted': 0.0765981450676918, 'Fearful': 0.0005120550049468875, 'Happy': 0.005953515879809856, 'Neutral': 0.8109083771705627, 'Other': 0.00041082780808210373, 'Sad': 0.09279504418373108, 'Surprised': 0.0013960640644654632, 'Unknown': 0.0002082842111121863}","Oh, in that case, 26."
MATT,01:22:12,01:22:36,Happy,"{'Angry': 3.7132465990907804e-08, 'Disgusted': 1.6486950471517048e-07, 'Fearful': 9.803444100953129e-08, 'Happy': 0.9999980926513672, 'Neutral': 5.606917738987249e-07, 'Other': 1.7930496198914625e-07, 'Sad': 7.137569468795846e-07, 'Surprised': 1.0200833600038095e-07, 'Unknown': 7.724322870217293e-08}","26 would make a difference. In the confined space on this ship, as you guys crest around towards the northern side of that island, you begin to move around. You can see to the right of you, there is this tunnel that filters out the side of this cavern that's just a continuation of the water, a river on the far end. You don't know where it goes. It disappears in the darkness, and you can hear in the distance the light sound of rushing water."
MARISHA,01:22:36,01:22:42,Neutral,"{'Angry': 1.523142600490246e-05, 'Disgusted': 2.1794137865072116e-05, 'Fearful': 2.490971382940188e-06, 'Happy': 0.003960594534873962, 'Neutral': 0.9958943128585815, 'Other': 9.44095245358767e-06, 'Sad': 7.357711001532152e-05, 'Surprised': 4.037181497551501e-06, 'Unknown': 1.8470920622348785e-05}",Can I use my shark eyes to look down the tunnel?
MATT,01:22:42,01:22:52,Neutral,"{'Angry': 0.0003991397679783404, 'Disgusted': 0.0003621613432187587, 'Fearful': 4.3561067286645994e-05, 'Happy': 0.0007736099069006741, 'Neutral': 0.9970182180404663, 'Other': 0.0003368619072716683, 'Sad': 0.0001399001630488783, 'Surprised': 3.793938230955973e-05, 'Unknown': 0.0008886897121556103}","It begins to curve about 20 feet in, so you're unable to make much past that distance, and it looks like a continuation of the water flowing through, or into; you're not quite able to tell from this distance."
TALIESIN,01:22:52,01:22:54,Neutral,"{'Angry': 2.0603733996704676e-11, 'Disgusted': 1.5438687654689698e-12, 'Fearful': 2.6530679237725396e-13, 'Happy': 3.147457988683655e-11, 'Neutral': 1.0, 'Other': 1.0907353714889947e-13, 'Sad': 4.083809332366961e-11, 'Surprised': 4.982062939279386e-12, 'Unknown': 5.663997374415197e-13}",(singing) Nobody knows what it's like--
"TALIESIN, MARISHA",01:22:54,01:22:56,Neutral,"{'Angry': 5.787131884815722e-10, 'Disgusted': 1.1089919260687253e-10, 'Fearful': 1.7196388410467556e-11, 'Happy': 1.2054617748447072e-08, 'Neutral': 1.0, 'Other': 5.6531541600679525e-12, 'Sad': 1.8552374081437506e-09, 'Surprised': 2.2371637875551187e-10, 'Unknown': 8.067768675346088e-12}",(singing) To be a shark man.
"MATT, ORION, SAM",01:22:56,01:22:58,Neutral,"{'Angry': 1.4591701180677319e-09, 'Disgusted': 3.0155705710299685e-10, 'Fearful': 2.3640867041763158e-11, 'Happy': 2.364045137426274e-08, 'Neutral': 1.0, 'Other': 1.313094685068128e-11, 'Sad': 2.4311259672060714e-09, 'Surprised': 7.057068263094379e-10, 'Unknown': 1.3026152205497521e-11}",(laugh)
MATT,01:22:58,01:23:02,Neutral,"{'Angry': 2.7392022730055032e-06, 'Disgusted': 1.1551443321877741e-06, 'Fearful': 1.0485590564712766e-06, 'Happy': 3.0276864890765864e-06, 'Neutral': 0.999987006187439, 'Other': 4.5835068362976017e-07, 'Sad': 2.7956000394624425e-06, 'Surprised': 1.168364065051719e-06, 'Unknown': 6.10786685228959e-07}",Percy. You manage to pull from it all the teeth in the process.
TALIESIN,01:23:02,01:23:03,Surprised,"{'Angry': 5.915545671086875e-07, 'Disgusted': 3.660233858227002e-07, 'Fearful': 2.5576002826710464e-07, 'Happy': 4.4046379343853914e-07, 'Neutral': 4.217371042614104e-06, 'Other': 1.5606352121722011e-07, 'Sad': 3.5056470437666576e-07, 'Surprised': 0.9999936819076538, 'Unknown': 3.3003402233333645e-09}",For you.
MATT,01:23:03,01:23:32,Neutral,"{'Angry': 8.684055501362309e-06, 'Disgusted': 5.320156196830794e-05, 'Fearful': 3.7798752146045445e-06, 'Happy': 8.266288205049932e-06, 'Neutral': 0.9998762607574463, 'Other': 1.962068745342549e-05, 'Sad': 1.3822635992255528e-05, 'Surprised': 5.114888153912034e-06, 'Unknown': 1.1175288818776608e-05}","So that comes to roughly 45 cloaker teeth. You don't know what that'll be worth, but you have that at your disposal. So you can write down, ""45 cloaker teeth."" You manage to skin most of it. You get most of the top of its hide usable. It's still wet. It'll take a while to do that, let alone in an area where it's dry on the surface. But you manage to pull most of the top of it off, so you have this wet, skinned portion of the back of the cloaker at your disposal."
TALIESIN,01:23:32,01:23:42,Neutral,"{'Angry': 0.00014001531235408038, 'Disgusted': 1.1653913134068716e-05, 'Fearful': 6.750082320650108e-06, 'Happy': 0.0015075699193403125, 'Neutral': 0.9980311989784241, 'Other': 3.2266420021187514e-05, 'Sad': 0.00019995402544736862, 'Surprised': 5.449293212222983e-07, 'Unknown': 7.012870628386736e-05}",I'm going to build a relative canopy specifically for the left side of the boat so that we're protected and visibly obscured from anybody in the city.
MATT,01:23:42,01:23:44,Surprised,"{'Angry': 3.177713733748533e-05, 'Disgusted': 1.1522227396199014e-05, 'Fearful': 0.0005110015626996756, 'Happy': 7.444735820172355e-05, 'Neutral': 2.0512557966867462e-05, 'Other': 1.0312592166883405e-05, 'Sad': 5.0988164730370045e-06, 'Surprised': 0.9992625117301941, 'Unknown': 7.280285353772342e-05}",Okay. Make a tinker check.
TALIESIN,01:23:44,01:23:46,Unknown,"{'Angry': 0.28110188245773315, 'Disgusted': 0.020784899592399597, 'Fearful': 0.004957129247486591, 'Happy': 0.06531886756420135, 'Neutral': 0.04429830238223076, 'Other': 0.006983557250350714, 'Sad': 0.0018137440783903003, 'Surprised': 0.0005872539477422833, 'Unknown': 0.5741543173789978}","What's the bonus on that, again?"
MATT,01:23:46,01:23:49,Neutral,"{'Angry': 0.0017786785028874874, 'Disgusted': 0.001109995529986918, 'Fearful': 0.0009670723811723292, 'Happy': 0.00016326889453921467, 'Neutral': 0.9741443991661072, 'Other': 0.0004073894233442843, 'Sad': 0.018559444695711136, 'Surprised': 1.4154217751638498e-05, 'Unknown': 0.0028555721510201693}","Well, for that, it should be dex, I believe."
TALIESIN,01:23:49,01:23:53,Sad,"{'Angry': 0.11705520004034042, 'Disgusted': 0.06300660222768784, 'Fearful': 0.02808881178498268, 'Happy': 0.00574936019256711, 'Neutral': 0.06451349705457687, 'Other': 0.002183246659114957, 'Sad': 0.7010964751243591, 'Surprised': 0.006479195319116116, 'Unknown': 0.011827635578811169}","Dex, thank you. (raspberry noise)"
MATT,01:23:53,01:23:58,Neutral,"{'Angry': 0.0032466689590364695, 'Disgusted': 0.000638058700133115, 'Fearful': 0.00040156865725293756, 'Happy': 0.006270299199968576, 'Neutral': 0.9757770299911499, 'Other': 0.0016645463183522224, 'Sad': 0.0018387994496151805, 'Surprised': 4.9800320994108915e-05, 'Unknown': 0.010113281197845936}","Plus four, because you're proficient with it. So it's your dex plus your proficiency modifier."
TALIESIN,01:23:58,01:24:00,Neutral,"{'Angry': 0.0016029326943680644, 'Disgusted': 0.01577536016702652, 'Fearful': 0.0015876293182373047, 'Happy': 0.022797580808401108, 'Neutral': 0.9516355991363525, 'Other': 0.0007005563820712268, 'Sad': 0.00493186991661787, 'Surprised': 0.0007187957526184618, 'Unknown': 0.0002495822263881564}",That's 11.
MATT,01:24:00,01:24:01,Happy,"{'Angry': 0.010421951301395893, 'Disgusted': 0.10011498630046844, 'Fearful': 0.007284844759851694, 'Happy': 0.36120185256004333, 'Neutral': 0.17772965133190155, 'Other': 0.005627703387290239, 'Sad': 0.3197547197341919, 'Surprised': 0.017291922122240067, 'Unknown': 0.0005723281065002084}",11?
TALIESIN,01:24:01,01:24:02,Neutral,"{'Angry': 0.0010872648563235998, 'Disgusted': 0.00015183920913841575, 'Fearful': 0.0004658012476284057, 'Happy': 0.0011558291735127568, 'Neutral': 0.989815354347229, 'Other': 9.098638656723779e-06, 'Sad': 0.004324119072407484, 'Surprised': 0.0029890190344303846, 'Unknown': 1.6945591596595477e-06}",I rolled really badly.
MATT,01:24:02,01:24:18,Surprised,"{'Angry': 0.058017976582050323, 'Disgusted': 0.15468330681324005, 'Fearful': 0.09575505554676056, 'Happy': 0.17630435526371002, 'Neutral': 0.0701482817530632, 'Other': 0.0034717645030468702, 'Sad': 0.022064870223402977, 'Surprised': 0.4150158762931824, 'Unknown': 0.0045385402627289295}","Yeah, you did. You still have the hide. In the time it takes for you to get to the beach, you don't have much material at your disposal, and to fashion anything that's on that side, the most you manage to get is a slight lift to it, and by the time you get to the beach, it just collapses on itself."
TALIESIN,01:24:18,01:24:21,Disgusted,"{'Angry': 0.03292221948504448, 'Disgusted': 0.8240175843238831, 'Fearful': 0.018921446055173874, 'Happy': 0.006704315077513456, 'Neutral': 0.004841343965381384, 'Other': 0.09776143729686737, 'Sad': 0.00603605667129159, 'Surprised': 0.005638828035444021, 'Unknown': 0.003156717400997877}","Okay. Once we're at the beach and we have all evening, I'll make another attempt."
MATT,01:24:21,01:24:26,Neutral,"{'Angry': 0.0001640361442696303, 'Disgusted': 0.00036145903868600726, 'Fearful': 4.3653646571328864e-05, 'Happy': 0.002589706564322114, 'Neutral': 0.9952067732810974, 'Other': 0.00015312702453229576, 'Sad': 0.00022254833311308175, 'Surprised': 8.969182090368122e-05, 'Unknown': 0.0011689782841131091}","Okay, it'll take you some time. It's doable, but it'll take a while."
ASHLEY,01:24:26,01:24:28,Neutral,"{'Angry': 5.389829311752692e-05, 'Disgusted': 0.0001341353781754151, 'Fearful': 9.121070615947247e-05, 'Happy': 0.00039001149707473814, 'Neutral': 0.9990842342376709, 'Other': 5.360119394026697e-05, 'Sad': 0.00010942904918920249, 'Surprised': 6.317010411294177e-05, 'Unknown': 2.0336336092441343e-05}",It's okay.
TRAVIS,01:24:28,01:24:31,Happy,"{'Angry': 3.8572356970689725e-06, 'Disgusted': 0.00024616438895463943, 'Fearful': 0.00020966048759873956, 'Happy': 0.9986525774002075, 'Neutral': 9.747896547196433e-05, 'Other': 0.00040064367931336164, 'Sad': 0.00011921727855224162, 'Surprised': 0.00010694388038245961, 'Unknown': 0.00016349239740520716}",We made our way to the beach.
MATT,01:24:31,01:25:01,Happy,"{'Angry': 8.77648126333952e-05, 'Disgusted': 0.00018157513113692403, 'Fearful': 0.0006597822066396475, 'Happy': 0.9922756552696228, 'Neutral': 7.983201066963375e-05, 'Other': 2.1492704036063515e-05, 'Sad': 0.00014945893781259656, 'Surprised': 0.006517069414258003, 'Unknown': 2.7315019906382076e-05}","As you make your way towards the beach, Keyleth, you see in the distance in the water what looks like something slinking on the very bottom of this underground lake. Probably a good 50, 60 feet down, you can barely make out what looks like a dark form, probably about 100 to 150 feet away, and it's only because of your shark form that you're able to make out any sort of semblance of it, but it looks big, and it looks like it's slowly moving through the bottom of the lake. Doesn't seem to be moving towards you."
ORION,01:25:01,01:25:04,Neutral,"{'Angry': 1.6988382922633605e-09, 'Disgusted': 1.2078454902919589e-09, 'Fearful': 2.0446835891085868e-10, 'Happy': 3.4671984394663014e-08, 'Neutral': 1.0, 'Other': 6.104181049515489e-10, 'Sad': 6.931223150985488e-09, 'Surprised': 1.1266757526939841e-09, 'Unknown': 6.248615513904099e-10}",It's just a thing. There's going to be things here.
SAM,01:25:04,01:25:09,Neutral,"{'Angry': 3.11115570639231e-07, 'Disgusted': 1.1571521554287756e-06, 'Fearful': 1.226429446887778e-07, 'Happy': 1.1776254495998728e-06, 'Neutral': 0.9999918937683105, 'Other': 1.633508475151757e-07, 'Sad': 4.467239307359705e-07, 'Surprised': 4.685470230469946e-06, 'Unknown': 5.345441067561296e-08}",What if it's just like one of those party cruises where they--
TRAVIS,01:25:09,01:25:11,Fearful,"{'Angry': 0.0679398775100708, 'Disgusted': 0.008934024721384048, 'Fearful': 0.32369279861450195, 'Happy': 0.06043161451816559, 'Neutral': 0.22867225110530853, 'Other': 0.0001087058917619288, 'Sad': 0.3080820143222809, 'Surprised': 0.002022654516622424, 'Unknown': 0.00011611312220338732}",On the bottom of the--
TALIESIN,01:25:11,01:25:13,Neutral,"{'Angry': 0.0006226188852451742, 'Disgusted': 0.00045377033529803157, 'Fearful': 8.143618470057845e-05, 'Happy': 0.003305857302621007, 'Neutral': 0.9931575655937195, 'Other': 1.8688746422412805e-05, 'Sad': 0.002303035231307149, 'Surprised': 3.37152523570694e-05, 'Unknown': 2.3305794456973672e-05}",Submersive party cruise.
LAURA,01:25:13,01:25:16,Neutral,"{'Angry': 0.004909276496618986, 'Disgusted': 0.0002272374404128641, 'Fearful': 8.919306856114417e-05, 'Happy': 0.00025251045008189976, 'Neutral': 0.9919338226318359, 'Other': 7.9681731222081e-06, 'Sad': 0.002166629070416093, 'Surprised': 0.00040907866787165403, 'Unknown': 4.238213932694634e-06}",How close are we to the cave? Are we still really far away?
MATT,01:25:16,01:25:19,Unknown,"{'Angry': 0.0036264988593757153, 'Disgusted': 0.07236721366643906, 'Fearful': 0.023490360006690025, 'Happy': 0.06271722167730331, 'Neutral': 0.04920912906527519, 'Other': 0.024686060845851898, 'Sad': 0.19644573330879211, 'Surprised': 2.7235792003921233e-05, 'Unknown': 0.5674305558204651}",You guys are maybe 300 feet from the beach.
SAM,01:25:19,01:25:25,Neutral,"{'Angry': 2.941446392012992e-11, 'Disgusted': 1.888761065951816e-12, 'Fearful': 4.745345826354108e-13, 'Happy': 2.424871414774543e-11, 'Neutral': 1.0, 'Other': 1.1839933601685143e-13, 'Sad': 5.533683233860387e-11, 'Surprised': 7.2312663669527044e-12, 'Unknown': 7.910603053683241e-13}","But we don't see it because we're on deck, right?"
MATT,01:25:25,01:25:27,Happy,"{'Angry': 0.007253048941493034, 'Disgusted': 0.035181209444999695, 'Fearful': 0.0007663636351935565, 'Happy': 0.5588024854660034, 'Neutral': 0.38793104887008667, 'Other': 0.0004057399637531489, 'Sad': 0.004106270149350166, 'Surprised': 0.00018917072156909853, 'Unknown': 0.005364616401493549}","The creature? No, only Keyleth does."
MARISHA,01:25:27,01:25:29,Disgusted,"{'Angry': 0.04297245666384697, 'Disgusted': 0.4741295874118805, 'Fearful': 0.0034459480084478855, 'Happy': 0.13682706654071808, 'Neutral': 0.10098573565483093, 'Other': 0.00024699087953194976, 'Sad': 0.23698705434799194, 'Surprised': 0.004253557417541742, 'Unknown': 0.0001516418851679191}",I drop them off at the beach.
TALIESIN,01:25:29,01:25:31,Neutral,"{'Angry': 0.0017511994810774922, 'Disgusted': 0.01067189872264862, 'Fearful': 0.004777165129780769, 'Happy': 0.0017187210032716393, 'Neutral': 0.4932459890842438, 'Other': 6.361357372952625e-05, 'Sad': 0.48751601576805115, 'Surprised': 0.00016360385052394122, 'Unknown': 9.188220428768545e-05}",Let's dry-dock the boat.
MATT,01:25:31,01:25:36,Sad,"{'Angry': 0.00012978489394299686, 'Disgusted': 0.00020051944011356682, 'Fearful': 0.00012707681162282825, 'Happy': 0.0002134058449883014, 'Neutral': 0.17729467153549194, 'Other': 1.3542460237658815e-06, 'Sad': 0.8220133185386658, 'Surprised': 1.69392933457857e-05, 'Unknown': 2.858257403204334e-06}","Okay, I'm going to ask Keyleth to make a stealth check in shark form."
TALIESIN,01:25:36,01:25:39,Neutral,"{'Angry': 2.1991452285874402e-06, 'Disgusted': 2.0380661226226948e-05, 'Fearful': 9.093721928365994e-06, 'Happy': 6.870726792840287e-06, 'Neutral': 0.9997779726982117, 'Other': 7.872167770983651e-06, 'Sad': 9.61836485657841e-05, 'Surprised': 4.1224023306085655e-08, 'Unknown': 7.941612420836464e-05}",A shark stealth. Stealth shark.
MATT,01:25:39,01:25:45,Neutral,"{'Angry': 1.0392160021410746e-08, 'Disgusted': 1.2029645723998783e-08, 'Fearful': 5.494887211909827e-09, 'Happy': 8.661228889650374e-08, 'Neutral': 0.9999995231628418, 'Other': 8.536627404964747e-09, 'Sad': 2.910291811986099e-07, 'Surprised': 5.558447035980407e-10, 'Unknown': 6.667561791573462e-08}","The dex bonus of a shark form is zero, so just roll a d20."
MARISHA,01:25:45,01:25:48,Neutral,"{'Angry': 3.555713945502248e-09, 'Disgusted': 2.007624289035448e-09, 'Fearful': 5.708897798939461e-10, 'Happy': 2.1270695427233477e-08, 'Neutral': 1.0, 'Other': 1.1810591393768277e-09, 'Sad': 1.1880456618484914e-08, 'Surprised': 6.363271576326213e-10, 'Unknown': 2.4391053621286574e-09}",That's not true. It's +1.
MATT,01:25:48,01:25:54,Neutral,"{'Angry': 1.4691574179437339e-08, 'Disgusted': 2.022904332932285e-08, 'Fearful': 2.4405386600534484e-09, 'Happy': 2.3317529240785007e-08, 'Neutral': 1.0, 'Other': 6.403624741579961e-09, 'Sad': 4.906910788804453e-08, 'Surprised': 7.900964327234306e-10, 'Unknown': 1.1985722636609353e-08}",Giant shark? According to here... it says one. It's a zero. Dex is 11.
SAM,01:25:54,01:25:57,Sad,"{'Angry': 5.6539349316153675e-05, 'Disgusted': 0.0002123709418810904, 'Fearful': 0.0006258630892261863, 'Happy': 4.7553727199556306e-05, 'Neutral': 0.0012087286449968815, 'Other': 1.0983919764839811e-06, 'Sad': 0.997833788394928, 'Surprised': 2.042625737885828e-06, 'Unknown': 1.1938297575397883e-05}",Shark argument!
MARISHA,01:25:57,01:25:59,Neutral,"{'Angry': 0.0005943149444647133, 'Disgusted': 0.002635129727423191, 'Fearful': 0.0007306452607735991, 'Happy': 0.002532926620915532, 'Neutral': 0.981122612953186, 'Other': 2.1405776351457462e-05, 'Sad': 0.012243913486599922, 'Surprised': 5.976099782856181e-05, 'Unknown': 5.9308033087290823e-05}",It's okay. 17.
MATT,01:25:59,01:26:27,Neutral,"{'Angry': 6.643159849772928e-06, 'Disgusted': 1.7756905435817316e-05, 'Fearful': 3.86716055800207e-06, 'Happy': 3.321031908853911e-05, 'Neutral': 0.9997041821479797, 'Other': 1.4086655937717296e-05, 'Sad': 0.00020025232515763491, 'Surprised': 1.4567535799869802e-05, 'Unknown': 5.443946974992286e-06}","17, okay. As you deftly drag the boat at just the right distance to curve around this large subterranean form, it doesn't seem to take notice, and eventually drifts far enough away where you can no longer make any sort of visual connection with its form. You make your way to the side of the beach. You drag up to the point where the ship begins to hit the gravel. You begin to move, curve to the side, and it (grinding sound) lifts up and comes to a rest at the top of the gravel beach. You guys all step off the boat. Okay, Grog, you go ahead and haul the boat up."
LAURA,01:26:27,01:26:29,Neutral,"{'Angry': 0.00020445969130378217, 'Disgusted': 0.00016362375754397362, 'Fearful': 0.0001461218489566818, 'Happy': 0.0009557569865137339, 'Neutral': 0.9970425963401794, 'Other': 7.533622010669205e-06, 'Sad': 0.0014295309083536267, 'Surprised': 3.8692083762725815e-05, 'Unknown': 1.166411857411731e-05}",I'm going to cast Pass Without a Trace on all of us right now.
MATT,01:26:29,01:26:30,Neutral,"{'Angry': 0.004597557242959738, 'Disgusted': 0.00043240602826699615, 'Fearful': 5.9321115259081125e-05, 'Happy': 0.0022913028951734304, 'Neutral': 0.955254316329956, 'Other': 6.2141052694641985e-06, 'Sad': 0.03728310018777847, 'Surprised': 7.105585973476991e-05, 'Unknown': 4.764601726492401e-06}",Okay.
MARISHA,01:26:30,01:26:33,Neutral,"{'Angry': 0.000847550225444138, 'Disgusted': 0.0008504950092174113, 'Fearful': 0.0013242000713944435, 'Happy': 0.0002829634177032858, 'Neutral': 0.9255288243293762, 'Other': 8.245568096754141e-06, 'Sad': 0.07016424089670181, 'Surprised': 0.0009899334982037544, 'Unknown': 3.5201323953515384e-06}",I go ahead and un-shark myself.
MATT,01:26:33,01:26:34,Sad,"{'Angry': 0.37776514887809753, 'Disgusted': 0.16707532107830048, 'Fearful': 0.0031128074042499065, 'Happy': 0.0029820390045642853, 'Neutral': 0.035724882036447525, 'Other': 1.372822680423269e-05, 'Sad': 0.4129364788532257, 'Surprised': 0.0003779719409067184, 'Unknown': 1.1533171345945448e-05}",Okay.
LIAM,01:26:34,01:26:37,Angry,"{'Angry': 0.9996256828308105, 'Disgusted': 2.0015689017327531e-07, 'Fearful': 5.576710577770427e-07, 'Happy': 4.383530904306099e-05, 'Neutral': 4.979793288839574e-07, 'Other': 3.421800087721749e-08, 'Sad': 3.926966201106552e-07, 'Surprised': 0.00032883507083170116, 'Unknown': 1.6375306666205347e-09}",And I'm going to look for bad things on the beach.
SAM,01:26:37,01:26:40,Neutral,"{'Angry': 0.0012912449892610312, 'Disgusted': 0.0011323934886604548, 'Fearful': 0.010814410634338856, 'Happy': 0.002288226503878832, 'Neutral': 0.8887398838996887, 'Other': 0.012946303002536297, 'Sad': 0.018305853009223938, 'Surprised': 3.8778394809924066e-05, 'Unknown': 0.06444288790225983}","Yeah, what's the layout of the beach? Is it just a beach?"
MATT,01:26:40,01:27:07,Neutral,"{'Angry': 7.294836024129836e-08, 'Disgusted': 2.456581249532519e-08, 'Fearful': 3.5800000741659233e-09, 'Happy': 1.4049582830466534e-07, 'Neutral': 0.9999996423721313, 'Other': 2.3728927711630377e-09, 'Sad': 1.417269146486433e-07, 'Surprised': 5.989965412567244e-09, 'Unknown': 3.0382891758051755e-09}","Okay, so looking at the beach here, it's an open beach. You can see there are a few rock formations, small 15-foot-tall portions of stalagmites or stone that either have been here for a long time or have been constructed or put there to jut out of that part of the beach. But for the most part, it's just an open gravel beach that slowly comes to stop at the edge of the cavern, and there is a tunnel about 15, 20 feet wide ahead of you."
SAM,01:27:07,01:27:10,Neutral,"{'Angry': 0.005597763694822788, 'Disgusted': 0.047557853162288666, 'Fearful': 0.017272666096687317, 'Happy': 0.010304752737283707, 'Neutral': 0.7842872142791748, 'Other': 0.0006723010446876287, 'Sad': 0.1327584832906723, 'Surprised': 0.0002006536233238876, 'Unknown': 0.0013482829090207815}","Is there a half-submerged Statue of Liberty, or anything?"
MATT,01:27:10,01:27:15,Fearful,"{'Angry': 0.0013012875569984317, 'Disgusted': 0.0010782277677208185, 'Fearful': 0.5978321433067322, 'Happy': 0.004345695488154888, 'Neutral': 0.01034144964069128, 'Other': 6.306662544375286e-05, 'Sad': 0.38465452194213867, 'Surprised': 0.00026111051556654274, 'Unknown': 0.00012244978279341012}",Perception check? (all laugh)
SAM,01:27:15,01:27:17,Happy,"{'Angry': 0.008333547972142696, 'Disgusted': 0.006702024023979902, 'Fearful': 0.0023069758899509907, 'Happy': 0.7696846127510071, 'Neutral': 0.157171830534935, 'Other': 0.0008546433527953923, 'Sad': 0.014770176261663437, 'Surprised': 0.03990466520190239, 'Unknown': 0.00027163096820004284}",I got a 16 for my perception.
MATT,01:27:17,01:27:20,Neutral,"{'Angry': 0.00011622828606050462, 'Disgusted': 1.3374470654525794e-05, 'Fearful': 7.953039130370598e-06, 'Happy': 3.336589361424558e-05, 'Neutral': 0.9995512366294861, 'Other': 2.2901836928213015e-05, 'Sad': 4.146223727730103e-05, 'Surprised': 6.826175535934453e-07, 'Unknown': 0.00021270645083859563}",16. You do not see any sort of half-submerged Statue of Liberty. My apologies.
LIAM,01:27:20,01:27:27,Neutral,"{'Angry': 0.011839483864605427, 'Disgusted': 0.0034940303303301334, 'Fearful': 0.00022987578995525837, 'Happy': 0.0017363756196573377, 'Neutral': 0.9803069233894348, 'Other': 0.00013138787471689284, 'Sad': 0.0013028507819399238, 'Surprised': 3.66301128451596e-06, 'Unknown': 0.0009553172276355326}",How far away are we from the main island? Is it like DUMBO to Manhattan distance?
MATT,01:27:27,01:27:33,Sad,"{'Angry': 0.21240253746509552, 'Disgusted': 0.02850021980702877, 'Fearful': 0.004762901458889246, 'Happy': 0.00014316127635538578, 'Neutral': 0.021873746067285538, 'Other': 0.00014297134475782514, 'Sad': 0.7312862277030945, 'Surprised': 3.878816278302111e-05, 'Unknown': 0.0008494787034578621}","Yeah, I'd say it's probably about a good half a mile or so."
TRAVIS,01:27:33,01:27:40,Neutral,"{'Angry': 0.016428060829639435, 'Disgusted': 0.03227774798870087, 'Fearful': 0.003746352158486843, 'Happy': 0.0042352862656116486, 'Neutral': 0.5030678510665894, 'Other': 0.015065948478877544, 'Sad': 0.03301703557372093, 'Surprised': 2.5387385903741233e-05, 'Unknown': 0.3921363353729248}",I would like to perceive if Lady Kima has been giving me any second looks after I intimidated old Flappy Wings.
MATT,01:27:40,01:27:42,Neutral,"{'Angry': 0.0021855963859707117, 'Disgusted': 0.07579413056373596, 'Fearful': 0.036445438861846924, 'Happy': 0.13430984318256378, 'Neutral': 0.5029864311218262, 'Other': 0.023615077137947083, 'Sad': 0.2157529592514038, 'Surprised': 0.0059814914129674435, 'Unknown': 0.002929034875705838}",Make a perception check.
TRAVIS,01:27:42,01:27:47,Neutral,"{'Angry': 3.507949077174999e-05, 'Disgusted': 1.1007975444954354e-05, 'Fearful': 8.587548450122995e-07, 'Happy': 3.4615675303939497e-06, 'Neutral': 0.9998918771743774, 'Other': 4.702638761955313e-06, 'Sad': 3.671148806461133e-05, 'Surprised': 1.4320552566005063e-07, 'Unknown': 1.618640271772165e-05}","Ten, plus... probably nothing. Yeah, nothing. Ten."
MATT,01:27:47,01:28:05,Neutral,"{'Angry': 3.997413233758351e-10, 'Disgusted': 2.7873406360789943e-10, 'Fearful': 8.673834567263228e-11, 'Happy': 7.128824197621952e-10, 'Neutral': 1.0, 'Other': 4.1551519169846785e-11, 'Sad': 6.633135374300991e-09, 'Surprised': 1.4303926099135111e-10, 'Unknown': 3.477551580033378e-11}","It's hard to tell. She seems very focused on the task at hand. Her eyes have been, for the most part, up in the air around you. Unfortunately, Grog, you don't think she's paying much mind to you at the moment because she's more concerned about keeping the group alive and where you guys are currently headed. You'll have to try harder to get her attentions. It's okay, Grog."
LAURA,01:28:05,01:28:10,Sad,"{'Angry': 4.9933360060094856e-06, 'Disgusted': 1.076960234058788e-05, 'Fearful': 2.260342807858251e-05, 'Happy': 2.4039756681304425e-05, 'Neutral': 0.00018551440734881908, 'Other': 7.983358045748901e-07, 'Sad': 0.9997403025627136, 'Surprised': 6.445457643167174e-07, 'Unknown': 1.0323260539735202e-05}",Can we look around the entrance and see if anything dangerous looks like it's around? I'm looking up on the ceiling.
MATT,01:28:10,01:28:19,Neutral,"{'Angry': 7.5783127613249235e-06, 'Disgusted': 2.2763369997846894e-05, 'Fearful': 1.5366205161626567e-06, 'Happy': 1.0673607903299853e-05, 'Neutral': 0.9988584518432617, 'Other': 1.95808333955938e-05, 'Sad': 0.0010191610781475902, 'Surprised': 3.5540978160497616e-07, 'Unknown': 5.997692278469913e-05}","Yeah, now that you know the idea of what to look for, for a cloaker, go ahead and make a perception check."
LIAM,01:28:19,01:28:21,Neutral,"{'Angry': 0.20554454624652863, 'Disgusted': 0.07790707796812057, 'Fearful': 0.020102690905332565, 'Happy': 0.011152292601764202, 'Neutral': 0.5454564690589905, 'Other': 4.2776311602210626e-05, 'Sad': 0.13126368820667267, 'Surprised': 0.008305645547807217, 'Unknown': 0.00022478062601294369}",29.
MATT,01:28:21,01:28:33,Neutral,"{'Angry': 1.119213877132097e-08, 'Disgusted': 5.091441934723662e-08, 'Fearful': 1.2842427565828984e-08, 'Happy': 9.719212101799712e-08, 'Neutral': 0.9999902248382568, 'Other': 3.7001288699656243e-09, 'Sad': 9.604890692571644e-06, 'Surprised': 1.252830950093653e-09, 'Unknown': 7.783460098664818e-09}","Okay. You guys glance around and, currently looking at the walls on the exterior of this beach area, nothing matches the description of what you saw in the previous cavern. For the time being, it looks relatively safe on this part of the beach."
LIAM,01:28:33,01:28:35,Neutral,"{'Angry': 1.1646897064565565e-06, 'Disgusted': 1.008661683954415e-06, 'Fearful': 4.622594076408859e-07, 'Happy': 4.081933184352238e-06, 'Neutral': 0.9999804496765137, 'Other': 9.613370366423624e-07, 'Sad': 6.097557616158156e-06, 'Surprised': 5.423854076980206e-08, 'Unknown': 5.711204721592367e-06}",And there's caves?
MATT,01:28:35,01:28:45,Neutral,"{'Angry': 9.763433984899539e-12, 'Disgusted': 7.570467690232174e-13, 'Fearful': 3.182770616071834e-13, 'Happy': 1.489623528694306e-11, 'Neutral': 1.0, 'Other': 5.155424359442294e-14, 'Sad': 5.3131214705626206e-11, 'Surprised': 3.565793927490235e-12, 'Unknown': 6.639273549338687e-13}","There is a singular cave on the far end. There's a slight outcropping, and then it leads into that one 20-foot-wide cavern that goes deeper in there."
LIAM,01:28:45,01:28:50,Neutral,"{'Angry': 9.811290624384128e-08, 'Disgusted': 5.300495331539423e-07, 'Fearful': 9.22169007822049e-08, 'Happy': 2.21577374759363e-06, 'Neutral': 0.9999933242797852, 'Other': 1.663077995317508e-07, 'Sad': 1.820361376303481e-06, 'Surprised': 3.604300191639709e-09, 'Unknown': 1.7865455674836994e-06}",I'm going to creep up just to the edge of the cave. I'm not going to go in. Is it a separate perception check for the inside of the cave as well?
MATT,01:28:50,01:28:52,Neutral,"{'Angry': 4.9607508117333055e-05, 'Disgusted': 0.00030573277035728097, 'Fearful': 1.4834286048426293e-05, 'Happy': 0.00034059787867590785, 'Neutral': 0.9989448189735413, 'Other': 3.4734866858343594e-06, 'Sad': 0.0002930285409092903, 'Surprised': 4.5722110371571034e-05, 'Unknown': 2.174946303057368e-06}",Yes.
LIAM,01:28:52,01:28:53,Disgusted,"{'Angry': 0.00499118585139513, 'Disgusted': 0.8715793490409851, 'Fearful': 0.0004329053917899728, 'Happy': 0.02828902192413807, 'Neutral': 0.0779464989900589, 'Other': 0.0010175809729844332, 'Sad': 0.009693034924566746, 'Surprised': 0.005786382593214512, 'Unknown': 0.0002639968297444284}",All right.
MATT,01:28:53,01:28:55,Fearful,"{'Angry': 0.009164870716631413, 'Disgusted': 0.00892128236591816, 'Fearful': 0.4335790276527405, 'Happy': 0.007600859273225069, 'Neutral': 0.13855217397212982, 'Other': 0.03444383293390274, 'Sad': 0.32571348547935486, 'Surprised': 0.0028802461456507444, 'Unknown': 0.03914426267147064}",You want to make a stealth check one more time? Stealth check first.
LIAM,01:28:55,01:29:00,Disgusted,"{'Angry': 0.057903554290533066, 'Disgusted': 0.6066482663154602, 'Fearful': 0.009763002395629883, 'Happy': 0.03011097013950348, 'Neutral': 0.05436351150274277, 'Other': 0.03606283292174339, 'Sad': 0.1751582771539688, 'Surprised': 0.013026546686887741, 'Unknown': 0.016963066533207893}",Stealth check is good. It's a 21. 31.
MATT,01:29:00,01:29:13,Neutral,"{'Angry': 0.0021765728015452623, 'Disgusted': 0.01704394817352295, 'Fearful': 0.002529274905100465, 'Happy': 0.13766320049762726, 'Neutral': 0.551622211933136, 'Other': 0.05283023789525032, 'Sad': 0.016056060791015625, 'Surprised': 0.0006347551825456321, 'Unknown': 0.21944372355937958}","31, okay. So making your way up, you dodge from low on the side of the beach, jumping in front of these strange stone platforms, keeping in, look for cover. You make your way up against the side of a wall, begin to glance inside. Make a perception check."
LIAM,01:29:13,01:29:16,Neutral,"{'Angry': 0.0007783622131682932, 'Disgusted': 0.00431972136721015, 'Fearful': 0.00044331917888484895, 'Happy': 0.02768329530954361, 'Neutral': 0.9519665241241455, 'Other': 0.0005423364927992225, 'Sad': 0.0009936532005667686, 'Surprised': 0.0002019233797909692, 'Unknown': 0.01307093445211649}",And that is 19.
MATT,01:29:16,01:29:40,Happy,"{'Angry': 2.822420519521529e-09, 'Disgusted': 1.3812989863026814e-08, 'Fearful': 6.9599965790700935e-09, 'Happy': 0.9999998807907104, 'Neutral': 2.0163477998380586e-08, 'Other': 1.3556238798173581e-08, 'Sad': 3.249219915346657e-08, 'Surprised': 5.818256543221878e-09, 'Unknown': 8.683840313494784e-09}","19. It's pitch-black in the cavern. You have no light source, unfortunately. You have darkvision, which does help you to a certain extent. You cannot see the entirety of the cavern, but you can see about, let's say, 40 to 60 feet in. The beach gravel comes to a halt and comes to this smooth stone flooring. You don't see anything that particularly catches your attention."
LIAM,01:29:40,01:29:42,Neutral,"{'Angry': 0.0025676812510937452, 'Disgusted': 5.046018850407563e-05, 'Fearful': 1.931108272401616e-05, 'Happy': 0.002200934337452054, 'Neutral': 0.9949348568916321, 'Other': 3.57121170964092e-05, 'Sad': 0.00016269217303488404, 'Surprised': 1.3379622942011338e-05, 'Unknown': 1.4935474609956145e-05}","Manufactured or made, or just paved floor?"
MATT,01:29:42,01:29:50,Neutral,"{'Angry': 0.0013927557738497853, 'Disgusted': 9.63593993219547e-05, 'Fearful': 0.0012056195409968495, 'Happy': 0.00020524603314697742, 'Neutral': 0.9542853236198425, 'Other': 2.222984767286107e-05, 'Sad': 0.042704418301582336, 'Surprised': 8.28567790449597e-05, 'Unknown': 5.216223598836223e-06}","It looks like it has some natural change in the topography. It's not a polished floor, but it's definitely been worn over time."
ORION,01:29:50,01:29:55,Fearful,"{'Angry': 0.016259239986538887, 'Disgusted': 0.24732206761837006, 'Fearful': 0.641684889793396, 'Happy': 0.0004933460149914026, 'Neutral': 0.0907367467880249, 'Other': 4.747537604998797e-05, 'Sad': 0.0027210814878344536, 'Surprised': 0.0006963771884329617, 'Unknown': 3.874369213008322e-05}",Could be a tide cave.
TRAVIS,01:29:55,01:29:57,Sad,"{'Angry': 1.306019271396508e-06, 'Disgusted': 1.2137837757109082e-06, 'Fearful': 9.696084362076363e-07, 'Happy': 1.1220270152989542e-06, 'Neutral': 1.1361569704604335e-05, 'Other': 4.824331156783046e-08, 'Sad': 0.9999837875366211, 'Surprised': 1.0404855288470571e-07, 'Unknown': 5.872484010183143e-08}",We have firewood bundles and stuff.
MARISHA,01:29:57,01:30:00,Sad,"{'Angry': 0.0031487680971622467, 'Disgusted': 0.00032739131711423397, 'Fearful': 0.0007719689165242016, 'Happy': 0.1823223978281021, 'Neutral': 0.15617987513542175, 'Other': 7.963541429489851e-05, 'Sad': 0.6564527153968811, 'Surprised': 0.0006501974421553314, 'Unknown': 6.70273948344402e-05}",I'm wet. That was a really cold lake.
ORION,01:30:00,01:30:03,Neutral,"{'Angry': 0.0007029090193100274, 'Disgusted': 0.001559169963002205, 'Fearful': 0.0004597597580868751, 'Happy': 0.001642023678869009, 'Neutral': 0.9691253900527954, 'Other': 0.0003913654654752463, 'Sad': 0.0233652014285326, 'Surprised': 7.356161950156093e-05, 'Unknown': 0.0026807538233697414}",Prestidigitation! Now you're all dry.
LIAM,01:30:03,01:30:06,Neutral,"{'Angry': 3.880508643305802e-07, 'Disgusted': 5.708489538847061e-07, 'Fearful': 2.835982968463213e-07, 'Happy': 9.670109193393728e-07, 'Neutral': 0.9999860525131226, 'Other': 1.9980328147539694e-07, 'Sad': 9.689241778687574e-06, 'Surprised': 2.057057102433646e-08, 'Unknown': 1.7600733599465457e-06}","It's very hard to know, though. It's dark in there."
LAURA,01:30:06,01:30:09,Sad,"{'Angry': 0.012151188217103481, 'Disgusted': 0.014334779232740402, 'Fearful': 0.0008650600793771446, 'Happy': 0.09005080163478851, 'Neutral': 0.3762775957584381, 'Other': 0.03032054379582405, 'Sad': 0.4657996892929077, 'Surprised': 0.005070430226624012, 'Unknown': 0.005129964556545019}","Should we just light it up, see what's in there?"
TALIESIN,01:30:09,01:30:11,Neutral,"{'Angry': 0.00494032446295023, 'Disgusted': 0.03143896162509918, 'Fearful': 0.000912074523512274, 'Happy': 0.1441534161567688, 'Neutral': 0.7850661277770996, 'Other': 0.00017495028441771865, 'Sad': 0.027820708230137825, 'Surprised': 0.005426637828350067, 'Unknown': 6.683164974674582e-05}",Let's light it up. See what happens.
LAURA,01:30:11,01:30:13,Neutral,"{'Angry': 0.019947845488786697, 'Disgusted': 0.025982193648815155, 'Fearful': 0.0020270776003599167, 'Happy': 0.16901251673698425, 'Neutral': 0.6832435131072998, 'Other': 0.0008120215497910976, 'Sad': 0.08813244849443436, 'Surprised': 0.010485860519111156, 'Unknown': 0.0003564731450751424}","Hey, Tiberius?"
ORION,01:30:13,01:30:15,Neutral,"{'Angry': 0.006515492219477892, 'Disgusted': 0.0019568651914596558, 'Fearful': 0.003115279134362936, 'Happy': 0.0027993882540613413, 'Neutral': 0.8863499164581299, 'Other': 3.046028723474592e-05, 'Sad': 0.09889254719018936, 'Surprised': 0.0001229316258104518, 'Unknown': 0.00021716576884500682}","Yes? Oh, Light!"
LAURA,01:30:15,01:30:17,Sad,"{'Angry': 0.00025246405857615173, 'Disgusted': 8.501673437422141e-05, 'Fearful': 6.857879634480923e-05, 'Happy': 0.0024786789435893297, 'Neutral': 0.03375251591205597, 'Other': 9.127712473855354e-06, 'Sad': 0.9633291959762573, 'Surprised': 1.5986546713975258e-05, 'Unknown': 8.423916369793005e-06}",I shoot the arrow.
MATT,01:30:17,01:30:24,Neutral,"{'Angry': 2.3137679272533518e-10, 'Disgusted': 1.6803973490464585e-10, 'Fearful': 1.0338380845853479e-10, 'Happy': 6.579241040860495e-10, 'Neutral': 1.0, 'Other': 1.4144177148955883e-11, 'Sad': 5.073148567902308e-09, 'Surprised': 2.330950155116085e-10, 'Unknown': 8.928876735203595e-12}","Okay. So as you cast Light on the arrow, it's blinding. You know at this point to close that one eye as you release it in the distance."
LAURA,01:30:24,01:30:25,Neutral,"{'Angry': 0.003410800825804472, 'Disgusted': 0.028067173436284065, 'Fearful': 0.00268210144713521, 'Happy': 0.08957960456609726, 'Neutral': 0.7408861517906189, 'Other': 0.00026311507099308074, 'Sad': 0.02983064576983452, 'Surprised': 0.10521191358566284, 'Unknown': 6.8484696384985e-05}","Oh wait, wrong eye."
MATT,01:30:25,01:30:27,Neutral,"{'Angry': 0.0009742667898535728, 'Disgusted': 0.0007578218355774879, 'Fearful': 0.0339861661195755, 'Happy': 0.0017873513279482722, 'Neutral': 0.9495372176170349, 'Other': 4.5562719606095925e-05, 'Sad': 0.012722896412014961, 'Surprised': 4.096160046174191e-05, 'Unknown': 0.00014765602827537805}",There you go. That's the one.
LAURA,01:30:27,01:30:28,Neutral,"{'Angry': 8.54785175761208e-05, 'Disgusted': 2.3972392227733508e-05, 'Fearful': 8.5213305283105e-06, 'Happy': 0.002680247649550438, 'Neutral': 0.9965510368347168, 'Other': 5.284146027406678e-06, 'Sad': 0.0006179263000376523, 'Surprised': 2.6535755750956014e-05, 'Unknown': 1.050757191478624e-06}","Right, right."
MATT,01:30:28,01:30:52,Neutral,"{'Angry': 1.3674990384515695e-07, 'Disgusted': 2.382665797995287e-06, 'Fearful': 1.0206981215787891e-07, 'Happy': 4.7563278826601163e-07, 'Neutral': 0.9999406337738037, 'Other': 7.367826810877887e-07, 'Sad': 5.503049032995477e-05, 'Surprised': 2.225652728782279e-08, 'Unknown': 5.019612672185758e-07}","You fire the arrow into the depth of this cavern. Before the Light spell wears off, it arcs inward and it hits the back wall and ricochets off. Looking inside, it all looks like a natural cavern interior. The light is the same glowing white light that you're used to. Once it enters the deep part of the cave, the light almost gets a purplish hue before it's snuffed out."
LAURA,01:30:52,01:30:56,Sad,"{'Angry': 0.0005127071053721011, 'Disgusted': 0.0018728927243500948, 'Fearful': 0.0004635743098333478, 'Happy': 0.0011363537050783634, 'Neutral': 0.07440018653869629, 'Other': 0.0012423077132552862, 'Sad': 0.9105362892150879, 'Surprised': 4.021865242975764e-05, 'Unknown': 0.009795499965548515}",This doesn't seem very good.
ASHLEY,01:30:56,01:30:59,Neutral,"{'Angry': 3.37501592184708e-06, 'Disgusted': 3.799463456743979e-06, 'Fearful': 2.9843608899682295e-06, 'Happy': 3.88835760531947e-05, 'Neutral': 0.9998123049736023, 'Other': 6.490278110504732e-07, 'Sad': 0.0001092452002922073, 'Surprised': 2.849238990165759e-05, 'Unknown': 1.8645178556653264e-07}","Wait, the light gets a purplish hue?"
MATT,01:30:59,01:31:03,Neutral,"{'Angry': 0.008740631863474846, 'Disgusted': 0.0030251338612288237, 'Fearful': 0.0005609143408946693, 'Happy': 0.003648030571639538, 'Neutral': 0.6711358428001404, 'Other': 6.586295057786629e-05, 'Sad': 0.31209567189216614, 'Surprised': 7.443930371664464e-05, 'Unknown': 0.0006534528802148998}",The white light becomes purple and then (ffft) is snuffed.
ORION,01:31:03,01:31:10,Sad,"{'Angry': 0.0002090498455800116, 'Disgusted': 9.917199349729344e-05, 'Fearful': 2.8757032850990072e-05, 'Happy': 4.5474618673324585e-05, 'Neutral': 0.04015422239899635, 'Other': 2.2540536974702263e-06, 'Sad': 0.9594477415084839, 'Surprised': 1.0210213076788932e-05, 'Unknown': 3.09512097373954e-06}",I want to do an arcana check. 18. Check for any nasty magic.
MATT,01:31:10,01:31:20,Sad,"{'Angry': 1.1841650120913982e-05, 'Disgusted': 6.941720494069159e-05, 'Fearful': 4.458005787455477e-05, 'Happy': 7.140223897295073e-05, 'Neutral': 0.006610492710024118, 'Other': 7.364223711192608e-05, 'Sad': 0.9930062294006348, 'Surprised': 3.1001875413494417e-06, 'Unknown': 0.00010922838555416092}","At this distance, it's hard to make out any sort of source. You don't sense anything directly, at your distance. You'd probably have to get deeper in the cave to make a true assessment of the magical source."
LAURA,01:31:20,01:31:24,Sad,"{'Angry': 5.939304901403375e-05, 'Disgusted': 8.46334733068943e-05, 'Fearful': 0.00027641691849566996, 'Happy': 0.0010334867984056473, 'Neutral': 0.012812203727662563, 'Other': 9.119070455199108e-05, 'Sad': 0.9855009913444519, 'Surprised': 0.00010701816790970042, 'Unknown': 3.46301167155616e-05}","Oh, you didn't add ten to your stealth. Pass Without a Trace."
MATT,01:31:24,01:31:26,Disgusted,"{'Angry': 0.008864241652190685, 'Disgusted': 0.7535322904586792, 'Fearful': 0.0015342362457886338, 'Happy': 0.0043663824908435345, 'Neutral': 0.20515578985214233, 'Other': 0.00011942849960178137, 'Sad': 0.02511734887957573, 'Surprised': 0.0011995118111371994, 'Unknown': 0.00011069088941439986}","You have Pass Without a Trace now, too?"
LAURA,01:31:26,01:31:28,Neutral,"{'Angry': 0.0032335056457668543, 'Disgusted': 0.009238488040864468, 'Fearful': 0.001711461809463799, 'Happy': 0.012775293551385403, 'Neutral': 0.5481662750244141, 'Other': 7.468744297511876e-05, 'Sad': 0.4239703416824341, 'Surprised': 0.0007392175029963255, 'Unknown': 9.069083171198145e-05}","Well, I already-- yeah."
LIAM,01:31:28,01:31:29,Neutral,"{'Angry': 0.0014764952939003706, 'Disgusted': 2.0305420548538677e-05, 'Fearful': 4.208891823509475e-06, 'Happy': 0.00045773290912620723, 'Neutral': 0.9957024455070496, 'Other': 1.4397402310351026e-06, 'Sad': 0.0003974793362431228, 'Surprised': 0.0019397783325985074, 'Unknown': 9.370422304755266e-08}",So my stealth was at a 41.
MATT,01:31:29,01:31:33,Happy,"{'Angry': 9.065757211601522e-08, 'Disgusted': 6.470572770922445e-07, 'Fearful': 6.258230769162765e-07, 'Happy': 0.9999929666519165, 'Neutral': 3.4666220471990528e-06, 'Other': 1.44292386039524e-07, 'Sad': 1.0265811170029338e-06, 'Surprised': 7.767886813780933e-07, 'Unknown': 1.3700586976028717e-07}",Okay. Good to know. (laughs)
SAM,01:31:33,01:31:36,Sad,"{'Angry': 5.213837539486121e-06, 'Disgusted': 1.2274184882699046e-05, 'Fearful': 0.0001713907695375383, 'Happy': 3.027030652447138e-05, 'Neutral': 0.000635905540548265, 'Other': 0.00010150027083000168, 'Sad': 0.9979428648948669, 'Surprised': 0.001099580666050315, 'Unknown': 9.635050446377136e-07}",What do we do? We've got to get-- someone's going in.
TRAVIS,01:31:36,01:31:38,Disgusted,"{'Angry': 0.00044913854799233377, 'Disgusted': 0.9870425462722778, 'Fearful': 0.0003010310756508261, 'Happy': 0.003221862716600299, 'Neutral': 0.0021908781491219997, 'Other': 6.956201104912907e-06, 'Sad': 0.00026627560146152973, 'Surprised': 0.006517453584820032, 'Unknown': 3.870173259201692e-06}",Want me to go in?
OTHERS,01:31:38,01:31:40,Happy,"{'Angry': 0.00039516124525107443, 'Disgusted': 0.055231183767318726, 'Fearful': 0.000886781548615545, 'Happy': 0.9352735877037048, 'Neutral': 0.005856706295162439, 'Other': 0.00013086554827168584, 'Sad': 0.001433507539331913, 'Surprised': 0.0001678488915786147, 'Unknown': 0.0006244579562917352}",No!
LIAM,01:31:40,01:31:46,Neutral,"{'Angry': 0.0027719547506421804, 'Disgusted': 0.00030809221789240837, 'Fearful': 0.00010525342804612592, 'Happy': 0.07206057012081146, 'Neutral': 0.9238175749778748, 'Other': 0.00017624060274101794, 'Sad': 0.0004026018432341516, 'Surprised': 5.6101122027030215e-05, 'Unknown': 0.00030162587063387036}","No, if anyone's going in, send me. I'm at a 41 stealth, and if we stay on the beach, we're in view of the main island."
LAURA,01:31:46,01:31:48,Neutral,"{'Angry': 3.842207385584828e-10, 'Disgusted': 6.986364958772029e-11, 'Fearful': 1.934773695422276e-11, 'Happy': 3.21702264827195e-09, 'Neutral': 1.0, 'Other': 6.7655130629729054e-12, 'Sad': 1.004054839270907e-09, 'Surprised': 1.9448236077135306e-10, 'Unknown': 1.2894052145440149e-11}",We've got to try to hide a little bit.
ASHLEY,01:31:48,01:31:52,Neutral,"{'Angry': 3.5175140578047603e-09, 'Disgusted': 9.938252443220108e-10, 'Fearful': 1.7850280975562072e-10, 'Happy': 5.353453147449727e-08, 'Neutral': 1.0, 'Other': 1.0665497651718425e-10, 'Sad': 1.0144463935546355e-08, 'Surprised': 5.835592564729097e-10, 'Unknown': 3.744393684002034e-10}","So the arrow's not still lit? It just went through? Can you Light, Tiberius?"
LAURA,01:31:52,01:31:54,Neutral,"{'Angry': 8.635382982902229e-06, 'Disgusted': 0.001236054813489318, 'Fearful': 4.900650674244389e-05, 'Happy': 3.176130121573806e-05, 'Neutral': 0.998417854309082, 'Other': 3.4424801924615167e-06, 'Sad': 0.00024319614749401808, 'Surprised': 8.983145562524442e-06, 'Unknown': 1.1743553613996482e-06}",Just get some light in there. Can you put Daylight in there?
LIAM,01:31:54,01:31:58,Neutral,"{'Angry': 1.1945660844503436e-05, 'Disgusted': 1.2292389328649733e-05, 'Fearful': 3.458545734247309e-06, 'Happy': 8.32059231470339e-05, 'Neutral': 0.9997556805610657, 'Other': 1.0012588973040693e-05, 'Sad': 5.871769826626405e-05, 'Surprised': 6.929741402927903e-07, 'Unknown': 6.396184471668676e-05}","Tiberius, my dagger. Do the dagger."
ORION,01:31:58,01:32:01,Neutral,"{'Angry': 5.72075332456734e-05, 'Disgusted': 0.00020592012151610106, 'Fearful': 2.3930873794597574e-05, 'Happy': 0.0034040831960737705, 'Neutral': 0.9955169558525085, 'Other': 6.63417813484557e-05, 'Sad': 0.00013251983909867704, 'Surprised': 1.660801535763312e-05, 'Unknown': 0.0005765669047832489}","Well, sure, but it means that thing will be bright the whole time."
LIAM,01:32:01,01:32:02,Neutral,"{'Angry': 4.95342783324304e-06, 'Disgusted': 5.717011504202674e-07, 'Fearful': 1.811471292967326e-06, 'Happy': 8.784528290561866e-06, 'Neutral': 0.9999794960021973, 'Other': 4.86719535786051e-08, 'Sad': 1.1249054523432278e-06, 'Surprised': 3.123739134025527e-06, 'Unknown': 5.575157668857855e-09}",I would lose stealth.
ORION,01:32:02,01:32:04,Neutral,"{'Angry': 9.008561755763367e-05, 'Disgusted': 0.00016667334421072155, 'Fearful': 0.0008992214570753276, 'Happy': 0.0005829422734677792, 'Neutral': 0.9978038668632507, 'Other': 9.421625873073936e-05, 'Sad': 5.122600487084128e-05, 'Surprised': 0.00022123735107015818, 'Unknown': 9.062582103069872e-05}","Yes, you would."
MARISHA,01:32:04,01:32:06,Happy,"{'Angry': 6.880117143737152e-05, 'Disgusted': 0.0007055987953208387, 'Fearful': 0.00016537912597414106, 'Happy': 0.9981322884559631, 'Neutral': 0.0002939804398920387, 'Other': 0.0001513181923655793, 'Sad': 7.202836422948167e-05, 'Surprised': 0.0001730378862703219, 'Unknown': 0.00023756637529004365}","Pike, can you check--"
ASHLEY,01:32:06,01:32:07,Happy,"{'Angry': 0.007776895072311163, 'Disgusted': 0.005976472049951553, 'Fearful': 0.0025826783385127783, 'Happy': 0.7636669278144836, 'Neutral': 0.15178930759429932, 'Other': 0.0006005906034260988, 'Sad': 0.03502929210662842, 'Surprised': 0.03251137211918831, 'Unknown': 6.642963126068935e-05}",I have darkvision.
MATT,01:32:07,01:32:10,Sad,"{'Angry': 0.1958872675895691, 'Disgusted': 0.006214349064975977, 'Fearful': 0.006245710421353579, 'Happy': 0.1825793981552124, 'Neutral': 0.11576709151268005, 'Other': 0.07448073476552963, 'Sad': 0.3684200048446655, 'Surprised': 0.04611871391534805, 'Unknown': 0.004286763723939657}","Yes, as do a lot of you guys."
ASHLEY,01:32:10,01:32:11,Disgusted,"{'Angry': 0.16523416340351105, 'Disgusted': 0.3131672739982605, 'Fearful': 0.010404564440250397, 'Happy': 0.07476537674665451, 'Neutral': 0.18145079910755157, 'Other': 0.12432806938886642, 'Sad': 0.10735481232404709, 'Surprised': 0.022074641659855843, 'Unknown': 0.001220331876538694}","Oh, we all do."
LAURA,01:32:11,01:32:12,Neutral,"{'Angry': 0.005520045291632414, 'Disgusted': 0.006018637679517269, 'Fearful': 8.613977843197063e-05, 'Happy': 0.0024856687523424625, 'Neutral': 0.9673058390617371, 'Other': 0.000676353694871068, 'Sad': 0.016667354851961136, 'Surprised': 0.0011667778016999364, 'Unknown': 7.312031812034547e-05}",Can you see if it's evil?
SAM,01:32:12,01:32:18,Sad,"{'Angry': 0.0041305203922092915, 'Disgusted': 3.8604859582846984e-05, 'Fearful': 3.471749369055033e-05, 'Happy': 0.0005139900022186339, 'Neutral': 0.00031967172981239855, 'Other': 7.470159289368894e-06, 'Sad': 0.9948176741600037, 'Surprised': 0.00013654316717293113, 'Unknown': 7.86792099916056e-07}",Light a fire. Let's just light a fire and throw it in there.
TRAVIS,01:32:18,01:32:21,Sad,"{'Angry': 0.06252382695674896, 'Disgusted': 0.006313791498541832, 'Fearful': 0.0021275379694998264, 'Happy': 0.01854567602276802, 'Neutral': 0.019911371171474457, 'Other': 0.010854190215468407, 'Sad': 0.8705328702926636, 'Surprised': 0.008997567929327488, 'Unknown': 0.0001932334271259606}",We have torches.
LIAM,01:32:21,01:32:22,Disgusted,"{'Angry': 0.045072756707668304, 'Disgusted': 0.4393557608127594, 'Fearful': 0.001864094752818346, 'Happy': 0.015915146097540855, 'Neutral': 0.2584986090660095, 'Other': 0.16324710845947266, 'Sad': 0.06545792520046234, 'Surprised': 0.008221792988479137, 'Unknown': 0.0023667558562010527}","Yeah, throw a torch in."
SAM,01:32:22,01:32:24,Sad,"{'Angry': 0.11885140836238861, 'Disgusted': 0.031530383974313736, 'Fearful': 0.010144156403839588, 'Happy': 0.01541230734437704, 'Neutral': 0.02434605360031128, 'Other': 0.011099275201559067, 'Sad': 0.7762326002120972, 'Surprised': 0.011911582201719284, 'Unknown': 0.000472220970550552}","Yeah, let's just toss a torch."
TRAVIS,01:32:24,01:32:30,Sad,"{'Angry': 0.019636357203125954, 'Disgusted': 0.00022387267381418496, 'Fearful': 0.00014553092478308827, 'Happy': 0.0007245676824823022, 'Neutral': 0.002407652325928211, 'Other': 5.028512896387838e-05, 'Sad': 0.9765530228614807, 'Surprised': 0.00024924316676333547, 'Unknown': 9.436913387617096e-06}","I pull one of the three torches we have and, ""Tiberius, will you?"""
ORION,01:32:30,01:32:31,Neutral,"{'Angry': 0.012595274485647678, 'Disgusted': 0.07392512261867523, 'Fearful': 0.0003371635975781828, 'Happy': 0.012620802037417889, 'Neutral': 0.8593032956123352, 'Other': 0.01561408769339323, 'Sad': 0.010327926836907864, 'Surprised': 0.01484381128102541, 'Unknown': 0.0004324782930780202}",(fire breath noise)
TRAVIS,01:32:31,01:32:33,Other,"{'Angry': 0.16469863057136536, 'Disgusted': 0.15889272093772888, 'Fearful': 0.0016803387552499771, 'Happy': 0.026339765638113022, 'Neutral': 0.16135479509830475, 'Other': 0.36465153098106384, 'Sad': 0.11557092517614365, 'Surprised': 0.0028775997925549746, 'Unknown': 0.003933703526854515}",I give it a nice long throw.
MATT,01:32:33,01:32:51,Sad,"{'Angry': 3.099141031270847e-05, 'Disgusted': 5.494828769769811e-07, 'Fearful': 5.055974838796828e-07, 'Happy': 4.63257811134099e-06, 'Neutral': 2.255933577544056e-05, 'Other': 4.0670980183676875e-07, 'Sad': 0.9999382495880127, 'Surprised': 2.0623822365450906e-06, 'Unknown': 3.388765179579423e-08}","All right. Tiberius's flame breath (fsssh) coalesces and begins to ignite the tip of the torch as Grog lobs it in, end over end. You see it hits the far end of the cavern, topples, and hits the ground. The fire itself, the bright red burning, as it comes to rest, takes on once again a strange purplish hue."
LIAM,01:32:51,01:32:55,Sad,"{'Angry': 0.019237829372286797, 'Disgusted': 0.0004377385484986007, 'Fearful': 0.0005196469719521701, 'Happy': 0.005327877122908831, 'Neutral': 0.01692458800971508, 'Other': 0.003209095448255539, 'Sad': 0.9478703737258911, 'Surprised': 0.006185351405292749, 'Unknown': 0.00028750469209626317}",Do the half-elves and the gnomes see anything when there's light going through?
MATT,01:32:55,01:33:07,Sad,"{'Angry': 0.009022057056427002, 'Disgusted': 3.16026053042151e-05, 'Fearful': 3.14389581035357e-05, 'Happy': 0.00028211236349307, 'Neutral': 0.0030353376641869545, 'Other': 1.3606844731839374e-05, 'Sad': 0.9875444173812866, 'Surprised': 3.5571025364333764e-05, 'Unknown': 3.7927411540294997e-06}","You see nothing in particular. You catch what looks almost like small whiffs of almost a mist or a fog, but it's like, (ffft) then vanish, (shh)."
LAURA,01:33:07,01:33:09,Fearful,"{'Angry': 1.2626760792500136e-07, 'Disgusted': 2.472243210149827e-08, 'Fearful': 0.9999996423721313, 'Happy': 6.58312444556941e-08, 'Neutral': 7.205789742670277e-09, 'Other': 7.192514317466703e-08, 'Sad': 3.584607100037829e-08, 'Surprised': 4.2358170304623854e-08, 'Unknown': 6.352283143939985e-10}",I don't think we should go in there.
MATT,01:33:09,01:33:17,Neutral,"{'Angry': 2.3000504370429553e-05, 'Disgusted': 7.26238577044569e-05, 'Fearful': 0.00011325877130730078, 'Happy': 0.0006380258128046989, 'Neutral': 0.998375415802002, 'Other': 7.526292029069737e-05, 'Sad': 0.00033107036142610013, 'Surprised': 2.6682462248572847e-06, 'Unknown': 0.00036865664878860116}",Almost like there's this perpetually materializing and dematerializing tufts of small clouds of smoke.
LIAM,01:33:17,01:33:29,Neutral,"{'Angry': 8.468577808408081e-14, 'Disgusted': 3.1815961455981595e-15, 'Fearful': 5.247003295886295e-16, 'Happy': 1.1296515209802821e-13, 'Neutral': 1.0, 'Other': 6.3036260756092e-16, 'Sad': 2.737159999523231e-13, 'Surprised': 4.197410444933304e-14, 'Unknown': 2.2700489339162353e-15}","Forget this. Forget this cave. Keyleth, can you do that thing you do where you make the beach look like an empty beach, or something other than it is? Can we camp on the beach instead of going in there?"
MARISHA,01:33:29,01:33:31,Neutral,"{'Angry': 0.0002434946654830128, 'Disgusted': 1.4910777281329501e-05, 'Fearful': 1.5949212865962181e-06, 'Happy': 7.194531644927338e-05, 'Neutral': 0.9996261596679688, 'Other': 1.1209841659365338e-06, 'Sad': 3.8181966374395415e-05, 'Surprised': 1.2373186564218486e-06, 'Unknown': 1.2815405625588028e-06}",I can.
ORION,01:33:31,01:33:35,Neutral,"{'Angry': 4.129462071768286e-13, 'Disgusted': 1.376665793216764e-14, 'Fearful': 3.352061949749561e-15, 'Happy': 4.855071423018331e-13, 'Neutral': 1.0, 'Other': 1.700324197439389e-15, 'Sad': 1.5056706966290467e-12, 'Surprised': 1.440086656694095e-13, 'Unknown': 9.387400186073973e-15}",Let's do that. I agree. I'm tired.
MARISHA,01:33:35,01:33:41,Neutral,"{'Angry': 7.3655342021083925e-06, 'Disgusted': 2.056265111605171e-05, 'Fearful': 1.0897479114646558e-05, 'Happy': 0.004736530128866434, 'Neutral': 0.9943729639053345, 'Other': 2.456178299325984e-05, 'Sad': 0.00015038771380204707, 'Surprised': 1.8644196586592443e-07, 'Unknown': 0.0006765060243196785}",What if this is a clue or something important?
SAM,01:33:41,01:33:45,Neutral,"{'Angry': 1.2409169357852079e-05, 'Disgusted': 3.580279371817596e-05, 'Fearful': 1.9640778191387653e-05, 'Happy': 7.507282862206921e-05, 'Neutral': 0.9991672039031982, 'Other': 1.8753784388536587e-05, 'Sad': 9.153068094747141e-05, 'Surprised': 1.2818276218240499e-07, 'Unknown': 0.000579591142013669}","Yeah, we've never shied away from a confrontation before."
ORION,01:33:45,01:33:47,Neutral,"{'Angry': 2.954352040784869e-10, 'Disgusted': 1.5693017718643176e-10, 'Fearful': 6.554537468339561e-11, 'Happy': 1.2203851262881926e-09, 'Neutral': 1.0, 'Other': 3.133770326568808e-11, 'Sad': 3.0640596726527747e-09, 'Surprised': 7.454954709107398e-11, 'Unknown': 1.1176153058567451e-10}","Pike, can you sense if there's any nasties down there?"
ASHLEY,01:33:47,01:33:51,Neutral,"{'Angry': 5.878077580234731e-09, 'Disgusted': 5.963985305612596e-09, 'Fearful': 4.542755061009984e-09, 'Happy': 6.351563541784344e-08, 'Neutral': 0.9999997615814209, 'Other': 1.5186166768543785e-09, 'Sad': 1.472135551239262e-07, 'Surprised': 6.759288684321518e-10, 'Unknown': 1.79603638628123e-08}",Can I use Dispel Magic?
MATT,01:33:51,01:33:52,Neutral,"{'Angry': 1.5425068340846337e-05, 'Disgusted': 2.106706415361259e-05, 'Fearful': 1.1378678209439386e-05, 'Happy': 1.3375036360230297e-05, 'Neutral': 0.9943073391914368, 'Other': 3.002600692525448e-07, 'Sad': 0.005628019571304321, 'Surprised': 2.8987126370338956e-06, 'Unknown': 1.3886815963815025e-07}","You can attempt to, yeah."
ASHLEY,01:33:52,01:33:54,Disgusted,"{'Angry': 0.07783665508031845, 'Disgusted': 0.5258899331092834, 'Fearful': 0.00016094930469989777, 'Happy': 0.002640661085024476, 'Neutral': 0.37962478399276733, 'Other': 0.00338313402608037, 'Sad': 0.005644151940941811, 'Surprised': 0.0035619852133095264, 'Unknown': 0.0012577840825542808}","Okay, I'll attempt."
MATT,01:33:54,01:34:23,Neutral,"{'Angry': 2.4958985989087523e-09, 'Disgusted': 2.3365009926834546e-09, 'Fearful': 7.201265139755719e-10, 'Happy': 1.3704263501779224e-08, 'Neutral': 0.9999995231628418, 'Other': 9.85947878895388e-10, 'Sad': 4.2201418182230555e-07, 'Surprised': 1.5802041619661367e-10, 'Unknown': 6.42472131051619e-10}","Okay. So Pike, as you step up to the mouth of the cave, looking where the torchlight is, you cast Dispel Magic. As you formulate your divine energy, grasping onto your symbol of Sarenrae around your neck, you can see this strange pulsing shimmer of divine energy that clears out the area. The purplish hue to the light vanishes and the light becomes a natural torchlight for a moment and all the wisps of smoke vanish... then slowly filter back into the space."
TRAVIS,01:34:23,01:34:29,Neutral,"{'Angry': 6.060293458176602e-07, 'Disgusted': 6.16501154127036e-07, 'Fearful': 4.2145413203797943e-07, 'Happy': 1.4691836440761108e-05, 'Neutral': 0.9999686479568481, 'Other': 5.342664053387125e-07, 'Sad': 4.299386091588531e-06, 'Surprised': 1.602401056288727e-08, 'Unknown': 1.0126626875717193e-05}",We don't need to go in there.
SAM,01:34:29,01:34:37,Happy,"{'Angry': 3.567123041392506e-09, 'Disgusted': 1.8201827600705656e-08, 'Fearful': 9.096223330118391e-09, 'Happy': 0.9999991655349731, 'Neutral': 3.250341080729413e-07, 'Other': 3.989370611634513e-08, 'Sad': 3.183913293014484e-07, 'Surprised': 1.2201607502149159e-09, 'Unknown': 2.3068116661306703e-07}",Indeed. If only we had someone who could go under the ground and be one with the earth and pop up in there and look around-- no?
LAURA,01:34:37,01:34:39,Neutral,"{'Angry': 1.1455068664456558e-11, 'Disgusted': 1.6833404245172878e-12, 'Fearful': 4.078084170269086e-13, 'Happy': 2.998391812614187e-11, 'Neutral': 1.0, 'Other': 1.705308257885646e-13, 'Sad': 5.3859319781857096e-11, 'Surprised': 4.892667434391873e-12, 'Unknown': 5.467873332928863e-13}",But she'll be popping up into the wisps.
SAM,01:34:39,01:34:43,Neutral,"{'Angry': 8.01230839897471e-07, 'Disgusted': 1.258024667549762e-06, 'Fearful': 5.1618798124764e-07, 'Happy': 4.075750894116936e-06, 'Neutral': 0.9999706745147705, 'Other': 8.652834821987199e-07, 'Sad': 1.0594816558295861e-05, 'Surprised': 1.3551578526005414e-08, 'Unknown': 1.118567342928145e-05}","Yeah, but she'll be fine!"
TRAVIS,01:34:43,01:34:44,Sad,"{'Angry': 0.0018729878356680274, 'Disgusted': 0.004729541949927807, 'Fearful': 7.340383308473974e-05, 'Happy': 0.0013372612884268165, 'Neutral': 0.08338163048028946, 'Other': 2.8571177608682774e-05, 'Sad': 0.9084094166755676, 'Surprised': 0.00016067601973190904, 'Unknown': 6.442105586756952e-06}",Wall it up!
LAURA,01:34:44,01:34:50,Happy,"{'Angry': 6.663800741080195e-05, 'Disgusted': 5.60919324925635e-05, 'Fearful': 2.3359905753750354e-05, 'Happy': 0.7771872878074646, 'Neutral': 0.2204945981502533, 'Other': 3.1989431590773165e-05, 'Sad': 0.001062156748957932, 'Surprised': 1.5449992361027398e-06, 'Unknown': 0.0010762843303382397}",I think just wall it up. Can we see anything sparkling? Can we look in and see if there's anything that looks useful?
TRAVIS,01:34:50,01:34:52,Neutral,"{'Angry': 7.120916620806383e-07, 'Disgusted': 5.287280941956851e-07, 'Fearful': 3.4372572343954744e-08, 'Happy': 1.3775955949313357e-06, 'Neutral': 0.9999099969863892, 'Other': 4.293766053820036e-08, 'Sad': 8.726037049200386e-05, 'Surprised': 2.9211490115699235e-08, 'Unknown': 3.636843359799968e-08}","Yeah, do I see any shapes and colors and sparkly things?"
ASHLEY,01:34:52,01:34:55,Neutral,"{'Angry': 0.08358737081289291, 'Disgusted': 0.14578531682491302, 'Fearful': 0.003110477700829506, 'Happy': 0.032084763050079346, 'Neutral': 0.6565683484077454, 'Other': 0.009716418571770191, 'Sad': 0.05042511597275734, 'Surprised': 0.006492096930742264, 'Unknown': 0.012230129912495613}",Should we check for traps?
MATT,01:34:55,01:35:02,Neutral,"{'Angry': 0.013462870381772518, 'Disgusted': 0.014613269828259945, 'Fearful': 0.0010502642253413796, 'Happy': 0.01489187404513359, 'Neutral': 0.9032214879989624, 'Other': 5.6606786529300734e-05, 'Sad': 0.05122848227620125, 'Surprised': 0.0014146672328934073, 'Unknown': 6.0612183006014675e-05}","It's hard to tell. You can't see the entire cavern from this distance, because the cavern opens up and then curves around. There's a whole portion you can't see without entering it."
LIAM,01:35:02,01:35:10,Neutral,"{'Angry': 1.9125184769208659e-10, 'Disgusted': 9.247418109037397e-11, 'Fearful': 1.5513465512206892e-11, 'Happy': 4.029618583256678e-10, 'Neutral': 1.0, 'Other': 1.8941265222949255e-11, 'Sad': 1.6295553795231399e-09, 'Surprised': 3.552896865599564e-11, 'Unknown': 4.5559750416757083e-11}","Here's what I think, all right? We don't need to whack every problem over the head, and we have something far more important than whatever's in there."
LAURA,01:35:10,01:35:12,Neutral,"{'Angry': 2.7727057840820635e-06, 'Disgusted': 8.074041033978574e-06, 'Fearful': 5.5601772146474104e-06, 'Happy': 5.0991047828574665e-06, 'Neutral': 0.9993780851364136, 'Other': 4.842278485739371e-06, 'Sad': 0.000592150550801307, 'Surprised': 5.314802820066689e-07, 'Unknown': 2.8603167265828233e-06}","Right, Lady Kima?"
ORION,01:35:12,01:35:16,Sad,"{'Angry': 5.432649777503684e-05, 'Disgusted': 0.0014041394460946321, 'Fearful': 0.001355367829091847, 'Happy': 0.00025235983775928617, 'Neutral': 0.0030134969856590033, 'Other': 0.00012171395792393014, 'Sad': 0.9640045762062073, 'Surprised': 1.251820691550165e-07, 'Unknown': 0.029793815687298775}",Right. I suggest we go and rest. I believe we can get some respite.
MATT,01:35:16,01:35:25,Surprised,"{'Angry': 0.0005078151007182896, 'Disgusted': 0.00021642501815222204, 'Fearful': 0.00023453671019524336, 'Happy': 0.15311655402183533, 'Neutral': 0.00028868461959064007, 'Other': 4.0264105336973444e-05, 'Sad': 0.0004762728640343994, 'Surprised': 0.8450548648834229, 'Unknown': 6.456916889874265e-05}","""I think we have a specific goal at this point in time, and who knows what dangers or terrors roam these tunnels aside from our specific directional choice at this moment."""
LIAM,01:35:25,01:35:32,Happy,"{'Angry': 0.015238073654472828, 'Disgusted': 0.004675386939197779, 'Fearful': 0.006312512792646885, 'Happy': 0.7112811803817749, 'Neutral': 0.21868301928043365, 'Other': 0.0009830067865550518, 'Sad': 0.03470384329557419, 'Surprised': 0.0008787732804194093, 'Unknown': 0.007244164124131203}","The only question is, do we want to try to rest here under some sort of illusion, or do we go to the island we can see?"
LAURA,01:35:32,01:35:35,Happy,"{'Angry': 6.401328960237151e-07, 'Disgusted': 1.9010533378605032e-06, 'Fearful': 1.1939541764149908e-06, 'Happy': 0.99998939037323, 'Neutral': 1.9494120806484716e-06, 'Other': 6.142714710222208e-07, 'Sad': 3.4385600429232e-06, 'Surprised': 5.909757874178467e-07, 'Unknown': 2.494918760476139e-07}","No, because the island's way over back here."
TALIESIN,01:35:35,01:35:39,Happy,"{'Angry': 8.868714189702587e-07, 'Disgusted': 2.175467443521484e-06, 'Fearful': 2.4381745333812432e-06, 'Happy': 0.9998971223831177, 'Neutral': 8.449901361018419e-05, 'Other': 3.016383516296628e-07, 'Sad': 5.3529738579527475e-06, 'Surprised': 1.24462565054273e-06, 'Unknown': 5.964775482425466e-06}",We rest here. We take shifts. We should be fine.
LIAM,01:35:39,01:35:47,Happy,"{'Angry': 0.007893849164247513, 'Disgusted': 0.017952555790543556, 'Fearful': 0.012883503921329975, 'Happy': 0.5291092395782471, 'Neutral': 0.059663016349077225, 'Other': 0.010418777354061604, 'Sad': 0.16658586263656616, 'Surprised': 0.0007429143297486007, 'Unknown': 0.1947503387928009}",We could sail there to the northwestern edge of the island. There's some sort of structure there.
LAURA,01:35:47,01:35:49,Happy,"{'Angry': 0.00025045135407708585, 'Disgusted': 0.0002550598292145878, 'Fearful': 0.00011102143616881222, 'Happy': 0.9978603720664978, 'Neutral': 0.000713222601916641, 'Other': 0.00013877243327442557, 'Sad': 0.00031003009644337, 'Surprised': 0.0001987997820833698, 'Unknown': 0.00016229774337261915}",I think we rest up before we do that.
MARISHA,01:35:49,01:35:52,Neutral,"{'Angry': 0.00662729749456048, 'Disgusted': 0.013123925775289536, 'Fearful': 0.053208403289318085, 'Happy': 0.01331652607768774, 'Neutral': 0.8250484466552734, 'Other': 0.0002626144851092249, 'Sad': 0.08510680496692657, 'Surprised': 0.0012309197336435318, 'Unknown': 0.0020751338452100754}","What if there's something in this cavern that could help us, though?"
LAURA,01:35:52,01:35:53,Angry,"{'Angry': 0.9779596328735352, 'Disgusted': 0.0013414372224360704, 'Fearful': 0.0010367005597800016, 'Happy': 0.01301769819110632, 'Neutral': 0.0023374150041490793, 'Other': 4.1113577026408166e-05, 'Sad': 0.0020379938650876284, 'Surprised': 0.002165142446756363, 'Unknown': 6.28617635811679e-05}",Can you wall it up?
TRAVIS,01:35:53,01:35:55,Neutral,"{'Angry': 0.11456474661827087, 'Disgusted': 0.031173937022686005, 'Fearful': 0.005571835674345493, 'Happy': 0.11446918547153473, 'Neutral': 0.6731995940208435, 'Other': 0.006645672954618931, 'Sad': 0.030921516939997673, 'Surprised': 0.019633708521723747, 'Unknown': 0.0038198321126401424}","Between you and Tiberius, with the columns and stuff?"
MARISHA,01:35:55,01:35:58,Happy,"{'Angry': 5.2721743486472405e-06, 'Disgusted': 1.5646386600565165e-05, 'Fearful': 5.020391654397827e-06, 'Happy': 0.9981610178947449, 'Neutral': 0.001770275761373341, 'Other': 1.7541606212034822e-06, 'Sad': 1.7927606677403674e-05, 'Surprised': 8.618279935035389e-06, 'Unknown': 1.4507711966871284e-05}",We could. How about this?
TRAVIS,01:35:58,01:36:00,Neutral,"{'Angry': 0.0006660036160610616, 'Disgusted': 0.0009554701973684132, 'Fearful': 0.00041701216832734644, 'Happy': 0.00920193549245596, 'Neutral': 0.9844191670417786, 'Other': 0.00015722017269581556, 'Sad': 0.0014868990983814, 'Surprised': 0.00010142652899958193, 'Unknown': 0.002594803925603628}","I don't need to rest, so I can just stand guard."
MARISHA,01:36:00,01:36:02,Neutral,"{'Angry': 5.335380592441652e-06, 'Disgusted': 5.319183401297778e-06, 'Fearful': 2.561374685683404e-06, 'Happy': 7.496120815631002e-05, 'Neutral': 0.9998875856399536, 'Other': 4.1492251057206886e-07, 'Sad': 2.0794268493773416e-05, 'Surprised': 2.507907765902928e-06, 'Unknown': 4.698832469784975e-07}",How about I do what Scanlan says?
SAM,01:36:02,01:36:04,Neutral,"{'Angry': 0.06288574635982513, 'Disgusted': 0.015522275120019913, 'Fearful': 0.0013797339051961899, 'Happy': 0.025733545422554016, 'Neutral': 0.8615689277648926, 'Other': 6.163811485748738e-05, 'Sad': 0.027063272893428802, 'Surprised': 0.005665109492838383, 'Unknown': 0.000119730771984905}",Oh. Hello.
TALIESIN,01:36:04,01:36:06,Neutral,"{'Angry': 0.014354091137647629, 'Disgusted': 0.004413364455103874, 'Fearful': 0.0013488928088918328, 'Happy': 0.017871379852294922, 'Neutral': 0.9529296159744263, 'Other': 8.889822493074462e-05, 'Sad': 0.006558921188116074, 'Surprised': 0.0021189353428781033, 'Unknown': 0.0003159262705594301}",That always works.
MARISHA,01:36:06,01:36:21,Neutral,"{'Angry': 0.018104545772075653, 'Disgusted': 0.004747577477246523, 'Fearful': 0.0017183684976771474, 'Happy': 0.1743793487548828, 'Neutral': 0.7714347839355469, 'Other': 0.0021712251473218203, 'Sad': 0.016819555312395096, 'Surprised': 0.0018556653521955013, 'Unknown': 0.008768929168581963}","Yes, I know. I think this is the first time I've said this, ever. Maybe I'll try what Scanlan says and I'll turn into a rock elemental and just bamf in there and see if there's anything good, and if it's bad, I'll just run out and make a rock wall."
SAM,01:36:21,01:36:23,Happy,"{'Angry': 0.00013994585606269538, 'Disgusted': 0.00012430647620931268, 'Fearful': 5.227110887062736e-05, 'Happy': 0.9989897608757019, 'Neutral': 0.00041763621265999973, 'Other': 2.5857301807263866e-05, 'Sad': 0.00015750734019093215, 'Surprised': 8.188824722310528e-05, 'Unknown': 1.0794788977364078e-05}",Oh. Okay.
LAURA,01:36:23,01:36:25,Happy,"{'Angry': 0.0053533404134213924, 'Disgusted': 0.0007291909423656762, 'Fearful': 0.0017567260656505823, 'Happy': 0.9849389791488647, 'Neutral': 0.0028352029621601105, 'Other': 8.559851994505152e-05, 'Sad': 0.0026104229036718607, 'Surprised': 0.0015668626874685287, 'Unknown': 0.00012376777885947376}",All right. We'll all be ready to attack on the outside.
TRAVIS,01:36:25,01:36:27,Happy,"{'Angry': 1.5770868344588962e-07, 'Disgusted': 7.177359861998411e-07, 'Fearful': 9.756132612892543e-08, 'Happy': 0.9999974966049194, 'Neutral': 1.289793885916879e-06, 'Other': 1.956369111155709e-08, 'Sad': 8.266319184713211e-08, 'Surprised': 7.916942479369027e-08, 'Unknown': 3.5809502918482394e-08}",Go for it.
TALIESIN,01:36:27,01:36:30,Happy,"{'Angry': 0.002955617615953088, 'Disgusted': 0.05249650776386261, 'Fearful': 0.006539807189255953, 'Happy': 0.7322333455085754, 'Neutral': 0.09183037281036377, 'Other': 0.04029279202222824, 'Sad': 0.007063412107527256, 'Surprised': 0.0029956854414194822, 'Unknown': 0.06359247863292694}","Yeah, let's go for it. This is a terrible plan. I think it's a great idea."
SAM,01:36:30,01:36:32,Happy,"{'Angry': 0.08571889251470566, 'Disgusted': 0.0535036064684391, 'Fearful': 0.02303232066333294, 'Happy': 0.45058512687683105, 'Neutral': 0.3153727054595947, 'Other': 0.00032534857746213675, 'Sad': 0.06016969308257103, 'Surprised': 0.009339123032987118, 'Unknown': 0.00195316132158041}","Yeah, let's send in one person."
ORION,01:36:32,01:36:36,Angry,"{'Angry': 0.2461049109697342, 'Disgusted': 0.032310228794813156, 'Fearful': 0.029582524672150612, 'Happy': 0.22750180959701538, 'Neutral': 0.2185722440481186, 'Other': 0.005370682571083307, 'Sad': 0.1905277818441391, 'Surprised': 0.021511411294341087, 'Unknown': 0.02851833961904049}",As soon as I see Her Royalty go in--
MATT,01:36:36,01:36:42,Happy,"{'Angry': 0.009859789162874222, 'Disgusted': 0.0026796956080943346, 'Fearful': 0.00252769747748971, 'Happy': 0.8803666830062866, 'Neutral': 0.05725463852286339, 'Other': 0.0017615477554500103, 'Sad': 0.04029880836606026, 'Surprised': 0.0016301770228892565, 'Unknown': 0.003620958188548684}",All right. You all gather yourself on the exterior of the cave. You get into defensive positions and prepare--
LIAM,01:36:42,01:36:48,Happy,"{'Angry': 0.00012199847697047517, 'Disgusted': 0.00017579375708010048, 'Fearful': 4.302358502172865e-05, 'Happy': 0.9683234095573425, 'Neutral': 0.030177410691976547, 'Other': 7.439609908033162e-05, 'Sad': 0.00034918682649731636, 'Surprised': 1.8347274817642756e-05, 'Unknown': 0.0007164445123635232}","Can I ask one quick question before we go? Regardless of what happens, if there is something shitty in here or not, are we camping here afterward?"
OTHERS,01:36:48,01:36:50,Neutral,"{'Angry': 1.7403225456291693e-06, 'Disgusted': 2.654986019479111e-06, 'Fearful': 9.064399932867673e-07, 'Happy': 2.8435195417841896e-05, 'Neutral': 0.9999600648880005, 'Other': 4.318220021559682e-07, 'Sad': 3.950541213271208e-06, 'Surprised': 1.154183905782702e-06, 'Unknown': 6.696404852846172e-07}",Yes.
LIAM,01:36:50,01:36:52,Neutral,"{'Angry': 0.04781276360154152, 'Disgusted': 0.01483983639627695, 'Fearful': 0.0012128889793530107, 'Happy': 0.051984623074531555, 'Neutral': 0.8469591736793518, 'Other': 0.00018329627346247435, 'Sad': 0.03336108848452568, 'Surprised': 0.0032457292545586824, 'Unknown': 0.0004005932714790106}",We're sure? Okay. Then I click my Boots of Haste.
MATT,01:36:52,01:36:54,Neutral,"{'Angry': 0.002722520846873522, 'Disgusted': 0.0035026001278311014, 'Fearful': 5.352427615434863e-05, 'Happy': 0.0004017192986793816, 'Neutral': 0.9923858642578125, 'Other': 8.102922583930194e-05, 'Sad': 0.0005894442438147962, 'Surprised': 0.00019306196190882474, 'Unknown': 7.017840835032985e-05}",All right.
MARISHA,01:36:54,01:37:06,Sad,"{'Angry': 0.1776995062828064, 'Disgusted': 0.007530607283115387, 'Fearful': 0.005126314237713814, 'Happy': 0.032432444393634796, 'Neutral': 0.1202578917145729, 'Other': 0.0018997743027284741, 'Sad': 0.6472135186195374, 'Surprised': 0.0012321078684180975, 'Unknown': 0.006607847288250923}","I'm going to go ahead and cast Enhance Ability on myself before I do that, and give myself... extra wisdom."
MATT,01:37:06,01:37:07,Angry,"{'Angry': 0.6097847819328308, 'Disgusted': 0.04871457815170288, 'Fearful': 0.23149073123931885, 'Happy': 0.0750986635684967, 'Neutral': 0.015972694382071495, 'Other': 6.208428385434672e-05, 'Sad': 0.017335660755634308, 'Surprised': 0.0013463610084727407, 'Unknown': 0.00019437128503341228}","All right, extra wisdom."
MARISHA,01:37:07,01:37:11,Angry,"{'Angry': 0.5559018850326538, 'Disgusted': 0.02750927396118641, 'Fearful': 0.017448529601097107, 'Happy': 0.1334681212902069, 'Neutral': 0.18506379425525665, 'Other': 0.0003560658369679004, 'Sad': 0.07186570763587952, 'Surprised': 0.005137149710208178, 'Unknown': 0.0032494468614459038}",I want to be a perceptive bastard while I'm in there.
MATT,01:37:11,01:37:14,Neutral,"{'Angry': 8.122254075715318e-05, 'Disgusted': 2.694717113627121e-05, 'Fearful': 2.329069684492424e-05, 'Happy': 0.016614770516753197, 'Neutral': 0.9830965995788574, 'Other': 3.861666300508659e-06, 'Sad': 0.0001142264372901991, 'Surprised': 3.4033015253953636e-05, 'Unknown': 5.027919542044401e-06}",So Keyleth transforms herself into her earth elemental form.
TALIESIN,01:37:14,01:37:15,Angry,"{'Angry': 0.5813111066818237, 'Disgusted': 0.0013091354630887508, 'Fearful': 0.0005425822455435991, 'Happy': 0.39356908202171326, 'Neutral': 0.017056770622730255, 'Other': 7.880634802859277e-05, 'Sad': 0.0054382323287427425, 'Surprised': 0.0006680874503217638, 'Unknown': 2.613822834973689e-05}",Rah. That's what rocks say.
"TALIESIN, MARISHA",01:37:15,01:37:17,Neutral,"{'Angry': 0.0015406766906380653, 'Disgusted': 0.0003424057213123888, 'Fearful': 0.00098237709607929, 'Happy': 0.005297771189361811, 'Neutral': 0.9870421886444092, 'Other': 1.4098041901888791e-05, 'Sad': 0.004547901917248964, 'Surprised': 0.00020085771393496543, 'Unknown': 3.178533734171651e-05}",Rah.
SAM,01:37:17,01:37:28,Happy,"{'Angry': 0.0007380357128567994, 'Disgusted': 0.003953780513256788, 'Fearful': 0.008625307120382786, 'Happy': 0.7276563048362732, 'Neutral': 0.15792523324489594, 'Other': 0.002163484925404191, 'Sad': 0.028079040348529816, 'Surprised': 0.0003296805080026388, 'Unknown': 0.07052913308143616}","I'm going to inspire her with a little dolphin dance or something. Whatever that is. I don't know, I'm just going to--"
MATT,01:37:28,01:37:42,Neutral,"{'Angry': 0.13413983583450317, 'Disgusted': 0.009096398949623108, 'Fearful': 0.001686188275925815, 'Happy': 0.2585431933403015, 'Neutral': 0.5139318704605103, 'Other': 0.0057305991649627686, 'Sad': 0.0599387101829052, 'Surprised': 0.0009727293509058654, 'Unknown': 0.015960369259119034}","It's hard to explain why, but his strange shimmy is slightly inspiring. You've learned something about yourself today that you hope nobody else wants to bring up in conversation. You get a d10 inspiration dice."
ORION,01:37:42,01:37:47,Happy,"{'Angry': 4.190048485952502e-08, 'Disgusted': 2.722240992625302e-07, 'Fearful': 1.8385857458724786e-07, 'Happy': 0.9999961853027344, 'Neutral': 1.948276576513308e-06, 'Other': 9.096218889226293e-08, 'Sad': 4.4557194200933736e-07, 'Surprised': 7.89178571380944e-08, 'Unknown': 7.134024144761497e-07}","As soon as I see Keyleth go off, I rub my ring and go invisible."
MATT,01:37:47,01:37:57,Neutral,"{'Angry': 0.00036770617589354515, 'Disgusted': 0.00024284595565404743, 'Fearful': 0.00013854455028194934, 'Happy': 0.10395961254835129, 'Neutral': 0.8910660147666931, 'Other': 0.0006276955828070641, 'Sad': 0.0023230952210724354, 'Surprised': 0.00010159613884752616, 'Unknown': 0.0011728852987289429}","Okay. So as you guys all mount into your defensive positions, Keyleth, are you going straight through? Are you going beneath, above?"
MARISHA,01:37:57,01:38:01,Neutral,"{'Angry': 1.3447746823658235e-05, 'Disgusted': 5.671469807566609e-06, 'Fearful': 5.122465609019855e-06, 'Happy': 7.464638656529132e-06, 'Neutral': 0.9998766183853149, 'Other': 1.1525437912496272e-05, 'Sad': 2.412700814602431e-05, 'Surprised': 3.7952221987325174e-07, 'Unknown': 5.569802306126803e-05}","Burrow beneath. I'll go, ""(deep voice) Bye-bye."""
MATT,01:38:01,01:38:10,Neutral,"{'Angry': 4.269372220733203e-05, 'Disgusted': 0.00017399371427018195, 'Fearful': 0.00012463370512705296, 'Happy': 0.0007217900711111724, 'Neutral': 0.9814496040344238, 'Other': 0.000692386704031378, 'Sad': 0.0005962994182482362, 'Surprised': 3.944989259707654e-07, 'Unknown': 0.016198111698031425}","This large earth elemental form takes a few lumbering steps forward, and begins to sink into the sand and gravel below, just (shifting sound)."
MARISHA,01:38:10,01:38:17,Neutral,"{'Angry': 1.4714559029016527e-06, 'Disgusted': 1.2935111044498626e-06, 'Fearful': 1.912793550218339e-07, 'Happy': 4.788379897036066e-07, 'Neutral': 0.9999934434890747, 'Other': 1.3091188577618595e-07, 'Sad': 2.4407358978351112e-06, 'Surprised': 3.5373318496567663e-07, 'Unknown': 2.108453855953485e-07}","""Oh yeah, wait, have you guys seen this one?"" (all laugh)"
MARISHA,01:38:17,01:38:18,Neutral,"{'Angry': 0.005610309075564146, 'Disgusted': 0.0034378718119114637, 'Fearful': 0.33471906185150146, 'Happy': 0.003397417487576604, 'Neutral': 0.5900716781616211, 'Other': 0.00021093734540045261, 'Sad': 0.05477185547351837, 'Surprised': 0.0077073886059224606, 'Unknown': 7.34697823645547e-05}",As I go into the ground.
MATT,01:38:18,01:38:22,Neutral,"{'Angry': 5.373049560830623e-09, 'Disgusted': 5.1714210691500284e-09, 'Fearful': 3.82058518155759e-09, 'Happy': 1.7905229299230996e-08, 'Neutral': 0.9999998807907104, 'Other': 1.035721397535383e-09, 'Sad': 6.184970402500767e-08, 'Surprised': 1.061225662901677e-09, 'Unknown': 8.840330245618588e-09}",The most awkward earth elemental exit ever.
MARISHA,01:38:22,01:38:25,Neutral,"{'Angry': 1.4138770154659142e-08, 'Disgusted': 1.0891805679591471e-08, 'Fearful': 7.0769772264611674e-09, 'Happy': 1.2218286826737312e-07, 'Neutral': 0.9999995231628418, 'Other': 1.2068961385836019e-09, 'Sad': 4.712892476277375e-08, 'Surprised': 3.8856046558066737e-07, 'Unknown': 1.0862132304723104e-09}","""I'll take the elevator."""
TRAVIS,01:38:25,01:38:30,Neutral,"{'Angry': 1.8587915928680587e-11, 'Disgusted': 3.809941077903556e-12, 'Fearful': 1.248380522220205e-12, 'Happy': 5.099822994458769e-11, 'Neutral': 1.0, 'Other': 4.933428340327117e-13, 'Sad': 2.709830138059033e-10, 'Surprised': 4.8944967002972906e-12, 'Unknown': 2.7930375026685716e-12}",I think it's the funniest thing I've ever seen. (all laugh)
MATT,01:38:30,01:39:06,Neutral,"{'Angry': 5.448484025061262e-11, 'Disgusted': 1.1528232361779356e-11, 'Fearful': 6.678777322854934e-12, 'Happy': 2.1282117734777728e-10, 'Neutral': 1.0, 'Other': 1.3953094322310955e-12, 'Sad': 3.670234394181904e-10, 'Surprised': 7.182293648710925e-11, 'Unknown': 9.374228823744168e-12}","Grog's loud laughter bellows, echoing through the cavern. You make your way underneath the ground, using your tremor sense to formulate where the top of this cavern would be, and you poke your head through the floor. Looking into this, you can see now, there are portions of this cavern where it looks like elements of the mithril veins that the subterranean Kraghammer mines were currently pulling from seem to now spread down into this cavern. There are small veins that trickle through the rock in this cavern of mithril. You also look up and... make a perception check."
MATT,01:39:06,01:39:11,Neutral,"{'Angry': 1.5321474222673714e-07, 'Disgusted': 1.406379794843815e-07, 'Fearful': 3.604587206496035e-08, 'Happy': 2.454913783367374e-07, 'Neutral': 0.9999980926513672, 'Other': 6.421362996889002e-08, 'Sad': 9.663386890679249e-07, 'Surprised': 9.284558899480544e-09, 'Unknown': 2.7086818477073393e-07}","This is wisdom, yep."
MARISHA,01:39:11,01:39:16,Neutral,"{'Angry': 0.0003530471585690975, 'Disgusted': 0.0018210203852504492, 'Fearful': 0.0005054173525422812, 'Happy': 0.0007983821560628712, 'Neutral': 0.983048677444458, 'Other': 0.0005413980688899755, 'Sad': 0.002184065990149975, 'Surprised': 5.759636223956477e-06, 'Unknown': 0.01074225828051567}",That's a 13. That's a 19! I'll take that one.
MATT,01:39:16,01:39:18,Neutral,"{'Angry': 8.902260262289019e-09, 'Disgusted': 7.438301530271474e-09, 'Fearful': 5.196761354575585e-10, 'Happy': 2.7359039478369596e-08, 'Neutral': 1.0, 'Other': 2.402527510270147e-09, 'Sad': 6.182927059228405e-09, 'Surprised': 7.840465499064919e-10, 'Unknown': 5.376412648416817e-09}","All right, total of?"
MARISHA,01:39:18,01:39:20,Neutral,"{'Angry': 5.479839693123267e-09, 'Disgusted': 6.785266792874722e-10, 'Fearful': 2.1708079778193223e-10, 'Happy': 6.626914128560202e-09, 'Neutral': 1.0, 'Other': 5.629702815035387e-10, 'Sad': 9.994543859193072e-09, 'Surprised': 5.282526638339391e-10, 'Unknown': 1.1018806977958207e-09}",29.
MATT,01:39:20,01:40:00,Neutral,"{'Angry': 6.080254572396471e-14, 'Disgusted': 2.3325229077321603e-15, 'Fearful': 3.5977041514312683e-16, 'Happy': 8.400719627311287e-14, 'Neutral': 1.0, 'Other': 5.031673756408859e-16, 'Sad': 1.9572872782171874e-13, 'Surprised': 3.3186144397833253e-14, 'Unknown': 1.6361030064115153e-15}","29. You take a moment and formulate your vision, the firelight still trickling through, although you have darkvision. You look about the room, and you can see there is a strange energy about the room. There's something about this room that feels similar to when you encountered the Frost Plane during the first Westruun winter's veil encounter. There's a type of energy that seems to be brought into being whenever you've caught a mind flayer shifting and bamfing out of any sort of combat you come into. There's something about this room that seems like it's crossing over or has a thin barrier with some other plane."
LIAM,01:40:00,01:40:02,Disgusted,"{'Angry': 0.007936320267617702, 'Disgusted': 0.688872754573822, 'Fearful': 0.005671548657119274, 'Happy': 0.0027017220854759216, 'Neutral': 0.19722938537597656, 'Other': 0.0003875930851791054, 'Sad': 0.09525599330663681, 'Surprised': 0.0003592065768316388, 'Unknown': 0.0015854818047955632}",It's a gate.
MATT,01:40:02,01:40:20,Neutral,"{'Angry': 6.9035055449973015e-12, 'Disgusted': 4.655071358765361e-13, 'Fearful': 1.211754221269734e-13, 'Happy': 1.354595862562702e-11, 'Neutral': 1.0, 'Other': 3.6731610862737046e-14, 'Sad': 1.9991773861360862e-11, 'Surprised': 1.984549677369607e-12, 'Unknown': 2.674115811597544e-13}","You don't see a particular doorway, but it feels like there is a very thin veil here, and as you focus more on the vicinity, you can see what looks like little bits of energy that leak through. That mist you were seeing seems to be elements where the actual reality of this room is warping temporarily, and shifting."
ASHLEY,01:40:20,01:40:22,Neutral,"{'Angry': 3.750664223645117e-09, 'Disgusted': 2.9106586030280823e-09, 'Fearful': 1.3530865317079588e-09, 'Happy': 9.715631854589901e-09, 'Neutral': 0.9999998807907104, 'Other': 4.5913944868303247e-10, 'Sad': 7.892641917806031e-08, 'Surprised': 5.773834743649786e-10, 'Unknown': 2.6051445445318677e-09}",It's like Stargate.
MARISHA,01:40:22,01:40:30,Neutral,"{'Angry': 1.1412041089897684e-07, 'Disgusted': 4.662964414592352e-08, 'Fearful': 4.78880624044109e-09, 'Happy': 7.464112172783643e-08, 'Neutral': 0.9999997615814209, 'Other': 6.754420578403142e-09, 'Sad': 4.138815512533256e-08, 'Surprised': 2.074381111327739e-09, 'Unknown': 1.0570664343845237e-08}",Can I take a piece of rock and toss it up?
MATT,01:40:30,01:41:06,Neutral,"{'Angry': 4.2608111998484674e-14, 'Disgusted': 1.6252047628747862e-15, 'Fearful': 2.5131067851363105e-16, 'Happy': 5.679713698057004e-14, 'Neutral': 1.0, 'Other': 4.0435105617632114e-16, 'Sad': 1.2561808960653148e-13, 'Surprised': 2.7672374957351913e-14, 'Unknown': 1.1373579368486849e-15}","You take it and you throw it up. It arcs across, hits the other side of the room, and clatters to the ground. As it clatters to the ground, you suddenly see, lightning-quick, five of these large, fast-moving, slithering weird creatures that were up against the wall and now visible at this point strike at the rock and seem to start fighting each other for whatever that movement was. They're large, bluish and purple in color when it shifts in its form, with these sharp beaks and what looks like four tentacles that wrap out from the face."
SAM,01:41:06,01:41:09,Neutral,"{'Angry': 9.474698803302317e-11, 'Disgusted': 1.6990568674213335e-11, 'Fearful': 2.3870122458496956e-12, 'Happy': 9.451504856539117e-11, 'Neutral': 1.0, 'Other': 1.0557125919991028e-12, 'Sad': 5.722994855794639e-10, 'Surprised': 1.74579673634101e-11, 'Unknown': 2.362336454925229e-12}",Maybe they're friendly!
MATT,01:41:09,01:41:16,Neutral,"{'Angry': 0.005777030251920223, 'Disgusted': 0.008465519174933434, 'Fearful': 0.04659830778837204, 'Happy': 0.008312037214636803, 'Neutral': 0.6171640753746033, 'Other': 0.0006496547139249742, 'Sad': 0.30555203557014465, 'Surprised': 0.0006905241752974689, 'Unknown': 0.006790779996663332}","Make a nature check, if you want. No, this would be arcana. Arcana. This wouldn't be nature."
MARISHA,01:41:16,01:41:20,Neutral,"{'Angry': 0.0003570722765289247, 'Disgusted': 0.0005773308803327382, 'Fearful': 0.0005885111168026924, 'Happy': 0.006675236392766237, 'Neutral': 0.9825128316879272, 'Other': 0.00022632742184214294, 'Sad': 0.0029883526731282473, 'Surprised': 6.847051554359496e-05, 'Unknown': 0.0060058655217289925}",Arcana? All right.
TALIESIN,01:41:20,01:41:22,Neutral,"{'Angry': 0.009198598563671112, 'Disgusted': 0.035708896815776825, 'Fearful': 0.027132300660014153, 'Happy': 0.013366135768592358, 'Neutral': 0.5454003214836121, 'Other': 0.00016195220814552158, 'Sad': 0.3553495407104492, 'Surprised': 0.013371639885008335, 'Unknown': 0.0003105676150880754}",You've got a number there.
MATT,01:41:22,01:41:28,Neutral,"{'Angry': 0.003437164705246687, 'Disgusted': 0.0031606853008270264, 'Fearful': 0.0014748567482456565, 'Happy': 0.012387046590447426, 'Neutral': 0.9536159634590149, 'Other': 0.0011381945805624127, 'Sad': 0.0043068802915513515, 'Surprised': 0.0006787871243432164, 'Unknown': 0.019800351932644844}",Okay.
MARISHA,01:41:28,01:41:31,Neutral,"{'Angry': 0.038706809282302856, 'Disgusted': 0.08026370406150818, 'Fearful': 0.006973042152822018, 'Happy': 0.10672777146100998, 'Neutral': 0.588188111782074, 'Other': 0.002349229995161295, 'Sad': 0.10206161439418793, 'Surprised': 0.07266578823328018, 'Unknown': 0.002063972409814596}",Wait! Plus four. 15.
MATT,01:41:31,01:41:36,Neutral,"{'Angry': 0.004894434940069914, 'Disgusted': 0.007867900654673576, 'Fearful': 0.0011964293662458658, 'Happy': 0.01523839496076107, 'Neutral': 0.9360924363136292, 'Other': 0.0028878545854240656, 'Sad': 0.009298601187765598, 'Surprised': 0.0005316408933140337, 'Unknown': 0.021992294117808342}","Arcana is intellect, though. It's not wisdom, is it?"
MARISHA,01:41:36,01:41:37,Neutral,"{'Angry': 0.0008191913948394358, 'Disgusted': 0.0009465981856919825, 'Fearful': 0.00014884107804391533, 'Happy': 0.00261877104640007, 'Neutral': 0.988392174243927, 'Other': 8.531102139386348e-06, 'Sad': 0.006195572204887867, 'Surprised': 0.0008638731669634581, 'Unknown': 6.438932359742466e-06}",I used Scanlan's die.
MATT,01:41:37,01:41:58,Happy,"{'Angry': 0.0009115109569393098, 'Disgusted': 0.0030930310022085905, 'Fearful': 0.0006973677664063871, 'Happy': 0.9057273864746094, 'Neutral': 0.06568536162376404, 'Other': 0.0024232647847384214, 'Sad': 0.009536828845739365, 'Surprised': 0.00035648382618092, 'Unknown': 0.011568807065486908}","Oh, you did? Oh, I see. 15. Unable to really make out more than you've heard of creatures like this. Unlike most aberrations and creatures that seem to bleed over from different planes of existence, this one is not an aberration in its form. This is just a subterranean monstrosity. It's known as a grick."
MARISHA,01:41:58,01:42:00,Neutral,"{'Angry': 0.019627287983894348, 'Disgusted': 0.005869321059435606, 'Fearful': 0.011719156987965107, 'Happy': 0.013083873316645622, 'Neutral': 0.9160709977149963, 'Other': 0.00010350125376135111, 'Sad': 0.018006660044193268, 'Surprised': 0.014556664042174816, 'Unknown': 0.0009625529055483639}",A grick.
MATT,01:42:00,01:42:04,Neutral,"{'Angry': 0.00020609555940609425, 'Disgusted': 0.00020866698469035327, 'Fearful': 0.00018293059838470072, 'Happy': 0.0009247293928638101, 'Neutral': 0.9964867830276489, 'Other': 7.515508332289755e-05, 'Sad': 0.00046682683750987053, 'Surprised': 4.201890260446817e-05, 'Unknown': 0.0014067156007513404}","Essentially, it looks like that."
ALL,01:42:04,01:42:06,Neutral,"{'Angry': 6.824835168117716e-07, 'Disgusted': 1.3265548659546766e-06, 'Fearful': 9.034153549691837e-07, 'Happy': 6.230041435628664e-06, 'Neutral': 0.9999841451644897, 'Other': 7.724205488557345e-07, 'Sad': 3.2235486742138164e-06, 'Surprised': 2.397456455582869e-07, 'Unknown': 2.3899062853161013e-06}",Ew!
SAM,01:42:06,01:42:08,Neutral,"{'Angry': 0.006624942645430565, 'Disgusted': 0.009064541198313236, 'Fearful': 0.0005808791029267013, 'Happy': 0.017904963344335556, 'Neutral': 0.8226280212402344, 'Other': 0.00011098282266175374, 'Sad': 0.0021317312493920326, 'Surprised': 0.14078618586063385, 'Unknown': 0.0001677813706919551}",Show the people at home.
TRAVIS,01:42:08,01:42:10,Sad,"{'Angry': 0.06467898935079575, 'Disgusted': 0.29777172207832336, 'Fearful': 0.03658365458250046, 'Happy': 0.06047423183917999, 'Neutral': 0.19974400103092194, 'Other': 0.0002264260547235608, 'Sad': 0.32351768016815186, 'Surprised': 0.016569199040532112, 'Unknown': 0.0004340691084507853}",I automatically don't like it.
MATT,01:42:10,01:42:31,Neutral,"{'Angry': 8.381697625736706e-06, 'Disgusted': 5.4890700994292274e-05, 'Fearful': 1.3409686289378442e-05, 'Happy': 4.743313911603764e-05, 'Neutral': 0.9996135830879211, 'Other': 3.69630943168886e-05, 'Sad': 0.00014251910033635795, 'Surprised': 1.2801708635379327e-06, 'Unknown': 8.147674816427752e-05}","As they all take a moment and realize that whatever they were fighting over is not living and not moving, they hiss at each other and slowly find other alcoves and what you can now see are small caves that are dug into the rock nearby. Something draws them to this room, as any natural space with this strange, fluctuating energy would do so."
MARISHA,01:42:31,01:42:36,Happy,"{'Angry': 0.06041641905903816, 'Disgusted': 0.016577666625380516, 'Fearful': 0.0036464883014559746, 'Happy': 0.7311131358146667, 'Neutral': 0.07881909608840942, 'Other': 0.007400759030133486, 'Sad': 0.013784593902528286, 'Surprised': 0.00041003533988259733, 'Unknown': 0.08783179521560669}",But they're not necessarily bleeding through from the other plane. They come from this plane.
MATT,01:42:36,01:42:45,Neutral,"{'Angry': 3.2401121643488295e-06, 'Disgusted': 7.964525138959289e-06, 'Fearful': 1.8023315533355344e-06, 'Happy': 1.2012570550723467e-05, 'Neutral': 0.9999308586120605, 'Other': 2.7494097594171762e-06, 'Sad': 1.0111489245900884e-05, 'Surprised': 9.169376369300153e-08, 'Unknown': 3.124840441159904e-05}","It seems to be, yeah. They're not too weird. They're weird, but they're not too weird."
MARISHA,01:42:45,01:42:48,Neutral,"{'Angry': 6.9204352257656865e-06, 'Disgusted': 5.178867922950303e-06, 'Fearful': 2.4521634713892126e-06, 'Happy': 2.2089854610385373e-05, 'Neutral': 0.999940037727356, 'Other': 2.209770173067227e-06, 'Sad': 1.3316609511093702e-05, 'Surprised': 3.6073013234272366e-06, 'Unknown': 4.2060150917677674e-06}","Big worms with tentacles, but not too weird."
MATT,01:42:48,01:42:49,Neutral,"{'Angry': 0.004824088420718908, 'Disgusted': 0.017488444223999977, 'Fearful': 0.000161337957251817, 'Happy': 0.021171143278479576, 'Neutral': 0.9478421807289124, 'Other': 0.00031323073199018836, 'Sad': 0.0058863298036158085, 'Surprised': 0.0022101341746747494, 'Unknown': 0.00010316977568436414}",You've seen it all.
TALIESIN,01:42:49,01:42:51,Neutral,"{'Angry': 0.0005410573212429881, 'Disgusted': 0.0004131301830057055, 'Fearful': 0.00018508122593630105, 'Happy': 0.0010191021719947457, 'Neutral': 0.9951587319374084, 'Other': 5.5044270993676037e-05, 'Sad': 0.0020197583362460136, 'Surprised': 0.0005824358086101711, 'Unknown': 2.5597912099328823e-05}",They're not wearing sombreros or anything.
LAURA,01:42:51,01:42:54,Neutral,"{'Angry': 2.0241307083779247e-06, 'Disgusted': 7.257208380906377e-07, 'Fearful': 1.241677978214284e-07, 'Happy': 1.0164503692067228e-06, 'Neutral': 0.9999946355819702, 'Other': 1.4097858525019547e-07, 'Sad': 7.769944545543694e-07, 'Surprised': 6.055022794271281e-08, 'Unknown': 5.176284503249917e-07}","So what are you doing, Keyleth? Are you staying in there?"
TRAVIS,01:42:54,01:42:56,Neutral,"{'Angry': 0.2635596990585327, 'Disgusted': 0.07716047018766403, 'Fearful': 0.005977263208478689, 'Happy': 0.02022516541182995, 'Neutral': 0.5399749875068665, 'Other': 0.00010133446630788967, 'Sad': 0.0788576677441597, 'Surprised': 0.013901624828577042, 'Unknown': 0.0002417806099401787}",Please say no.
MARISHA,01:42:56,01:42:59,Neutral,"{'Angry': 2.246235999336932e-05, 'Disgusted': 6.028300413163379e-05, 'Fearful': 1.1052664376620669e-05, 'Happy': 3.53593859472312e-05, 'Neutral': 0.9997319579124451, 'Other': 3.9773394746589474e-06, 'Sad': 0.0001228728797286749, 'Surprised': 2.9914012884546537e-06, 'Unknown': 9.044542821357027e-06}",I'm just going to seep back down.
LIAM,01:42:59,01:43:01,Neutral,"{'Angry': 6.896046397741884e-05, 'Disgusted': 8.986543980427086e-05, 'Fearful': 1.9083578081335872e-05, 'Happy': 8.390962466364726e-05, 'Neutral': 0.9994705319404602, 'Other': 7.669737897231244e-06, 'Sad': 0.00023790598788764328, 'Surprised': 1.8678148990147747e-05, 'Unknown': 3.4159513688791776e-06}","Take the stairs, though."
MARISHA,01:43:01,01:43:05,Neutral,"{'Angry': 0.000721386109944433, 'Disgusted': 0.0012781680561602116, 'Fearful': 0.0005307943210937083, 'Happy': 0.010845070704817772, 'Neutral': 0.9805042743682861, 'Other': 0.0002260727051179856, 'Sad': 0.0022117160260677338, 'Surprised': 0.0006966146756894886, 'Unknown': 0.002985991770401597}",I take the stairs.
MATT,01:43:05,01:43:08,Sad,"{'Angry': 1.9598296319145447e-08, 'Disgusted': 4.4635196871922744e-08, 'Fearful': 3.079812316286734e-08, 'Happy': 3.533690318135996e-08, 'Neutral': 1.2116863672417821e-06, 'Other': 1.1428096691190603e-08, 'Sad': 0.9999985694885254, 'Surprised': 7.661548062642964e-10, 'Unknown': 4.704786604747824e-08}","All right. After a few moments, Keyleth reappears."
MARISHA,01:43:08,01:43:15,Neutral,"{'Angry': 0.00017735215078573674, 'Disgusted': 0.00022534391609951854, 'Fearful': 0.00010201955592492595, 'Happy': 0.00014023904805071652, 'Neutral': 0.9958274960517883, 'Other': 1.829982102208305e-05, 'Sad': 0.00331424199976027, 'Surprised': 6.570048299181508e-06, 'Unknown': 0.00018838066898752004}","But before I reappear, I go, ""Grog. I'm in a boat."" (all laugh)"
TRAVIS,01:43:15,01:43:22,Neutral,"{'Angry': 2.576471388238133e-06, 'Disgusted': 2.4015419057832332e-06, 'Fearful': 1.3278269079819438e-06, 'Happy': 8.440459168923553e-06, 'Neutral': 0.9999582767486572, 'Other': 2.648492227308452e-06, 'Sad': 1.007166338240495e-05, 'Surprised': 1.5320952684305666e-07, 'Unknown': 1.4079556422075257e-05}",She's in the floor! And she's in a boat! It's magic. (giggles)
LIAM,01:43:22,01:43:25,Neutral,"{'Angry': 1.2483134526064532e-09, 'Disgusted': 8.7327356457223e-10, 'Fearful': 3.8023512116680536e-10, 'Happy': 5.463183239129421e-09, 'Neutral': 1.0, 'Other': 2.108474506101743e-10, 'Sad': 8.036480814155311e-09, 'Surprised': 4.29711377591957e-10, 'Unknown': 4.2736797434272944e-10}",It is pretty funny.
TRAVIS,01:43:25,01:43:28,Neutral,"{'Angry': 0.03377574309706688, 'Disgusted': 0.007394842337816954, 'Fearful': 0.002288426738232374, 'Happy': 0.008987292647361755, 'Neutral': 0.9335334300994873, 'Other': 9.119428432313725e-05, 'Sad': 0.011177179403603077, 'Surprised': 0.0021286464761942625, 'Unknown': 0.0006232925225049257}",Will you teach me that sometime?
MARISHA,01:43:28,01:43:29,Neutral,"{'Angry': 0.1289701759815216, 'Disgusted': 0.011666218750178814, 'Fearful': 0.0010327922645956278, 'Happy': 0.011189977638423443, 'Neutral': 0.8301739692687988, 'Other': 0.00011961846757913008, 'Sad': 0.0083953607827425, 'Surprised': 0.008400890976190567, 'Unknown': 5.1041741244262084e-05}","""No."""
MATT,01:43:29,01:43:38,Neutral,"{'Angry': 5.914313483401656e-09, 'Disgusted': 4.3248671310891496e-09, 'Fearful': 7.469347917954394e-10, 'Happy': 9.147190560554463e-09, 'Neutral': 1.0, 'Other': 9.700314995697568e-10, 'Sad': 2.1658967952475905e-08, 'Surprised': 5.182280715665399e-10, 'Unknown': 2.5826685234875413e-09}","For a split-second, as you're doing that, you realize that laughter's probably very audible."
MARISHA,01:43:38,01:43:41,Neutral,"{'Angry': 0.0020529229659587145, 'Disgusted': 0.0006815436063334346, 'Fearful': 0.00010973770986311138, 'Happy': 0.0007938857306726277, 'Neutral': 0.995559811592102, 'Other': 1.4543339602823835e-05, 'Sad': 0.0006541551556438208, 'Surprised': 0.0001058244815794751, 'Unknown': 2.7529982617124915e-05}",I'm not an elemental anymore.
MATT,01:43:41,01:43:46,Neutral,"{'Angry': 4.51721021699214e-11, 'Disgusted': 4.440081115275607e-12, 'Fearful': 1.5282764203455868e-12, 'Happy': 6.15747730581262e-11, 'Neutral': 1.0, 'Other': 4.0637507464982847e-13, 'Sad': 1.5702629474478869e-10, 'Surprised': 1.439651436258016e-11, 'Unknown': 1.3724724481911643e-12}","So as you start laughing, you revert back from elemental form."
MARISHA,01:43:46,01:43:49,Neutral,"{'Angry': 4.961307786288671e-05, 'Disgusted': 0.0001277620467590168, 'Fearful': 5.247646549833007e-05, 'Happy': 7.292322698049247e-05, 'Neutral': 0.9994743466377258, 'Other': 6.523496722365962e-06, 'Sad': 0.00016263933503068984, 'Surprised': 7.6104433901491575e-06, 'Unknown': 4.6195498725865036e-05}","I go, ""Tee-hee-hee, shh."""
ASHLEY,01:43:49,01:43:50,Neutral,"{'Angry': 0.0003911353705916554, 'Disgusted': 0.003918623086065054, 'Fearful': 9.479713480686769e-05, 'Happy': 0.0007995298365131021, 'Neutral': 0.9933139681816101, 'Other': 1.5101277313078754e-05, 'Sad': 0.0010324822505936027, 'Surprised': 0.00041477911872789264, 'Unknown': 1.947890814335551e-05}",Make a wall!
LAURA,01:43:50,01:43:52,Neutral,"{'Angry': 0.0022512818686664104, 'Disgusted': 0.0022869782987982035, 'Fearful': 0.0019877138547599316, 'Happy': 0.010373921133577824, 'Neutral': 0.9747009873390198, 'Other': 0.00012009428610326722, 'Sad': 0.005929779261350632, 'Surprised': 0.0005060461699031293, 'Unknown': 0.001843164092861116}","Wait, what did you see, Keyleth?"
SAM,01:43:52,01:43:54,Neutral,"{'Angry': 4.922366497339681e-05, 'Disgusted': 8.313773287227377e-05, 'Fearful': 5.346690159058198e-05, 'Happy': 0.0009067538194358349, 'Neutral': 0.99847811460495, 'Other': 1.3697546819457784e-05, 'Sad': 0.00027374961064197123, 'Surprised': 2.666858199518174e-05, 'Unknown': 0.00011519502731971443}","Wait, is she back?"
MATT,01:43:54,01:43:56,Neutral,"{'Angry': 0.004021172411739826, 'Disgusted': 0.008145379833877087, 'Fearful': 0.00116553227417171, 'Happy': 0.0039044686127454042, 'Neutral': 0.9628411531448364, 'Other': 4.6322293201228604e-05, 'Sad': 0.01940041594207287, 'Surprised': 0.0002790178405120969, 'Unknown': 0.00019651191541925073}","Yeah, her elemental form is gone. She's now back into Keyleth's form."
LIAM,01:43:56,01:43:58,Neutral,"{'Angry': 0.0007235962548293173, 'Disgusted': 0.0009544341592118144, 'Fearful': 0.0005028728046454489, 'Happy': 0.002417924115434289, 'Neutral': 0.987034261226654, 'Other': 4.5035951188765466e-05, 'Sad': 0.007235655561089516, 'Surprised': 0.0009749660966917872, 'Unknown': 0.0001112661266233772}",We're all just on the beach.
ORION,01:43:58,01:43:59,Neutral,"{'Angry': 0.20233118534088135, 'Disgusted': 0.0730496495962143, 'Fearful': 0.006551278755068779, 'Happy': 0.007922396063804626, 'Neutral': 0.40230295062065125, 'Other': 2.9350896511459723e-05, 'Sad': 0.3055281341075897, 'Surprised': 0.0021933866664767265, 'Unknown': 9.164631046587601e-05}",I'm not.
LIAM,01:43:59,01:44:04,Neutral,"{'Angry': 1.5032796909508761e-05, 'Disgusted': 2.533205406507477e-05, 'Fearful': 6.033202680555405e-06, 'Happy': 3.4289114410057664e-05, 'Neutral': 0.9996756315231323, 'Other': 2.7420510377851315e-05, 'Sad': 5.0338898290647194e-05, 'Surprised': 3.675363302590995e-07, 'Unknown': 0.00016564462566748261}",People were still laughing.
ASHLEY,01:44:04,01:44:08,Unknown,"{'Angry': 0.0017232093960046768, 'Disgusted': 0.01054045557975769, 'Fearful': 0.023276731371879578, 'Happy': 0.04513705521821976, 'Neutral': 0.11720763146877289, 'Other': 0.002657678909599781, 'Sad': 0.03471997007727623, 'Surprised': 2.3591986973769963e-05, 'Unknown': 0.764713704586029}",I'm laughing just a little bit. I maybe peed a little.
TRAVIS,01:44:08,01:44:11,Neutral,"{'Angry': 4.028687908430584e-05, 'Disgusted': 9.579645848134533e-06, 'Fearful': 2.191597559431102e-06, 'Happy': 5.0068420023308136e-06, 'Neutral': 0.9999181032180786, 'Other': 4.626003828889225e-06, 'Sad': 1.2064597285643686e-05, 'Surprised': 5.375270575314062e-07, 'Unknown': 7.465176622645231e-06}",I stop laughing.
LAURA,01:44:11,01:44:13,Neutral,"{'Angry': 0.0037265021819621325, 'Disgusted': 0.02037454955279827, 'Fearful': 0.0008813969907350838, 'Happy': 0.05176423490047455, 'Neutral': 0.9092286229133606, 'Other': 0.0004626766312867403, 'Sad': 0.004989746026694775, 'Surprised': 0.007548034656792879, 'Unknown': 0.001024122815579176}",What was it? Was there anything in there?
MARISHA,01:44:13,01:44:23,Neutral,"{'Angry': 0.12986984848976135, 'Disgusted': 0.003195784520357847, 'Fearful': 0.0016602390678599477, 'Happy': 0.011137868277728558, 'Neutral': 0.5047569274902344, 'Other': 0.0013736510882154107, 'Sad': 0.3417663872241974, 'Surprised': 0.00024155748542398214, 'Unknown': 0.005997753702104092}","It seemed like it had Dimension Door properties, but I don't know if it was necessarily at full Dimension Door strength."
LAURA,01:44:23,01:44:24,Neutral,"{'Angry': 0.011927899904549122, 'Disgusted': 0.07890360802412033, 'Fearful': 0.003190471790730953, 'Happy': 0.055330876260995865, 'Neutral': 0.529456615447998, 'Other': 0.00033922013244591653, 'Sad': 0.017450174316763878, 'Surprised': 0.30321890115737915, 'Unknown': 0.00018226107931695879}",Were there creatures?
MARISHA,01:44:24,01:44:33,Neutral,"{'Angry': 0.012237469665706158, 'Disgusted': 0.013235834427177906, 'Fearful': 0.001172966556623578, 'Happy': 0.018442649394273758, 'Neutral': 0.863819420337677, 'Other': 0.00037120634806342423, 'Sad': 0.08779489994049072, 'Surprised': 0.00045689617400057614, 'Unknown': 0.0024686711840331554}","There were creatures. There appeared to be these things that I've heard of, called gricks. They're like worms with beaks and tentacles."
LAURA,01:44:33,01:44:36,Sad,"{'Angry': 8.955229714047164e-05, 'Disgusted': 0.0007708778139203787, 'Fearful': 0.00321503565646708, 'Happy': 0.0020997540559619665, 'Neutral': 0.20874100923538208, 'Other': 0.0012510630767792463, 'Sad': 0.7831164002418518, 'Surprised': 5.6061217037495226e-06, 'Unknown': 0.0007107093115337193}","Oh, I've heard of gricks. They're really fast."
LAURA,01:44:36,01:44:39,Unknown,"{'Angry': 0.00013610889436677098, 'Disgusted': 0.004734215792268515, 'Fearful': 0.1884206235408783, 'Happy': 0.15759868919849396, 'Neutral': 0.2482387274503708, 'Other': 0.004698359407484531, 'Sad': 0.01005292497575283, 'Surprised': 1.2995561519346666e-05, 'Unknown': 0.3861074149608612}","Yeah, they slither."
LIAM,01:44:39,01:44:41,Neutral,"{'Angry': 3.659895164709326e-10, 'Disgusted': 1.0898532076808465e-10, 'Fearful': 1.9657969696496025e-11, 'Happy': 2.479004779232241e-09, 'Neutral': 1.0, 'Other': 2.572238776143987e-11, 'Sad': 1.6911148037479506e-09, 'Surprised': 1.1778775177440082e-10, 'Unknown': 8.186291228229337e-11}",All right.
MARISHA,01:44:41,01:44:45,Neutral,"{'Angry': 6.986080336446321e-08, 'Disgusted': 3.4014266958593e-08, 'Fearful': 2.5283946047949257e-09, 'Happy': 5.342098674532281e-08, 'Neutral': 0.9999997615814209, 'Other': 2.934455345382503e-09, 'Sad': 3.815270943618998e-08, 'Surprised': 2.0477908257987565e-09, 'Unknown': 1.2335399368623712e-08}",They did this whole Hungry Hungry Hippos thing.
SAM,01:44:45,01:44:48,Neutral,"{'Angry': 0.003602041630074382, 'Disgusted': 0.003935175947844982, 'Fearful': 0.00043604456004686654, 'Happy': 0.45562753081321716, 'Neutral': 0.5254550576210022, 'Other': 0.001198414945974946, 'Sad': 0.0015290066367015243, 'Surprised': 5.388435602071695e-05, 'Unknown': 0.008162887766957283}",But you said it was a gate to another dimension?
MARISHA,01:44:48,01:44:54,Neutral,"{'Angry': 9.684295032563739e-12, 'Disgusted': 1.0089043316063862e-12, 'Fearful': 2.3554514458692943e-13, 'Happy': 1.1941550179250804e-11, 'Neutral': 1.0, 'Other': 1.0565258113911027e-13, 'Sad': 3.6619880738886224e-11, 'Surprised': 2.6021611081172846e-12, 'Unknown': 5.060593871036856e-13}",It seemed to be some sort of dimensional gateway. I don't know which dimension.
SAM,01:44:54,01:45:05,Neutral,"{'Angry': 4.646277140807342e-09, 'Disgusted': 1.8453372163662607e-08, 'Fearful': 2.8975455368396297e-09, 'Happy': 1.47396690408641e-08, 'Neutral': 0.9999990463256836, 'Other': 7.891949871385862e-10, 'Sad': 9.853670235315803e-07, 'Surprised': 5.631511923454013e-10, 'Unknown': 2.3870683207860566e-09}","I we come across any people that we can beat information out of, we might want to ask them if this a known thing, a gateway back to the overworld."
LAURA,01:45:05,01:45:08,Neutral,"{'Angry': 3.951118196710013e-05, 'Disgusted': 0.000563965120818466, 'Fearful': 0.00017207649943884462, 'Happy': 5.386280099628493e-05, 'Neutral': 0.9966568946838379, 'Other': 2.1292700694175437e-05, 'Sad': 0.0024172370322048664, 'Surprised': 2.7886510451935465e-06, 'Unknown': 7.224596629384905e-05}",I think it would probably go to the Abyss or something.
MARISHA,01:45:08,01:45:11,Angry,"{'Angry': 0.5279261469841003, 'Disgusted': 0.0010474565206095576, 'Fearful': 0.00023314527061302215, 'Happy': 0.3761245608329773, 'Neutral': 0.08785438537597656, 'Other': 0.00137988175265491, 'Sad': 0.001340908813290298, 'Surprised': 2.321673309779726e-05, 'Unknown': 0.0040703644044697285}",Into the temple.
LAURA,01:45:11,01:45:17,Neutral,"{'Angry': 2.4266111689486003e-11, 'Disgusted': 1.851561438892535e-12, 'Fearful': 5.565252577353907e-13, 'Happy': 2.7115556328061174e-11, 'Neutral': 1.0, 'Other': 1.7587895115994678e-13, 'Sad': 6.726773998932956e-11, 'Surprised': 6.204276675747522e-12, 'Unknown': 1.931203894717237e-12}","I wonder, do they attack things? They seemed really fast, right?"
MARISHA,01:45:17,01:45:19,Neutral,"{'Angry': 0.00017183422460220754, 'Disgusted': 8.806490950519219e-05, 'Fearful': 5.008068183087744e-05, 'Happy': 0.000331373477820307, 'Neutral': 0.9841878414154053, 'Other': 7.162849942687899e-05, 'Sad': 0.015011565759778023, 'Surprised': 1.9105996216239873e-06, 'Unknown': 8.570446516387165e-05}",The grick things? Yeah.
LAURA,01:45:19,01:45:22,Neutral,"{'Angry': 0.00014549450133927166, 'Disgusted': 8.433100447291508e-06, 'Fearful': 5.2544992286129855e-06, 'Happy': 8.450530003756285e-06, 'Neutral': 0.9968356490135193, 'Other': 1.0741138112280169e-07, 'Sad': 0.002995323156937957, 'Surprised': 1.1773281585192308e-06, 'Unknown': 8.864351741522114e-08}",Percy can you make a bomb?
SAM,01:45:22,01:45:27,Neutral,"{'Angry': 0.028444811701774597, 'Disgusted': 0.0011276457225903869, 'Fearful': 1.151305332314223e-05, 'Happy': 9.565820801071823e-05, 'Neutral': 0.9697825908660889, 'Other': 5.016303839511238e-05, 'Sad': 0.00021698213822674006, 'Surprised': 2.0599879917426733e-06, 'Unknown': 0.0002686631050892174}","Oh, he did already. I've got it. I have a bomb."
LAURA,01:45:27,01:45:31,Neutral,"{'Angry': 0.0007408172823488712, 'Disgusted': 0.0001530371664557606, 'Fearful': 0.0002927602326963097, 'Happy': 0.0013405414065346122, 'Neutral': 0.9938405752182007, 'Other': 0.0005551492213271558, 'Sad': 0.0029535142239183187, 'Surprised': 2.7972391762887128e-05, 'Unknown': 9.558117017149925e-05}","Can you throw the bomb in there and they would all maybe attack it, and maybe it would blow them up?"
SAM,01:45:31,01:45:38,Neutral,"{'Angry': 3.907787426982168e-09, 'Disgusted': 3.185710140130027e-09, 'Fearful': 3.1094096186734532e-09, 'Happy': 2.180728486678163e-08, 'Neutral': 0.9999998807907104, 'Other': 2.1905978420111438e-10, 'Sad': 6.633631954855446e-08, 'Surprised': 3.885090915645151e-09, 'Unknown': 1.730910276220854e-10}",Maybe. It might hit some of them. Do we want to go in there? Because we can certainly do that.
LAURA,01:45:38,01:45:42,Neutral,"{'Angry': 1.3803069123241585e-06, 'Disgusted': 3.7509948924707714e-07, 'Fearful': 1.8633388663147343e-06, 'Happy': 2.3750300897518173e-05, 'Neutral': 0.9999517202377319, 'Other': 1.83787463470253e-07, 'Sad': 1.9795728803728707e-05, 'Surprised': 3.635277039393259e-07, 'Unknown': 5.627399559671176e-07}",Just throw it from outside and see what happens.
MARISHA,01:45:42,01:45:50,Neutral,"{'Angry': 1.2743220167976688e-07, 'Disgusted': 1.2311433010836481e-06, 'Fearful': 1.7062877333273718e-08, 'Happy': 2.004713337555586e-07, 'Neutral': 0.999997615814209, 'Other': 1.3356155648125423e-07, 'Sad': 3.998866304755211e-07, 'Surprised': 5.590293561397175e-09, 'Unknown': 3.770980754325137e-07}","If we take a few minutes and I take another breather-- because being a rock elemental takes it out of you for a little bit-- and you guys can make some bombs, I can go back in there as an elemental."
ORION,01:45:50,01:46:03,Neutral,"{'Angry': 6.2623175836051814e-06, 'Disgusted': 2.2071357307140715e-05, 'Fearful': 3.3874357541208155e-06, 'Happy': 2.386824053246528e-05, 'Neutral': 0.9997879862785339, 'Other': 1.0010753612732515e-05, 'Sad': 8.10533674666658e-05, 'Surprised': 2.2340579164392693e-07, 'Unknown': 6.522348849102855e-05}","Actually, I think that's a good idea. Percy? The bomb that Scanlan is holding, could you fix a thing around it to possibly hold magic properties?"
TALIESIN,01:46:03,01:46:06,Neutral,"{'Angry': 3.653351232646429e-11, 'Disgusted': 6.663978396881376e-12, 'Fearful': 3.370685458178868e-12, 'Happy': 1.0404333644631336e-10, 'Neutral': 1.0, 'Other': 4.788168017459682e-13, 'Sad': 5.378050782489652e-10, 'Surprised': 1.2611949679053325e-11, 'Unknown': 2.5899506064103184e-12}",I have not the slightest clue how to do that.
ORION,01:46:06,01:46:13,Unknown,"{'Angry': 3.6464865843299776e-05, 'Disgusted': 0.004325333051383495, 'Fearful': 0.0003942598996218294, 'Happy': 0.0014161415165290236, 'Neutral': 0.0015599722974002361, 'Other': 0.0002063839347101748, 'Sad': 0.00013415591092780232, 'Surprised': 2.2428157109288804e-08, 'Unknown': 0.9919272661209106}","You can use some of this-- one of the glass, my potion-- what do you call those fucking things?"
ORION,01:46:13,01:46:15,Neutral,"{'Angry': 0.00011852328316308558, 'Disgusted': 0.0006816420936957002, 'Fearful': 2.2188396542333066e-05, 'Happy': 0.0005360658396966755, 'Neutral': 0.9956296682357788, 'Other': 4.0849412471288815e-05, 'Sad': 0.0026693707332015038, 'Surprised': 2.8431495593395084e-06, 'Unknown': 0.0002987975312862545}",Yes.
SAM,01:46:15,01:46:17,Neutral,"{'Angry': 4.2276698808407787e-10, 'Disgusted': 2.515406771763651e-10, 'Fearful': 3.656153504949522e-11, 'Happy': 2.6291000487788097e-09, 'Neutral': 1.0, 'Other': 6.306023064839295e-11, 'Sad': 3.2130367255689407e-09, 'Surprised': 9.347932844461226e-11, 'Unknown': 1.9993195987666468e-10}",Are we right outside the mouth of the cave right now?
LAURA,01:46:17,01:46:19,Neutral,"{'Angry': 8.476593871264981e-10, 'Disgusted': 7.682601221858931e-10, 'Fearful': 1.4118066438140175e-10, 'Happy': 1.5807994913075163e-09, 'Neutral': 1.0, 'Other': 1.7979819022517773e-10, 'Sad': 6.48726983243364e-09, 'Surprised': 7.794124790017065e-10, 'Unknown': 3.9020955910906707e-10}",We are really close to it.
SAM,01:46:19,01:46:21,Neutral,"{'Angry': 3.2936131599825558e-09, 'Disgusted': 5.39426459056358e-09, 'Fearful': 1.418268502639819e-09, 'Happy': 3.367575018842217e-08, 'Neutral': 0.9999998807907104, 'Other': 1.4883440035973194e-09, 'Sad': 1.1536668864664534e-07, 'Surprised': 1.2525682713260267e-09, 'Unknown': 3.6160159311293683e-09}",Can we get away from the mouth of the cave?
TRAVIS,01:46:21,01:46:26,Neutral,"{'Angry': 0.0008226155769079924, 'Disgusted': 0.00312425522133708, 'Fearful': 0.041425831615924835, 'Happy': 0.0007052848814055324, 'Neutral': 0.8499708771705627, 'Other': 0.0028507746756076813, 'Sad': 0.059445422142744064, 'Surprised': 1.7514346836833283e-05, 'Unknown': 0.04163741320371628}","Okay, who needs to rest? Show of hands, who needs rest?"
MARISHA,01:46:26,01:46:29,Neutral,"{'Angry': 0.00010074127203552052, 'Disgusted': 0.00047622196143493056, 'Fearful': 0.000506935641169548, 'Happy': 0.0001519562938483432, 'Neutral': 0.9492349028587341, 'Other': 5.144781607668847e-05, 'Sad': 0.04886356368660927, 'Surprised': 7.6130386332806665e-06, 'Unknown': 0.0006067636422812939}",I'm going to rest while they talk. While they figure out a plan.
LIAM,01:46:29,01:46:32,Sad,"{'Angry': 1.9689892724272795e-05, 'Disgusted': 0.00014396720507647842, 'Fearful': 0.0001129724842030555, 'Happy': 6.733034388162196e-05, 'Neutral': 0.031189806759357452, 'Other': 9.062227945833001e-06, 'Sad': 0.9682273864746094, 'Surprised': 7.499139087485673e-07, 'Unknown': 0.00022893070126883686}","Tibber-hoods, do you have any fireballs left in you?"
SAM,01:46:32,01:46:35,Neutral,"{'Angry': 0.0010828098747879267, 'Disgusted': 0.0072758253663778305, 'Fearful': 0.0168038047850132, 'Happy': 0.04235576465725899, 'Neutral': 0.48026153445243835, 'Other': 0.03612833470106125, 'Sad': 0.2562381327152252, 'Surprised': 5.1185619668103755e-05, 'Unknown': 0.15980255603790283}","T-Money, what do you think?"
ORION,01:46:35,01:46:39,Neutral,"{'Angry': 1.244115088727682e-10, 'Disgusted': 1.5894546789851915e-10, 'Fearful': 2.1875574268692688e-11, 'Happy': 4.611370174600893e-10, 'Neutral': 1.0, 'Other': 2.0067876180251965e-11, 'Sad': 1.8357998454732183e-09, 'Surprised': 6.048050948948003e-11, 'Unknown': 2.4305437870686397e-11}",I cast Silence on Vax. (all laugh)
SAM,01:46:39,01:46:41,Neutral,"{'Angry': 1.691109355306253e-05, 'Disgusted': 0.00027712908922694623, 'Fearful': 0.00011619461292866617, 'Happy': 0.015165219083428383, 'Neutral': 0.9783766269683838, 'Other': 0.0018896516412496567, 'Sad': 0.0001775076234480366, 'Surprised': 3.850573193631135e-06, 'Unknown': 0.003976956941187382}",I cast Dispel Magic.
ORION,01:46:41,01:46:43,Neutral,"{'Angry': 1.5620628346368903e-07, 'Disgusted': 5.037325081502786e-07, 'Fearful': 2.2406138100450335e-07, 'Happy': 4.850560912927904e-07, 'Neutral': 0.9999945163726807, 'Other': 2.0373411757645954e-07, 'Sad': 2.73007958639937e-06, 'Surprised': 9.820714907959882e-09, 'Unknown': 1.1585665333768702e-06}",Counterspell!
SAM,01:46:43,01:46:45,Neutral,"{'Angry': 0.00023920154490042478, 'Disgusted': 0.002187533536925912, 'Fearful': 8.738534233998507e-05, 'Happy': 0.005174236372113228, 'Neutral': 0.9906345009803772, 'Other': 0.0004303308087401092, 'Sad': 0.0008399434736929834, 'Surprised': 2.8959111659787595e-05, 'Unknown': 0.0003778347163461149}",Counter-counterspell!
ORION,01:46:45,01:46:48,Neutral,"{'Angry': 5.2608429541578516e-05, 'Disgusted': 5.87470676691737e-05, 'Fearful': 2.8376896807458252e-05, 'Happy': 7.218932296382263e-05, 'Neutral': 0.9972155094146729, 'Other': 8.712720591574907e-05, 'Sad': 0.001026781159453094, 'Surprised': 2.9540160539909266e-07, 'Unknown': 0.0014583722222596407}",Do you have Counterspell? You don't have Counterspell.
SAM,01:46:48,01:46:51,Neutral,"{'Angry': 0.0014094163198024035, 'Disgusted': 0.00013714958913624287, 'Fearful': 0.00039005576400086284, 'Happy': 0.0004995436174795032, 'Neutral': 0.994293749332428, 'Other': 7.948290294734761e-05, 'Sad': 0.0031241520773619413, 'Surprised': 2.5532383006066084e-05, 'Unknown': 4.088429705007002e-05}",No. (all laugh)
MATT,01:46:51,01:46:55,Happy,"{'Angry': 2.2254480427363887e-05, 'Disgusted': 0.0007811607210896909, 'Fearful': 0.00456914771348238, 'Happy': 0.5656737685203552, 'Neutral': 0.14576822519302368, 'Other': 0.0003421061555854976, 'Sad': 0.005051665939390659, 'Surprised': 1.0275342674503918e-06, 'Unknown': 0.27779069542884827}","All right, both you guys go ahead-- well no, roll your Counterspell roll."
ORION,01:46:55,01:46:57,Neutral,"{'Angry': 0.00019796619017142802, 'Disgusted': 0.003998293075710535, 'Fearful': 0.002648270921781659, 'Happy': 0.0652146264910698, 'Neutral': 0.6555327773094177, 'Other': 0.0005590876680798829, 'Sad': 0.0035241481382399797, 'Surprised': 4.754671863338444e-06, 'Unknown': 0.26832008361816406}",Counterspell just fizzles his shit.
MATT,01:46:57,01:46:58,Sad,"{'Angry': 0.00028301801648922265, 'Disgusted': 0.00041773339034989476, 'Fearful': 0.0003480952000245452, 'Happy': 0.0005664422060362995, 'Neutral': 0.457777738571167, 'Other': 7.223083684948506e-06, 'Sad': 0.5405840873718262, 'Surprised': 1.1202864698134363e-05, 'Unknown': 4.4362927837937605e-06}",What level is your spell?
SAM,01:46:58,01:47:00,Neutral,"{'Angry': 0.0002194853441324085, 'Disgusted': 0.021092072129249573, 'Fearful': 3.408667180337943e-05, 'Happy': 0.0012317384826019406, 'Neutral': 0.9447612762451172, 'Other': 0.005454858765006065, 'Sad': 0.006579018197953701, 'Surprised': 0.020233668386936188, 'Unknown': 0.00039389042649418116}",It's a level 3 spell?
MATT,01:47:00,01:47:02,Neutral,"{'Angry': 2.8487432857104977e-08, 'Disgusted': 8.814149765612456e-08, 'Fearful': 2.982389801786667e-08, 'Happy': 1.0936253147519892e-07, 'Neutral': 0.9999974966049194, 'Other': 4.024190047857701e-08, 'Sad': 2.2214512682694476e-06, 'Surprised': 3.826643890647574e-09, 'Unknown': 2.0691613755730032e-08}","So, no, your spell just (pfft)."
SAM,01:47:02,01:47:04,Neutral,"{'Angry': 0.0016178882215172052, 'Disgusted': 0.20708346366882324, 'Fearful': 0.011206342838704586, 'Happy': 0.26629891991615295, 'Neutral': 0.4082268476486206, 'Other': 0.001737555954605341, 'Sad': 0.0933184027671814, 'Surprised': 0.008094022050499916, 'Unknown': 0.0024164910428225994}",Damn it.
ORION,01:47:04,01:47:08,Disgusted,"{'Angry': 0.00046909175580367446, 'Disgusted': 0.7236079573631287, 'Fearful': 0.00034260968095622957, 'Happy': 0.018235985189676285, 'Neutral': 0.18394239246845245, 'Other': 0.06639145314693451, 'Sad': 0.0027226554229855537, 'Surprised': 0.00015786971198394895, 'Unknown': 0.004130035638809204}",And I don't silence him. Did I have to roll anything to do that?
ORION,01:47:08,01:47:10,Neutral,"{'Angry': 8.951937108259145e-11, 'Disgusted': 3.172851564814394e-11, 'Fearful': 9.553632190906214e-12, 'Happy': 1.0249365800518717e-09, 'Neutral': 1.0, 'Other': 3.766990625680977e-12, 'Sad': 1.2810840166466164e-09, 'Surprised': 5.308532780023967e-11, 'Unknown': 9.911361661951723e-12}","Oh, cool."
MATT,01:47:10,01:47:11,Surprised,"{'Angry': 0.0004435506125446409, 'Disgusted': 0.01589210517704487, 'Fearful': 2.9831060601281933e-05, 'Happy': 7.453318539774045e-05, 'Neutral': 0.004794199485331774, 'Other': 9.516873433312867e-06, 'Sad': 8.596340921940282e-05, 'Surprised': 0.9786697626113892, 'Unknown': 5.379190497478703e-07}",He has to make a save for Silence.
LIAM,01:47:11,01:47:13,Neutral,"{'Angry': 1.946278416653513e-06, 'Disgusted': 6.990343536017463e-05, 'Fearful': 3.376441554792109e-06, 'Happy': 0.00012336496729403734, 'Neutral': 0.9997138381004333, 'Other': 8.289533980132546e-06, 'Sad': 7.014512084424496e-05, 'Surprised': 9.090603043659939e-07, 'Unknown': 8.224749763030559e-06}",Am I silenced?
ORION,01:47:13,01:47:16,Neutral,"{'Angry': 0.0004940221551805735, 'Disgusted': 0.001594566274434328, 'Fearful': 0.00018616029410623014, 'Happy': 0.027560126036405563, 'Neutral': 0.9664071202278137, 'Other': 0.00018591282423585653, 'Sad': 0.000591695832554251, 'Surprised': 3.771763658733107e-05, 'Unknown': 0.002942642429843545}",17.
MATT,01:47:16,01:47:19,Neutral,"{'Angry': 2.3703455553913955e-07, 'Disgusted': 3.9216737945935165e-07, 'Fearful': 1.2294118789668573e-07, 'Happy': 6.527978371195786e-07, 'Neutral': 0.999996542930603, 'Other': 1.5282400056548795e-07, 'Sad': 1.4339690324050025e-06, 'Surprised': 5.9413750364001316e-08, 'Unknown': 3.482544741473248e-07}","Right, but what's the actual save? Is it wisdom, is it intelligence?"
LIAM,01:47:19,01:47:23,Neutral,"{'Angry': 0.0009423638111911714, 'Disgusted': 0.0018524090992286801, 'Fearful': 0.0005600225413218141, 'Happy': 0.02386065572500229, 'Neutral': 0.9393969178199768, 'Other': 7.070876017678529e-05, 'Sad': 0.03291165083646774, 'Surprised': 8.980446000350639e-05, 'Unknown': 0.00031549850245937705}","Well, I rolled pitifully, so it probably doesn't matter."
ORION,01:47:23,01:47:29,Neutral,"{'Angry': 0.20319144427776337, 'Disgusted': 0.009681710973381996, 'Fearful': 0.00155343406368047, 'Happy': 0.044829435646533966, 'Neutral': 0.6791220307350159, 'Other': 0.000396944786189124, 'Sad': 0.05551512911915779, 'Surprised': 0.005409630015492439, 'Unknown': 0.0003002178855240345}",I just know it's 120-foot range. Should write the other stuff down.
LAURA,01:47:29,01:47:33,Sad,"{'Angry': 0.12081857025623322, 'Disgusted': 0.041582509875297546, 'Fearful': 0.004120514262467623, 'Happy': 0.03141667693853378, 'Neutral': 0.10909891873598099, 'Other': 0.014550051651895046, 'Sad': 0.6660979390144348, 'Surprised': 0.011561337858438492, 'Unknown': 0.0007535118493251503}","Tiberius, was that really necessary?"
ORION,01:47:33,01:47:38,Sad,"{'Angry': 0.05044279992580414, 'Disgusted': 0.000963933183811605, 'Fearful': 0.0007078121998347342, 'Happy': 0.016108501702547073, 'Neutral': 0.014171237125992775, 'Other': 0.0004549404256977141, 'Sad': 0.9123738408088684, 'Surprised': 0.004665899556130171, 'Unknown': 0.00011096722300862893}","""No, it wasn't. But yes, I do have fireballs left."" And I dispel it immediately."
LIAM,01:47:38,01:47:40,Neutral,"{'Angry': 0.08744268119335175, 'Disgusted': 0.2891685664653778, 'Fearful': 0.0030275306198745966, 'Happy': 0.1762179434299469, 'Neutral': 0.29463332891464233, 'Other': 0.002462511882185936, 'Sad': 0.13560247421264648, 'Surprised': 0.011171379126608372, 'Unknown': 0.00027365313144400716}",(yells incoherently)
LAURA,01:47:40,01:47:41,Neutral,"{'Angry': 0.04316289722919464, 'Disgusted': 0.3392331004142761, 'Fearful': 0.0005279124015942216, 'Happy': 0.01148180104792118, 'Neutral': 0.5201385021209717, 'Other': 0.02942834235727787, 'Sad': 0.04801124334335327, 'Surprised': 0.007254381198436022, 'Unknown': 0.0007617923547513783}",Shh!
LIAM,01:47:41,01:47:44,Sad,"{'Angry': 0.005707865580916405, 'Disgusted': 0.00017840092186816037, 'Fearful': 5.651466199196875e-05, 'Happy': 6.686577398795635e-05, 'Neutral': 0.0003979654866270721, 'Other': 9.192948346026242e-05, 'Sad': 0.9934357404708862, 'Surprised': 4.9409027269575745e-05, 'Unknown': 1.527594395156484e-05}",I didn't know he was going to dispel it!
ORION,01:47:44,01:47:47,Angry,"{'Angry': 0.2826685309410095, 'Disgusted': 0.05735088139772415, 'Fearful': 0.0031634254846721888, 'Happy': 0.07917041331529617, 'Neutral': 0.16663403809070587, 'Other': 0.171329066157341, 'Sad': 0.23191404342651367, 'Surprised': 0.006094060372561216, 'Unknown': 0.0016754439566284418}",I'm unpredictable.
ASHLEY,01:47:47,01:47:55,Sad,"{'Angry': 0.003908197861164808, 'Disgusted': 0.00010118605860043317, 'Fearful': 5.380741276894696e-05, 'Happy': 0.0005242475308477879, 'Neutral': 0.002294012112542987, 'Other': 9.346906881546602e-05, 'Sad': 0.9924429059028625, 'Surprised': 0.0005726015660911798, 'Unknown': 9.580629921401851e-06}","Because I have Spiritual Weapon, maybe I can try to create a crazy-ass bomb type of thing."
SAM,01:47:55,01:47:57,Sad,"{'Angry': 0.045226890593767166, 'Disgusted': 0.02928515523672104, 'Fearful': 0.007293912582099438, 'Happy': 0.019123971462249756, 'Neutral': 0.01605950854718685, 'Other': 0.06483155488967896, 'Sad': 0.8104683756828308, 'Surprised': 0.007346280384808779, 'Unknown': 0.00036431654007174075}",We have a bomb.
MATT,01:47:57,01:48:12,Sad,"{'Angry': 8.359232742805034e-05, 'Disgusted': 9.771255236046272e-07, 'Fearful': 1.2406153473421e-06, 'Happy': 6.183956884342479e-06, 'Neutral': 2.2394406187231652e-05, 'Other': 6.774983489776787e-07, 'Sad': 0.9998817443847656, 'Surprised': 3.068599880862166e-06, 'Unknown': 4.792218888383104e-08}","You do know that the essence of Spiritual Weapon, it creates a weapon that is partially in form with your deity's weapon of choice or preference. It's mainly melee weapons. Nothing too intricate."
TALIESIN,01:48:12,01:48:14,Neutral,"{'Angry': 0.15463389456272125, 'Disgusted': 0.020954236388206482, 'Fearful': 0.0020291029941290617, 'Happy': 0.13766378164291382, 'Neutral': 0.54592365026474, 'Other': 0.0004813655687030405, 'Sad': 0.1293519288301468, 'Surprised': 0.008877311833202839, 'Unknown': 8.471645560348406e-05}",We are not making a holy hand grenade.
LAURA,01:48:14,01:48:17,Angry,"{'Angry': 0.38956141471862793, 'Disgusted': 0.007473161444067955, 'Fearful': 0.0021802671253681183, 'Happy': 0.09646577388048172, 'Neutral': 0.38423290848731995, 'Other': 0.0045220195315778255, 'Sad': 0.10819361358880997, 'Surprised': 0.006008465774357319, 'Unknown': 0.0013623364502564073}","We already have a bomb. Just throw it in, they attack it, we close them up."
TRAVIS,01:48:17,01:48:19,Neutral,"{'Angry': 0.09171326458454132, 'Disgusted': 0.013701274059712887, 'Fearful': 0.0007671286002732813, 'Happy': 0.03493903949856758, 'Neutral': 0.6557280421257019, 'Other': 0.025796089321374893, 'Sad': 0.16848935186862946, 'Surprised': 0.005154862999916077, 'Unknown': 0.0037110319826751947}",We've got a bomb.
ORION,01:48:19,01:48:26,Sad,"{'Angry': 0.12605060636997223, 'Disgusted': 0.00034394176327623427, 'Fearful': 0.000262843823293224, 'Happy': 0.006497414782643318, 'Neutral': 0.05753108859062195, 'Other': 9.589241381036118e-05, 'Sad': 0.8084545135498047, 'Surprised': 0.0007186292205005884, 'Unknown': 4.51778614660725e-05}","With what Vex is getting to, Percy, is if you could fashion such a thing, or if I could, I'll enchant it."
LAURA,01:48:26,01:48:33,Fearful,"{'Angry': 5.232847797742579e-06, 'Disgusted': 2.6243031925332616e-07, 'Fearful': 0.9999942779541016, 'Happy': 8.633721648720893e-08, 'Neutral': 5.817114345774144e-09, 'Other': 6.784264172665644e-08, 'Sad': 1.6688332493686175e-08, 'Surprised': 3.409286719602278e-08, 'Unknown': 3.6187279839339226e-09}","Throw a bomb, they attack it, then you can throw a fireball at the same time. We just have to get them in a cluster."
ORION,01:48:33,01:48:36,Neutral,"{'Angry': 2.5693325369502418e-05, 'Disgusted': 2.551100988057442e-05, 'Fearful': 3.9920587369124405e-06, 'Happy': 0.00031297950772568583, 'Neutral': 0.9993405938148499, 'Other': 3.248975190217607e-05, 'Sad': 6.66814303258434e-05, 'Surprised': 8.08835295629251e-07, 'Unknown': 0.00019128734129481018}",Can I attempt to imbue the bomb with a fireball in it?
MATT,01:48:36,01:48:39,Happy,"{'Angry': 5.199208317208104e-06, 'Disgusted': 4.4372038246365264e-05, 'Fearful': 2.7632771889329888e-05, 'Happy': 0.9931054711341858, 'Neutral': 0.005116814281791449, 'Other': 3.887536149704829e-05, 'Sad': 8.660598541609943e-05, 'Surprised': 8.848601851241256e-07, 'Unknown': 0.0015741623938083649}","No, that is a Delayed-Blast Fireball, which is a higher-level spell."
ORION,01:48:39,01:48:40,Neutral,"{'Angry': 3.6649007597588934e-06, 'Disgusted': 8.869842531566974e-06, 'Fearful': 3.230568950129964e-07, 'Happy': 2.5753026420716196e-05, 'Neutral': 0.9999589920043945, 'Other': 4.523198526840133e-07, 'Sad': 1.2236816928634653e-06, 'Surprised': 4.2286401935598406e-07, 'Unknown': 2.6522030793785234e-07}",Okay.
ASHLEY,01:48:40,01:48:41,Neutral,"{'Angry': 0.04033573344349861, 'Disgusted': 0.014499319717288017, 'Fearful': 0.0418301522731781, 'Happy': 0.04214906319975853, 'Neutral': 0.7318733930587769, 'Other': 9.090962703339756e-05, 'Sad': 0.023045139387249947, 'Surprised': 0.1060928925871849, 'Unknown': 8.328028343385085e-05}",Throw the bomb in.
TRAVIS,01:48:41,01:48:44,Neutral,"{'Angry': 2.5609390909980823e-12, 'Disgusted': 1.1606942620576155e-13, 'Fearful': 2.8017049604248632e-14, 'Happy': 3.93968581716142e-12, 'Neutral': 1.0, 'Other': 9.352300834805649e-15, 'Sad': 7.454125858230576e-12, 'Surprised': 7.319224436599936e-13, 'Unknown': 6.988006229441748e-14}","Scanlan, toss it."
SAM,01:48:44,01:48:48,Happy,"{'Angry': 0.0033370554447174072, 'Disgusted': 0.005388391204178333, 'Fearful': 0.004222903400659561, 'Happy': 0.5716992020606995, 'Neutral': 0.2134019285440445, 'Other': 0.019799133762717247, 'Sad': 0.004229079466313124, 'Surprised': 0.11774792522192001, 'Unknown': 0.06017432361841202}","I'm not a good thrower. Is that what you call it, thrower?"
MARISHA,01:48:48,01:48:51,Neutral,"{'Angry': 1.864782286919997e-11, 'Disgusted': 2.0938645782508924e-12, 'Fearful': 5.199688878250452e-13, 'Happy': 7.982270400219704e-11, 'Neutral': 1.0, 'Other': 2.2420941785030596e-13, 'Sad': 7.547652086659085e-11, 'Surprised': 6.7482313140243555e-12, 'Unknown': 6.646571856262773e-13}","Here, give it to me and I'll go in as an elemental."
LAURA,01:48:51,01:48:54,Neutral,"{'Angry': 6.788373752009136e-10, 'Disgusted': 4.0274056312128437e-10, 'Fearful': 1.7645582217618028e-10, 'Happy': 1.607563682171076e-08, 'Neutral': 1.0, 'Other': 2.6045658685358575e-11, 'Sad': 6.068035851569675e-09, 'Surprised': 9.202590356416351e-10, 'Unknown': 2.2355842871357723e-11}",Just throw it!
SAM,01:48:54,01:48:57,Neutral,"{'Angry': 1.1206874051808077e-13, 'Disgusted': 4.056134158473938e-15, 'Fearful': 7.486968690010492e-16, 'Happy': 1.5393545813036091e-13, 'Neutral': 1.0, 'Other': 8.219439901753056e-16, 'Sad': 3.4763015491386107e-13, 'Surprised': 6.242968246311306e-14, 'Unknown': 3.0888890247958867e-15}",Then you'll have to hit it to light it.
ASHLEY,01:48:57,01:49:01,Neutral,"{'Angry': 4.5239978890875346e-14, 'Disgusted': 1.6695373026637738e-15, 'Fearful': 2.379697507756982e-16, 'Happy': 5.801177545066913e-14, 'Neutral': 1.0, 'Other': 4.0108352070316927e-16, 'Sad': 1.393510822142105e-13, 'Surprised': 2.564470344250131e-14, 'Unknown': 1.1426372814506841e-15}",Who has really good dexterity?
SAM,01:49:01,01:49:05,Neutral,"{'Angry': 0.0003925997589249164, 'Disgusted': 0.0003725424176082015, 'Fearful': 6.707883585477248e-05, 'Happy': 0.006641277577728033, 'Neutral': 0.9898674488067627, 'Other': 0.0003794466028921306, 'Sad': 0.00017806128016673028, 'Surprised': 0.0002262384950881824, 'Unknown': 0.0018753836629912257}",I have a bomb.
ORION,01:49:05,01:49:06,Neutral,"{'Angry': 1.8907984440375003e-06, 'Disgusted': 4.0357673469770816e-07, 'Fearful': 3.199697928835121e-08, 'Happy': 3.4341403534199344e-06, 'Neutral': 0.9999935626983643, 'Other': 6.168472310719153e-08, 'Sad': 2.2494413087770226e-07, 'Surprised': 3.8761621112826106e-07, 'Unknown': 6.490272763670646e-09}","Hold it out in your hand, please."
SAM,01:49:06,01:49:09,Neutral,"{'Angry': 4.068920200772652e-11, 'Disgusted': 7.407680371884773e-12, 'Fearful': 1.780507165316525e-12, 'Happy': 1.265767213265434e-10, 'Neutral': 1.0, 'Other': 8.292565310645539e-13, 'Sad': 1.574978203411348e-10, 'Surprised': 1.7056937459680732e-11, 'Unknown': 2.557395267777096e-12}",I don't want to touch it. It's a saddlebag bomb.
LIAM,01:49:09,01:49:12,Neutral,"{'Angry': 1.3492900130529506e-09, 'Disgusted': 5.1984826165973885e-11, 'Fearful': 1.701813169552313e-11, 'Happy': 2.4143812993315805e-07, 'Neutral': 0.9999997615814209, 'Other': 6.21450428010123e-13, 'Sad': 5.2729345334512345e-09, 'Surprised': 4.1890202417960154e-10, 'Unknown': 2.0874439329854333e-12}",I'm not trying to get it into a basket.
LAURA,01:49:12,01:49:14,Neutral,"{'Angry': 5.4239931990274215e-11, 'Disgusted': 1.5042821155386576e-11, 'Fearful': 1.8019555032139367e-12, 'Happy': 1.5581150814014677e-09, 'Neutral': 1.0, 'Other': 1.1452157581623434e-12, 'Sad': 7.112621047689061e-10, 'Surprised': 8.343899876583905e-11, 'Unknown': 9.418634492122657e-13}",We just need to throw it into the cave.
ORION,01:49:14,01:49:20,Neutral,"{'Angry': 7.973084414913956e-10, 'Disgusted': 3.7690048998451076e-11, 'Fearful': 4.800387084363811e-12, 'Happy': 6.267824925743071e-09, 'Neutral': 1.0, 'Other': 9.48268048285572e-13, 'Sad': 6.946108688232755e-10, 'Surprised': 9.525179950342633e-11, 'Unknown': 2.718358524389508e-12}","I cast Telekinesis. I pick up the bomb, and I start guiding it into the cave."
LAURA,01:49:20,01:49:22,Neutral,"{'Angry': 0.02579100988805294, 'Disgusted': 0.003609895007684827, 'Fearful': 0.00036069611087441444, 'Happy': 0.009799638763070107, 'Neutral': 0.95377117395401, 'Other': 0.0010684236185625196, 'Sad': 0.004193897824734449, 'Surprised': 0.001068922458216548, 'Unknown': 0.00033634237479418516}",Is it so hard to just throw a freaking bomb into a cave?
SAM,01:49:22,01:49:24,Neutral,"{'Angry': 0.0005549756460823119, 'Disgusted': 0.0002845647104550153, 'Fearful': 0.00017810611461754888, 'Happy': 0.03626959025859833, 'Neutral': 0.7197003364562988, 'Other': 0.00039592350367456675, 'Sad': 0.00020922381372656673, 'Surprised': 0.24161995947360992, 'Unknown': 0.0007874073926359415}",It's already in!
ORION,01:49:24,01:49:25,Neutral,"{'Angry': 0.0033325916156172752, 'Disgusted': 0.0004699529963545501, 'Fearful': 0.0025489828549325466, 'Happy': 0.01113960612565279, 'Neutral': 0.9440654516220093, 'Other': 4.7680521674919873e-05, 'Sad': 0.0015669075073674321, 'Surprised': 0.0368158183991909, 'Unknown': 1.2986861293029506e-05}","Pay attention, ranger."
MATT,01:49:25,01:49:30,Neutral,"{'Angry': 1.3891176403602046e-11, 'Disgusted': 1.2480591646962802e-12, 'Fearful': 3.219207127432011e-13, 'Happy': 3.468880044321665e-11, 'Neutral': 1.0, 'Other': 1.0907561746181793e-13, 'Sad': 4.075327922348215e-11, 'Surprised': 6.331642675438953e-12, 'Unknown': 3.3341284919573277e-13}",So the bomb that was constructed ages ago by Percy that was originally intended to put on a summoned pony.
SAM,01:49:30,01:49:32,Happy,"{'Angry': 0.00018806518346536905, 'Disgusted': 0.0004607551672961563, 'Fearful': 0.0007712599472142756, 'Happy': 0.8325502276420593, 'Neutral': 0.15999791026115417, 'Other': 0.0003003244928549975, 'Sad': 0.0008462825207971036, 'Surprised': 0.00010142783139599487, 'Unknown': 0.004783825017511845}",Yes. Never got to use it.
MATT,01:49:32,01:49:37,Neutral,"{'Angry': 1.6831474567879923e-05, 'Disgusted': 4.058337435708381e-05, 'Fearful': 6.438213858928066e-06, 'Happy': 0.00029850468854419887, 'Neutral': 0.9986943602561951, 'Other': 7.10388776496984e-05, 'Sad': 0.0004283947346266359, 'Surprised': 4.1102774162027345e-07, 'Unknown': 0.000443495373474434}","But now is finally being used. Tiberius, you approach the edge of the cavern. Make a stealth check."
ASHLEY,01:49:37,01:49:40,Neutral,"{'Angry': 7.127782168936392e-07, 'Disgusted': 2.5538497538946103e-06, 'Fearful': 2.5576448479114333e-06, 'Happy': 1.3137275345798116e-05, 'Neutral': 0.9999276399612427, 'Other': 1.0441220865686773e-06, 'Sad': 2.4508835849701427e-05, 'Surprised': 5.948426107238447e-08, 'Unknown': 2.780604518193286e-05}",How do we light it?
LAURA,01:49:40,01:49:46,Neutral,"{'Angry': 1.179001693366391e-13, 'Disgusted': 4.271745971681047e-15, 'Fearful': 8.76912881501643e-16, 'Happy': 1.4226006440562489e-13, 'Neutral': 1.0, 'Other': 8.541389184070535e-16, 'Sad': 4.2228845203648446e-13, 'Surprised': 6.01779097473415e-14, 'Unknown': 3.1269930136863583e-15}",A stealth check.
ORION,01:49:46,01:49:48,Neutral,"{'Angry': 3.813650784056932e-11, 'Disgusted': 3.3303229965420122e-12, 'Fearful': 7.59360673299736e-13, 'Happy': 6.448207245934867e-11, 'Neutral': 1.0, 'Other': 4.0561927731538883e-13, 'Sad': 7.147295255638397e-11, 'Surprised': 6.1605633788763825e-12, 'Unknown': 2.1921589977297318e-12}",I'm still invisible.
MATT,01:49:48,01:49:50,Neutral,"{'Angry': 3.844217695905816e-13, 'Disgusted': 1.3419032222482686e-14, 'Fearful': 3.0606330644666674e-15, 'Happy': 4.622343631986714e-13, 'Neutral': 1.0, 'Other': 1.748846056306378e-15, 'Sad': 1.4835267346177683e-12, 'Surprised': 1.366192993153617e-13, 'Unknown': 9.122560935554812e-15}","Right, so you would have advantage on that."
ORION,01:49:50,01:49:51,Neutral,"{'Angry': 1.5302294968932983e-06, 'Disgusted': 3.052249297752496e-08, 'Fearful': 2.927888331782924e-08, 'Happy': 1.3842472981195897e-05, 'Neutral': 0.9999637603759766, 'Other': 5.336130204369738e-09, 'Sad': 2.0613602828234434e-05, 'Surprised': 1.8161262005378376e-07, 'Unknown': 2.0985725657229892e-10}",Oh. Dope.
LAURA,01:49:51,01:49:52,Disgusted,"{'Angry': 0.005097443237900734, 'Disgusted': 0.9091851711273193, 'Fearful': 0.0008618776919320226, 'Happy': 0.013972083106637001, 'Neutral': 0.026089686900377274, 'Other': 0.007507942151278257, 'Sad': 0.010917064733803272, 'Surprised': 0.025901226326823235, 'Unknown': 0.0004674227093346417}",And you have Pass Without a Trace.
ORION,01:49:52,01:49:54,Neutral,"{'Angry': 2.457056552884751e-06, 'Disgusted': 2.4712542654015124e-05, 'Fearful': 8.349682616426435e-07, 'Happy': 1.921513285196852e-05, 'Neutral': 0.9999393224716187, 'Other': 2.575240841906634e-06, 'Sad': 8.520526534994133e-06, 'Surprised': 1.3255584008220467e-06, 'Unknown': 1.133663090513437e-06}","Yes. What's with that, so."
MATT,01:49:54,01:49:59,Neutral,"{'Angry': 1.4190859598528505e-09, 'Disgusted': 4.991494439998689e-10, 'Fearful': 1.2707720986604443e-10, 'Happy': 5.653744583611342e-09, 'Neutral': 1.0, 'Other': 2.083592187673844e-10, 'Sad': 1.1470478789021854e-08, 'Surprised': 1.3229321804697491e-10, 'Unknown': 1.090042944795755e-09}",Invisibility and Telekinesis are both concentration spells. You would lose your Invisibility to cast Telekinesis.
ORION,01:49:59,01:50:01,Neutral,"{'Angry': 8.307990356115624e-05, 'Disgusted': 3.421964720473625e-05, 'Fearful': 0.00032462331000715494, 'Happy': 0.0013896472519263625, 'Neutral': 0.9973260164260864, 'Other': 2.0081079128431156e-05, 'Sad': 0.000708295323420316, 'Surprised': 8.791454456513748e-05, 'Unknown': 2.611857962619979e-05}","All right. Well, I rolled 21."
MATT,01:50:01,01:50:04,Neutral,"{'Angry': 0.0016590061131864786, 'Disgusted': 0.002061194973066449, 'Fearful': 0.00039670561091043055, 'Happy': 0.0012765199644491076, 'Neutral': 0.9910673499107361, 'Other': 0.00011583667219383642, 'Sad': 0.0030286379624158144, 'Surprised': 0.0002824445837177336, 'Unknown': 0.00011228441871935502}",A 21 total? On the first roll.
ORION,01:50:04,01:50:06,Happy,"{'Angry': 1.942750031957985e-06, 'Disgusted': 1.6947294625424547e-06, 'Fearful': 2.6048076051665703e-07, 'Happy': 0.9998486042022705, 'Neutral': 0.0001420401968061924, 'Other': 1.0175952525059984e-07, 'Sad': 2.0884765490336576e-06, 'Surprised': 3.117809910690994e-06, 'Unknown': 1.5478579484806687e-07}",Yes. I rolled a 13 the second time.
MATT,01:50:06,01:50:27,Happy,"{'Angry': 2.649303780799528e-07, 'Disgusted': 1.593371962371748e-06, 'Fearful': 7.680583848923561e-07, 'Happy': 0.9999847412109375, 'Neutral': 1.4203269529389217e-06, 'Other': 6.517142992379377e-06, 'Sad': 2.0900761228404008e-06, 'Surprised': 1.9931155748054152e-06, 'Unknown': 5.862845569026831e-07}","Okay, got you. So as you make your way up to the edge of the cavern, you come in partially, you guide the bomb towards the back, and you lob it towards the far end. This large, awkward saddlebag-style construct of Percy's design, made of leather, metal bands, hits the back wall--"
TALIESIN,01:50:27,01:50:28,Neutral,"{'Angry': 0.17107976973056793, 'Disgusted': 0.00993651058524847, 'Fearful': 0.0015229922719299793, 'Happy': 0.020156627520918846, 'Neutral': 0.7885913848876953, 'Other': 2.335700082767289e-05, 'Sad': 0.007462887093424797, 'Surprised': 0.0012048090575262904, 'Unknown': 2.1607896997011267e-05}",I was very proud of that.
ORION,01:50:28,01:50:30,Neutral,"{'Angry': 8.716041520528961e-06, 'Disgusted': 2.671544507393264e-06, 'Fearful': 4.1592178945393243e-07, 'Happy': 0.00011700524919433519, 'Neutral': 0.9998621940612793, 'Other': 3.06693209495279e-07, 'Sad': 4.315922069508815e-06, 'Surprised': 4.189163973933319e-06, 'Unknown': 1.2353295630873617e-07}","As soon as I let go, I cast Invisibility on myself again."
MATT,01:50:30,01:50:33,Neutral,"{'Angry': 8.957102095620562e-13, 'Disgusted': 3.0507033395776526e-14, 'Fearful': 8.102917073210189e-15, 'Happy': 1.025897249096186e-12, 'Neutral': 1.0, 'Other': 2.9803165533750673e-15, 'Sad': 2.8721337374387756e-12, 'Surprised': 2.6791036836920634e-13, 'Unknown': 2.1548143789586714e-14}",Okay.
ORION,01:50:33,01:50:36,Neutral,"{'Angry': 0.0008363306405954063, 'Disgusted': 0.0008726238156668842, 'Fearful': 0.00010002683120546862, 'Happy': 0.022486519068479538, 'Neutral': 0.9667963981628418, 'Other': 0.001171967014670372, 'Sad': 0.00034862218308262527, 'Surprised': 7.662727875867859e-05, 'Unknown': 0.007310919929295778}",I'm going to wait. What happens?
TRAVIS,01:50:36,01:50:37,Neutral,"{'Angry': 0.0018334012711420655, 'Disgusted': 0.002150842919945717, 'Fearful': 0.00047580647515133023, 'Happy': 0.06829569488763809, 'Neutral': 0.9197524785995483, 'Other': 4.723740858025849e-05, 'Sad': 0.002930163638666272, 'Surprised': 0.004496082663536072, 'Unknown': 1.8239870769320987e-05}","Yeah, you wait and see what happens."
MATT,01:50:37,01:50:49,Neutral,"{'Angry': 1.5677103874622844e-05, 'Disgusted': 2.6276100470568053e-05, 'Fearful': 4.029539468319854e-06, 'Happy': 0.012174494564533234, 'Neutral': 0.9875707626342773, 'Other': 1.8940769223263487e-05, 'Sad': 0.00014649231161456555, 'Surprised': 7.5341463343647774e-06, 'Unknown': 3.5791494156001136e-05}","Okay. The bomb hits the wall, hits the ground, tumbles for a second, awkwardly slumps over on itself. At which point, in a blur of motion, the strange hissing sound, a bunch of momentum hits the room and you see all these creatures begin attacking it--"
ORION,01:50:49,01:50:53,Neutral,"{'Angry': 0.00021229000412859023, 'Disgusted': 0.0002156571572413668, 'Fearful': 0.0008550271159037948, 'Happy': 0.005042877979576588, 'Neutral': 0.987975001335144, 'Other': 4.622184133040719e-05, 'Sad': 0.004813072271645069, 'Surprised': 5.7523848226992413e-05, 'Unknown': 0.0007822746993042529}","As soon as I hear that noise, Fireball."
LAURA,01:50:53,01:50:55,Neutral,"{'Angry': 0.14436852931976318, 'Disgusted': 0.04122910648584366, 'Fearful': 0.0013771189842373133, 'Happy': 0.1118004322052002, 'Neutral': 0.643201470375061, 'Other': 0.0023201871663331985, 'Sad': 0.04954855144023895, 'Surprised': 0.004003498237580061, 'Unknown': 0.0021509667858481407}",What's the point of the bomb? Why not just do that?
LAURA,01:50:55,01:50:56,Neutral,"{'Angry': 0.03623369708657265, 'Disgusted': 0.004887969233095646, 'Fearful': 0.0011403154348954558, 'Happy': 0.02129172533750534, 'Neutral': 0.8345937728881836, 'Other': 4.9008376663550735e-05, 'Sad': 0.09537504613399506, 'Surprised': 0.00638378644362092, 'Unknown': 4.468719635042362e-05}","You're right, it will, yeah."
MATT,01:50:56,01:51:03,Neutral,"{'Angry': 0.002481757430359721, 'Disgusted': 0.002609984716400504, 'Fearful': 0.0003282147808931768, 'Happy': 0.0029152631759643555, 'Neutral': 0.9844481945037842, 'Other': 0.00012062607856933028, 'Sad': 0.006211910396814346, 'Surprised': 0.0002925512380897999, 'Unknown': 0.000591594260185957}","So. The fireball impacts the far end of the wall, where the cluster of these strange worm creatures are. It explodes with a large, blasting, echoing explosion sound."
SAM,01:51:03,01:51:04,Neutral,"{'Angry': 3.3012174753821455e-06, 'Disgusted': 4.5178530854173005e-06, 'Fearful': 4.585284386848798e-06, 'Happy': 1.5015511053206865e-05, 'Neutral': 0.9999221563339233, 'Other': 4.447625201464689e-07, 'Sad': 3.7609530409099534e-05, 'Surprised': 1.2155072909081355e-05, 'Unknown': 1.1968451474331232e-07}",I'm doing this.
MATT,01:51:04,01:51:07,Neutral,"{'Angry': 8.436900316155516e-07, 'Disgusted': 4.48696624744116e-07, 'Fearful': 3.0808422479822184e-07, 'Happy': 7.044066296657547e-05, 'Neutral': 0.9999042749404907, 'Other': 5.024027700528677e-07, 'Sad': 2.1034520614193752e-05, 'Surprised': 1.7856217482403736e-06, 'Unknown': 4.0671383771950786e-07}",Hold your ears. Roll damage on that.
ASHLEY,01:51:07,01:51:13,Neutral,"{'Angry': 1.4780731362407096e-05, 'Disgusted': 1.8240925783175044e-05, 'Fearful': 4.53697202829062e-06, 'Happy': 0.0001608659658813849, 'Neutral': 0.9997525811195374, 'Other': 2.9219654607004486e-06, 'Sad': 2.795196633087471e-05, 'Surprised': 7.401616244351317e-07, 'Unknown': 1.7289821698796004e-05}",I take my shield and put it in front of a couple people.
TALIESIN,01:51:13,01:51:17,Sad,"{'Angry': 0.31906232237815857, 'Disgusted': 0.02308122254908085, 'Fearful': 0.029310977086424828, 'Happy': 0.010859319008886814, 'Neutral': 0.1737561821937561, 'Other': 0.006203423719853163, 'Sad': 0.42124685645103455, 'Surprised': 0.014841481111943722, 'Unknown': 0.001638247398659587}","Scanlan, is there any way you could absorb this sound?"
MARISHA,01:51:17,01:51:18,Angry,"{'Angry': 0.6843942999839783, 'Disgusted': 0.00894085131585598, 'Fearful': 0.0034348845947533846, 'Happy': 0.0126574682071805, 'Neutral': 0.1632624864578247, 'Other': 0.023013697937130928, 'Sad': 0.07461585104465485, 'Surprised': 0.012873006984591484, 'Unknown': 0.01680746302008629}","Yeah, could we cast Silence?"
SAM,01:51:18,01:51:21,Neutral,"{'Angry': 1.7364550330967177e-07, 'Disgusted': 1.9895336933473118e-08, 'Fearful': 3.869119424848577e-08, 'Happy': 2.744716312008677e-06, 'Neutral': 0.999778687953949, 'Other': 4.80086148613168e-09, 'Sad': 0.00021825720614288002, 'Surprised': 1.3327881021041321e-08, 'Unknown': 5.174549233544212e-09}",Nope. He can't. Too late. He's casting like seven spells right now.
MATT,01:51:21,01:51:30,Neutral,"{'Angry': 1.130071383692588e-10, 'Disgusted': 3.8649392714029673e-11, 'Fearful': 1.3256393378846543e-11, 'Happy': 5.883257214733817e-10, 'Neutral': 1.0, 'Other': 3.677707444138534e-12, 'Sad': 8.225345404788698e-10, 'Surprised': 1.317078529572413e-10, 'Unknown': 7.339246398119226e-12}",All right. How much damage is that?
LIAM,01:51:30,01:51:34,Disgusted,"{'Angry': 0.1288878619670868, 'Disgusted': 0.8697928786277771, 'Fearful': 0.000535481667611748, 'Happy': 0.0005428043659776449, 'Neutral': 8.249708480434492e-05, 'Other': 1.0388777809566818e-05, 'Sad': 7.534762698924169e-05, 'Surprised': 6.14123055129312e-05, 'Unknown': 1.1318543329252861e-05}","Once we finish this math, this explosion is going to be really cool."
ORION,01:51:34,01:51:36,Other,"{'Angry': 9.85364295047475e-07, 'Disgusted': 2.802643166432972e-07, 'Fearful': 4.509556674747728e-06, 'Happy': 7.133988674468128e-06, 'Neutral': 4.962680122844176e-06, 'Other': 0.9999725818634033, 'Sad': 7.84086478233803e-06, 'Surprised': 2.3501706891693175e-07, 'Unknown': 1.5356024505308596e-06}",32.
ORION,01:51:36,01:51:37,Neutral,"{'Angry': 0.007238208781927824, 'Disgusted': 0.008494504727423191, 'Fearful': 0.0005878132651560009, 'Happy': 0.23165011405944824, 'Neutral': 0.45649203658103943, 'Other': 0.0004548899014480412, 'Sad': 0.007596172858029604, 'Surprised': 0.2874046266078949, 'Unknown': 8.162286394508556e-05}",Yeah.
MATT,01:51:37,01:51:50,Neutral,"{'Angry': 1.6251457068960917e-08, 'Disgusted': 1.2147906147674803e-07, 'Fearful': 1.053582465715408e-08, 'Happy': 8.001622973097255e-07, 'Neutral': 0.9999980926513672, 'Other': 4.244253659635433e-08, 'Sad': 8.430220077570993e-07, 'Surprised': 5.040076800355564e-09, 'Unknown': 9.571471082381322e-08}","That blasts open. Percy, roll 4d6 points of damage from the actual bomb as the fireball detonates the saddlebag simultaneously with the explosion of the fireball."
TALIESIN,01:51:50,01:51:51,Neutral,"{'Angry': 0.05083807185292244, 'Disgusted': 2.3700387828284875e-05, 'Fearful': 8.670403985888697e-06, 'Happy': 0.030988899990916252, 'Neutral': 0.9177737236022949, 'Other': 2.1802661649417132e-06, 'Sad': 6.317759834928438e-05, 'Surprised': 0.00030142185278236866, 'Unknown': 1.0367300973257443e-07}",14 points of damage. 4d6.
MATT,01:51:51,01:52:02,Neutral,"{'Angry': 0.006948528811335564, 'Disgusted': 0.00010383014159742743, 'Fearful': 0.0005261831101961434, 'Happy': 0.23350737988948822, 'Neutral': 0.7521765232086182, 'Other': 0.00011639697186183184, 'Sad': 0.004101205617189407, 'Surprised': 0.0024777136277407408, 'Unknown': 4.2220926843583584e-05}","Okay, all right, great. So simultaneously you guys hear (explosion noises). You can feel the sand shift and move and some part of the beach, some of the gravel moves and rocks a little bit."
TALIESIN,01:52:02,01:52:03,Neutral,"{'Angry': 0.003030340652912855, 'Disgusted': 0.0016868500970304012, 'Fearful': 0.0011133338557556272, 'Happy': 0.024651478976011276, 'Neutral': 0.8342849016189575, 'Other': 0.00015778117813169956, 'Sad': 0.1238873302936554, 'Surprised': 0.011103114113211632, 'Unknown': 8.483058627462015e-05}","Oh, god."
MATT,01:52:03,01:52:09,Sad,"{'Angry': 0.27046242356300354, 'Disgusted': 0.0025133821181952953, 'Fearful': 0.004424703773111105, 'Happy': 0.007320677861571312, 'Neutral': 0.07481561601161957, 'Other': 0.0005229052039794624, 'Sad': 0.6386789679527283, 'Surprised': 0.000501849630381912, 'Unknown': 0.0007595053175464272}",Pitch-black smoke comes pouring out of the cavern. You have to guard yourself.
LIAM,01:52:09,01:52:11,Sad,"{'Angry': 3.489103983156383e-05, 'Disgusted': 3.148104951833375e-05, 'Fearful': 0.0027371160686016083, 'Happy': 9.36286523938179e-05, 'Neutral': 1.5367826563306153e-05, 'Other': 0.001429958501830697, 'Sad': 0.9956098198890686, 'Surprised': 4.004109723609872e-05, 'Unknown': 7.68492100178264e-06}",That's going to attract some attention.
MATT,01:52:11,01:52:32,Happy,"{'Angry': 0.001592309563420713, 'Disgusted': 0.030569428578019142, 'Fearful': 0.006071347277611494, 'Happy': 0.8490831851959229, 'Neutral': 0.028173871338367462, 'Other': 0.0010094228200614452, 'Sad': 0.003921508323401213, 'Surprised': 0.07900691032409668, 'Unknown': 0.000572039803955704}","As the smoke slowly clears, you get a glance in there and you can see there are bits and pieces and chunks of grick matter across the wall and the inside of the cavern, with some gaping half-bodies of these creatures torn open from the explosion. There is nothing living and nothing moving from what you can see at the center of this cavern."
SAM,01:52:32,01:52:34,Sad,"{'Angry': 0.0029690286610275507, 'Disgusted': 0.0024938362184911966, 'Fearful': 0.0004392995615489781, 'Happy': 0.28813499212265015, 'Neutral': 0.00559725658968091, 'Other': 0.030501991510391235, 'Sad': 0.6667108535766602, 'Surprised': 0.0026453551836311817, 'Unknown': 0.0005074479850009084}",Let's go in!
MATT,01:52:34,01:52:37,Neutral,"{'Angry': 2.4416091978091137e-13, 'Disgusted': 8.696444917812539e-15, 'Fearful': 1.9323284275164733e-15, 'Happy': 2.8638121605042977e-13, 'Neutral': 1.0, 'Other': 1.3711253718845973e-15, 'Sad': 8.678938102045508e-13, 'Surprised': 9.918196770602669e-14, 'Unknown': 6.298965594454288e-15}",The occasional (dripping sounds) chunks dripping off the ceiling.
ASHLEY,01:52:37,01:52:39,Neutral,"{'Angry': 0.00021744043624494225, 'Disgusted': 1.1916452422155999e-05, 'Fearful': 9.781338121683802e-07, 'Happy': 0.04760574549436569, 'Neutral': 0.9514874219894409, 'Other': 6.204685973898449e-07, 'Sad': 0.0006672028684988618, 'Surprised': 8.474271453451365e-06, 'Unknown': 1.7762791060249583e-07}",Is the magic dispelled? For sure?
LAURA,01:52:39,01:52:40,Neutral,"{'Angry': 0.0003394859959371388, 'Disgusted': 0.0002727591781876981, 'Fearful': 6.808406760683283e-05, 'Happy': 0.0025965464301407337, 'Neutral': 0.9936168193817139, 'Other': 6.635551926592598e-06, 'Sad': 0.00022444347268901765, 'Surprised': 0.0028726160526275635, 'Unknown': 2.6084237561008194e-06}","Take a couple steps in, and perception."
LIAM,01:52:40,01:52:44,Happy,"{'Angry': 0.0004728846834041178, 'Disgusted': 0.0033192867413163185, 'Fearful': 0.0010881276102736592, 'Happy': 0.6985970735549927, 'Neutral': 0.24977348744869232, 'Other': 0.0022863000631332397, 'Sad': 0.004834091290831566, 'Surprised': 0.00025758505216799676, 'Unknown': 0.03937110677361488}",15.
TALIESIN,01:52:44,01:52:47,Neutral,"{'Angry': 0.00027659256011247635, 'Disgusted': 0.0002949537301901728, 'Fearful': 7.992933387868106e-05, 'Happy': 0.0005874901544302702, 'Neutral': 0.997755229473114, 'Other': 1.2750623682222795e-05, 'Sad': 0.0008746260427869856, 'Surprised': 9.581837366567925e-05, 'Unknown': 2.268875323352404e-05}",It was a very good bomb.
SAM,01:52:47,01:52:49,Neutral,"{'Angry': 0.000291955191642046, 'Disgusted': 0.0001773523836163804, 'Fearful': 0.0010140292579308152, 'Happy': 0.3125234544277191, 'Neutral': 0.36410656571388245, 'Other': 0.00016052168211899698, 'Sad': 0.32128193974494934, 'Surprised': 0.0003833120863419026, 'Unknown': 6.089355520089157e-05}",Thank you for crafting it for me. What do I owe you?
TALIESIN,01:52:49,01:52:53,Surprised,"{'Angry': 0.002433973364531994, 'Disgusted': 4.4723303290084004e-05, 'Fearful': 0.004364760126918554, 'Happy': 0.17645666003227234, 'Neutral': 0.00014281230687629431, 'Other': 0.008542909286916256, 'Sad': 0.002090742578729987, 'Surprised': 0.8058737516403198, 'Unknown': 4.961047670803964e-05}","Your life, at this point. And a song. You owe me a song."
SAM,01:52:53,01:52:55,Neutral,"{'Angry': 9.254780275469443e-10, 'Disgusted': 5.513184908600977e-10, 'Fearful': 1.5279776055532324e-10, 'Happy': 1.5769456851444374e-08, 'Neutral': 1.0, 'Other': 5.861223312253472e-11, 'Sad': 6.6945511356664156e-09, 'Surprised': 1.5759286098315783e-09, 'Unknown': 7.240254229490262e-11}",Maybe start on a new one.
MATT,01:52:55,01:53:13,Neutral,"{'Angry': 3.8283375222106925e-14, 'Disgusted': 1.3949347268780868e-15, 'Fearful': 2.1689719893945673e-16, 'Happy': 5.003847474717958e-14, 'Neutral': 1.0, 'Other': 4.1279203066328586e-16, 'Sad': 1.4974389187395049e-13, 'Surprised': 2.062052751586243e-14, 'Unknown': 1.0814268690338257e-15}","Okay, glancing through? You can see the small tunnels that these creatures house themselves in as a defensive position. These creatures are not hunters, they're more scavengers, but they fight in packs and wait for things to find their way in. This tunnel was definitely a place where they do that to keep fed. However, this tunnel appears to be empty other than the strange phenomenon of this energy in the tunnel."
ORION,01:53:13,01:53:15,Neutral,"{'Angry': 0.0004352354444563389, 'Disgusted': 0.0002729367115534842, 'Fearful': 9.968753147404641e-05, 'Happy': 0.12125380337238312, 'Neutral': 0.8768029808998108, 'Other': 4.5518048864323646e-05, 'Sad': 0.0006933142431080341, 'Surprised': 0.0003050313680432737, 'Unknown': 9.15045166038908e-05}",I feel we should camp here for the night.
ORION,01:53:15,01:53:18,Neutral,"{'Angry': 0.0010577712673693895, 'Disgusted': 0.0004555009363684803, 'Fearful': 3.967306111007929e-05, 'Happy': 0.0005065034492872655, 'Neutral': 0.9973236322402954, 'Other': 2.5288656615884975e-05, 'Sad': 0.00010036034655058756, 'Surprised': 0.00029286090284585953, 'Unknown': 0.00019835319835692644}","Or day, whenever the heck."
LAURA,01:53:18,01:53:23,Neutral,"{'Angry': 0.00023904742556624115, 'Disgusted': 0.00030398761737160385, 'Fearful': 1.7509670215076767e-05, 'Happy': 0.04246268793940544, 'Neutral': 0.9564046263694763, 'Other': 7.672074571019039e-05, 'Sad': 0.00022047740640118718, 'Surprised': 5.0179132813354954e-05, 'Unknown': 0.00022479378094431013}",Is there anything that can come through the portal?
TALIESIN,01:53:23,01:53:25,Neutral,"{'Angry': 0.0022663939744234085, 'Disgusted': 0.005204232409596443, 'Fearful': 0.0020219171419739723, 'Happy': 0.01655271276831627, 'Neutral': 0.9449593424797058, 'Other': 0.0001111558303819038, 'Sad': 0.002205000026151538, 'Surprised': 0.02658955566585064, 'Unknown': 8.969641203293577e-05}",It's more just an energy shield.
SAM,01:53:25,01:53:27,Neutral,"{'Angry': 0.00038750984822399914, 'Disgusted': 0.00036942696897313, 'Fearful': 0.0001858574541984126, 'Happy': 0.008946824818849564, 'Neutral': 0.9884578585624695, 'Other': 7.385485514532775e-05, 'Sad': 0.0009571461123414338, 'Surprised': 0.0005643850890919566, 'Unknown': 5.714887083740905e-05}","Before we plan something, is there a portal or something?"
LIAM,01:53:27,01:53:30,Neutral,"{'Angry': 0.001856318791396916, 'Disgusted': 0.02243906632065773, 'Fearful': 0.02295471541583538, 'Happy': 0.027457864955067635, 'Neutral': 0.794457733631134, 'Other': 0.00558614544570446, 'Sad': 0.11326926946640015, 'Surprised': 0.010470397770404816, 'Unknown': 0.0015084032202139497}",Something funky in here.
ORION,01:53:30,01:53:32,Neutral,"{'Angry': 0.3076166808605194, 'Disgusted': 0.0013925059465691447, 'Fearful': 0.0003621916112024337, 'Happy': 0.008037623018026352, 'Neutral': 0.6518514156341553, 'Other': 2.7076121114077978e-05, 'Sad': 0.030385490506887436, 'Surprised': 0.00028402014868333936, 'Unknown': 4.292688026907854e-05}","Yes, of course, that's obvious."
LAURA,01:53:32,01:53:33,Neutral,"{'Angry': 0.3483627140522003, 'Disgusted': 0.07323874533176422, 'Fearful': 0.0008452133042737842, 'Happy': 0.010021398775279522, 'Neutral': 0.4045693874359131, 'Other': 0.0004693008086178452, 'Sad': 0.16054974496364594, 'Surprised': 0.001794934389181435, 'Unknown': 0.0001485246466472745}",What's all this purple stuff?
SAM,01:53:33,01:53:34,Other,"{'Angry': 0.009395611472427845, 'Disgusted': 0.004756832495331764, 'Fearful': 0.0651356428861618, 'Happy': 0.11758153140544891, 'Neutral': 0.015583507716655731, 'Other': 0.7349375486373901, 'Sad': 0.005800885614007711, 'Surprised': 0.04629821702837944, 'Unknown': 0.000510212907101959}",16.
MATT,01:53:34,01:53:57,Neutral,"{'Angry': 1.6918389746933826e-06, 'Disgusted': 2.0288111954869237e-06, 'Fearful': 4.333156539360061e-06, 'Happy': 0.0002007237490033731, 'Neutral': 0.9997132420539856, 'Other': 8.935849109548144e-06, 'Sad': 6.535696593346074e-05, 'Surprised': 5.353523420126294e-07, 'Unknown': 3.0160088044794975e-06}","16. As you take a moment and step inside and feel the essence of it, there is no portal, there is no doorway, there is no tear. There's just a very thin veil between this plane and another. You're unable to really ascertain the nature of this energy coming through, but you're able to see there is these strange warps in reality. As you walk into this room, you look at your hands, and for a second your fingers seem to bend and go to form. As you look at people's faces, they twist and shift and then go back."
SAM,01:53:57,01:53:58,Neutral,"{'Angry': 0.08219943195581436, 'Disgusted': 0.2049248367547989, 'Fearful': 0.0012234571622684598, 'Happy': 0.27546587586402893, 'Neutral': 0.3326069414615631, 'Other': 0.00158404977992177, 'Sad': 0.08078135550022125, 'Surprised': 0.021025389432907104, 'Unknown': 0.00018865086894948035}",I don't think we should camp here.
MATT,01:53:58,01:54:02,Other,"{'Angry': 0.0029272325336933136, 'Disgusted': 0.0092435572296381, 'Fearful': 0.005044674500823021, 'Happy': 0.062045857310295105, 'Neutral': 0.08741898089647293, 'Other': 0.5699409246444702, 'Sad': 0.24474753439426422, 'Surprised': 0.002180963521823287, 'Unknown': 0.016450300812721252}","You don't know if it's purely a visual thing or if matter itself is actually twisting, but it's very discombobulating being in this room for any length of time."
LIAM,01:54:02,01:54:04,Neutral,"{'Angry': 0.0001581116084707901, 'Disgusted': 0.0003586519160307944, 'Fearful': 2.704901089600753e-05, 'Happy': 0.0014705682406201959, 'Neutral': 0.9861542582511902, 'Other': 0.00010029035183833912, 'Sad': 0.01160458754748106, 'Surprised': 7.772397657390684e-05, 'Unknown': 4.879969492321834e-05}","Clarota, what are we looking at in here?"
MATT,01:54:04,01:54:20,Sad,"{'Angry': 9.841796781984158e-07, 'Disgusted': 8.781481483310927e-06, 'Fearful': 2.0048564692842774e-06, 'Happy': 2.290950305905426e-06, 'Neutral': 4.824604184250347e-05, 'Other': 2.430767381156329e-06, 'Sad': 0.9999339580535889, 'Surprised': 7.335610803238524e-07, 'Unknown': 6.039768436494342e-07}","Clarota, as he enters behind you guys, puts his hands together and goes, ""This, I believe, is the veil where K'Varn stepped into the cavern."""
ORION,01:54:20,01:54:22,Neutral,"{'Angry': 7.10945823811926e-05, 'Disgusted': 6.362019485095516e-05, 'Fearful': 6.800871051382273e-05, 'Happy': 0.00011446711141616106, 'Neutral': 0.9917940497398376, 'Other': 5.4798265409772284e-06, 'Sad': 0.007845639251172543, 'Surprised': 1.983311631192919e-05, 'Unknown': 1.787030305422377e-05}","Yes, exactly. That's what I was going to say earlier."
LAURA,01:54:22,01:54:25,Neutral,"{'Angry': 0.015524471178650856, 'Disgusted': 0.0008150804205797613, 'Fearful': 0.0003255923220422119, 'Happy': 0.019178520888090134, 'Neutral': 0.9578516483306885, 'Other': 8.7934204202611e-05, 'Sad': 0.0056307874619960785, 'Surprised': 0.00027385586872696877, 'Unknown': 0.00031211436726152897}","Okay, Tiberius."
ORION,01:54:25,01:54:29,Sad,"{'Angry': 0.009430857375264168, 'Disgusted': 0.005116026848554611, 'Fearful': 0.1366874873638153, 'Happy': 0.029186582192778587, 'Neutral': 0.09118442237377167, 'Other': 0.0025993131566792727, 'Sad': 0.7175288796424866, 'Surprised': 0.0012288291472941637, 'Unknown': 0.007037613540887833}","Me, Clarota, mm. That's what I do with Clarota."
MATT,01:54:29,01:54:32,Neutral,"{'Angry': 0.001041113748215139, 'Disgusted': 0.0007562882383354008, 'Fearful': 0.0032906753476709127, 'Happy': 0.05083585903048515, 'Neutral': 0.9359705448150635, 'Other': 0.00029300182359293103, 'Sad': 0.0053421081975102425, 'Surprised': 0.0005077708046883345, 'Unknown': 0.0019626663997769356}",The tentacles writhe around Clarota's maw.
ORION,01:54:32,01:54:35,Neutral,"{'Angry': 0.0013395166024565697, 'Disgusted': 0.008524439297616482, 'Fearful': 0.03734046593308449, 'Happy': 0.09461583942174911, 'Neutral': 0.6935669183731079, 'Other': 0.0016559564974159002, 'Sad': 0.07008031010627747, 'Surprised': 0.09032831341028214, 'Unknown': 0.002548207063227892}",That means he likes me.
MATT,01:54:35,01:54:52,Neutral,"{'Angry': 2.8978572874649444e-09, 'Disgusted': 2.041441182765169e-10, 'Fearful': 4.401187400637774e-11, 'Happy': 5.929247848257546e-08, 'Neutral': 0.9999998807907104, 'Other': 1.9499147088652968e-11, 'Sad': 4.408602816141638e-09, 'Surprised': 1.808448391038553e-09, 'Unknown': 1.272095449811328e-11}","""This is a boundary, a thin membrane between this Prime Material Plane and elements of the Far Realm."""
MARISHA,01:54:52,01:54:54,Neutral,"{'Angry': 3.4824934047605893e-09, 'Disgusted': 3.5877736337397437e-09, 'Fearful': 1.3298978585041255e-09, 'Happy': 3.657958913549919e-08, 'Neutral': 1.0, 'Other': 6.56799392650953e-10, 'Sad': 3.6137496550736614e-08, 'Surprised': 1.3951996225003427e-09, 'Unknown': 1.1098855168256705e-09}",The Far Realm?
ORION,01:54:54,01:55:01,Neutral,"{'Angry': 5.054148766170385e-10, 'Disgusted': 5.3416639167469526e-11, 'Fearful': 1.3330963936908358e-11, 'Happy': 6.109064809578513e-09, 'Neutral': 1.0, 'Other': 9.267383735411805e-12, 'Sad': 2.365333706677575e-09, 'Surprised': 2.424604683692877e-10, 'Unknown': 1.98539865103875e-11}","Ooh, Clarota. Yes. Do you think we could, after a rest of course, conjure a way and possibly break the barrier and go to that side?"
MATT,01:55:01,01:55:08,Neutral,"{'Angry': 2.357587254664395e-05, 'Disgusted': 1.2784785212716088e-05, 'Fearful': 2.4775149540801067e-06, 'Happy': 0.036107417196035385, 'Neutral': 0.9636737108230591, 'Other': 1.2616319509106688e-05, 'Sad': 6.05367349635344e-05, 'Surprised': 2.1299604213709245e-06, 'Unknown': 0.00010473225120222196}","""You wish not to do that. Your mind would break."""
ORION,01:55:08,01:55:11,Happy,"{'Angry': 0.00036766676930710673, 'Disgusted': 0.0037535587325692177, 'Fearful': 0.0009028284111991525, 'Happy': 0.852946937084198, 'Neutral': 0.11306928098201752, 'Other': 0.0004477656038943678, 'Sad': 0.0007605586433783174, 'Surprised': 2.203453186666593e-05, 'Unknown': 0.027729399502277374}","Oh, that would be awful. I need it."
SAM,01:55:11,01:55:20,Neutral,"{'Angry': 0.00012272337335161865, 'Disgusted': 0.00040666782297194004, 'Fearful': 3.448451388976537e-05, 'Happy': 0.03813178464770317, 'Neutral': 0.9576466083526611, 'Other': 0.0010276570683345199, 'Sad': 0.0003224381944164634, 'Surprised': 3.6698071198770776e-05, 'Unknown': 0.0022708342876285315}","Clarota, is this a possible thing that we should maybe shut down? Could K'Varn send his allies through here?"
MATT,01:55:20,01:55:29,Sad,"{'Angry': 1.147080865848693e-07, 'Disgusted': 1.3614817362395115e-07, 'Fearful': 3.19060333708876e-08, 'Happy': 2.429783307889011e-07, 'Neutral': 2.5485582227702253e-05, 'Other': 6.95674939876767e-09, 'Sad': 0.9999738931655884, 'Surprised': 5.01892998272524e-08, 'Unknown': 1.5154236754355566e-09}","""We have not the power to shut this down. It is how they overlap."""
LAURA,01:55:29,01:55:32,Neutral,"{'Angry': 8.209508450818248e-08, 'Disgusted': 1.3272294552280073e-07, 'Fearful': 3.3039768254639057e-07, 'Happy': 8.432446634287771e-07, 'Neutral': 0.9999961853027344, 'Other': 8.343593549398065e-08, 'Sad': 1.9955252810177626e-06, 'Surprised': 1.2911858959796518e-07, 'Unknown': 1.2570103535836097e-07}",Is it safe to be near it?
MATT,01:55:32,01:55:37,Neutral,"{'Angry': 3.634851530875949e-09, 'Disgusted': 5.3372182229338705e-09, 'Fearful': 1.0164269426127248e-09, 'Happy': 1.3072861904106503e-08, 'Neutral': 0.9999997615814209, 'Other': 4.301174083565229e-09, 'Sad': 1.9613811730323505e-07, 'Surprised': 4.226171856913652e-09, 'Unknown': 1.1332143001752115e-09}","""I don't know."" (all laugh)"
LAURA,01:55:37,01:55:38,Neutral,"{'Angry': 0.012883536517620087, 'Disgusted': 0.05606190115213394, 'Fearful': 0.000609001494012773, 'Happy': 0.22790825366973877, 'Neutral': 0.6423168182373047, 'Other': 6.563352508237585e-05, 'Sad': 0.051862217485904694, 'Surprised': 0.008262433111667633, 'Unknown': 3.0263619919423945e-05}","I got him, guys, I got him."
MATT,01:55:38,01:55:40,Neutral,"{'Angry': 0.0014515159418806434, 'Disgusted': 0.0016077057225629687, 'Fearful': 0.0002978277625516057, 'Happy': 0.02385794185101986, 'Neutral': 0.9616910815238953, 'Other': 0.00015339473611675203, 'Sad': 0.009011293761432171, 'Surprised': 0.0018744966946542263, 'Unknown': 5.473115379572846e-05}","""We'll have to find out."""
ORION,01:55:40,01:55:43,Surprised,"{'Angry': 1.0465485367205929e-08, 'Disgusted': 3.0225053571086846e-09, 'Fearful': 8.466903622661448e-09, 'Happy': 1.148908879144983e-08, 'Neutral': 2.474843796562709e-08, 'Other': 8.647078053591883e-10, 'Sad': 1.11512932221558e-08, 'Surprised': 1.0, 'Unknown': 3.2616880116936864e-12}","Well, at least we know this beach is secure. We should go out in the front and seal this up for the night."
LAURA,01:55:43,01:55:48,Neutral,"{'Angry': 7.69777616369538e-05, 'Disgusted': 0.0002092608337989077, 'Fearful': 1.6320773283950984e-05, 'Happy': 0.00046759669203311205, 'Neutral': 0.9901614189147949, 'Other': 0.00788094848394394, 'Sad': 0.0007038431940600276, 'Surprised': 1.4779010598431341e-05, 'Unknown': 0.0004688147746492177}",You were rather loud. I'm afraid things might be drawn to this beach from that explosion.
ASHLEY,01:55:48,01:55:50,Neutral,"{'Angry': 2.539228944442584e-06, 'Disgusted': 1.509732555859955e-06, 'Fearful': 3.2239986467175186e-06, 'Happy': 0.00011436920613050461, 'Neutral': 0.9998528957366943, 'Other': 1.3051997029833728e-06, 'Sad': 1.9460638213786297e-05, 'Surprised': 1.571773054820369e-06, 'Unknown': 3.2195680432778317e-06}",We could keep watch.
TRAVIS,01:55:50,01:55:51,Angry,"{'Angry': 0.97181636095047, 'Disgusted': 0.025046780705451965, 'Fearful': 0.00028532504802569747, 'Happy': 0.0002920695987995714, 'Neutral': 0.001662670518271625, 'Other': 0.00017953159112948924, 'Sad': 0.0001838174503063783, 'Surprised': 0.0004925664979964495, 'Unknown': 4.074729440617375e-05}",I don't need to rest. I'll stand guard.
ORION,01:55:51,01:55:52,Surprised,"{'Angry': 8.555402018828318e-05, 'Disgusted': 0.00013174681225791574, 'Fearful': 1.706618240859825e-05, 'Happy': 0.00024798832600936294, 'Neutral': 0.009279505349695683, 'Other': 6.833027782704448e-06, 'Sad': 0.00016539651551283896, 'Surprised': 0.9900655746459961, 'Unknown': 3.630619289651804e-07}",This is inside and I was outside. They were hearing stuff inside.
TALIESIN,01:55:52,01:55:54,Happy,"{'Angry': 1.4592789909784187e-07, 'Disgusted': 1.1342602590502793e-07, 'Fearful': 9.974044701266394e-09, 'Happy': 0.9999972581863403, 'Neutral': 2.33170680985495e-06, 'Other': 1.5901189698297458e-08, 'Sad': 4.286620480797865e-08, 'Surprised': 4.139626241794758e-08, 'Unknown': 3.9792631412183255e-08}",Could this veil exist in sunlight?
MATT,01:55:54,01:56:03,Happy,"{'Angry': 9.509876913726956e-11, 'Disgusted': 2.8645047445152727e-10, 'Fearful': 1.147729411510312e-10, 'Happy': 1.0, 'Neutral': 5.826294446897862e-10, 'Other': 9.774096809689325e-11, 'Sad': 4.881980375515127e-10, 'Surprised': 2.0924890986595557e-10, 'Unknown': 1.5234612182890572e-10}","""I do not know. I have not traveled the boundary myself."""
LIAM,01:56:03,01:56:06,Happy,"{'Angry': 9.674693046690663e-09, 'Disgusted': 4.3799836646485346e-08, 'Fearful': 1.0927238918156945e-06, 'Happy': 0.9999982118606567, 'Neutral': 9.365129116645221e-09, 'Other': 3.6286087379266974e-07, 'Sad': 1.6136763747454097e-07, 'Surprised': 8.505124071689352e-08, 'Unknown': 1.255321979698465e-08}",I wonder what would happen if K'Varn was cut off from the other side of this.
TALIESIN,01:56:06,01:56:08,Surprised,"{'Angry': 0.05190960690379143, 'Disgusted': 0.05068083480000496, 'Fearful': 0.09085647761821747, 'Happy': 0.18115030229091644, 'Neutral': 0.03348516300320625, 'Other': 0.0005261208862066269, 'Sad': 0.01747237704694271, 'Surprised': 0.5727757811546326, 'Unknown': 0.0011433511972427368}",That's exactly what I was thinking.
LAURA,01:56:08,01:56:09,Happy,"{'Angry': 2.1393520288626178e-09, 'Disgusted': 1.7374771621447849e-09, 'Fearful': 1.7839941746089494e-09, 'Happy': 1.0, 'Neutral': 4.379521190145397e-09, 'Other': 1.4965311212478127e-09, 'Sad': 1.0296317576319325e-08, 'Surprised': 2.752541750083992e-09, 'Unknown': 1.3214619676293893e-10}",Maybe it would be good to block it off.
LIAM,01:56:09,01:56:10,Neutral,"{'Angry': 1.5922760212561116e-05, 'Disgusted': 1.996642367885215e-06, 'Fearful': 3.865159214910818e-06, 'Happy': 3.930274488084251e-06, 'Neutral': 0.9997376799583435, 'Other': 4.220606228955148e-07, 'Sad': 5.8455962061998434e-06, 'Surprised': 0.00023037170467432588, 'Unknown': 6.807131303077085e-09}",Or collapse it.
TALIESIN,01:56:10,01:56:12,Neutral,"{'Angry': 0.018206916749477386, 'Disgusted': 0.048478517681360245, 'Fearful': 0.01745028607547283, 'Happy': 0.22237959504127502, 'Neutral': 0.6348816752433777, 'Other': 0.0028569905553013086, 'Sad': 0.012829331681132317, 'Surprised': 0.015470676124095917, 'Unknown': 0.02744591422379017}",At least wall it off on our way out.
LAURA,01:56:12,01:56:14,Happy,"{'Angry': 4.899591203866294e-06, 'Disgusted': 6.9956872721377295e-06, 'Fearful': 7.3788201007118914e-06, 'Happy': 0.9999176263809204, 'Neutral': 3.122308407910168e-05, 'Other': 7.768116461193131e-07, 'Sad': 2.089626286760904e-05, 'Surprised': 1.0052791367343161e-05, 'Unknown': 1.9505654336171574e-07}",I like it.
TRAVIS,01:56:14,01:56:16,Neutral,"{'Angry': 0.0002419885859126225, 'Disgusted': 0.00017683439364191145, 'Fearful': 1.918121961352881e-05, 'Happy': 0.00021116483549121767, 'Neutral': 0.9991840720176697, 'Other': 1.0619893146213144e-05, 'Sad': 0.00011534432996995747, 'Surprised': 2.107529144268483e-05, 'Unknown': 1.9663713828776963e-05}","Do that, you two."
MARISHA,01:56:16,01:56:18,Surprised,"{'Angry': 0.08205615729093552, 'Disgusted': 0.017015991732478142, 'Fearful': 0.006916977930814028, 'Happy': 0.248951718211174, 'Neutral': 0.2535287141799927, 'Other': 0.0005814362084493041, 'Sad': 0.021015092730522156, 'Surprised': 0.36973443627357483, 'Unknown': 0.00019946206884924322}","Like, completely cave it in?"
TALIESIN,01:56:18,01:56:21,Happy,"{'Angry': 2.5560750600561732e-06, 'Disgusted': 5.749677256972063e-06, 'Fearful': 8.214692002184165e-07, 'Happy': 0.9999498128890991, 'Neutral': 1.8793478375300765e-05, 'Other': 8.856186468619853e-06, 'Sad': 2.2742246983398218e-06, 'Surprised': 9.63584261626238e-06, 'Unknown': 1.408059915775084e-06}",Just wall it off. Earth-meld it.
MARISHA,01:56:21,01:56:27,Happy,"{'Angry': 2.5386736524524167e-05, 'Disgusted': 4.742002784041688e-05, 'Fearful': 7.787756658217404e-06, 'Happy': 0.9992762207984924, 'Neutral': 0.00021037703845649958, 'Other': 3.0698152841068804e-05, 'Sad': 1.3392625078267884e-05, 'Surprised': 3.3871825166897906e-07, 'Unknown': 0.000388363900128752}",I don't think throwing up a stone wall is going to necessarily stop K'Varn.
LAURA,01:56:27,01:56:33,Happy,"{'Angry': 1.580142949819674e-08, 'Disgusted': 3.675631532473744e-08, 'Fearful': 2.7620036036068996e-08, 'Happy': 0.9999997615814209, 'Neutral': 7.036791771497519e-08, 'Other': 1.4199852849117178e-08, 'Sad': 5.0667676276816564e-08, 'Surprised': 3.3435743063137124e-08, 'Unknown': 1.973903529517429e-08}","No, but can't you use your rock-changing ability and squish all the rocks down and close the cave off?"
TALIESIN,01:56:33,01:56:35,Other,"{'Angry': 0.012589920312166214, 'Disgusted': 0.06222572550177574, 'Fearful': 0.004858013242483139, 'Happy': 0.4077892601490021, 'Neutral': 0.016972048208117485, 'Other': 0.47504833340644836, 'Sad': 0.008913325145840645, 'Surprised': 0.010015522129833698, 'Unknown': 0.0015877640107646585}",I was just having this conversation.
MARISHA,01:56:35,01:56:37,Happy,"{'Angry': 1.3125779574352237e-08, 'Disgusted': 4.1335216138804753e-08, 'Fearful': 8.154398045689959e-09, 'Happy': 0.9999997615814209, 'Neutral': 1.5279752574315353e-07, 'Other': 4.86507323316232e-09, 'Sad': 7.88955532016189e-08, 'Surprised': 2.822486067088903e-08, 'Unknown': 2.0058517069543313e-09}",I can spend time essentially collapsing the whole thing.
LAURA,01:56:37,01:56:39,Neutral,"{'Angry': 1.7973669628190692e-06, 'Disgusted': 1.4983974097049213e-06, 'Fearful': 2.580364935056423e-07, 'Happy': 6.331926124403253e-05, 'Neutral': 0.9999229907989502, 'Other': 1.2091661574231694e-06, 'Sad': 5.0784483391908e-06, 'Surprised': 3.760385709483671e-07, 'Unknown': 3.4721892916422803e-06}",Yeah.
TRAVIS,01:56:39,01:56:41,Neutral,"{'Angry': 1.6283424031371396e-07, 'Disgusted': 1.6225037313688517e-08, 'Fearful': 4.244843143652588e-09, 'Happy': 3.4207935186714167e-06, 'Neutral': 0.9999963045120239, 'Other': 3.961038164135289e-09, 'Sad': 1.2384657566144597e-07, 'Surprised': 4.477527681956417e-08, 'Unknown': 1.5492074290079927e-09}",I start kicking sand and gravel into the cave.
ORION,01:56:41,01:56:44,Neutral,"{'Angry': 1.1240322908556699e-11, 'Disgusted': 1.1913834719115557e-12, 'Fearful': 3.9632969757626146e-13, 'Happy': 3.003033238746511e-11, 'Neutral': 1.0, 'Other': 1.0774338371358563e-13, 'Sad': 1.350572015335061e-10, 'Surprised': 4.055614351294867e-12, 'Unknown': 2.411649710227365e-13}","Wait, how wide is the slimmest part of the cave?"
MATT,01:56:44,01:56:46,Neutral,"{'Angry': 1.513359893579036e-05, 'Disgusted': 3.868593194056302e-05, 'Fearful': 1.987343785003759e-05, 'Happy': 0.0008414458716288209, 'Neutral': 0.9984530210494995, 'Other': 3.092738188570365e-05, 'Sad': 7.280627323780209e-05, 'Surprised': 1.3344476883503376e-06, 'Unknown': 0.0005266409716568887}","It's about 20, 25 feet."
LAURA,01:56:46,01:56:47,Neutral,"{'Angry': 0.0002704928338062018, 'Disgusted': 0.0007041959324851632, 'Fearful': 0.00014429008297156543, 'Happy': 0.003081920323893428, 'Neutral': 0.994903564453125, 'Other': 1.799865458451677e-05, 'Sad': 0.0007492288132198155, 'Surprised': 0.00011348952102707699, 'Unknown': 1.4742830899194814e-05}","Keep going, Grog. You'll get there."
LIAM,01:56:47,01:56:52,Neutral,"{'Angry': 8.42141148482689e-11, 'Disgusted': 1.1307844417773882e-11, 'Fearful': 2.833900865709116e-12, 'Happy': 1.395049908925472e-10, 'Neutral': 1.0, 'Other': 2.0935091767787517e-12, 'Sad': 2.95796609428578e-10, 'Surprised': 2.1820691087359734e-11, 'Unknown': 7.808132612696639e-12}","We can camp, but it's only been 6 or 7 hours since we woke up, really."
MARISHA,01:56:52,01:56:56,Neutral,"{'Angry': 3.5714616387849674e-05, 'Disgusted': 8.972824434749782e-05, 'Fearful': 0.00010542749078013003, 'Happy': 0.001495969481766224, 'Neutral': 0.9929976463317871, 'Other': 0.000182667892659083, 'Sad': 0.001600376213900745, 'Surprised': 3.963955805375008e-06, 'Unknown': 0.0034885394852608442}",It's been longer. It was 6 or 7 hours when we were on that side of the thing.
TALIESIN,01:56:56,01:56:58,Neutral,"{'Angry': 4.866583913099021e-05, 'Disgusted': 2.0145236703683622e-05, 'Fearful': 1.284453446714906e-05, 'Happy': 0.000337568752001971, 'Neutral': 0.9993871450424194, 'Other': 1.4593626474379562e-05, 'Sad': 0.000154833251144737, 'Surprised': 1.7175647371914238e-05, 'Unknown': 7.069471848808462e-06}",We did take about 8 hours or so.
LIAM,01:56:58,01:56:59,Neutral,"{'Angry': 0.004428379237651825, 'Disgusted': 0.0009937499416992068, 'Fearful': 0.0008967280155047774, 'Happy': 0.004826919641345739, 'Neutral': 0.9783434271812439, 'Other': 1.776291901478544e-05, 'Sad': 0.010066763497889042, 'Surprised': 0.0003880912554450333, 'Unknown': 3.82474172511138e-05}","8 hours, all right."
ASHLEY,01:56:59,01:57:01,Neutral,"{'Angry': 9.604297520127147e-05, 'Disgusted': 0.00012157700257375836, 'Fearful': 0.00019184108532499522, 'Happy': 0.0005843437393195927, 'Neutral': 0.9974203109741211, 'Other': 6.0518341342685744e-05, 'Sad': 0.0006700523663312197, 'Surprised': 2.2447615265264176e-05, 'Unknown': 0.0008328001713380218}","Some of us can stay up. I can stay up, keep watch."
TRAVIS,01:57:01,01:57:02,Angry,"{'Angry': 0.4430301785469055, 'Disgusted': 0.1439046412706375, 'Fearful': 0.019125843420624733, 'Happy': 0.028975578024983406, 'Neutral': 0.22443582117557526, 'Other': 0.0003727310977410525, 'Sad': 0.13103948533535004, 'Surprised': 0.008184446021914482, 'Unknown': 0.0009313071495853364}","Me, too."
MARISHA,01:57:02,01:57:06,Neutral,"{'Angry': 2.154622234229464e-05, 'Disgusted': 9.000353747978806e-05, 'Fearful': 3.237017153878696e-05, 'Happy': 0.0004560537345241755, 'Neutral': 0.9981046915054321, 'Other': 0.0001073699677363038, 'Sad': 6.660322105744854e-05, 'Surprised': 3.3991150303336326e-06, 'Unknown': 0.001117999549023807}",There's still things I want to do.
LIAM,01:57:06,01:57:08,Neutral,"{'Angry': 4.578851076075807e-05, 'Disgusted': 0.000196985129150562, 'Fearful': 3.7329176848288625e-05, 'Happy': 0.00025517845642752945, 'Neutral': 0.9985111355781555, 'Other': 1.5435158275067806e-05, 'Sad': 0.00019976268231403083, 'Surprised': 0.0007324816542677581, 'Unknown': 5.821699687658111e-06}","Spill it, girl, spill it."
MARISHA,01:57:08,01:57:11,Disgusted,"{'Angry': 0.011324199847877026, 'Disgusted': 0.47178569436073303, 'Fearful': 0.025492286309599876, 'Happy': 0.004503946751356125, 'Neutral': 0.2858792543411255, 'Other': 0.125651016831398, 'Sad': 0.06200139969587326, 'Surprised': 0.001561122597195208, 'Unknown': 0.011801168322563171}",Clarota?
MATT,01:57:11,01:57:22,Neutral,"{'Angry': 5.9054062148788944e-05, 'Disgusted': 0.00010570482118055224, 'Fearful': 1.6048539691837505e-05, 'Happy': 0.013073023408651352, 'Neutral': 0.9855198264122009, 'Other': 0.0002246555086458102, 'Sad': 0.00035758456215262413, 'Surprised': 7.833317795302719e-06, 'Unknown': 0.0006363266729749739}","""Yes?"" His tentacles quiver as you call his name and he looks over at you with a curious, hungry-to-be-of-service expression on his tentacled, mind flayer face."
MARISHA,01:57:22,01:57:33,Neutral,"{'Angry': 0.0016529919812455773, 'Disgusted': 0.01652316190302372, 'Fearful': 0.002715342678129673, 'Happy': 0.20672623813152313, 'Neutral': 0.41675955057144165, 'Other': 0.010247970931231976, 'Sad': 0.0017619887366890907, 'Surprised': 0.0009489456424489617, 'Unknown': 0.34266385436058044}",Do you have anything that might assist me in a scrying spell to help spy on K'Varn? Maybe something in his image?
MATT,01:57:33,01:57:46,Happy,"{'Angry': 8.610964025157486e-11, 'Disgusted': 4.4876538596305693e-10, 'Fearful': 5.033858330172336e-10, 'Happy': 1.0, 'Neutral': 5.927534574290405e-10, 'Other': 8.323541855759231e-10, 'Sad': 1.9841819298704877e-09, 'Surprised': 3.8396361090597964e-10, 'Unknown': 5.0512188876084e-10}","""I have not seen K'Varn with my mind or my eyes. I've only heard of him arriving after I was cast out of my colony."""
TALIESIN,01:57:46,01:57:48,Neutral,"{'Angry': 0.00013429469254333526, 'Disgusted': 4.991639798390679e-05, 'Fearful': 1.2459038771339692e-05, 'Happy': 0.0045351916924119, 'Neutral': 0.9951802492141724, 'Other': 1.1718345376721118e-05, 'Sad': 4.9700647650752217e-05, 'Surprised': 1.5310943126678467e-05, 'Unknown': 1.1158883353346027e-05}",The description of her dream.
ASHLEY,01:57:48,01:57:50,Neutral,"{'Angry': 0.00022991005971562117, 'Disgusted': 0.00016745322500355542, 'Fearful': 4.7137091314652935e-05, 'Happy': 0.0012918987777084112, 'Neutral': 0.9941697120666504, 'Other': 0.00028334278613328934, 'Sad': 0.00019140254880767316, 'Surprised': 2.071697281280649e-06, 'Unknown': 0.0036170242819935083}","Wait, but I had a vision. I had a dream."
LAURA,01:57:50,01:57:51,Neutral,"{'Angry': 0.008188537321984768, 'Disgusted': 0.020680030807852745, 'Fearful': 0.00021314862533472478, 'Happy': 0.008768022991716862, 'Neutral': 0.9589805006980896, 'Other': 0.00018756667850539088, 'Sad': 0.0024152547121047974, 'Surprised': 0.0001403361966367811, 'Unknown': 0.0004265166644472629}",So you know what he looks like?
MARISHA,01:57:51,01:57:52,Angry,"{'Angry': 0.9143641591072083, 'Disgusted': 0.017452422529459, 'Fearful': 0.000664561870507896, 'Happy': 0.003967115189880133, 'Neutral': 0.052286844700574875, 'Other': 2.2642891053692438e-05, 'Sad': 0.010853523388504982, 'Surprised': 0.00034237938234582543, 'Unknown': 4.629036629921757e-05}",Do you know what he looks like?
ASHLEY,01:57:52,01:57:58,Happy,"{'Angry': 7.266826287377626e-06, 'Disgusted': 1.666291973378975e-05, 'Fearful': 2.90988259621372e-06, 'Happy': 0.9977438449859619, 'Neutral': 0.0021371697075664997, 'Other': 7.486682534363354e-06, 'Sad': 4.3730677134590223e-05, 'Surprised': 2.8777537863788893e-06, 'Unknown': 3.8066769775468856e-05}","Well, what I saw was like a--"
LAURA,01:57:58,01:58:00,Neutral,"{'Angry': 0.0006882562302052975, 'Disgusted': 0.0024422176647931337, 'Fearful': 0.0006503899930976331, 'Happy': 0.037790991365909576, 'Neutral': 0.9492879509925842, 'Other': 0.00010490716522326693, 'Sad': 0.0008616833947598934, 'Surprised': 0.008011274971067905, 'Unknown': 0.0001622822310309857}",Are those Cheez-Its you're eating right there?
ASHLEY,01:58:00,01:58:07,Neutral,"{'Angry': 0.027761146426200867, 'Disgusted': 0.03514973074197769, 'Fearful': 0.0021853127982467413, 'Happy': 0.04183904454112053, 'Neutral': 0.5902402400970459, 'Other': 0.049414727836847305, 'Sad': 0.004220045171678066, 'Surprised': 0.008497841656208038, 'Unknown': 0.2406919300556183}",It's what I do when I'm thinking. I had a little snack pouch.
LIAM,01:58:07,01:58:14,Neutral,"{'Angry': 2.3021126253297552e-05, 'Disgusted': 7.264095620485023e-05, 'Fearful': 1.5729496226413175e-05, 'Happy': 0.0007436025189235806, 'Neutral': 0.9980410933494568, 'Other': 7.947565609356388e-05, 'Sad': 0.00034077183227054775, 'Surprised': 2.101027575918124e-06, 'Unknown': 0.0006816535023972392}",It's lembas bread.
ASHLEY,01:58:14,01:58:24,Neutral,"{'Angry': 3.79894241064882e-11, 'Disgusted': 4.1058558462869765e-12, 'Fearful': 1.9727333915725564e-12, 'Happy': 1.2052374376292363e-10, 'Neutral': 1.0, 'Other': 3.1744404197300846e-13, 'Sad': 1.567288659964916e-10, 'Surprised': 2.3282341332642176e-11, 'Unknown': 4.404091241000385e-12}","I saw a single, twisted, unnatural black horn of--"
MATT,01:58:24,01:58:31,Neutral,"{'Angry': 2.4026843882529736e-12, 'Disgusted': 1.1282173925566269e-13, 'Fearful': 3.0171984431292403e-14, 'Happy': 3.6070692873563237e-12, 'Neutral': 1.0, 'Other': 9.487192525721791e-15, 'Sad': 7.943128793597154e-12, 'Surprised': 7.394040349613384e-13, 'Unknown': 6.844668603601944e-14}","Which Kima mentions again. ""That. That is what we're trying to prevent making its way to the surface."""
LAURA,01:58:31,01:58:32,Neutral,"{'Angry': 1.5445885992448893e-06, 'Disgusted': 9.486323051532963e-07, 'Fearful': 2.2758361239993974e-07, 'Happy': 0.0003102041664533317, 'Neutral': 0.9996792078018188, 'Other': 4.661756349833013e-07, 'Sad': 5.468871222547023e-06, 'Surprised': 1.3725546068599215e-06, 'Unknown': 5.476749720401131e-07}",Okay.
MATT,01:58:32,01:58:33,Neutral,"{'Angry': 6.4048815140438364e-09, 'Disgusted': 1.7355425985243755e-09, 'Fearful': 6.781591399551701e-10, 'Happy': 1.7758470249873426e-08, 'Neutral': 0.9999998807907104, 'Other': 1.8302220849975015e-10, 'Sad': 8.110088600687959e-08, 'Surprised': 7.321258599368718e-10, 'Unknown': 8.192010958474327e-10}","""That's the Horn of Orcus."""
LAURA,01:58:33,01:58:35,Neutral,"{'Angry': 3.5900437760387136e-14, 'Disgusted': 1.4222032585490445e-15, 'Fearful': 2.0949067667421612e-16, 'Happy': 4.5648401237382424e-14, 'Neutral': 1.0, 'Other': 4.159216850544925e-16, 'Sad': 1.0841085922854918e-13, 'Surprised': 2.3686098994169826e-14, 'Unknown': 1.087815297401136e-15}",Maybe you can envision the horn?
ASHLEY,01:58:35,01:58:37,Neutral,"{'Angry': 1.1807577485201115e-12, 'Disgusted': 4.031216820857969e-14, 'Fearful': 1.0857884957891223e-14, 'Happy': 1.3618696014655596e-12, 'Neutral': 1.0, 'Other': 3.575296000690774e-15, 'Sad': 3.659954284085387e-12, 'Surprised': 3.3033333555511357e-13, 'Unknown': 2.859924075988493e-14}",Would that work?
MATT,01:58:37,01:58:41,Neutral,"{'Angry': 0.003921551629900932, 'Disgusted': 0.00782882608473301, 'Fearful': 0.006002952344715595, 'Happy': 0.1748083531856537, 'Neutral': 0.7024745345115662, 'Other': 0.0020906056743115187, 'Sad': 0.010450332425534725, 'Surprised': 0.0001214388757944107, 'Unknown': 0.09230142086744308}","""I don't know. I'm not a scrying type."""
ORION,01:58:41,01:59:08,Neutral,"{'Angry': 9.248159358321573e-07, 'Disgusted': 2.1260329958749935e-06, 'Fearful': 8.868695431374363e-07, 'Happy': 1.806706677598413e-06, 'Neutral': 0.9999865293502808, 'Other': 9.281221764467773e-07, 'Sad': 4.506477125687525e-06, 'Surprised': 2.2152728433866287e-06, 'Unknown': 1.6287319226648833e-07}","If you'll excuse me. I reach into my pouch and pull up the Scroll of Telescription. I enchant it to reach my brother Jerahd. I write on it, ""Dear brother, it seems I am in a bit of a pickle with a certain type of creature that can take control of others with its mind and do nasty things. Goes by the name of K'Varn, and the only thing I know about him is that he has a black horn. Please help. Love, Tiberius."""
SAM,01:59:08,01:59:10,Neutral,"{'Angry': 0.0010244229342788458, 'Disgusted': 0.0037922272458672523, 'Fearful': 5.150451397639699e-05, 'Happy': 0.11926238238811493, 'Neutral': 0.875144362449646, 'Other': 5.7756249589147046e-05, 'Sad': 0.0005373253952711821, 'Surprised': 7.232741336338222e-05, 'Unknown': 5.7692002883413807e-05}",I put a little cologne on the page.
ORION,01:59:10,01:59:12,Disgusted,"{'Angry': 0.0017329903785139322, 'Disgusted': 0.9730846881866455, 'Fearful': 0.0015757365617901087, 'Happy': 0.00046417934936471283, 'Neutral': 0.015782225877046585, 'Other': 7.953051681397483e-05, 'Sad': 0.007073338143527508, 'Surprised': 0.0001436772581655532, 'Unknown': 6.36463810224086e-05}","He can't smell it, Scanlan."
SAM,01:59:12,01:59:14,Neutral,"{'Angry': 0.0008284210925921798, 'Disgusted': 0.000884378794580698, 'Fearful': 0.0006700650556012988, 'Happy': 0.008272041566669941, 'Neutral': 0.9769293665885925, 'Other': 0.00026439622160978615, 'Sad': 0.006237422116100788, 'Surprised': 0.005526629742234945, 'Unknown': 0.00038725987542420626}","Yeah, but it's always a nice gesture."
ORION,01:59:14,01:59:16,Neutral,"{'Angry': 1.2462419363146182e-07, 'Disgusted': 1.5215056237138924e-07, 'Fearful': 3.818331251181917e-08, 'Happy': 7.049487749100081e-07, 'Neutral': 0.9999985694885254, 'Other': 3.368013778981549e-08, 'Sad': 2.0153868263150798e-07, 'Surprised': 3.105317603058211e-08, 'Unknown': 6.492066262353546e-08}",And I send it.
MATT,01:59:16,01:59:21,Neutral,"{'Angry': 3.9983702113111086e-12, 'Disgusted': 2.3558919030018666e-13, 'Fearful': 7.961427334448115e-14, 'Happy': 5.912522641621232e-12, 'Neutral': 1.0, 'Other': 1.7557954534188312e-14, 'Sad': 1.2602546610451792e-11, 'Surprised': 1.8036680005453776e-12, 'Unknown': 1.7962275547164785e-13}","Okay, so the scribe rolls itself on top and poof, vanishes in front of you."
ORION,01:59:21,01:59:37,Neutral,"{'Angry': 4.657426325138658e-05, 'Disgusted': 6.342591950669885e-05, 'Fearful': 3.866433326038532e-05, 'Happy': 0.06268196552991867, 'Neutral': 0.9357185363769531, 'Other': 2.4163191483239643e-05, 'Sad': 0.0013569197617471218, 'Surprised': 5.5733267799951136e-05, 'Unknown': 1.4079406355449464e-05}","Hopefully, he answers back promptly. Jerahd is a warlock and is a wizard of the mind, arcana, things I do not know of. He could possibly help us and has access to great knowledge in this matter."
SAM,01:59:37,01:59:38,Happy,"{'Angry': 0.0012162674684077501, 'Disgusted': 0.013355321250855923, 'Fearful': 0.0009189094416797161, 'Happy': 0.9222957491874695, 'Neutral': 0.020771294832229614, 'Other': 0.00025772087974473834, 'Sad': 0.03738865256309509, 'Surprised': 0.0037376456893980503, 'Unknown': 5.851185051142238e-05}",Phone a friend.
LAURA,01:59:38,01:59:39,Neutral,"{'Angry': 0.04782712087035179, 'Disgusted': 0.02805902436375618, 'Fearful': 0.003947051707655191, 'Happy': 0.10153798013925552, 'Neutral': 0.768811821937561, 'Other': 5.8509369409875944e-05, 'Sad': 0.02752395160496235, 'Surprised': 0.02212494984269142, 'Unknown': 0.00010963185923174024}",I like it.
MARISHA,01:59:39,01:59:57,Neutral,"{'Angry': 6.666145054623485e-06, 'Disgusted': 3.606420796131715e-05, 'Fearful': 1.0659563486115076e-05, 'Happy': 0.08172562718391418, 'Neutral': 0.9157778024673462, 'Other': 9.453829261474311e-05, 'Sad': 0.002269941847771406, 'Surprised': 2.0015904738102108e-05, 'Unknown': 5.856635470991023e-05}","Well, I guess while we wait for him to respond, I'm going to start using all of my Stone Shape and I'm going to start bringing down this tunnel."
TALIESIN,01:59:57,01:59:59,Neutral,"{'Angry': 1.4648865453992244e-09, 'Disgusted': 4.926937191562786e-10, 'Fearful': 8.892882263911162e-11, 'Happy': 7.188457828988248e-08, 'Neutral': 0.9999998807907104, 'Other': 5.603527711284251e-11, 'Sad': 6.717561173985587e-09, 'Surprised': 4.831779976122164e-10, 'Unknown': 1.8172127691507e-10}",I'm going to work on the boat.
MARISHA,01:59:59,02:00:00,Neutral,"{'Angry': 4.2463058069763804e-10, 'Disgusted': 6.007398745122572e-11, 'Fearful': 7.356512968237361e-12, 'Happy': 2.23883378502876e-09, 'Neutral': 1.0, 'Other': 3.3907197796029243e-12, 'Sad': 6.743515745810669e-10, 'Surprised': 9.333680356382601e-11, 'Unknown': 6.747072952423272e-12}",Just start collapsing it.
MATT,02:00:00,02:00:01,Neutral,"{'Angry': 2.8496497179730795e-06, 'Disgusted': 1.269443373530521e-06, 'Fearful': 7.885276431807142e-08, 'Happy': 4.971930138708558e-06, 'Neutral': 0.99998939037323, 'Other': 2.3586953545873257e-07, 'Sad': 9.528551458970469e-07, 'Surprised': 1.3684412181191874e-07, 'Unknown': 1.7013219633099652e-07}",Okay.
TRAVIS,02:00:01,02:00:03,Neutral,"{'Angry': 4.9449357802933136e-11, 'Disgusted': 4.5401152455604166e-12, 'Fearful': 1.1116994911436473e-12, 'Happy': 1.0355195173561427e-10, 'Neutral': 1.0, 'Other': 2.997856953998457e-13, 'Sad': 1.2754854117336123e-10, 'Surprised': 1.6327396032411734e-11, 'Unknown': 1.1021312985512455e-12}",Still kicking sand in.
LAURA,02:00:03,02:00:14,Neutral,"{'Angry': 8.79222476074526e-12, 'Disgusted': 1.5513781665560389e-12, 'Fearful': 3.909972118212174e-13, 'Happy': 1.9322364888663124e-11, 'Neutral': 1.0, 'Other': 2.012320296290379e-13, 'Sad': 5.5376425667219564e-11, 'Surprised': 5.997972951643504e-12, 'Unknown': 4.37060842161871e-13}","While she's doing that, can I use my primeval awareness and see if there's anything undead or aberrations or things that are around us that are seeming more active?"
MATT,02:00:14,02:00:27,Neutral,"{'Angry': 6.576695159310475e-05, 'Disgusted': 3.89685264963191e-05, 'Fearful': 2.9171720598242246e-05, 'Happy': 0.0006335107609629631, 'Neutral': 0.9973879456520081, 'Other': 0.00011541666754055768, 'Sad': 0.0015899552963674068, 'Surprised': 1.7978894902626052e-05, 'Unknown': 0.0001212570714415051}","Okay, you have a long distance you can pull on that one. You take a moment and concentrate. Not in your immediate vicinity. You do sense that across the way, on that island, there are hundreds of aberrations."
TALIESIN,02:00:27,02:00:30,Neutral,"{'Angry': 0.006075199693441391, 'Disgusted': 0.006332389544695616, 'Fearful': 0.0023770839907228947, 'Happy': 0.05071018636226654, 'Neutral': 0.8723917603492737, 'Other': 0.001585155026987195, 'Sad': 0.0521174892783165, 'Surprised': 0.0051059359684586525, 'Unknown': 0.0033048309851437807}",That's two zeros.
MATT,02:00:30,02:00:42,Neutral,"{'Angry': 3.162119242006156e-07, 'Disgusted': 5.71564498841326e-07, 'Fearful': 1.0509236147981937e-07, 'Happy': 7.81913570335746e-07, 'Neutral': 0.9999903440475464, 'Other': 3.1502825095230946e-06, 'Sad': 3.736578037205618e-06, 'Surprised': 3.6340704667736645e-08, 'Unknown': 9.664075832915842e-07}","Hundreds. You can't make out the details, you just sense the presence. You see clusters, you see some wandering the outskirts of the island, and the center of the island, you sense there is one very strong source of aberration-based essence."
MARISHA,02:00:42,02:00:43,Neutral,"{'Angry': 8.836941560730338e-06, 'Disgusted': 5.687315933755599e-06, 'Fearful': 1.8222951894131256e-06, 'Happy': 0.00010798276343848556, 'Neutral': 0.9997199177742004, 'Other': 2.0537368072837126e-06, 'Sad': 1.991997669392731e-05, 'Surprised': 0.0001335628767265007, 'Unknown': 1.8976639637457993e-07}",On the outskirts of the island?
MATT,02:00:43,02:00:44,Neutral,"{'Angry': 1.1909387609421174e-07, 'Disgusted': 8.256168371190142e-08, 'Fearful': 2.461030135236797e-08, 'Happy': 2.032502379734069e-07, 'Neutral': 0.9999970197677612, 'Other': 9.883653007136672e-09, 'Sad': 1.5383891138753825e-07, 'Surprised': 2.4423652575933374e-06, 'Unknown': 6.900003901577634e-10}","No, in the center."
TRAVIS,02:00:44,02:00:46,Neutral,"{'Angry': 0.00030780016095377505, 'Disgusted': 0.000930680544115603, 'Fearful': 4.592741242959164e-05, 'Happy': 0.0031904836650937796, 'Neutral': 0.9946306943893433, 'Other': 1.5928982975310646e-05, 'Sad': 0.0002450168540235609, 'Surprised': 0.0006253691390156746, 'Unknown': 8.078585779003333e-06}",In the temple.
LAURA,02:00:46,02:00:53,Neutral,"{'Angry': 6.123719586970111e-12, 'Disgusted': 4.92201819666388e-13, 'Fearful': 1.3764984703283634e-13, 'Happy': 1.1457472123832524e-11, 'Neutral': 1.0, 'Other': 3.84963057525195e-14, 'Sad': 2.4916589624890406e-11, 'Surprised': 2.454437044233093e-12, 'Unknown': 3.833154496937774e-13}",So. Wait. I'm sensing... would that help you to know that K'Varn is an aberration?
MARISHA,02:00:53,02:00:55,Neutral,"{'Angry': 1.975999168735143e-07, 'Disgusted': 1.5633481176280384e-09, 'Fearful': 3.495414235832328e-10, 'Happy': 2.9990246730449144e-08, 'Neutral': 0.9999997615814209, 'Other': 1.9075406185176114e-11, 'Sad': 1.559060969213988e-08, 'Surprised': 3.1718316861883977e-09, 'Unknown': 1.4859682928580753e-11}",I'd assume anything helps.
LAURA,02:00:55,02:01:00,Neutral,"{'Angry': 6.227566476824792e-14, 'Disgusted': 2.369968963780852e-15, 'Fearful': 3.4697643246110385e-16, 'Happy': 9.482530456380103e-14, 'Neutral': 1.0, 'Other': 4.617235358393907e-16, 'Sad': 2.2101606298157578e-13, 'Surprised': 2.869218060298946e-14, 'Unknown': 1.5644772651169812e-15}",I'm sensing a really strong energy of an aberration in the middle of town.
MARISHA,02:01:00,02:01:01,Neutral,"{'Angry': 2.6455210900167003e-05, 'Disgusted': 8.509124745614827e-05, 'Fearful': 8.73056887940038e-06, 'Happy': 0.00031639845110476017, 'Neutral': 0.9992085099220276, 'Other': 2.1872619981877506e-06, 'Sad': 0.0003362007555551827, 'Surprised': 1.4536308299284428e-05, 'Unknown': 1.942463768500602e-06}",Aberration in the center?
LAURA,02:01:01,02:01:05,Neutral,"{'Angry': 2.184321820641877e-11, 'Disgusted': 2.964565875770986e-12, 'Fearful': 7.818247460024408e-13, 'Happy': 4.101271405820839e-11, 'Neutral': 1.0, 'Other': 2.0629271945196703e-13, 'Sad': 2.719128811001781e-10, 'Surprised': 7.160637100628309e-12, 'Unknown': 7.658449612327201e-13}","And that's something that would've come out of this portal. Right, Clarota?"
MATT,02:01:05,02:01:16,Happy,"{'Angry': 0.014636997133493423, 'Disgusted': 0.0017762071220204234, 'Fearful': 0.0004408617678564042, 'Happy': 0.9661087393760681, 'Neutral': 0.0007183797424659133, 'Other': 0.003869064385071397, 'Sad': 0.011455894447863102, 'Surprised': 0.0002883068227674812, 'Unknown': 0.0007056189351715147}","Clarota gives you a look and says, ""Most likely, or at least is related to the kin from the other side of the veil."""
MARISHA,02:01:16,02:01:18,Neutral,"{'Angry': 0.002184356562793255, 'Disgusted': 0.004778632428497076, 'Fearful': 0.0009611889254301786, 'Happy': 0.1937178075313568, 'Neutral': 0.7886128425598145, 'Other': 0.000607046764343977, 'Sad': 0.0006518445443361998, 'Surprised': 0.0011017174692824483, 'Unknown': 0.007384546101093292}","Wait, what?"
SAM,02:01:18,02:01:20,Neutral,"{'Angry': 1.0517954933675355e-06, 'Disgusted': 1.21166601729783e-06, 'Fearful': 2.2758757722840528e-07, 'Happy': 1.5696057289460441e-06, 'Neutral': 0.9999903440475464, 'Other': 1.4021192100699409e-06, 'Sad': 1.443231781195209e-06, 'Surprised': 3.836740702922725e-08, 'Unknown': 2.7913813482882688e-06}","""Or at least is related to the kin from the other side of the veil."""
MATT,02:01:20,02:01:22,Neutral,"{'Angry': 0.00021414991351775825, 'Disgusted': 5.50789809494745e-05, 'Fearful': 2.3412696464220062e-05, 'Happy': 0.010421031154692173, 'Neutral': 0.9885751605033875, 'Other': 2.7081299776909873e-05, 'Sad': 0.0005291420384310186, 'Surprised': 1.6977779523585923e-05, 'Unknown': 0.0001380152825731784}","""That."""
SAM,02:01:22,02:01:23,Neutral,"{'Angry': 0.0541137158870697, 'Disgusted': 0.07487209886312485, 'Fearful': 0.0004802718758583069, 'Happy': 0.028640706092119217, 'Neutral': 0.7747966051101685, 'Other': 0.001291004940867424, 'Sad': 0.05096839368343353, 'Surprised': 0.014502382837235928, 'Unknown': 0.00033483965671621263}",I speak Clarota.
MARISHA,02:01:23,02:01:24,Happy,"{'Angry': 0.3217996656894684, 'Disgusted': 6.973488780204207e-05, 'Fearful': 0.0006646504625678062, 'Happy': 0.6113317608833313, 'Neutral': 0.04839758947491646, 'Other': 0.000543310132343322, 'Sad': 0.014962289482355118, 'Surprised': 0.002226290525868535, 'Unknown': 4.630035164154833e-06}",Thank you.
MATT,02:01:24,02:01:27,Neutral,"{'Angry': 4.011498822364956e-05, 'Disgusted': 0.00020404698443599045, 'Fearful': 6.111219408921897e-05, 'Happy': 0.00011780672502936795, 'Neutral': 0.9971047043800354, 'Other': 8.880534005584195e-05, 'Sad': 0.0010433215647935867, 'Surprised': 5.407217145148024e-07, 'Unknown': 0.0013395824935287237}","""Pay attention, druid."""
MARISHA,02:01:27,02:01:29,Neutral,"{'Angry': 0.0005424352129921317, 'Disgusted': 1.1359799145793659e-06, 'Fearful': 7.799233969763009e-08, 'Happy': 3.315161393402377e-06, 'Neutral': 0.9994490742683411, 'Other': 6.762547855032608e-08, 'Sad': 3.5887310332327615e-06, 'Surprised': 1.8899517328918591e-07, 'Unknown': 4.734410552487134e-08}",I was taking notes!
TALIESIN,02:01:29,02:01:30,Neutral,"{'Angry': 2.5782001102925278e-05, 'Disgusted': 1.5046569387777708e-05, 'Fearful': 1.1030617315554991e-05, 'Happy': 0.00026700840680859983, 'Neutral': 0.9995891451835632, 'Other': 7.346303050326242e-07, 'Sad': 3.212813680875115e-05, 'Surprised': 5.8937577705364674e-05, 'Unknown': 1.799053279682994e-07}","He said, ""pay attention, druid."""
SAM,02:01:30,02:01:41,Neutral,"{'Angry': 0.006097813136875629, 'Disgusted': 2.764404780464247e-05, 'Fearful': 3.9735459722578526e-06, 'Happy': 3.476455822237767e-05, 'Neutral': 0.9937855005264282, 'Other': 1.3040041267231572e-05, 'Sad': 1.2567650628625415e-05, 'Surprised': 1.1479861541374703e-06, 'Unknown': 2.3495480490964837e-05}","While this is going on, I go near Lady Kima and I start humming. I'm going to cast Suggestion on her."
MATT,02:01:41,02:01:43,Neutral,"{'Angry': 0.004302560817450285, 'Disgusted': 0.16341297328472137, 'Fearful': 0.0029807486571371555, 'Happy': 0.10252542793750763, 'Neutral': 0.6747210621833801, 'Other': 0.001601706026121974, 'Sad': 0.046247322112321854, 'Surprised': 0.0016198385274037719, 'Unknown': 0.0025883859489113092}",Okay.
SAM,02:01:43,02:01:59,Neutral,"{'Angry': 8.108970309464447e-13, 'Disgusted': 3.023125979694126e-14, 'Fearful': 6.9904553405054394e-15, 'Happy': 1.0181622255370226e-12, 'Neutral': 1.0, 'Other': 2.730514255252039e-15, 'Sad': 2.5415329563127642e-12, 'Surprised': 2.6769889473546304e-13, 'Unknown': 1.878523581805812e-14}","Or try to. I'm just going to say, ""(singing) Gnome makes you want to check out Grog's bod, gnome makes you want to check out his bod and sweat him so hard."""
SAM,02:01:59,02:02:03,Happy,"{'Angry': 1.2245191527426869e-09, 'Disgusted': 7.867553719620446e-09, 'Fearful': 3.437243600856732e-09, 'Happy': 1.0, 'Neutral': 6.0647034061389604e-09, 'Other': 7.249257194530401e-09, 'Sad': 9.17752895901458e-09, 'Surprised': 7.382161992808278e-09, 'Unknown': 1.755582235141162e-09}",Yeah.
TRAVIS,02:02:03,02:02:07,Neutral,"{'Angry': 4.527692307990279e-14, 'Disgusted': 1.702076390969903e-15, 'Fearful': 2.7124591656461623e-16, 'Happy': 5.720025690082731e-14, 'Neutral': 1.0, 'Other': 4.463686284506831e-16, 'Sad': 1.5369312539228325e-13, 'Surprised': 2.662312475240191e-14, 'Unknown': 1.2417222427084265e-15}",I go over to the water and scoop some and pour it over my head. (all laugh)
MATT,02:02:07,02:02:34,Neutral,"{'Angry': 6.786896213214696e-14, 'Disgusted': 3.2018559031470615e-15, 'Fearful': 4.802392525498961e-16, 'Happy': 9.55967347383152e-14, 'Neutral': 1.0, 'Other': 9.067081124542603e-16, 'Sad': 2.3266246785072497e-13, 'Surprised': 3.8978477563678116e-14, 'Unknown': 3.0079914491024703e-15}","As you're doing this, Grog, Kima, who at this point as you got out of this conversation is currently rewrapping the handle of the maul that she found earlier in the cavern, stops what she's doing, glances over at Scanlan with a very stern look and goes, ""Gnome, I mean no disrespect when I say, toy with my mind again and you'll find the business end of this hammer right up your rectum."""
ALL,02:02:34,02:02:36,Neutral,"{'Angry': 3.4922962299788196e-07, 'Disgusted': 3.345832624290779e-07, 'Fearful': 2.0483253138081636e-07, 'Happy': 8.526012607035227e-06, 'Neutral': 0.9999822378158569, 'Other': 9.241026788231466e-08, 'Sad': 7.501267646148335e-06, 'Surprised': 6.76564241075539e-07, 'Unknown': 2.2375527208851054e-08}",Oh!
SAM,02:02:36,02:02:41,Neutral,"{'Angry': 1.137280916142791e-13, 'Disgusted': 3.540158744698061e-15, 'Fearful': 7.207265175937321e-16, 'Happy': 1.2549714685419072e-13, 'Neutral': 1.0, 'Other': 6.614818039496549e-16, 'Sad': 4.0732258603341787e-13, 'Surprised': 4.922053229946578e-14, 'Unknown': 2.3691644942391973e-15}","And that's the part I need for shitting on beds, so I apologize. I apologize. I'm sorry."
MATT,02:02:41,02:02:49,Neutral,"{'Angry': 4.589301624946529e-06, 'Disgusted': 1.76202365764766e-06, 'Fearful': 2.1717100935347844e-06, 'Happy': 1.1196530977031216e-05, 'Neutral': 0.9999634027481079, 'Other': 2.029305278483662e-06, 'Sad': 1.0535626643104479e-05, 'Surprised': 1.2043685728713172e-06, 'Unknown': 3.033288066944806e-06}","""You've bothered me enough recently with your antics."" As she does that, she motions towards your nether region. ""I'd watch it."""
SAM,02:02:49,02:03:00,Happy,"{'Angry': 8.077163937691978e-11, 'Disgusted': 4.144737331124304e-10, 'Fearful': 3.6636385591926057e-10, 'Happy': 1.0, 'Neutral': 8.024559350339189e-10, 'Other': 9.221583496810126e-10, 'Sad': 2.466882476070964e-09, 'Surprised': 3.0250699167844175e-10, 'Unknown': 3.96548044401257e-10}","I do call it my antic, but yes. You're right. I'm sorry, that was disrespectful. I apologize. I tried, man, come on. I'm your wingman."
MATT,02:03:00,02:03:01,Neutral,"{'Angry': 0.0008072086493484676, 'Disgusted': 0.0023145682644098997, 'Fearful': 0.0007349830702878535, 'Happy': 0.3613797426223755, 'Neutral': 0.5750572085380554, 'Other': 0.001886317739263177, 'Sad': 0.006063480395823717, 'Surprised': 0.046663086861371994, 'Unknown': 0.005093441344797611}",She keeps wrapping the handle of the maul.
LIAM,02:03:01,02:03:03,Neutral,"{'Angry': 2.400984576086951e-12, 'Disgusted': 8.963968754554727e-14, 'Fearful': 2.8357472145750136e-14, 'Happy': 3.853028573280737e-12, 'Neutral': 1.0, 'Other': 4.347034495197745e-15, 'Sad': 5.319527370678534e-12, 'Surprised': 7.927157194553835e-13, 'Unknown': 5.3393538369935975e-14}","Scanlan, she didn't say ant-dick, she said antic."
SAM,02:03:03,02:03:05,Neutral,"{'Angry': 4.525908479990903e-06, 'Disgusted': 2.3821117167699413e-07, 'Fearful': 7.373880350769468e-08, 'Happy': 4.861317847826285e-06, 'Neutral': 0.9999871253967285, 'Other': 7.473759069398511e-07, 'Sad': 1.7203939250975964e-06, 'Surprised': 3.667594228318194e-08, 'Unknown': 7.224105047498597e-07}","Thank you, Vax."
SAM,02:03:05,02:03:09,Neutral,"{'Angry': 1.1401588562165443e-09, 'Disgusted': 2.702634782636437e-10, 'Fearful': 6.316134421036068e-11, 'Happy': 7.11417147414295e-09, 'Neutral': 1.0, 'Other': 5.844924544362584e-11, 'Sad': 3.746138954596745e-09, 'Surprised': 1.0749456186287532e-10, 'Unknown': 3.66384839134426e-10}","I don't think so, Grog."
MATT,02:03:09,02:03:14,Neutral,"{'Angry': 3.9940329689402976e-12, 'Disgusted': 1.864627430323701e-13, 'Fearful': 4.559819251240098e-14, 'Happy': 7.138381899474133e-12, 'Neutral': 1.0, 'Other': 1.4122427863640444e-14, 'Sad': 1.1530035606832634e-11, 'Surprised': 1.1210663473926186e-12, 'Unknown': 9.722856065185956e-14}",As we're taking a rest at this moment to prepare for whatever you guys want to do next. Let's take a quick restroom break for the group.
LAURA,02:03:14,02:03:16,Neutral,"{'Angry': 8.971350325737149e-05, 'Disgusted': 6.115595897426829e-05, 'Fearful': 6.282857611950021e-06, 'Happy': 0.0003231378796044737, 'Neutral': 0.99919193983078, 'Other': 1.7031799870892428e-05, 'Sad': 6.569296965608373e-05, 'Surprised': 1.6943530454227584e-06, 'Unknown': 0.00024330209998879582}","Yeah, yes, please."
MATT,02:03:16,02:03:20,Neutral,"{'Angry': 1.4219584443253552e-07, 'Disgusted': 1.4759364397320951e-08, 'Fearful': 1.1097348817656894e-08, 'Happy': 1.535349696268895e-07, 'Neutral': 0.9999992847442627, 'Other': 1.6188177909270962e-08, 'Sad': 2.13600529264113e-07, 'Surprised': 1.9921989746762847e-07, 'Unknown': 2.2577908431742344e-09}",Let's say about a 5-minute break if we want to just play 3 videos or so. We'll make it quick so we can get back to the game.
ZAC,02:03:20,02:03:22,Neutral,"{'Angry': 3.518989544204487e-08, 'Disgusted': 7.079865138592822e-09, 'Fearful': 8.343853608039353e-09, 'Happy': 2.8456381073738157e-07, 'Neutral': 0.9999992847442627, 'Other': 1.7360614057437829e-09, 'Sad': 3.1885960538602376e-07, 'Surprised': 3.870224318802684e-08, 'Unknown': 4.452863633375159e-10}","Hold up, before you go off--"
MATT,02:03:22,02:03:25,Neutral,"{'Angry': 4.330704631710924e-12, 'Disgusted': 2.403686787371545e-13, 'Fearful': 5.639879432613529e-14, 'Happy': 4.88540327983622e-12, 'Neutral': 1.0, 'Other': 2.0385501283987778e-14, 'Sad': 1.2756599596097651e-11, 'Surprised': 1.3767907170239568e-12, 'Unknown': 1.1727241627877e-13}","Before we do that, all right, just a second."
MATT,02:03:25,02:03:27,Neutral,"{'Angry': 1.9443285736997495e-07, 'Disgusted': 1.6813288539196947e-07, 'Fearful': 9.558696234535091e-08, 'Happy': 1.0810816775119747e-06, 'Neutral': 0.999997615814209, 'Other': 4.211158000089199e-08, 'Sad': 3.131731602934451e-07, 'Surprised': 3.6278155590707684e-08, 'Unknown': 5.132207547831058e-07}",Things are happening.
ZAC,02:03:27,02:03:29,Neutral,"{'Angry': 5.728443842325723e-14, 'Disgusted': 1.9380793577118563e-15, 'Fearful': 3.2166062937092255e-16, 'Happy': 6.61092681248851e-14, 'Neutral': 1.0, 'Other': 4.688067959212456e-16, 'Sad': 2.1631954311585738e-13, 'Surprised': 2.7112360818340626e-14, 'Unknown': 1.3712404624863055e-15}",I have a present from the chat room.
ALL,02:03:29,02:03:32,Neutral,"{'Angry': 0.001484422362409532, 'Disgusted': 0.0014828291023150086, 'Fearful': 0.00033331915619783103, 'Happy': 0.11251275986433029, 'Neutral': 0.8621275424957275, 'Other': 0.001324089476838708, 'Sad': 0.0014471870381385088, 'Surprised': 8.575428364565596e-05, 'Unknown': 0.0192020982503891}",Whoa!
ZAC,02:03:32,02:03:34,Happy,"{'Angry': 0.0002552215592004359, 'Disgusted': 0.0005379821523092687, 'Fearful': 0.000141539829201065, 'Happy': 0.9506043195724487, 'Neutral': 0.04252547770738602, 'Other': 0.00012689859431702644, 'Sad': 0.0006490098312497139, 'Surprised': 1.9552166122593917e-05, 'Unknown': 0.005139979068189859}",It is a happy 10th episode Critical Role cake.
LAURA,02:03:34,02:03:38,Neutral,"{'Angry': 0.001967495307326317, 'Disgusted': 0.003833585884422064, 'Fearful': 0.0013176080537959933, 'Happy': 0.35164690017700195, 'Neutral': 0.608751118183136, 'Other': 0.002888682996854186, 'Sad': 0.006399613339453936, 'Surprised': 0.01212999690324068, 'Unknown': 0.011064981110394001}",That's so sweet!
ZAC,02:03:38,02:03:42,Neutral,"{'Angry': 1.1267892396915613e-08, 'Disgusted': 1.6148062798038154e-07, 'Fearful': 1.133919091955704e-08, 'Happy': 1.3703925105801318e-07, 'Neutral': 0.9999991655349731, 'Other': 1.4861346642192075e-07, 'Sad': 2.4685306243554805e-07, 'Surprised': 3.0217419677569524e-09, 'Unknown': 1.2833415041768603e-07}","Also, in honor of the twins."
MATT,02:03:42,02:03:43,Neutral,"{'Angry': 2.5568333512637764e-05, 'Disgusted': 0.0005070336046628654, 'Fearful': 1.2450580470613204e-05, 'Happy': 0.0005999563727527857, 'Neutral': 0.994787335395813, 'Other': 2.701989251363557e-05, 'Sad': 8.369474380742759e-05, 'Surprised': 0.00395380100235343, 'Unknown': 3.1221768495015567e-06}","All right, so they came in from this side."
LAURA,02:03:43,02:03:44,Happy,"{'Angry': 0.0002601577725727111, 'Disgusted': 0.0016184228006750345, 'Fearful': 1.3062574907962698e-05, 'Happy': 0.9599794745445251, 'Neutral': 0.03659524768590927, 'Other': 2.827101070579374e-06, 'Sad': 0.0010027083335444331, 'Surprised': 0.0005272837006486952, 'Unknown': 7.607645784446504e-07}","Aw, you guys!"
SAM,02:03:44,02:03:49,Sad,"{'Angry': 0.0001336034038104117, 'Disgusted': 0.0005965184536762536, 'Fearful': 0.00018447297043167055, 'Happy': 0.0006975261494517326, 'Neutral': 0.12214230746030807, 'Other': 0.0004977298667654395, 'Sad': 0.8708968162536621, 'Surprised': 7.182733497756999e-06, 'Unknown': 0.004843797534704208}",We get one of those every two episodes! (all laugh)
SAM,02:03:49,02:03:50,Neutral,"{'Angry': 0.0028696584049612284, 'Disgusted': 0.0019956494215875864, 'Fearful': 0.00038876981125213206, 'Happy': 0.005719420500099659, 'Neutral': 0.9679392576217651, 'Other': 2.9518505471060053e-05, 'Sad': 0.020145954564213753, 'Surprised': 0.0008976089884527028, 'Unknown': 1.4211896996130235e-05}","Wow, that's great!"
MATT,02:03:50,02:03:51,Neutral,"{'Angry': 0.00015034954412840307, 'Disgusted': 6.580561603186652e-05, 'Fearful': 5.833371233165963e-06, 'Happy': 3.7376237742137164e-05, 'Neutral': 0.9995096921920776, 'Other': 1.0516187103348784e-06, 'Sad': 0.0001645239972276613, 'Surprised': 6.519059388665482e-05, 'Unknown': 1.8953802793930663e-07}","Guys, that's great. Thank you so much!"
TALIESIN,02:03:51,02:03:53,Neutral,"{'Angry': 0.0006237324560061097, 'Disgusted': 7.345509948208928e-05, 'Fearful': 8.644002264190931e-06, 'Happy': 0.00023044133558869362, 'Neutral': 0.9989808201789856, 'Other': 5.123248229210731e-06, 'Sad': 5.913839049753733e-05, 'Surprised': 1.3817477338307071e-05, 'Unknown': 4.802548573934473e-06}",This aberration is a cake!
ZAC,02:03:53,02:04:09,Neutral,"{'Angry': 2.325404757641536e-09, 'Disgusted': 4.630628380741797e-10, 'Fearful': 6.657553675015748e-11, 'Happy': 3.143219684531573e-09, 'Neutral': 1.0, 'Other': 1.317817244217423e-10, 'Sad': 2.0465769079436313e-09, 'Surprised': 6.540491481743516e-10, 'Unknown': 9.175542270423165e-11}","So while you guys are on break, you'll get yourselves some cake. But before we cut to the videos, I just want to remind everyone watching from the front page that we are 140 shirts away from getting to a thousand shirts sold, and at a thousand, we will do a live Q&A after the show tonight."
MATT,02:04:09,02:04:10,Neutral,"{'Angry': 0.00018731391173787415, 'Disgusted': 0.00019790593069046736, 'Fearful': 2.1965255655231886e-05, 'Happy': 0.0008064445573836565, 'Neutral': 0.998028576374054, 'Other': 4.085420187038835e-06, 'Sad': 0.0006804236909374595, 'Surprised': 7.115981861716136e-05, 'Unknown': 2.144864538422553e-06}",Yep.
ZAC,02:04:10,02:04:11,Neutral,"{'Angry': 6.742627738276497e-05, 'Disgusted': 5.2942370530217886e-05, 'Fearful': 2.9367834940785542e-05, 'Happy': 0.0014865361154079437, 'Neutral': 0.9981555342674255, 'Other': 2.2426736450142926e-06, 'Sad': 8.778425399214029e-05, 'Surprised': 0.00011678836744977161, 'Unknown': 1.3565775134338764e-06}",So we have an hour to sell 140 shirts.
SAM,02:04:11,02:04:13,Neutral,"{'Angry': 3.7641908079422137e-07, 'Disgusted': 2.750126213868498e-06, 'Fearful': 1.4695473282699822e-07, 'Happy': 7.179190788519918e-07, 'Neutral': 0.9999911785125732, 'Other': 3.3854996672744164e-07, 'Sad': 4.003291451226687e-06, 'Surprised': 7.709785876386377e-08, 'Unknown': 3.74135368019779e-07}",Or sweatshirts.
ZAC,02:04:13,02:04:17,Neutral,"{'Angry': 2.8109157362843362e-11, 'Disgusted': 4.250896076113397e-12, 'Fearful': 1.385639758315349e-12, 'Happy': 2.426445988579218e-10, 'Neutral': 1.0, 'Other': 5.588419809375578e-13, 'Sad': 1.6866395780024135e-10, 'Surprised': 1.11074413555734e-11, 'Unknown': 2.58213264138496e-12}",Or sweatshirts. There's hoodies on there. Women's cut tees.
LAURA,02:04:17,02:04:18,Neutral,"{'Angry': 0.0005882928380742669, 'Disgusted': 7.670535705983639e-05, 'Fearful': 3.4629499623406446e-06, 'Happy': 0.10036814212799072, 'Neutral': 0.8983027338981628, 'Other': 2.3367754238279304e-06, 'Sad': 9.042738383868709e-05, 'Surprised': 0.0005672663683071733, 'Unknown': 5.224643473411561e-07}",I still haven't ordered mine. I need to get my hoodie.
ZAC,02:04:18,02:04:20,Neutral,"{'Angry': 1.6176875117235312e-10, 'Disgusted': 1.3864977221889063e-10, 'Fearful': 2.938721141432232e-11, 'Happy': 9.24488263720491e-10, 'Neutral': 1.0, 'Other': 4.438229297965002e-11, 'Sad': 9.31220434097213e-10, 'Surprised': 9.129298705889966e-11, 'Unknown': 3.602519671463966e-11}",Male tees.
TRAVIS,02:04:20,02:04:22,Neutral,"{'Angry': 1.0134821422980167e-05, 'Disgusted': 6.54092145850882e-05, 'Fearful': 1.5559833627776243e-05, 'Happy': 0.00014840990479569882, 'Neutral': 0.9990641474723816, 'Other': 2.773565392999444e-05, 'Sad': 0.0001360522728646174, 'Surprised': 9.669988685345743e-07, 'Unknown': 0.0005316213355399668}",Presents for your friends!
TRAVIS,02:04:22,02:04:24,Happy,"{'Angry': 4.217129117023433e-06, 'Disgusted': 4.959282705385704e-06, 'Fearful': 6.677000783383846e-05, 'Happy': 0.9967002272605896, 'Neutral': 0.0022181645035743713, 'Other': 1.369900110148592e-05, 'Sad': 0.0009793653152883053, 'Surprised': 6.334399131446844e-06, 'Unknown': 6.2669155340699945e-06}",That's a good gift.
ZAC,02:04:24,02:04:27,Neutral,"{'Angry': 4.074836823519945e-08, 'Disgusted': 2.1311223008524394e-08, 'Fearful': 2.0622388241520184e-09, 'Happy': 8.165341291999084e-09, 'Neutral': 1.0, 'Other': 1.7350297865093012e-09, 'Sad': 4.7643851530665415e-08, 'Surprised': 1.202590582671803e-09, 'Unknown': 8.861141265192884e-10}","All you've got to do is scroll down on the channel or join the chat room, or you'll see every once in a while the ads show up on the front page."
ORION,02:04:27,02:04:28,Neutral,"{'Angry': 2.2527614419232123e-05, 'Disgusted': 6.503265922219725e-06, 'Fearful': 1.1558815458556637e-05, 'Happy': 5.783123560831882e-05, 'Neutral': 0.999798595905304, 'Other': 1.8242469650431303e-06, 'Sad': 8.898261876311153e-05, 'Surprised': 1.1900008757947944e-05, 'Unknown': 2.1551441875544697e-07}",I'm going to really enjoy it.
ZAC,02:04:28,02:04:33,Neutral,"{'Angry': 4.383137852670416e-09, 'Disgusted': 4.367798567272985e-09, 'Fearful': 1.5228514005372062e-09, 'Happy': 2.6679077791413874e-07, 'Neutral': 0.9999996423721313, 'Other': 2.3494741707708044e-09, 'Sad': 9.851895299561875e-08, 'Surprised': 1.020545092877967e-09, 'Unknown': 1.0586321153027711e-08}","So get a t-shirt. We're pretty close. I think we're only 40 subs away or something, Lucas?"
TALIESIN,02:04:33,02:04:34,Angry,"{'Angry': 0.8542721271514893, 'Disgusted': 0.1251610368490219, 'Fearful': 0.0008829686557874084, 'Happy': 0.0058121029287576675, 'Neutral': 0.007346181198954582, 'Other': 0.0011187869822606444, 'Sad': 0.0009052029927261174, 'Surprised': 0.00415370287373662, 'Unknown': 0.0003478786093182862}",Whoa.
ZAC,02:04:34,02:04:57,Neutral,"{'Angry': 7.50035172858432e-11, 'Disgusted': 8.26523571806348e-12, 'Fearful': 2.8358151330648562e-12, 'Happy': 5.357758126045553e-10, 'Neutral': 1.0, 'Other': 6.652672661887349e-13, 'Sad': 2.2926727183403273e-10, 'Surprised': 7.501081700223011e-11, 'Unknown': 4.864111283892081e-12}","From a tabletop promo giveaway, and we'll have all these guys sign a poster and include that with shipping. If you're wondering why you should sub this channel, it helps keep shows like this, and we have a lot of other programming like a live comic book show, cosplay show. We have live music every Friday night. It's a good time. So you should sub. And I guess let's cut to the break."
TRAVIS,02:04:57,02:04:58,Neutral,"{'Angry': 1.3138866052031517e-05, 'Disgusted': 0.00012534928100649267, 'Fearful': 3.601484650062048e-06, 'Happy': 0.0002109836641466245, 'Neutral': 0.9994632601737976, 'Other': 2.9151642593205906e-06, 'Sad': 0.00016940956993494183, 'Surprised': 8.184735634131357e-06, 'Unknown': 3.1546962873107987e-06}",I've got to pee!
MATT,02:04:58,02:06:11,Neutral,"{'Angry': 1.396187826685491e-06, 'Disgusted': 9.563033245285624e-07, 'Fearful': 1.3528993747513596e-07, 'Happy': 0.00035148629103787243, 'Neutral': 0.9996135830879211, 'Other': 1.1800490938185249e-05, 'Sad': 1.696747676760424e-05, 'Surprised': 2.2707847335823317e-07, 'Unknown': 3.329151013531373e-06}","5-minute break guys, make it quick. We'll see you back here in 5 minutes. Thank you. [dramatic music]"
ASHLEY,02:06:11,02:08:14,Neutral,"{'Angry': 0.0010621623368933797, 'Disgusted': 0.0037863519974052906, 'Fearful': 0.00038974545896053314, 'Happy': 0.28315892815589905, 'Neutral': 0.514205813407898, 'Other': 0.1703995019197464, 'Sad': 0.006240335758775473, 'Surprised': 0.00029981788247823715, 'Unknown': 0.020457375794649124}","Pike grew up in the outskirts of town, near the Bramblewood. Her ancestors were a family of deep gnomes with quite an unfavorable reputation. Thievery, destruction, and trickery left them with the curse of the last name Trickfoot. Sarenrae, the goddess of healing and redemption, had other plans for Pike's great-great-grandfather Wilhand, who left his family at a young age after a dream, a dream that changed the course of the Trickfoot family. Wilhand devoted his life to Sarenrae and pledged from then on that him and his family would live a life of service and devotion. As a child, Pike seemed to have an affinity to heal. Whether it was animals, people, or even flowers, she felt she had a purpose in making things whole that had once been broken. She studied and learned the ways to heal though divine magic. She lived a peaceful life, quiet and simple, until one day, Wilhand was captured and almost killed by a group of goliath barbarians. One of the goliaths took a stand against the murder of the innocent gnome and he himself was beaten, bloodied, and left for dead, abandoned by his herd. Wilhand went to Pike for help. She prayed and healed this barbarian as best she could, bringing him back to life. When he awoke, she discovered his name was Grog Strongjaw. After that, they were best of friends, a rather unlikely pair. Little did she know that in a few years' time, Grog would soon return the favor and bring her back from the clutches of death. After being killed in battle, Pike felt angry. She wanted to be stronger so that it would never happen again. She spent four months at sea training with the men and women aboard a ship called the Broken Howl. Gripping her holy symbol in one hand, and her morningstar in the other, this time, Pike is ready."
TRAVIS,02:08:14,02:10:02,Neutral,"{'Angry': 2.124316324625397e-06, 'Disgusted': 2.0120471617701696e-06, 'Fearful': 1.9717899135685002e-07, 'Happy': 0.009788055904209614, 'Neutral': 0.9901363253593445, 'Other': 2.2183824057719903e-06, 'Sad': 6.658531492576003e-05, 'Surprised': 1.1168660876137437e-06, 'Unknown': 1.409343440172961e-06}","Right, Listen up! If you have ale, then you have a friend in Grog Strongjaw. A goliath of towering height and size, this barbarian has an appetite for the two great loves in his life: combat, women, and ale! (chuckle) (record scratch) Wait. Easily the brains of the group, Grog is often consulted for his vast knowledge of shapes, colors, and (chuckle) shiny things! Also ale. In his early years, armed with his two handed great axe, Grog often enjoyed proving his might amongst the ranks of his family's wandering herd. But after coming upon an unsuspecting elderly gnome in the woods, he objected to the killing of such an innocent life. A creature of impulse, Grog felt only pity for this-- well, this terrified little thing. And his disobedience cost him dearly. (weapon crack) Beaten bloody and banished by the herd leader, his uncle Kevdak, Grog was abandoned and left to die. Exiled from his herd, it was then that the relative of the very gnome he fought to save, saved him. It was the kindness of a gnome cleric named Pike that healed Grog, bringing him back from death's edge. And they have remained close friends ever since. Most nights, Grog can be found challenging entire taverns to wrestling matches! Ha! or accompanying Scanlan to the nearest house where you pay for... lady favors. Also ale!"
MARISHA,02:10:02,02:12:05,Neutral,"{'Angry': 2.311942637334141e-09, 'Disgusted': 8.099789283733116e-09, 'Fearful': 9.278410262325565e-10, 'Happy': 1.2011009076218215e-08, 'Neutral': 0.9999998807907104, 'Other': 5.641926481558812e-09, 'Sad': 1.195645609186613e-07, 'Surprised': 1.9003426388053413e-08, 'Unknown': 5.380718093306314e-10}","A first impression of Keyleth would leave you with little information on the half-elven druid. You might even think that her social awkwardness due to her sheltered upbringing is kind of sweet. (chuckle) Of course, it would be unwise to underestimate her based on first impressions. (thunder crack) Under that unintimidating petite frame is a vicious beast waiting to be unleashed, whose natural powers have made even the fiercest of champions pee their pants, literally! (soft chuckle) Born to the Air Tribe of the Ashari people, Keyleth was raised with a deep love of nature and the elemental magics. It is her people's inherent duty to protect the delicate areas in Tal'Dorei where the four elemental planes begin to bleed with this realm. Since she was a little girl, she had quite a knack for air manipulation and beast shaping abilities. Well, if you consider kittens and flying squirrels to be little beasts. Which, I do. (clears throat) Anyways, it wasn't long before the headmaster of the tribe, her father, Korren, realized her true prodigious abilities and she was inveterated to succeed him as the next headmaster. Just like that, her jovial childhood was stripped and replaced with endless spell memorization, teachings from ancient traditions, and exceedingly high expectations. Every druid leader to be must embark on journey to seek out the sister tribes in order to introduce and establish respect amongst the fellow headmasters. They call this the AraMente, or Noble Odyssey. When her father felt she was ready, he set her on the path to truly discovering herself. Not knowing when, or if, she will ever return. As she hiked down the mountain towards Stillben, she meditated on the task ahead. Part of the AraMente is proving yourself a strong warrior, a valiant protector, and a wise and compassionate leader. With this knowledge, one thought plays in repeat in her mind: Is she even worthy?"
TALIESIN,02:12:05,02:13:20,Neutral,"{'Angry': 6.533571461631027e-10, 'Disgusted': 2.8026903020617056e-09, 'Fearful': 1.4414820725949795e-10, 'Happy': 2.4042328128359713e-09, 'Neutral': 1.0, 'Other': 2.006429911105556e-09, 'Sad': 8.363075565398503e-09, 'Surprised': 3.6197339570165354e-10, 'Unknown': 6.210617020663278e-10}","Percy was the third of seven children, born to a noble family who lived far to the north in the ancient castle of Whitestone. With so many siblings to share the burdens of lordship, Percy turned his attentions to the sciences, engineering, and naturalism. One day, a mysterious couple named Lord and Lady Briarwood came to court. During a feast held in their honor, the Briarwoods violently took control of the castle, killing or imprisoning everyone who would stand in their way. Percy awoke chained in the dungeon, only to be freed by his younger sister. Together they fled, chased by the Briarwoods' men. As they ran, Percy's sister took several arrows to the chest and fell. Percy kept running, eventually jumping into a freezing river and floating unconscious to freedom. He did not remember waking up on a fishing boat. He barely remembered the next two years, as he slowly made his way as far south as possible. Then one night, Percy had a dream. A roaring cloud of smoke offered him vengeance against those who destroyed his family. When he awoke, Percy began to design his first gun. (gunshot)"
SAM,02:13:20,02:14:11,Neutral,"{'Angry': 0.00010151661990676075, 'Disgusted': 0.00018068167264573276, 'Fearful': 1.1851252565975301e-05, 'Happy': 0.004786423873156309, 'Neutral': 0.9891998767852783, 'Other': 0.0002285540394950658, 'Sad': 9.477309504291043e-05, 'Surprised': 0.005373925436288118, 'Unknown': 2.2404396077035926e-05}","Oh, you haven't heard of Scanlan Shorthalt? Well, gird your loins, ladies, because he has his eye on you. A talented musician, master of disguise, and dashingly handsome in his own mind, Scanlan sings songs almost as much as he sings his own praises. Born a poor gnome, Scanlan used his endless charm and soaring tenor voice to croon for coin and support his single mother. One day he was discovered by a half-orc promoter, and joined Dr. Dranzel's Spectacular Traveling Troupe, where he learned the ways of the world, and honed his skills as a bard extraordinaire. A loner much of his life, Scanlan has never quite come to terms with the violent death of his mother at the hands of a goblin invasion. While his years on the road provided many, shall we say, educational experiences with the opposite sex--"
MATT,02:14:11,02:14:20,Neutral,"{'Angry': 0.0001652241189731285, 'Disgusted': 7.121288945199922e-05, 'Fearful': 2.983688682434149e-05, 'Happy': 0.0040781996212899685, 'Neutral': 0.9942699670791626, 'Other': 0.00042944838060066104, 'Sad': 0.000647909939289093, 'Surprised': 3.480267332633957e-05, 'Unknown': 0.00027344367117621005}","Welcome back. Break is finished. Once again, I want to remind you guys, we're just a little over 100 shirts left. If we can manage to get to 1000 in the next 45 minutes--"
SAM,02:14:20,02:14:21,Neutral,"{'Angry': 0.0001811624097172171, 'Disgusted': 1.597223490534816e-05, 'Fearful': 3.8095615309430286e-05, 'Happy': 0.0004630585026461631, 'Neutral': 0.9991229176521301, 'Other': 2.922897238022415e-06, 'Sad': 0.00016396265709772706, 'Surprised': 1.1450863894424401e-05, 'Unknown': 5.03473017943179e-07}",It's going to be tight.
LAURA,02:14:21,02:14:22,Surprised,"{'Angry': 3.021590828211629e-06, 'Disgusted': 4.0506488403480034e-06, 'Fearful': 1.1568595255084801e-06, 'Happy': 2.202032646891894e-06, 'Neutral': 0.0004161118995398283, 'Other': 1.4687921066069975e-06, 'Sad': 2.949822601294727e-06, 'Surprised': 0.9995691180229187, 'Unknown': 7.108231336871995e-09}",It's going to be tight.
TRAVIS,02:14:22,02:14:23,Neutral,"{'Angry': 0.0014347685500979424, 'Disgusted': 0.0004576729843392968, 'Fearful': 9.435568063054234e-05, 'Happy': 0.015866035595536232, 'Neutral': 0.9789960384368896, 'Other': 1.815944597183261e-05, 'Sad': 0.0010266631143167615, 'Surprised': 0.0021014921367168427, 'Unknown': 4.833915681956569e-06}",Gifts. Gifts for your friends and family. Your pets.
MATT,02:14:23,02:14:24,Neutral,"{'Angry': 0.02592054195702076, 'Disgusted': 0.004069299437105656, 'Fearful': 0.0002814606123138219, 'Happy': 0.07879689335823059, 'Neutral': 0.8482398986816406, 'Other': 5.0558915972942486e-05, 'Sad': 0.04068073630332947, 'Surprised': 0.0019433870911598206, 'Unknown': 1.7304279026575387e-05}",Shop for your buddies' birthdays--
LIAM,02:14:24,02:14:26,Neutral,"{'Angry': 1.7208366676069176e-11, 'Disgusted': 2.122906885004827e-12, 'Fearful': 5.383933858633949e-13, 'Happy': 9.983997656393129e-11, 'Neutral': 1.0, 'Other': 2.4612519596185767e-13, 'Sad': 1.2639915503154242e-10, 'Surprised': 6.060739583813035e-12, 'Unknown': 1.0688702527239524e-12}",Your friends are going to be watching the show in under a month.
SAM,02:14:26,02:14:32,Neutral,"{'Angry': 1.0637734249030473e-06, 'Disgusted': 1.7200406432493764e-07, 'Fearful': 1.3572245904924785e-07, 'Happy': 8.427653597209428e-07, 'Neutral': 0.9999911785125732, 'Other': 2.049889502586666e-07, 'Sad': 5.89152750762878e-06, 'Surprised': 3.5534893072508567e-07, 'Unknown': 1.0183209298020302e-07}",You know what? Just buy them and then return them after the show's over. (all laugh)
ORION,02:14:32,02:14:33,Neutral,"{'Angry': 3.7761139537906274e-05, 'Disgusted': 0.00011341999925207347, 'Fearful': 1.3737405424762983e-05, 'Happy': 0.00043732000631280243, 'Neutral': 0.9991675615310669, 'Other': 3.1776555715623545e-06, 'Sad': 7.820880273357034e-05, 'Surprised': 0.00014775653835386038, 'Unknown': 1.047161390488327e-06}",Just do that.
MATT,02:14:33,02:14:34,Neutral,"{'Angry': 0.00032627402106299996, 'Disgusted': 0.0003635136818047613, 'Fearful': 7.662501957383938e-06, 'Happy': 0.07818014919757843, 'Neutral': 0.9205361008644104, 'Other': 3.0132579922792502e-05, 'Sad': 9.062125172931701e-05, 'Surprised': 0.00044686137698590755, 'Unknown': 1.86206707439851e-05}",Don't do that.
LAURA,02:14:34,02:14:35,Neutral,"{'Angry': 1.900633105833549e-05, 'Disgusted': 2.418257099634502e-05, 'Fearful': 1.3382931683736388e-05, 'Happy': 0.005074100568890572, 'Neutral': 0.9944000840187073, 'Other': 3.59936966560781e-05, 'Sad': 8.012074249563739e-05, 'Surprised': 4.711508609034354e-06, 'Unknown': 0.0003483417967800051}",Don't do that.
MATT,02:14:35,02:14:52,Neutral,"{'Angry': 1.6817887171782786e-07, 'Disgusted': 9.576705650715667e-08, 'Fearful': 2.4574800860932555e-08, 'Happy': 1.342225118605711e-06, 'Neutral': 0.9999973773956299, 'Other': 1.689335817900428e-07, 'Sad': 7.307147598112351e-07, 'Surprised': 8.608786572494864e-08, 'Unknown': 2.8313490219034065e-08}","Yeah, no worries, guys. So to bring this back to where we were, you guys have been puttering around after you're clearing out this cavern on the northern shore of this large cave surrounding Yug'Voril. What is your current plan of action?"
TRAVIS,02:14:52,02:14:54,Neutral,"{'Angry': 0.0018419953994452953, 'Disgusted': 0.001443670829758048, 'Fearful': 0.005387971643358469, 'Happy': 0.027471192181110382, 'Neutral': 0.756385087966919, 'Other': 0.00015659320342820138, 'Sad': 0.20572614669799805, 'Surprised': 0.0003820598067250103, 'Unknown': 0.0012053248938173056}","While they've been sleeping, I took my axe--"
MATT,02:14:54,02:14:56,Neutral,"{'Angry': 1.2786998695446528e-06, 'Disgusted': 4.645723663543322e-07, 'Fearful': 2.332437105678764e-07, 'Happy': 2.199484151788056e-05, 'Neutral': 0.9999734163284302, 'Other': 6.221211634738211e-08, 'Sad': 1.8117470972356386e-06, 'Surprised': 7.65543632041954e-07, 'Unknown': 2.5181360996384683e-08}","You guys didn't end up resting, I think."
TRAVIS,02:14:56,02:14:57,Neutral,"{'Angry': 1.5524300067681907e-08, 'Disgusted': 1.7793130524523804e-08, 'Fearful': 1.0812931883208421e-08, 'Happy': 1.0056418204840156e-06, 'Neutral': 0.9999985694885254, 'Other': 1.1118146403532592e-08, 'Sad': 3.377130894932634e-07, 'Surprised': 3.652938618259327e-09, 'Unknown': 3.9358578618475804e-08}",I thought we rested.
LAURA,02:14:57,02:14:58,Neutral,"{'Angry': 0.0002723807701840997, 'Disgusted': 9.627987310523167e-05, 'Fearful': 5.121994763612747e-05, 'Happy': 0.0015324043342843652, 'Neutral': 0.9975564479827881, 'Other': 2.9349660053412663e-06, 'Sad': 0.00044315445120446384, 'Surprised': 4.4170228647999465e-05, 'Unknown': 1.0532024816711782e-06}","No, we haven't rested."
MARISHA,02:14:58,02:15:00,Neutral,"{'Angry': 0.0005760989733971655, 'Disgusted': 0.013627953827381134, 'Fearful': 7.220543011499103e-06, 'Happy': 0.0013616171199828386, 'Neutral': 0.9837575554847717, 'Other': 4.775399065692909e-05, 'Sad': 0.00010044527152786031, 'Surprised': 0.0005189756047911942, 'Unknown': 2.446397729727323e-06}",I've been collapsing that cavern.
MATT,02:15:00,02:15:10,Neutral,"{'Angry': 1.2107101345776305e-13, 'Disgusted': 4.075723912961562e-15, 'Fearful': 8.274462632611103e-16, 'Happy': 1.3560834855215476e-13, 'Neutral': 1.0, 'Other': 7.881493872831087e-16, 'Sad': 4.456708981893931e-13, 'Surprised': 5.475687855612324e-14, 'Unknown': 2.860440850789613e-15}","You manage to make a way where the central focal point of this cavern's entrance, you manage to eventually carve all the stone to close it off."
ORION,02:15:10,02:15:14,Neutral,"{'Angry': 0.0024899460840970278, 'Disgusted': 0.04862447455525398, 'Fearful': 0.005410901270806789, 'Happy': 0.16376107931137085, 'Neutral': 0.748895525932312, 'Other': 0.0012741273967549205, 'Sad': 0.0028231434989720583, 'Surprised': 0.0030336736235767603, 'Unknown': 0.023687073960900307}",Yes?
MARISHA,02:15:14,02:15:16,Neutral,"{'Angry': 0.0004105338593944907, 'Disgusted': 0.003413240425288677, 'Fearful': 1.2139055797888432e-05, 'Happy': 5.1406052079983056e-05, 'Neutral': 0.9958863854408264, 'Other': 7.83308769314317e-06, 'Sad': 0.00020690515520982444, 'Surprised': 6.901188044139417e-06, 'Unknown': 4.684689429268474e-06}",Has your brother gotten back to you yet?
ORION,02:15:16,02:15:24,Neutral,"{'Angry': 4.936409095535055e-05, 'Disgusted': 0.00018129344971384853, 'Fearful': 2.195127308368683e-05, 'Happy': 0.0001464231318095699, 'Neutral': 0.998490571975708, 'Other': 0.0008758493349887431, 'Sad': 7.547236600657925e-05, 'Surprised': 6.747871793777449e-06, 'Unknown': 0.00015239222557283938}",He should've got the message immediately. I'm pretty sure he's researching it before he answers.
MATT,02:15:24,02:16:05,Neutral,"{'Angry': 4.392948407382774e-13, 'Disgusted': 1.574245291416365e-14, 'Fearful': 3.267798053365519e-15, 'Happy': 5.687782601675184e-13, 'Neutral': 1.0, 'Other': 1.8002626502706086e-15, 'Sad': 1.607968207369137e-12, 'Surprised': 1.5140876562496491e-13, 'Unknown': 1.0207162060558474e-14}","About 20 minutes of you doing this, as you're having this discussion, a small slip of parchment apparates in front of you with a flash of purplish energy. Written upon it, it says, ""Tiberius, you speak of the Far Realm, which I am quite familiar with; there are many aberrations. However, I do not know the name K'Varn per se. In my research, there are many things that can fall under the description you say. It's vague enough. Unfortunately, I have not much to go off of. If you had an image or a visual description of this creature I'd be able to help, but at the moment I have no way of giving you any more knowledge. My apologies,"" and signed at the bottom."
SAM,02:16:05,02:16:12,Neutral,"{'Angry': 1.2455378950448903e-09, 'Disgusted': 2.413613753304844e-10, 'Fearful': 6.861933937729603e-11, 'Happy': 4.491340988010961e-08, 'Neutral': 1.0, 'Other': 2.976618604377812e-11, 'Sad': 1.0239718406523934e-08, 'Surprised': 2.183761615981439e-09, 'Unknown': 1.2762488982298592e-11}","May I see this? (sniffs) Hmm, Draconiar Noir. (all laugh)"
ORION,02:16:12,02:16:20,Neutral,"{'Angry': 2.7398267682388067e-11, 'Disgusted': 3.310329657960076e-12, 'Fearful': 1.4680368465996851e-12, 'Happy': 6.426462140218803e-11, 'Neutral': 1.0, 'Other': 2.2393930243155835e-13, 'Sad': 7.757195441548959e-10, 'Surprised': 1.1562012632027052e-11, 'Unknown': 6.281791493228939e-13}",You are astute. I say all that stuff out loud.
TRAVIS,02:16:20,02:16:22,Neutral,"{'Angry': 7.297066622413695e-05, 'Disgusted': 3.697423017001711e-05, 'Fearful': 5.692200829798821e-06, 'Happy': 0.06376221776008606, 'Neutral': 0.9353184103965759, 'Other': 1.9299599443911575e-05, 'Sad': 0.000727713224478066, 'Surprised': 5.304230217006989e-05, 'Unknown': 3.6020014704263303e-06}",I start digging a ditch with my axe in the sand.
MATT,02:16:22,02:16:23,Neutral,"{'Angry': 0.01234013494104147, 'Disgusted': 0.00735195679590106, 'Fearful': 0.0006815916276536882, 'Happy': 0.22007344663143158, 'Neutral': 0.6133275032043457, 'Other': 0.0002664890780579299, 'Sad': 0.11606550961732864, 'Surprised': 0.029868897050619125, 'Unknown': 2.4507478883606382e-05}",Okay.
LAURA,02:16:23,02:16:25,Neutral,"{'Angry': 0.0014397850027307868, 'Disgusted': 0.01580680161714554, 'Fearful': 0.0011212131939828396, 'Happy': 0.051155705004930496, 'Neutral': 0.9189613461494446, 'Other': 0.00019969046115875244, 'Sad': 0.00497620552778244, 'Surprised': 0.006192069500684738, 'Unknown': 0.0001472781877964735}","What are you digging there, Grog?"
TALIESIN,02:16:25,02:16:26,Neutral,"{'Angry': 0.00017053559713531286, 'Disgusted': 0.006752160843461752, 'Fearful': 1.8459926650393754e-05, 'Happy': 0.039420969784259796, 'Neutral': 0.9479362368583679, 'Other': 2.355604010517709e-05, 'Sad': 0.0006376635865308344, 'Surprised': 0.005038528703153133, 'Unknown': 1.9013955352420453e-06}",I'm going to work on the camouflage.
TRAVIS,02:16:26,02:16:27,Neutral,"{'Angry': 2.2322465156321414e-06, 'Disgusted': 4.886094302491983e-07, 'Fearful': 4.138084719329527e-08, 'Happy': 1.7642732927924953e-06, 'Neutral': 0.9999948740005493, 'Other': 1.9899639269738145e-08, 'Sad': 3.5964049516223895e-07, 'Surprised': 1.9126629524635064e-07, 'Unknown': 1.917909742132906e-08}",Don't worry about it.
MATT,02:16:27,02:16:31,Neutral,"{'Angry': 0.13226263225078583, 'Disgusted': 0.005581035278737545, 'Fearful': 0.011160696856677532, 'Happy': 0.08684326708316803, 'Neutral': 0.6731175780296326, 'Other': 0.00348211289383471, 'Sad': 0.07263128459453583, 'Surprised': 0.0005507448222488165, 'Unknown': 0.014370666816830635}",Go ahead and make another tinker check.
SAM,02:16:31,02:16:34,Neutral,"{'Angry': 1.8023616803475306e-06, 'Disgusted': 4.936958930557012e-07, 'Fearful': 5.5271044629989774e-08, 'Happy': 9.114889508055057e-06, 'Neutral': 0.9999856948852539, 'Other': 3.253379929901712e-07, 'Sad': 9.659000852479949e-07, 'Surprised': 1.594730179022008e-07, 'Unknown': 1.352638491880498e-06}","Are we in the cavern? No, we're on the beach, right?"
SAM,02:16:34,02:16:36,Neutral,"{'Angry': 1.44376316457695e-10, 'Disgusted': 5.4124392467880256e-11, 'Fearful': 1.1052010001622037e-11, 'Happy': 2.556803879727454e-09, 'Neutral': 1.0, 'Other': 1.2086140248335209e-11, 'Sad': 1.0561008734200072e-09, 'Surprised': 3.9392971523666276e-11, 'Unknown': 4.665867345265973e-11}","Oh, thank god."
LAURA,02:16:36,02:16:41,Neutral,"{'Angry': 0.0017656724667176604, 'Disgusted': 0.0010409492533653975, 'Fearful': 0.00022793312382418662, 'Happy': 0.04856503754854202, 'Neutral': 0.9427186250686646, 'Other': 0.000774146057665348, 'Sad': 0.0007759103318676353, 'Surprised': 0.0016876934096217155, 'Unknown': 0.002443992532789707}",Can we hear any kind of movement coming from the other island? Does it seem like they heard those explosions? Are we safe here?
MATT,02:16:41,02:16:54,Neutral,"{'Angry': 0.005139873828738928, 'Disgusted': 0.003902333090081811, 'Fearful': 0.0009883042657747865, 'Happy': 0.4125107228755951, 'Neutral': 0.47452589869499207, 'Other': 0.008025981485843658, 'Sad': 0.06984660774469376, 'Surprised': 0.0007385539938695729, 'Unknown': 0.02432182803750038}","The island itself I'd say is about a quarter- to a half-mile away. It's hard to tell from this distance with no light source, any movement whatsoever over there, or any sound they make over there."
LIAM,02:16:54,02:16:56,Neutral,"{'Angry': 0.003489226335659623, 'Disgusted': 0.005953310523182154, 'Fearful': 0.004907082766294479, 'Happy': 0.01716761477291584, 'Neutral': 0.9599204063415527, 'Other': 0.000448730424977839, 'Sad': 0.0037888777442276478, 'Surprised': 0.00271535012871027, 'Unknown': 0.0016093809390440583}","Oh, so it's really dark?"
MATT,02:16:56,02:17:02,Happy,"{'Angry': 0.0011084947036579251, 'Disgusted': 0.005231812596321106, 'Fearful': 0.0013893510913476348, 'Happy': 0.9236271381378174, 'Neutral': 0.03824533522129059, 'Other': 0.004640219733119011, 'Sad': 0.008961381390690804, 'Surprised': 0.00183300010394305, 'Unknown': 0.014963250607252121}","Yes, other than the bioluminescent fungal plant life and forest that coats this side. You have no light source on that side whatsoever."
LAURA,02:17:02,02:17:03,Neutral,"{'Angry': 0.03288138657808304, 'Disgusted': 0.003235073061659932, 'Fearful': 0.018645983189344406, 'Happy': 0.008032013662159443, 'Neutral': 0.6361309289932251, 'Other': 0.01404985599219799, 'Sad': 0.0004235902742948383, 'Surprised': 0.28608402609825134, 'Unknown': 0.0005171340308152139}",Okay.
MATT,02:17:03,02:17:08,Other,"{'Angry': 0.010938815772533417, 'Disgusted': 0.039268337190151215, 'Fearful': 0.002926214598119259, 'Happy': 0.01125261653214693, 'Neutral': 0.09037330746650696, 'Other': 0.8128456473350525, 'Sad': 0.01715662144124508, 'Surprised': 0.0014243602054193616, 'Unknown': 0.013814041391015053}","And it's just faint enough where you can make out the outline of the island itself, but beyond that you have very little visual."
SAM,02:17:08,02:17:10,Happy,"{'Angry': 0.00017659130389802158, 'Disgusted': 0.0002841033856384456, 'Fearful': 0.00018342498515266925, 'Happy': 0.9900360107421875, 'Neutral': 0.0030379104427993298, 'Other': 0.00018209494010079652, 'Sad': 0.0002854074409697205, 'Surprised': 0.0002021862455876544, 'Unknown': 0.0056122238747775555}",Let's sleep.
MARISHA,02:17:10,02:17:27,Neutral,"{'Angry': 7.085326991784768e-09, 'Disgusted': 1.1969266688893754e-09, 'Fearful': 2.4984320168286445e-10, 'Happy': 4.951906521455385e-05, 'Neutral': 0.9999502897262573, 'Other': 5.533207919627969e-11, 'Sad': 1.3008870780595316e-07, 'Surprised': 2.887370520454624e-08, 'Unknown': 1.7881175706779828e-11}",Is there any type of stone or rock or debris with the residual energy from the purple mists of the Far Realm?
MATT,02:17:27,02:17:33,Neutral,"{'Angry': 6.036420061722447e-12, 'Disgusted': 4.5297679452868667e-13, 'Fearful': 1.0655904869420751e-13, 'Happy': 2.318007244483944e-11, 'Neutral': 1.0, 'Other': 4.0780587592806686e-14, 'Sad': 5.052767579338813e-11, 'Surprised': 2.280280565064574e-12, 'Unknown': 1.4289696541932434e-13}",It doesn't necessarily cling. It's more of a presence thing than it is a material clinging energy.
MARISHA,02:17:33,02:17:35,Neutral,"{'Angry': 5.096985091768147e-07, 'Disgusted': 2.6503047934056667e-07, 'Fearful': 1.7680438446632252e-08, 'Happy': 3.401572996608593e-07, 'Neutral': 0.9999983310699463, 'Other': 9.170972958827406e-08, 'Sad': 1.5467939817881415e-07, 'Surprised': 1.1028360447085106e-08, 'Unknown': 3.6151382687421574e-07}",Okay.
LIAM,02:17:35,02:17:46,Neutral,"{'Angry': 1.500512492036421e-09, 'Disgusted': 6.401447705250973e-10, 'Fearful': 1.1729497928492094e-10, 'Happy': 3.0298008546481014e-09, 'Neutral': 1.0, 'Other': 1.5337590919539679e-10, 'Sad': 3.463422659777393e-09, 'Surprised': 1.207289823668134e-10, 'Unknown': 9.302848491543614e-10}","Also, I'm sorry, if it's this dark in here, we lit up the cave. Anyone on that island would have seen that. I don't think it's very safe here."
SAM,02:17:46,02:17:49,Neutral,"{'Angry': 3.3659835025900975e-06, 'Disgusted': 2.3860707187850494e-06, 'Fearful': 3.751434007881471e-07, 'Happy': 6.106965884100646e-06, 'Neutral': 0.9999715089797974, 'Other': 1.6809731278044637e-06, 'Sad': 1.2049172255501617e-06, 'Surprised': 8.38156832827508e-09, 'Unknown': 1.3480535017151851e-05}",Where do you want to go?
LAURA,02:17:49,02:17:52,Neutral,"{'Angry': 1.162341067839634e-08, 'Disgusted': 4.9835726656510815e-09, 'Fearful': 9.585473526030341e-10, 'Happy': 4.046504997745615e-08, 'Neutral': 1.0, 'Other': 1.4567257400344147e-09, 'Sad': 4.511319318112328e-08, 'Surprised': 4.403961917365251e-10, 'Unknown': 1.3932033304797642e-08}","He's doing a camouflage-y thing, and she can make it look like nothing's on the--"
LIAM,02:17:52,02:17:56,Angry,"{'Angry': 0.7406368255615234, 'Disgusted': 0.0006789148319512606, 'Fearful': 0.0019071167334914207, 'Happy': 0.20081858336925507, 'Neutral': 0.0019306703470647335, 'Other': 0.04583195224404335, 'Sad': 0.002244937000796199, 'Surprised': 0.00567526975646615, 'Unknown': 0.0002758183691184968}","I know that, but no one camouflaged the explosion of fire that lit up the cave."
SAM,02:17:56,02:18:00,Neutral,"{'Angry': 3.5197905787903716e-12, 'Disgusted': 2.031890009978471e-13, 'Fearful': 5.847893106173882e-14, 'Happy': 5.411899661050823e-12, 'Neutral': 1.0, 'Other': 1.9445599644396516e-14, 'Sad': 1.4080465092491945e-11, 'Surprised': 1.1669458802043842e-12, 'Unknown': 9.68203178763373e-14}",Then let's get out of here. Why don't we go to the island and see if we can make camp?
TALIESIN,02:18:00,02:18:02,Neutral,"{'Angry': 1.9138030049603572e-10, 'Disgusted': 5.0463629802655063e-11, 'Fearful': 1.5389568092105677e-11, 'Happy': 5.817267223484635e-10, 'Neutral': 1.0, 'Other': 6.962362977813719e-12, 'Sad': 9.72764424567174e-10, 'Surprised': 7.017749575899401e-11, 'Unknown': 2.585924009645968e-11}",Let's head to those little buildings off the corner there.
LAURA,02:18:02,02:18:04,Neutral,"{'Angry': 8.929094796883419e-09, 'Disgusted': 2.891756611944629e-09, 'Fearful': 2.1101199954021155e-10, 'Happy': 2.3791535852524248e-08, 'Neutral': 1.0, 'Other': 1.1759222762197652e-10, 'Sad': 5.522049040251886e-09, 'Surprised': 1.7585716216572678e-09, 'Unknown': 9.657204202984104e-11}",Hide?
ORION,02:18:04,02:18:05,Happy,"{'Angry': 0.0027450232300907373, 'Disgusted': 0.004942219704389572, 'Fearful': 0.0015614782460033894, 'Happy': 0.6464640498161316, 'Neutral': 0.3279705345630646, 'Other': 0.00026342534692958, 'Sad': 0.011270334012806416, 'Surprised': 0.004617316648364067, 'Unknown': 0.00016556881018914282}",I do not think that is wise.
SAM,02:18:05,02:18:06,Happy,"{'Angry': 0.10369198769330978, 'Disgusted': 0.05597325786948204, 'Fearful': 0.0625147894024849, 'Happy': 0.511181116104126, 'Neutral': 0.07658514380455017, 'Other': 0.013396888971328735, 'Sad': 0.04493433237075806, 'Surprised': 0.1311357021331787, 'Unknown': 0.0005868177977390587}",What? What's wrong?
MARISHA,02:18:06,02:18:14,Happy,"{'Angry': 0.0011243607150390744, 'Disgusted': 0.0040972065180540085, 'Fearful': 0.00031013565603643656, 'Happy': 0.8955308198928833, 'Neutral': 0.08019371330738068, 'Other': 0.001303629600442946, 'Sad': 0.00041646501631475985, 'Surprised': 0.002486009383574128, 'Unknown': 0.01453765295445919}",I'm going to sit down near where the Far Plane portal is.
MATT,02:18:14,02:18:17,Neutral,"{'Angry': 1.7659790296775668e-10, 'Disgusted': 1.450749659293038e-10, 'Fearful': 5.5763931666730215e-11, 'Happy': 6.667379981450949e-10, 'Neutral': 1.0, 'Other': 1.4028942070531958e-11, 'Sad': 1.64821152282002e-08, 'Surprised': 5.082111467769046e-11, 'Unknown': 1.9965785968967253e-11}",Which you already closed off at this point in time.
MARISHA,02:18:17,02:18:18,Neutral,"{'Angry': 0.0026052126195281744, 'Disgusted': 0.0013879224425181746, 'Fearful': 0.00033842489938251674, 'Happy': 0.006028333678841591, 'Neutral': 0.9439110159873962, 'Other': 1.8951292076963e-05, 'Sad': 0.0453568696975708, 'Surprised': 0.00034005558700300753, 'Unknown': 1.3291113646118902e-05}","I want to be near it, though."
MATT,02:18:18,02:18:21,Neutral,"{'Angry': 0.0007904418744146824, 'Disgusted': 0.001576885231770575, 'Fearful': 0.004865623079240322, 'Happy': 0.0012564270291477442, 'Neutral': 0.9671263098716736, 'Other': 5.465883805300109e-05, 'Sad': 0.02268964610993862, 'Surprised': 0.001468587084673345, 'Unknown': 0.0001714555692160502}",So you're near the edge of the wall where you've already blocked it off?
MATT,02:18:21,02:18:23,Neutral,"{'Angry': 0.012506888248026371, 'Disgusted': 0.19294744729995728, 'Fearful': 0.0009585435036569834, 'Happy': 0.3411962687969208, 'Neutral': 0.3829869031906128, 'Other': 0.03157413750886917, 'Sad': 0.020027006044983864, 'Surprised': 0.0030332112219184637, 'Unknown': 0.014769680798053741}",Okay. So you get closer to that presence.
MARISHA,02:18:23,02:18:34,Happy,"{'Angry': 0.000356941920472309, 'Disgusted': 0.0001837098243413493, 'Fearful': 7.853715214878321e-05, 'Happy': 0.5147337317466736, 'Neutral': 0.48217424750328064, 'Other': 0.0001730082876747474, 'Sad': 0.0018850327469408512, 'Surprised': 2.900719118770212e-05, 'Unknown': 0.0003858435957226902}","Yeah, so I can be close to it. And Clarota? Pike? Do any of you want to help me in this?"
SAM,02:18:34,02:18:36,Happy,"{'Angry': 0.02217787131667137, 'Disgusted': 0.00028081529308110476, 'Fearful': 3.43508472724352e-05, 'Happy': 0.9574874639511108, 'Neutral': 0.018679536879062653, 'Other': 0.0001785416534403339, 'Sad': 0.000963965489063412, 'Surprised': 0.00010973794996971264, 'Unknown': 8.78639766597189e-05}",What are you doing?
SAM,02:18:36,02:18:37,Neutral,"{'Angry': 0.00039373082108795643, 'Disgusted': 0.0002065556327579543, 'Fearful': 4.1545252315700054e-05, 'Happy': 0.00015265894762706012, 'Neutral': 0.9989521503448486, 'Other': 2.3972365852387156e-06, 'Sad': 1.6222145859501325e-05, 'Surprised': 0.00023237497953232378, 'Unknown': 2.3041689019009937e-06}","Oh, okay."
ASHLEY,02:18:37,02:18:40,Neutral,"{'Angry': 1.8151465573656989e-12, 'Disgusted': 7.599601286809032e-14, 'Fearful': 1.959594629846826e-14, 'Happy': 2.418994475214542e-12, 'Neutral': 1.0, 'Other': 6.977480913335872e-15, 'Sad': 5.720151782795391e-12, 'Surprised': 5.519847816673473e-13, 'Unknown': 4.573825788055895e-14}","I can assist because I have that, as well."
MATT,02:18:40,02:18:52,Happy,"{'Angry': 7.823323926459125e-07, 'Disgusted': 2.2974025341682136e-05, 'Fearful': 8.197815077437554e-06, 'Happy': 0.9983166456222534, 'Neutral': 0.0005853403708897531, 'Other': 4.739198266179301e-05, 'Sad': 7.449941040249541e-05, 'Surprised': 1.8159119008487323e-07, 'Unknown': 0.0009440011344850063}",You do have Scrying as a spell. I would say if you both expend-- if you have it prepared. Do you have scrying prepared?
ASHLEY,02:18:52,02:18:56,Neutral,"{'Angry': 1.1635132440845908e-10, 'Disgusted': 1.969166843474035e-11, 'Fearful': 3.1370518162321392e-12, 'Happy': 2.4193844150310895e-10, 'Neutral': 1.0, 'Other': 3.2806301078491806e-12, 'Sad': 3.4416045013863084e-10, 'Surprised': 2.888517550148073e-11, 'Unknown': 1.1757423160063674e-11}",No. (all laugh)
MATT,02:18:56,02:18:57,Neutral,"{'Angry': 2.184104275215759e-08, 'Disgusted': 1.3158714118333137e-09, 'Fearful': 2.0385551025015047e-09, 'Happy': 1.6448612427666376e-07, 'Neutral': 0.9999998807907104, 'Other': 8.197134637732972e-11, 'Sad': 2.4742345061667947e-08, 'Surprised': 4.735797087818128e-09, 'Unknown': 5.244834774820184e-11}","All right, well, we'll see what we can do."
MARISHA,02:18:57,02:19:04,Neutral,"{'Angry': 3.697439422234265e-14, 'Disgusted': 1.5436691596138505e-15, 'Fearful': 2.285200129881128e-16, 'Happy': 5.021132706665987e-14, 'Neutral': 1.0, 'Other': 4.504035757740474e-16, 'Sad': 1.1314866686824854e-13, 'Surprised': 2.5554031953629527e-14, 'Unknown': 1.2018714601224798e-15}","Can I say that because I prepared it, I can be like, ""Here's my book. You can borrow it. I wrote it down. I know you know it."""
MATT,02:19:04,02:19:22,Neutral,"{'Angry': 0.0008374052704311907, 'Disgusted': 0.0018393571954220533, 'Fearful': 0.0012842630967497826, 'Happy': 0.29934370517730713, 'Neutral': 0.671199381351471, 'Other': 0.0010603762930259109, 'Sad': 0.019971346482634544, 'Surprised': 0.004020737484097481, 'Unknown': 0.000443479570094496}","Well, see, for druids, it's not so much a spellbook more than it is just an innate nature. You have a book for your own note-taking, but the actual spell itself comes from you harnessing the divine energy of nature around you. So there wouldn't be a way that it should be able to help you in that spell, more than a slight bonus to the DC, but I'll keep that in mind."
MARISHA,02:19:22,02:19:25,Happy,"{'Angry': 0.0009461540612392128, 'Disgusted': 0.016824522987008095, 'Fearful': 0.006597359664738178, 'Happy': 0.916388750076294, 'Neutral': 0.03259550407528877, 'Other': 0.000435078312875703, 'Sad': 0.015245342627167702, 'Surprised': 0.0011071909684687853, 'Unknown': 0.009860184974968433}","Scanlan, can you give me some meditation music?"
SAM,02:19:25,02:19:27,Happy,"{'Angry': 0.01375538483262062, 'Disgusted': 0.08547637611627579, 'Fearful': 0.005525549873709679, 'Happy': 0.6345078349113464, 'Neutral': 0.24538519978523254, 'Other': 0.00024646957172080874, 'Sad': 0.012298014014959335, 'Surprised': 0.0017835069447755814, 'Unknown': 0.0010216445662081242}",Would that help at all?
MATT,02:19:27,02:19:29,Neutral,"{'Angry': 3.945988282794133e-05, 'Disgusted': 0.00036746804835274816, 'Fearful': 6.28747920927708e-06, 'Happy': 0.0018940590089187026, 'Neutral': 0.9973402619361877, 'Other': 0.00015503866598010063, 'Sad': 0.00012618169421330094, 'Surprised': 5.5812590289860964e-05, 'Unknown': 1.5448895283043385e-05}",Yeah. Definitely would give inspiration.
ORION,02:19:29,02:19:31,Neutral,"{'Angry': 0.0014543725410476327, 'Disgusted': 0.0012275089975446463, 'Fearful': 0.0023883164394646883, 'Happy': 0.008854511193931103, 'Neutral': 0.9705040454864502, 'Other': 5.290117405820638e-05, 'Sad': 0.009976699016988277, 'Surprised': 0.005498174577951431, 'Unknown': 4.337676728027873e-05}","Your Highness, hold on a second, wait a minute!"
MARISHA,02:19:31,02:19:32,Neutral,"{'Angry': 0.010917349718511105, 'Disgusted': 0.008790158666670322, 'Fearful': 0.0003528806264512241, 'Happy': 0.01934807002544403, 'Neutral': 0.9349600076675415, 'Other': 3.5818891774397343e-05, 'Sad': 0.024860026314854622, 'Surprised': 0.0007108263671398163, 'Unknown': 2.4799714083201252e-05}",What?
ORION,02:19:32,02:19:33,Neutral,"{'Angry': 3.755554280360229e-05, 'Disgusted': 4.6508750529028475e-05, 'Fearful': 5.769025847257581e-06, 'Happy': 0.0024203844368457794, 'Neutral': 0.9972211122512817, 'Other': 4.144326794630615e-06, 'Sad': 0.0002481953997630626, 'Surprised': 1.1879965313710272e-05, 'Unknown': 4.489345428737579e-06}",I think we're doing this a bit prematurely.
SAM,02:19:33,02:19:35,Neutral,"{'Angry': 0.0012531543616205454, 'Disgusted': 0.0020176414400339127, 'Fearful': 0.0011593839153647423, 'Happy': 0.062434278428554535, 'Neutral': 0.9176303744316101, 'Other': 5.700239125872031e-05, 'Sad': 0.0059779975563287735, 'Surprised': 0.009371203370392323, 'Unknown': 9.899189171846956e-05}",She can do it again tomorrow.
ORION,02:19:35,02:19:37,Neutral,"{'Angry': 0.007882345467805862, 'Disgusted': 0.06388050317764282, 'Fearful': 0.0005238582962192595, 'Happy': 0.12462521344423294, 'Neutral': 0.7944789528846741, 'Other': 0.0003215427859686315, 'Sad': 0.006135242059826851, 'Surprised': 0.0012824268778786063, 'Unknown': 0.0008698109886609018}","If she fails, he will know where we are."
SAM,02:19:37,02:19:39,Neutral,"{'Angry': 0.0008605984039604664, 'Disgusted': 0.0003786914166994393, 'Fearful': 9.040853910846636e-05, 'Happy': 0.011775966733694077, 'Neutral': 0.9858951568603516, 'Other': 8.057175728026778e-05, 'Sad': 0.0002579535939730704, 'Surprised': 0.0003172362921759486, 'Unknown': 0.0003434742975514382}",True.
MARISHA,02:19:39,02:19:50,Neutral,"{'Angry': 5.0765870582836214e-06, 'Disgusted': 1.1013449693564326e-05, 'Fearful': 1.5504525663345703e-06, 'Happy': 9.927273822540883e-06, 'Neutral': 0.9998787641525269, 'Other': 2.046090958174318e-05, 'Sad': 5.585655162576586e-05, 'Surprised': 6.249774742173031e-07, 'Unknown': 1.6595116903772578e-05}","He knows we're here already! He possessed the queen and said, ""Welcome, you're my treasured guests."" Remember that? He knows exactly where we are!"
SAM,02:19:50,02:19:51,Neutral,"{'Angry': 0.04406076669692993, 'Disgusted': 0.055655911564826965, 'Fearful': 0.0028991051949560642, 'Happy': 0.12041759490966797, 'Neutral': 0.7662793397903442, 'Other': 0.00010509826825000346, 'Sad': 0.004974748939275742, 'Surprised': 0.00543192308396101, 'Unknown': 0.0001754832046572119}",That's a good impression.
TALIESIN,02:19:51,02:19:52,Sad,"{'Angry': 0.001347753801383078, 'Disgusted': 0.0007454078295268118, 'Fearful': 0.07572966814041138, 'Happy': 0.007377285975962877, 'Neutral': 0.015235980972647667, 'Other': 0.00015584104403387755, 'Sad': 0.8823386430740356, 'Surprised': 0.01704818196594715, 'Unknown': 2.1287671188474633e-05}",It is actually very good.
ORION,02:19:52,02:19:54,Neutral,"{'Angry': 3.1637198389944388e-06, 'Disgusted': 3.143792355331243e-07, 'Fearful': 3.16177874992718e-07, 'Happy': 8.886052091838792e-05, 'Neutral': 0.9998998641967773, 'Other': 5.162904770372734e-08, 'Sad': 5.9943254200334195e-06, 'Surprised': 1.4034785635885783e-06, 'Unknown': 8.372436077763723e-09}",It was because he had eyes to look through.
MARISHA,02:19:54,02:19:58,Neutral,"{'Angry': 0.18065708875656128, 'Disgusted': 1.778934347385075e-05, 'Fearful': 2.115154302373412e-06, 'Happy': 7.005919178482145e-05, 'Neutral': 0.819184422492981, 'Other': 1.2398170667893282e-07, 'Sad': 6.541323091369122e-05, 'Surprised': 2.8010931600874756e-06, 'Unknown': 8.467890211250051e-08}",He seems to be pretty powerful and all-knowing. I'm pretty sure he probably knows we're fucking here.
TALIESIN,02:19:58,02:19:59,Happy,"{'Angry': 0.0015208484837785363, 'Disgusted': 0.00032400040072388947, 'Fearful': 0.00020146864699199796, 'Happy': 0.9618844985961914, 'Neutral': 0.0027275881730020046, 'Other': 4.353156691649929e-05, 'Sad': 0.0006865442846901715, 'Surprised': 0.0326022133231163, 'Unknown': 9.357521776109934e-06}",I think this is a reasonable risk.
LAURA,02:19:59,02:20:02,Neutral,"{'Angry': 1.0466882471860117e-08, 'Disgusted': 1.1276388711678464e-09, 'Fearful': 1.7999446377814365e-10, 'Happy': 1.0181022247479632e-08, 'Neutral': 1.0, 'Other': 4.5651193936180334e-10, 'Sad': 4.210411130856073e-09, 'Surprised': 6.483629744202801e-10, 'Unknown': 1.1310099523598183e-09}","He's probably just playing with us right now, waiting for us to get there."
MARISHA,02:20:02,02:20:06,Neutral,"{'Angry': 6.507719808723778e-05, 'Disgusted': 0.0001077711203834042, 'Fearful': 3.6653798360930523e-06, 'Happy': 7.786752394167706e-05, 'Neutral': 0.999634861946106, 'Other': 1.961897942237556e-05, 'Sad': 5.887499719392508e-05, 'Surprised': 2.3828481516829925e-06, 'Unknown': 2.986879371746909e-05}","He said, ""You are our treasured guests."" I wrote it down."
LIAM,02:20:06,02:20:08,Happy,"{'Angry': 5.740438791690394e-05, 'Disgusted': 1.7740997009241255e-06, 'Fearful': 4.631004628663504e-07, 'Happy': 0.9999281167984009, 'Neutral': 7.793163604219444e-06, 'Other': 1.8920879085726483e-07, 'Sad': 1.6310016235365765e-06, 'Surprised': 2.65102016783203e-06, 'Unknown': 3.0443555232295694e-08}",He knows we're coming.
MARISHA,02:20:08,02:20:09,Angry,"{'Angry': 0.31660255789756775, 'Disgusted': 0.014981540851294994, 'Fearful': 0.006929957773536444, 'Happy': 0.3044123947620392, 'Neutral': 0.298149436712265, 'Other': 0.00011702084884746, 'Sad': 0.010380513034760952, 'Surprised': 0.04823492467403412, 'Unknown': 0.00019165838602930307}",He knows we're coming. He wants us to come.
TRAVIS,02:20:09,02:20:17,Happy,"{'Angry': 3.1110084819374606e-07, 'Disgusted': 4.961871127306949e-07, 'Fearful': 5.399352076551622e-08, 'Happy': 0.9999960660934448, 'Neutral': 2.07200810109498e-06, 'Other': 2.370434941667554e-07, 'Sad': 2.569929051787767e-07, 'Surprised': 3.2447918130174e-08, 'Unknown': 5.253360768620041e-07}","To inspire Keyleth with her scrying spell, I hop in the ditch I've been digging and start going, ""Look, I can do it too! (laughs)"" And I start paddling in the ditch."
MARISHA,02:20:17,02:20:19,Neutral,"{'Angry': 0.3680599629878998, 'Disgusted': 0.001701201545074582, 'Fearful': 0.0027300973888486624, 'Happy': 0.1997152864933014, 'Neutral': 0.41789376735687256, 'Other': 0.001958229811862111, 'Sad': 0.002263464033603668, 'Surprised': 0.0016444162465631962, 'Unknown': 0.004033643286675215}","Oh! Good job, Grog! You did it!"
TRAVIS,02:20:19,02:20:21,Neutral,"{'Angry': 0.06700791418552399, 'Disgusted': 0.00021536950953304768, 'Fearful': 2.6347654056735337e-05, 'Happy': 0.0020598245318979025, 'Neutral': 0.9301089644432068, 'Other': 9.62594731390709e-06, 'Sad': 0.0002289395924890414, 'Surprised': 0.00033135159173980355, 'Unknown': 1.17584004328819e-05}",Is that inspiration?
MATT,02:20:21,02:20:23,Surprised,"{'Angry': 0.0008032969781197608, 'Disgusted': 0.001821872079744935, 'Fearful': 0.00524329487234354, 'Happy': 0.005060494877398014, 'Neutral': 0.011842096224427223, 'Other': 0.00096970668528229, 'Sad': 0.00011414549953769892, 'Surprised': 0.9528986811637878, 'Unknown': 0.02124645747244358}",You feel inspired.
MARISHA,02:20:23,02:20:34,Happy,"{'Angry': 2.979602164998596e-08, 'Disgusted': 1.547742272123287e-07, 'Fearful': 1.7850186395662604e-07, 'Happy': 0.999998927116394, 'Neutral': 6.504103566840058e-08, 'Other': 1.2857496756168985e-07, 'Sad': 1.1861769166898739e-07, 'Surprised': 4.045924413276225e-07, 'Unknown': 7.421971304211183e-08}","Besides, we're talking about moving anyway, right? So I might as well do it here if we're going to relocate. Plus, I want to be near the energy of the Far Realm. Maybe it'll help a little bit?"
TALIESIN,02:20:34,02:20:36,Neutral,"{'Angry': 0.0001154258570750244, 'Disgusted': 6.70511944917962e-05, 'Fearful': 1.209371657751035e-05, 'Happy': 0.010853509418666363, 'Neutral': 0.9885079264640808, 'Other': 9.63448328548111e-05, 'Sad': 7.787553477101028e-05, 'Surprised': 9.866999789664987e-06, 'Unknown': 0.0002599128638394177}",Let's go for it.
SAM,02:20:36,02:20:51,Happy,"{'Angry': 3.5201566661591244e-10, 'Disgusted': 2.420968758798381e-09, 'Fearful': 1.5781334017361814e-09, 'Happy': 1.0, 'Neutral': 2.6695146093658195e-09, 'Other': 3.0864366618033046e-09, 'Sad': 7.140122271209748e-09, 'Surprised': 5.46601541806524e-10, 'Unknown': 6.96699631319575e-09}","All right! So I'll sing to inspire her. ""Scry, scry, Miss Keyleth, scry, put your eyeballs to the K'Varn and tell us why."" All right, no, that's it."
TALIESIN,02:20:51,02:20:54,Happy,"{'Angry': 0.00400874437764287, 'Disgusted': 0.00830562599003315, 'Fearful': 0.004685130435973406, 'Happy': 0.9158613681793213, 'Neutral': 0.054565515369176865, 'Other': 0.0011023946572095156, 'Sad': 0.00649914750829339, 'Surprised': 0.0037073746789246798, 'Unknown': 0.001264743390493095}","Singing, ""This will be the day that I scry."""
ALL,02:20:54,02:20:58,Neutral,"{'Angry': 3.6807176684305887e-07, 'Disgusted': 1.6660531798606826e-07, 'Fearful': 2.738914339772691e-08, 'Happy': 7.137922239053296e-06, 'Neutral': 0.9999916553497314, 'Other': 1.9004430029667674e-08, 'Sad': 6.155383971417905e-07, 'Surprised': 1.0905861103083225e-07, 'Unknown': 1.38585836140237e-08}","""This will be the day that I scry!"" (all laugh)"
MATT,02:20:58,02:20:59,Happy,"{'Angry': 0.003275251016020775, 'Disgusted': 0.00770591851323843, 'Fearful': 0.003318246454000473, 'Happy': 0.6918841600418091, 'Neutral': 0.2197721004486084, 'Other': 0.0001292709494009614, 'Sad': 0.030568746849894524, 'Surprised': 0.043321844190359116, 'Unknown': 2.4525546905351803e-05}","All right, then."
MARISHA,02:20:59,02:21:02,Neutral,"{'Angry': 2.802960079861805e-05, 'Disgusted': 2.8605179977603257e-05, 'Fearful': 7.859404831833672e-06, 'Happy': 0.002780741546303034, 'Neutral': 0.9963082671165466, 'Other': 6.811176717747003e-05, 'Sad': 4.258738044882193e-05, 'Surprised': 0.0007033002329990268, 'Unknown': 3.2443786039948463e-05}","So wait, do I get two inspiration dice?"
MATT,02:21:02,02:21:05,Neutral,"{'Angry': 1.615367573037929e-08, 'Disgusted': 4.0071920781592496e-10, 'Fearful': 2.4745297477757333e-10, 'Happy': 2.936551446452995e-08, 'Neutral': 1.0, 'Other': 1.01909149521906e-11, 'Sad': 3.7326017832128855e-09, 'Surprised': 9.908517339951572e-10, 'Unknown': 3.973072218443896e-11}","No. You can only have one inspiration dice at any given point in time, and it's a d10."
MARISHA,02:21:05,02:21:08,Neutral,"{'Angry': 4.23930941906292e-05, 'Disgusted': 0.0003153075813315809, 'Fearful': 0.0002948534965980798, 'Happy': 0.00016983551904559135, 'Neutral': 0.994504988193512, 'Other': 0.00021882477449253201, 'Sad': 0.0035981812980026007, 'Surprised': 2.648160261742305e-05, 'Unknown': 0.0008290841360576451}","Okay, but I'm happy because of Grog, right?"
SAM,02:21:08,02:21:10,Neutral,"{'Angry': 1.7522395864943974e-05, 'Disgusted': 0.0003269011212978512, 'Fearful': 1.1674746929202229e-05, 'Happy': 0.00018840075063053519, 'Neutral': 0.9949662089347839, 'Other': 0.002663517137989402, 'Sad': 0.00014617845590692014, 'Surprised': 1.231182977790013e-06, 'Unknown': 0.0016783794853836298}",Yes. You get happiness.
MATT,02:21:10,02:21:24,Neutral,"{'Angry': 5.854893393025806e-13, 'Disgusted': 2.4921255990383202e-14, 'Fearful': 6.7776052782228535e-15, 'Happy': 8.722018333268133e-13, 'Neutral': 1.0, 'Other': 3.3780946603504747e-15, 'Sad': 2.578338150621695e-12, 'Surprised': 2.348587904016375e-13, 'Unknown': 2.21710907825131e-14}","So you're smiling through the spell. (laughs) All right, so, you take ten minutes to yourself to prepare the ritual. You carve out a portion of the beach where the gravel is most easy to manipulate, and you begin to set up this extensive scrying ritual."
MARISHA,02:21:24,02:21:40,Neutral,"{'Angry': 5.335516100116178e-14, 'Disgusted': 2.3715425392386138e-15, 'Fearful': 3.458584548498466e-16, 'Happy': 7.510690610028001e-14, 'Neutral': 1.0, 'Other': 6.640276673517461e-16, 'Sad': 1.8223369048584598e-13, 'Surprised': 3.1310528849541955e-14, 'Unknown': 2.0400970646703483e-15}","And I want to meditate specifically on the horn, and I want to use Pike and see if I can channel her vision, focusing on the horn, since that's what we really know. It's pretty much the only thing we know what it looks like."
MATT,02:21:40,02:27:39,Neutral,"{'Angry': 7.937510024258465e-12, 'Disgusted': 5.801269295675759e-13, 'Fearful': 2.6102825955408304e-13, 'Happy': 1.468678997862405e-11, 'Neutral': 1.0, 'Other': 5.0722260728575455e-14, 'Sad': 3.9699282056160357e-11, 'Surprised': 3.975063767730491e-12, 'Unknown': 5.466340813158055e-13}","Okay. So, as you draw the circle across the portion of the gravel and stonework-- actually, this is further in the cave, so the gravel has given in to more solid stonework. You begin to carve across the ground with a small piece of charcoal that you use for your ritual drawings, this giant, runic circle. You draw points for you to sit and a point for Pike to sit as well, to help you focus in this vision. Once you've taken the ten minutes to establish all the various material components and littered it with pieces of dried animal matter, some herbs, and lit a small bowl of incense on the side to help you in this spell, you sit down, take your place. Pike, you take your place. And you begin to concentrate. You draw the essence of the nature energies around you and begin to project your vision towards the description of this dark horn, pushing what you can best ascertain is the direction of the temple from where this ritual is being conducted. All right, so. Given the circumstances... bonus from that, let's make a will save. All right. So. You feel your vision project beyond you. It's a sort of out-of-body experience as the energy that makes up Keyleth is no longer given physical form, it's just adrift in the darkness. You feel yourself drawn, pulled almost, like there's an energy that draws you as if poison from a wound. It pulls you upward, and you're looking down over the top of this entire cavern, suddenly. The darkness tends to fade for a moment, and you can make out the general outline of this island. Once again, your vision (shhh) zooms in and shifts. You can look over the city. You can see Yug'Voril over top. You can see the glowing aspects of the forest surrounding the outskirts of it. And you can see in the center of this ruined city that has been reconstructed in the image of the temple that stands. This giant pseudo-pyramid with a flattened top. You can now see it from the overhead view of this temple. It is actually open, and that strange glowing source of green energy you can see is slowly emanating from the top. Your vision is pulled forward again. You feel yourself drawn towards it, and as you come towards the top, you can see: the open portion of this temple's roof is a crossbeam made of gold or brass, and there is some sort of structure hanging from it that falls deeper into the temple. You then move past this into what is the topmost chamber of this temple. It's darker at first, and as your essence tends to coalesce and find some sort of visual here, you can see now, this brass cross-beam that is held aloft in the center of this temple chamber drips down into a spiral of metal, this strange, arcane contraption that does not match any of the construct of this temple previously. It almost seems like it's been a new addition or is taking the place of something else that was a central focus of this chamber. You follow this strange arcane structure. About 15 to 20 feet it comes from the top of the temple chamber to the center, where held aloft underneath it by another 15-foot drop, you see in this dark room a pool of a dull, bluish purple liquid. And it's pulsing with life, and with energy. You now look down, your eyes focus, and in this pool, this ten, 15-foot-wide round pool, you can see this pulse, almost a heartbeat of purplish energy, what look like small purple stones. But they're not stones, they're minds. They're brains. They're essences. And they're all working together, interconnected. You're looking upon the Elder Brain of Yug'Voril, the center of the entire illithid colony that resides in the center of this chamber. You can see now this green energy that's being brought down from this metallic structure at the top of this temple is being funneled down over, and is acting as an arcane prison for, the Elder Brain. It's sealing and controlling, essentially, and what you had gathered from your previous discussions with Clarota, this is what has taken the minds of the mind flayers and bent them to K'Varn's will. Your focus shifts now from the Elder Brain, and you look around the room, and in the dark shadows of this room, you can see there are cages. There are metal bars. You're unable to really ascertain what the material is, but in each one of these small cages you see some creature. Some of this realm, some not. Horrible forms: mutated, torn, some missing limbs, some in the process of slowly dying because they're unable to keep a physical form intact. It's a collection, a horrible collection of malformed entities that are being experimented on. Pulled apart, put together. This also serves as, seemingly, a laboratory for K'Varn. And you feel a presence in the room, suddenly. Your essence shifts around and you look in the darkness and you see, slowly drifting out of the shadow, a single gnarled black horn. Underneath that horn, you can see now the physical form that it adorns: dark brown leathery skin with slightly pointed edges, almost like scales that form out of portions of this flesh. You see below this horn one large, piercing, sky-blue eye that glances up and meets your gaze. As it does, from beneath that eye, you see a toothy maw tear into a wide grin. And around the outskirts of the singular eye, numerous other eyes (whoosh whoosh) shift around. Coming into the light, you see now a fleshy ball that is drifting in the air itself under its own physical form. This aberration, this horrible entity is now floating forward. You can see metal plates that are grafted to the physical body of this creature."
MARISHA,02:27:39,02:27:41,Neutral,"{'Angry': 3.163270037020993e-07, 'Disgusted': 3.9962168330021086e-07, 'Fearful': 1.5118882856768323e-07, 'Happy': 4.1295635355709237e-07, 'Neutral': 0.9999890327453613, 'Other': 2.083620103121575e-07, 'Sad': 8.603175047028344e-06, 'Surprised': 1.4173669349304419e-08, 'Unknown': 8.978720416052965e-07}","Oh, come on!"
MATT,02:27:41,02:28:39,Neutral,"{'Angry': 4.357263994059224e-10, 'Disgusted': 1.39454385539306e-11, 'Fearful': 3.2343307719562286e-12, 'Happy': 5.263698921176285e-10, 'Neutral': 1.0, 'Other': 7.597706101411528e-13, 'Sad': 3.2735394950300645e-10, 'Surprised': 5.5219488703794894e-11, 'Unknown': 1.9707438805860455e-12}","Apparently K'Varn has experimented on itself. These eyes are attached to strange finger-like stalks that twist out of its body. These eyes, darting around the room, looking at different directions, and then they all (whoosh) singularly shift on you at once. As it does, you can feel, all of a sudden, your presence, which has been drifting through the scrying spell, locked in place. And for a second, you feel like you can't breathe. As K'Varn presses towards you, this fleshy sphere of eyestalks and teeth, this small chuckle billows up deep within its mouth. ""(chuckles) So, guest. Do you like my home? You're welcome any time."" At which point, the horn seems to glow with this creepy greenish energy, and you feel this piercing pain blast into your head. You try and scream, but you can't. There's no breath. Go ahead and make a wisdom saving throw."
SAM,02:28:39,02:28:42,Neutral,"{'Angry': 2.018624017940951e-10, 'Disgusted': 8.953080637974509e-11, 'Fearful': 1.658660188363914e-11, 'Happy': 4.3213688183385557e-10, 'Neutral': 1.0, 'Other': 1.2208891016218804e-11, 'Sad': 1.1581799963522599e-09, 'Surprised': 6.618671583025204e-11, 'Unknown': 4.235303080468711e-11}","Oh, shit. Oh god."
MARISHA,02:28:42,02:28:46,Neutral,"{'Angry': 1.138740664263782e-11, 'Disgusted': 1.4357731583508615e-12, 'Fearful': 3.366455877083785e-13, 'Happy': 2.470091145512221e-11, 'Neutral': 1.0, 'Other': 1.3343109440695083e-13, 'Sad': 5.670607733376798e-11, 'Surprised': 6.315203568418859e-12, 'Unknown': 4.2668640972895466e-13}",Do I still have my Enhance Ability up?
MATT,02:28:46,02:28:48,Neutral,"{'Angry': 1.7259510059375316e-05, 'Disgusted': 1.283555229747435e-05, 'Fearful': 7.896916940808296e-06, 'Happy': 0.0003243983956053853, 'Neutral': 0.9969592094421387, 'Other': 1.4046067917661276e-06, 'Sad': 0.002671546535566449, 'Surprised': 4.1467724258836824e-06, 'Unknown': 1.458324732084293e-06}","No, because that's a concentration spell."
LIAM,02:28:48,02:28:50,Neutral,"{'Angry': 1.93386817670671e-09, 'Disgusted': 3.333523179716025e-10, 'Fearful': 6.197892893355927e-11, 'Happy': 1.5847362311305346e-09, 'Neutral': 1.0, 'Other': 1.5657522153822434e-11, 'Sad': 3.233034284733094e-09, 'Surprised': 2.3339666310739915e-10, 'Unknown': 4.8092703430757666e-11}",What does Keyleth look like to us right now?
MATT,02:28:50,02:28:54,Neutral,"{'Angry': 7.362960241508176e-11, 'Disgusted': 2.3441953239666802e-11, 'Fearful': 7.440873438235851e-12, 'Happy': 6.350734382820633e-10, 'Neutral': 1.0, 'Other': 1.5595042618388177e-12, 'Sad': 6.291213106024429e-10, 'Surprised': 4.253039240231793e-11, 'Unknown': 2.151239473016653e-12}","Keyleth is sweating profusely, and you can see she's flinching."
LIAM,02:28:54,02:28:58,Neutral,"{'Angry': 9.671124036152168e-14, 'Disgusted': 2.9083251056055562e-15, 'Fearful': 5.358518359765876e-16, 'Happy': 1.0472067549054109e-13, 'Neutral': 1.0, 'Other': 5.260210657116358e-16, 'Sad': 3.526179185881634e-13, 'Surprised': 3.908187995774713e-14, 'Unknown': 1.8196986682783058e-15}",I'm walking up to Keyleth and I'm grabbing her by the shirt and I'm going to slap her across the face.
MATT,02:28:58,02:28:59,Neutral,"{'Angry': 6.633482553297654e-05, 'Disgusted': 8.870301098795608e-05, 'Fearful': 4.334982804721221e-05, 'Happy': 0.0011957013048231602, 'Neutral': 0.9979856014251709, 'Other': 2.4474034034938086e-06, 'Sad': 0.0005400123191066086, 'Surprised': 7.674175867578015e-05, 'Unknown': 1.1007728062395472e-06}",All right. So?
MARISHA,02:28:59,02:29:01,Neutral,"{'Angry': 1.5106494943850635e-09, 'Disgusted': 2.300782453446004e-09, 'Fearful': 4.875327364040061e-10, 'Happy': 1.2068973376244685e-08, 'Neutral': 1.0, 'Other': 1.4553726279675772e-10, 'Sad': 3.091210132311062e-08, 'Surprised': 1.2903118573603933e-09, 'Unknown': 8.677077112384524e-11}",27.
MATT,02:29:01,02:29:17,Neutral,"{'Angry': 8.470289003525977e-07, 'Disgusted': 2.866284603442182e-06, 'Fearful': 8.668828144209328e-08, 'Happy': 5.243446139502339e-07, 'Neutral': 0.999352753162384, 'Other': 1.7526618023566698e-07, 'Sad': 0.0006423850427381694, 'Surprised': 2.172313031678641e-07, 'Unknown': 7.059384898866483e-08}",27. All right. Good. You take 11 points of psychic damage and are thrust out of the scry spell. Your vision is pulled out of the top of the temple and suddenly you're back in your form as a sharp pain hits you across the side of the head.
MARISHA,02:29:17,02:29:19,Neutral,"{'Angry': 0.0005862110992893577, 'Disgusted': 0.0004361491301096976, 'Fearful': 4.341919338912703e-05, 'Happy': 0.0007043045479804277, 'Neutral': 0.9976453185081482, 'Other': 5.0004218792309985e-05, 'Sad': 0.0003477293939795345, 'Surprised': 0.00013084866805002093, 'Unknown': 5.5945107305888087e-05}",Ow!
MATT,02:29:19,02:29:20,Neutral,"{'Angry': 0.007412521634250879, 'Disgusted': 0.011540910229086876, 'Fearful': 0.011928398162126541, 'Happy': 0.29806143045425415, 'Neutral': 0.44580525159835815, 'Other': 0.00017216120613738894, 'Sad': 0.209268718957901, 'Surprised': 0.01575872115790844, 'Unknown': 5.18693559570238e-05}",Vax is holding you.
MARISHA,02:29:20,02:29:23,Neutral,"{'Angry': 0.003820267505943775, 'Disgusted': 0.005715103354305029, 'Fearful': 0.019985007122159004, 'Happy': 0.011489792726933956, 'Neutral': 0.7050595283508301, 'Other': 0.0064434874802827835, 'Sad': 0.24261632561683655, 'Surprised': 0.0007723672315478325, 'Unknown': 0.004098072182387114}",Christ! What-- why?!
LIAM,02:29:23,02:29:27,Neutral,"{'Angry': 0.001214060466736555, 'Disgusted': 0.0027761750388890505, 'Fearful': 0.0003769033937714994, 'Happy': 0.0029477046336978674, 'Neutral': 0.9834701418876648, 'Other': 0.00265059107914567, 'Sad': 0.003040633862838149, 'Surprised': 0.0018245326355099678, 'Unknown': 0.0016993754543364048}",You were in pain. Are you all right? Are you all right?
MARISHA,02:29:27,02:29:32,Happy,"{'Angry': 0.00045380587107501924, 'Disgusted': 0.0011507350718602538, 'Fearful': 0.0003154496371280402, 'Happy': 0.9871849417686462, 'Neutral': 0.004980640485882759, 'Other': 0.0009829991031438112, 'Sad': 0.002774570370092988, 'Surprised': 0.00011997132969554514, 'Unknown': 0.0020369961857795715}","""You were in pain, so I thought I'd fucking slap you across the face?"" Gee!"
TRAVIS,02:29:32,02:29:34,Neutral,"{'Angry': 0.0031191203743219376, 'Disgusted': 0.05881180986762047, 'Fearful': 0.0010256171226501465, 'Happy': 0.014034281484782696, 'Neutral': 0.9091904163360596, 'Other': 0.0014320503687486053, 'Sad': 0.009672863408923149, 'Surprised': 0.0022567494306713343, 'Unknown': 0.000457170041045174}",Are we hitting each other now?
MARISHA,02:29:34,02:29:39,Neutral,"{'Angry': 0.005260942038148642, 'Disgusted': 0.0016833689296618104, 'Fearful': 9.865959145827219e-05, 'Happy': 0.002419559983536601, 'Neutral': 0.965853214263916, 'Other': 0.0019804935436695814, 'Sad': 0.019398624077439308, 'Surprised': 4.55533700005617e-05, 'Unknown': 0.003259706310927868}",Sorry. Wow.
"ORION, LAURA",02:29:39,02:29:43,Neutral,"{'Angry': 1.404040631314274e-06, 'Disgusted': 1.3827871043758933e-06, 'Fearful': 1.2977774304090417e-06, 'Happy': 4.924804670736194e-06, 'Neutral': 0.999984622001648, 'Other': 6.689758151878777e-07, 'Sad': 2.5804613414948108e-06, 'Surprised': 5.915413225920929e-07, 'Unknown': 2.510465037630638e-06}",What did you see?
ORION,02:29:43,02:29:45,Neutral,"{'Angry': 2.088136170641519e-05, 'Disgusted': 5.638274160446599e-05, 'Fearful': 3.970615125581389e-06, 'Happy': 0.00011564034502953291, 'Neutral': 0.999736487865448, 'Other': 5.439022061182186e-06, 'Sad': 4.5451037294697016e-05, 'Surprised': 2.7704404601536226e-06, 'Unknown': 1.3016414413868915e-05}","So she tells us, right?"
MARISHA,02:29:45,02:29:47,Neutral,"{'Angry': 6.668774688023404e-08, 'Disgusted': 5.713578588029122e-08, 'Fearful': 1.9580806309704712e-08, 'Happy': 1.197721417156572e-06, 'Neutral': 0.9999983310699463, 'Other': 2.7306231942247905e-08, 'Sad': 2.611513707506674e-07, 'Surprised': 3.0655115779154585e-08, 'Unknown': 4.0669565493089976e-08}",K'Varn's a beholder.
SAM,02:29:47,02:29:50,Neutral,"{'Angry': 1.844670691752981e-07, 'Disgusted': 9.839575909609266e-08, 'Fearful': 9.583172477789503e-09, 'Happy': 9.898856205836637e-07, 'Neutral': 0.9999977350234985, 'Other': 1.9706121179297043e-08, 'Sad': 2.8011396580041037e-07, 'Surprised': 6.889886208227836e-07, 'Unknown': 9.008997992054901e-09}",A beholder? What's that?
ORION,02:29:50,02:29:58,Happy,"{'Angry': 8.45775593916187e-06, 'Disgusted': 1.69785380421672e-05, 'Fearful': 1.004892737910268e-06, 'Happy': 0.9998884201049805, 'Neutral': 4.466854443307966e-05, 'Other': 1.2904659342893865e-05, 'Sad': 3.109263388978434e-06, 'Surprised': 7.069686034810729e-06, 'Unknown': 1.7321615814580582e-05}",It is really not a thing we want to fight. It is awful. It is wretched. It will kill all of us if we don't find out a way to kill it-- oh my god.
MARISHA,02:29:58,02:30:16,Happy,"{'Angry': 4.205081616248663e-09, 'Disgusted': 2.714559688143936e-09, 'Fearful': 4.159951827453767e-10, 'Happy': 1.0, 'Neutral': 2.7220310450104535e-09, 'Other': 3.7881267567208e-10, 'Sad': 9.374935272532525e-10, 'Surprised': 4.30482510749286e-10, 'Unknown': 1.135568750143534e-09}","Not only is K'Varn a beholder, K'Varn has been experimenting on himself and so he has armor grafted onto him, and the horn The horn which-- I don't know."
LAURA,02:30:16,02:30:20,Neutral,"{'Angry': 0.0014667102368548512, 'Disgusted': 0.010197299532592297, 'Fearful': 0.005063389427959919, 'Happy': 0.37740716338157654, 'Neutral': 0.40533238649368286, 'Other': 0.0011628104839473963, 'Sad': 0.007537791505455971, 'Surprised': 0.00013730561477132142, 'Unknown': 0.19169515371322632}",You said there is something caging the Elder Brain right?
MARISHA,02:30:20,02:30:27,Neutral,"{'Angry': 5.428888471215032e-06, 'Disgusted': 3.4929573757835897e-06, 'Fearful': 3.1527406463283114e-07, 'Happy': 0.0031266494188457727, 'Neutral': 0.9968457818031311, 'Other': 1.8035692619378096e-06, 'Sad': 1.1450881174823735e-05, 'Surprised': 4.508931681357353e-07, 'Unknown': 4.591984179569408e-06}","Yes. That big green light. Can, we can see it? Is it like the Luxor in Vegas? Can we see the green light?"
MATT,02:30:27,02:30:36,Neutral,"{'Angry': 0.010498770512640476, 'Disgusted': 0.002355922944843769, 'Fearful': 0.0033508434426039457, 'Happy': 0.007139513734728098, 'Neutral': 0.9285548329353333, 'Other': 0.017278101295232773, 'Sad': 0.0024381184484809637, 'Surprised': 3.946906508645043e-05, 'Unknown': 0.02834438718855381}","It's not a beam, but you do see a slight green glow at the top of the temple in the distance. You saw it when you first entered, and it's been this dull beacon as you traveled around this island."
LAURA,02:30:36,02:30:40,Neutral,"{'Angry': 8.782745680946391e-06, 'Disgusted': 1.2582309864228591e-05, 'Fearful': 8.946579328039661e-06, 'Happy': 1.2744132618536241e-05, 'Neutral': 0.9999271631240845, 'Other': 9.922334811562905e-07, 'Sad': 2.0022736862301826e-05, 'Surprised': 8.378828169952612e-06, 'Unknown': 4.405764855164307e-07}",So there's something connected to the top of the temple that's caging the Elder Brain?
MARISHA,02:30:40,02:30:44,Sad,"{'Angry': 2.231575308542233e-05, 'Disgusted': 2.7218411560170352e-05, 'Fearful': 3.502600884530693e-05, 'Happy': 4.9972357373917475e-05, 'Neutral': 0.002694744849577546, 'Other': 7.939125339362363e-07, 'Sad': 0.9971665740013123, 'Surprised': 2.890574705816107e-06, 'Unknown': 4.434691618371289e-07}",It's like an arcane prison around all of the Elder Brain.
LAURA,02:30:44,02:31:00,Neutral,"{'Angry': 0.0009517653379589319, 'Disgusted': 0.005907090380787849, 'Fearful': 0.0007190416217781603, 'Happy': 0.19310511648654938, 'Neutral': 0.7861907482147217, 'Other': 0.001325038494542241, 'Sad': 0.0035713010001927614, 'Surprised': 0.006073363125324249, 'Unknown': 0.002156470902264118}","Is it possible to maybe collapse the top of the temple from far away, and release the Elder Brain from its cage and then Clarota, your brethren could fight the beholder instead of us? (laughs)"
MARISHA,02:31:00,02:31:04,Neutral,"{'Angry': 4.909987889357981e-13, 'Disgusted': 1.6169809835173653e-14, 'Fearful': 3.677042445347908e-15, 'Happy': 5.327301642356341e-13, 'Neutral': 1.0, 'Other': 1.8527598465172988e-15, 'Sad': 1.503386391071837e-12, 'Surprised': 1.5793617769935958e-13, 'Unknown': 1.0524746899736107e-14}","Clarota, do you know how we could possibly break this prison?"
TRAVIS,02:31:04,02:31:07,Neutral,"{'Angry': 1.8751852337572927e-07, 'Disgusted': 2.830772984907526e-07, 'Fearful': 2.5550062332513335e-07, 'Happy': 1.8811900872606202e-06, 'Neutral': 0.9999945163726807, 'Other': 3.2261206683870114e-07, 'Sad': 1.7358538570988458e-06, 'Surprised': 8.112736082921401e-08, 'Unknown': 6.452299885495449e-07}",Could you tell me what a beholder is first? Because I don't know.
SAM,02:31:07,02:31:09,Neutral,"{'Angry': 4.831321689380275e-07, 'Disgusted': 4.441460532689234e-07, 'Fearful': 3.86834138055292e-08, 'Happy': 1.3603970216991002e-07, 'Neutral': 0.999995231628418, 'Other': 1.0283590867743442e-08, 'Sad': 3.7058173347759293e-06, 'Surprised': 1.3112359198430568e-08, 'Unknown': 1.3962851319604397e-08}",Big bad scary thing.
TRAVIS,02:31:09,02:31:12,Neutral,"{'Angry': 1.2965447292179189e-11, 'Disgusted': 1.5883681089151613e-12, 'Fearful': 8.612991504904077e-13, 'Happy': 5.355497295633782e-11, 'Neutral': 1.0, 'Other': 1.2339700658850483e-13, 'Sad': 1.35140176826809e-10, 'Surprised': 5.399341564127358e-12, 'Unknown': 4.547757569833832e-13}",With finger eyes?
ORION,02:31:12,02:31:15,Angry,"{'Angry': 0.9207696914672852, 'Disgusted': 0.018720457330346107, 'Fearful': 0.0006639703060500324, 'Happy': 0.011956772767007351, 'Neutral': 0.015334450639784336, 'Other': 9.735073399497196e-05, 'Sad': 0.03188719600439072, 'Surprised': 0.0005174843827262521, 'Unknown': 5.274002978694625e-05}","DM, I write a detailed--"
SAM,02:31:15,02:31:18,Neutral,"{'Angry': 0.00042300773202441633, 'Disgusted': 0.00221375934779644, 'Fearful': 0.00015592476120218635, 'Happy': 0.006798940245062113, 'Neutral': 0.9794023036956787, 'Other': 0.001571581931784749, 'Sad': 0.001416832790710032, 'Surprised': 0.0007210369221866131, 'Unknown': 0.007296615745872259}",Just hold on. Wait. Patience.
MATT,02:31:18,02:31:19,Neutral,"{'Angry': 4.597566771735728e-09, 'Disgusted': 2.870550019906659e-09, 'Fearful': 7.418872183251324e-10, 'Happy': 2.4189345637637416e-08, 'Neutral': 1.0, 'Other': 9.928798894165425e-10, 'Sad': 4.294226130241441e-08, 'Surprised': 5.871923502986931e-10, 'Unknown': 2.878016713836473e-09}",That's a beholder.
LAURA,02:31:19,02:31:22,Neutral,"{'Angry': 0.00027985492488369346, 'Disgusted': 0.00014778770855627954, 'Fearful': 0.0002761217183433473, 'Happy': 0.003483547130599618, 'Neutral': 0.9896738529205322, 'Other': 8.615794649813324e-05, 'Sad': 0.003325044410303235, 'Surprised': 0.0027051917277276516, 'Unknown': 2.2439877284341492e-05}","Oh, the thing on the front of the Monster Manual."
ASHLEY,02:31:22,02:31:24,Neutral,"{'Angry': 9.225401553791812e-10, 'Disgusted': 2.045541791506622e-10, 'Fearful': 2.4306969631515685e-11, 'Happy': 4.3412995864855475e-08, 'Neutral': 1.0, 'Other': 1.8007746335757524e-11, 'Sad': 3.4450013952636027e-09, 'Surprised': 3.3432209778361255e-10, 'Unknown': 3.71620234584924e-11}",It's on the cover of a book.
TRAVIS,02:31:24,02:31:26,Neutral,"{'Angry': 2.1465846461454774e-11, 'Disgusted': 1.3830073154405542e-12, 'Fearful': 3.152886480541073e-13, 'Happy': 3.201153925269651e-11, 'Neutral': 1.0, 'Other': 8.217018509842564e-14, 'Sad': 3.7569111016599877e-11, 'Surprised': 5.572988251434374e-12, 'Unknown': 8.554918383939236e-13}",Worst possible scenario imaginable.
LIAM,02:31:26,02:31:30,Neutral,"{'Angry': 2.872855490824999e-13, 'Disgusted': 9.729381268198424e-15, 'Fearful': 2.0074342036748016e-15, 'Happy': 3.4646645361707806e-13, 'Neutral': 1.0, 'Other': 1.240221617963247e-15, 'Sad': 9.892469872777032e-13, 'Surprised': 1.0044128208189576e-13, 'Unknown': 6.461687823401891e-15}",The iconic creature.
TALIESIN,02:31:30,02:31:35,Neutral,"{'Angry': 1.9449887034284075e-08, 'Disgusted': 4.9629877985069015e-09, 'Fearful': 2.5495430211464054e-09, 'Happy': 5.281201964635329e-08, 'Neutral': 0.9999998807907104, 'Other': 9.221758356936505e-10, 'Sad': 4.398257757998181e-08, 'Surprised': 6.856392342768913e-09, 'Unknown': 2.5650686019673685e-09}",It's on the cover of Dungeons & Dragons Monthly right now. It is the cover model.
MARISHA,02:31:35,02:31:38,Happy,"{'Angry': 0.0007007477106526494, 'Disgusted': 0.0006620998028665781, 'Fearful': 0.002477418864145875, 'Happy': 0.9307818412780762, 'Neutral': 0.020874587818980217, 'Other': 0.0015691843582317233, 'Sad': 0.001780749182216823, 'Surprised': 1.89640650205547e-05, 'Unknown': 0.04113449528813362}","Oh, man."
LAURA,02:31:38,02:31:39,Neutral,"{'Angry': 0.00016963391681201756, 'Disgusted': 0.00035048360587097704, 'Fearful': 0.032095376402139664, 'Happy': 0.01072713639587164, 'Neutral': 0.954140841960907, 'Other': 5.0386057409923524e-05, 'Sad': 0.0020044762641191483, 'Surprised': 0.00032105660648085177, 'Unknown': 0.00014053625636734068}","I mean, we've killed a dragon."
TRAVIS,02:31:39,02:31:41,Neutral,"{'Angry': 0.012492172420024872, 'Disgusted': 0.019508492201566696, 'Fearful': 0.050807032734155655, 'Happy': 0.037799835205078125, 'Neutral': 0.6604956388473511, 'Other': 0.002248202683404088, 'Sad': 0.14992579817771912, 'Surprised': 0.003902333788573742, 'Unknown': 0.06282045692205429}",Yeah he's got lots of teeth. Let's brush 'em.
MARISHA,02:31:41,02:31:48,Happy,"{'Angry': 0.0008780520292930305, 'Disgusted': 0.002089948393404484, 'Fearful': 0.00015516365237999707, 'Happy': 0.567232608795166, 'Neutral': 0.423410564661026, 'Other': 0.0019576691556721926, 'Sad': 0.001132408156991005, 'Surprised': 0.00017147425387520343, 'Unknown': 0.002972104586660862}",Each eye tends to have a beam that has a different ability.
LAURA,02:31:48,02:31:49,Neutral,"{'Angry': 0.0004746464837808162, 'Disgusted': 0.0005786953843198717, 'Fearful': 0.00012890396465081722, 'Happy': 0.0035060022491961718, 'Neutral': 0.8428001999855042, 'Other': 1.1751561942219269e-05, 'Sad': 0.152397021651268, 'Surprised': 9.43168779485859e-05, 'Unknown': 8.455013812636025e-06}",Oh.
LIAM,02:31:49,02:31:51,Neutral,"{'Angry': 3.2706105912438943e-07, 'Disgusted': 5.206005084801291e-07, 'Fearful': 1.8978695948135282e-07, 'Happy': 6.014400696585653e-06, 'Neutral': 0.9999884366989136, 'Other': 9.610727857989332e-08, 'Sad': 1.8353017594563426e-06, 'Surprised': 2.545601319070556e-06, 'Unknown': 3.706367834865887e-08}",It's a magic fun bag.
MARISHA,02:31:51,02:32:01,Disgusted,"{'Angry': 0.14102578163146973, 'Disgusted': 0.6540993452072144, 'Fearful': 0.0013994424371048808, 'Happy': 0.012528819963335991, 'Neutral': 0.1512426733970642, 'Other': 0.0029059879016131163, 'Sad': 0.022029977291822433, 'Surprised': 0.0008132564253173769, 'Unknown': 0.01395479217171669}",It's a magic fun bag. It's probably got everything from Silence and Dispel Magic to Petrify to a disintegration ray.
TALIESIN,02:32:01,02:32:11,Angry,"{'Angry': 0.3889404237270355, 'Disgusted': 0.01847800612449646, 'Fearful': 0.004772167187184095, 'Happy': 0.13901230692863464, 'Neutral': 0.3661043345928192, 'Other': 0.03584836795926094, 'Sad': 0.0033730522263795137, 'Surprised': 0.016766443848609924, 'Unknown': 0.026704907417297363}","You're thinking about this wrong, though. You're thinking about this in the wrong direction. Beholder is not-- that's not the goal."
LAURA,02:32:11,02:32:13,Neutral,"{'Angry': 0.0033979928120970726, 'Disgusted': 0.0015562947373837233, 'Fearful': 0.0007997569628059864, 'Happy': 0.0014561524149030447, 'Neutral': 0.9882063269615173, 'Other': 1.3502533874998335e-05, 'Sad': 0.00047112724860198796, 'Surprised': 0.004089691676199436, 'Unknown': 9.172747013508342e-06}",The horn is the goal.
TALIESIN,02:32:13,02:32:17,Neutral,"{'Angry': 2.6076839276356623e-05, 'Disgusted': 4.96238953928696e-07, 'Fearful': 6.41254658262369e-08, 'Happy': 0.0004277466214261949, 'Neutral': 0.9995436072349548, 'Other': 1.1959632173486057e-09, 'Sad': 1.8966879906656686e-06, 'Surprised': 1.6229398625000613e-07, 'Unknown': 1.1685166723118812e-10}","Even more than that, it's the hundreds of allies we could have."
LAURA,02:32:17,02:32:20,Happy,"{'Angry': 0.0033292602747678757, 'Disgusted': 0.006739263888448477, 'Fearful': 0.0008071776246652007, 'Happy': 0.8216723799705505, 'Neutral': 0.05462222918868065, 'Other': 0.01432658452540636, 'Sad': 0.0014339843764901161, 'Surprised': 0.00014186058251652867, 'Unknown': 0.09692725539207458}","Exactly! We free the Elder Brain, they attack it."
TALIESIN,02:32:20,02:32:22,Neutral,"{'Angry': 3.557423406164162e-05, 'Disgusted': 0.00022059146431274712, 'Fearful': 5.4168031056178734e-05, 'Happy': 0.0016925653908401728, 'Neutral': 0.9975472092628479, 'Other': 3.680351801449433e-05, 'Sad': 0.000271821889327839, 'Surprised': 7.106803877832135e-06, 'Unknown': 0.00013419892638921738}",Prison is the target.
TRAVIS,02:32:22,02:32:24,Neutral,"{'Angry': 1.3478884284268133e-05, 'Disgusted': 0.00010185731662204489, 'Fearful': 6.974424650252331e-06, 'Happy': 0.00436253659427166, 'Neutral': 0.9953206181526184, 'Other': 1.3164387382857967e-05, 'Sad': 0.0001259580021724105, 'Surprised': 3.315250432933681e-05, 'Unknown': 2.237772787339054e-05}",Not the beholder?
TALIESIN,02:32:24,02:32:28,Happy,"{'Angry': 8.334786230079771e-07, 'Disgusted': 3.865173766826047e-06, 'Fearful': 1.2090447398804827e-06, 'Happy': 0.9998140931129456, 'Neutral': 0.0001377330772811547, 'Other': 1.3832554941473063e-06, 'Sad': 5.68894756725058e-06, 'Surprised': 3.583031116249913e-07, 'Unknown': 3.483703039819375e-05}",Not the beholder. If we can free the Elder Brain--
LAURA,02:32:28,02:32:30,Neutral,"{'Angry': 0.00037867488572373986, 'Disgusted': 0.0023403053637593985, 'Fearful': 0.0018790835747495294, 'Happy': 0.17296189069747925, 'Neutral': 0.7419127821922302, 'Other': 0.0012674698373302817, 'Sad': 0.0046695624478161335, 'Surprised': 0.00010524020035518333, 'Unknown': 0.07448495924472809}",We don't have to fight it ourselves.
TALIESIN,02:32:30,02:32:37,Happy,"{'Angry': 2.6910522699097328e-09, 'Disgusted': 6.263582097432163e-09, 'Fearful': 2.1863164612057062e-09, 'Happy': 1.0, 'Neutral': 1.99404706080486e-08, 'Other': 1.4767224110201482e-09, 'Sad': 1.49704000307338e-08, 'Surprised': 2.0335804151727643e-09, 'Unknown': 4.251210938832628e-09}","Then we're not alone. Now, what was creating this green light? Where was it emanating from?"
MARISHA,02:32:37,02:32:44,Happy,"{'Angry': 0.02282770536839962, 'Disgusted': 0.0028275579679757357, 'Fearful': 0.003493706462904811, 'Happy': 0.49349361658096313, 'Neutral': 0.43288475275039673, 'Other': 0.0088962372392416, 'Sad': 0.008147504180669785, 'Surprised': 0.004082567058503628, 'Unknown': 0.023346295580267906}",It seemed to be emanating from the top opening of this pyramid that was the main temple of the center of town.
TALIESIN,02:32:44,02:32:47,Neutral,"{'Angry': 3.181056484891087e-08, 'Disgusted': 9.060190109266841e-08, 'Fearful': 6.339111457975832e-09, 'Happy': 1.5372283712622448e-07, 'Neutral': 0.9999985694885254, 'Other': 8.27144276627223e-07, 'Sad': 2.8326965662017756e-07, 'Surprised': 5.7766502692402355e-09, 'Unknown': 8.270602336324373e-08}",Can you describe the top of the pyramid?
MATT,02:32:47,02:33:15,Other,"{'Angry': 0.004071241710335016, 'Disgusted': 0.04979174956679344, 'Fearful': 0.00020453115575946867, 'Happy': 0.027811575680971146, 'Neutral': 0.17179903388023376, 'Other': 0.7269223928451538, 'Sad': 0.0021791744511574507, 'Surprised': 0.0015964056365191936, 'Unknown': 0.01562387216836214}","I'll give you a detailed description. Essentially, this pyramid comes to a top and then flattens up at the very top. Where you would expect there to be a flat surface is instead, essentially, a windowed opening. You don't think it's purely open like you could just jump through. There is some sort of glass that coats it, but there is a brass cross-beam at the very top, and then part of this cross-beam holds aloft this strange series of metallic wires that spiral and intertwine that serves as a conical focus piece. You can't see the interior of it."
LAURA,02:33:15,02:33:17,Neutral,"{'Angry': 0.004646948538720608, 'Disgusted': 0.0037279061507433653, 'Fearful': 0.0014133729273453355, 'Happy': 0.08305182307958603, 'Neutral': 0.8770933747291565, 'Other': 0.0006125776562839746, 'Sad': 0.0013555989135056734, 'Surprised': 0.0023176814429461956, 'Unknown': 0.025780662894248962}",So if we take out the beams--
MARISHA,02:33:17,02:33:19,Happy,"{'Angry': 0.10633057355880737, 'Disgusted': 0.0022974039893597364, 'Fearful': 0.0004620273830369115, 'Happy': 0.8688439726829529, 'Neutral': 0.019462022930383682, 'Other': 0.0002656439319252968, 'Sad': 0.001332317478954792, 'Surprised': 0.0007309390930458903, 'Unknown': 0.0002750509593170136}",It was almost like a beehive.
MATT,02:33:19,02:33:20,Disgusted,"{'Angry': 0.001038735848851502, 'Disgusted': 0.9717725515365601, 'Fearful': 0.00019563753448892385, 'Happy': 0.0026055853813886642, 'Neutral': 0.011762328445911407, 'Other': 0.005281510762870312, 'Sad': 0.0031954029109328985, 'Surprised': 0.004110164940357208, 'Unknown': 3.8166228478075936e-05}",Essentially a slow beehive.
MARISHA,02:33:20,02:33:23,Neutral,"{'Angry': 2.3441480961200467e-13, 'Disgusted': 7.060348687664602e-15, 'Fearful': 1.5219472114397507e-15, 'Happy': 2.6518232596785263e-13, 'Neutral': 1.0, 'Other': 9.88240327583407e-16, 'Sad': 8.593890573130314e-13, 'Surprised': 7.652751587809703e-14, 'Unknown': 4.656487394565263e-15}",It was focusing the energy.
TALIESIN,02:33:23,02:33:29,Angry,"{'Angry': 0.7458615303039551, 'Disgusted': 0.013961007818579674, 'Fearful': 0.0005183693137951195, 'Happy': 0.22314134240150452, 'Neutral': 0.0073943245224654675, 'Other': 0.0018653536681085825, 'Sad': 0.0013108316343277693, 'Surprised': 0.0003728356387000531, 'Unknown': 0.005574373994022608}",We have something very important. We have a vial of yellow liquid.
SAM,02:33:29,02:33:30,Neutral,"{'Angry': 0.0031699317041784525, 'Disgusted': 0.002451110864058137, 'Fearful': 0.0002844050177372992, 'Happy': 0.003538313088938594, 'Neutral': 0.9835525751113892, 'Other': 0.0003909256192855537, 'Sad': 0.000896293087862432, 'Surprised': 0.005608928389847279, 'Unknown': 0.00010754362301668152}",What does it do?
LAURA,02:33:30,02:33:31,Neutral,"{'Angry': 9.174638080367004e-07, 'Disgusted': 8.926826922106557e-07, 'Fearful': 3.9306161170316045e-07, 'Happy': 9.166998097498436e-06, 'Neutral': 0.9999853372573853, 'Other': 1.482595024526745e-07, 'Sad': 2.2349686332745478e-06, 'Surprised': 8.42194765482418e-07, 'Unknown': 6.767983506961173e-08}",It might age you.
LAURA,02:33:31,02:33:33,Neutral,"{'Angry': 8.057888408075087e-06, 'Disgusted': 1.0131377166544553e-05, 'Fearful': 3.5801224385068053e-06, 'Happy': 8.304492803290486e-05, 'Neutral': 0.999876856803894, 'Other': 1.779992885531101e-06, 'Sad': 5.451512151921634e-06, 'Surprised': 2.746140353337978e-06, 'Unknown': 8.307221833092626e-06}",It might do something.
TALIESIN,02:33:33,02:33:35,Neutral,"{'Angry': 0.0019982908852398396, 'Disgusted': 0.0023207534104585648, 'Fearful': 0.0021428160835057497, 'Happy': 0.1254621297121048, 'Neutral': 0.7784337401390076, 'Other': 0.004149597603827715, 'Sad': 0.008752360939979553, 'Surprised': 0.0005900844698771834, 'Unknown': 0.07615026831626892}",It seems to be very acidic.
ASHLEY,02:33:35,02:33:37,Neutral,"{'Angry': 0.0767410397529602, 'Disgusted': 0.16894088685512543, 'Fearful': 0.007266935892403126, 'Happy': 0.10191911458969116, 'Neutral': 0.2709883153438568, 'Other': 0.18841931223869324, 'Sad': 0.03222869336605072, 'Surprised': 0.12572158873081207, 'Unknown': 0.02777416817843914}",Burn the beams?
TALIESIN,02:33:37,02:33:42,Neutral,"{'Angry': 1.1934121225964933e-12, 'Disgusted': 4.512467398983151e-14, 'Fearful': 1.1731442741888792e-14, 'Happy': 1.657814835930027e-12, 'Neutral': 1.0, 'Other': 4.12834752887563e-15, 'Sad': 3.972714084782281e-12, 'Surprised': 3.7594661541837104e-13, 'Unknown': 2.8152791716243818e-14}",I could melt the metal and we could actually bring that entire structure crashing down.
LAURA,02:33:42,02:33:49,Happy,"{'Angry': 5.7800170907285064e-05, 'Disgusted': 9.451356891077012e-05, 'Fearful': 8.511682608514093e-06, 'Happy': 0.9282342791557312, 'Neutral': 0.07102809846401215, 'Other': 0.00023429661814589053, 'Sad': 0.0001828161475714296, 'Surprised': 2.3512740881415084e-05, 'Unknown': 0.00013619249511975795}",But does anybody have an aging spell? Something that causes things to disintegrate things? Maybe we could rust the metal as well?
TALIESIN,02:33:49,02:33:52,Neutral,"{'Angry': 4.095841887874485e-09, 'Disgusted': 2.217233063817048e-09, 'Fearful': 4.330263092544584e-10, 'Happy': 9.448414495238922e-09, 'Neutral': 1.0, 'Other': 3.6681488402301454e-10, 'Sad': 5.344288567243893e-09, 'Surprised': 8.40968239490536e-10, 'Unknown': 9.872335171579039e-10}","We have that yellow goop, and that would definitely help."
LIAM,02:33:52,02:33:54,Neutral,"{'Angry': 3.2439996289213013e-07, 'Disgusted': 2.8455463052523555e-07, 'Fearful': 2.0194231353798386e-07, 'Happy': 7.811645446054172e-06, 'Neutral': 0.9999889135360718, 'Other': 1.206711885970435e-07, 'Sad': 1.6818506765048369e-06, 'Surprised': 5.783043661722331e-07, 'Unknown': 7.505574473043453e-08}",We know that it's acid?
TALIESIN,02:33:54,02:33:56,Neutral,"{'Angry': 3.281223293072344e-09, 'Disgusted': 4.468582837091617e-09, 'Fearful': 1.1500747021386815e-09, 'Happy': 5.216110920969186e-08, 'Neutral': 0.9999998807907104, 'Other': 1.4997912911596245e-09, 'Sad': 6.950620701218213e-08, 'Surprised': 1.1792177234681844e-09, 'Unknown': 1.4723376962066936e-09}",We suspect it.
LAURA,02:33:56,02:34:02,Neutral,"{'Angry': 7.363974674490237e-08, 'Disgusted': 9.078928542294307e-08, 'Fearful': 8.927161232463732e-09, 'Happy': 2.2908720893610734e-06, 'Neutral': 0.9999971389770508, 'Other': 5.2969046038242595e-08, 'Sad': 2.351234940078939e-07, 'Surprised': 1.4494359490413444e-08, 'Unknown': 9.027436931319244e-08}","It might be a form changer, because the king swallowed a vial and it made him strong."
MARISHA,02:34:02,02:34:09,Neutral,"{'Angry': 3.2773237990113557e-07, 'Disgusted': 9.163771323983383e-07, 'Fearful': 4.9849052885519995e-08, 'Happy': 5.46868523088051e-06, 'Neutral': 0.9999827146530151, 'Other': 7.0955479714029934e-06, 'Sad': 1.8223605593448156e-06, 'Surprised': 3.098460297223937e-07, 'Unknown': 1.2685368346865289e-06}","Actually, I can learn Heat Metal and I can heat the beam and make it (clicks her tongue) beam."
LAURA,02:34:09,02:34:12,Neutral,"{'Angry': 3.9232975201919373e-10, 'Disgusted': 1.2620450517975002e-10, 'Fearful': 2.087744213619125e-11, 'Happy': 1.0703414154988877e-08, 'Neutral': 1.0, 'Other': 9.50999869131497e-12, 'Sad': 1.6481918052591027e-09, 'Surprised': 1.1943059041730208e-10, 'Unknown': 1.8251806316316177e-11}",He's got vials of acid in his Bag of Holding.
ASHLEY,02:34:12,02:34:14,Neutral,"{'Angry': 1.5132702174014412e-05, 'Disgusted': 2.971722096845042e-05, 'Fearful': 1.0389292583568022e-05, 'Happy': 6.238327478058636e-05, 'Neutral': 0.9997772574424744, 'Other': 3.893013399647316e-06, 'Sad': 4.0465012716595083e-05, 'Surprised': 5.9584806876955554e-05, 'Unknown': 1.2327974445724976e-06}",Excellent.
TALIESIN,02:34:14,02:34:16,Unknown,"{'Angry': 0.0012673981254920363, 'Disgusted': 0.016039488837122917, 'Fearful': 0.01364936213940382, 'Happy': 0.05715252831578255, 'Neutral': 0.09376822412014008, 'Other': 0.0028038660530000925, 'Sad': 0.0013228467432782054, 'Surprised': 0.005857623647898436, 'Unknown': 0.8081386089324951}",We're going to break the temple.
LAURA,02:34:16,02:34:18,Neutral,"{'Angry': 1.4150942787352627e-12, 'Disgusted': 5.1141050758356926e-14, 'Fearful': 1.378760166882145e-14, 'Happy': 1.6485507620470075e-12, 'Neutral': 1.0, 'Other': 4.168463432774067e-15, 'Sad': 4.158130437192931e-12, 'Surprised': 3.8801362296780884e-13, 'Unknown': 3.5976867237283786e-14}",Let's break the temple. Clarota?
MATT,02:34:18,02:34:36,Neutral,"{'Angry': 2.3877029368436775e-13, 'Disgusted': 7.75835931686019e-15, 'Fearful': 1.7797233718491127e-15, 'Happy': 2.7724583696528415e-13, 'Neutral': 1.0, 'Other': 1.2604828578198068e-15, 'Sad': 9.615398754991844e-13, 'Surprised': 9.148284479129978e-14, 'Unknown': 5.630890803680561e-15}","At this point, as you guys look over at Clarota, you see Clarota, for the first time in a while, looks visually disturbed. Has withdrawn from the group and is leaning against the side of the beach cavern wall and the tentacles that normally slowly twirl are all tensed and pulled up into a knot."
LAURA,02:34:36,02:34:39,Neutral,"{'Angry': 6.821981646254471e-09, 'Disgusted': 9.679933299366894e-09, 'Fearful': 3.825310734839604e-09, 'Happy': 2.80839600463878e-08, 'Neutral': 1.0, 'Other': 2.1018382589943485e-09, 'Sad': 4.4993402781301484e-08, 'Surprised': 4.176505807862441e-09, 'Unknown': 9.945894108298603e-10}","Clarota, you're going to cramp your face if you do that."
TALIESIN,02:34:39,02:34:42,Neutral,"{'Angry': 0.00013416529691312462, 'Disgusted': 0.0004169902531430125, 'Fearful': 6.57590280752629e-05, 'Happy': 0.0026764003559947014, 'Neutral': 0.9956522583961487, 'Other': 0.0002760243078228086, 'Sad': 0.0004055016324855387, 'Surprised': 0.0001572046458022669, 'Unknown': 0.00021574244601652026}","If you have something to say, we would appreciate it."
LIAM,02:34:42,02:34:45,Neutral,"{'Angry': 0.0027620072942227125, 'Disgusted': 0.0016885172808542848, 'Fearful': 0.0004959216457791626, 'Happy': 0.031363993883132935, 'Neutral': 0.9551312327384949, 'Other': 0.002553706057369709, 'Sad': 0.0019265743903815746, 'Surprised': 0.003522637765854597, 'Unknown': 0.0005554701783694327}","If you keep making that face, it'll freeze that way."
MATT,02:34:45,02:35:41,Neutral,"{'Angry': 3.6900783015880734e-06, 'Disgusted': 1.4752017705177423e-06, 'Fearful': 4.335590020332347e-08, 'Happy': 0.00024232295982073992, 'Neutral': 0.9997482895851135, 'Other': 4.4726044734488823e-07, 'Sad': 2.7534229047887493e-06, 'Surprised': 8.564006179767603e-07, 'Unknown': 1.0705951325462593e-07}","""That K'Varn is of this new creature, a beholder, and carries this horn that Lady Kima has spoken of. It's a great danger. Also, keep in mind the temple is not made of average stolen metals. This is the center of the Elder Brain. We reinforce it with magical protection. It's the center of our entire species' knowledge. Every brain in there is our elders'. As we pass to the next generation, our mind is brought and introduced to the Elder Brain. We have that room protected from simple acids. We must make sure we are ready."""
LIAM,02:35:41,02:35:53,Happy,"{'Angry': 0.003590464126318693, 'Disgusted': 0.001701056258752942, 'Fearful': 0.0002874936326406896, 'Happy': 0.6619948148727417, 'Neutral': 0.31076884269714355, 'Other': 0.005216542631387711, 'Sad': 0.003172203665599227, 'Surprised': 0.0005146980984136462, 'Unknown': 0.012753876857459545}","Clarota, Keyleth has scried the top of the building right now. It didn't look like it was part of the original structure. Is she mistaken? Is the top something that was built by your people?"
MATT,02:35:53,02:36:01,Neutral,"{'Angry': 3.736846338142641e-05, 'Disgusted': 9.882954327622429e-05, 'Fearful': 5.598041752818972e-05, 'Happy': 0.0001911520812427625, 'Neutral': 0.9980941414833069, 'Other': 0.00016093457816168666, 'Sad': 0.0003881255688611418, 'Surprised': 1.7703257526591187e-06, 'Unknown': 0.0009715983178466558}","""No. It was open before. There seems to be some sort of new focus K'Varn has constructed."""
LIAM,02:36:01,02:36:04,Neutral,"{'Angry': 2.3903211007758607e-11, 'Disgusted': 1.87683505889491e-12, 'Fearful': 4.2868256145377204e-13, 'Happy': 5.0164213061254515e-11, 'Neutral': 1.0, 'Other': 1.624335567310467e-13, 'Sad': 6.24740884025421e-11, 'Surprised': 5.650944122359558e-12, 'Unknown': 8.402005762138398e-13}",Would that be as strong as the rest of the building?
MATT,02:36:04,02:36:26,Neutral,"{'Angry': 7.559785331068269e-07, 'Disgusted': 6.210686365193396e-07, 'Fearful': 7.888790776178212e-08, 'Happy': 4.5147849050408695e-06, 'Neutral': 0.9999905824661255, 'Other': 6.099814982007956e-07, 'Sad': 1.975799023057334e-06, 'Surprised': 6.943205903553462e-07, 'Unknown': 2.2301037461147644e-07}","""I do not know. But if I've seen anything of the nature of this insidious creature, I would say, plan for the worst. Nothing is more terrifying than underestimating a beholder."""
MARISHA,02:36:26,02:36:31,Neutral,"{'Angry': 1.3796666280541103e-06, 'Disgusted': 3.287627578174579e-06, 'Fearful': 1.8479137224858277e-06, 'Happy': 1.1893544069607742e-05, 'Neutral': 0.9999703168869019, 'Other': 1.581162109687284e-06, 'Sad': 4.52827180197346e-06, 'Surprised': 4.0837934989212954e-07, 'Unknown': 4.8275524022756144e-06}",Yeah.
LAURA,02:36:31,02:36:33,Neutral,"{'Angry': 4.539862263897021e-09, 'Disgusted': 5.109447087647823e-09, 'Fearful': 3.8413569547479653e-10, 'Happy': 5.8759844989708654e-08, 'Neutral': 0.9999998807907104, 'Other': 7.116704447973632e-10, 'Sad': 8.243253191153599e-09, 'Surprised': 6.933149609977818e-10, 'Unknown': 1.284573114546106e-09}",They can. Okay.
TRAVIS,02:36:33,02:36:37,Happy,"{'Angry': 0.0028640932869166136, 'Disgusted': 0.0027880354318767786, 'Fearful': 0.0002700126206036657, 'Happy': 0.9360818862915039, 'Neutral': 0.042908355593681335, 'Other': 0.0006094215787015855, 'Sad': 0.0008256977889686823, 'Surprised': 1.622470881557092e-05, 'Unknown': 0.013636305928230286}","Among other things, it seems like."
LIAM,02:36:37,02:36:40,Neutral,"{'Angry': 1.2081796067070494e-13, 'Disgusted': 4.318243421804098e-15, 'Fearful': 7.450670681242685e-16, 'Happy': 1.636766351793828e-13, 'Neutral': 1.0, 'Other': 6.81444094115393e-16, 'Sad': 3.6364262837908223e-13, 'Surprised': 5.669453079747144e-14, 'Unknown': 2.773407580184523e-15}",Not much.
TALIESIN,02:36:40,02:36:43,Neutral,"{'Angry': 3.546081188687822e-07, 'Disgusted': 7.428967592204572e-07, 'Fearful': 2.790830251342413e-07, 'Happy': 1.036283174471464e-05, 'Neutral': 0.9999793767929077, 'Other': 3.914156536666269e-07, 'Sad': 3.001052391482517e-06, 'Surprised': 2.1880747880231866e-08, 'Unknown': 5.414488896349212e-06}",They're terrible monsters.
LAURA,02:36:43,02:36:46,Neutral,"{'Angry': 2.3101947590475902e-05, 'Disgusted': 0.00014341159840114415, 'Fearful': 0.00012406278983689845, 'Happy': 0.00010829261009348556, 'Neutral': 0.996669352054596, 'Other': 5.0430237024556845e-05, 'Sad': 0.0008670074748806655, 'Surprised': 3.941453599054512e-07, 'Unknown': 0.002014096360653639}","So they're really very fleshy and weak, but he put armor on himself."
LAURA,02:36:46,02:36:47,Neutral,"{'Angry': 0.1083417758345604, 'Disgusted': 0.3121234178543091, 'Fearful': 0.00021381840633694082, 'Happy': 0.0034829298965632915, 'Neutral': 0.5727646350860596, 'Other': 0.0011107270838692784, 'Sad': 0.0010241088457405567, 'Surprised': 0.0005447348230518401, 'Unknown': 0.00039381024544127285}",So now he's extra strong.
LIAM,02:36:47,02:36:49,Neutral,"{'Angry': 6.064453828003025e-07, 'Disgusted': 1.184473944704223e-06, 'Fearful': 5.083089718027622e-07, 'Happy': 1.2832598486056668e-06, 'Neutral': 0.9999845027923584, 'Other': 7.548784708433232e-08, 'Sad': 1.1532244570844341e-05, 'Surprised': 2.8475560043261794e-07, 'Unknown': 4.319822721754463e-08}",Like a wizard times 50.
MARISHA,02:36:49,02:36:51,Neutral,"{'Angry': 2.512273795218789e-06, 'Disgusted': 4.999215161660686e-05, 'Fearful': 3.914254193659872e-06, 'Happy': 0.00017709782696329057, 'Neutral': 0.9995051622390747, 'Other': 9.447109187021852e-05, 'Sad': 2.752799446170684e-05, 'Surprised': 3.609186251196661e-06, 'Unknown': 0.0001357405708404258}","I'm assuming-- oh, go ahead."
MATT,02:36:51,02:37:11,Neutral,"{'Angry': 1.3927721198569998e-08, 'Disgusted': 4.382685769854788e-09, 'Fearful': 7.193425299867329e-10, 'Happy': 9.936389687936753e-06, 'Neutral': 0.9999898672103882, 'Other': 3.360905109772716e-09, 'Sad': 2.613654146443878e-07, 'Surprised': 2.6629118909937688e-09, 'Unknown': 6.40889918912535e-09}","Then Kima says, ""The key is here is not to think how to fight him head-on. We have to be smart about this. While he has the home turf, we have the element of surprise. We choose the grounds in which we attack, and we choose the methods in which we set the battlefield."""
MARISHA,02:37:11,02:37:12,Neutral,"{'Angry': 2.3970629627001472e-05, 'Disgusted': 1.9728911865968257e-05, 'Fearful': 1.7065053725673351e-06, 'Happy': 0.07173972576856613, 'Neutral': 0.928033173084259, 'Other': 2.230992095064721e-06, 'Sad': 0.00013444965588860214, 'Surprised': 4.457093746168539e-05, 'Unknown': 3.993335440100054e-07}",Underwater fight!
SAM,02:37:12,02:37:16,Neutral,"{'Angry': 9.837630932452157e-05, 'Disgusted': 8.422616519965231e-05, 'Fearful': 0.00018373453349340707, 'Happy': 0.03506718948483467, 'Neutral': 0.9635714292526245, 'Other': 1.7886666682898067e-05, 'Sad': 0.0008160661673173308, 'Surprised': 0.00014286364603322, 'Unknown': 1.826531661208719e-05}",We could try to just draw him out somehow.
MATT,02:37:16,02:37:26,Happy,"{'Angry': 9.287903779409135e-09, 'Disgusted': 3.602771059263432e-08, 'Fearful': 6.898643434283258e-09, 'Happy': 0.9999996423721313, 'Neutral': 1.3677325227945403e-07, 'Other': 1.2232190371719298e-08, 'Sad': 2.2439683888819673e-08, 'Surprised': 1.573582153469033e-09, 'Unknown': 2.3291796935609455e-07}","""I highly doubt he's going to leave his home turf. But if we can find a way to perhaps turn it against him or use it to our advantage. Maybe some reconnaissance. I don't know."""
LAURA,02:37:26,02:37:27,Happy,"{'Angry': 0.018687572330236435, 'Disgusted': 0.0007435012375935912, 'Fearful': 0.0002585028123576194, 'Happy': 0.9770670533180237, 'Neutral': 0.0026834900490939617, 'Other': 2.6821286155609414e-05, 'Sad': 0.0002646280045155436, 'Surprised': 0.0002642910403665155, 'Unknown': 4.121926394873299e-06}",Reconnaissance!
MATT,02:37:27,02:37:28,Happy,"{'Angry': 0.00816067773848772, 'Disgusted': 0.02786010317504406, 'Fearful': 0.006860431749373674, 'Happy': 0.8573921322822571, 'Neutral': 0.01860303245484829, 'Other': 0.0006249398575164378, 'Sad': 0.06358180940151215, 'Surprised': 0.016752680763602257, 'Unknown': 0.0001641197595745325}","""I don't know!"""
TRAVIS,02:37:28,02:37:31,Neutral,"{'Angry': 0.0006619862979277968, 'Disgusted': 0.0009220046922564507, 'Fearful': 0.0006979843019507825, 'Happy': 0.31068357825279236, 'Neutral': 0.6792030930519104, 'Other': 0.00022847240325063467, 'Sad': 0.0009542276384308934, 'Surprised': 0.0007342394674196839, 'Unknown': 0.005914362147450447}","It is glass on the top, so we could try to Sunlight the head?"
ASHLEY,02:37:31,02:37:36,Happy,"{'Angry': 1.160320817206184e-08, 'Disgusted': 8.877181656430366e-09, 'Fearful': 2.7419632786518378e-08, 'Happy': 0.9999998807907104, 'Neutral': 1.0691864282819097e-08, 'Other': 4.337100900642099e-09, 'Sad': 3.0383841220782415e-08, 'Surprised': 4.249526597277509e-08, 'Unknown': 1.4031790174229286e-09}",I have something called Divine Intervention.
LAURA,02:37:36,02:37:41,Happy,"{'Angry': 7.702445259383239e-08, 'Disgusted': 1.1801515853449018e-07, 'Fearful': 1.702970507722057e-06, 'Happy': 0.9999960660934448, 'Neutral': 6.859732337716196e-08, 'Other': 2.501716380720609e-07, 'Sad': 8.957999853009824e-07, 'Surprised': 8.206599204640952e-07, 'Unknown': 2.780493346676849e-08}",What is that?
ASHLEY,02:37:41,02:37:50,Happy,"{'Angry': 1.117807096884249e-10, 'Disgusted': 7.730712736631062e-10, 'Fearful': 3.9188027822767424e-10, 'Happy': 1.0, 'Neutral': 1.150232797897388e-09, 'Other': 5.90001270062146e-10, 'Sad': 1.133571347899931e-09, 'Surprised': 2.834547319086056e-10, 'Unknown': 1.6763901378169521e-09}","You can call on your deity, and you roll a percentile die, and you can have them help you with something."
LAURA,02:37:50,02:37:55,Happy,"{'Angry': 0.00012222245277371258, 'Disgusted': 0.0015058537246659398, 'Fearful': 0.003634647699072957, 'Happy': 0.9238497018814087, 'Neutral': 0.004400054458528757, 'Other': 0.001799602760002017, 'Sad': 0.0015554506098851562, 'Surprised': 0.05830952525138855, 'Unknown': 0.004822834860533476}",So is it possible to try to get her help before we do this? Or is it something that you have to do on the spot?
ASHLEY,02:37:55,02:37:59,Happy,"{'Angry': 9.385664452565834e-05, 'Disgusted': 0.00028737392858602107, 'Fearful': 4.3952361011179164e-05, 'Happy': 0.9977524876594543, 'Neutral': 0.0014763695653527975, 'Other': 6.053192191757262e-05, 'Sad': 0.00014176782860886306, 'Surprised': 9.137466986430809e-05, 'Unknown': 5.234021955402568e-05}","I don't know, because this is new."
MATT,02:37:59,02:38:03,Happy,"{'Angry': 1.4602422382381519e-08, 'Disgusted': 4.746007675748842e-08, 'Fearful': 4.600926928333138e-08, 'Happy': 0.9999996423721313, 'Neutral': 9.536206846405548e-08, 'Other': 6.627887927379561e-08, 'Sad': 3.0255797867084766e-08, 'Surprised': 3.641660484277054e-08, 'Unknown': 2.294332190899695e-08}","That's up to you. You can attempt it once a day, and once it works, it can't be done for another week."
LAURA,02:38:03,02:38:07,Neutral,"{'Angry': 2.2971690327722172e-08, 'Disgusted': 1.818819228560642e-08, 'Fearful': 1.509589253601007e-08, 'Happy': 1.9433161924098385e-07, 'Neutral': 0.9999994039535522, 'Other': 2.5524817814925882e-08, 'Sad': 3.044306993160717e-07, 'Surprised': 1.0207886980140302e-08, 'Unknown': 6.8087833149377275e-09}","So if we attempt it, then she can intervene? She can be on our side?"
MATT,02:38:07,02:38:23,Happy,"{'Angry': 0.00022158125648275018, 'Disgusted': 0.001086717820726335, 'Fearful': 4.186792648397386e-05, 'Happy': 0.9503961801528931, 'Neutral': 0.04473811388015747, 'Other': 0.0021960048470646143, 'Sad': 0.00042811589082702994, 'Surprised': 0.00012133188283769414, 'Unknown': 0.0007700554560869932}","In some way. Essentially, you formulate how you want your deity's aid. And if you succeed-- you have a 10% chance of success-- in some divine way, Sarenrae will guide power or aid to you."
SAM,02:38:23,02:38:25,Neutral,"{'Angry': 1.3703910326512414e-06, 'Disgusted': 5.87811791774584e-06, 'Fearful': 2.1885925889364444e-06, 'Happy': 0.0002658965240698308, 'Neutral': 0.9994198083877563, 'Other': 1.2183553735667374e-05, 'Sad': 6.957826826692326e-06, 'Surprised': 3.140816673408153e-08, 'Unknown': 0.0002856069477275014}",Why don't you wait on that.
LIAM,02:38:25,02:38:29,Neutral,"{'Angry': 4.1590606997488067e-05, 'Disgusted': 0.00013657010276801884, 'Fearful': 0.00011482920672278851, 'Happy': 8.433499169768766e-05, 'Neutral': 0.9982131719589233, 'Other': 4.241324859322049e-05, 'Sad': 8.66436748765409e-05, 'Surprised': 5.242669089966512e-07, 'Unknown': 0.0012799707474187016}","Well, we either have a 10% chance right now for her to tell us what to do--"
SAM,02:38:29,02:38:32,Neutral,"{'Angry': 5.014835186109741e-14, 'Disgusted': 1.5195397320454172e-15, 'Fearful': 2.48897852223818e-16, 'Happy': 5.867355212796355e-14, 'Neutral': 1.0, 'Other': 3.093073155797086e-16, 'Sad': 1.647013011000717e-13, 'Surprised': 2.5064121649464796e-14, 'Unknown': 8.824262189553213e-16}",To help us later.
LAURA,02:38:32,02:38:35,Neutral,"{'Angry': 1.2572016203193925e-05, 'Disgusted': 0.00012103110202588141, 'Fearful': 7.414969149976969e-05, 'Happy': 0.002482302952557802, 'Neutral': 0.9945840239524841, 'Other': 3.080583701375872e-05, 'Sad': 0.0001822127087507397, 'Surprised': 1.4222877098291065e-06, 'Unknown': 0.0025115071330219507}",Once we know what we're doing.
ASHLEY,02:38:35,02:38:37,Neutral,"{'Angry': 0.003876958740875125, 'Disgusted': 0.005940373986959457, 'Fearful': 0.006165097467601299, 'Happy': 0.07786426693201065, 'Neutral': 0.8123669028282166, 'Other': 0.001751868287101388, 'Sad': 0.0030764515977352858, 'Surprised': 0.00015751281171105802, 'Unknown': 0.08880062401294708}","Yeah, let's wait until we know what we're doing."
ORION,02:38:37,02:38:48,Neutral,"{'Angry': 0.01122330967336893, 'Disgusted': 0.0057212188839912415, 'Fearful': 0.00023940420942381024, 'Happy': 0.0036286513786762953, 'Neutral': 0.9608548879623413, 'Other': 0.013740441761910915, 'Sad': 0.000912211078684777, 'Surprised': 0.00047050960711203516, 'Unknown': 0.0032094581983983517}","I believe we should go and rescue the prisoners and build a small army. Moreover, I've been thinking. It all goes downward, correct? He's all up in a pit, yes?"
SAM,02:38:48,02:38:50,Neutral,"{'Angry': 0.0013809092342853546, 'Disgusted': 0.0030990822706371546, 'Fearful': 8.431384048890322e-05, 'Happy': 0.010376498103141785, 'Neutral': 0.9824965000152588, 'Other': 0.00014656473649665713, 'Sad': 0.0022070191334933043, 'Surprised': 0.00010358996951254085, 'Unknown': 0.00010551429295446724}",The world down here?
ORION,02:38:50,02:38:53,Neutral,"{'Angry': 0.2776689827442169, 'Disgusted': 0.01603170856833458, 'Fearful': 0.010654840618371964, 'Happy': 0.153415709733963, 'Neutral': 0.49916917085647583, 'Other': 0.0018343452829867601, 'Sad': 0.024028081446886063, 'Surprised': 0.009902015328407288, 'Unknown': 0.007295168470591307}","No, the beholder, K'Varn."
LIAM,02:38:53,02:38:55,Neutral,"{'Angry': 0.0032783937640488148, 'Disgusted': 0.004410349763929844, 'Fearful': 0.0013397332513704896, 'Happy': 0.06929082423448563, 'Neutral': 0.8812539577484131, 'Other': 0.0010161226382479072, 'Sad': 0.0008757290197536349, 'Surprised': 0.00012985417561139911, 'Unknown': 0.03840498998761177}",He's in the top of a pyramid.
"LIAM, TRAVIS",02:38:55,02:38:57,Neutral,"{'Angry': 0.0003107402881141752, 'Disgusted': 0.0002413133770460263, 'Fearful': 0.00011509611795190722, 'Happy': 0.004192270338535309, 'Neutral': 0.9919806718826294, 'Other': 0.00016009120736271143, 'Sad': 9.828108159126714e-05, 'Surprised': 8.486084880132694e-06, 'Unknown': 0.002893128665164113}",Up.
ORION,02:38:57,02:38:59,Neutral,"{'Angry': 1.2666123438975774e-06, 'Disgusted': 5.348234708435484e-07, 'Fearful': 5.515017846846604e-07, 'Happy': 2.3666698325541802e-05, 'Neutral': 0.999968409538269, 'Other': 6.827904712736199e-07, 'Sad': 1.6189130747079616e-06, 'Surprised': 3.1437334513384485e-08, 'Unknown': 3.2809809908940224e-06}","Well, that won't help me at all."
MARISHA,02:38:59,02:39:01,Neutral,"{'Angry': 2.0169575731809886e-10, 'Disgusted': 3.62261193265212e-11, 'Fearful': 8.685318089729499e-12, 'Happy': 6.490062931518992e-10, 'Neutral': 1.0, 'Other': 4.976517028326688e-12, 'Sad': 6.317318335113953e-10, 'Surprised': 4.369379164037568e-11, 'Unknown': 2.486147399061167e-11}",It's his laboratory.
LAURA,02:39:01,02:39:03,Happy,"{'Angry': 0.002236985834315419, 'Disgusted': 0.004008427262306213, 'Fearful': 0.0012219295604154468, 'Happy': 0.9416487216949463, 'Neutral': 0.003951754886657, 'Other': 0.03969491645693779, 'Sad': 0.002089533256366849, 'Surprised': 0.0044822487980127335, 'Unknown': 0.0006654885364696383}",I feel like we should go for the top.
TRAVIS,02:39:03,02:39:06,Neutral,"{'Angry': 4.2747701212153544e-11, 'Disgusted': 7.599899008725597e-12, 'Fearful': 1.5011915321938574e-12, 'Happy': 1.0113581500048596e-10, 'Neutral': 1.0, 'Other': 1.0462290755963721e-12, 'Sad': 1.5739812231352346e-10, 'Surprised': 1.0583057867552537e-11, 'Unknown': 6.0687210465260044e-12}","How would we free the prisoners, first of all?"
TALIESIN,02:39:06,02:39:09,Neutral,"{'Angry': 0.051652416586875916, 'Disgusted': 0.012815062887966633, 'Fearful': 0.003390317549929023, 'Happy': 0.00846561137586832, 'Neutral': 0.8527734875679016, 'Other': 0.00402910728007555, 'Sad': 0.016278430819511414, 'Surprised': 0.0002873297198675573, 'Unknown': 0.05030818656086922}",I think it's that beehive structure.
LAURA,02:39:09,02:39:11,Neutral,"{'Angry': 5.74275545659475e-05, 'Disgusted': 6.585023947991431e-05, 'Fearful': 1.3315866453922354e-05, 'Happy': 0.008087307214736938, 'Neutral': 0.9901068210601807, 'Other': 0.00014903971168678254, 'Sad': 0.0011978693073615432, 'Surprised': 7.460468623321503e-06, 'Unknown': 0.00031479692552238703}",We have to take out the metal thingy.
LIAM,02:39:11,02:39:17,Neutral,"{'Angry': 0.0003029321669600904, 'Disgusted': 0.00043205986730754375, 'Fearful': 2.0542667698464356e-05, 'Happy': 0.0005285828956402838, 'Neutral': 0.9972604513168335, 'Other': 0.0003985001239925623, 'Sad': 7.895330782048404e-05, 'Surprised': 1.2877641893282998e-05, 'Unknown': 0.0009650618303567171}",It's not letting them out. We have to get them out of K'Varn's control. So how do we do that?
TALIESIN,02:39:17,02:39:19,Neutral,"{'Angry': 2.254032006021589e-05, 'Disgusted': 0.00030346986022777855, 'Fearful': 4.234404968883609e-06, 'Happy': 0.00014679727610200644, 'Neutral': 0.9994413256645203, 'Other': 4.050799361721147e-06, 'Sad': 5.491726187756285e-05, 'Surprised': 2.0927220248267986e-05, 'Unknown': 1.8130779153580079e-06}",I think we destroy the beehive structure at the top.
LAURA,02:39:19,02:39:21,Neutral,"{'Angry': 2.5345456289294077e-10, 'Disgusted': 5.844768419249746e-11, 'Fearful': 1.3416518764020058e-11, 'Happy': 3.9031027299074594e-09, 'Neutral': 1.0, 'Other': 9.843294582201345e-12, 'Sad': 8.835185361100173e-10, 'Surprised': 7.780336791496367e-11, 'Unknown': 1.0436883995934565e-11}",I think we destroy the structure.
LIAM,02:39:21,02:39:26,Neutral,"{'Angry': 0.0034522998612374067, 'Disgusted': 0.013748831115663052, 'Fearful': 0.005325682461261749, 'Happy': 0.01658264361321926, 'Neutral': 0.5003743767738342, 'Other': 0.005960800219327211, 'Sad': 0.18450996279716492, 'Surprised': 2.252156991744414e-05, 'Unknown': 0.2700229585170746}","It's the only option that seems open to us, unless we keep stumbling around and looking for some other way, I think."
LAURA,02:39:26,02:39:29,Neutral,"{'Angry': 1.0237711720040288e-11, 'Disgusted': 7.272731136938326e-13, 'Fearful': 2.1423490694123803e-13, 'Happy': 1.832163414039467e-11, 'Neutral': 1.0, 'Other': 5.037305614947682e-14, 'Sad': 8.402960272047011e-11, 'Surprised': 2.494629719809738e-12, 'Unknown': 2.1008722376775896e-13}",We don't have any kind of corruption spell that ages things?
MARISHA,02:39:29,02:39:32,Neutral,"{'Angry': 7.108166499847357e-08, 'Disgusted': 2.1256420623672057e-08, 'Fearful': 7.076077057632801e-09, 'Happy': 1.384825054628891e-06, 'Neutral': 0.9999980926513672, 'Other': 2.43555819956498e-09, 'Sad': 2.0105021292238234e-07, 'Surprised': 8.41241813986926e-08, 'Unknown': 1.582546205192159e-09}","Well, we've got the acid thing, and maybe Grog can--"
LAURA,02:39:32,02:39:45,Neutral,"{'Angry': 0.0002344364474993199, 'Disgusted': 0.00016500359924975783, 'Fearful': 3.233811366953887e-05, 'Happy': 0.01741277053952217, 'Neutral': 0.9762985706329346, 'Other': 0.000673474685754627, 'Sad': 0.003522180486470461, 'Surprised': 1.1062461453548167e-05, 'Unknown': 0.0016502384096384048}","What if we hit it with Dispel Magic, maybe get your goddess's aid-- hit it with Dispel Magic, hit it with corruption, rust the shit, and then it falls!"
SAM,02:39:45,02:39:46,Neutral,"{'Angry': 0.003595231333747506, 'Disgusted': 0.0064938426949083805, 'Fearful': 0.00016951908764895052, 'Happy': 0.006462067365646362, 'Neutral': 0.854141891002655, 'Other': 0.0017887206049636006, 'Sad': 0.002845163457095623, 'Surprised': 0.12448054552078247, 'Unknown': 2.3014383259578608e-05}",But we don't have corruption.
LIAM,02:39:46,02:39:50,Neutral,"{'Angry': 1.9257986139109562e-07, 'Disgusted': 1.5583920287554065e-07, 'Fearful': 1.6851592121724934e-08, 'Happy': 4.182081283943262e-06, 'Neutral': 0.9999945163726807, 'Other': 2.539319510219684e-08, 'Sad': 7.411496198983514e-07, 'Surprised': 1.6909767452943925e-07, 'Unknown': 8.968371822959398e-09}",Can Scanlan mercilessly mock the top of the thing?
TRAVIS,02:39:50,02:39:55,Neutral,"{'Angry': 3.886042031808756e-05, 'Disgusted': 1.5232478290272411e-05, 'Fearful': 6.004162969475146e-06, 'Happy': 0.006326597649604082, 'Neutral': 0.9926319122314453, 'Other': 1.3466583368426654e-05, 'Sad': 0.0009420944843441248, 'Surprised': 1.6429041352239437e-05, 'Unknown': 9.452298399992287e-06}","Eff you, brass cross!"
MARISHA,02:39:55,02:40:00,Neutral,"{'Angry': 2.9741990147158504e-05, 'Disgusted': 4.092930248589255e-05, 'Fearful': 1.3909976587456185e-05, 'Happy': 7.59352114982903e-05, 'Neutral': 0.9973552227020264, 'Other': 2.2319238723866874e-06, 'Sad': 0.0024707471020519733, 'Surprised': 9.076454261958133e-06, 'Unknown': 2.247844349767547e-06}",I like Percy's idea. We've got that acidic vial.
TALIESIN,02:40:00,02:40:05,Neutral,"{'Angry': 0.12041110545396805, 'Disgusted': 0.031515948474407196, 'Fearful': 0.0031925279181450605, 'Happy': 0.08198972791433334, 'Neutral': 0.5511416792869568, 'Other': 0.019407108426094055, 'Sad': 0.0030997593421489, 'Surprised': 0.0005202308529987931, 'Unknown': 0.18872186541557312}","We have several vials of acid, actually."
ASHLEY,02:40:05,02:40:09,Neutral,"{'Angry': 0.01165582425892353, 'Disgusted': 0.028501000255346298, 'Fearful': 0.007814339362084866, 'Happy': 0.03626752644777298, 'Neutral': 0.5799486637115479, 'Other': 0.002190467668697238, 'Sad': 0.002630750648677349, 'Surprised': 0.00014501516125164926, 'Unknown': 0.3308464288711548}",Can you take the normal acid and could we make it magical?
LAURA,02:40:09,02:40:12,Neutral,"{'Angry': 0.004927766975015402, 'Disgusted': 0.005480682943016291, 'Fearful': 0.0029333268757909536, 'Happy': 0.1468966156244278, 'Neutral': 0.8221409320831299, 'Other': 0.0003034507972188294, 'Sad': 0.007006424944847822, 'Surprised': 0.005084901582449675, 'Unknown': 0.005225894972681999}","Like, extra bad? We don't even know what it does yet."
MARISHA,02:40:12,02:40:26,Neutral,"{'Angry': 2.6511255782679655e-05, 'Disgusted': 4.004300080850953e-06, 'Fearful': 1.7618751257941767e-07, 'Happy': 0.0002999325515702367, 'Neutral': 0.9996498823165894, 'Other': 2.7385037810745416e-06, 'Sad': 9.923372999764979e-06, 'Surprised': 6.420516911020968e-06, 'Unknown': 4.6645905626974127e-07}","Well, I can always be an eagle, and I can maybe fly, or maybe Grog could carry a big boulder. That way, after the acid has--"
TALIESIN,02:40:26,02:40:29,Neutral,"{'Angry': 0.03876042366027832, 'Disgusted': 0.33442941308021545, 'Fearful': 0.0016974967438727617, 'Happy': 0.012278031557798386, 'Neutral': 0.5588223934173584, 'Other': 0.03264840692281723, 'Sad': 0.0023128483444452286, 'Surprised': 0.000736685236915946, 'Unknown': 0.018314287066459656}",I thought about making an acid arrow. I really did.
MARISHA,02:40:29,02:40:32,Neutral,"{'Angry': 2.635368048231612e-07, 'Disgusted': 8.778387794450282e-09, 'Fearful': 1.0347534384891333e-08, 'Happy': 2.631450115586631e-07, 'Neutral': 0.999998927116394, 'Other': 2.9648896671119473e-09, 'Sad': 4.3744617528318486e-07, 'Surprised': 7.654152511804568e-08, 'Unknown': 1.2252701075965433e-09}",He could throw a big boulder to collapse it the rest of the way.
SAM,02:40:32,02:40:35,Happy,"{'Angry': 5.7969432418758515e-06, 'Disgusted': 2.9050368084426736e-06, 'Fearful': 2.759271865215851e-06, 'Happy': 0.9999551773071289, 'Neutral': 1.2872945262643043e-05, 'Other': 2.882899934775196e-06, 'Sad': 1.0067137736768927e-05, 'Surprised': 6.5721369537641294e-06, 'Unknown': 8.729376190785842e-07}",That took months.
LIAM,02:40:35,02:40:37,Neutral,"{'Angry': 6.42311351839453e-05, 'Disgusted': 5.088350371806882e-05, 'Fearful': 2.5549650672473945e-05, 'Happy': 0.00020730761752929538, 'Neutral': 0.9994387030601501, 'Other': 1.1499490938149393e-05, 'Sad': 0.00011874989286297932, 'Surprised': 7.4114709605055396e-06, 'Unknown': 7.562152313767001e-05}","If we could hole up for-- months or weeks, was it?"
TRAVIS,02:40:37,02:40:38,Angry,"{'Angry': 0.5628768801689148, 'Disgusted': 0.16948182880878448, 'Fearful': 0.003364999545738101, 'Happy': 0.030705999583005905, 'Neutral': 0.1106482595205307, 'Other': 8.179405267583206e-05, 'Sad': 0.12217149138450623, 'Surprised': 0.00047520306543447077, 'Unknown': 0.0001935497421072796}","Yeah, it took months."
TALIESIN,02:40:38,02:40:41,Neutral,"{'Angry': 0.1863500326871872, 'Disgusted': 0.0008722285856492817, 'Fearful': 5.11428588652052e-05, 'Happy': 0.000879748142324388, 'Neutral': 0.8115250468254089, 'Other': 1.7750277038430795e-05, 'Sad': 0.00022831629030406475, 'Surprised': 6.171166023705155e-05, 'Unknown': 1.4049473975319415e-05}",It took me months to figure out how to build.
LIAM,02:40:41,02:40:43,Neutral,"{'Angry': 3.1833246975920826e-12, 'Disgusted': 1.4241753121865125e-13, 'Fearful': 3.6154415507423654e-14, 'Happy': 3.739244157363597e-12, 'Neutral': 1.0, 'Other': 1.0649011715295996e-14, 'Sad': 8.255908109933152e-12, 'Surprised': 9.42792718894303e-13, 'Unknown': 7.333348338300905e-14}","Now that you know how to build one, would it be quicker?"
MARISHA,02:40:43,02:40:45,Neutral,"{'Angry': 7.56501545434718e-12, 'Disgusted': 4.4729318990008315e-13, 'Fearful': 1.1681745794214077e-13, 'Happy': 1.093371400362475e-11, 'Neutral': 1.0, 'Other': 3.230116776267375e-14, 'Sad': 3.1082445645091994e-11, 'Surprised': 2.5711975951137056e-12, 'Unknown': 2.013963675733324e-13}","Wait, the bomb we just threw in that room?"
TALIESIN,02:40:45,02:40:49,Neutral,"{'Angry': 0.016636788845062256, 'Disgusted': 0.011081507429480553, 'Fearful': 0.0014647418865934014, 'Happy': 0.2809191942214966, 'Neutral': 0.5323086977005005, 'Other': 0.007984093390405178, 'Sad': 0.0005888962186872959, 'Surprised': 0.00015516665007453412, 'Unknown': 0.14886093139648438}","I could make an exploding arrow. I've made one, I can make another."
MATT,02:40:49,02:40:52,Neutral,"{'Angry': 0.03701631352305412, 'Disgusted': 0.023849450051784515, 'Fearful': 0.0068677556701004505, 'Happy': 0.20331202447414398, 'Neutral': 0.5480015277862549, 'Other': 0.033575814217329025, 'Sad': 0.020967060700058937, 'Surprised': 0.012845659628510475, 'Unknown': 0.11356441676616669}",I would say your materials are very limited.
TALIESIN,02:40:52,02:40:56,Neutral,"{'Angry': 3.3245711961171764e-07, 'Disgusted': 5.98978715515841e-08, 'Fearful': 2.949883537439746e-08, 'Happy': 9.101185582949256e-07, 'Neutral': 0.9999979734420776, 'Other': 2.1608705935705075e-08, 'Sad': 6.260954705794575e-07, 'Surprised': 6.298554922068433e-08, 'Unknown': 1.8300005066862468e-08}","Yeah. At this point, though, if I had a workshop, I could--"
SAM,02:40:56,02:41:04,Neutral,"{'Angry': 0.0006788618047721684, 'Disgusted': 0.00027229092665947974, 'Fearful': 2.6031601009890437e-05, 'Happy': 0.008847802877426147, 'Neutral': 0.9893649816513062, 'Other': 0.00014989441842772067, 'Sad': 0.00018247026309836656, 'Surprised': 3.236809789086692e-05, 'Unknown': 0.00044527003774419427}","Well, let's take Kima's advice and maybe start with a little reconnaissance. We'll get closer, we'll rest for the night, and maybe send in a snooping party."
LIAM,02:41:04,02:41:08,Neutral,"{'Angry': 1.586418640897591e-08, 'Disgusted': 9.246193144463177e-09, 'Fearful': 1.034280439071722e-09, 'Happy': 1.8890712993879788e-08, 'Neutral': 1.0, 'Other': 2.209929128582644e-09, 'Sad': 2.7730155949257096e-08, 'Surprised': 6.09329309231299e-10, 'Unknown': 1.5439955092233504e-08}",My sister says that island is crawling with nasty shits.
LAURA,02:41:08,02:41:09,Neutral,"{'Angry': 0.0031843623146414757, 'Disgusted': 0.00013647133891936392, 'Fearful': 5.0077509513357654e-05, 'Happy': 8.118636469589546e-05, 'Neutral': 0.9947940707206726, 'Other': 1.905339740915224e-05, 'Sad': 0.0017129710176959634, 'Surprised': 1.1561462088138796e-05, 'Unknown': 1.0128924259333871e-05}",We can't get closer.
ASHLEY,02:41:09,02:41:14,Neutral,"{'Angry': 1.0605099909355431e-08, 'Disgusted': 8.365676151811385e-09, 'Fearful': 9.487832741683633e-10, 'Happy': 2.797559162104335e-08, 'Neutral': 1.0, 'Other': 2.979598567875996e-09, 'Sad': 2.5603092979054054e-08, 'Surprised': 8.070223933565046e-10, 'Unknown': 7.311048655367358e-09}","We should just rest. We'll stay up, because we're good."
LAURA,02:41:14,02:41:31,Neutral,"{'Angry': 6.060869850443851e-08, 'Disgusted': 3.116198499242273e-08, 'Fearful': 2.382558816904634e-09, 'Happy': 1.2588433264681953e-06, 'Neutral': 0.9999984502792358, 'Other': 5.344739317791891e-09, 'Sad': 1.0057256361051259e-07, 'Surprised': 1.675848082527409e-08, 'Unknown': 4.419600685423575e-09}","What if we fly in over the top with the carpet in stealth, put the camouflage on the carpet so they don't see it. Fly in over the top. Stealth in, spy, get an idea of--"
LIAM,02:41:31,02:41:34,Neutral,"{'Angry': 2.3294869606615975e-06, 'Disgusted': 2.0148276234976947e-05, 'Fearful': 1.1510738318065705e-07, 'Happy': 6.098322046454996e-05, 'Neutral': 0.9999135732650757, 'Other': 3.408564737128472e-07, 'Sad': 1.252889660463552e-06, 'Surprised': 7.655284548491181e-07, 'Unknown': 4.903691888102912e-07}","Inspect the top of the building, see where the acid would be put to good use."
LAURA,02:41:34,02:41:40,Neutral,"{'Angry': 0.0012096856953576207, 'Disgusted': 0.00822384562343359, 'Fearful': 0.0031597174238413572, 'Happy': 0.010199391283094883, 'Neutral': 0.8685508370399475, 'Other': 0.0035119641106575727, 'Sad': 0.01081714779138565, 'Surprised': 4.760813317261636e-05, 'Unknown': 0.09427980333566666}","Yeah, see what kind of magic is being held on top of it."
LIAM,02:41:40,02:41:43,Neutral,"{'Angry': 4.703283775597811e-05, 'Disgusted': 2.4348433726117946e-05, 'Fearful': 0.00013574831245932728, 'Happy': 0.00034311768831685185, 'Neutral': 0.9989438652992249, 'Other': 2.2948581772652688e-06, 'Sad': 0.00034237338695675135, 'Surprised': 0.00015858588449191302, 'Unknown': 2.6145146421185927e-06}",We're guessing that K'Varn doesn't want to leave his little cubby-hole.
TALIESIN,02:41:43,02:41:45,Neutral,"{'Angry': 4.2907436181849334e-06, 'Disgusted': 1.900759343698155e-05, 'Fearful': 2.971686171804322e-06, 'Happy': 5.450430398923345e-05, 'Neutral': 0.9998733997344971, 'Other': 7.98610744823236e-06, 'Sad': 2.160953044949565e-05, 'Surprised': 7.414736955979606e-06, 'Unknown': 8.785547834122553e-06}",I would assume not.
LIAM,02:41:45,02:41:52,Neutral,"{'Angry': 1.6694696114427643e-06, 'Disgusted': 1.28901342577592e-06, 'Fearful': 2.2781358666179585e-07, 'Happy': 3.284175181761384e-05, 'Neutral': 0.9999529123306274, 'Other': 1.973293592527625e-06, 'Sad': 2.262379439343931e-06, 'Surprised': 3.68295403063712e-08, 'Unknown': 6.811256753280759e-06}","So even if we fly down on top, he gets pissed, he could fly up, but we could fly away. He probably doesn't want to leave the top of the--"
TALIESIN,02:41:52,02:41:56,Unknown,"{'Angry': 0.05080309137701988, 'Disgusted': 0.020301595330238342, 'Fearful': 0.004052724689245224, 'Happy': 0.004344711545854807, 'Neutral': 0.24057728052139282, 'Other': 0.01980525255203247, 'Sad': 0.01443786546587944, 'Surprised': 1.1663549230434e-05, 'Unknown': 0.6456658840179443}",There's going to come a point where chaos is just going to descend on us.
TRAVIS,02:41:56,02:42:02,Neutral,"{'Angry': 0.025942936539649963, 'Disgusted': 0.003355888882651925, 'Fearful': 0.00013660969852935523, 'Happy': 0.0049660359509289265, 'Neutral': 0.9629796147346497, 'Other': 0.0003358634130563587, 'Sad': 0.000552639365196228, 'Surprised': 0.00026333838468417525, 'Unknown': 0.001466998248361051}","We're also forgetting that the second that he sees us or we get close enough, he could control all of our minds."
SAM,02:42:02,02:42:09,Neutral,"{'Angry': 4.805024780840661e-11, 'Disgusted': 8.852821253846344e-12, 'Fearful': 2.646276860834851e-12, 'Happy': 2.1191465249259522e-10, 'Neutral': 1.0, 'Other': 7.031515669199406e-13, 'Sad': 2.5040902684736466e-10, 'Surprised': 3.1328977606603914e-11, 'Unknown': 2.2798238991095232e-12}",Wasn't the point of us going to these beaches to try to see if there was any other advantage we could find?
LAURA,02:42:09,02:42:13,Neutral,"{'Angry': 1.0127747174237811e-07, 'Disgusted': 4.960439241585846e-07, 'Fearful': 4.746646027342649e-07, 'Happy': 1.822670355977607e-06, 'Neutral': 0.9999905824661255, 'Other': 2.352760475332616e-07, 'Sad': 2.912768877649796e-06, 'Surprised': 9.457178151706103e-09, 'Unknown': 3.3945743780350313e-06}","We were trying to find clues so that maybe scrying would be helpful, which it was."
SAM,02:42:13,02:42:15,Neutral,"{'Angry': 0.00018507373169995844, 'Disgusted': 2.7220545234740712e-05, 'Fearful': 3.6810328310821205e-05, 'Happy': 0.0006539138848893344, 'Neutral': 0.9983543157577515, 'Other': 4.6386371650442015e-06, 'Sad': 0.0006505873170681298, 'Surprised': 8.420288213528693e-05, 'Unknown': 3.250301915613818e-06}",All right.
LAURA,02:42:15,02:42:22,Angry,"{'Angry': 0.6415843963623047, 'Disgusted': 0.00881974957883358, 'Fearful': 0.004893523640930653, 'Happy': 0.005191938951611519, 'Neutral': 0.2776515781879425, 'Other': 0.006813232786953449, 'Sad': 0.02047337219119072, 'Surprised': 0.00029568065656349063, 'Unknown': 0.034276559948921204}","Okay, here's another option: Dimension Door. What if you go and hug one of the beams and Dimension Door the beam out?"
ORION,02:42:22,02:42:24,Neutral,"{'Angry': 0.001789993024431169, 'Disgusted': 0.0004631867341231555, 'Fearful': 6.709247827529907e-05, 'Happy': 0.04092822223901749, 'Neutral': 0.954883337020874, 'Other': 1.7593256416148506e-05, 'Sad': 0.0017208097269758582, 'Surprised': 0.0001223014696734026, 'Unknown': 7.406878012261586e-06}",No.
SAM,02:42:24,02:42:28,Neutral,"{'Angry': 5.066398411912587e-09, 'Disgusted': 7.412676028550891e-10, 'Fearful': 2.587010328181094e-10, 'Happy': 1.0650470017026237e-07, 'Neutral': 0.9999998807907104, 'Other': 1.2463848529653543e-11, 'Sad': 1.2086664114008272e-08, 'Surprised': 2.8006323926632604e-09, 'Unknown': 1.018939706914912e-11}","I can banish a being, but not a beam."
LAURA,02:42:28,02:42:31,Neutral,"{'Angry': 1.625467664113922e-12, 'Disgusted': 6.252715901468309e-14, 'Fearful': 1.702304475766775e-14, 'Happy': 2.0080194017974007e-12, 'Neutral': 1.0, 'Other': 5.017875272060731e-15, 'Sad': 5.072056923766111e-12, 'Surprised': 4.361697635013595e-13, 'Unknown': 4.570032435704911e-14}",You can't cast a portal on the door and make it fall?
LAURA,02:42:31,02:42:32,Neutral,"{'Angry': 0.2610916197299957, 'Disgusted': 0.020411292091012, 'Fearful': 0.0001824209321057424, 'Happy': 0.010861359536647797, 'Neutral': 0.7043176889419556, 'Other': 0.0008475998183712363, 'Sad': 0.001267082174308598, 'Surprised': 0.0002519644913263619, 'Unknown': 0.0007689771591685712}",Not like Portal?
LIAM,02:42:32,02:42:37,Neutral,"{'Angry': 7.147584526199027e-14, 'Disgusted': 2.7132779818083612e-15, 'Fearful': 4.326567796911917e-16, 'Happy': 9.552109808425718e-14, 'Neutral': 1.0, 'Other': 5.88545067411008e-16, 'Sad': 2.1761773969213721e-13, 'Surprised': 3.869122836247345e-14, 'Unknown': 1.982684959747215e-15}","Well, we've been here, and we've been here."
SAM,02:42:37,02:42:40,Neutral,"{'Angry': 5.3308234782889485e-05, 'Disgusted': 0.0001326722267549485, 'Fearful': 3.23454901263176e-06, 'Happy': 1.7241100067622028e-05, 'Neutral': 0.9997001886367798, 'Other': 8.135906682582572e-06, 'Sad': 2.1454256057040766e-05, 'Surprised': 5.838477227371186e-05, 'Unknown': 5.4029560487833805e-06}",Should we go to one more beach before we all die?
LIAM,02:42:40,02:42:43,Neutral,"{'Angry': 8.38254266000149e-09, 'Disgusted': 5.182451356944284e-09, 'Fearful': 1.0558208751731968e-09, 'Happy': 3.505887846699807e-08, 'Neutral': 1.0, 'Other': 5.053695795176338e-10, 'Sad': 1.3566405776543888e-08, 'Surprised': 8.230685466514842e-09, 'Unknown': 3.9035547017007843e-10}","Here, or here, or this little nubbin right here?"
TALIESIN,02:42:43,02:42:44,Neutral,"{'Angry': 1.4018269212101586e-07, 'Disgusted': 2.9675163659703685e-08, 'Fearful': 2.5333408704142357e-09, 'Happy': 7.99607460066909e-06, 'Neutral': 0.9999914169311523, 'Other': 1.888351475187733e-09, 'Sad': 3.904860079728678e-07, 'Surprised': 8.365113046693295e-08, 'Unknown': 3.491154032531085e-10}",I was thinking about that.
LAURA,02:42:44,02:42:46,Neutral,"{'Angry': 8.374515525488846e-10, 'Disgusted': 7.299521542769583e-10, 'Fearful': 1.7502187199536223e-10, 'Happy': 1.9379742255409838e-09, 'Neutral': 1.0, 'Other': 5.4505629176748727e-11, 'Sad': 2.1380518688829397e-08, 'Surprised': 2.1144067052780713e-10, 'Unknown': 1.1739659244724976e-10}",Those are just more things to fight.
LIAM,02:42:46,02:42:56,Neutral,"{'Angry': 4.2529377914345134e-13, 'Disgusted': 1.469169668463343e-14, 'Fearful': 3.6361032254247395e-15, 'Happy': 4.925690389422088e-13, 'Neutral': 1.0, 'Other': 2.1278412076764213e-15, 'Sad': 1.5895227842288584e-12, 'Surprised': 1.6280981554248064e-13, 'Unknown': 1.0909782666569494e-14}","Well, that's true, but my sister studied the island, and she sensed the presence of things everywhere."
TRAVIS,02:42:56,02:42:59,Neutral,"{'Angry': 1.3823248536937172e-06, 'Disgusted': 1.4488566080217424e-07, 'Fearful': 1.3750970140335994e-08, 'Happy': 7.888668278610567e-07, 'Neutral': 0.9999973773956299, 'Other': 1.728868603834144e-08, 'Sad': 1.6684096237895574e-07, 'Surprised': 1.6899310395501743e-08, 'Unknown': 4.018022892182671e-08}",That sounds awesome. Let's go there.
MATT,02:42:59,02:43:01,Neutral,"{'Angry': 3.374032303549157e-11, 'Disgusted': 4.969080702466044e-12, 'Fearful': 1.4848202962297607e-12, 'Happy': 1.889325224047056e-10, 'Neutral': 1.0, 'Other': 4.0504023204011863e-13, 'Sad': 2.634062690187733e-10, 'Surprised': 1.5955256213451285e-11, 'Unknown': 8.582539518485477e-13}",Clustered mainly in the city region.
MARISHA,02:43:01,02:43:02,Neutral,"{'Angry': 1.7490212940174388e-06, 'Disgusted': 4.3624982026813086e-07, 'Fearful': 2.1068419187031395e-07, 'Happy': 2.922505245805951e-06, 'Neutral': 0.9999916553497314, 'Other': 9.522517530058394e-08, 'Sad': 2.6309483018849278e-06, 'Surprised': 2.304997934743369e-07, 'Unknown': 3.199844300638688e-08}",There's no need for us to relocate now.
LIAM,02:43:02,02:43:07,Neutral,"{'Angry': 2.740903337627998e-11, 'Disgusted': 5.128478804822256e-12, 'Fearful': 1.1107626320464026e-12, 'Happy': 2.1085266865839003e-10, 'Neutral': 1.0, 'Other': 9.20115437834379e-13, 'Sad': 1.796237186768579e-10, 'Surprised': 1.5836557759607572e-11, 'Unknown': 2.3945634971406227e-12}",Well I am curious about this. Can we see this from the beach we're on? What is this?
MATT,02:43:07,02:43:12,Neutral,"{'Angry': 8.118077737817586e-11, 'Disgusted': 1.4575776349778913e-11, 'Fearful': 3.706354233939946e-12, 'Happy': 5.2864908006711175e-09, 'Neutral': 1.0, 'Other': 1.024262814321164e-12, 'Sad': 2.0304371517454456e-09, 'Surprised': 3.995711400639479e-11, 'Unknown': 1.7585622628241149e-12}","At this distance, it's hard to make out any sort of visual."
TALIESIN,02:43:12,02:43:17,Neutral,"{'Angry': 3.8583122807800407e-10, 'Disgusted': 9.80406381079213e-11, 'Fearful': 2.4866927961220142e-11, 'Happy': 1.2434710150444062e-08, 'Neutral': 1.0, 'Other': 8.178234131572815e-12, 'Sad': 3.5412974774828854e-09, 'Surprised': 3.9429301490478963e-10, 'Unknown': 8.987054156417429e-12}",We could camp there. That could be where we stage our attack from.
TRAVIS,02:43:17,02:43:18,Neutral,"{'Angry': 5.976561806164682e-05, 'Disgusted': 0.0002369083813391626, 'Fearful': 1.1430597623984795e-05, 'Happy': 5.851168680237606e-05, 'Neutral': 0.9994131326675415, 'Other': 2.882165790651925e-05, 'Sad': 6.936894351383671e-05, 'Surprised': 1.1493411875562742e-06, 'Unknown': 0.00012094282283214852}","Yeah, I like that. Let's go take over a little shanty-town."
MARISHA,02:43:18,02:43:19,Neutral,"{'Angry': 1.3344730405151495e-06, 'Disgusted': 2.7526816666068044e-06, 'Fearful': 3.7506023886635376e-07, 'Happy': 4.5119100832380354e-05, 'Neutral': 0.9999366998672485, 'Other': 2.2407375581678934e-06, 'Sad': 8.887120202416554e-06, 'Surprised': 1.7577916366917634e-07, 'Unknown': 2.3493525986850727e-06}",Wait. Why?
SAM,02:43:19,02:43:24,Neutral,"{'Angry': 3.6637851091739573e-14, 'Disgusted': 1.5408511868774538e-15, 'Fearful': 2.2366619656299046e-16, 'Happy': 4.851032905451094e-14, 'Neutral': 1.0, 'Other': 4.365761070172558e-16, 'Sad': 1.314426405175581e-13, 'Surprised': 2.2443306842969898e-14, 'Unknown': 1.1487164369131282e-15}",Because it'll be that much closer tomorrow. We can do reconnaissance from there.
MARISHA,02:43:24,02:43:27,Neutral,"{'Angry': 1.222780150788097e-13, 'Disgusted': 3.812421180208721e-15, 'Fearful': 6.907324985963061e-16, 'Happy': 1.444033559177757e-13, 'Neutral': 1.0, 'Other': 4.4225511882146104e-16, 'Sad': 3.4935704502914167e-13, 'Surprised': 5.103220702463475e-14, 'Unknown': 1.855313227336797e-15}",We can do reconnaissance from where we are.
SAM,02:43:27,02:43:31,Neutral,"{'Angry': 2.259817983782386e-12, 'Disgusted': 8.918331974609381e-14, 'Fearful': 2.99248507104697e-14, 'Happy': 2.6357689902195558e-12, 'Neutral': 1.0, 'Other': 7.625907927865088e-15, 'Sad': 6.554596709146265e-12, 'Surprised': 7.512298617375068e-13, 'Unknown': 6.043429645608e-14}",We still have to get across this body of water. You said there's something swimming down there.
MARISHA,02:43:31,02:43:33,Neutral,"{'Angry': 9.167316505909184e-08, 'Disgusted': 1.6343817321740062e-07, 'Fearful': 1.1804905142298594e-07, 'Happy': 2.1735290545166208e-07, 'Neutral': 0.9999980926513672, 'Other': 5.755731891099458e-08, 'Sad': 1.2244333902344806e-06, 'Surprised': 2.7383940448544308e-08, 'Unknown': 4.187452162796035e-08}",We've got a magic carpet.
TRAVIS,02:43:33,02:43:34,Angry,"{'Angry': 0.9999219179153442, 'Disgusted': 3.835373263427755e-06, 'Fearful': 8.193963481062383e-07, 'Happy': 5.779426282970235e-05, 'Neutral': 1.0794654372148216e-05, 'Other': 5.274028467283642e-07, 'Sad': 3.368777470313944e-06, 'Surprised': 7.99092561010184e-07, 'Unknown': 6.635594473891615e-08}",It'll be a little victory. We'll take over the shanty-town.
MARISHA,02:43:34,02:43:36,Neutral,"{'Angry': 1.0478548695402878e-08, 'Disgusted': 1.0543076411906327e-09, 'Fearful': 2.3971433171787737e-10, 'Happy': 6.600259894185001e-09, 'Neutral': 1.0, 'Other': 1.422051452287798e-11, 'Sad': 1.9868060530114917e-09, 'Surprised': 2.701748269551274e-10, 'Unknown': 3.430559655792642e-11}",It's literally never been a problem.
ASHLEY,02:43:36,02:43:37,Happy,"{'Angry': 0.00028842611936852336, 'Disgusted': 0.002296578139066696, 'Fearful': 1.428007544745924e-05, 'Happy': 0.7631552815437317, 'Neutral': 0.23293082416057587, 'Other': 0.00045819845399819314, 'Sad': 0.0005672215484082699, 'Surprised': 0.00018833788635674864, 'Unknown': 0.00010082434164360166}",Can we all fit on the magic carpet?
MATT,02:43:37,02:43:39,Neutral,"{'Angry': 1.8737915752353729e-06, 'Disgusted': 7.623529654665617e-06, 'Fearful': 3.0443615628428233e-07, 'Happy': 4.72114561489434e-06, 'Neutral': 0.9999123811721802, 'Other': 3.783032298088074e-05, 'Sad': 2.506318924133666e-05, 'Surprised': 1.2174803032394266e-07, 'Unknown': 1.0056190149043687e-05}","Not at once, no."
ASHLEY,02:43:39,02:43:41,Neutral,"{'Angry': 1.2809960869830661e-09, 'Disgusted': 6.70026811810942e-11, 'Fearful': 1.155623600285205e-11, 'Happy': 2.466992121696876e-08, 'Neutral': 1.0, 'Other': 4.729625111693503e-12, 'Sad': 2.3572630514223647e-09, 'Surprised': 2.0823326396524067e-10, 'Unknown': 4.326065113774424e-12}",I can water-walk.
LIAM,02:43:41,02:43:43,Neutral,"{'Angry': 1.2016730011055188e-07, 'Disgusted': 5.801319957754458e-08, 'Fearful': 1.2037323138258671e-08, 'Happy': 8.114205343190406e-07, 'Neutral': 0.9999985694885254, 'Other': 1.5780145190547046e-08, 'Sad': 3.642613819465623e-07, 'Surprised': 2.1589357857010327e-08, 'Unknown': 1.7598116741623926e-08}",We can also do two trips on the carpet.
MARISHA,02:43:43,02:43:45,Neutral,"{'Angry': 2.9271495805005543e-07, 'Disgusted': 1.0023828735938878e-06, 'Fearful': 4.989550461687031e-07, 'Happy': 2.6807640551851364e-06, 'Neutral': 0.9999884366989136, 'Other': 2.474089342285879e-07, 'Sad': 6.4756027313706e-06, 'Surprised': 2.403450878318836e-07, 'Unknown': 4.569836775658587e-08}","But we're not all going for reconnaissance, are we?"
LAURA,02:43:45,02:43:47,Neutral,"{'Angry': 4.5611681098733925e-10, 'Disgusted': 1.1396348309489213e-09, 'Fearful': 2.0488754789993457e-11, 'Happy': 5.827628379861949e-10, 'Neutral': 1.0, 'Other': 2.1353559198633576e-10, 'Sad': 6.092552684577868e-09, 'Surprised': 3.1045388482198177e-09, 'Unknown': 1.6592234530765637e-11}","No, stealthy stealth."
TALIESIN,02:43:47,02:43:55,Neutral,"{'Angry': 1.9534680405393356e-13, 'Disgusted': 7.260692731997451e-15, 'Fearful': 1.301964178829218e-15, 'Happy': 2.5506422603356615e-13, 'Neutral': 1.0, 'Other': 9.3069555612491e-16, 'Sad': 5.546855292790087e-13, 'Surprised': 7.717598397372419e-14, 'Unknown': 4.750575390829797e-15}","If something goes wrong, though, it's going to be-- I would rather something go wrong with all of us than something go wrong with half of us."
LIAM,02:43:55,02:44:03,Neutral,"{'Angry': 2.42411993256475e-13, 'Disgusted': 1.120977632549855e-14, 'Fearful': 2.3188604780511853e-15, 'Happy': 3.4957231337048866e-13, 'Neutral': 1.0, 'Other': 1.9905439431900773e-15, 'Sad': 8.247640851527516e-13, 'Surprised': 1.2955645399808507e-13, 'Unknown': 9.792606348480327e-15}","Well, I tell you what. We don't know what to do, so why don't Vex and I and Scanlan go for a little ride and check out the tip of this island?"
TRAVIS,02:44:03,02:44:04,Neutral,"{'Angry': 0.00023718664306215942, 'Disgusted': 0.0004589615564327687, 'Fearful': 4.079160135006532e-05, 'Happy': 0.0003727042058017105, 'Neutral': 0.9976845979690552, 'Other': 1.7419659343431704e-05, 'Sad': 0.0010855153668671846, 'Surprised': 9.778427192941308e-05, 'Unknown': 5.088279976916965e-06}","I don't, either."
TRAVIS,02:44:04,02:44:08,Neutral,"{'Angry': 9.970133163506034e-09, 'Disgusted': 6.563791288272114e-08, 'Fearful': 8.813089813486386e-09, 'Happy': 7.470949014987127e-08, 'Neutral': 0.9999978542327881, 'Other': 1.2713063490821241e-08, 'Sad': 2.0270715594961075e-06, 'Surprised': 1.2129079962619471e-09, 'Unknown': 3.716887775340183e-08}",Let's take over the shanty-town. Let's at least get on the island.
"SAM, TALIESIN",02:44:08,02:44:09,Neutral,"{'Angry': 2.3982056340798863e-09, 'Disgusted': 2.8950111752301666e-10, 'Fearful': 5.901540367503344e-11, 'Happy': 1.3812464949580772e-08, 'Neutral': 1.0, 'Other': 1.6091808441309752e-11, 'Sad': 8.183490329827237e-09, 'Surprised': 3.319298724768771e-10, 'Unknown': 3.532955178409125e-11}",Baby steps.
TRAVIS,02:44:09,02:44:11,Neutral,"{'Angry': 9.060542652150616e-06, 'Disgusted': 7.841052138246596e-06, 'Fearful': 1.466669772298701e-07, 'Happy': 0.03686221316456795, 'Neutral': 0.9630510210990906, 'Other': 7.743295071804823e-08, 'Sad': 6.421368016162887e-05, 'Surprised': 5.385063559515402e-06, 'Unknown': 4.6616332127769056e-08}","Yeah, baby steps."
MARISHA,02:44:11,02:44:15,Neutral,"{'Angry': 2.820487454702203e-10, 'Disgusted': 1.3287256017679994e-10, 'Fearful': 3.2420652967823926e-11, 'Happy': 8.449895227968796e-10, 'Neutral': 1.0, 'Other': 3.738540033104698e-11, 'Sad': 2.5927122671021152e-09, 'Surprised': 2.1070674371959086e-10, 'Unknown': 5.89087875701999e-11}","Okay, well, then you guys go check it out first."
TALIESIN,02:44:15,02:44:17,Neutral,"{'Angry': 4.7398144437105216e-11, 'Disgusted': 3.744097046287642e-12, 'Fearful': 1.0268995940046488e-12, 'Happy': 9.475421142157714e-11, 'Neutral': 1.0, 'Other': 2.253524108855945e-13, 'Sad': 1.8889287356493867e-10, 'Surprised': 8.436519711996215e-12, 'Unknown': 1.2194154106609512e-12}",We'll get in the boat and we'll start heading there.
ASHLEY,02:44:17,02:44:19,Neutral,"{'Angry': 1.9507086790326866e-07, 'Disgusted': 1.036448438185289e-07, 'Fearful': 4.5895813371998884e-08, 'Happy': 1.2249912515471806e-06, 'Neutral': 0.9999967813491821, 'Other': 1.961561224561592e-08, 'Sad': 1.4560705494659487e-06, 'Surprised': 8.5687572592974e-09, 'Unknown': 1.812512664400856e-07}",Are we getting on the boat or doing the carpet?
TALIESIN,02:44:19,02:44:20,Neutral,"{'Angry': 6.373214091581758e-06, 'Disgusted': 3.1438162295671646e-07, 'Fearful': 1.12078900826873e-07, 'Happy': 0.00017682879115454853, 'Neutral': 0.9998053908348083, 'Other': 1.756152379073228e-08, 'Sad': 8.564009476685897e-06, 'Surprised': 2.4335997750313254e-06, 'Unknown': 1.2412807448569652e-09}","Well, we can't all fit on the carpet."
LIAM,02:44:20,02:44:33,Neutral,"{'Angry': 1.6670761722025612e-13, 'Disgusted': 5.3764370241276855e-15, 'Fearful': 1.0141022551663306e-15, 'Happy': 2.0724001399512193e-13, 'Neutral': 1.0, 'Other': 7.245609828063931e-16, 'Sad': 5.836885879142995e-13, 'Surprised': 6.090991562035866e-14, 'Unknown': 3.2549587279510385e-15}","Let's let Tiberius and the twins and Scanlan fly ahead of the boat, quietly, carefully, see what we see. We have the earrings that Tibber-hoods crafted for us, so we can tell you what we see."
TALIESIN,02:44:33,02:44:34,Neutral,"{'Angry': 1.5960337407250336e-07, 'Disgusted': 4.107008066966955e-07, 'Fearful': 6.542242658724717e-08, 'Happy': 3.5563945743888326e-07, 'Neutral': 0.9999977350234985, 'Other': 3.9451517608313225e-08, 'Sad': 1.080344873116701e-06, 'Surprised': 1.0150348828119604e-07, 'Unknown': 1.1892717921568874e-08}",Perfect.
LIAM,02:44:34,02:44:42,Neutral,"{'Angry': 7.29577620539601e-10, 'Disgusted': 3.1301397585004054e-10, 'Fearful': 1.4928097646915717e-10, 'Happy': 1.7708536859117885e-09, 'Neutral': 0.9999998807907104, 'Other': 1.5964509228472146e-11, 'Sad': 9.689247093547237e-08, 'Surprised': 1.5096980610085353e-10, 'Unknown': 2.2462995005745334e-11}","And we don't want to rush in. We're probably going to go here, but let's not rush in. Let the quiet ones go have a look."
LAURA,02:44:42,02:44:44,Neutral,"{'Angry': 4.767188511323184e-05, 'Disgusted': 7.574306073365733e-05, 'Fearful': 7.622755947522819e-05, 'Happy': 0.01688312366604805, 'Neutral': 0.98225337266922, 'Other': 1.751074887579307e-05, 'Sad': 0.00037878466537222266, 'Surprised': 2.201083225372713e-05, 'Unknown': 0.00024549858062528074}",Just to make sure it's not crawling with baddies.
MARISHA,02:44:44,02:44:46,Neutral,"{'Angry': 0.0005292803980410099, 'Disgusted': 0.00039703299989923835, 'Fearful': 0.00014860848023090512, 'Happy': 0.07690417021512985, 'Neutral': 0.916576087474823, 'Other': 2.469911123625934e-05, 'Sad': 0.005175411235541105, 'Surprised': 0.00021938960708212107, 'Unknown': 2.5324965463369153e-05}",Okay. So we'll start boating over.
LIAM,02:44:46,02:44:49,Neutral,"{'Angry': 0.0003898337308783084, 'Disgusted': 0.0021265221294015646, 'Fearful': 0.0005153496167622507, 'Happy': 0.0018906320910900831, 'Neutral': 0.9803220629692078, 'Other': 0.00017452826432418078, 'Sad': 0.0007781080203130841, 'Surprised': 6.03456464887131e-06, 'Unknown': 0.013796873390674591}","You need to take it easy for a moment. You just went through some shit, Keyleth."
LAURA,02:44:49,02:44:52,Neutral,"{'Angry': 4.15476719695107e-09, 'Disgusted': 2.1961044094354065e-09, 'Fearful': 5.774958844462219e-10, 'Happy': 7.650861277852528e-08, 'Neutral': 0.9999998807907104, 'Other': 3.5204783532805095e-10, 'Sad': 1.8167087389997505e-08, 'Surprised': 1.1554240897382329e-09, 'Unknown': 2.6904667382865455e-09}",Yeah.
MARISHA,02:44:52,02:44:53,Disgusted,"{'Angry': 0.06348813325166702, 'Disgusted': 0.5220121145248413, 'Fearful': 0.016278231516480446, 'Happy': 0.016923250630497932, 'Neutral': 0.3591938316822052, 'Other': 7.24973579053767e-05, 'Sad': 0.020703542977571487, 'Surprised': 0.0006981311016716063, 'Unknown': 0.0006303000263869762}","Yeah, I'm going to take the boat."
TRAVIS,02:44:53,02:44:56,Neutral,"{'Angry': 0.015509584918618202, 'Disgusted': 0.017958631739020348, 'Fearful': 0.0017501937691122293, 'Happy': 0.0708668977022171, 'Neutral': 0.7382856011390686, 'Other': 0.007446687668561935, 'Sad': 0.007947375997900963, 'Surprised': 7.583537080790848e-05, 'Unknown': 0.14015917479991913}",I've got a big axe. I'll paddle the boat towards the island.
TRAVIS,02:44:56,02:45:04,Neutral,"{'Angry': 1.093730141177307e-11, 'Disgusted': 1.1322276666572706e-12, 'Fearful': 1.8176574882820123e-13, 'Happy': 2.6461872623673166e-11, 'Neutral': 1.0, 'Other': 9.463341433179825e-14, 'Sad': 3.170649506833989e-11, 'Surprised': 3.7128069715897105e-12, 'Unknown': 3.8293546393737554e-13}","I've been practicing in the sand to impress Keyleth. Working on the elevator. I haven't figured it out yet, because I don't know what that is."
LIAM,02:45:04,02:45:07,Neutral,"{'Angry': 1.3553978772673503e-10, 'Disgusted': 3.196750364420353e-10, 'Fearful': 4.564420369446154e-11, 'Happy': 5.392904456336112e-10, 'Neutral': 1.0, 'Other': 6.163328875041785e-11, 'Sad': 1.0219543433720446e-08, 'Surprised': 1.418960782206824e-10, 'Unknown': 1.4449827619167355e-11}",You know that thing a dog does when it pulls its butt along the floor?
LAURA,02:45:07,02:45:14,Neutral,"{'Angry': 2.7413845499202338e-11, 'Disgusted': 2.0322242152981396e-12, 'Fearful': 5.024114804741409e-13, 'Happy': 3.4876081189683106e-11, 'Neutral': 1.0, 'Other': 2.0441734784916454e-13, 'Sad': 4.401507630591439e-11, 'Surprised': 1.484509737359474e-11, 'Unknown': 1.4050222573933069e-12}",But I could cast Pass Without a Trace so everybody gets +10 to their stealth rolls.
LIAM,02:45:14,02:45:15,Neutral,"{'Angry': 1.4073631291466882e-06, 'Disgusted': 4.87314196107036e-07, 'Fearful': 8.996198630484287e-08, 'Happy': 8.641450222057756e-06, 'Neutral': 0.9999868869781494, 'Other': 2.7547235603719855e-08, 'Sad': 1.941059281307389e-06, 'Surprised': 4.916086027151323e-07, 'Unknown': 4.332314951227545e-09}","Yeah, that sounds good."
TRAVIS,02:45:15,02:45:16,Happy,"{'Angry': 5.52359560970217e-05, 'Disgusted': 0.0010676058009266853, 'Fearful': 5.950735430815257e-05, 'Happy': 0.9977208971977234, 'Neutral': 0.0007306160405278206, 'Other': 6.403050974768121e-06, 'Sad': 0.00014445367560256273, 'Surprised': 0.00020942553237546235, 'Unknown': 5.82223810852156e-06}",So who's in the boat with me?
SAM,02:45:16,02:45:19,Neutral,"{'Angry': 9.542683073959779e-06, 'Disgusted': 0.00011766116949729621, 'Fearful': 2.78613151749596e-05, 'Happy': 8.247205551015213e-05, 'Neutral': 0.9991938471794128, 'Other': 4.0083425119519234e-05, 'Sad': 0.00025216120411641896, 'Surprised': 7.790408176333585e-07, 'Unknown': 0.0002755877503659576}","Oh, we're going over? By boat? Is that what's happening?"
LAURA,02:45:19,02:45:23,Neutral,"{'Angry': 1.0368985184361357e-11, 'Disgusted': 1.0405056807480384e-12, 'Fearful': 2.707981408556215e-13, 'Happy': 3.082356592187807e-11, 'Neutral': 1.0, 'Other': 1.0894379880643443e-13, 'Sad': 4.3611364519691165e-11, 'Surprised': 3.5873368078170875e-12, 'Unknown': 5.170533597630145e-13}",Trinket.
TRAVIS,02:45:23,02:45:25,Happy,"{'Angry': 1.5537982108071446e-05, 'Disgusted': 1.944188079505693e-05, 'Fearful': 1.1465082252470893e-06, 'Happy': 0.9997954964637756, 'Neutral': 0.00013291373034007847, 'Other': 1.0139209507542546e-06, 'Sad': 2.8567139452206902e-05, 'Surprised': 5.230814622336766e-06, 'Unknown': 6.122844524725224e-07}",Pike and Trinket. So we start paddling in the boat.
LAURA,02:45:25,02:45:30,Sad,"{'Angry': 7.055610240058741e-06, 'Disgusted': 5.8053142311109696e-06, 'Fearful': 1.229279314429732e-05, 'Happy': 8.163813618011773e-06, 'Neutral': 0.006662742234766483, 'Other': 1.3258501212476403e-06, 'Sad': 0.9932803511619568, 'Surprised': 2.213888910773676e-05, 'Unknown': 1.331846277707882e-07}",How about Kima and Clarota? Clarota should go with us.
MATT,02:45:30,02:45:31,Sad,"{'Angry': 6.277813824340228e-09, 'Disgusted': 2.4180437208087824e-08, 'Fearful': 1.0138991513031215e-07, 'Happy': 1.564704803058703e-06, 'Neutral': 4.744987620597385e-07, 'Other': 1.442503538839901e-08, 'Sad': 0.9999978542327881, 'Surprised': 2.3131199178294537e-09, 'Unknown': 1.630046853051681e-08}",Clarota can just hover.
LAURA,02:45:31,02:45:32,Neutral,"{'Angry': 5.1778144552372396e-05, 'Disgusted': 1.0158858458453324e-05, 'Fearful': 7.382231160590891e-06, 'Happy': 3.193879820173606e-05, 'Neutral': 0.999775230884552, 'Other': 9.318110301137494e-07, 'Sad': 0.00010159997327718884, 'Surprised': 2.0630661310860887e-05, 'Unknown': 3.6577802120518754e-07}","Can Clarota be on the carpet, then?"
MATT,02:45:32,02:45:34,Happy,"{'Angry': 0.0014003143878653646, 'Disgusted': 0.0009865675820037723, 'Fearful': 0.00013551268784794956, 'Happy': 0.9639477729797363, 'Neutral': 0.03181447833776474, 'Other': 3.8672307709930465e-05, 'Sad': 0.0016034385189414024, 'Surprised': 5.1020775572396815e-05, 'Unknown': 2.217388100689277e-05}",You can have him alongside the carpet.
LIAM,02:45:34,02:45:35,Neutral,"{'Angry': 3.399507113499567e-05, 'Disgusted': 2.7128942747367546e-05, 'Fearful': 1.9799937945208512e-05, 'Happy': 0.00032035086769610643, 'Neutral': 0.9989898800849915, 'Other': 3.2074979117169278e-06, 'Sad': 0.000339029444148764, 'Surprised': 0.0002660377649590373, 'Unknown': 5.821134436700959e-07}",Yes.
TRAVIS,02:45:35,02:45:37,Neutral,"{'Angry': 0.006828618235886097, 'Disgusted': 0.02287253923714161, 'Fearful': 0.0005948226898908615, 'Happy': 0.0316530279815197, 'Neutral': 0.9191404581069946, 'Other': 0.00019134875037707388, 'Sad': 0.012706233188509941, 'Surprised': 0.005954229272902012, 'Unknown': 5.87508620810695e-05}",(singing) Love Boat.
MATT,02:45:37,02:45:38,Happy,"{'Angry': 0.0013196233194321394, 'Disgusted': 0.0002651353133842349, 'Fearful': 9.453319944441319e-05, 'Happy': 0.7821630239486694, 'Neutral': 0.01011624839156866, 'Other': 0.0003187427355442196, 'Sad': 0.20480908453464508, 'Surprised': 0.0008982286090031266, 'Unknown': 1.5439245544257574e-05}","So Percy, you're on the boat as well?"
TALIESIN,02:45:38,02:45:41,Neutral,"{'Angry': 9.244389143070464e-10, 'Disgusted': 3.1304742131865737e-10, 'Fearful': 1.2583602215787693e-10, 'Happy': 6.82302259136236e-09, 'Neutral': 1.0, 'Other': 1.2040335395369084e-10, 'Sad': 2.5184192509186687e-08, 'Surprised': 1.0160371155532033e-10, 'Unknown': 3.453374530781872e-10}","Yeah, I'm in the boat."
SAM,02:45:41,02:45:44,Neutral,"{'Angry': 1.562025175871895e-09, 'Disgusted': 6.167706345650004e-10, 'Fearful': 2.3107690760859612e-10, 'Happy': 8.82065886997907e-09, 'Neutral': 1.0, 'Other': 1.9954907171104708e-10, 'Sad': 5.928012747347111e-09, 'Surprised': 1.2124751203046458e-10, 'Unknown': 1.8412809055234902e-09}",Are the rest of us flying? We're flying.
LIAM,02:45:44,02:45:47,Neutral,"{'Angry': 4.842132916849096e-09, 'Disgusted': 9.377866261317536e-10, 'Fearful': 2.0428624070145673e-10, 'Happy': 1.7865545487438794e-07, 'Neutral': 0.9999997615814209, 'Other': 2.0853528626130213e-10, 'Sad': 1.7908643457076323e-08, 'Surprised': 1.3107285257163426e-09, 'Unknown': 1.0782390258423646e-10}",Team Clarence and Team Kima-gibbler.
TRAVIS,02:45:47,02:45:50,Neutral,"{'Angry': 4.080912691106775e-11, 'Disgusted': 1.0726655674808683e-11, 'Fearful': 3.0175697010581537e-12, 'Happy': 5.588172147241721e-10, 'Neutral': 1.0, 'Other': 2.9387193633406694e-12, 'Sad': 6.498697135981502e-10, 'Surprised': 2.1824977589068872e-11, 'Unknown': 2.6294621861822076e-12}",Watch your mouth.
LAURA,02:45:50,02:46:02,Neutral,"{'Angry': 1.6485562372679785e-13, 'Disgusted': 5.191180754167803e-15, 'Fearful': 1.1390556026332193e-15, 'Happy': 1.8498768597670356e-13, 'Neutral': 1.0, 'Other': 9.433740511585308e-16, 'Sad': 6.244483554372626e-13, 'Surprised': 6.640612945597521e-14, 'Unknown': 3.7829113993593285e-15}","Clarota, I'm sure we've asked this before and I wasn't here because I missed a part of a thing? What about your hat? What does it do? Can you make more of them?"
SAM,02:46:02,02:46:05,Neutral,"{'Angry': 0.007677612826228142, 'Disgusted': 0.024790478870272636, 'Fearful': 0.0006517973961308599, 'Happy': 0.11937469989061356, 'Neutral': 0.6399389505386353, 'Other': 0.07220671325922012, 'Sad': 0.003795050550252199, 'Surprised': 0.0007430932600982487, 'Unknown': 0.13082163035869598}",We did this already.
MATT,02:46:05,02:46:15,Neutral,"{'Angry': 9.001727141466631e-11, 'Disgusted': 9.698824209036783e-12, 'Fearful': 3.458987436755212e-12, 'Happy': 1.868685622907762e-10, 'Neutral': 1.0, 'Other': 6.998627480499231e-13, 'Sad': 2.586171832241746e-10, 'Surprised': 1.117986259124848e-10, 'Unknown': 2.157259180318727e-12}","""I could, but the time required would be months, weeks. Not in our timeframe, I believe."""
TRAVIS,02:46:15,02:46:16,Neutral,"{'Angry': 0.2525799870491028, 'Disgusted': 0.03424903377890587, 'Fearful': 0.0030339169315993786, 'Happy': 0.05420588701963425, 'Neutral': 0.5713548064231873, 'Other': 0.0007576908101327717, 'Sad': 0.07006461173295975, 'Surprised': 0.013116760179400444, 'Unknown': 0.0006373280775733292}",That's squid for no.
LAURA,02:46:16,02:46:18,Happy,"{'Angry': 3.347998145386555e-08, 'Disgusted': 1.5425978716621103e-08, 'Fearful': 1.3673013832260494e-09, 'Happy': 0.999996542930603, 'Neutral': 3.382215254532639e-06, 'Other': 2.623335548790351e-09, 'Sad': 6.602330415717006e-08, 'Surprised': 1.598745669184609e-08, 'Unknown': 9.21726139857526e-10}",All right.
LIAM,02:46:18,02:46:23,Happy,"{'Angry': 0.00032258330611512065, 'Disgusted': 0.0009780281689018011, 'Fearful': 0.00010752872913144529, 'Happy': 0.9723338484764099, 'Neutral': 0.008014149032533169, 'Other': 0.0004699097480624914, 'Sad': 0.00011814643221441656, 'Surprised': 2.104696977767162e-05, 'Unknown': 0.01763465255498886}","All right, let's do it. Quiet ones, let's get on the carpet. Tiberius?"
LAURA,02:46:23,02:46:25,Angry,"{'Angry': 0.7680509090423584, 'Disgusted': 0.005048506427556276, 'Fearful': 0.0008584821480326355, 'Happy': 0.021436767652630806, 'Neutral': 0.19674262404441833, 'Other': 0.0005360406939871609, 'Sad': 0.0011404098477214575, 'Surprised': 0.003568312618881464, 'Unknown': 0.002617934485897422}",Try to stealth it. Are we camouflaging the carpet?
TALIESIN,02:46:25,02:46:29,Neutral,"{'Angry': 6.2614722082798835e-06, 'Disgusted': 1.0213197128905449e-05, 'Fearful': 5.506422894541174e-06, 'Happy': 0.0002342985535506159, 'Neutral': 0.9991468191146851, 'Other': 2.0031435269629583e-05, 'Sad': 0.0004521590890362859, 'Surprised': 6.685160656161315e-07, 'Unknown': 0.00012404473091010004}",I'm going to attempt to attach the skin to the bottom of the carpet.
MATT,02:46:29,02:46:32,Happy,"{'Angry': 1.461866738772244e-09, 'Disgusted': 4.1407806072868425e-09, 'Fearful': 1.5582340973097075e-09, 'Happy': 1.0, 'Neutral': 1.0235207348330277e-08, 'Other': 1.8053125661054992e-09, 'Sad': 8.34451263642677e-09, 'Surprised': 1.4355315824943204e-09, 'Unknown': 1.9117827321224468e-09}",To the bottom of the carpet?
LIAM,02:46:32,02:46:35,Neutral,"{'Angry': 3.315116514635008e-10, 'Disgusted': 6.388332224327442e-11, 'Fearful': 1.2258475484694387e-11, 'Happy': 2.513087071775999e-09, 'Neutral': 1.0, 'Other': 1.0806373157423721e-11, 'Sad': 9.810466883308777e-10, 'Surprised': 7.492587800195238e-11, 'Unknown': 5.139978026535985e-11}","We're saving the world, here, people. Let's not twiddle our thumbs for too long."
TRAVIS,02:46:35,02:46:36,Neutral,"{'Angry': 1.718702151265461e-05, 'Disgusted': 9.027669420902384e-07, 'Fearful': 1.64596187346433e-07, 'Happy': 0.0017037406796589494, 'Neutral': 0.9982404708862305, 'Other': 8.552977703857323e-08, 'Sad': 3.6708781408378854e-05, 'Surprised': 6.644217478424252e-07, 'Unknown': 9.383485100045164e-09}",But you're on the boat.
TALIESIN,02:46:36,02:46:39,Neutral,"{'Angry': 7.575671860660105e-12, 'Disgusted': 5.350550731642034e-13, 'Fearful': 1.6226387909105272e-13, 'Happy': 1.1676232897217531e-11, 'Neutral': 1.0, 'Other': 2.852330256209769e-14, 'Sad': 2.2805425950456204e-11, 'Surprised': 2.4208176695877937e-12, 'Unknown': 4.1295409474763345e-13}","Well, before you guys take off. Just going to try and sew it on the corners."
MATT,02:46:39,02:46:40,Neutral,"{'Angry': 1.1708547162925242e-06, 'Disgusted': 2.7625240761608438e-08, 'Fearful': 8.046336930078724e-09, 'Happy': 2.286757080582902e-05, 'Neutral': 0.9999668598175049, 'Other': 5.9655409501147005e-09, 'Sad': 2.1238370209175628e-06, 'Surprised': 6.959106940485071e-06, 'Unknown': 2.1134281824597423e-11}","Okay, go ahead and make a roll."
TALIESIN,02:46:40,02:46:45,Neutral,"{'Angry': 4.453212798516404e-11, 'Disgusted': 1.0890006778285777e-11, 'Fearful': 3.402335487998065e-12, 'Happy': 1.3026282830175262e-10, 'Neutral': 1.0, 'Other': 4.613421732309331e-13, 'Sad': 1.7287073994509683e-09, 'Surprised': 3.0931281841395375e-11, 'Unknown': 5.601096843277364e-13}",That's better. 16.
MATT,02:46:45,02:46:53,Neutral,"{'Angry': 1.609806363732369e-12, 'Disgusted': 9.377652192103791e-14, 'Fearful': 2.307302671134253e-14, 'Happy': 2.434026721495619e-12, 'Neutral': 1.0, 'Other': 9.861432010609475e-15, 'Sad': 8.021690083015454e-12, 'Surprised': 6.38685122584387e-13, 'Unknown': 5.29040109246634e-14}","16. Easy enough to do. All right, so you take a little bit of your thick, heavy leather thread, the stuff that you use for something, and you loosely attach it to the bottom of the carpet."
LIAM,02:46:53,02:47:04,Neutral,"{'Angry': 8.814483365426895e-09, 'Disgusted': 9.372343789948445e-09, 'Fearful': 1.60206170551902e-09, 'Happy': 5.6711828619882e-06, 'Neutral': 0.9999939203262329, 'Other': 2.9427109637936155e-09, 'Sad': 3.565026247542846e-07, 'Surprised': 3.6768630362615795e-09, 'Unknown': 2.1123469640116355e-09}","Sorry, I did a quick scrying spell and I know that we're 50 shirts away from the total, so keep going. Get your mother a shirt. Keep going."
SAM,02:47:04,02:47:06,Neutral,"{'Angry': 0.17519327998161316, 'Disgusted': 0.10039958357810974, 'Fearful': 0.0033898961264640093, 'Happy': 0.0281351450830698, 'Neutral': 0.5372136235237122, 'Other': 0.015062724240124226, 'Sad': 0.011850434355437756, 'Surprised': 8.179507130989805e-05, 'Unknown': 0.1286734938621521}","Okay, so we're over the water?"
TRAVIS,02:47:06,02:47:08,Neutral,"{'Angry': 5.834752982991631e-07, 'Disgusted': 3.4344768096161715e-07, 'Fearful': 2.7181400241715892e-08, 'Happy': 6.423775857911096e-07, 'Neutral': 0.999997615814209, 'Other': 2.337139370922614e-08, 'Sad': 7.437128033416229e-07, 'Surprised': 1.9765403536098347e-08, 'Unknown': 5.990310825154666e-08}","Yeah, we're already paddling. The boat's going too. We're fucking fast."
MATT,02:47:08,02:47:13,Happy,"{'Angry': 1.9090577552560717e-05, 'Disgusted': 3.811925125773996e-05, 'Fearful': 2.518512701499276e-05, 'Happy': 0.9995701909065247, 'Neutral': 0.00013641099212691188, 'Other': 2.6156389139941894e-05, 'Sad': 0.00012300552043598145, 'Surprised': 5.423260881798342e-05, 'Unknown': 7.636788723175414e-06}","So, as Grog's pulling along-- make an athletics check, by the way."
TRAVIS,02:47:13,02:47:14,Neutral,"{'Angry': 7.524318448304257e-07, 'Disgusted': 5.20307310125645e-07, 'Fearful': 2.1448324005746144e-08, 'Happy': 1.4631020803790307e-06, 'Neutral': 0.9999963045120239, 'Other': 4.634928529867466e-08, 'Sad': 8.000819207154564e-08, 'Surprised': 7.610849479533499e-07, 'Unknown': 5.1336186857042776e-08}","Oh yeah, about to smash you."
LAURA,02:47:14,02:47:17,Neutral,"{'Angry': 2.1972848117002286e-05, 'Disgusted': 1.3314247553353198e-05, 'Fearful': 3.347214078530669e-05, 'Happy': 7.7178337960504e-05, 'Neutral': 0.999497652053833, 'Other': 2.1961859602015465e-06, 'Sad': 2.1263591406750493e-05, 'Surprised': 0.00033173782867379487, 'Unknown': 1.2319133020355366e-06}",And we're stealthing? Ahead?
LAURA,02:47:17,02:47:19,Disgusted,"{'Angry': 0.0100933276116848, 'Disgusted': 0.6920688152313232, 'Fearful': 0.0013898046454414725, 'Happy': 0.028945444151759148, 'Neutral': 0.23219716548919678, 'Other': 0.002766514429822564, 'Sad': 0.02724187634885311, 'Surprised': 0.004714570473879576, 'Unknown': 0.0005825082771480083}",Being sneaky.
TRAVIS,02:47:19,02:47:21,Surprised,"{'Angry': 0.0008822947856970131, 'Disgusted': 0.019298609346151352, 'Fearful': 0.001314427936449647, 'Happy': 0.04095638915896416, 'Neutral': 0.03760306164622307, 'Other': 0.00019684404833242297, 'Sad': 0.0009500079322606325, 'Surprised': 0.8985797166824341, 'Unknown': 0.00021862499124836177}",It's a 22.
MATT,02:47:21,02:47:30,Neutral,"{'Angry': 0.00010345365444663912, 'Disgusted': 0.0002047634479822591, 'Fearful': 5.571148358285427e-05, 'Happy': 0.0017654887633398175, 'Neutral': 0.9957196116447449, 'Other': 0.0005488658207468688, 'Sad': 0.00021703841048292816, 'Surprised': 0.0008133439696393907, 'Unknown': 0.0005716545856557786}","All right, so. You pull it across. It's a slow speed, but you're making your way. I would also like Grog to make a stealth check."
LAURA,02:47:30,02:47:32,Neutral,"{'Angry': 8.2361464137648e-07, 'Disgusted': 2.2089238882472273e-06, 'Fearful': 3.9668172746587516e-08, 'Happy': 6.872858193673892e-06, 'Neutral': 0.9999812841415405, 'Other': 1.8789886553349788e-06, 'Sad': 5.825636435474735e-06, 'Surprised': 1.475931838967881e-07, 'Unknown': 9.502638249614392e-07}",I rolled a natural 20 on stealth.
TRAVIS,02:47:32,02:47:34,Neutral,"{'Angry': 0.005369240418076515, 'Disgusted': 0.019706323742866516, 'Fearful': 0.01763514056801796, 'Happy': 0.06569630652666092, 'Neutral': 0.47254928946495056, 'Other': 0.003346228040754795, 'Sad': 0.24248848855495453, 'Surprised': 0.17158222198486328, 'Unknown': 0.0016267072642222047}",Where's my stealth?
TALIESIN,02:47:34,02:47:35,Neutral,"{'Angry': 0.00021547477808780968, 'Disgusted': 1.7401993318344466e-05, 'Fearful': 8.497464477841277e-06, 'Happy': 0.0012058780994266272, 'Neutral': 0.9983671307563782, 'Other': 1.1471871630419628e-06, 'Sad': 0.000111826513602864, 'Surprised': 7.2422408265993e-05, 'Unknown': 2.1358039248298155e-07}",You've got Pass Without a Trace also.
TRAVIS,02:47:35,02:47:38,Neutral,"{'Angry': 1.3635441734050069e-11, 'Disgusted': 1.3727500039473206e-12, 'Fearful': 3.0370150838621157e-13, 'Happy': 3.006368765046119e-11, 'Neutral': 1.0, 'Other': 9.011126805673342e-14, 'Sad': 5.857692109145773e-11, 'Surprised': 5.245573506812429e-12, 'Unknown': 3.2667296060058526e-13}",19. So 29.
MATT,02:47:38,02:48:14,Neutral,"{'Angry': 6.592412660211266e-07, 'Disgusted': 6.182547804201022e-05, 'Fearful': 9.00145369087113e-06, 'Happy': 1.4855551171422121e-06, 'Neutral': 0.9996601343154907, 'Other': 8.587724551034626e-06, 'Sad': 0.000255242659477517, 'Surprised': 1.5243153939081822e-06, 'Unknown': 1.6613329307801905e-06}","29 stealth. As you're very carefully breaking the water's surface-- Okay, so as you guys make your way across the channel towards the far end of the island, which is the beach that's in view, you see the water disturbed slightly about 200 feet off to the right. Something deep below. You can see bubbles rising up. As you carefully make your way, ever so quiet, across to the beach, you find purchase. Landfall hits you on the other side of the beach, apparently not disturbing whatever lies beneath the surface."
TRAVIS,02:48:14,02:48:17,Neutral,"{'Angry': 3.677914296360517e-14, 'Disgusted': 1.1436969196676992e-15, 'Fearful': 1.7979490591845223e-16, 'Happy': 4.437325412166328e-14, 'Neutral': 1.0, 'Other': 2.815598397166378e-16, 'Sad': 1.2230437474412825e-13, 'Surprised': 2.0526662712779496e-14, 'Unknown': 7.131971358464702e-16}","I immediately hop out, pull the boat up just to beach the boat."
MATT,02:48:17,02:48:36,Neutral,"{'Angry': 7.286279357643366e-10, 'Disgusted': 1.3044588742516794e-09, 'Fearful': 3.043502949662269e-10, 'Happy': 8.168924203744155e-09, 'Neutral': 1.0, 'Other': 1.1225166351991334e-09, 'Sad': 1.7616947900478408e-08, 'Surprised': 1.8584628280748916e-10, 'Unknown': 4.002015163706574e-09}","Okay, so you pull the boat up. The rest of you guys bring the carpet over. You come to a landing part, totally fine. The beach comes to a steep incline that leads up onto the island proper. There's cliffs on both sides of this beach, and as the incline increases up about maybe 500, 600 feet from where you are, you can see what looks like a few buildings or rubble of what was a small gathering of structures."
LAURA,02:48:36,02:48:39,Neutral,"{'Angry': 1.1525908005793895e-10, 'Disgusted': 2.09373369336463e-11, 'Fearful': 3.31666855438173e-12, 'Happy': 2.9653604571855396e-10, 'Neutral': 1.0, 'Other': 1.7633316681808786e-12, 'Sad': 1.634214014112345e-10, 'Surprised': 7.334618329357667e-11, 'Unknown': 5.251188806704166e-12}",Can we check out the thing in the air?
LIAM,02:48:39,02:48:42,Neutral,"{'Angry': 3.168239345541224e-06, 'Disgusted': 3.548910854078713e-07, 'Fearful': 4.0690537161935936e-08, 'Happy': 0.0013274014927446842, 'Neutral': 0.9986646175384521, 'Other': 4.483136351041139e-08, 'Sad': 2.932510142272804e-06, 'Surprised': 1.3790324828732992e-06, 'Unknown': 2.0532223032887487e-08}",Is there a larger one behind those smaller structures?
LAURA,02:48:42,02:48:43,Neutral,"{'Angry': 1.3392713604787332e-08, 'Disgusted': 3.6387117319236495e-08, 'Fearful': 1.5709650247330842e-09, 'Happy': 3.4782544844347285e-06, 'Neutral': 0.9999964237213135, 'Other': 3.294734440828506e-08, 'Sad': 3.469184051141383e-08, 'Surprised': 1.1164469349012052e-08, 'Unknown': 2.66948081417695e-08}",That was it.
MATT,02:48:43,02:48:46,Neutral,"{'Angry': 3.0194596822852304e-11, 'Disgusted': 2.4920141904888338e-12, 'Fearful': 5.128417764239945e-13, 'Happy': 6.563082022292832e-11, 'Neutral': 1.0, 'Other': 2.671429158614125e-13, 'Sad': 5.8060681262794844e-11, 'Surprised': 4.483790509018926e-12, 'Unknown': 2.0864770414880107e-12}",What you're seeing now is this.
TRAVIS,02:48:46,02:48:48,Angry,"{'Angry': 0.982236921787262, 'Disgusted': 0.013641522265970707, 'Fearful': 0.0015467816265299916, 'Happy': 0.0014436562778428197, 'Neutral': 0.00010249437764286995, 'Other': 0.00011271909170318395, 'Sad': 0.0008189441869035363, 'Surprised': 4.167432052781805e-06, 'Unknown': 9.290509478887543e-05}",Are there any of those crazy trees you mentioned before?
MATT,02:48:48,02:49:10,Neutral,"{'Angry': 3.590006940612511e-07, 'Disgusted': 1.0877729437197559e-06, 'Fearful': 3.7703696875723836e-07, 'Happy': 4.821826678380603e-06, 'Neutral': 0.9999585151672363, 'Other': 3.7257748886077025e-07, 'Sad': 3.362803909112699e-05, 'Surprised': 2.1547160145019006e-07, 'Unknown': 6.313132985269476e-07}","You do see, towards the right of those structures, those fungal-based trees. They rise about 25, 30 feet in the air. There's no leaves. It's almost like a cluster of weird fungus-like vines that drift from the top surface, and the trees unnaturally sway in place, almost like they have a rhythm to their movement."
TRAVIS,02:49:10,02:49:11,Neutral,"{'Angry': 6.4212707684419e-07, 'Disgusted': 3.1592439881933387e-06, 'Fearful': 4.0801720047056733e-07, 'Happy': 7.006078135418647e-07, 'Neutral': 0.9999794960021973, 'Other': 4.300557918668346e-07, 'Sad': 5.908890670980327e-06, 'Surprised': 9.085515557671897e-06, 'Unknown': 1.3722214475819783e-07}",Dr. Seuss trees. Not cool.
MATT,02:49:11,02:49:12,Neutral,"{'Angry': 4.2923869614241994e-07, 'Disgusted': 5.719277851312654e-07, 'Fearful': 2.6162499011661566e-07, 'Happy': 7.802635082043707e-06, 'Neutral': 0.9999840259552002, 'Other': 6.85649723664028e-08, 'Sad': 6.531431154144229e-06, 'Surprised': 2.527128231122333e-07, 'Unknown': 8.180397514934157e-08}",Really nasty Dr. Seuss trees.
LAURA,02:49:12,02:49:16,Neutral,"{'Angry': 4.287491901777685e-05, 'Disgusted': 2.1219382688286714e-05, 'Fearful': 8.252327461377718e-06, 'Happy': 0.006438805256038904, 'Neutral': 0.9931047558784485, 'Other': 9.517448233964387e-06, 'Sad': 0.00026601250283420086, 'Surprised': 0.0001035169989336282, 'Unknown': 4.956448719894979e-06}","Clarota, will those trees attack us? Are they living and attack-y?"
MATT,02:49:16,02:49:28,Neutral,"{'Angry': 3.7830388464499265e-05, 'Disgusted': 2.000237873289734e-05, 'Fearful': 1.7388423430020339e-06, 'Happy': 0.0007115715998224914, 'Neutral': 0.9990724325180054, 'Other': 4.322063614381477e-05, 'Sad': 5.24621682416182e-05, 'Surprised': 1.3441473356579081e-06, 'Unknown': 5.93853801547084e-05}","Clarota says, ""No, those trees merely exist on this island. They feed off of the essence of it and they provide food for other things that live here."""
MARISHA,02:49:28,02:49:32,Neutral,"{'Angry': 6.105389729782473e-06, 'Disgusted': 1.5952891772030853e-05, 'Fearful': 1.181162315333495e-05, 'Happy': 0.0003003890160471201, 'Neutral': 0.9993435740470886, 'Other': 9.649454113969114e-06, 'Sad': 6.852056685602292e-05, 'Surprised': 6.077397642911819e-07, 'Unknown': 0.00024338149523828179}",Trees are bad?
LAURA,02:49:32,02:49:35,Neutral,"{'Angry': 1.2528759043561877e-06, 'Disgusted': 9.110842711379519e-07, 'Fearful': 1.2290220752220193e-07, 'Happy': 5.0999886298086494e-05, 'Neutral': 0.9999150037765503, 'Other': 7.497226874875196e-07, 'Sad': 1.1609174634941155e-06, 'Surprised': 2.9688455470022745e-05, 'Unknown': 7.529667556127606e-08}",Wandering spores?!
TRAVIS,02:49:35,02:49:37,Neutral,"{'Angry': 1.866516363691062e-08, 'Disgusted': 1.1601080984746659e-07, 'Fearful': 3.144682025890688e-08, 'Happy': 1.1696999280275122e-07, 'Neutral': 0.9999991655349731, 'Other': 8.01951216544694e-08, 'Sad': 3.5614294802144286e-07, 'Surprised': 9.012071089387064e-09, 'Unknown': 5.8242292766408355e-08}",Other creatures?
MATT,02:49:37,02:49:45,Neutral,"{'Angry': 1.712834207800995e-09, 'Disgusted': 2.5875779297024337e-09, 'Fearful': 1.985937414517025e-09, 'Happy': 4.7916397960534596e-08, 'Neutral': 0.9999994039535522, 'Other': 2.2260753240743725e-09, 'Sad': 6.342871756714885e-07, 'Surprised': 1.7249318640111255e-09, 'Unknown': 2.0958272617388474e-10}","""We feed our captives, our slaves of the colony, with the fungal essence of the tree."""
TRAVIS,02:49:45,02:49:49,Neutral,"{'Angry': 1.2212320044113767e-10, 'Disgusted': 2.7586410586422083e-11, 'Fearful': 7.483529421148383e-12, 'Happy': 3.187654029623843e-10, 'Neutral': 1.0, 'Other': 2.756993201444291e-12, 'Sad': 4.890909344190675e-10, 'Surprised': 6.091906840088868e-11, 'Unknown': 8.872463527764829e-12}","Other creatures? Don't skimp on the details, it's only our lives."
MATT,02:49:49,02:50:05,Neutral,"{'Angry': 0.00019612010510172695, 'Disgusted': 5.286925079417415e-05, 'Fearful': 4.550358426058665e-06, 'Happy': 0.00021119200391694903, 'Neutral': 0.999395489692688, 'Other': 3.155645390506834e-05, 'Sad': 4.7407011152245104e-05, 'Surprised': 1.2155705917393789e-05, 'Unknown': 4.8678175517125055e-05}","""The trees are not dangerous, but whatever resides on this island is probably under the influence of the Elder Brain. And my people, which are in turn under the influence of K'Varn."""
LIAM,02:50:05,02:50:10,Neutral,"{'Angry': 3.9574276473018644e-13, 'Disgusted': 1.2039966869629645e-14, 'Fearful': 2.9718360595071573e-15, 'Happy': 4.3197718080541236e-13, 'Neutral': 1.0, 'Other': 1.5868910274507509e-15, 'Sad': 1.3609191898411588e-12, 'Surprised': 1.3074253051720275e-13, 'Unknown': 8.597619889790485e-15}","But as you're from this island, what wildlife can we expect to run into here?"
MATT,02:50:10,02:50:25,Neutral,"{'Angry': 1.2833558814175777e-13, 'Disgusted': 4.311757690526972e-15, 'Fearful': 9.142169536525513e-16, 'Happy': 1.4873536701310447e-13, 'Neutral': 1.0, 'Other': 8.952221339312552e-16, 'Sad': 4.862550249604136e-13, 'Surprised': 6.023739856529306e-14, 'Unknown': 3.2523521958141002e-15}","""Small, sightless rats. Cavern insects. But the dangers lie in the spores that wander the forests."""
LAURA,02:50:25,02:50:28,Fearful,"{'Angry': 0.16587451100349426, 'Disgusted': 0.019373169168829918, 'Fearful': 0.3507736921310425, 'Happy': 0.05455302074551582, 'Neutral': 0.19776535034179688, 'Other': 0.0018896365072578192, 'Sad': 0.16852860152721405, 'Surprised': 0.03378542512655258, 'Unknown': 0.007456628140062094}",I'm picturing a big yellow thing with little legs.
LIAM,02:50:28,02:50:29,Neutral,"{'Angry': 3.883973113261163e-05, 'Disgusted': 2.680199486349011e-06, 'Fearful': 3.883489625877701e-06, 'Happy': 0.00022472806449513882, 'Neutral': 0.9996930360794067, 'Other': 1.0881782372962334e-06, 'Sad': 1.4945345355954487e-05, 'Surprised': 2.050942202913575e-05, 'Unknown': 3.250784175179433e-07}",Fuzzball.
LAURA,02:50:29,02:50:30,Angry,"{'Angry': 0.7647730708122253, 'Disgusted': 0.1636616736650467, 'Fearful': 0.012846157886087894, 'Happy': 0.0019573241006582975, 'Neutral': 0.047463588416576385, 'Other': 0.00030983900069259107, 'Sad': 0.005934182088822126, 'Surprised': 0.001673995633609593, 'Unknown': 0.0013801550958305597}",Is that what it is?
MATT,02:50:30,02:50:34,Neutral,"{'Angry': 5.986331234453246e-05, 'Disgusted': 3.8457663322333246e-05, 'Fearful': 4.787582383869449e-06, 'Happy': 0.01712164282798767, 'Neutral': 0.9823544025421143, 'Other': 9.229394345311448e-05, 'Sad': 3.683350587380119e-05, 'Surprised': 2.008853016377543e-06, 'Unknown': 0.00028978512273170054}","""You'll know when you see it."""
LAURA,02:50:34,02:50:35,Neutral,"{'Angry': 1.0451847174408613e-06, 'Disgusted': 3.7702063764299965e-06, 'Fearful': 8.720989796984213e-08, 'Happy': 2.18262948692427e-06, 'Neutral': 0.9999901056289673, 'Other': 8.450138011539821e-07, 'Sad': 2.3662785508804518e-07, 'Surprised': 1.6010675096822524e-07, 'Unknown': 1.6074175164249027e-06}","Well, that's lovely. Thank you for your help."
LAURA,02:50:35,02:50:38,Neutral,"{'Angry': 1.333772849110293e-11, 'Disgusted': 1.2306424325772558e-12, 'Fearful': 2.6283979875398045e-13, 'Happy': 2.369187485085078e-11, 'Neutral': 1.0, 'Other': 9.19257142737058e-14, 'Sad': 3.3792808828980725e-11, 'Surprised': 4.885562007034272e-12, 'Unknown': 4.776856536194141e-13}",Spiny.
MATT,02:50:38,02:50:40,Neutral,"{'Angry': 2.7571809724236118e-08, 'Disgusted': 2.075742777662981e-08, 'Fearful': 2.9828729708469837e-08, 'Happy': 1.170992547372407e-07, 'Neutral': 0.9999992847442627, 'Other': 4.77382089414391e-09, 'Sad': 3.5325925296092464e-07, 'Surprised': 1.7940097052360215e-07, 'Unknown': 1.792571202585691e-09}","""Drifting."""
TRAVIS,02:50:40,02:50:46,Neutral,"{'Angry': 3.6551875892340546e-13, 'Disgusted': 1.1061568429618623e-14, 'Fearful': 2.637686008738309e-15, 'Happy': 4.136186022591498e-13, 'Neutral': 1.0, 'Other': 1.4436190043127118e-15, 'Sad': 1.3110669234289718e-12, 'Surprised': 1.1699093028973845e-13, 'Unknown': 7.697602490586587e-15}","I take the cask of ale out of the Bag of Holding and pour him a little glass of ale, and I'm like--"
LAURA,02:50:46,02:50:47,Neutral,"{'Angry': 5.9624398751623175e-09, 'Disgusted': 2.424809242285164e-09, 'Fearful': 6.542412722687629e-10, 'Happy': 8.576714449759493e-09, 'Neutral': 1.0, 'Other': 2.3968643736438366e-10, 'Sad': 1.4826781580268289e-08, 'Surprised': 1.8902091003525356e-09, 'Unknown': 3.376628143758609e-10}","Oh, you know what, Grog, I hate to tell you this--"
TRAVIS,02:50:47,02:50:50,Neutral,"{'Angry': 0.009451152756810188, 'Disgusted': 5.9996928030159324e-06, 'Fearful': 1.8486947794826847e-07, 'Happy': 1.86899233085569e-05, 'Neutral': 0.9905129075050354, 'Other': 2.00495264834899e-07, 'Sad': 4.013865236629499e-06, 'Surprised': 6.806931651226478e-06, 'Unknown': 7.136998192436295e-08}",It sounds a little scratchy. Would you care for some ale?
LIAM,02:50:50,02:50:51,Neutral,"{'Angry': 1.342967750894708e-11, 'Disgusted': 3.749362203087775e-13, 'Fearful': 5.720582021322487e-14, 'Happy': 1.0432067536203515e-11, 'Neutral': 1.0, 'Other': 9.264594808282203e-15, 'Sad': 1.5404897843462884e-11, 'Surprised': 2.6785531258288753e-12, 'Unknown': 2.8152361423506612e-14}",It's really good.
MATT,02:50:51,02:50:59,Neutral,"{'Angry': 8.810247891233303e-06, 'Disgusted': 5.347473233996425e-06, 'Fearful': 3.951909093302675e-06, 'Happy': 0.00047804744099266827, 'Neutral': 0.9994375109672546, 'Other': 4.224019448884064e-06, 'Sad': 4.458776311366819e-05, 'Surprised': 1.278431454920792e-06, 'Unknown': 1.6316300389007665e-05}",It's a psychic discussion. He looks at you and gives you a stern look. Takes the ale from you.
TRAVIS,02:50:59,02:51:04,Happy,"{'Angry': 0.0022643900010734797, 'Disgusted': 0.0010459559271112084, 'Fearful': 0.0064649381674826145, 'Happy': 0.4978260099887848, 'Neutral': 0.00026490294840186834, 'Other': 0.0028761031571775675, 'Sad': 0.00013812852557748556, 'Surprised': 0.4835722744464874, 'Unknown': 0.005547229666262865}",Why?
MATT,02:51:04,02:51:09,Unknown,"{'Angry': 0.002211086917668581, 'Disgusted': 0.014364917762577534, 'Fearful': 0.004082187078893185, 'Happy': 0.04097001999616623, 'Neutral': 0.22140328586101532, 'Other': 0.006856931373476982, 'Sad': 0.0007714055245742202, 'Surprised': 6.007382762618363e-05, 'Unknown': 0.7092800736427307}","""I have no need for such false sustenance."""
LIAM,02:51:09,02:51:11,Neutral,"{'Angry': 0.0030908130574971437, 'Disgusted': 0.030824948102235794, 'Fearful': 0.005602130200713873, 'Happy': 0.05816231667995453, 'Neutral': 0.5911608338356018, 'Other': 0.006074270233511925, 'Sad': 0.003298202296718955, 'Surprised': 0.00030577127472497523, 'Unknown': 0.3014807105064392}","Clarota, that was rude."
TRAVIS,02:51:11,02:51:15,Neutral,"{'Angry': 0.00028704002033919096, 'Disgusted': 0.00012225964746903628, 'Fearful': 1.646314194658771e-05, 'Happy': 0.005587737541645765, 'Neutral': 0.9937554597854614, 'Other': 1.952320417331066e-05, 'Sad': 0.00011070474283769727, 'Surprised': 6.0619324358412996e-05, 'Unknown': 4.028701005154289e-05}",I will not forget that.
LIAM,02:51:15,02:51:18,Happy,"{'Angry': 0.00028837102581746876, 'Disgusted': 0.0021533628460019827, 'Fearful': 0.002321467036381364, 'Happy': 0.6040529012680054, 'Neutral': 0.07145798951387405, 'Other': 0.0009988510282710195, 'Sad': 0.002678261836990714, 'Surprised': 7.3656301537994295e-06, 'Unknown': 0.3160415291786194}",Very rude. All right.
SAM,02:51:18,02:51:22,Neutral,"{'Angry': 0.1394975334405899, 'Disgusted': 0.0011377918999642134, 'Fearful': 3.194449163856916e-05, 'Happy': 0.0005539708072319627, 'Neutral': 0.8580096960067749, 'Other': 8.489152605761774e-06, 'Sad': 0.0007099067443050444, 'Surprised': 3.3265325328102335e-05, 'Unknown': 1.7454229237046093e-05}",Can we go inspect those structures up there?
LIAM,02:51:22,02:51:27,Neutral,"{'Angry': 0.09558428078889847, 'Disgusted': 0.002993919886648655, 'Fearful': 0.0002984038437716663, 'Happy': 0.014179319143295288, 'Neutral': 0.8771447539329529, 'Other': 0.0015511224046349525, 'Sad': 0.0011938191018998623, 'Surprised': 0.00011343076766934246, 'Unknown': 0.006940995808690786}","Yes, everyone wait here. I grab Scanlan by the scruff of the neck and nod at my sister."
SAM,02:51:27,02:51:28,Neutral,"{'Angry': 0.000921048631425947, 'Disgusted': 0.00031517469324171543, 'Fearful': 0.00016383000183850527, 'Happy': 0.003439644817262888, 'Neutral': 0.9934442043304443, 'Other': 7.564981842733687e-06, 'Sad': 0.0009565879590809345, 'Surprised': 0.0007468552212230861, 'Unknown': 5.0125659072364215e-06}",I turn invisible.
LIAM,02:51:28,02:51:31,Happy,"{'Angry': 0.044585537165403366, 'Disgusted': 0.060958512127399445, 'Fearful': 0.024050360545516014, 'Happy': 0.39045336842536926, 'Neutral': 0.08506245166063309, 'Other': 0.00268516200594604, 'Sad': 0.008904777467250824, 'Surprised': 0.0005150915822014213, 'Unknown': 0.38278475403785706}","Let's go take a peek, yes? We'll take a peek. Just wait a minute."
TALIESIN,02:51:31,02:51:33,Neutral,"{'Angry': 0.00011062869452871382, 'Disgusted': 0.000697437091730535, 'Fearful': 4.4599478314921726e-06, 'Happy': 0.0008856873027980328, 'Neutral': 0.9980297684669495, 'Other': 9.100692841457203e-05, 'Sad': 8.758396870689467e-05, 'Surprised': 7.788210496073589e-06, 'Unknown': 8.56120532262139e-05}",We can wait. That's fine.
MARISHA,02:51:33,02:51:39,Happy,"{'Angry': 4.440237066916097e-09, 'Disgusted': 4.466366831934465e-08, 'Fearful': 1.3034537005296443e-08, 'Happy': 0.9999991655349731, 'Neutral': 2.8508586069619923e-07, 'Other': 1.2739684862594913e-08, 'Sad': 3.174761076252253e-08, 'Surprised': 6.010505426701229e-09, 'Unknown': 4.934926209898549e-07}",I actually go collect a few of the vines hanging from the trees.
MATT,02:51:39,02:51:42,Neutral,"{'Angry': 6.538305115100229e-07, 'Disgusted': 6.311425408966898e-07, 'Fearful': 1.477501285762628e-07, 'Happy': 7.438712782459334e-05, 'Neutral': 0.9999196529388428, 'Other': 6.736248110428278e-07, 'Sad': 1.3145962611815776e-06, 'Surprised': 3.7423404819492134e-08, 'Unknown': 2.5120550617430126e-06}",All right. Go ahead and make a nature check.
TALIESIN,02:51:42,02:51:45,Neutral,"{'Angry': 1.8330196098759188e-06, 'Disgusted': 4.1390740079805255e-06, 'Fearful': 7.223903253361641e-07, 'Happy': 3.703219772432931e-05, 'Neutral': 0.9999133348464966, 'Other': 7.936550900922157e-06, 'Sad': 6.326586117211264e-06, 'Surprised': 1.0978258302429822e-07, 'Unknown': 2.8517750251921825e-05}",General perception check on the beach as well.
MATT,02:51:45,02:51:47,Neutral,"{'Angry': 1.892596496189114e-10, 'Disgusted': 3.297827982917667e-11, 'Fearful': 1.3143374409663178e-11, 'Happy': 2.199508575273512e-09, 'Neutral': 1.0, 'Other': 1.9405271660388745e-12, 'Sad': 1.2678408323196777e-09, 'Surprised': 7.981859617700593e-11, 'Unknown': 9.917772332557195e-12}",All right.
TALIESIN,02:51:47,02:51:52,Neutral,"{'Angry': 0.0008468465530313551, 'Disgusted': 0.000569159456063062, 'Fearful': 0.00022754330711904913, 'Happy': 0.345209538936615, 'Neutral': 0.6460647583007812, 'Other': 0.0008094993536360562, 'Sad': 0.0015503851464018226, 'Surprised': 5.599013820756227e-05, 'Unknown': 0.004666321445256472}",I don't know why I'm bothering. 11. It's a beach.
TRAVIS,02:51:52,02:51:53,Neutral,"{'Angry': 0.2262955605983734, 'Disgusted': 0.03917500004172325, 'Fearful': 0.020278003066778183, 'Happy': 0.10608582943677902, 'Neutral': 0.4996381103992462, 'Other': 3.5516484786057845e-05, 'Sad': 0.09866991639137268, 'Surprised': 0.009788768365979195, 'Unknown': 3.3294498280156404e-05}",I rolled 15.
MARISHA,02:51:53,02:51:54,Happy,"{'Angry': 3.393731962120228e-10, 'Disgusted': 3.8273378910602673e-10, 'Fearful': 4.459638561216117e-11, 'Happy': 1.0, 'Neutral': 1.7232031357394817e-09, 'Other': 4.0873729401091907e-10, 'Sad': 6.337219082830359e-10, 'Surprised': 8.461164408002375e-11, 'Unknown': 1.4587965557755211e-10}",16.
MATT,02:51:54,02:52:06,Happy,"{'Angry': 9.675105855366795e-11, 'Disgusted': 2.198953796828107e-10, 'Fearful': 4.634858469243497e-11, 'Happy': 1.0, 'Neutral': 2.040843938289072e-08, 'Other': 4.6222432131814983e-11, 'Sad': 2.9196947082255065e-09, 'Surprised': 1.8680904045886848e-10, 'Unknown': 7.026870751936087e-11}","16 on nature? Okay, from a safe distance, you look at it. The trees do not appear to be anything beyond a subterranean forest. Fungal trees."
MARISHA,02:52:06,02:52:07,Neutral,"{'Angry': 0.003736689919605851, 'Disgusted': 0.025590553879737854, 'Fearful': 0.0008559210691601038, 'Happy': 0.009656663984060287, 'Neutral': 0.6224049925804138, 'Other': 0.00011539467959664762, 'Sad': 0.3354354202747345, 'Surprised': 0.002171523170545697, 'Unknown': 3.2871615985641256e-05}",I wanted to collect some.
MATT,02:52:07,02:52:19,Neutral,"{'Angry': 2.6628119940141914e-06, 'Disgusted': 2.9490106498997193e-06, 'Fearful': 1.2949340089107864e-07, 'Happy': 0.008080556057393551, 'Neutral': 0.9918871521949768, 'Other': 3.3774847452150425e-07, 'Sad': 2.4091365048661828e-05, 'Surprised': 1.957152790055261e-06, 'Unknown': 2.296164893778041e-07}","Oh, you wanted to go over and collect some? Okay. It's quite a ways up. It's up the side of the cliff. It's up an incline, and the forest starts adjacent to the structure where they're going."
TALIESIN,02:52:19,02:52:20,Neutral,"{'Angry': 0.026600206270813942, 'Disgusted': 0.023082081228494644, 'Fearful': 0.028023673221468925, 'Happy': 0.11585409939289093, 'Neutral': 0.7451269626617432, 'Other': 6.443457823479548e-05, 'Sad': 0.01607455499470234, 'Surprised': 0.04507531598210335, 'Unknown': 9.865897300187498e-05}",Might want to wait.
MATT,02:52:20,02:52:23,Happy,"{'Angry': 1.4235858543543145e-05, 'Disgusted': 5.672641418641433e-05, 'Fearful': 7.389105303445831e-05, 'Happy': 0.9549883604049683, 'Neutral': 0.04375452175736427, 'Other': 2.1025256501161493e-05, 'Sad': 0.00010530137660680339, 'Surprised': 2.4342574761249125e-05, 'Unknown': 0.0009616135503165424}","So you can make a stealth check to make your way there, if you'd like."
MARISHA,02:52:23,02:52:26,Happy,"{'Angry': 0.00021774816559627652, 'Disgusted': 8.835174230625853e-05, 'Fearful': 0.00032888574060052633, 'Happy': 0.5084342956542969, 'Neutral': 0.00013412549742497504, 'Other': 0.005517562851309776, 'Sad': 0.00021218748588580638, 'Surprised': 0.4849332571029663, 'Unknown': 0.0001336099812760949}","No, I'll wait. I thought we were next to a tree."
MATT,02:52:26,02:52:30,Neutral,"{'Angry': 0.003484155051410198, 'Disgusted': 0.0052360533736646175, 'Fearful': 0.00039172961260192096, 'Happy': 0.094390369951725, 'Neutral': 0.8797121644020081, 'Other': 0.0008221798925660551, 'Sad': 0.0005192120443098247, 'Surprised': 0.00024878306430764496, 'Unknown': 0.015195337124168873}","No, most of the forest starts further up this incline as the island itself begins to level off."
TALIESIN,02:52:30,02:52:31,Neutral,"{'Angry': 0.0002024284185608849, 'Disgusted': 0.0003503199259284884, 'Fearful': 7.282025035237893e-05, 'Happy': 0.0030253170989453793, 'Neutral': 0.9946251511573792, 'Other': 1.2643526133615524e-05, 'Sad': 0.0009151676204055548, 'Surprised': 0.0007878433680161834, 'Unknown': 8.265236829174682e-06}",Let the scouts scout.
SAM,02:52:31,02:52:33,Neutral,"{'Angry': 2.135544036718784e-06, 'Disgusted': 4.678276127378922e-06, 'Fearful': 6.6007628447550815e-06, 'Happy': 1.5358125892817043e-05, 'Neutral': 0.9999430179595947, 'Other': 1.6172007235581987e-06, 'Sad': 2.085824598907493e-05, 'Surprised': 9.215586942445952e-07, 'Unknown': 4.942658506479347e-06}",Let's go scout it out.
MATT,02:52:33,02:52:34,Happy,"{'Angry': 0.004143714904785156, 'Disgusted': 0.010026088915765285, 'Fearful': 0.0003675610350910574, 'Happy': 0.865533173084259, 'Neutral': 0.09232828766107559, 'Other': 0.0008345835958607495, 'Sad': 0.0015927046770229936, 'Surprised': 0.02511429600417614, 'Unknown': 5.958186375210062e-05}",All right.
SAM,02:52:34,02:52:36,Neutral,"{'Angry': 3.507812152747647e-06, 'Disgusted': 1.5968204024829902e-05, 'Fearful': 5.695758318324806e-07, 'Happy': 2.199208211095538e-06, 'Neutral': 0.9999582767486572, 'Other': 1.2008936209895182e-05, 'Sad': 2.754043407549034e-06, 'Surprised': 3.171662683598697e-06, 'Unknown': 1.5270504718500888e-06}",So we make our way up to the structure.
LIAM,02:52:36,02:52:37,Happy,"{'Angry': 0.001912434003315866, 'Disgusted': 0.0007552661118097603, 'Fearful': 4.294428799767047e-05, 'Happy': 0.584191083908081, 'Neutral': 0.41119125485420227, 'Other': 3.072826802963391e-05, 'Sad': 0.0006589062977582216, 'Surprised': 0.0012075923150405288, 'Unknown': 9.872486771200784e-06}",28 for stealth.
MATT,02:52:37,02:52:39,Happy,"{'Angry': 3.4428868644909016e-08, 'Disgusted': 1.9248828664331086e-07, 'Fearful': 3.983062057955067e-08, 'Happy': 0.9999977350234985, 'Neutral': 1.2062859013894922e-06, 'Other': 4.227471350759515e-08, 'Sad': 8.484623492677201e-08, 'Surprised': 2.1939069227983055e-08, 'Unknown': 7.096192575772875e-07}",28 for stealth. You get advantage on your roll.
LAURA,02:52:39,02:52:44,Happy,"{'Angry': 4.918230843031779e-05, 'Disgusted': 4.6477565774694085e-05, 'Fearful': 6.70371400701697e-06, 'Happy': 0.9520021677017212, 'Neutral': 0.04765952005982399, 'Other': 2.6004108804045245e-05, 'Sad': 6.872627272969112e-05, 'Surprised': 1.7232274331036024e-05, 'Unknown': 0.00012398579565342516}",Is it our old stealth check? Can I use my flying stealth check? Damn it.
SAM,02:52:44,02:52:45,Neutral,"{'Angry': 0.0015121606411412358, 'Disgusted': 0.002898679580539465, 'Fearful': 0.0004962012753821909, 'Happy': 0.0015740409726276994, 'Neutral': 0.9654445648193359, 'Other': 1.4753714822290931e-05, 'Sad': 0.0009712935425341129, 'Surprised': 0.027072641998529434, 'Unknown': 1.567864092066884e-05}",Nope.
SAM,02:52:45,02:52:47,Angry,"{'Angry': 0.3874835669994354, 'Disgusted': 0.07131586223840714, 'Fearful': 0.004131248686462641, 'Happy': 0.19956639409065247, 'Neutral': 0.2829420864582062, 'Other': 0.0002523832081351429, 'Sad': 0.012483017519116402, 'Surprised': 0.04168701171875, 'Unknown': 0.00013837058213539422}",Three.
MATT,02:52:47,02:52:49,Neutral,"{'Angry': 7.911037391750142e-05, 'Disgusted': 0.00013387568469624966, 'Fearful': 2.3217342459247448e-05, 'Happy': 0.005112333223223686, 'Neutral': 0.9942594766616821, 'Other': 1.8950200683320872e-05, 'Sad': 0.00017320374900009483, 'Surprised': 0.00019100369536317885, 'Unknown': 8.884795533958822e-06}",With advantage?
SAM,02:52:49,02:52:55,Neutral,"{'Angry': 0.0014066807925701141, 'Disgusted': 4.289685602998361e-05, 'Fearful': 1.8175860532210208e-06, 'Happy': 2.6186184186371975e-05, 'Neutral': 0.9984810948371887, 'Other': 9.878656783257611e-06, 'Sad': 1.4979620573285501e-05, 'Surprised': 1.1922226121896529e-06, 'Unknown': 1.5364159480668604e-05}",That was my advantage. The first one was a one. (all laugh)
TRAVIS,02:52:55,02:52:56,Neutral,"{'Angry': 1.9321405488881283e-06, 'Disgusted': 7.748596431156329e-07, 'Fearful': 7.802847790117085e-07, 'Happy': 3.759314495255239e-05, 'Neutral': 0.9999488592147827, 'Other': 1.0348179557695403e-06, 'Sad': 1.859835947470856e-06, 'Surprised': 2.1533826100039732e-07, 'Unknown': 7.008032298472244e-06}",Holy shit.
LIAM,02:52:56,02:52:59,Neutral,"{'Angry': 7.949956803976477e-10, 'Disgusted': 8.423211433905564e-11, 'Fearful': 2.1631935825938697e-11, 'Happy': 1.1128382659819636e-09, 'Neutral': 1.0, 'Other': 1.8972759127655614e-11, 'Sad': 1.2972088958562722e-09, 'Surprised': 8.982535548707204e-11, 'Unknown': 6.90281096171752e-11}",Do the twins outweigh him?
SAM,02:52:59,02:53:01,Neutral,"{'Angry': 4.44173520008917e-06, 'Disgusted': 7.769584954075981e-06, 'Fearful': 6.60565592625062e-06, 'Happy': 0.00019861316832248122, 'Neutral': 0.9996923208236694, 'Other': 6.426289928640472e-06, 'Sad': 1.7145830497611314e-05, 'Surprised': 2.1330261006369255e-06, 'Unknown': 6.45652980892919e-05}","Wait, plus two! That makes it five."
LAURA,02:53:01,02:53:04,Happy,"{'Angry': 4.2762632546100576e-08, 'Disgusted': 1.86408655622472e-07, 'Fearful': 8.737548284898367e-08, 'Happy': 0.9999986886978149, 'Neutral': 4.498718908507726e-07, 'Other': 7.127027856768109e-08, 'Sad': 1.4157683381199604e-07, 'Surprised': 1.0643573489232949e-07, 'Unknown': 2.2738424831914017e-07}",Plus ten. Pass Without a Trace.
SAM,02:53:04,02:53:05,Neutral,"{'Angry': 0.013438929803669453, 'Disgusted': 0.006222721189260483, 'Fearful': 0.00555344857275486, 'Happy': 0.15234361588954926, 'Neutral': 0.7775197625160217, 'Other': 6.689228757750243e-05, 'Sad': 0.021916545927524567, 'Surprised': 0.022837674245238304, 'Unknown': 0.0001004425939754583}","Oh, plus ten! That's 15!"
TRAVIS,02:53:05,02:53:11,Neutral,"{'Angry': 1.5993723536666948e-06, 'Disgusted': 4.4119565245637204e-07, 'Fearful': 1.3337676740832194e-08, 'Happy': 4.4754175178240985e-05, 'Neutral': 0.9999525547027588, 'Other': 7.358508469224034e-08, 'Sad': 2.0368710806906165e-07, 'Surprised': 2.491465238563251e-07, 'Unknown': 1.2052373676851857e-07}",We're getting better! Plus my inspiration from paddling.
MATT,02:53:11,02:54:16,Happy,"{'Angry': 2.7510604905245373e-10, 'Disgusted': 1.1012462053372474e-09, 'Fearful': 6.645669570204404e-10, 'Happy': 1.0, 'Neutral': 1.4140981718924195e-09, 'Other': 2.1645825132310392e-09, 'Sad': 2.583934621824824e-09, 'Surprised': 8.189512956668921e-10, 'Unknown': 6.252752760005365e-10}","You guys make your way towards this ruin, and as you come to it, you caught a small glimmer of it on the bridge that was constructed across the first beach you came across in this cavern. The stonework is interesting. It's almost like an influx of jade and marble. The stone itself does not seem to be anything you've seen naturally around the cavern; either it was brought here or was crafted from some substance that resides on this island. But it has this weird green jade, marble, almost... vein-like visual to it. And you notice all the structures aren't straight and smooth. Everything has this slightly non-Euclidean bend to it. Every edge has a slight curve. It's off-putting. There isn't a rigidity to any of these walls, and the buildings themselves almost seem to sag, or they sit or rest at a strange, unnatural angle."
LAURA,02:54:16,02:54:17,Neutral,"{'Angry': 3.0744183732167585e-06, 'Disgusted': 3.5580239909904776e-06, 'Fearful': 9.218075547323679e-07, 'Happy': 0.00019555746985133737, 'Neutral': 0.999776303768158, 'Other': 1.2140736771470984e-06, 'Sad': 5.296022663969779e-06, 'Surprised': 2.4395808395638596e-07, 'Unknown': 1.3801062777929474e-05}",These buildings are sad.
MATT,02:54:17,02:55:15,Happy,"{'Angry': 1.096798474264915e-08, 'Disgusted': 2.1087538826236596e-08, 'Fearful': 6.881455849594431e-09, 'Happy': 0.9999998807907104, 'Neutral': 1.991378617560713e-08, 'Other': 3.5527797592749266e-08, 'Sad': 1.652725600820304e-08, 'Surprised': 9.649428989177977e-08, 'Unknown': 4.998003344525159e-09}","Many have been long-crumbled, and you find some of these buildings have fallen in on themselves. You do notice, as you approach the edge of it, there is a large, circular structure. A pit that is built central to this. Parts of the wall have fallen in, but for the most part still remains intact, and in the center of this pit, on the floor, you can see what looks like splotches of dried crimson, long-left blood splatters of some sort of creature. You see dried bones, but the bones, while dried, have some sort of fungus growing on them. You also see what looks to be, tucked against one of the walls, a campsite. But a very large campsite. The fire pit is 15 feet wide and is just a small cinder. You see what looks to be a pile of furs."
SAM,02:55:15,02:55:16,Neutral,"{'Angry': 0.00010555596963968128, 'Disgusted': 1.242258235834015e-06, 'Fearful': 1.0087495638799737e-06, 'Happy': 0.00014947145245969296, 'Neutral': 0.9945330619812012, 'Other': 5.474400950333802e-07, 'Sad': 0.005103331059217453, 'Surprised': 0.00010578493674984202, 'Unknown': 1.0157259033860555e-08}",A recent campsite?
MATT,02:55:16,02:55:27,Neutral,"{'Angry': 1.7023761567092066e-10, 'Disgusted': 1.1901832297489534e-10, 'Fearful': 1.9765647452096857e-11, 'Happy': 3.0931121552946195e-10, 'Neutral': 1.0, 'Other': 8.968561136801778e-12, 'Sad': 5.582909690104998e-10, 'Surprised': 1.4310373996906378e-09, 'Unknown': 3.5284815434050154e-12}","There is actual embers in the fire pit. There looks to be a large bedroll made of patchwork furs, but the pile itself is huge."
LIAM,02:55:27,02:55:31,Neutral,"{'Angry': 2.0593668637047813e-07, 'Disgusted': 2.301439963048324e-07, 'Fearful': 4.061914538056044e-08, 'Happy': 1.6330488506355323e-05, 'Neutral': 0.9999804496765137, 'Other': 3.0585727017751196e-07, 'Sad': 1.027691837407474e-06, 'Surprised': 1.478421918221784e-08, 'Unknown': 1.3659509932040237e-06}","But it looks twice the size of what I would use for a fire, or what I would use for a bedroll."
MATT,02:55:31,02:55:34,Happy,"{'Angry': 3.075844688282814e-06, 'Disgusted': 1.512516064394731e-05, 'Fearful': 7.225110493891407e-06, 'Happy': 0.9995125532150269, 'Neutral': 0.000191835846635513, 'Other': 2.8807801299990388e-06, 'Sad': 9.72869929682929e-06, 'Surprised': 4.0330527895093837e-07, 'Unknown': 0.00025720708072185516}","Three times, even, which means it houses a lot of individuals."
SAM,02:55:34,02:55:37,Happy,"{'Angry': 1.185887654742146e-07, 'Disgusted': 2.6916686124422995e-07, 'Fearful': 1.387392956075928e-07, 'Happy': 0.9999982118606567, 'Neutral': 1.9023313768684602e-07, 'Other': 5.311065933710779e-07, 'Sad': 2.0290690372348763e-07, 'Surprised': 8.505383419787904e-08, 'Unknown': 2.4044442170634284e-07}",Or one big thing.
MARISHA,02:55:37,02:55:38,Neutral,"{'Angry': 0.011970240622758865, 'Disgusted': 0.02361173927783966, 'Fearful': 0.0005177726270630956, 'Happy': 0.021196428686380386, 'Neutral': 0.9304287433624268, 'Other': 0.0005376263870857656, 'Sad': 0.007171939127147198, 'Surprised': 0.004370901267975569, 'Unknown': 0.00019463390344753861}",Or a really big thing.
MARISHA,02:55:38,02:55:39,Happy,"{'Angry': 0.006860849913209677, 'Disgusted': 0.002320205559954047, 'Fearful': 0.00023851345758885145, 'Happy': 0.827450692653656, 'Neutral': 0.15790358185768127, 'Other': 2.733450492087286e-05, 'Sad': 0.0010901769855991006, 'Surprised': 0.004100780002772808, 'Unknown': 7.971045306476299e-06}",Yeah.
TRAVIS,02:55:39,02:55:41,Happy,"{'Angry': 3.470687079243362e-05, 'Disgusted': 0.0005298536852933466, 'Fearful': 3.508766531012952e-05, 'Happy': 0.9953795671463013, 'Neutral': 0.0014383395900949836, 'Other': 0.0005771625437773764, 'Sad': 4.172536500846036e-05, 'Surprised': 0.00027065735775977373, 'Unknown': 0.0016929255798459053}",(laughs)
MATT,02:55:41,02:55:46,Neutral,"{'Angry': 2.7195006663260912e-11, 'Disgusted': 3.058146184203858e-12, 'Fearful': 5.880555916347452e-13, 'Happy': 1.1527535176414361e-10, 'Neutral': 1.0, 'Other': 4.327416246521776e-13, 'Sad': 8.131188083959628e-11, 'Surprised': 9.31333222348174e-12, 'Unknown': 1.4151186732841436e-12}","As you're taking this look, too, as you guys are having this visual, you--"
LIAM,02:55:46,02:55:48,Surprised,"{'Angry': 0.0052290246821939945, 'Disgusted': 0.0010445246007293463, 'Fearful': 0.0013874007854610682, 'Happy': 0.11809230595827103, 'Neutral': 0.131088986992836, 'Other': 7.891959103289992e-05, 'Sad': 0.0004332612152211368, 'Surprised': 0.7417982816696167, 'Unknown': 0.00084738276200369}",Question: bigger than Grog?
MATT,02:55:48,02:56:10,Happy,"{'Angry': 6.588892347281217e-07, 'Disgusted': 3.5402140383666847e-06, 'Fearful': 4.945667569700163e-06, 'Happy': 0.9999747276306152, 'Neutral': 2.003082272494794e-06, 'Other': 2.530716301407665e-06, 'Sad': 4.56709494756069e-06, 'Surprised': 5.700093424820807e-06, 'Unknown': 1.348680825685733e-06}","Well. You immediately hear a sound. It's a slight rumble in the ground and what sounds like a footfall, and as you glance over your shoulder, you can see what looks to be some sort of towering humanoid dragging something behind it."
SAM,02:56:10,02:56:12,Happy,"{'Angry': 0.0032293216791003942, 'Disgusted': 0.006570028606802225, 'Fearful': 0.04172048345208168, 'Happy': 0.7434052228927612, 'Neutral': 0.01168894860893488, 'Other': 0.1674877107143402, 'Sad': 0.00569531787186861, 'Surprised': 0.004311216529458761, 'Unknown': 0.015891743823885918}",(singing) There are giants in the sky.
MATT,02:56:12,02:56:58,Happy,"{'Angry': 1.559511825233173e-10, 'Disgusted': 1.4014085447655589e-09, 'Fearful': 4.5078657473496264e-10, 'Happy': 1.0, 'Neutral': 7.632405818469579e-09, 'Other': 9.954515434174027e-09, 'Sad': 4.8548871589559894e-09, 'Surprised': 4.934725406080531e-10, 'Unknown': 3.4841745044644767e-09}","It glances up with its nose in the air (sniffs). ""Who goes there?"" And you look to see what looks large, almost goliath-like: bald, skin is smooth, no hair, but its skin is purplish in color. Where a normal giant would stand naturally, it's horribly hunched, like its back has a horrible scoliosis twist to it. One giant popping yellow eye glances out towards the edge of where you guys are. It doesn't seem to have found any of you immediately, but something has alerted its attention; it seems to have caught some sort of trail in its natural homestead. You see it standing probably close to 15, 20 feet in height as it begins lumbering up (krsh krsh krsh) towards you."
LIAM,02:56:58,02:56:59,Neutral,"{'Angry': 5.1214237711816324e-11, 'Disgusted': 3.2622105971408244e-12, 'Fearful': 1.1330031964712495e-12, 'Happy': 6.731342566679288e-11, 'Neutral': 1.0, 'Other': 1.3822496207523127e-13, 'Sad': 1.701652152519273e-10, 'Surprised': 3.491642044939347e-11, 'Unknown': 1.8080277401112677e-13}",Stealthed.
LAURA,02:56:59,02:57:02,Neutral,"{'Angry': 1.0752577078504064e-13, 'Disgusted': 3.2666016193275225e-15, 'Fearful': 5.789720069202583e-16, 'Happy': 1.2089863886486502e-13, 'Neutral': 1.0, 'Other': 4.477039229524703e-16, 'Sad': 3.2606973761686864e-13, 'Surprised': 4.4980566580449244e-14, 'Unknown': 1.7031285117695113e-15}","Oh, should we hide? Can we try to hide?"
MATT,02:57:02,02:57:04,Neutral,"{'Angry': 7.028040927004042e-10, 'Disgusted': 3.737108955625956e-10, 'Fearful': 1.61138075105427e-10, 'Happy': 3.1255060761736786e-09, 'Neutral': 1.0, 'Other': 8.871538226262743e-11, 'Sad': 7.863053319567825e-09, 'Surprised': 9.363457231792438e-11, 'Unknown': 8.066207146661952e-10}",All of you were stealthed as well.
LAURA,02:57:04,02:57:11,Happy,"{'Angry': 9.458917676896661e-11, 'Disgusted': 5.532430624732854e-10, 'Fearful': 3.34417743497184e-10, 'Happy': 1.0, 'Neutral': 1.4100312029086126e-09, 'Other': 3.0226302016878037e-10, 'Sad': 1.2034212515388276e-09, 'Surprised': 8.535486761829247e-10, 'Unknown': 5.167918870618848e-10}","Oh, yeah. Can I do insight and see if it seems like a bad guy?"
MATT,02:57:11,02:57:13,Happy,"{'Angry': 0.00049309286987409, 'Disgusted': 0.0016828937223181129, 'Fearful': 0.001081713940948248, 'Happy': 0.8546871542930603, 'Neutral': 0.01889575645327568, 'Other': 0.00036963081220164895, 'Sad': 0.0047528985887765884, 'Surprised': 0.11796853691339493, 'Unknown': 6.834457599325106e-05}",You can make an insight check.
LAURA,02:57:13,02:57:18,Neutral,"{'Angry': 7.500693754991516e-05, 'Disgusted': 0.00028685637516900897, 'Fearful': 0.0003395435633137822, 'Happy': 0.0003644415701273829, 'Neutral': 0.9635702967643738, 'Other': 3.793644646066241e-05, 'Sad': 0.03511887043714523, 'Surprised': 0.0001893740554805845, 'Unknown': 1.7664746337686665e-05}",I know. I'm just checking to see if he's a misunderstood guy.
TRAVIS,02:57:18,02:57:20,Neutral,"{'Angry': 4.95966060043429e-06, 'Disgusted': 5.432093075796729e-06, 'Fearful': 1.313645384470874e-06, 'Happy': 1.6940333807724528e-05, 'Neutral': 0.9999608993530273, 'Other': 1.4344869896376622e-06, 'Sad': 2.6297739168512635e-06, 'Surprised': 5.870283985132119e-06, 'Unknown': 5.546031616177061e-07}",Do I see him? Can I do a simple recognize check?
MATT,02:57:20,02:57:24,Neutral,"{'Angry': 2.233394802431121e-09, 'Disgusted': 8.927178996032126e-10, 'Fearful': 2.017118277963803e-10, 'Happy': 5.150595256964152e-07, 'Neutral': 0.9999995231628418, 'Other': 5.742024911103982e-11, 'Sad': 3.8369297072904374e-08, 'Surprised': 1.3136940424374188e-09, 'Unknown': 5.0454078415196335e-11}",You don't see him. All you guys are staying back at the beach while they're checking.
ORION,02:57:24,02:57:28,Neutral,"{'Angry': 1.2037899068673141e-05, 'Disgusted': 9.218922059517354e-06, 'Fearful': 1.0237401511403732e-05, 'Happy': 0.00011309342517051846, 'Neutral': 0.9997913241386414, 'Other': 4.158385763730621e-06, 'Sad': 4.701083162217401e-05, 'Surprised': 5.936605248280102e-06, 'Unknown': 7.062449640216073e-06}",Both of you have got earrings.
LAURA,02:57:28,02:57:29,Neutral,"{'Angry': 5.719447315755133e-08, 'Disgusted': 1.0981207054783226e-07, 'Fearful': 4.390390984099213e-08, 'Happy': 6.840081368864048e-06, 'Neutral': 0.9999911785125732, 'Other': 2.8963523135416835e-08, 'Sad': 1.5501817642871174e-06, 'Surprised': 1.3438632606721512e-07, 'Unknown': 1.6706689365264538e-08}",That's 17.
MATT,02:57:29,02:57:49,Happy,"{'Angry': 1.521901632495215e-10, 'Disgusted': 5.585593654267029e-10, 'Fearful': 1.3753510830216698e-10, 'Happy': 1.0, 'Neutral': 2.834564805098694e-09, 'Other': 2.9687163838332253e-10, 'Sad': 1.237217772676047e-09, 'Surprised': 1.716081582392448e-10, 'Unknown': 5.225167520883645e-10}","17? This entity looks like it's hungry, it looks malicious, and looks like it's caught the thrill of the hunt, since it seems to have seen something near its homestead moving. As it begins to step forward, it drops whatever it's holding behind it."
LIAM,02:57:49,02:57:50,Neutral,"{'Angry': 2.0148431190136762e-07, 'Disgusted': 1.7620897097003763e-07, 'Fearful': 3.599243925123119e-08, 'Happy': 2.424587364657782e-06, 'Neutral': 0.9999966621398926, 'Other': 6.656512852032392e-08, 'Sad': 2.9852458283130545e-07, 'Surprised': 7.629968479250238e-08, 'Unknown': 6.301610966374938e-08}",I'm picking up Scanlan and moving backwards.
LAURA,02:57:50,02:57:52,Neutral,"{'Angry': 1.7408489580428288e-11, 'Disgusted': 1.740061328532605e-12, 'Fearful': 3.4420849417265975e-13, 'Happy': 5.1126596012363024e-11, 'Neutral': 1.0, 'Other': 1.3417169935844853e-13, 'Sad': 4.870584491278862e-11, 'Surprised': 6.974990029995354e-12, 'Unknown': 4.878231065624794e-13}","Yeah, can we move into the shadows?"
SAM,02:57:52,02:57:53,Neutral,"{'Angry': 2.8489905616879696e-06, 'Disgusted': 1.9821745809167624e-06, 'Fearful': 1.089248371499707e-07, 'Happy': 1.5730012819403782e-05, 'Neutral': 0.9999315738677979, 'Other': 1.3090672155158245e-06, 'Sad': 4.505722245085053e-06, 'Surprised': 4.089005960850045e-05, 'Unknown': 9.131601359513297e-07}",I'm invisible.
LAURA,02:57:53,02:57:55,Happy,"{'Angry': 0.0004358964506536722, 'Disgusted': 0.0023185827303677797, 'Fearful': 0.00024841626873239875, 'Happy': 0.8694490790367126, 'Neutral': 0.12301768362522125, 'Other': 0.00020829406275879592, 'Sad': 0.001390719087794423, 'Surprised': 0.0013466218952089548, 'Unknown': 0.001584713696502149}",We know where you are.
LIAM,02:57:55,02:57:58,Happy,"{'Angry': 4.125819032196887e-05, 'Disgusted': 0.00021496572298929095, 'Fearful': 2.45045121118892e-05, 'Happy': 0.9073916673660278, 'Neutral': 0.09048829227685928, 'Other': 8.636734128231183e-05, 'Sad': 5.2438921557040885e-05, 'Surprised': 3.145217851852067e-05, 'Unknown': 0.0016690695192664862}",I was holding your hand the whole time.
SAM,02:57:58,02:57:59,Happy,"{'Angry': 0.00018254175665788352, 'Disgusted': 0.0002878516388591379, 'Fearful': 1.204671116283862e-05, 'Happy': 0.9987051486968994, 'Neutral': 0.0006225267425179482, 'Other': 6.576751184184104e-05, 'Sad': 3.908874714397825e-05, 'Surprised': 7.183365960372612e-05, 'Unknown': 1.328438247583108e-05}",Okay.
MATT,02:57:59,02:58:04,Neutral,"{'Angry': 2.0993831673088437e-12, 'Disgusted': 9.229642332526933e-14, 'Fearful': 2.618588634502924e-14, 'Happy': 3.6238542548694408e-12, 'Neutral': 1.0, 'Other': 9.377665236411179e-15, 'Sad': 6.715219959957386e-12, 'Surprised': 8.70084982795144e-13, 'Unknown': 5.0836745701726346e-14}",And that is where we're going to leave tonight's session. (all groan)
LIAM,02:58:04,02:58:06,Neutral,"{'Angry': 7.342688945755071e-07, 'Disgusted': 1.6493736438860651e-06, 'Fearful': 9.738806738823769e-07, 'Happy': 2.4696923901501577e-06, 'Neutral': 0.9999866485595703, 'Other': 5.629216843772156e-07, 'Sad': 6.176424903969746e-06, 'Surprised': 2.2614106853779958e-07, 'Unknown': 5.620564706987352e-07}",Nowhere near K'Varn.
LIAM,02:58:06,02:58:08,Neutral,"{'Angry': 2.5241839729517324e-09, 'Disgusted': 7.934732315639792e-10, 'Fearful': 3.1577962467110865e-10, 'Happy': 3.36584839999432e-08, 'Neutral': 1.0, 'Other': 1.5663115249253678e-10, 'Sad': 1.547689976177935e-08, 'Surprised': 1.3411517452155408e-09, 'Unknown': 2.8240064800511e-11}",Nowhere near him.
MATT,02:58:08,02:58:10,Happy,"{'Angry': 1.5063362297951244e-05, 'Disgusted': 5.276557203615084e-05, 'Fearful': 1.6609798194622272e-06, 'Happy': 0.9998527765274048, 'Neutral': 5.981004505883902e-05, 'Other': 2.8192364425194683e-06, 'Sad': 1.4212967016646871e-06, 'Surprised': 1.2934772257722216e-06, 'Unknown': 1.2430718015821185e-05}",Yeah.
TRAVIS,02:58:10,02:58:19,Happy,"{'Angry': 0.0024272401351481676, 'Disgusted': 0.0012664948590099812, 'Fearful': 0.00018964061746373773, 'Happy': 0.6677461266517639, 'Neutral': 0.3204944431781769, 'Other': 0.002527913311496377, 'Sad': 0.0006975187570787966, 'Surprised': 0.0009672335581853986, 'Unknown': 0.0036833244375884533}","But wait, maybe if we sell out the shirts we can go another half-hour or something."
MARISHA,02:58:19,02:58:21,Neutral,"{'Angry': 1.0499744007574918e-07, 'Disgusted': 9.107540677177894e-08, 'Fearful': 1.3102999574243768e-08, 'Happy': 9.336596349385218e-07, 'Neutral': 0.9999984502792358, 'Other': 4.151998567181181e-08, 'Sad': 9.825854618839003e-08, 'Surprised': 6.229687876668777e-09, 'Unknown': 2.1333976008008904e-07}","Yeah, how many shirts do we have left?"
ORION,02:58:21,02:58:23,Neutral,"{'Angry': 1.054141023359989e-07, 'Disgusted': 2.3181149444440052e-08, 'Fearful': 1.8584737304649934e-08, 'Happy': 5.073459306004224e-07, 'Neutral': 0.9999991655349731, 'Other': 6.0119615952203276e-09, 'Sad': 1.466041510411742e-07, 'Surprised': 1.3312626556682972e-08, 'Unknown': 3.770905721012241e-08}",Like 20 or something like that?
SAM,02:58:23,02:58:27,Happy,"{'Angry': 1.7034615666489117e-05, 'Disgusted': 0.0003388295299373567, 'Fearful': 7.960209040902555e-05, 'Happy': 0.9967167973518372, 'Neutral': 0.0015827000606805086, 'Other': 0.00026746373623609543, 'Sad': 9.338460222352296e-05, 'Surprised': 6.943169864825904e-05, 'Unknown': 0.0008347301627509296}","Didn't make it. Didn't make it to K'Varn, didn't make it to the shirts."
LIAM,02:58:27,02:58:30,Happy,"{'Angry': 0.004483513999730349, 'Disgusted': 0.0046906922943890095, 'Fearful': 0.0007878915639594197, 'Happy': 0.9332956671714783, 'Neutral': 0.034964561462402344, 'Other': 0.01552631612867117, 'Sad': 0.0009613474830985069, 'Surprised': 0.00013556932390201837, 'Unknown': 0.005154395941644907}",It's K'Varn!
ZAC,02:58:30,02:58:38,Happy,"{'Angry': 3.181397645324324e-10, 'Disgusted': 1.8010100077958668e-09, 'Fearful': 3.5004321663478777e-10, 'Happy': 1.0, 'Neutral': 1.376155367438514e-08, 'Other': 7.122938905368414e-10, 'Sad': 2.9398563583526993e-09, 'Surprised': 3.7472086544809713e-10, 'Unknown': 2.7556357196090175e-09}",We have to read all the donation messages. If we meet our goal for the shirts by the time we're done reading--
LAURA,02:58:38,02:58:40,Neutral,"{'Angry': 9.463632159167901e-05, 'Disgusted': 0.00010073455632664263, 'Fearful': 7.139267836464569e-05, 'Happy': 0.0023445580154657364, 'Neutral': 0.996891438961029, 'Other': 7.962677045725286e-06, 'Sad': 0.00035670067882165313, 'Surprised': 0.00012820702977478504, 'Unknown': 4.4717717173625715e-06}",20 shirts!
ZAC,02:58:40,02:58:43,Neutral,"{'Angry': 0.00015218128100968897, 'Disgusted': 5.65696282137651e-05, 'Fearful': 2.8578147976077162e-05, 'Happy': 0.042554162442684174, 'Neutral': 0.9568945169448853, 'Other': 8.334023732459173e-06, 'Sad': 0.00011501242988742888, 'Surprised': 0.00018065872427541763, 'Unknown': 1.0031365491158795e-05}",Then are you guys cool with doing the Q&A?
ALL,02:58:43,02:58:44,Neutral,"{'Angry': 0.013355891220271587, 'Disgusted': 0.005259635858237743, 'Fearful': 0.0004653151554521173, 'Happy': 0.012672731652855873, 'Neutral': 0.9641660451889038, 'Other': 1.4667344657937065e-05, 'Sad': 0.0019256883533671498, 'Surprised': 0.0021266452968120575, 'Unknown': 1.3299913007358555e-05}",Yeah!
LIAM,02:58:44,02:58:46,Neutral,"{'Angry': 0.00020238191063981503, 'Disgusted': 6.899554864503443e-05, 'Fearful': 3.4718457754934207e-05, 'Happy': 0.003499491373077035, 'Neutral': 0.9945284724235535, 'Other': 4.0617909689899534e-05, 'Sad': 0.00014152929361443967, 'Surprised': 0.0014779287157580256, 'Unknown': 5.860868895979365e-06}",If you sell those 20 shirts.
LAURA,02:58:46,02:58:47,Happy,"{'Angry': 0.0017972597852349281, 'Disgusted': 0.0002738267940003425, 'Fearful': 4.0623148379381746e-05, 'Happy': 0.6958976984024048, 'Neutral': 0.30059656500816345, 'Other': 1.534935290692374e-05, 'Sad': 0.0012108392547816038, 'Surprised': 0.0001612523483345285, 'Unknown': 6.568327989953104e-06}",That's it.
LIAM,02:58:47,02:58:49,Happy,"{'Angry': 0.0004509644932113588, 'Disgusted': 0.00022409865050576627, 'Fearful': 6.079332160879858e-05, 'Happy': 0.5400793552398682, 'Neutral': 0.4580528140068054, 'Other': 3.266207568231039e-05, 'Sad': 0.0006433716043829918, 'Surprised': 0.00037996211904101074, 'Unknown': 7.598252705065534e-05}","Come on, guys. 20 shirts."
ZAC,02:58:49,02:58:52,Neutral,"{'Angry': 2.5327731023594424e-09, 'Disgusted': 9.350220597781345e-10, 'Fearful': 3.092923139824677e-10, 'Happy': 2.3566125051388553e-08, 'Neutral': 1.0, 'Other': 3.100104895015221e-10, 'Sad': 1.3002341425760733e-08, 'Surprised': 2.463524106932624e-10, 'Unknown': 2.396998377562909e-09}",Go fuck it up.
LAURA,02:58:52,02:58:55,Neutral,"{'Angry': 4.706937964393809e-12, 'Disgusted': 1.4796035219515752e-13, 'Fearful': 3.660083236381277e-14, 'Happy': 1.7039735941692946e-11, 'Neutral': 1.0, 'Other': 7.714387295469378e-15, 'Sad': 1.2440931097812413e-11, 'Surprised': 1.0007265198799797e-12, 'Unknown': 4.8033317368067e-14}",I bought a hoodie.
ZAC,02:58:55,02:58:58,Neutral,"{'Angry': 3.0321757549245376e-07, 'Disgusted': 9.713456705640056e-08, 'Fearful': 2.6424052279594434e-08, 'Happy': 7.038097101030871e-05, 'Neutral': 0.9999281167984009, 'Other': 1.926374970651068e-08, 'Sad': 9.097253155232465e-07, 'Surprised': 6.449660361340648e-08, 'Unknown': 4.0045094351626176e-08}","All right, I'm just going to try to open this up here."
LAURA,02:58:58,02:59:00,Neutral,"{'Angry': 6.015043064327985e-12, 'Disgusted': 4.0053672726615697e-13, 'Fearful': 1.3751391518546097e-13, 'Happy': 1.6011289516448812e-11, 'Neutral': 1.0, 'Other': 2.3830519805742578e-14, 'Sad': 2.6361322846835122e-11, 'Surprised': 2.9012820791651794e-12, 'Unknown': 1.1749587034651926e-13}",We could all be hoodie Twinkies.
ORION,02:59:00,02:59:02,Neutral,"{'Angry': 1.3877793207939249e-05, 'Disgusted': 6.286809366429225e-05, 'Fearful': 9.452170161239337e-06, 'Happy': 8.801585499895737e-05, 'Neutral': 0.9993917942047119, 'Other': 0.00010560946248006076, 'Sad': 0.00015695385809522122, 'Surprised': 0.0001511014997959137, 'Unknown': 2.0259638404240832e-05}",We have Twinkies?
TALIESIN,02:59:02,02:59:04,Neutral,"{'Angry': 0.0003855746181216091, 'Disgusted': 0.0012462488375604153, 'Fearful': 0.002071650233119726, 'Happy': 0.0029292800463736057, 'Neutral': 0.9828051924705505, 'Other': 0.00020561115525197238, 'Sad': 0.007820443250238895, 'Surprised': 0.0003938688023481518, 'Unknown': 0.0021421893034130335}",There's no Twinkies. There's just cake.
SAM,02:59:04,02:59:06,Neutral,"{'Angry': 0.006743973586708307, 'Disgusted': 0.00237190630286932, 'Fearful': 0.0010448339162394404, 'Happy': 0.07172812521457672, 'Neutral': 0.4664885401725769, 'Other': 0.0004324504407122731, 'Sad': 0.0019275685772299767, 'Surprised': 0.44916027784347534, 'Unknown': 0.00010229714098386467}",That was the stoner-est thing you've ever said.
LIAM,02:59:06,02:59:13,Neutral,"{'Angry': 1.470185634389054e-05, 'Disgusted': 2.64680857071653e-05, 'Fearful': 5.268409950076602e-06, 'Happy': 0.33356010913848877, 'Neutral': 0.6660609841346741, 'Other': 7.213262506411411e-06, 'Sad': 0.0002317718171980232, 'Surprised': 2.9652674129465595e-06, 'Unknown': 9.054437396116555e-05}",I'll buy a hoodie if you guys buy 19. Deal? Here we go.
MATT,02:59:13,02:59:15,Neutral,"{'Angry': 6.1834867892685e-07, 'Disgusted': 2.8106904892410967e-07, 'Fearful': 2.6606613801050116e-07, 'Happy': 8.041991463869635e-07, 'Neutral': 0.9999959468841553, 'Other': 4.4037321345058444e-07, 'Sad': 4.1291821162303677e-07, 'Surprised': 1.0379416153227794e-06, 'Unknown': 7.728595363687418e-08}","What are you doing, man?"
ZAC,02:59:15,02:59:19,Neutral,"{'Angry': 6.771354175072117e-14, 'Disgusted': 2.659184975489044e-15, 'Fearful': 4.617922513872367e-16, 'Happy': 8.955526207762854e-14, 'Neutral': 1.0, 'Other': 6.285712916961547e-16, 'Sad': 2.3313512578782003e-13, 'Surprised': 4.067191665380575e-14, 'Unknown': 1.9085054141167093e-15}",I'm trying to load it into Google Docs so we can actually see the messages.
LAURA,02:59:19,02:59:21,Neutral,"{'Angry': 0.013003487139940262, 'Disgusted': 0.004996125120669603, 'Fearful': 0.015600352548062801, 'Happy': 0.01487722434103489, 'Neutral': 0.928524911403656, 'Other': 0.00017404794925823808, 'Sad': 0.004819209687411785, 'Surprised': 0.0178567823022604, 'Unknown': 0.00014793263108003885}",He's taking his time.
MATT,02:59:21,02:59:25,Neutral,"{'Angry': 0.00037780817365273833, 'Disgusted': 0.0001077025372069329, 'Fearful': 3.66000244866882e-06, 'Happy': 0.0007542161038145423, 'Neutral': 0.9986615180969238, 'Other': 1.6262109056697227e-05, 'Sad': 4.7471935431531165e-06, 'Surprised': 6.336102524073794e-05, 'Unknown': 1.062406136043137e-05}","Oh, that's much easier. In theory."
TALIESIN,02:59:25,02:59:27,Neutral,"{'Angry': 2.0074336859465802e-08, 'Disgusted': 1.1705074687284878e-09, 'Fearful': 4.0865613670781897e-10, 'Happy': 9.3753904195637e-08, 'Neutral': 0.9999998807907104, 'Other': 1.892508545708882e-11, 'Sad': 4.8998209933870385e-08, 'Surprised': 3.228689315903921e-09, 'Unknown': 5.528711169433542e-12}",I have not the slightest clue where my phone would be.
LAURA,02:59:27,02:59:28,Happy,"{'Angry': 5.762016371591017e-06, 'Disgusted': 4.7752782847965136e-05, 'Fearful': 2.4595472496002913e-05, 'Happy': 0.9977244734764099, 'Neutral': 0.0016293672379106283, 'Other': 5.695354047929868e-06, 'Sad': 9.257877536583692e-05, 'Surprised': 4.691109154464357e-07, 'Unknown': 0.0004693407681770623}","Oh no, really?"
TALIESIN,02:59:28,02:59:31,Neutral,"{'Angry': 2.9814742447342724e-05, 'Disgusted': 0.00030430618789978325, 'Fearful': 0.0006676357588730752, 'Happy': 0.004542551934719086, 'Neutral': 0.979924201965332, 'Other': 6.367822061292827e-05, 'Sad': 0.000318605249049142, 'Surprised': 1.2685525234701345e-06, 'Unknown': 0.014147956855595112}",It's probably out in the hallway.
LAURA,02:59:31,02:59:35,Neutral,"{'Angry': 2.5335580855490036e-11, 'Disgusted': 3.5475723920985747e-12, 'Fearful': 6.763355609069877e-13, 'Happy': 5.88773335641335e-11, 'Neutral': 1.0, 'Other': 3.174240655479804e-13, 'Sad': 6.318797568516388e-11, 'Surprised': 1.60858548703402e-11, 'Unknown': 7.883610756397041e-13}",Whoa! We're 14 shirts away!
MARISHA,02:59:35,02:59:37,Neutral,"{'Angry': 0.00035879836650565267, 'Disgusted': 0.0002372686140006408, 'Fearful': 8.554338273825124e-05, 'Happy': 0.0016262297285720706, 'Neutral': 0.996648371219635, 'Other': 8.33327358122915e-05, 'Sad': 0.0005107632023282349, 'Surprised': 0.0003310888132546097, 'Unknown': 0.0001186121953651309}",14!
ZAC,02:59:37,02:59:40,Neutral,"{'Angry': 1.6550890866162682e-11, 'Disgusted': 8.242136899198893e-13, 'Fearful': 2.0046356068170734e-13, 'Happy': 4.007572398934123e-11, 'Neutral': 1.0, 'Other': 3.6817323820735604e-14, 'Sad': 3.506899284855258e-11, 'Surprised': 4.429026156244076e-12, 'Unknown': 1.6500096102801953e-13}",Looks like they start right here.
MATT,02:59:40,02:59:43,Unknown,"{'Angry': 0.003136012703180313, 'Disgusted': 0.005820471793413162, 'Fearful': 0.0010706910397857428, 'Happy': 0.06368329375982285, 'Neutral': 0.10294122993946075, 'Other': 0.011946991086006165, 'Sad': 0.0008704173960722983, 'Surprised': 4.884530062554404e-05, 'Unknown': 0.8104820251464844}","All right. Guys, let's get some of these read off."
TALIESIN,02:59:43,02:59:44,Happy,"{'Angry': 0.24907425045967102, 'Disgusted': 0.030383624136447906, 'Fearful': 0.0003357874811626971, 'Happy': 0.5703740119934082, 'Neutral': 0.13355514407157898, 'Other': 0.002475844928994775, 'Sad': 0.0018977501895278692, 'Surprised': 0.00032724987249821424, 'Unknown': 0.011576334945857525}",Yay!
MATT,02:59:44,02:59:50,Neutral,"{'Angry': 4.55784288533323e-07, 'Disgusted': 3.58537846523177e-07, 'Fearful': 2.4190123681933073e-08, 'Happy': 0.0002987896732520312, 'Neutral': 0.9996984004974365, 'Other': 1.6461994789551682e-07, 'Sad': 1.1593383533181623e-06, 'Surprised': 4.471089027902053e-07, 'Unknown': 3.028826540685259e-07}",So. Kurt Cole donated $100 to 826. (all cheer)
MATT,02:59:50,02:59:53,Neutral,"{'Angry': 4.5487016819834025e-08, 'Disgusted': 4.653312757341155e-08, 'Fearful': 1.3110732943744097e-08, 'Happy': 5.534798219741788e-07, 'Neutral': 0.9999990463256836, 'Other': 3.533692094492835e-08, 'Sad': 1.5746171300179412e-07, 'Surprised': 1.5524634022767714e-08, 'Unknown': 1.7002062691062747e-07}","""#GrogCrush."" Thank you, Kurt."
MARISHA,02:59:53,02:59:54,Happy,"{'Angry': 4.714911794323484e-10, 'Disgusted': 4.698181399476198e-09, 'Fearful': 3.061426312456206e-08, 'Happy': 0.9999998807907104, 'Neutral': 8.753417546358833e-09, 'Other': 1.4671346360017878e-09, 'Sad': 3.248048585646757e-08, 'Surprised': 1.4416200455613648e-09, 'Unknown': 1.756078660264393e-08}",Grog crush!
MATT,02:59:54,03:00:02,Fearful,"{'Angry': 0.0003278425720054656, 'Disgusted': 0.006153245456516743, 'Fearful': 0.8914941549301147, 'Happy': 0.005515707656741142, 'Neutral': 0.0007842492195777595, 'Other': 0.00026338911266066134, 'Sad': 0.03166688606142998, 'Surprised': 0.06335929781198502, 'Unknown': 0.0004351687675807625}","Browncoat2511 also donated $100. ""Thanks for inspiring our friends to finally play D&D with us. I'm donating as a gift for my wife, Lauren."""
MARISHA,03:00:02,03:00:04,Neutral,"{'Angry': 0.0014162675943225622, 'Disgusted': 0.0009644441888667643, 'Fearful': 0.0002728568506427109, 'Happy': 0.0014067398151382804, 'Neutral': 0.9903647303581238, 'Other': 0.00021803622075822204, 'Sad': 0.0010123630054295063, 'Surprised': 1.731718293740414e-05, 'Unknown': 0.004327261354774237}",Aww. So sweet!
MATT,03:00:04,03:00:08,Happy,"{'Angry': 7.570547660984417e-11, 'Disgusted': 1.936081711617632e-10, 'Fearful': 4.848699913795329e-11, 'Happy': 1.0, 'Neutral': 9.233745434933383e-10, 'Other': 6.001786567733092e-11, 'Sad': 3.090859235221899e-10, 'Surprised': 1.5203320546941512e-10, 'Unknown': 1.0006817596774908e-10}","""For her 30th birthday. She's an avid reader, our D&D group's bard, and a big fan of the show."""
ALL,03:00:08,03:00:10,Neutral,"{'Angry': 0.0009810897754505277, 'Disgusted': 0.0022417549043893814, 'Fearful': 0.0007138989749364555, 'Happy': 0.0032703587785363197, 'Neutral': 0.9886588454246521, 'Other': 8.213138062274083e-05, 'Sad': 0.0035346781369298697, 'Surprised': 0.00029219972202554345, 'Unknown': 0.00022500575869344175}",Aww!
TALIESIN,03:00:10,03:00:11,Neutral,"{'Angry': 8.373336157774247e-08, 'Disgusted': 2.8818995190249552e-08, 'Fearful': 1.3504904927685857e-07, 'Happy': 8.846582204569131e-07, 'Neutral': 0.9999972581863403, 'Other': 2.1275708306234264e-08, 'Sad': 1.2089665233361302e-06, 'Surprised': 3.688711558424984e-07, 'Unknown': 1.2647971558976678e-08}",Happy birthday.
MARISHA,03:00:11,03:00:13,Happy,"{'Angry': 2.212518950273079e-07, 'Disgusted': 4.517801812653488e-07, 'Fearful': 4.555183252819006e-08, 'Happy': 0.9999943971633911, 'Neutral': 4.028151579404948e-06, 'Other': 3.092714351282666e-08, 'Sad': 6.860299208710785e-07, 'Surprised': 8.459273459493488e-08, 'Unknown': 2.3318420971918385e-08}",That's so sweet.
MATT,03:00:13,03:00:25,Happy,"{'Angry': 6.210483516344567e-11, 'Disgusted': 2.2519336395632195e-10, 'Fearful': 6.700088400757309e-11, 'Happy': 1.0, 'Neutral': 1.1504587282828993e-09, 'Other': 1.2440651286915738e-10, 'Sad': 5.102296918302329e-10, 'Surprised': 1.2245511549213717e-10, 'Unknown': 2.0822095436745514e-10}","All right. ZandorInvictus donated $75 to 826. ""#LessThanThree you guys. Excited that a week from today I get to play my first game in like 7 years. Hope to do as well as you guys."" That's awesome! Zandor, have fun."
TRAVIS,03:00:25,03:00:27,Neutral,"{'Angry': 0.009555996395647526, 'Disgusted': 0.0001147704606410116, 'Fearful': 2.6994221116183326e-05, 'Happy': 0.021498369053006172, 'Neutral': 0.9685099124908447, 'Other': 2.9767050364171155e-05, 'Sad': 0.0001721325534163043, 'Surprised': 8.542268915334716e-05, 'Unknown': 6.578540251211962e-06}",That's rad.
MATT,03:00:27,03:00:34,Neutral,"{'Angry': 2.450925080665911e-07, 'Disgusted': 1.9618351387862276e-08, 'Fearful': 2.9978657334339687e-09, 'Happy': 0.00014512067718897015, 'Neutral': 0.9998540878295898, 'Other': 4.736893099988038e-10, 'Sad': 4.849126185035857e-07, 'Surprised': 4.6232774053578396e-08, 'Unknown': 5.76647840588862e-10}","Zofer donated $25. ""Many thanks for all the time and effort you put into making Critical Role."" Well, thank you guys for watching it."
MATT,03:00:34,03:00:36,Neutral,"{'Angry': 0.00016357956337742507, 'Disgusted': 0.00019951906870119274, 'Fearful': 3.1782434234628454e-05, 'Happy': 0.053336936980485916, 'Neutral': 0.9450968503952026, 'Other': 8.068482566159219e-05, 'Sad': 0.00011063197598559782, 'Surprised': 1.1443366929597687e-05, 'Unknown': 0.0009685828117653728}",We're glad you guys like it.
ORION,03:00:36,03:00:37,Neutral,"{'Angry': 0.0003390387864783406, 'Disgusted': 5.969652920612134e-05, 'Fearful': 1.8773278497974388e-05, 'Happy': 6.230213330127299e-05, 'Neutral': 0.9994600415229797, 'Other': 1.5172959137998987e-06, 'Sad': 4.146023275097832e-05, 'Surprised': 1.6486788808833808e-05, 'Unknown': 6.837984187768598e-07}",Thank you!
MATT,03:00:37,03:00:47,Neutral,"{'Angry': 4.5753875355103446e-08, 'Disgusted': 1.9600943090836154e-09, 'Fearful': 4.6042106238708413e-10, 'Happy': 2.008422598009929e-05, 'Neutral': 0.9999797344207764, 'Other': 9.472880813099493e-11, 'Sad': 9.561114211464883e-08, 'Surprised': 3.819859983877905e-09, 'Unknown': 3.1040819220562454e-11}","TFdiggs donated 20 bucks. ""So nice. Had to pick up the shirt twice."" Aww. Good man. ""Always look forward to having all the loins girded and all the violence encouraged. Thank you for being awesome."""
SAM,03:00:47,03:00:55,Neutral,"{'Angry': 1.8348224330111407e-05, 'Disgusted': 9.422868970432319e-06, 'Fearful': 1.1776131714213989e-06, 'Happy': 0.002717452123761177, 'Neutral': 0.9971520900726318, 'Other': 1.6350624719052576e-05, 'Sad': 5.776177567895502e-05, 'Surprised': 2.1671107788279187e-06, 'Unknown': 2.5217217626050115e-05}","Yeah! That's us. We should do ""loins encouraged"" and ""violence girded,"" no?"
MATT,03:00:55,03:00:57,Neutral,"{'Angry': 0.0007478105835616589, 'Disgusted': 0.0006773556233383715, 'Fearful': 0.0002949814370367676, 'Happy': 0.004521058406680822, 'Neutral': 0.9930349588394165, 'Other': 7.933141750982031e-05, 'Sad': 0.00038493218016810715, 'Surprised': 0.00010525934339966625, 'Unknown': 0.00015424018783960491}",Sure.
SAM,03:00:57,03:01:00,Neutral,"{'Angry': 2.640721842583904e-11, 'Disgusted': 6.481521482720742e-12, 'Fearful': 1.8533492882749636e-12, 'Happy': 1.05881116374551e-10, 'Neutral': 1.0, 'Other': 8.751730893805099e-13, 'Sad': 1.4994704089499322e-10, 'Surprised': 2.4867354703195232e-11, 'Unknown': 1.0573529898860734e-12}",What?!
"LAURA, LIAM",03:01:00,03:01:05,Happy,"{'Angry': 3.3136288851709494e-11, 'Disgusted': 1.3395200226806736e-10, 'Fearful': 1.1831417789931464e-10, 'Happy': 1.0, 'Neutral': 5.07035968766445e-10, 'Other': 7.776390642533215e-11, 'Sad': 5.586967555260003e-10, 'Surprised': 8.421058989016572e-11, 'Unknown': 8.831036596435027e-11}",We did it! (all cheer)
MATT,03:01:05,03:01:07,Neutral,"{'Angry': 0.002633105032145977, 'Disgusted': 0.00284453178755939, 'Fearful': 0.003555290400981903, 'Happy': 0.03414268419146538, 'Neutral': 0.8336257338523865, 'Other': 6.276324711507186e-05, 'Sad': 0.118011474609375, 'Surprised': 0.005042115692049265, 'Unknown': 8.236047870013863e-05}",That's so awesome!
LIAM,03:01:07,03:01:10,Neutral,"{'Angry': 0.04337102174758911, 'Disgusted': 0.0019443887285888195, 'Fearful': 0.000246366485953331, 'Happy': 0.010587546974420547, 'Neutral': 0.9430904984474182, 'Other': 8.841160706651863e-06, 'Sad': 0.0005739522748626769, 'Surprised': 0.00013900180056225508, 'Unknown': 3.833698792732321e-05}",Yeah. (all laugh)
MATT,03:01:10,03:01:12,Happy,"{'Angry': 0.006193029694259167, 'Disgusted': 0.017921801656484604, 'Fearful': 0.0003210721770301461, 'Happy': 0.5044575333595276, 'Neutral': 0.46345674991607666, 'Other': 0.000674068636726588, 'Sad': 0.0005822161328978837, 'Surprised': 0.005646508187055588, 'Unknown': 0.0007470336859114468}",You guys are ridiculous.
LAURA,03:01:12,03:01:13,Neutral,"{'Angry': 4.427569365361705e-06, 'Disgusted': 8.436483085461077e-07, 'Fearful': 1.8782986899168463e-07, 'Happy': 0.0001498839701525867, 'Neutral': 0.9998338222503662, 'Other': 1.6484524678617163e-07, 'Sad': 1.0055113307316788e-05, 'Surprised': 4.446281991477008e-07, 'Unknown': 4.800331865340013e-08}",That's so awesome.
TALIESIN,03:01:13,03:01:14,Surprised,"{'Angry': 0.03748389706015587, 'Disgusted': 0.009588764980435371, 'Fearful': 0.00039252376882359385, 'Happy': 0.35767239332199097, 'Neutral': 0.005771935451775789, 'Other': 0.0011358658084645867, 'Sad': 0.0004786200006492436, 'Surprised': 0.5872281789779663, 'Unknown': 0.0002478793903719634}",Holy cow.
LAURA,03:01:14,03:01:17,Happy,"{'Angry': 2.2507226637991096e-10, 'Disgusted': 5.549265491566757e-10, 'Fearful': 1.784496994616802e-10, 'Happy': 1.0, 'Neutral': 2.4110384799769236e-09, 'Other': 1.2712594865682547e-10, 'Sad': 1.3716998648050094e-09, 'Surprised': 4.5344600296814974e-10, 'Unknown': 9.372427139942019e-11}",Oh my gosh. You guys are awesome.
MATT,03:01:17,03:01:19,Happy,"{'Angry': 0.2810644209384918, 'Disgusted': 0.007322171702980995, 'Fearful': 0.0031149275600910187, 'Happy': 0.5806788802146912, 'Neutral': 0.058329153805971146, 'Other': 0.008856034837663174, 'Sad': 0.0065734307281672955, 'Surprised': 0.0008448219741694629, 'Unknown': 0.05321621149778366}",Thank you guys so much.
LIAM,03:01:19,03:01:25,Neutral,"{'Angry': 1.2368482238400702e-08, 'Disgusted': 3.904875534033181e-09, 'Fearful': 3.6646879975066327e-10, 'Happy': 1.6708005432519712e-06, 'Neutral': 0.9999983310699463, 'Other': 2.266914878035209e-09, 'Sad': 2.492575923440654e-08, 'Surprised': 1.34564892562139e-09, 'Unknown': 3.6998415442468513e-09}",Thank you guys. A thousand years of Dungeons & Dragons.
MATT,03:01:25,03:01:31,Happy,"{'Angry': 0.0004043203662149608, 'Disgusted': 0.0005598911084234715, 'Fearful': 3.143672802252695e-05, 'Happy': 0.9753456115722656, 'Neutral': 0.020920129492878914, 'Other': 0.0006406151806004345, 'Sad': 7.614580681547523e-05, 'Surprised': 3.6869983887299895e-05, 'Unknown': 0.0019850602839142084}","It's the best audience ever. You guys are amazing. Speaking of which, I've got to put the cloak on."
ALL,03:01:31,03:01:32,Happy,"{'Angry': 0.009785976260900497, 'Disgusted': 0.05734993889927864, 'Fearful': 0.012408224865794182, 'Happy': 0.5745622515678406, 'Neutral': 0.05885211378335953, 'Other': 0.001906420337036252, 'Sad': 0.05857327580451965, 'Surprised': 0.22630120813846588, 'Unknown': 0.00026053114561364055}",Put the cloak on!
ORION,03:01:32,03:01:35,Happy,"{'Angry': 5.570323082793038e-06, 'Disgusted': 9.703148862172384e-06, 'Fearful': 3.0133996915537864e-05, 'Happy': 0.9999067783355713, 'Neutral': 5.307980245561339e-06, 'Other': 1.4403860859601991e-06, 'Sad': 2.7457683245302178e-05, 'Surprised': 1.3105805919622071e-05, 'Unknown': 5.897823598388641e-07}","It does get warm in here, just a little bit."
SAM,03:01:35,03:01:43,Neutral,"{'Angry': 0.0008995314128696918, 'Disgusted': 0.0004998378572054207, 'Fearful': 3.907997233909555e-05, 'Happy': 0.05569537356495857, 'Neutral': 0.9381766319274902, 'Other': 0.0005053320783190429, 'Sad': 0.00037262769183143973, 'Surprised': 8.836635970510542e-06, 'Unknown': 0.0038027348928153515}","Yeah why stop at 1,000? Let's go for 2,000. (all laugh)"
ZAC,03:01:43,03:01:49,Happy,"{'Angry': 0.001022584387101233, 'Disgusted': 0.0015429779887199402, 'Fearful': 0.0021438878029584885, 'Happy': 0.9638363718986511, 'Neutral': 0.020092105492949486, 'Other': 0.00017953709175344557, 'Sad': 0.0014369763666763902, 'Surprised': 0.008557968772947788, 'Unknown': 0.001187583664432168}","Even if we didn't make it, I feel like we had to do the Q&A because there's two $1,000 donations in here."
"SAM, MARISHA",03:01:49,03:01:51,Happy,"{'Angry': 0.015478971414268017, 'Disgusted': 0.0056828721426427364, 'Fearful': 0.03308351710438728, 'Happy': 0.9292109608650208, 'Neutral': 0.005005011800676584, 'Other': 0.0006896789418533444, 'Sad': 0.004364911932498217, 'Surprised': 0.006010993849486113, 'Unknown': 0.0004731846565846354}",Confirmed?!
MATT,03:01:51,03:01:53,Neutral,"{'Angry': 0.018325835466384888, 'Disgusted': 0.03259168937802315, 'Fearful': 0.1839771717786789, 'Happy': 0.2640931010246277, 'Neutral': 0.41305461525917053, 'Other': 0.002655608346685767, 'Sad': 0.03794566169381142, 'Surprised': 0.04364160820841789, 'Unknown': 0.0037146881222724915}",All right. Hold on.
ZAC,03:01:53,03:01:55,Neutral,"{'Angry': 0.015131428837776184, 'Disgusted': 0.05238689109683037, 'Fearful': 0.055721115320920944, 'Happy': 0.013809913769364357, 'Neutral': 0.7707188725471497, 'Other': 0.0018275562906637788, 'Sad': 0.013640670105814934, 'Surprised': 0.0019266215385869145, 'Unknown': 0.07483699917793274}","All right, we're working our way up. We're here."
MATT,03:01:55,03:02:10,Happy,"{'Angry': 1.6964643023698045e-08, 'Disgusted': 7.92627972145965e-08, 'Fearful': 1.589176257255076e-08, 'Happy': 0.9999992847442627, 'Neutral': 1.2298821161493834e-07, 'Other': 5.8624692655939725e-08, 'Sad': 2.6671472141970298e-08, 'Surprised': 4.734855174604036e-09, 'Unknown': 4.379556060030154e-07}","Okay. Burgtorp, 50 bucks. Awesome. ""I've been wanting to play my druid dwarf after watching your show, but no DM or other player will likely satisfy me after all you guys' and gals' in-game acting. Speaking of druids, is Keyleth half-elf or elf? The overlay shows elven. Love from Sweden."" You're half-elf. We've got to fix that."
MARISHA,03:02:10,03:02:12,Neutral,"{'Angry': 0.000355100492015481, 'Disgusted': 0.0009151522535830736, 'Fearful': 0.0002529253833927214, 'Happy': 0.012826267629861832, 'Neutral': 0.9788570404052734, 'Other': 0.0002562103036325425, 'Sad': 0.0008611329249106348, 'Surprised': 0.0003561552439350635, 'Unknown': 0.005320021882653236}",We still need to fix that. Yeah I'm half-elven.
MATT,03:02:12,03:02:15,Neutral,"{'Angry': 1.3770001805468723e-09, 'Disgusted': 2.589533310004555e-10, 'Fearful': 3.9521740047288034e-11, 'Happy': 2.763752338097447e-09, 'Neutral': 1.0, 'Other': 3.814458124362652e-11, 'Sad': 1.6464384300363122e-09, 'Surprised': 1.5807775921583556e-10, 'Unknown': 2.3789151204489656e-10}",We just need to fix that in the opening.
TALIESIN,03:02:15,03:02:17,Neutral,"{'Angry': 0.00026279466692358255, 'Disgusted': 0.0015637017786502838, 'Fearful': 0.0005776977050118148, 'Happy': 0.0034341567661613226, 'Neutral': 0.9816100597381592, 'Other': 0.00019435006834100932, 'Sad': 0.0025735883973538876, 'Surprised': 4.273965168977156e-05, 'Unknown': 0.009740876965224743}",On your mother's side or your father's side?
TALIESIN,03:02:17,03:02:19,Neutral,"{'Angry': 2.3947941372171044e-06, 'Disgusted': 2.0087634311494185e-07, 'Fearful': 4.1878882939272444e-07, 'Happy': 0.0003253489267081022, 'Neutral': 0.9996640682220459, 'Other': 2.9231332021595335e-08, 'Sad': 6.117111752246274e-06, 'Surprised': 1.4558415841747774e-06, 'Unknown': 1.5338860848146396e-08}",Hell elf.
MATT,03:02:19,03:02:25,Happy,"{'Angry': 5.707525563281024e-09, 'Disgusted': 3.0482738111459184e-08, 'Fearful': 7.18895742934933e-09, 'Happy': 0.9999994039535522, 'Neutral': 1.3715002467051818e-07, 'Other': 1.6727424778650857e-08, 'Sad': 1.6927829804558314e-08, 'Surprised': 1.8438381932384118e-09, 'Unknown': 3.6980890172344516e-07}","Gil Ramirez! 10 bucks. ""Hey guys, so glad to have met you at Ren Faire."" Oh, hey! What's up, Gil? (all cheer)"
MATT,03:02:25,03:02:29,Neutral,"{'Angry': 7.792875789114362e-10, 'Disgusted': 9.725319161102419e-11, 'Fearful': 2.1531330537949422e-11, 'Happy': 2.818961508666007e-09, 'Neutral': 1.0, 'Other': 5.670194782453342e-12, 'Sad': 5.153095727905566e-10, 'Surprised': 3.070745324684765e-10, 'Unknown': 6.822179540039164e-12}","Met him a few weeks back. ""Let me know if you guys want those brooches made."""
TALIESIN,03:02:29,03:02:32,Neutral,"{'Angry': 2.289900734309125e-11, 'Disgusted': 7.60710678476828e-12, 'Fearful': 1.9056199760530967e-12, 'Happy': 1.2727684184365984e-10, 'Neutral': 1.0, 'Other': 7.860937920566025e-13, 'Sad': 1.2842835128701324e-10, 'Surprised': 2.8328972848101763e-11, 'Unknown': 1.4656726353423633e-12}","Oh my god, yeah. Those was awesome."
MARISHA,03:02:32,03:02:35,Happy,"{'Angry': 6.387028406162898e-11, 'Disgusted': 3.6383188128930044e-10, 'Fearful': 3.954619132162662e-10, 'Happy': 1.0, 'Neutral': 3.6880370979375243e-10, 'Other': 3.5474950754732504e-10, 'Sad': 8.659291617085785e-10, 'Surprised': 4.1466985400973044e-10, 'Unknown': 1.7312803968216883e-10}",We'll totally take brooches.
MATT,03:02:35,03:02:42,Happy,"{'Angry': 4.8869340389501303e-05, 'Disgusted': 0.000166649668244645, 'Fearful': 8.028256161196623e-06, 'Happy': 0.9957544803619385, 'Neutral': 0.002271972130984068, 'Other': 0.00014330632984638214, 'Sad': 1.3247419701656327e-05, 'Surprised': 3.952119186578784e-06, 'Unknown': 0.0015895296819508076}","Kavemtg. ""First time watching live after obsessively consuming the videos for 2 weeks. Fuck time difference."" Yeah. (all laugh)"
MATT,03:02:42,03:02:53,Happy,"{'Angry': 0.00023586679890286177, 'Disgusted': 0.0012239812640473247, 'Fearful': 4.607421578839421e-05, 'Happy': 0.9935531616210938, 'Neutral': 0.0018391587072983384, 'Other': 0.0009420268470421433, 'Sad': 9.577532182447612e-05, 'Surprised': 0.0001716266997391358, 'Unknown': 0.0018922702874988317}","""I had to go for the holy trinity: tee, sub, and donation."" That's awesome. ""Much deserved. Thanks for everything, guys. K. P.S: Matt, we need DM tips column/video series."""
TALIESIN,03:02:53,03:02:55,Neutral,"{'Angry': 0.011001425795257092, 'Disgusted': 0.005240336526185274, 'Fearful': 0.0011742387432605028, 'Happy': 0.20854179561138153, 'Neutral': 0.7707764506340027, 'Other': 5.227942529018037e-05, 'Sad': 0.002881021471694112, 'Surprised': 0.00023830549616832286, 'Unknown': 9.421385766472667e-05}",That's a really good idea.
MATT,03:02:55,03:03:14,Neutral,"{'Angry': 0.0010077256010845304, 'Disgusted': 0.0014716950245201588, 'Fearful': 4.1482093365630135e-05, 'Happy': 0.27262476086616516, 'Neutral': 0.69185471534729, 'Other': 0.019735965877771378, 'Sad': 0.008818160742521286, 'Surprised': 0.0017897345824167132, 'Unknown': 0.0026557629462331533}","Not a bad idea. We talked about doing it for the channel going forward, so keep an eye on that. This is really warm. I'm putting the hood down. Electricidolon. 20 bucks. ""Back again this week. Got a shirt this time, too. Thank you for giving me something amazing to look forward to every week, guys. Need a Critical Role animated series. For serious."" I agree. That'd be cool."
TALIESIN,03:03:14,03:03:15,Neutral,"{'Angry': 1.220398871737416e-06, 'Disgusted': 2.0534453426535038e-07, 'Fearful': 2.3513587166235084e-07, 'Happy': 0.00038272293750196695, 'Neutral': 0.9995940327644348, 'Other': 7.561440185099855e-08, 'Sad': 1.752655407472048e-05, 'Surprised': 3.981177087553078e-06, 'Unknown': 8.415722341226228e-09}",Who would voice our characters is my question.
ZAC,03:03:15,03:03:17,Neutral,"{'Angry': 3.5954963095718995e-05, 'Disgusted': 8.577652624808252e-05, 'Fearful': 3.746390939340927e-05, 'Happy': 0.00011577086843317375, 'Neutral': 0.9985215067863464, 'Other': 1.4419098988582846e-05, 'Sad': 4.36702866863925e-05, 'Surprised': 0.001140234642662108, 'Unknown': 5.194198365643388e-06}",You call your people and we'll call our people.
MATT,03:03:17,03:03:19,Unknown,"{'Angry': 0.001720272353850305, 'Disgusted': 0.00543120177462697, 'Fearful': 0.0031651833560317755, 'Happy': 0.020117701962590218, 'Neutral': 0.013208826072514057, 'Other': 0.001301382901147008, 'Sad': 0.00032983144046738744, 'Surprised': 5.485590736498125e-05, 'Unknown': 0.954670786857605}",Exactly. Electricidolon.
ORION,03:03:19,03:03:21,Happy,"{'Angry': 0.00015871415962465107, 'Disgusted': 0.002288256771862507, 'Fearful': 0.0038494637701660395, 'Happy': 0.8502538800239563, 'Neutral': 0.05282378941774368, 'Other': 0.00016706116730347276, 'Sad': 0.08826059848070145, 'Surprised': 0.0006962369661778212, 'Unknown': 0.001502100145444274}",Nice!
LIAM,03:03:21,03:03:26,Happy,"{'Angry': 0.0071638100780546665, 'Disgusted': 0.06984327733516693, 'Fearful': 0.0014427549904212356, 'Happy': 0.7379009127616882, 'Neutral': 0.06984982639551163, 'Other': 0.06513474136590958, 'Sad': 0.0018135022837668657, 'Surprised': 0.018086664378643036, 'Unknown': 0.028764493763446808}","Can I interject for a second and thank Earl Davis, @Wheelyfactoids, for buying 8 shirts?"
ORION,03:03:26,03:03:27,Neutral,"{'Angry': 0.10553763806819916, 'Disgusted': 0.19667474925518036, 'Fearful': 0.24309520423412323, 'Happy': 0.05659908801317215, 'Neutral': 0.32702726125717163, 'Other': 0.00025376377743668854, 'Sad': 0.06574169546365738, 'Surprised': 0.004642257932573557, 'Unknown': 0.0004282735753804445}",Holy what?!
LIAM,03:03:27,03:03:28,Neutral,"{'Angry': 8.924478152039228e-07, 'Disgusted': 8.988004651655501e-08, 'Fearful': 4.761779948125877e-08, 'Happy': 1.072143732017139e-05, 'Neutral': 0.9999853372573853, 'Other': 6.6958958377938416e-09, 'Sad': 5.989537612549611e-07, 'Surprised': 2.2368942609318765e-06, 'Unknown': 1.8546193469859418e-09}","Thanks, dude."
MATT,03:03:28,03:03:31,Neutral,"{'Angry': 0.000117047420644667, 'Disgusted': 0.00019979941134806722, 'Fearful': 0.0002648166846483946, 'Happy': 0.02816479653120041, 'Neutral': 0.9679053425788879, 'Other': 6.39179052086547e-05, 'Sad': 0.00040196761256083846, 'Surprised': 9.904564649332315e-06, 'Unknown': 0.0028723618015646935}",That's awesome! You have Christmas on lock!
LIAM,03:03:31,03:03:34,Neutral,"{'Angry': 6.033985846443102e-05, 'Disgusted': 5.4441450629383326e-05, 'Fearful': 3.375160304130986e-05, 'Happy': 0.033053524792194366, 'Neutral': 0.9647830128669739, 'Other': 0.00022063427604734898, 'Sad': 0.0002977598924189806, 'Surprised': 2.694922386581311e-06, 'Unknown': 0.001493934658356011}",Give them out to seven people. Start playing Dungeons & Dragons with them.
ZAC,03:03:34,03:03:39,Neutral,"{'Angry': 5.431077170214849e-06, 'Disgusted': 9.768375548446784e-07, 'Fearful': 5.060618946117756e-07, 'Happy': 0.0015481426380574703, 'Neutral': 0.9984342455863953, 'Other': 1.132121042246581e-06, 'Sad': 8.213415640057065e-06, 'Surprised': 6.342554570437642e-07, 'Unknown': 8.174738468369469e-07}",I know that we have someone in the chat room-- I'm not sure off the top of my head-- someone bought the entire office shirts.
LAURA,03:03:39,03:03:40,Neutral,"{'Angry': 0.00014980703417677432, 'Disgusted': 0.0005583277088589966, 'Fearful': 0.00011818995699286461, 'Happy': 0.25195473432540894, 'Neutral': 0.7394680380821228, 'Other': 0.00010479972115717828, 'Sad': 0.007217005826532841, 'Surprised': 0.0004031580756418407, 'Unknown': 2.5982060833484866e-05}",Seriously?
ZAC,03:03:40,03:03:42,Neutral,"{'Angry': 0.01055289339274168, 'Disgusted': 0.03380768001079559, 'Fearful': 0.007095408160239458, 'Happy': 0.1019333079457283, 'Neutral': 0.516930103302002, 'Other': 0.002933793468400836, 'Sad': 0.0016634875210002065, 'Surprised': 0.002516095759347081, 'Unknown': 0.32256731390953064}","Yeah, they sent a message and asked for everyone's shirt sizes."
LAURA,03:03:42,03:03:43,Neutral,"{'Angry': 0.011467757634818554, 'Disgusted': 0.02443019486963749, 'Fearful': 0.0072705806232988834, 'Happy': 0.20916111767292023, 'Neutral': 0.7264720797538757, 'Other': 0.0008627558709122241, 'Sad': 0.005738063715398312, 'Surprised': 0.0051668607629835606, 'Unknown': 0.00943062361329794}",That's so cool!
MATT,03:03:43,03:03:51,Happy,"{'Angry': 1.9475836054994033e-08, 'Disgusted': 9.47256282302078e-08, 'Fearful': 1.4530912473276203e-08, 'Happy': 0.9999980926513672, 'Neutral': 8.557440764889179e-07, 'Other': 7.147838232413051e-08, 'Sad': 5.681182813077612e-08, 'Surprised': 4.502179518084404e-09, 'Unknown': 8.161332516465336e-07}","Why are you guys so awesome? Oh my god. Okay, NorSarah. Four bucks. Awesome."
ORION,03:03:51,03:03:52,Surprised,"{'Angry': 0.02083577960729599, 'Disgusted': 0.0011739216279238462, 'Fearful': 3.444965113885701e-05, 'Happy': 0.003723450005054474, 'Neutral': 0.05355053022503853, 'Other': 0.00043335676309652627, 'Sad': 0.00024988726363517344, 'Surprised': 0.919915497303009, 'Unknown': 8.312795398524031e-05}","Oh, cool!"
MATT,03:03:52,03:04:02,Neutral,"{'Angry': 2.759328099344316e-09, 'Disgusted': 1.153803386166885e-09, 'Fearful': 2.965303835811284e-10, 'Happy': 1.5699052724471585e-08, 'Neutral': 1.0, 'Other': 1.1923168008465268e-10, 'Sad': 5.467801322822652e-09, 'Surprised': 1.147611783380853e-09, 'Unknown': 1.641395769302889e-10}","""I would like to rage! Or donate, in this case. I love your show. It's my most favorite thing in the world. I'm joining my own D&D group because of it."" ""Thanks for sharing your adventures with us. Heart. And remember, Keyleth: fish are friends, not food."""
MARISHA,03:04:02,03:04:04,Neutral,"{'Angry': 0.004960574209690094, 'Disgusted': 0.0013139143120497465, 'Fearful': 0.00043603999074548483, 'Happy': 0.008954924531280994, 'Neutral': 0.9797133207321167, 'Other': 3.638307680375874e-05, 'Sad': 0.002518022432923317, 'Surprised': 0.0019803806208074093, 'Unknown': 8.640423766337335e-05}","Fish are friends, not food!"
MATT,03:04:04,03:04:17,Happy,"{'Angry': 9.881222229335407e-11, 'Disgusted': 5.511429090887532e-10, 'Fearful': 2.0590071314607883e-10, 'Happy': 1.0, 'Neutral': 2.2838315683060273e-09, 'Other': 2.63503774355911e-10, 'Sad': 1.326343701535393e-09, 'Surprised': 1.7561171961055777e-10, 'Unknown': 1.0156249174997356e-09}","G1bigdaddyheft. 25 bucks. ""TV shows can't come close to the epic power of Critical Role Thursdays. As always, thank you all for coming together and sharing your adventure with us and inspiring so many people to begin our own."" Thank you, guys. That's amazing."
MARISHA,03:04:17,03:04:19,Neutral,"{'Angry': 0.0014068296877667308, 'Disgusted': 0.0006889128126204014, 'Fearful': 6.588313408428803e-05, 'Happy': 0.0026813033036887646, 'Neutral': 0.9922199845314026, 'Other': 0.0002604923502076417, 'Sad': 0.00019178635557182133, 'Surprised': 1.590153442521114e-05, 'Unknown': 0.0024688877165317535}",Aww.
MATT,03:04:19,03:04:38,Happy,"{'Angry': 1.1055336472054478e-05, 'Disgusted': 1.4245823876990471e-05, 'Fearful': 8.921408152673393e-06, 'Happy': 0.9998249411582947, 'Neutral': 2.1831359845236875e-05, 'Other': 2.373454117332585e-05, 'Sad': 8.553243242204189e-05, 'Surprised': 3.2743528208811767e-06, 'Unknown': 6.505273177026538e-06}","Argh. Mahidal, who I've met on the Minecraft servers. Awesome. Donated five bucks. ""Oh man, the Critical Role crew, you remember that time we all went to Ancient Rome and they had pizza and lasers? And then we found out the Doctor was there and someone had messed with the timeline? That was a good day, and we all escaped!"" (all laugh)"
MATT,03:04:38,03:04:42,Sad,"{'Angry': 0.1409987509250641, 'Disgusted': 0.031050793826580048, 'Fearful': 0.017468098551034927, 'Happy': 0.029381604865193367, 'Neutral': 0.23882117867469788, 'Other': 0.00012980826431885362, 'Sad': 0.5378184914588928, 'Surprised': 0.004185615107417107, 'Unknown': 0.0001456764730392024}","AmantarayX. 20 bucks. ""Watching Critical Role is the best way to spend my 21st birthday. Less than three, all of you."" Happy birthday!"
ALL,03:04:42,03:04:44,Neutral,"{'Angry': 0.005942252464592457, 'Disgusted': 0.002493605250492692, 'Fearful': 0.0001859350741142407, 'Happy': 0.00312605663202703, 'Neutral': 0.9793363213539124, 'Other': 0.0004034735611639917, 'Sad': 0.00798026006668806, 'Surprised': 0.0004989122971892357, 'Unknown': 3.324149292893708e-05}",Happy birthday!
MATT,03:04:44,03:04:48,Angry,"{'Angry': 0.6422702074050903, 'Disgusted': 0.004959159065037966, 'Fearful': 0.022541634738445282, 'Happy': 0.02635694295167923, 'Neutral': 0.02572554722428322, 'Other': 0.1150021031498909, 'Sad': 0.15306802093982697, 'Surprised': 0.00952368788421154, 'Unknown': 0.0005527402390725911}",You did.
"TRAVIS, ASHLEY",03:04:48,03:04:52,Surprised,"{'Angry': 0.04635528847575188, 'Disgusted': 0.02801513858139515, 'Fearful': 0.29367485642433167, 'Happy': 0.09845241904258728, 'Neutral': 0.021828478202223778, 'Other': 0.0005364103126339614, 'Sad': 0.16060180962085724, 'Surprised': 0.34894686937332153, 'Unknown': 0.0015887221088632941}",Birthday huzzah!
MATT,03:04:52,03:05:05,Fearful,"{'Angry': 0.00024414187646470964, 'Disgusted': 0.00027388837770558894, 'Fearful': 0.9224717020988464, 'Happy': 0.0014215316623449326, 'Neutral': 6.0139765992062166e-05, 'Other': 6.18589692749083e-05, 'Sad': 0.0007290339563041925, 'Surprised': 0.07471885532140732, 'Unknown': 1.8843444195226766e-05}","All right, theinfragable donated 50 bucks. ""Long time watcher, first time subber and donator. This show is awesome. You guys are awesome. Literacy and imagination is awesome, and I'll keep doing song parodies for all the characters. Here's $5 per episode."" You've been doing all the song parodies? Those are awesome!"
TALIESIN,03:05:05,03:05:07,Surprised,"{'Angry': 0.01021213736385107, 'Disgusted': 0.24995747208595276, 'Fearful': 0.08479773998260498, 'Happy': 0.06500954926013947, 'Neutral': 0.003085721516981721, 'Other': 0.0007978538051247597, 'Sad': 0.14170943200588226, 'Surprised': 0.4442284405231476, 'Unknown': 0.00020162573491688818}","Yeah, they're so awesome!"
SAM,03:05:07,03:05:09,Happy,"{'Angry': 0.08649174124002457, 'Disgusted': 0.14115767180919647, 'Fearful': 0.004862889647483826, 'Happy': 0.4107604920864105, 'Neutral': 0.2629687488079071, 'Other': 0.0035659759305417538, 'Sad': 0.0608278326690197, 'Surprised': 0.028683900833129883, 'Unknown': 0.0006807997706346214}",Those are great! Love the song parodies!
MATT,03:05:09,03:05:10,Angry,"{'Angry': 0.4664345979690552, 'Disgusted': 0.03206143155694008, 'Fearful': 0.016343113034963608, 'Happy': 0.23514334857463837, 'Neutral': 0.11028552055358887, 'Other': 0.0010715345852077007, 'Sad': 0.0823620855808258, 'Surprised': 0.056091513484716415, 'Unknown': 0.00020691445388365537}",Keep them coming. Those are awesome.
ORION,03:05:10,03:05:12,Happy,"{'Angry': 0.062173061072826385, 'Disgusted': 0.034664347767829895, 'Fearful': 0.012451617047190666, 'Happy': 0.5758431553840637, 'Neutral': 0.16837386786937714, 'Other': 0.0002970709465444088, 'Sad': 0.02053096890449524, 'Surprised': 0.12537740170955658, 'Unknown': 0.0002884893910959363}","Oh, dude! Yeah, those are hilarious."
ZAC,03:05:12,03:05:16,Surprised,"{'Angry': 0.004675739910453558, 'Disgusted': 0.0039046937599778175, 'Fearful': 0.004605511203408241, 'Happy': 0.10805700719356537, 'Neutral': 0.006167923100292683, 'Other': 0.0006870930083096027, 'Sad': 0.008371480740606785, 'Surprised': 0.8628666400909424, 'Unknown': 0.0006639222265221179}","So wait, there are song parodies? Can we get those?"
MATT,03:05:16,03:05:20,Happy,"{'Angry': 4.047214190450177e-07, 'Disgusted': 5.916097052249825e-07, 'Fearful': 5.486617737915367e-07, 'Happy': 0.9999972581863403, 'Neutral': 3.3029940027518023e-07, 'Other': 5.2601066613533476e-08, 'Sad': 2.506861562778795e-07, 'Surprised': 4.186017292795441e-07, 'Unknown': 1.728966623204542e-07}",We had the link sent to us. He did song parodies for Grog and Scanlan.
ZAC,03:05:20,03:05:22,Neutral,"{'Angry': 0.04122362658381462, 'Disgusted': 0.07607019692659378, 'Fearful': 0.030514035373926163, 'Happy': 0.11170344799757004, 'Neutral': 0.5920043587684631, 'Other': 0.00014154106611385942, 'Sad': 0.1019662469625473, 'Surprised': 0.04620467871427536, 'Unknown': 0.00017182028386741877}",Send us the link so we'll play them next time.
TRAVIS,03:05:22,03:05:25,Neutral,"{'Angry': 0.00016156850324478, 'Disgusted': 3.626235411502421e-05, 'Fearful': 1.873008113761898e-05, 'Happy': 0.001998350489884615, 'Neutral': 0.9976081848144531, 'Other': 3.729947638930753e-05, 'Sad': 8.041457476792857e-05, 'Surprised': 2.2510052076540887e-05, 'Unknown': 3.6735313187818974e-05}",It's amazing. I may or may not... have sung that at home.
LIAM,03:05:25,03:05:26,Surprised,"{'Angry': 0.01714257150888443, 'Disgusted': 0.01749829202890396, 'Fearful': 0.0003518219164106995, 'Happy': 0.03407139703631401, 'Neutral': 0.06067388877272606, 'Other': 0.0012535597197711468, 'Sad': 0.0007774523110128939, 'Surprised': 0.8680129051208496, 'Unknown': 0.00021806714357808232}","On a side ""night""--"
SAM,03:05:26,03:05:27,Angry,"{'Angry': 0.5156909823417664, 'Disgusted': 0.05871399864554405, 'Fearful': 0.005008528474718332, 'Happy': 0.2157461941242218, 'Neutral': 0.15395158529281616, 'Other': 0.0032595281954854727, 'Sad': 0.01202413160353899, 'Surprised': 0.03477407246828079, 'Unknown': 0.0008309661061502993}","On a ""side night!"""
LIAM,03:05:27,03:05:35,Happy,"{'Angry': 4.6466759329177876e-08, 'Disgusted': 7.965830661760265e-08, 'Fearful': 1.3469968962454004e-06, 'Happy': 0.9999966621398926, 'Neutral': 3.088671363116191e-08, 'Other': 1.6432723271009309e-07, 'Sad': 6.450547971326159e-07, 'Surprised': 8.95940615919244e-07, 'Unknown': 3.1817425139024635e-08}","On a side night, we'll play another game... On a side note, we love fan art. We love it. We're going to try to find a way to showcase it on the show, perhaps."
MARISHA,03:05:35,03:05:41,Happy,"{'Angry': 1.738141719442865e-08, 'Disgusted': 8.603675638596542e-08, 'Fearful': 1.807291738487038e-08, 'Happy': 0.9999985694885254, 'Neutral': 3.531269499035261e-07, 'Other': 5.8071211839205716e-08, 'Sad': 3.787598146232085e-08, 'Surprised': 9.351548868608006e-09, 'Unknown': 8.725876341486583e-07}","If you go to our website, it filters through, but as long as you hashtag Critical Role--"
MARISHA,03:05:41,03:05:42,Neutral,"{'Angry': 0.00010636546358000487, 'Disgusted': 0.00012649076234083623, 'Fearful': 0.00014961358101572841, 'Happy': 0.003529768204316497, 'Neutral': 0.9949548840522766, 'Other': 0.00010767664207378402, 'Sad': 0.00044887716649100184, 'Surprised': 3.468501745373942e-05, 'Unknown': 0.0005416335770860314}",We'll be able to find it.
LIAM,03:05:42,03:05:44,Angry,"{'Angry': 0.6230672001838684, 'Disgusted': 0.02226741425693035, 'Fearful': 0.0019511082209646702, 'Happy': 0.012946431525051594, 'Neutral': 0.02131139487028122, 'Other': 0.2705240845680237, 'Sad': 0.0076957750134170055, 'Surprised': 0.008504659868776798, 'Unknown': 0.03173190727829933}","We'll see it, and we're looking for a way to add it."
LAURA,03:05:44,03:05:46,Neutral,"{'Angry': 7.906576797722664e-07, 'Disgusted': 1.4360219324771606e-07, 'Fearful': 5.482136700152296e-08, 'Happy': 2.886112724809209e-06, 'Neutral': 0.9999933242797852, 'Other': 1.0336784725950565e-06, 'Sad': 6.843355322416755e-07, 'Surprised': 1.2560558815266631e-08, 'Unknown': 1.153077960225346e-06}",All of us are kind of obsessed about checking out the hashtag.
MARISHA,03:05:46,03:05:48,Neutral,"{'Angry': 0.0004128130676690489, 'Disgusted': 5.3854892030358315e-05, 'Fearful': 9.506750757282134e-06, 'Happy': 0.00499685388058424, 'Neutral': 0.994330883026123, 'Other': 2.216683697042754e-06, 'Sad': 2.6800873456522822e-05, 'Surprised': 0.0001663977891439572, 'Unknown': 7.301890718736104e-07}",Yeah.
MATT,03:05:48,03:06:03,Happy,"{'Angry': 0.0001590614701854065, 'Disgusted': 5.829109068145044e-05, 'Fearful': 2.112291258526966e-05, 'Happy': 0.5680394768714905, 'Neutral': 0.4308156669139862, 'Other': 6.451930858020205e-06, 'Sad': 0.0008519047405570745, 'Surprised': 4.011912096757442e-05, 'Unknown': 7.911745342426002e-06}","We go home after each game and we're up till 3am going like, ""(gasp) favorite, favorite, favorite..."" It's bad. It's a problem. All right, we have Killer88D, donating ten bucks. That's awesome, thank you so much. Joe Curr, 20 bucks. ""I now look forward to Thursdays more than I do Fridays."""
